1782332100000,60683.38,60834.99,60590.02,60776.84,12062151.71812325
1782333000000,60776.84,60925.88,60678.03,60885.0,5333821.26608481
1782333900000,60885.0,61211.67,60872.14,60961.91,12441532.72262763
1782334800000,60961.91,61028.53,60671.12,60727.8,5885818.23016396
1782335700000,60727.8,60906.93,60691.73,60855.93,1453258.45375339
1782336600000,60855.93,61136.62,60799.01,61091.18,2508766.8862485
1782337500000,61091.18,61141.16,61006.01,61110.0,2401074.40076878
1782338400000,61110.0,61269.13,61002.01,61002.44,5221081.0394996
1782339300000,61002.44,61016.89,60881.63,60886.62,2666584.59300707
1782340200000,60886.62,60954.42,60808.53,60925.21,3626528.15572229
1782341100000,60925.21,60925.21,60818.82,60875.1,1745794.84793434
1782342000000,60875.1,60962.09,60830.49,60888.6,1522934.00923698
1782342900000,60888.6,61032.27,60842.06,60984.3,1377531.99520123
1782343800000,60984.3,61065.62,60955.82,61027.45,2030126.00342725
1782344700000,61027.45,61110.91,60941.44,61079.45,3313376.45920347
1782345600000,61079.45,61165.33,61032.05,61097.3,3134910.10088362
1782346500000,61097.3,61107.08,60920.0,60921.32,3199217.27073726
1782347400000,60921.32,60988.52,60839.01,60840.05,3561496.9585117
1782348300000,60840.05,60919.11,60723.82,60820.38,5612953.9126487
1782349200000,60820.38,60880.99,60732.91,60775.0,3213222.98942009
1782350100000,60775.0,60936.51,60716.68,60857.78,3823788.39897974
1782351000000,60857.78,60903.2,60809.01,60824.28,1564748.00935635
1782351900000,60824.28,60989.99,60800.2,60917.01,2673898.81968991
1782352800000,60917.01,60968.25,60723.15,60780.85,1804963.2222693
1782353700000,60780.85,60942.37,60748.91,60933.0,1449897.61049252
1782354600000,60933.0,60938.14,60754.01,60758.18,1863828.70628042
1782355500000,60758.18,60821.2,60695.0,60792.51,2639267.28272183
1782356400000,60792.51,60872.72,60718.05,60755.1,2869176.40496704
1782357300000,60755.1,60838.04,60682.54,60793.86,1613586.55205011
1782358200000,60793.86,60845.98,60742.01,60749.81,1266155.41248541
1782359100000,60749.81,60903.8,60746.22,60881.38,1567725.15835015
1782360000000,60881.38,60904.99,60818.44,60823.29,1824295.21171481
1782360900000,60823.29,60916.15,60789.0,60894.7,1052479.36473619
1782361800000,60894.7,60975.02,60810.0,60975.02,1655118.52311578
1782362700000,60975.02,61409.28,60970.37,61353.46,6657920.35111171
1782363600000,61353.46,61752.02,61275.68,61643.37,11217074.89948387
1782364500000,61643.37,61818.18,61478.01,61610.51,9404443.56719576
1782365400000,61610.51,61662.44,61525.22,61527.82,1567388.17904999
1782366300000,61527.82,61681.2,61513.02,61597.28,2355236.0915282
1782367200000,61597.28,61766.82,61597.28,61717.7,1413680.21971829
1782368100000,61717.7,61799.4,61642.93,61672.19,2192264.02237913
1782369000000,61672.19,61763.25,61653.91,61761.4,2520419.06507258
1782369900000,61761.4,61856.8,61715.0,61720.84,2718196.4107832
1782370800000,61720.84,61829.99,61665.01,61756.74,4059005.2558166
1782371700000,61756.74,61895.0,61756.22,61806.09,4388288.45158556
1782372600000,61806.09,61962.5,61803.01,61913.8,3323571.37939886
1782373500000,61913.8,61943.64,61808.3,61915.24,3815871.61560697
1782374400000,61915.24,61923.61,61755.0,61797.77,2731647.41415751
1782375300000,61797.77,61797.77,61705.0,61779.66,1624955.04388614
1782376200000,61779.66,61779.67,61715.0,61757.69,1500420.34439392
1782377100000,61757.69,61797.73,61680.99,61710.0,1018891.07409187
1782378000000,61710.0,61789.99,61672.95,61741.86,852774.03276441
1782378900000,61741.86,61768.51,61610.0,61692.41,1448084.26386631
1782379800000,61692.41,61769.99,61680.27,61750.0,1196341.42205004
1782380700000,61750.0,61784.99,61697.7,61731.89,1934689.92188179
1782381600000,61731.89,61749.5,61650.0,61678.6,546896.01086453
1782382500000,61678.6,61745.03,61567.48,61576.3,2360674.71923771
1782383400000,61576.3,61588.57,61387.78,61390.01,6308005.25387415
1782384300000,61390.01,61399.0,61260.0,61269.15,3408396.027938
1782385200000,61269.15,61365.33,61063.65,61359.54,5037844.57448065
1782386100000,61359.54,61423.99,61240.0,61240.01,7091410.45257172
1782387000000,61240.01,61390.0,61236.0,61322.47,3064616.57774242
1782387900000,61322.47,61323.6,61150.0,61282.95,3726867.25896201
1782388800000,61282.95,61371.22,61140.0,61222.51,4562298.35331049
1782389700000,61222.51,61268.73,61076.06,61103.66,3439785.9384557
1782390600000,61103.66,61764.11,61103.66,61380.15,23424156.17550887
1782391500000,61380.15,61410.3,61146.27,61240.01,5297238.9940194
1782392400000,61240.01,61365.0,61168.22,61325.0,7366586.54567232
1782393300000,61325.0,61363.22,61189.0,61238.12,5366865.60924404
1782394200000,61238.12,61345.0,60075.02,60076.76,21788252.68075286
1782395100000,60076.76,60255.0,58100.0,58295.08,49108504.56630193
1782396000000,58295.08,59749.99,58292.47,59258.45,24137552.43026748
1782396900000,59258.45,59566.17,58787.05,59327.88,21000906.20227966
1782397800000,59327.88,60491.8,59182.66,59487.55,43730532.2382722
1782398700000,59487.55,59796.56,59347.3,59474.99,9235578.85179558
1782399600000,59474.99,59484.99,59045.0,59060.01,12082513.64679483
1782400500000,59060.01,59390.83,58873.25,59265.0,8142581.27451531
1782401400000,59265.0,59555.56,59074.07,59200.0,5701522.0011561
1782402300000,59200.0,59657.96,59174.36,59560.32,5772892.29102383
1782403200000,59560.32,60075.68,59469.06,59760.01,7564613.6807109
1782404100000,59760.01,59842.91,59679.41,59745.11,2757200.43482043
1782405000000,59745.11,59745.11,59241.2,59268.55,5259617.57808006
1782405900000,59268.55,59391.28,59155.47,59311.45,3326760.21041392
1782406800000,59311.45,59465.0,59137.01,59401.83,3070902.6162764
1782407700000,59401.83,59605.0,59340.77,59556.2,5528349.67982505
1782408600000,59556.2,59736.84,59496.51,59538.0,2759913.25013589
1782409500000,59538.0,59686.7,59445.0,59678.98,3020674.25753274
1782410400000,59678.98,59791.22,59395.41,59395.41,4429551.21626124
1782411300000,59395.41,59751.67,59395.41,59718.23,4390369.13987349
1782412200000,59718.23,59718.24,59380.0,59426.79,2283565.97946489
1782413100000,59426.79,59599.99,59360.0,59515.0,2346900.45531615
1782414000000,59515.0,59521.77,59224.16,59242.44,3790931.01031558
1782414900000,59242.44,59364.94,59169.47,59350.11,3802465.69499954
1782415800000,59350.11,59437.05,59286.43,59304.33,1951096.1015961
1782416700000,59304.33,59369.03,59183.0,59325.88,2779653.92717796
1782417600000,59325.88,59741.28,59324.01,59578.52,4989313.88655775
1782418500000,59578.52,59734.75,59546.01,59622.06,1789893.78421254
1782419400000,59622.06,59657.54,59411.01,59519.07,1473999.36788987
1782420300000,59519.07,59522.35,59340.0,59457.94,1286257.03264628
1782421200000,59457.94,59664.62,59450.7,59620.09,2322292.87370613
1782422100000,59620.09,59708.32,59552.75,59708.32,978188.65964008
1782423000000,59708.32,60009.13,59695.03,59953.06,2249707.80404578
1782423900000,59953.06,60263.16,59894.01,60213.64,3210949.05319809
1782424800000,60213.64,60213.64,59880.97,59887.01,5444940.58758611
1782425700000,59887.01,60013.05,59789.0,59792.89,2305098.88776585
1782426600000,59792.89,59877.07,59739.81,59796.14,2014729.39200728
1782427500000,59796.14,59922.13,59734.29,59844.37,2218728.52687329
1782428400000,59844.37,59964.54,59794.38,59949.34,2575135.73674165
1782429300000,59949.34,60171.07,59926.01,60098.06,1819663.6905204
1782430200000,60098.06,60193.66,59958.01,59983.14,2259002.88229109
1782431100000,59983.14,59983.14,59740.0,59796.82,909267.06720388
1782432000000,59796.82,59910.0,59766.0,59886.35,1978819.41045523
1782432900000,59886.35,59886.36,59700.64,59770.26,2586828.20802311
1782433800000,59770.26,59874.95,59702.75,59785.71,1717561.71610156
1782434700000,59785.71,59818.64,59635.0,59663.13,2520065.56523328
1782435600000,59663.13,59785.05,59444.62,59592.61,2538034.46134332
1782436500000,59592.61,59665.98,59294.45,59298.72,1662799.91413933
1782437400000,59298.72,59382.87,59227.0,59310.87,2589988.70029945
1782438300000,59310.87,59441.58,59275.29,59435.0,1084053.6171227
1782439200000,59435.0,59458.75,58640.0,58680.96,6481876.77858977
1782440100000,58680.96,58898.82,58357.15,58887.19,9807967.18480536
1782441000000,58887.19,59018.35,58689.01,58819.42,5669751.54158848
1782441900000,58819.42,58832.86,58435.71,58569.01,5588633.7136238
1782442800000,58569.01,58973.64,58334.36,58896.46,7325159.89249516
1782443700000,58896.46,59194.14,58803.26,59097.35,6107718.22615015
1782444600000,59097.35,59540.0,59009.01,59492.13,6146347.65626169
1782445500000,59492.13,60131.37,59480.01,60039.0,13345702.61746537
1782446400000,60039.0,60096.72,59838.01,59914.33,6599627.52129824
1782447300000,59914.33,60241.15,59890.8,59992.66,5514583.12090271
1782448200000,59992.66,60028.71,59891.25,59974.88,2526936.20339294
1782449100000,59974.88,59988.81,59834.83,59923.62,5216663.03229342
1782450000000,59923.62,59979.99,59839.64,59978.08,2659925.44135541
1782450900000,59978.08,60045.67,59734.06,59961.01,6339887.20942537
1782451800000,59961.01,60054.99,59851.01,59884.88,3031522.74669081
1782452700000,59884.88,59972.68,59788.0,59946.48,3763617.35301222
1782453600000,59946.48,59946.48,59700.94,59715.98,5702099.25116705
1782454500000,59715.98,60094.34,59712.02,60044.72,6271894.7421909
1782455400000,60044.72,60416.14,59953.54,60390.62,9588475.40762708
1782456300000,60390.62,60459.99,60235.2,60329.99,8080217.93273371
1782457200000,60329.99,60546.95,60280.01,60512.96,6490958.57316211
1782458100000,60512.96,60730.0,60470.01,60589.08,6708821.57715801
1782459000000,60589.08,60762.91,60559.17,60587.08,5927768.83453714
1782459900000,60587.08,60636.35,60497.97,60523.97,4394104.57325566
1782460800000,60523.97,60573.69,60230.01,60271.72,6451107.08040519
1782461700000,60271.72,60376.81,60185.72,60317.12,6755927.58149694
1782462600000,60317.12,60351.69,60153.0,60218.34,5395724.09327709
1782463500000,60218.34,60283.38,60152.18,60249.41,3874011.32333493
1782464400000,60249.41,60260.0,60080.01,60174.58,4491168.87136858
1782465300000,60174.58,60179.4,60085.01,60130.53,4786229.28798427
1782466200000,60130.53,60136.96,59958.13,60009.32,3313789.50393687
1782467100000,60009.32,60033.59,59584.62,59738.99,7018854.88535239
1782468000000,59738.99,59838.47,59654.28,59750.59,6155366.17250071
1782468900000,59750.59,59864.99,59726.89,59729.97,2591058.4138187
1782469800000,59729.97,59815.62,59462.5,59558.47,2031611.60572565
1782470700000,59558.47,59572.73,59242.08,59319.12,3825500.81178969
1782471600000,59319.12,59599.75,59265.0,59489.78,4395405.62043451
1782472500000,59489.78,59505.98,59369.01,59424.36,2322594.18610123
1782473400000,59424.36,59537.21,59393.01,59452.68,3028803.59274299
1782474300000,59452.68,59457.42,59291.46,59418.75,3270817.41024218
1782475200000,59418.75,59525.0,59342.01,59461.11,4878040.02872861
1782476100000,59461.11,59731.9,59457.95,59731.9,3972120.8989191
1782477000000,59731.9,60011.76,58968.06,59146.41,12352329.68855565
1782477900000,59146.41,59601.09,59065.01,59187.66,15534114.62923414
1782478800000,59187.66,59285.0,58945.71,59094.8,9875466.83773505
1782479700000,59094.8,59171.84,58500.0,58908.72,23758731.39178793
1782480600000,58908.72,59513.51,58838.62,59481.0,13454777.55042524
1782481500000,59481.0,60209.97,59325.01,60175.0,8150026.27294819
1782482400000,60175.0,60296.49,59816.01,59990.37,5382711.17614137
1782483300000,59990.37,60249.75,59816.41,60058.99,5738634.73778461
1782484200000,60058.99,60075.38,59552.6,59600.0,5179003.67448872
1782485100000,59600.0,59911.44,59384.77,59589.01,4879303.66411608
1782486000000,59589.01,60110.0,59579.52,59830.0,3971303.3509916
1782486900000,59830.0,60374.7,59782.39,60184.99,4249705.60076163
1782487800000,60184.99,60501.51,60132.01,60422.2,6228975.65797869
1782488700000,60422.2,60439.1,60138.01,60320.99,7780640.34784731
1782489600000,60320.99,60594.99,60143.01,60175.16,3745688.50396397
1782490500000,60175.16,60277.6,59967.01,60043.81,4786676.93705188
1782491400000,60043.81,60384.61,60041.68,60063.0,4430831.61093966
1782492300000,60063.0,60182.32,60010.01,60040.0,1978792.2929843
1782493200000,60040.0,60288.14,60007.52,60214.99,2061838.92182736
1782494100000,60214.99,60250.0,60037.47,60178.24,2675498.53033378
1782495000000,60178.24,60218.19,59948.83,60062.01,1717810.84839063
1782495900000,60062.01,60109.99,59954.51,60022.79,2883929.08254849
1782496800000,60022.79,60156.65,60016.01,60084.03,1250533.62162927
1782497700000,60084.03,60110.15,59803.99,59829.64,1904939.47955646
1782498600000,59829.64,59882.6,59744.0,59775.0,1498191.11314997
1782499500000,59775.0,59775.01,59549.66,59665.09,2685848.01507532
1782500400000,59665.09,60096.64,59614.54,60024.99,3601249.10441257
1782501300000,60024.99,60024.99,59880.0,59932.2,1590960.60479189
1782502200000,59932.2,60092.57,59882.0,59882.53,1712170.63384602
1782503100000,59882.53,59934.99,59722.35,59751.5,3424127.38087346
1782504000000,59751.5,59997.19,59681.24,59723.81,5617935.14806189
1782504900000,59723.81,59812.37,59701.01,59777.54,1358941.6651992
1782505800000,59777.54,59781.79,59567.51,59650.39,3604427.04801173
1782506700000,59650.39,59799.99,59640.0,59718.04,1273205.74713688
1782507600000,59718.04,59768.7,59675.01,59760.83,956501.05658334
1782508500000,59760.83,59883.01,59684.94,59874.12,778197.99000801
1782509400000,59874.12,60050.99,59860.01,60023.2,1385151.44130963
1782510300000,60023.2,60048.36,59915.0,59915.0,1563595.89845844
1782511200000,59915.0,59947.71,59748.17,59908.57,1020805.85263006
1782512100000,59908.57,59975.0,59887.0,59887.0,1217735.74482633
1782513000000,59887.0,59982.34,59860.01,59960.63,2012314.08464067
1782513900000,59960.63,60080.0,59917.79,60042.98,1526447.46588694
1782514800000,60042.98,60116.34,60014.01,60082.4,1403031.02101395
1782515700000,60082.4,60086.0,59978.2,59978.2,1392166.62617195
1782516600000,59978.2,60088.25,59932.0,60065.01,2299049.9063246
1782517500000,60065.01,60116.04,60060.01,60102.18,1415685.14282854
1782518400000,60102.18,60198.53,60068.01,60115.0,4035831.11157423
1782519300000,60115.0,60127.17,60034.01,60049.6,1600806.42363591
1782520200000,60049.6,60049.6,59877.01,59975.54,2443612.20074094
1782521100000,59975.54,60072.89,59952.24,60055.05,1328133.9326132
1782522000000,60055.05,60071.7,59964.01,59968.92,1494464.13451606
1782522900000,59968.92,60013.61,59944.01,59997.45,894655.14334469
1782523800000,59997.45,60002.88,59935.0,59972.02,1811978.07632028
1782524700000,59972.02,59996.48,59938.85,59948.0,1058954.88770688
1782525600000,59948.0,60124.99,59920.0,60115.66,1265435.20457373
1782526500000,60115.66,60375.79,60075.0,60300.94,6446687.33435244
1782527400000,60300.94,60324.52,60198.97,60286.0,4054305.79392138
1782528300000,60286.0,60374.67,60265.41,60289.06,3025992.4773499
1782529200000,60289.06,60413.86,60165.22,60172.34,3654783.30942528
1782530100000,60172.34,60349.82,60166.01,60311.22,2063621.72762158
1782531000000,60311.22,60390.58,60284.0,60308.92,2947394.10200526
1782531900000,60308.92,60361.23,60259.01,60302.39,3393514.8130636
1782532800000,60302.39,60456.86,60302.39,60410.57,2896657.76331472
1782533700000,60410.57,60482.11,60378.31,60398.17,3300933.22649166
1782534600000,60398.17,60449.99,60357.66,60378.07,1605201.79492004
1782535500000,60378.07,60378.07,60216.01,60243.22,1718015.79694547
1782536400000,60243.22,60313.55,60200.95,60308.8,1761144.72160649
1782537300000,60308.8,60308.8,60161.78,60161.78,1755418.31929948
1782538200000,60161.78,60232.27,60133.34,60231.99,3150078.98535961
1782539100000,60231.99,60272.77,60222.54,60237.01,2041551.58048603
1782540000000,60237.01,60244.91,60116.01,60147.57,2678445.90646394
1782540900000,60147.57,60231.88,60115.01,60205.49,2261000.1013415
1782541800000,60205.49,60440.86,60205.49,60410.8,4881261.18207409
1782542700000,60410.8,60502.27,60348.63,60372.19,3703326.38881751
1782543600000,60372.19,60391.68,60293.27,60317.61,2000961.54874917
1782544500000,60317.61,60448.01,60303.43,60425.8,1851543.23703052
1782545400000,60425.8,60467.23,60385.01,60437.32,2748740.6255474
1782546300000,60437.32,60573.75,60437.32,60545.45,2436247.90875846
1782547200000,60545.45,60545.68,60449.0,60485.39,2415056.42045627
1782548100000,60485.39,60532.84,60445.0,60449.8,1228773.8272526
1782549000000,60449.8,60460.0,60368.66,60375.94,2308477.60671623
1782549900000,60375.94,60523.99,60373.22,60450.65,1753144.78424743
1782550800000,60450.65,60509.99,60340.02,60360.17,2131544.17962175
1782551700000,60360.17,60374.53,60283.01,60370.0,2322229.86495627
1782552600000,60370.0,60447.52,60369.99,60395.21,779758.44054818
1782553500000,60395.21,60439.99,60389.0,60417.24,1817461.42430896
1782554400000,60417.24,60475.0,60401.4,60475.0,1274201.07594074
1782555300000,60475.0,60490.51,60442.13,60457.35,1188763.50799665
1782556200000,60457.35,60457.36,60406.72,60428.16,1182113.06940183
1782557100000,60428.16,60428.95,60375.01,60415.51,738073.56362737
1782558000000,60415.51,60453.23,60365.9,60400.02,1164934.69973504
1782558900000,60400.02,60400.02,60235.01,60265.0,2710025.12678635
1782559800000,60265.0,60309.08,60196.26,60266.39,3015074.0572993
1782560700000,60266.39,60421.73,60266.39,60362.01,2263517.06706506
1782561600000,60362.01,60362.01,60256.01,60291.72,2626699.53831152
1782562500000,60291.72,60346.3,60288.81,60334.99,1448402.7959572
1782563400000,60334.99,60387.81,60308.53,60324.94,2588421.9493583
1782564300000,60324.94,60430.89,60302.39,60426.05,1828912.24687731
1782565200000,60426.05,60479.99,60389.38,60439.55,3040158.93824447
1782566100000,60439.55,60485.1,60393.21,60471.02,1464651.46302119
1782567000000,60471.02,60670.0,60450.0,60599.09,4231593.12910029
1782567900000,60599.09,60633.61,60543.01,60582.94,2694521.43576767
1782568800000,60582.94,60728.1,60507.79,60673.49,2894158.01348605
1782569700000,60673.49,60673.49,60597.01,60600.0,2891139.69957682
1782570600000,60600.0,60660.36,60527.01,60637.01,3044235.3210399
1782571500000,60637.01,60672.23,60606.94,60612.56,1719862.51218826
1782572400000,60612.56,60913.36,60568.96,60875.0,6569414.57137119
1782573300000,60875.0,60875.58,60714.01,60809.41,3918281.99201861
1782574200000,60809.41,60942.36,60758.58,60791.0,5687418.86114684
1782575100000,60791.0,60860.0,60749.01,60841.51,2028154.51885391
1782576000000,60841.51,60853.16,60740.76,60752.0,2953312.99510516
1782576900000,60752.0,60752.0,60681.0,60716.57,1758363.41846093
1782577800000,60716.57,60792.08,60671.01,60792.08,1502615.28621446
1782578700000,60792.08,60822.93,60765.04,60809.53,1189433.74243274
1782579600000,60809.53,60820.0,60413.5,60570.18,7154238.90766572
1782580500000,60570.18,60619.69,60471.01,60577.36,1946641.9825435
1782581400000,60577.36,60659.61,60505.01,60601.36,2177495.71835743
1782582300000,60601.36,60623.81,60520.0,60520.95,1348024.25074521
1782583200000,60520.95,60560.48,60448.33,60520.01,717768.44533963
1782584100000,60520.01,60559.91,60464.01,60513.88,491634.95689655
1782585000000,60513.88,60565.81,60500.5,60560.0,382500.06787737
1782585900000,60560.0,60572.63,60515.01,60566.96,421180.41048324
1782586800000,60566.96,60602.01,60555.0,60593.93,597285.52703208
1782587700000,60593.93,60596.55,60259.4,60326.46,3810166.32685837
1782588600000,60326.46,60326.47,60076.93,60196.01,3177346.58467281
1782589500000,60196.01,60246.47,60144.0,60176.79,1589999.64948026
1782590400000,60176.79,60293.42,60168.77,60265.01,2460847.68999857
1782591300000,60265.01,60306.06,60253.0,60270.0,1151615.37571415
1782592200000,60270.0,60279.99,60253.27,60255.05,689121.56807245
1782593100000,60255.05,60300.0,60255.05,60297.41,845399.91828434
1782594000000,60297.41,60401.37,60297.41,60390.59,2153828.0060716
1782594900000,60390.59,60460.13,60358.67,60453.53,1831167.44314317
1782595800000,60453.53,60482.16,60235.44,60249.99,2286202.87248224
1782596700000,60249.99,60299.43,60143.0,60201.17,1992728.83865082
1782597600000,60201.17,60201.18,60043.01,60127.44,3167981.19217203
1782598500000,60127.44,60169.99,59854.02,60130.15,7372649.30284394
1782599400000,60130.15,60259.62,60126.0,60175.25,3133537.96489344
1782600300000,60175.25,60243.55,60159.01,60230.85,1807062.59127955
1782601200000,60230.85,60322.57,60024.01,60042.7,3840334.80657859
1782602100000,60042.7,60098.51,59950.0,59987.97,3995375.21713279
1782603000000,59987.97,60090.36,59967.01,60059.69,2692815.97181149
1782603900000,60059.69,60084.59,60009.17,60031.48,1873791.77377082
1782604800000,60031.48,60147.88,60016.0,60134.23,3000561.39130409
1782605700000,60134.23,60191.19,60130.28,60165.93,2169448.89179089
1782606600000,60165.93,60179.99,60084.01,60179.99,2930341.52963628
1782607500000,60179.99,60190.36,60138.07,60151.67,2833567.95796303
1782608400000,60151.67,60166.0,59984.01,60084.99,3389251.37047835
1782609300000,60084.99,60239.5,60064.0,60207.53,1669431.54373386
1782610200000,60207.53,60270.0,60186.01,60260.0,2056050.12178528
1782611100000,60260.0,60274.45,60207.0,60218.92,1033348.04488381
1782612000000,60218.92,60289.52,60218.92,60284.3,1029148.98963646
1782612900000,60284.3,60340.0,60054.4,60116.38,3740287.00558502
1782613800000,60116.38,60153.3,60101.01,60128.06,2135069.3055157
1782614700000,60128.06,60184.65,60108.0,60152.0,1426529.61725605
1782615600000,60152.0,60272.66,60152.0,60261.29,2339133.53018005
1782616500000,60261.29,60275.64,60194.39,60261.66,2396896.67566419
1782617400000,60261.66,60280.0,60183.01,60195.28,2341171.14844878
1782618300000,60195.28,60218.87,60161.11,60201.52,1798047.95153728
1782619200000,60201.52,60234.98,60144.0,60216.81,1894692.50325009
1782620100000,60216.81,60235.25,60198.0,60202.8,894452.8961657
1782621000000,60202.8,60202.8,60090.01,60172.36,1703366.99845781
1782621900000,60172.36,60195.86,60124.65,60135.0,1980025.49493937
1782622800000,60135.0,60140.99,59968.07,60015.8,2976791.58976008
1782623700000,60015.8,60028.21,59751.48,59837.04,5194619.25550316
1782624600000,59837.04,59959.85,59795.01,59920.61,3490941.82970775
1782625500000,59920.61,60017.75,59920.61,59985.95,2058844.23898049
1782626400000,59985.95,60024.52,59842.37,59843.99,4609662.18594624
1782627300000,59843.99,59955.85,59805.06,59927.09,2820906.58242719
1782628200000,59927.09,59995.0,59923.46,59967.59,1139240.44802524
1782629100000,59967.59,60034.99,59956.94,60002.3,1894472.98738252
1782630000000,60002.3,60189.13,59996.43,60140.66,4608215.96679921
1782630900000,60140.66,60145.39,60104.42,60105.21,1223940.23154194
1782631800000,60105.21,60252.99,60105.21,60218.51,3217319.189142
1782632700000,60218.51,60260.6,60195.0,60220.0,3597249.95819123
1782633600000,60220.0,60254.21,60140.0,60180.92,2767980.44793298
1782634500000,60180.92,60234.99,60160.01,60223.65,2861883.5820746
1782635400000,60223.65,60552.67,60223.64,60445.21,6599746.54048852
1782636300000,60445.21,60486.13,60366.0,60366.0,3146038.66822181
1782637200000,60366.0,60469.99,60289.0,60368.63,2103990.47308214
1782638100000,60368.63,60393.12,60315.0,60326.89,1393942.63890148
1782639000000,60326.89,60409.08,60308.0,60374.25,1045372.59951552
1782639900000,60374.25,60395.0,60250.0,60256.2,1187063.72435209
1782640800000,60256.2,60294.99,60175.01,60258.18,2035426.33380872
1782641700000,60258.18,60288.45,60065.62,60107.5,2600705.69340718
1782642600000,60107.5,60139.14,60074.01,60126.69,1658993.80672234
1782643500000,60126.69,60174.26,60123.82,60165.05,1014736.68516866
1782644400000,60165.05,60265.66,60119.01,60123.01,1852694.20804572
1782645300000,60123.01,60366.29,60123.01,60314.27,2940395.8440368
1782646200000,60314.27,60330.0,60257.28,60299.69,2154646.4696102
1782647100000,60299.69,60377.35,60253.01,60341.76,1918999.62449904
1782648000000,60341.76,60404.99,60293.52,60301.31,3300889.04407415
1782648900000,60301.31,60349.99,60189.38,60338.46,3647523.5386107
1782649800000,60338.46,60457.13,60199.01,60243.01,3938016.67635043
1782650700000,60243.01,60316.41,60240.0,60297.7,1921839.25430243
1782651600000,60297.7,60297.7,59963.01,60123.04,5813930.19321792
1782652500000,60123.04,60170.0,60076.0,60126.92,2666833.18922276
1782653400000,60126.92,60185.0,60045.02,60128.0,3407605.16473282
1782654300000,60128.0,60133.85,60056.01,60072.77,2288899.29466522
1782655200000,60072.77,60175.0,60032.01,60174.99,2176981.97163787
1782656100000,60174.99,60250.75,60103.11,60155.15,3309815.04076025
1782657000000,60155.15,60195.04,60080.01,60108.2,2889927.75347034
1782657900000,60108.2,60170.0,60018.39,60030.0,2315579.15907679
1782658800000,60030.0,60099.99,59884.79,60074.48,4103384.61319576
1782659700000,60074.48,60132.27,60009.01,60039.51,1908827.49966336
1782660600000,60039.51,60098.41,59901.67,59972.83,2351640.48441534
1782661500000,59972.83,60008.35,59821.22,59889.46,2745750.45125916
1782662400000,59889.46,59947.65,59824.57,59837.01,2272374.54647858
1782663300000,59837.01,59906.56,59670.19,59775.0,3558174.66055453
1782664200000,59775.0,59796.33,59606.54,59620.66,4289991.97696529
1782665100000,59620.66,59739.74,59585.0,59691.01,2791703.28164817
1782666000000,59691.01,59850.0,59560.0,59641.13,4407588.00542913
1782666900000,59641.13,59687.5,59600.37,59601.55,2223063.37410409
1782667800000,59601.55,59648.44,59398.92,59535.08,5510678.41381589
1782668700000,59535.08,59632.7,59525.62,59586.05,2172290.24783712
1782669600000,59586.05,59702.08,59577.15,59648.51,2294217.59732818
1782670500000,59648.51,59676.7,59602.91,59612.1,2462615.40404158
1782671400000,59612.1,59673.78,59583.01,59603.0,1680304.21919926
1782672300000,59603.0,59628.18,59505.0,59615.0,1759459.5561245
1782673200000,59615.0,59615.01,59466.01,59508.99,2194932.37646035
1782674100000,59508.99,59553.45,59442.01,59553.45,2728766.70684902
1782675000000,59553.45,59687.4,59420.01,59444.11,4281232.57335966
1782675900000,59444.11,59500.85,59267.01,59483.01,4951023.18559107
1782676800000,59483.01,59682.0,59476.44,59665.01,2162594.30836373
1782677700000,59665.01,59772.37,59653.8,59715.0,2319766.00599235
1782678600000,59715.0,59725.59,59633.01,59671.15,1586713.51321506
1782679500000,59671.15,59723.29,59649.9,59659.0,735416.33263466
1782680400000,59659.0,59704.85,59638.01,59692.77,1719964.91997309
1782681300000,59692.77,59739.19,59659.01,59710.0,978947.44779832
1782682200000,59710.0,59799.4,59657.0,59657.0,1030897.54907609
1782683100000,59657.0,59679.38,59329.01,59443.15,3358672.46660565
1782684000000,59443.15,59912.65,59443.15,59629.2,7996379.88133863
1782684900000,59629.2,59639.98,59168.0,59385.28,7268368.07860725
1782685800000,59385.28,59464.98,59075.0,59108.13,4343123.1938911
1782686700000,59108.13,59219.52,58893.0,59068.0,4735699.25520941
1782687600000,59068.0,59371.41,59009.0,59263.98,3455962.8302762
1782688500000,59263.98,59584.61,59254.0,59544.06,3684504.97967639
1782689400000,59544.06,59859.29,59528.61,59730.7,4175011.53733867
1782690300000,59730.7,59799.99,59576.41,59577.71,2078869.53901847
1782691200000,59577.71,59697.78,59270.42,59581.12,3424794.38794406
1782692100000,59581.12,59600.71,59196.8,59214.0,2657087.18071005
1782693000000,59214.0,59385.25,59004.84,59378.11,8004277.65232793
1782693900000,59378.11,59705.87,59175.01,59665.0,4129203.62541853
1782694800000,59665.0,59704.15,59457.01,59482.77,1941264.17734265
1782695700000,59482.77,59514.46,59229.01,59297.57,2635861.49925284
1782696600000,59297.57,59573.96,59205.0,59549.19,3678823.71446796
1782697500000,59549.19,59590.0,59434.0,59439.58,6469320.16578614
1782698400000,59439.58,59514.67,58893.01,59025.39,5071250.60219854
1782699300000,59025.39,59595.0,58985.0,59540.68,3826922.26336174
1782700200000,59540.68,59802.88,59495.0,59776.35,7188052.82260247
1782701100000,59776.35,59811.76,59700.02,59753.89,4573886.25793497
1782702000000,59753.89,60181.82,59753.89,60001.32,9402171.69147176
1782702900000,60001.32,60238.0,59966.75,60170.25,4910996.00317167
1782703800000,60170.25,60206.25,59879.89,59918.13,3229062.22466205
1782704700000,59918.13,60074.99,59880.0,60050.47,2388103.11570732
1782705600000,60050.47,60056.76,59899.91,59923.0,2130145.92903712
1782706500000,59923.0,59999.77,59843.6,59956.04,2379696.23745966
1782707400000,59956.04,59965.0,59741.6,59842.38,3393150.76550531
1782708300000,59842.38,59905.0,59781.95,59829.28,2548022.64883905
1782709200000,59829.28,59864.81,59388.31,59530.01,6927501.85858652
1782710100000,59530.01,59718.83,59530.01,59689.29,3048189.80169948
1782711000000,59689.29,59923.26,59647.0,59915.63,2709136.40091507
1782711900000,59915.63,60107.45,59904.0,60107.45,3297711.97732298
1782712800000,60107.45,60218.27,60081.19,60176.51,4635634.36147942
1782713700000,60176.51,60347.2,60122.02,60165.25,6748884.595915
1782714600000,60165.25,60203.6,60067.8,60073.98,1898494.9389499
1782715500000,60073.98,60159.41,60045.0,60074.32,2470730.18997262
1782716400000,60074.32,60080.18,59928.0,60080.18,3034706.55914097
1782717300000,60080.18,60187.9,60019.01,60100.0,1695124.2011634
1782718200000,60100.0,60135.43,60041.2,60049.27,1997256.76594751
1782719100000,60049.27,60130.0,60019.77,60019.77,1533186.78118216
1782720000000,60019.77,60091.59,59890.53,59960.0,2896231.29667462
1782720900000,59960.0,60059.99,59805.01,59826.0,3147989.15563828
1782721800000,59826.0,59913.98,59740.74,59868.75,4289382.27522453
1782722700000,59868.75,59942.06,59831.77,59835.01,1748417.79571742
1782723600000,59835.01,59956.3,59803.01,59945.54,1443027.32040981
1782724500000,59945.54,60110.0,59777.21,59931.08,5140656.72699996
1782725400000,59931.08,59999.99,59885.01,59969.99,3681262.55312224
1782726300000,59969.99,60075.0,59922.34,60059.87,3840214.28696384
1782727200000,60059.87,60315.0,60058.64,60234.46,5163763.49278869
1782728100000,60234.46,60312.16,60185.01,60214.46,3057211.17406616
1782729000000,60214.46,60214.73,60070.93,60130.79,1754990.06384596
1782729900000,60130.79,60155.0,60062.01,60086.93,3695465.89512332
1782730800000,60086.93,60097.86,59943.38,59943.38,2543551.12221269
1782731700000,59943.38,59999.99,59879.39,59991.68,3122942.7672103
1782732600000,59991.68,60223.32,59813.62,59859.99,5449598.63412649
1782733500000,59859.99,60004.99,59794.01,59958.01,4378098.19944514
1782734400000,59958.01,60787.88,59591.01,60673.19,30413886.41750356
1782735300000,60673.19,60775.0,60415.38,60438.82,9258425.40651777
1782736200000,60438.82,60464.23,59802.56,59950.14,10697654.20930164
1782737100000,59950.14,60050.57,59780.95,59950.65,3998544.08424681
1782738000000,59950.65,60342.85,59950.65,60216.36,6640540.27898727
1782738900000,60216.36,60307.87,59964.01,59975.7,7046367.27835255
1782739800000,59975.7,60279.99,59439.25,59452.98,23479887.4791281
1782740700000,59452.98,59604.13,59324.18,59577.86,19236495.16480862
1782741600000,59577.86,59594.99,59079.0,59089.0,18046817.36165833
1782742500000,59089.0,59562.74,59009.04,59507.02,16763808.86856341
1782743400000,59507.02,59704.75,59313.0,59319.64,10973840.01425018
1782744300000,59319.64,59613.33,59249.14,59468.15,8396156.75957246
1782745200000,59468.15,59478.17,59093.49,59259.04,9462987.02104776
1782746100000,59259.04,59501.49,59141.0,59495.0,5068001.46235816
1782747000000,59495.0,59881.03,59495.0,59834.46,9528701.2210728
1782747900000,59834.46,59961.85,59758.53,59823.9,8527998.38050745
1782748800000,59823.9,59936.5,59708.01,59730.94,5118999.59066116
1782749700000,59730.94,59783.7,59585.01,59600.95,3429573.2568098
1782750600000,59600.95,59890.0,59600.02,59875.33,6019223.9051904
1782751500000,59875.33,60025.0,59824.49,59889.66,4322647.5717166
1782752400000,59889.66,60486.6,59889.65,60456.39,6815832.08678292
1782753300000,60456.39,60636.35,60397.01,60547.86,4650566.8224468
1782754200000,60547.86,60683.9,60385.07,60616.0,4313889.67803331
1782755100000,60616.0,60652.31,60398.01,60411.03,2441490.04599353
1782756000000,60411.03,60518.98,60324.0,60517.46,2397643.2952441
1782756900000,60517.46,60517.46,60235.01,60271.84,2605340.14901164
1782757800000,60271.84,60334.99,60214.35,60283.03,3388899.93608919
1782758700000,60283.03,60296.4,60190.01,60296.4,1957597.10745191
1782759600000,60296.4,60307.21,60155.0,60199.71,1894604.35756857
1782760500000,60199.71,60476.37,60186.01,60455.0,3966179.09548818
1782761400000,60455.0,60464.99,60309.01,60463.58,2041601.74369983
1782762300000,60463.58,60555.56,60412.52,60429.79,4410548.89671046
1782763200000,60429.79,60549.68,60422.55,60433.51,1729551.46541884
1782764100000,60433.51,60487.89,60358.27,60400.84,2853711.9193921
1782765000000,60400.84,60482.0,60400.83,60416.93,1333689.48450163
1782765900000,60416.93,60416.93,60294.01,60294.01,1924531.43875101
1782766800000,60294.01,60420.27,60260.5,60413.19,1969818.13349847
1782767700000,60413.19,60413.2,60305.0,60352.41,999453.26049433
1782768600000,60352.41,60491.19,60352.4,60462.84,1423705.14716623
1782769500000,60462.84,60588.83,60462.84,60481.07,874938.08611956
1782770400000,60481.07,60497.1,60364.01,60453.88,2605571.30553598
1782771300000,60453.88,60521.65,60433.09,60444.74,1627130.67015272
1782772200000,60444.74,60460.22,60348.01,60386.77,1179429.53167343
1782773100000,60386.77,60428.65,60350.2,60352.33,1246392.93314316
1782774000000,60352.33,60378.33,60328.0,60345.23,964090.6725272
1782774900000,60345.23,60364.51,60197.0,60230.0,1881742.12245766
1782775800000,60230.0,60297.65,60216.83,60250.0,1133363.53118702
1782776700000,60250.0,60294.13,60217.0,60258.1,1633153.89704174
1782777600000,60258.1,60279.99,60145.38,60197.88,2877302.39054182
1782778500000,60197.88,60234.07,59908.01,59930.0,1972535.70068767
1782779400000,59930.0,59938.96,59694.09,59777.46,2937179.57747457
1782780300000,59777.46,59925.0,59757.13,59842.12,2671873.60563529
1782781200000,59842.12,59874.99,59775.01,59827.29,2358134.86378506
1782782100000,59827.29,60046.8,59811.76,60043.3,2225466.47018005
1782783000000,60043.3,60054.21,59793.0,59836.62,2947196.33874918
1782783900000,59836.62,59943.56,59833.1,59940.77,902012.14040689
1782784800000,59940.77,59950.73,59769.01,59794.53,1348067.73004933
1782785700000,59794.53,59995.0,59753.12,59978.2,2083460.60726831
1782786600000,59978.2,60033.69,59923.56,60011.59,1113768.71551978
1782787500000,60011.59,60043.67,59942.01,59950.0,1042664.89660706
1782788400000,59950.0,59982.95,59850.91,59899.2,1884542.9399644
1782789300000,59899.2,60027.32,59815.0,59856.01,1203263.73725138
1782790200000,59856.01,59856.01,59737.01,59738.69,1947331.24739072
1782791100000,59738.69,59738.69,59597.01,59624.0,2252182.59051245
1782792000000,59624.0,59624.01,59430.3,59559.99,5533488.6856092
1782792900000,59559.99,59578.46,59441.01,59555.01,2227464.25081496
1782793800000,59555.01,59699.35,59544.0,59615.1,2242088.9059752
1782794700000,59615.1,59615.1,59453.01,59495.01,3308090.67903454
1782795600000,59495.01,59537.83,59365.57,59438.1,2812119.67271993
1782796500000,59438.1,59506.61,59377.01,59390.01,1765390.75795259
1782797400000,59390.01,59582.27,59364.0,59571.7,3155552.81280514
1782798300000,59571.7,59662.7,59558.54,59657.13,2746064.17332154
1782799200000,59657.13,59677.67,59545.18,59574.26,1898093.3554615
1782800100000,59574.26,59722.1,59518.01,59703.86,3560825.56289206
1782801000000,59703.86,59722.34,59553.01,59568.82,2043914.55888045
1782801900000,59568.82,59611.53,59559.0,59600.72,1914498.68186708
1782802800000,59600.72,59637.6,59453.0,59499.53,2136565.51242414
1782803700000,59499.53,59578.56,59451.58,59477.72,3363445.24989437
1782804600000,59477.72,59575.58,59474.0,59520.57,5362272.79350064
1782805500000,59520.57,59564.69,59473.26,59527.73,3252474.7102023
1782806400000,59527.73,59559.11,59434.0,59434.01,3087660.29430492
1782807300000,59434.01,59448.99,59375.0,59415.55,1994838.93787338
1782808200000,59415.55,59448.4,59200.81,59275.01,6742301.88592036
1782809100000,59275.01,59420.87,59190.0,59314.05,5539206.68577239
1782810000000,59314.05,59407.0,59280.01,59345.04,1674632.70672797
1782810900000,59345.04,59366.27,59266.76,59295.32,1738002.85922779
1782811800000,59295.32,59385.7,59251.0,59357.78,1182684.29853629
1782812700000,59357.78,59420.0,59357.77,59371.83,538906.52716496
1782813600000,59371.83,59413.57,59313.71,59366.51,783847.73196938
1782814500000,59366.51,59421.7,59336.0,59370.0,654741.09244212
1782815400000,59370.0,59370.0,59291.01,59334.57,1094266.74482087
1782816300000,59334.57,59400.87,59287.6,59330.01,1636585.27464562
1782817200000,59330.01,59417.52,59320.01,59384.07,1505769.7519651
1782818100000,59384.07,59392.97,59200.0,59217.56,3228001.50885259
1782819000000,59217.56,59276.26,59123.81,59248.53,4297413.49612658
1782819900000,59248.53,59345.73,59161.98,59195.92,1927546.23991812
1782820800000,59195.92,59195.93,59003.13,59010.01,2220389.567883
1782821700000,59010.01,59075.0,58760.29,58866.0,4554280.93150029
1782822600000,58866.0,58890.76,58781.0,58845.74,2315476.78557243
1782823500000,58845.74,58852.55,58394.9,58409.99,6699708.98257423
1782824400000,58409.99,58660.0,58323.97,58458.17,6335162.44760591
1782825300000,58458.17,58602.85,58455.01,58519.14,2533854.49805945
1782826200000,58519.14,58765.25,58230.0,58575.0,8305710.45675396
1782827100000,58575.0,58814.32,58466.84,58746.36,5408808.18864527
1782828000000,58746.36,59286.92,58655.0,59002.39,11246772.84847664
1782828900000,59002.39,59150.0,58895.0,59043.02,3528589.76626053
1782829800000,59043.02,59102.98,58587.83,58920.54,3935206.36249907
1782830700000,58920.54,58920.54,58431.43,58487.31,3785575.82177594
1782831600000,58487.31,58603.07,58196.0,58442.6,6677864.2426669
1782832500000,58442.6,58484.85,58201.01,58390.56,5656437.82484236
1782833400000,58390.56,58499.5,58265.01,58447.99,1679637.27769739
1782834300000,58447.99,58807.9,58347.9,58381.76,3666384.10344031
1782835200000,58381.76,58636.82,58363.14,58406.6,2783066.81262853
1782836100000,58406.6,58477.1,58263.01,58317.57,1409310.39835152
1782837000000,58317.57,58483.81,58257.0,58331.05,2473449.5719303
1782837900000,58331.05,58579.48,58331.05,58501.86,1444876.29647039
1782838800000,58501.86,58624.51,58391.01,58409.85,1897716.15589092
1782839700000,58409.85,58489.99,58375.0,58393.52,1096455.41103293
1782840600000,58393.52,58464.14,58340.0,58385.6,1483189.6259601
1782841500000,58385.6,58434.47,58320.0,58421.58,971400.53265301
1782842400000,58421.58,58499.34,58360.0,58477.2,697736.41721169
1782843300000,58477.2,58699.1,58430.95,58539.99,1115792.4461128
1782844200000,58539.99,58559.5,58387.01,58459.99,708951.49548745
1782845100000,58459.99,58691.35,58459.99,58685.34,927150.23395243
1782846000000,58685.34,58734.69,58591.0,58653.42,1072607.31311577
1782846900000,58653.42,58673.34,58584.01,58673.34,918777.78199672
1782847800000,58673.34,58813.72,58662.78,58755.0,951191.68208013
1782848700000,58755.0,58837.42,58698.01,58823.99,2771484.82178694
1782849600000,58823.99,58875.0,58745.0,58865.35,1297910.67978639
1782850500000,58865.35,58865.35,58700.0,58740.38,890752.83996991
1782851400000,58740.38,58745.0,58655.0,58659.01,929448.13061286
1782852300000,58659.01,58795.0,58644.0,58736.79,831895.20192177
1782853200000,58736.79,58770.54,58555.0,58586.57,4958650.65532403
1782854100000,58586.57,58637.25,58507.0,58599.9,750202.80275505
1782855000000,58599.9,58663.1,58585.01,58590.01,702731.87733067
1782855900000,58590.01,58653.95,58525.01,58636.25,455716.68647183
1782856800000,58636.25,58741.17,58636.25,58733.24,619382.70543869
1782857700000,58733.24,58804.99,58646.72,58648.45,663343.05878523
1782858600000,58648.45,58651.7,58511.52,58599.09,813345.73173256
1782859500000,58599.09,58627.07,58545.0,58605.89,246893.57202287
1782860400000,58605.89,58647.32,58550.01,58610.0,350992.22745477
1782861300000,58610.0,58659.63,58577.0,58615.41,620120.36859366
1782862200000,58615.41,58640.0,58571.97,58612.58,456871.1436937
1782863100000,58612.58,58669.83,58590.0,58633.0,1426358.37920192
1782864000000,58633.0,58749.11,58610.48,58648.01,1140831.52311513
1782864900000,58648.01,58682.59,58307.69,58396.02,1706024.04510412
1782865800000,58396.02,58580.44,58390.72,58482.89,627043.52054346
1782866700000,58482.89,58625.0,58470.52,58573.36,644825.00240596
1782867600000,58573.36,58588.99,57802.74,58165.75,13948302.66859249
1782868500000,58165.75,58407.89,58035.01,58355.47,3912136.21084342
1782869400000,58355.47,59001.9,58335.01,58905.01,4544550.17199685
1782870300000,58905.01,59022.27,58721.0,58775.0,3724717.89996705
1782871200000,58775.0,58872.85,58669.17,58795.32,2591217.14703415
1782872100000,58795.32,59034.99,58780.0,58947.78,2011453.13512731
1782873000000,58947.78,59164.99,58924.66,59139.91,2226639.16948609
1782873900000,59139.91,59174.34,59010.0,59090.01,2203429.95642853
1782874800000,59090.01,59124.6,58995.0,59000.0,915375.08132499
1782875700000,59000.0,59008.6,58888.01,58928.33,1990278.50563965
1782876600000,58928.33,59153.63,58855.0,58945.0,1029600.13723892
1782877500000,58945.0,59326.0,58940.0,59198.88,5130464.91388598
1782878400000,59198.88,59198.88,59065.0,59114.15,731555.42023054
1782879300000,59114.15,59278.89,59100.29,59278.89,547968.73951531
1782880200000,59278.89,59381.23,59199.29,59364.51,1719917.68629115
1782881100000,59364.51,59463.98,59305.0,59337.76,1241441.97244403
1782882000000,59337.76,59375.0,59241.33,59293.69,980169.78279436
1782882900000,59293.69,59355.0,59140.0,59172.76,1186886.8052517
1782883800000,59172.76,59199.59,59125.0,59189.28,565738.76041172
1782884700000,59189.28,59204.49,59135.0,59153.96,1848857.71940472
1782885600000,59153.96,59158.3,58910.87,58953.09,1447791.8253401
1782886500000,58953.09,58974.99,58691.99,58792.62,1574553.02251295
1782887400000,58792.62,58840.0,58536.92,58703.61,3626135.08056596
1782888300000,58703.61,58773.21,58620.01,58759.0,1435671.17615027
1782889200000,58759.0,58793.35,58605.0,58684.11,2039821.51578136
1782890100000,58684.11,58828.76,58641.01,58740.59,1525091.54418904
1782891000000,58740.59,58760.0,58647.42,58692.5,1846802.96558287
1782891900000,58692.5,58807.48,58671.0,58768.04,892676.44735896
1782892800000,58768.04,58820.0,58660.13,58705.0,2156391.52331714
1782893700000,58705.0,58725.0,58601.35,58625.09,1147552.27487265
1782894600000,58625.09,58745.9,58500.01,58740.98,2558965.41410638
1782895500000,58740.98,58989.8,58680.01,58981.35,2267244.42573002
1782896400000,58981.35,59099.36,58896.3,58959.97,3088443.67894925
1782897300000,58959.97,59004.99,58877.7,58893.83,2037189.59426632
1782898200000,58893.83,58949.83,58831.0,58884.43,1019223.88897573
1782899100000,58884.43,58979.98,58850.0,58949.7,2139105.74887434
1782900000000,58949.7,58949.75,58760.0,58760.85,1177497.2353836
1782900900000,58760.85,58798.95,58665.01,58742.64,1207192.66174992
1782901800000,58742.64,58755.17,58625.0,58625.01,1169960.46301714
1782902700000,58625.01,58698.97,58625.0,58659.01,1153664.52623375
1782903600000,58659.01,58748.47,58590.0,58708.01,1243354.96483275
1782904500000,58708.01,58759.99,58675.01,58701.87,1007222.90586759
1782905400000,58701.87,58740.0,58633.25,58678.7,1056351.64557694
1782906300000,58678.7,58705.0,58555.0,58623.87,1332036.50604943
1782907200000,58623.87,58682.28,58401.39,58446.61,2598028.56972867
1782908100000,58446.61,58594.99,58446.61,58560.29,2308410.12010937
1782909000000,58560.29,58594.98,58376.85,58405.0,2976822.1094678
1782909900000,58405.0,58536.14,58325.01,58527.37,3900619.42289917
1782910800000,58527.37,58773.25,58525.38,58670.71,2190288.66457645
1782911700000,58670.71,58905.0,58660.0,58820.0,2828296.73774291
1782912600000,58820.0,59076.35,58597.94,59022.96,8819432.91327839
1782913500000,59022.96,59506.86,58945.01,59495.01,11584554.534769
1782914400000,59495.01,59989.76,59275.01,59977.82,5808314.89668843
1782915300000,59977.82,60090.0,59780.01,59783.37,6809390.2581465
1782916200000,59783.37,59814.99,59540.0,59607.77,2626191.24562388
1782917100000,59607.77,59765.94,59420.01,59542.98,2921369.14831095
1782918000000,59542.98,59985.0,59520.84,59915.6,3538443.46044873
1782918900000,59915.6,60541.49,59848.75,60310.0,6637995.1466091
1782919800000,60310.0,60374.87,60135.15,60221.4,2443561.74838059
1782920700000,60221.4,60246.9,60080.0,60144.07,1161280.89565293
1782921600000,60144.07,60222.19,60065.06,60131.07,812617.53634222
1782922500000,60131.07,60263.24,59946.94,60142.39,2082547.56800962
1782923400000,60142.39,60174.99,60022.0,60077.79,388375.00411791
1782924300000,60077.79,60089.99,59863.0,59920.0,752717.65128131
1782925200000,59920.0,59934.79,59785.0,59893.65,965284.380522
1782926100000,59893.65,60205.0,59893.65,60148.17,1793751.3044144
1782927000000,60148.17,60238.51,60085.01,60152.11,1488933.28246896
1782927900000,60152.11,60227.92,60147.19,60190.0,683026.45837073
1782928800000,60190.0,60213.49,60020.0,60074.99,809016.86317094
1782929700000,60074.99,60185.0,60045.0,60140.07,580374.61610148
1782930600000,60140.07,60246.32,60080.01,60220.0,719765.63008545
1782931500000,60220.0,60298.99,60079.0,60170.74,1143448.70449253
1782932400000,60170.74,60298.45,60165.01,60279.54,771468.62273625
1782933300000,60279.54,60353.99,60100.01,60155.44,874678.90288042
1782934200000,60155.44,60274.99,60147.77,60205.48,704748.16477984
1782935100000,60205.48,60211.93,59995.0,60028.38,1948111.40885949
1782936000000,60028.38,60060.0,59904.45,59995.0,2538615.51462939
1782936900000,59995.0,60024.98,59872.82,59975.66,866790.77826119
1782937800000,59975.66,60069.99,59955.11,60039.99,834137.03163363
1782938700000,60039.99,60194.27,60030.78,60125.87,618456.45019464
1782939600000,60125.87,60464.99,60125.01,60454.99,1980175.35102148
1782940500000,60454.99,60603.05,60330.26,60524.71,2836875.8536602
1782941400000,60524.71,60845.57,60524.71,60811.76,3100301.61176767
1782942300000,60811.76,60847.77,60775.0,60814.04,1430526.00671693
1782943200000,60814.04,60824.93,60786.41,60815.21,595923.71699619
1782944100000,60815.21,61340.0,60555.0,60555.01,15825119.25822066
1782945000000,60555.01,60679.87,60447.0,60490.0,3449234.08582774
1782945900000,60490.0,60508.95,60343.57,60475.04,1737285.37477143
1782946800000,60475.04,60475.04,60230.01,60243.38,1523326.44607458
1782947700000,60243.38,60369.61,60195.0,60205.63,1011379.42483842
1782948600000,60205.63,60260.0,60037.49,60154.98,1997059.3818268
1782949500000,60154.98,60165.0,59980.01,60023.77,1208831.11352969
1782950400000,60023.77,60029.9,59895.0,59945.01,1505653.13189705
1782951300000,59945.01,59965.0,59733.84,59780.89,1122583.79913209
1782952200000,59780.89,59789.99,59587.92,59623.95,1457348.83239959
1782953100000,59623.95,59843.45,59623.95,59749.22,1919718.78381634
1782954000000,59749.22,59940.0,59720.01,59925.85,1180735.87314638
1782954900000,59925.85,60020.0,59840.55,60020.0,1215275.69362899
1782955800000,60020.0,60328.71,60019.99,60197.84,2124250.54293436
1782956700000,60197.84,60320.0,60081.0,60175.0,1724575.46861611
1782957600000,60175.0,60196.27,60016.01,60140.96,720186.85214045
1782958500000,60140.96,60267.53,60136.88,60205.0,973614.67607903
1782959400000,60205.0,60411.11,60185.0,60406.86,1233686.73668101
1782960300000,60406.86,60492.92,60335.0,60425.52,999337.50760696
1782961200000,60425.52,60478.7,60392.0,60478.69,510478.50204233
1782962100000,60478.69,60715.0,60304.0,60553.67,4821061.56550727
1782963000000,60553.67,60808.19,60482.64,60808.18,2213402.57334997
1782963900000,60808.18,61125.0,60735.0,61061.99,3297152.89552289
1782964800000,61061.99,61061.99,60870.0,60940.69,1563543.78814169
1782965700000,60940.69,60979.44,60806.0,60859.99,881031.16398608
1782966600000,60859.99,60860.0,60735.01,60775.0,1776165.81214367
1782967500000,60775.0,60885.0,60736.29,60785.01,702381.21614908
1782968400000,60785.01,60865.0,60650.01,60864.99,1373949.16535676
1782969300000,60864.99,60874.36,60735.0,60748.44,856102.2131349
1782970200000,60748.44,60875.0,60595.0,60603.74,2382025.46212979
1782971100000,60603.74,60658.82,60483.8,60500.81,1982183.04575323
1782972000000,60500.81,60521.32,60404.55,60404.55,1082076.66737349
1782972900000,60404.55,60559.99,60400.0,60473.48,1223120.91396903
1782973800000,60473.48,60650.0,60471.99,60535.31,1963839.76661787
1782974700000,60535.31,60544.64,60260.0,60275.0,2080860.6333654
1782975600000,60275.0,60314.98,60205.0,60241.08,1304085.76949216
1782976500000,60241.08,60270.0,60163.13,60164.78,1291086.75169303
1782977400000,60164.78,60220.0,60118.34,60137.2,3124838.42991528
1782978300000,60137.2,60230.0,60105.7,60148.56,2301761.16813339
1782979200000,60148.56,60361.75,60123.47,60307.5,2491801.45463761
1782980100000,60307.5,60403.78,60307.5,60360.59,913159.74885439
1782981000000,60360.59,60503.33,60335.0,60448.29,3339771.9822383
1782981900000,60448.29,60556.67,60411.87,60519.98,5240601.45202034
1782982800000,60519.98,60523.74,60375.01,60470.46,1398458.66184632
1782983700000,60470.46,60632.88,60435.01,60610.0,1551239.19118889
1782984600000,60610.0,61220.0,60610.0,61085.35,17065497.64685749
1782985500000,61085.35,61435.0,60867.0,61180.59,12204413.24927566
1782986400000,61180.59,61239.16,61045.01,61228.49,2746041.91470476
1782987300000,61228.49,61293.69,61095.23,61217.64,3592442.24323645
1782988200000,61217.64,61350.0,61201.0,61202.62,1518296.65378555
1782989100000,61202.62,61329.99,61145.01,61264.38,1709611.63209732
1782990000000,61264.38,61380.67,61211.0,61284.57,4520136.42371165
1782990900000,61284.57,61354.98,61255.02,61293.74,1141758.43514151
1782991800000,61293.74,61355.0,61255.01,61301.53,2036240.7663956
1782992700000,61301.53,61389.99,61126.2,61356.51,4268111.52487798
1782993600000,61356.51,61365.0,61260.0,61359.72,1619119.81120323
1782994500000,61359.72,61415.38,61148.0,61341.71,3352249.33410644
1782995400000,61341.71,61586.21,61185.71,61374.99,11074062.34113052
1782996300000,61374.99,61610.0,61365.0,61535.01,4410056.46718104
1782997200000,61535.01,61740.0,61503.06,61685.03,3492052.05401083
1782998100000,61685.03,61975.28,61652.17,61688.62,7050958.08043405
1782999000000,61688.62,62054.66,61535.0,61966.9,8316054.00356907
1782999900000,61966.9,62035.0,61810.0,61935.0,5119676.18235279
1783000800000,61935.0,62193.12,61845.0,62084.18,7907777.75714098
1783001700000,62084.18,62199.21,61571.43,61673.26,5237061.35214861
1783002600000,61673.26,61804.99,61392.12,61425.86,5251689.04217669
1783003500000,61425.86,61754.99,61425.0,61694.99,2753475.46437413
1783004400000,61694.99,61734.99,61422.01,61582.73,2748832.13548147
1783005300000,61582.73,61847.22,61490.26,61715.0,2728142.2222991
1783006200000,61715.0,61828.81,61536.41,61701.07,5665831.69289023
1783007100000,61701.07,61743.91,61522.19,61608.72,946969.69542846
1783008000000,61608.72,61740.0,61498.01,61688.63,1048841.79453404
1783008900000,61688.63,61691.71,61115.15,61190.0,5195327.48634156
1783009800000,61190.0,61448.89,61190.0,61435.7,1889389.76711573
1783010700000,61435.7,61789.17,61426.55,61678.17,3408280.85812849
1783011600000,61678.17,61818.18,61623.61,61782.13,1660339.76735189
1783012500000,61782.13,61962.42,61755.0,61869.99,6049760.632966
1783013400000,61869.99,61870.0,61645.0,61776.51,1323716.81796989
1783014300000,61776.51,61800.0,61645.0,61665.0,1162938.12982588
1783015200000,61665.0,61850.0,61661.3,61827.87,2089673.10700392
1783016100000,61827.87,61860.0,61721.94,61859.99,911788.87520497
1783017000000,61859.99,61860.0,61766.48,61770.01,748997.60708063
1783017900000,61770.01,61865.0,61690.97,61754.99,1450310.5068061
1783018800000,61754.99,61758.99,61599.0,61659.56,1259130.16813143
1783019700000,61659.56,61660.94,61509.51,61610.43,652618.11802328
1783020600000,61610.43,61644.0,61505.81,61581.83,613261.20718947
1783021500000,61581.83,61689.28,61419.0,61471.65,2760856.78677203
1783022400000,61471.65,61534.99,61395.7,61428.78,797026.68313467
1783023300000,61428.78,61504.99,61399.36,61399.37,215273.23650184
1783024200000,61399.37,61426.0,61336.45,61362.45,776587.62681854
1783025100000,61362.45,61595.71,61362.44,61576.83,1572817.42393517
1783026000000,61576.83,61652.17,61520.05,61523.37,1169154.44537752
1783026900000,61523.37,61545.0,61521.1,61537.87,1614873.45735965
1783027800000,61537.87,61555.0,61517.0,61519.87,537838.48161589
1783028700000,61519.87,61609.99,61508.28,61589.99,402690.00760944
1783029600000,61589.99,61590.0,61516.11,61528.45,446369.69684297
1783030500000,61528.45,61560.0,61517.53,61520.01,756810.19488163
1783031400000,61520.01,61539.99,61505.66,61522.78,382593.08304645
1783032300000,61522.78,61550.0,61397.85,61465.09,3514977.42896743
1783033200000,61465.09,61465.1,61342.88,61350.0,914345.92081663
1783034100000,61350.0,61535.0,61349.94,61503.44,491663.33904735
1783035000000,61503.44,61600.0,61443.63,61476.68,2302042.19563304
1783035900000,61476.68,61595.0,61471.01,61558.32,502748.72079459
1783036800000,61558.32,61575.0,61387.0,61416.39,1350602.31177294
1783037700000,61416.39,61450.0,61295.84,61298.58,1107599.46269132
1783038600000,61298.58,61364.99,61242.98,61335.0,1019647.29972467
1783039500000,61335.0,61405.0,61295.0,61305.78,936553.93540676
1783040400000,61305.78,61723.07,61285.01,61631.38,1807569.12621671
1783041300000,61631.38,61650.0,61505.0,61565.01,1224033.76445048
1783042200000,61565.01,61731.38,61520.0,61661.08,880955.08355422
1783043100000,61661.08,61672.09,61585.79,61585.8,946040.99042545
1783044000000,61585.8,61664.99,61515.0,61524.33,1339215.19676917
1783044900000,61524.33,61585.0,61395.13,61395.13,689878.85481002
1783045800000,61395.13,61460.0,61290.01,61360.0,1316489.8999241
1783046700000,61360.0,61459.99,61295.7,61437.98,861212.21172638
1783047600000,61437.98,61454.99,61325.0,61331.63,882892.33097056
1783048500000,61331.63,61575.0,61331.62,61535.74,737684.258391
1783049400000,61535.74,61544.56,61385.0,61400.0,424970.26874501
1783050300000,61400.0,61454.99,61355.0,61429.87,723847.48841199
1783051200000,61429.87,61464.11,61333.0,61430.0,762121.85808245
1783052100000,61430.0,61437.09,61345.43,61437.09,463923.90561849
1783053000000,61437.09,61524.99,61410.0,61502.0,623564.76109664
1783053900000,61502.0,61514.92,61372.67,61445.78,1081141.47588595
1783054800000,61445.78,61555.0,61430.01,61534.77,2173329.70257679
1783055700000,61534.77,61679.99,61514.2,61625.01,2894328.3846127
1783056600000,61625.01,61806.57,61615.01,61699.99,1997954.6423812
1783057500000,61699.99,61745.0,61645.0,61696.5,679210.92918952
1783058400000,61696.5,61850.0,61690.0,61725.74,5051372.06545895
1783059300000,61725.74,61804.99,61685.02,61715.32,2536594.13689922
1783060200000,61715.32,61775.0,61605.2,61637.02,943205.96650031
1783061100000,61637.02,61769.99,61637.02,61706.07,1444150.77428622
1783062000000,61706.07,61779.65,61660.56,61696.68,2345870.25762945
1783062900000,61696.68,61760.0,61696.67,61760.0,2372357.30355971
1783063800000,61760.0,61839.99,61745.01,61822.0,1558233.28520493
1783064700000,61822.0,61862.6,61750.3,61752.01,1595329.47131496
1783065600000,61752.01,61825.0,61739.72,61746.91,1905837.36881921
1783066500000,61746.91,61820.0,61720.0,61776.95,929073.10574519
1783067400000,61776.95,61895.0,61725.01,61865.0,1709758.54037406
1783068300000,61865.0,61865.01,61550.01,61580.67,1706213.30030506
1783069200000,61580.67,61700.0,61504.68,61699.66,3838585.61488872
1783070100000,61699.66,61730.0,61641.81,61682.83,645950.92973838
1783071000000,61682.83,61685.0,61550.34,61654.4,1366096.51370545
1783071900000,61654.4,61779.99,61654.4,61710.01,754318.27968413
1783072800000,61710.01,61769.99,61672.55,61723.71,2029770.63230698
1783073700000,61723.71,61765.0,61670.0,61743.67,1104286.32901421
1783074600000,61743.67,62039.99,61725.58,62015.0,1793081.88909554
1783075500000,62015.0,62024.91,61880.16,61913.09,1388922.0896891
1783076400000,61913.09,62075.0,61835.01,62019.28,3718253.85547136
1783077300000,62019.28,62065.0,61936.6,61979.99,2794283.01358695
1783078200000,61979.99,62020.0,61880.0,61885.58,999553.06851766
1783079100000,61885.58,62099.79,61885.58,62020.36,1403408.05717225
1783080000000,62020.36,62170.0,62001.01,62147.83,2847205.98195207
1783080900000,62147.83,62154.99,61905.01,61950.0,4026024.10542273
1783081800000,61950.0,61965.0,61868.55,61920.36,1375399.01080571
1783082700000,61920.36,61999.99,61920.36,61974.61,902851.15421126
1783083600000,61974.61,62070.0,61936.92,62058.39,2238327.57992481
1783084500000,62058.39,62123.27,62000.01,62098.91,1225070.13519892
1783085400000,62098.91,62190.0,62018.49,62150.0,941554.14409385
1783086300000,62150.0,62284.66,62050.0,62115.0,2434086.57335521
1783087200000,62115.0,62115.01,61693.08,61767.77,2310784.73861288
1783088100000,61767.77,61930.0,61731.95,61928.1,1771351.80348707
1783089000000,61928.1,62064.99,61848.26,62059.85,820124.40340158
1783089900000,62059.85,62277.39,62030.0,62168.59,1201159.42548044
1783090800000,62168.59,62415.0,62163.32,62188.35,2777397.48075627
1783091700000,62188.35,62219.99,61990.0,62013.28,1904123.44995097
1783092600000,62013.28,62105.0,61819.01,61844.01,2437994.5061002
1783093500000,61844.01,61969.39,61820.01,61923.11,2471668.57701039
1783094400000,61923.11,61991.09,61915.0,61927.77,1386272.07295943
1783095300000,61927.77,62109.99,61927.76,62072.44,1572535.11151616
1783096200000,62072.44,62133.2,61985.0,62055.0,1079052.56620584
1783097100000,62055.0,62124.46,62020.0,62107.45,921016.30390768
1783098000000,62107.45,62288.0,62075.0,62192.84,1448027.72542606
1783098900000,62192.84,62240.0,62115.0,62188.82,721384.40584458
1783099800000,62188.82,62280.84,62166.87,62225.01,688462.88152167
1783100700000,62225.01,62248.42,62166.23,62194.22,575172.04504403
1783101600000,62194.22,62205.43,62116.2,62158.43,592558.6395252
1783102500000,62158.43,62198.76,62135.0,62174.99,522171.73762833
1783103400000,62174.99,62239.74,62174.99,62221.19,1081170.37859558
1783104300000,62221.19,62245.0,62192.64,62201.5,489950.32932572
1783105200000,62201.5,62254.98,62145.0,62185.0,508225.42300362
1783106100000,62185.0,62303.31,62180.0,62221.04,1624539.30763965
1783107000000,62221.04,62315.0,62155.0,62231.0,1808695.05235113
1783107900000,62231.0,62258.52,62195.0,62210.0,877922.36836022
1783108800000,62210.0,62493.25,62180.01,62430.63,4896447.7623955
1783109700000,62430.63,62685.83,62393.64,62611.73,6509026.85384304
1783110600000,62611.73,62912.91,62595.01,62703.0,7180014.80935112
1783111500000,62703.0,62863.73,62675.38,62770.59,3810989.1711382
1783112400000,62770.59,62961.32,62725.0,62753.83,2831253.67503775
1783113300000,62753.83,62790.0,62606.93,62624.99,1251735.38491165
1783114200000,62624.99,62629.99,62510.01,62604.99,1059240.37002967
1783115100000,62604.99,62824.99,62604.99,62725.48,987364.93445836
1783116000000,62725.48,62744.92,62582.02,62625.0,907053.90269756
1783116900000,62625.0,62705.0,62620.01,62628.35,801127.73348975
1783117800000,62628.35,62628.36,62530.0,62610.0,1776125.17830145
1783118700000,62610.0,62665.17,62570.0,62570.0,795411.00022906
1783119600000,62570.0,62595.0,62530.0,62563.18,389421.1818674
1783120500000,62563.18,62679.99,62555.46,62619.99,2862535.06000139
1783121400000,62619.99,62700.0,62619.99,62676.01,480691.43047805
1783122300000,62676.01,62680.0,62540.01,62581.26,760324.67161935
1783123200000,62581.26,62944.99,62578.12,62821.47,4256929.09824901
1783124100000,62821.47,62845.0,62746.79,62758.69,590056.25097811
1783125000000,62758.69,62800.0,62676.29,62706.72,1092581.12503287
1783125900000,62706.72,62809.99,62705.01,62756.69,398876.8223719
1783126800000,62756.69,62756.7,62472.66,62514.64,2643103.4864791
1783127700000,62514.64,62594.01,62400.0,62494.81,2077524.04892868
1783128600000,62494.81,62540.0,62425.92,62443.32,454611.67446092
1783129500000,62443.32,62504.99,62422.0,62471.04,588909.21970415
1783130400000,62471.04,62560.0,62470.01,62525.0,609349.56377844
1783131300000,62525.0,62525.01,62455.0,62486.91,547937.10922026
1783132200000,62486.91,62498.97,62430.0,62492.46,492315.56709329
1783133100000,62492.46,62575.53,62475.0,62539.04,484416.99475551
1783134000000,62539.04,62580.0,62485.0,62569.58,603400.89244958
1783134900000,62569.58,62583.93,62545.01,62564.42,513861.76911101
1783135800000,62564.42,62749.99,62516.64,62708.26,1393279.97223897
1783136700000,62708.26,62714.99,62625.0,62630.19,372580.51326113
1783137600000,62630.19,62704.99,62600.0,62655.0,991042.64356285
1783138500000,62655.0,62719.99,62596.12,62665.0,580674.40572641
1783139400000,62665.0,62747.39,62660.0,62683.34,760844.41904217
1783140300000,62683.34,62739.99,62642.19,62685.01,1137696.89792546
1783141200000,62685.01,62685.01,62576.74,62576.74,552138.49107537
1783142100000,62576.74,62576.75,62475.0,62516.6,635907.9351563
1783143000000,62516.6,62569.8,62511.88,62564.45,421092.52784598
1783143900000,62564.45,62595.0,62426.25,62470.0,1243622.16859917
1783144800000,62470.0,62560.64,62431.85,62432.06,552959.83912448
1783145700000,62432.06,62452.85,62334.58,62420.07,1424740.05363733
1783146600000,62420.07,62524.99,62420.07,62455.42,923440.06258474
1783147500000,62455.42,62529.71,62455.42,62494.9,472394.11002528
1783148400000,62494.9,62555.0,62465.0,62547.39,1650933.17298891
1783149300000,62547.39,62633.01,62525.0,62545.0,2421620.2482616
1783150200000,62545.0,62560.0,62480.0,62501.92,522139.12596057
1783151100000,62501.92,62590.0,62495.0,62569.86,850076.24448623
1783152000000,62569.86,62580.0,62515.0,62544.99,499824.38491028
1783152900000,62544.99,62580.0,62520.0,62550.01,1287747.2693918
1783153800000,62550.01,62674.93,62545.28,62593.21,1528041.83961515
1783154700000,62593.21,62659.99,62555.03,62555.03,764217.26210031
1783155600000,62555.03,62584.99,62450.0,62510.63,1416674.06846737
1783156500000,62510.63,62510.63,62456.55,62473.25,736393.17335521
1783157400000,62473.25,62480.0,62415.97,62449.71,581292.24177823
1783158300000,62449.71,62510.0,62449.71,62495.73,1058387.28964577
1783159200000,62495.73,62495.73,62445.37,62465.01,556599.37607005
1783160100000,62465.01,62519.99,62455.0,62495.62,921601.76019483
1783161000000,62495.62,62495.62,62465.0,62485.0,206610.81431408
1783161900000,62485.0,62540.0,62476.24,62510.0,1022959.1160668
1783162800000,62510.0,62525.79,62470.01,62525.79,1654241.95230229
1783163700000,62525.79,62556.67,62465.66,62480.0,841863.28828932
1783164600000,62480.0,62559.66,62479.99,62494.01,513227.4338745
1783165500000,62494.01,62511.15,62463.0,62485.49,353480.54431069
1783166400000,62485.49,62579.51,62485.4,62563.09,378721.6611048
1783167300000,62563.09,62614.28,62545.0,62588.24,270555.13353772
1783168200000,62588.24,62644.23,62585.0,62619.99,627312.11118377
1783169100000,62619.99,62694.16,62590.0,62665.01,565683.24867828
1783170000000,62665.01,62665.01,62590.0,62612.65,1041581.17344816
1783170900000,62612.65,62778.48,62610.61,62650.0,1358141.06155036
1783171800000,62650.0,62655.0,62555.0,62585.19,1159737.52566102
1783172700000,62585.19,62589.99,62545.0,62587.97,847127.53235505
1783173600000,62587.97,62685.0,62587.97,62664.12,551406.60177304
1783174500000,62664.12,62734.57,62635.98,62669.99,1005360.42273214
1783175400000,62669.99,62689.61,62625.54,62686.07,412555.57946275
1783176300000,62686.07,62715.0,62655.17,62693.46,667130.33852653
1783177200000,62693.46,63082.7,62693.46,62824.99,7622102.20997172
1783178100000,62824.99,62924.99,62755.01,62920.49,2071369.63530767
1783179000000,62920.49,63001.53,62840.01,62919.98,2555824.75235556
1783179900000,62919.98,63006.3,62860.01,62931.56,1920987.77561086
1783180800000,62931.56,62965.0,62772.07,62773.77,2942986.52540065
1783181700000,62773.77,62870.0,62773.77,62863.69,1175795.46983276
1783182600000,62863.69,62940.0,62862.65,62900.01,929770.2154448
1783183500000,62900.01,62963.45,62860.0,62917.72,1077225.56269105
1783184400000,62917.72,62944.08,62795.0,62859.99,1108647.04763252
1783185300000,62859.99,62980.57,62850.0,62978.79,735597.97754758
1783186200000,62978.79,63192.72,62978.79,63174.14,4665756.93865457
1783187100000,63174.14,63436.62,63147.64,63270.92,6482475.94150094
1783188000000,63270.92,63335.0,63180.0,63320.79,1202438.38390822
1783188900000,63320.79,63340.0,63140.01,63173.11,610312.26041809
1783189800000,63173.11,63173.11,63097.1,63115.01,925480.94008134
1783190700000,63115.01,63175.0,63090.67,63160.73,797300.23704754
1783191600000,63160.73,63237.95,63115.79,63167.08,1178532.20439567
1783192500000,63167.08,63375.0,63167.07,63365.0,1224831.95021512
1783193400000,63365.0,63461.14,63275.01,63364.76,1324243.32922556
1783194300000,63364.76,63364.76,63280.0,63295.01,976766.46934113
1783195200000,63295.01,63390.0,63281.0,63340.01,2471862.82929426
1783196100000,63340.01,63343.18,63145.0,63168.54,4188366.69210003
1783197000000,63168.54,63319.93,63155.43,63285.0,640551.13019136
1783197900000,63285.0,63329.42,63226.01,63232.51,436119.00452541
1783198800000,63232.51,63369.99,63200.0,63351.41,1097439.13483225
1783199700000,63351.41,63447.41,63350.0,63438.1,4047367.43032671
1783200600000,63438.1,63450.59,63288.36,63290.01,497423.07041261
1783201500000,63290.01,63330.0,63276.64,63300.32,147344.8711406
1783202400000,63300.32,63308.17,63211.87,63245.0,506196.65900197
1783203300000,63245.0,63305.0,63195.0,63217.07,1983107.41088008
1783204200000,63217.07,63240.0,63179.1,63209.42,376693.85132232
1783205100000,63209.42,63239.34,63160.0,63189.87,1533905.5755955
1783206000000,63189.87,63235.0,62988.0,62999.56,1592543.92788012
1783206900000,62999.56,63100.0,62935.0,63096.49,836715.22947337
1783207800000,63096.49,63222.17,63096.48,63208.83,478441.76723125
1783208700000,63208.83,63235.0,63138.02,63145.07,1115989.45773265
1783209600000,63145.07,63145.07,63015.01,63048.0,1589900.79207507
1783210500000,63048.0,63049.99,62975.01,63048.23,1304450.38093173
1783211400000,63048.23,63120.0,63000.0,63095.0,1719941.31645909
1783212300000,63095.0,63102.99,62873.69,62983.43,1391767.90503138
1783213200000,62983.43,63044.99,62920.01,62985.01,1122587.55288319
1783214100000,62985.01,62985.01,62840.03,62946.24,1280139.08621099
1783215000000,62946.24,62946.24,62800.0,62864.77,1386983.79727398
1783215900000,62864.77,62909.99,62835.0,62887.79,456676.64294834
1783216800000,62887.79,62924.99,62740.01,62740.62,2251160.70139936
1783217700000,62740.62,62784.99,62653.84,62757.02,1707653.69778076
1783218600000,62757.02,62795.0,62641.0,62645.0,868438.39472914
1783219500000,62645.0,62696.83,62592.82,62696.83,1184504.25623398
1783220400000,62696.83,62788.9,62696.83,62771.55,399666.3945348
1783221300000,62771.55,62774.99,62655.0,62670.0,419822.7494922
1783222200000,62670.0,62779.55,62669.99,62737.03,683486.24530578
1783223100000,62737.03,62796.95,62730.01,62770.01,262541.02922041
1783224000000,62770.01,62824.99,62712.66,62795.01,498812.2130194
1783224900000,62795.01,62892.4,62790.0,62861.02,598626.44223552
1783225800000,62861.02,62959.99,62861.02,62943.44,1242353.96864502
1783226700000,62943.44,62943.45,62815.97,62815.99,613079.54158768
1783227600000,62815.99,62815.99,62735.0,62750.01,336260.07456063
1783228500000,62750.01,62792.15,62745.01,62758.85,375099.42594009
1783229400000,62758.85,62809.88,62655.0,62670.37,663560.69914482
1783230300000,62670.37,62765.0,62670.37,62740.01,406566.79087618
1783231200000,62740.01,62742.23,62670.0,62718.67,587342.40888048
1783232100000,62718.67,62800.86,62715.0,62799.38,370796.18791201
1783233000000,62799.38,62824.9,62745.16,62758.84,217449.28567847
1783233900000,62758.84,62794.15,62740.0,62780.16,458709.94830129
1783234800000,62780.16,62800.0,62756.0,62759.35,553884.20494154
1783235700000,62759.35,62839.99,62720.0,62750.0,3024590.71454606
1783236600000,62750.0,62942.31,62750.0,62923.83,1395794.68284352
1783237500000,62923.83,63057.8,62896.97,63020.0,1618570.86308306
1783238400000,63020.0,63105.0,62950.0,63010.0,903224.22828965
1783239300000,63010.0,63049.08,62915.0,62934.78,758348.83499196
1783240200000,62934.78,62994.63,62910.0,62940.0,1200874.49706631
1783241100000,62940.0,62980.0,62895.0,62914.0,676123.72306673
1783242000000,62914.0,62928.73,62858.56,62873.23,1005963.1174309
1783242900000,62873.23,62877.58,62734.0,62735.31,653816.82358328
1783243800000,62735.31,62779.99,62435.01,62526.23,3587076.13860292
1783244700000,62526.23,62645.7,62510.01,62623.26,2496084.74735313
1783245600000,62623.26,62734.46,62540.3,62685.0,715795.89608382
1783246500000,62685.0,62735.0,62630.01,62695.67,948225.59332156
1783247400000,62695.67,62735.0,62667.51,62689.9,718054.42683827
1783248300000,62689.9,62756.3,62685.0,62756.29,940575.09381086
1783249200000,62756.29,62813.32,62678.01,62701.71,1531424.17517752
1783250100000,62701.71,62701.71,62610.0,62630.0,325809.42124238
1783251000000,62630.0,62727.67,62615.0,62702.96,993816.17608515
1783251900000,62702.96,62728.48,62638.0,62651.27,333430.61835278
1783252800000,62651.27,62653.15,62565.0,62619.02,1280000.93143436
1783253700000,62619.02,62754.08,62619.02,62750.48,821989.76205863
1783254600000,62750.48,62770.0,62632.51,62710.01,1783316.31131991
1783255500000,62710.01,62744.99,62705.01,62744.98,1135254.02420442
1783256400000,62744.98,62819.43,62695.01,62735.0,1548405.95133072
1783257300000,62735.0,62765.0,62640.01,62693.15,1785800.60709204
1783258200000,62693.15,62755.0,62675.01,62750.37,541504.34944183
1783259100000,62750.37,62819.44,62750.37,62793.61,1396113.48742635
1783260000000,62793.61,62819.44,62712.4,62742.62,772336.40580616
1783260900000,62742.62,62742.62,62670.01,62710.56,672710.10397503
1783261800000,62710.56,62788.89,62650.01,62740.45,891681.03206508
1783262700000,62740.45,62815.0,62712.0,62814.99,607462.56974889
1783263600000,62814.99,62943.56,62789.32,62815.0,1139370.24190102
1783264500000,62815.0,62822.11,62735.01,62769.33,640322.70595207
1783265400000,62769.33,62913.1,62690.0,62700.01,1046739.87934602
1783266300000,62700.01,62760.0,62675.0,62740.24,656849.58274467
1783267200000,62740.24,62777.37,62700.0,62711.43,772027.58534204
1783268100000,62711.43,62724.29,62598.93,62619.84,831226.56219216
1783269000000,62619.84,62668.53,62618.62,62626.44,667706.69822624
1783269900000,62626.44,62659.99,62598.85,62645.0,273450.13158133
1783270800000,62645.0,62740.0,62645.0,62719.79,257368.79327453
1783271700000,62719.79,62819.99,62685.07,62687.24,877353.59348717
1783272600000,62687.24,62710.0,62605.01,62605.01,696230.63533572
1783273500000,62605.01,62670.0,62593.5,62629.81,330422.56874333
1783274400000,62629.81,62689.97,62621.6,62656.48,315979.23829205
1783275300000,62656.48,62724.99,62656.48,62690.0,274809.94867289
1783276200000,62690.0,62764.98,62685.01,62764.4,320698.84788953
1783277100000,62764.4,62884.55,62736.61,62818.7,992175.35674139
1783278000000,62818.7,62869.99,62780.0,62845.0,510929.61188727
1783278900000,62845.0,62880.0,62726.01,62783.19,642388.43101639
1783279800000,62783.19,62834.93,62770.0,62801.23,315135.31488539
1783280700000,62801.23,62834.78,62765.01,62774.47,192474.45424859
1783281600000,62774.47,62844.95,62770.0,62820.0,413209.4154359
1783282500000,62820.0,62824.94,62705.0,62724.2,312862.87483544
1783283400000,62724.2,62745.0,62698.85,62745.0,175504.29341389
1783284300000,62745.0,62760.0,62735.83,62735.83,100857.62780118
1783285200000,62735.83,62764.99,62610.0,62737.03,753580.51742143
1783286100000,62737.03,62938.78,62720.0,62920.01,1077437.99665068
1783287000000,62920.01,63049.99,62892.98,63025.0,981564.90372718
1783287900000,63025.0,63222.75,62946.43,63090.05,2536143.40042818
1783288800000,63090.05,63223.11,63005.01,63218.73,1882358.19436081
1783289700000,63218.73,63735.0,63190.01,63710.0,7181979.3408558
1783290600000,63710.0,63948.92,63543.52,63559.82,3969916.78217343
1783291500000,63559.82,63739.99,63559.82,63738.0,2334879.43925563
1783292400000,63738.0,63989.93,63710.01,63975.0,1880240.05002575
1783293300000,63975.0,63998.73,63670.01,63676.48,2388323.86367887
1783294200000,63676.48,63730.0,63625.0,63695.01,993134.10967498
1783295100000,63695.01,63695.01,63570.0,63647.6,975323.51040391
1783296000000,63647.6,63709.98,63475.0,63590.0,1230067.37721581
1783296900000,63590.0,63705.0,63410.38,63410.38,1822202.34004207
1783297800000,63410.38,63650.0,63345.33,63600.06,1284967.16420653
1783298700000,63600.06,63770.0,63600.06,63759.17,1235745.95923521
1783299600000,63759.17,63853.72,63685.01,63810.0,1023656.97905299
1783300500000,63810.0,63845.0,63600.01,63739.95,1227187.22268025
1783301400000,63739.95,63918.36,63690.0,63720.0,1495525.44819766
1783302300000,63720.0,63720.0,63545.56,63568.99,942904.89598666
1783303200000,63568.99,63669.99,63411.22,63453.79,2376518.24752866
1783304100000,63453.79,63658.84,63440.0,63520.04,2113795.77926521
1783305000000,63520.04,63629.99,63388.0,63391.67,1655503.69914458
1783305900000,63391.67,63489.99,63374.64,63465.0,1048045.58613774
1783306800000,63465.0,63495.12,63400.0,63411.68,662968.62497804
1783307700000,63411.68,63425.0,63200.0,63224.99,1259776.32698139
1783308600000,63224.99,63324.65,63135.25,63208.02,1766112.20296485
1783309500000,63208.02,63295.0,63190.01,63295.0,801123.48500769
1783310400000,63295.0,63388.51,63240.0,63342.2,643396.26870995
1783311300000,63342.2,63359.99,63190.0,63234.52,995880.30053444
1783312200000,63234.52,63403.44,63196.13,63310.08,1380822.49262627
1783313100000,63310.08,63354.99,63235.01,63269.48,589227.71329592
1783314000000,63269.48,63269.48,63165.0,63207.95,777397.92967132
1783314900000,63207.95,63240.0,62993.8,63010.42,3268910.37494802
1783315800000,63010.42,63159.99,62950.0,63105.0,2197970.8084498
1783316700000,63105.0,63168.08,63082.59,63115.0,684151.85549775
1783317600000,63115.0,63149.75,63043.98,63119.23,859939.66059834
1783318500000,63119.23,63156.28,63001.71,63034.77,1584496.82477669
1783319400000,63034.77,63074.27,62975.0,63074.27,1891131.26534428
1783320300000,63074.27,63091.82,62985.0,62987.0,678622.58628463
1783321200000,62987.0,62987.0,62890.0,62962.8,1571979.19399923
1783322100000,62962.8,63035.0,62953.24,62970.0,1309305.83144529
1783323000000,62970.0,63120.0,62920.0,63106.68,942456.32001292
1783323900000,63106.68,63125.0,63067.98,63096.16,1436963.02645276
1783324800000,63096.16,63248.74,63007.01,63059.7,1819170.75240491
1783325700000,63059.7,63090.69,62985.7,63070.0,1026683.7323457
1783326600000,63070.0,63070.0,62833.34,62915.46,1197219.54212789
1783327500000,62915.46,62948.3,62885.0,62906.25,1126824.84567945
1783328400000,62906.25,62915.57,62845.01,62865.91,1124685.91504352
1783329300000,62865.91,62884.26,62731.33,62754.99,5031871.82858868
1783330200000,62754.99,62764.2,62633.0,62690.03,2285702.10260818
1783331100000,62690.03,62695.0,62630.0,62666.01,2025117.22967021
1783332000000,62666.01,62845.0,62666.0,62841.38,1370068.35947529
1783332900000,62841.38,62880.0,62837.4,62880.0,1597362.19174925
1783333800000,62880.0,63034.24,62877.01,62922.49,1400972.75209149
1783334700000,62922.49,62924.78,62803.23,62818.56,1865546.33064954
1783335600000,62818.56,62882.08,62800.0,62804.11,1007627.61986769
1783336500000,62804.11,62922.25,62780.0,62882.51,1689707.5581549
1783337400000,62882.51,62994.99,62875.0,62966.01,1375630.20856989
1783338300000,62966.01,62999.29,62480.42,62480.42,4915415.45916412
1783339200000,62480.42,62485.0,61850.0,61995.0,14313618.87276976
1783340100000,61995.0,62150.03,61910.0,62081.25,4313179.49750347
1783341000000,62081.25,62189.99,61778.0,61810.52,2643992.04733015
1783341900000,61810.52,61901.09,61675.08,61748.83,3668547.32847922
1783342800000,61748.83,61822.37,61593.49,61640.86,3928428.52242553
1783343700000,61640.86,61708.83,61430.87,61461.91,4300190.28059928
1783344600000,61461.91,61669.99,61315.0,61645.99,7828913.13763644
1783345500000,61645.99,62030.04,61621.0,61770.0,5386693.67776527
1783346400000,61770.0,61990.0,61745.33,61930.42,2648777.90642576
1783347300000,61930.42,62410.53,61714.0,62080.0,8023824.86160482
1783348200000,62080.0,62214.56,61950.62,62045.75,3834079.83370087
1783349100000,62045.75,62065.0,61885.17,62044.35,3230911.72408396
1783350000000,62044.35,62579.85,62044.35,62480.96,4077171.39285015
1783350900000,62480.96,62552.25,62312.83,62460.1,2858484.03930184
1783351800000,62460.1,62953.3,62271.04,62914.11,7617770.3418157
1783352700000,62914.11,63549.99,62805.99,63541.57,11704087.73930388
1783353600000,63541.57,63866.58,63386.24,63750.33,6673069.27692792
1783354500000,63750.33,63799.99,63405.91,63475.03,3670092.24835662
1783355400000,63475.03,63818.24,63462.19,63740.42,3211932.29694414
1783356300000,63740.42,63785.81,63665.37,63733.99,1139337.74371589
1783357200000,63733.99,63945.0,63669.92,63852.0,2945087.19154248
1783358100000,63852.0,63975.0,63823.43,63889.82,1768407.35647252
1783359000000,63889.82,63940.0,63660.73,63710.0,3070786.37389379
1783359900000,63710.0,63758.42,63570.01,63584.71,1309335.69598645
1783360800000,63584.71,63755.0,63560.0,63695.0,1896593.35607673
1783361700000,63695.0,63890.0,63615.01,63760.0,1243904.15774497
1783362600000,63760.0,63848.45,63695.01,63799.9,1256175.59400364
1783363500000,63799.9,63818.89,63687.97,63695.59,1077170.21040847
1783364400000,63695.59,63758.34,63652.0,63750.0,1021341.53935705
1783365300000,63750.0,63890.0,63737.26,63840.4,1926929.53458616
1783366200000,63840.4,63853.68,63763.34,63841.97,730901.57370725
1783367100000,63841.97,63872.23,63710.01,63734.39,1278610.62839848
1783368000000,63734.39,63751.12,63590.5,63602.72,877292.63564408
1783368900000,63602.72,63760.0,63600.79,63752.77,769295.8246934
1783369800000,63752.77,63884.99,63750.01,63829.99,974137.48236541
1783370700000,63829.99,63893.89,63780.0,63820.42,672948.020427
1783371600000,63820.42,64710.0,63807.18,64302.72,19153175.5491427
1783372500000,64302.72,64370.0,64193.58,64218.19,2564271.65842186
1783373400000,64218.19,64313.94,64150.0,64218.75,1406113.81256561
1783374300000,64218.75,64529.99,64168.0,64483.68,5865991.01132246
1783375200000,64483.68,64499.33,64290.01,64363.85,1079858.30368218
1783376100000,64363.85,64474.91,64195.82,64214.89,988166.48768364
1783377000000,64214.89,64227.6,64168.97,64202.76,725641.02077963
1783377900000,64202.76,64289.12,64150.01,64240.0,738618.85822567
1783378800000,64240.0,64339.99,64222.48,64268.57,927786.74814392
1783379700000,64268.57,64289.98,64086.37,64095.95,1162779.30525832
1783380600000,64095.95,64174.99,64066.83,64066.83,592735.19068239
1783381500000,64066.83,64119.99,64016.44,64039.95,771582.0803587
1783382400000,64039.95,64099.99,64015.01,64028.84,1945895.11160871
1783383300000,64028.84,64311.79,64000.17,64245.01,1656772.62184383
1783384200000,64245.01,64254.99,64020.01,64079.24,1489807.8204799
1783385100000,64079.24,64269.99,64079.24,64199.17,1091620.17453686
1783386000000,64199.17,64199.18,63870.65,63966.09,2102297.74746892
1783386900000,63966.09,64049.99,63920.01,63939.83,761631.81727954
1783387800000,63939.83,63973.9,63780.8,63945.0,3872045.80880406
1783388700000,63945.0,64014.99,63820.0,63839.05,1049254.1889382
1783389600000,63839.05,63905.0,63784.36,63823.84,1021847.41274977
1783390500000,63823.84,63870.0,63558.49,63565.0,2008234.34718327
1783391400000,63565.0,63600.31,63435.08,63595.13,1687412.3356553
1783392300000,63595.13,63610.64,63282.39,63322.06,1635867.75114136
1783393200000,63322.06,63414.99,63266.43,63330.01,1514193.75266137
1783394100000,63330.01,63374.99,63235.0,63286.75,959396.07055452
1783395000000,63286.75,63354.55,63178.95,63214.99,1156585.85514644
1783395900000,63214.99,63215.0,63155.0,63189.99,1390120.86319226
1783396800000,63189.99,63260.0,63142.87,63195.01,1638171.1386262
1783397700000,63195.01,63283.34,63165.49,63267.99,1945519.4855225
1783398600000,63267.99,63289.99,63155.89,63155.9,3593756.59018299
1783399500000,63155.9,63170.0,63065.0,63100.01,1356553.92826552
1783400400000,63100.01,63117.57,62795.0,62819.99,1687050.09900356
1783401300000,62819.99,63002.03,62812.0,62941.47,1128716.38068397
1783402200000,62941.47,63195.0,62941.47,63169.05,1813407.30243732
1783403100000,63169.05,63265.0,63121.0,63127.08,1317364.24342401
1783404000000,63127.08,63224.99,62990.0,63039.1,1880584.10873647
1783404900000,63039.1,63179.55,63039.1,63169.95,1056287.8270533
1783405800000,63169.95,63286.79,63141.12,63265.0,1433388.2850733
1783406700000,63265.0,63409.99,63245.0,63344.53,2007054.72419937
1783407600000,63344.53,63450.0,63306.05,63398.45,836522.77242669
1783408500000,63398.45,63403.82,63240.0,63248.28,1868642.68195719
1783409400000,63248.28,63275.0,63090.01,63156.0,1370939.35389831
1783410300000,63156.0,63187.28,63075.0,63086.34,1426582.38375546
1783411200000,63086.34,63185.69,63035.0,63120.03,1097115.31726823
1783412100000,63120.03,63170.0,63055.0,63084.99,1915147.27351077
1783413000000,63084.99,63118.1,62978.72,63095.0,2027761.08603807
1783413900000,63095.0,63145.0,63026.0,63105.01,1293755.09751327
1783414800000,63105.01,63250.0,63060.0,63250.0,1360852.15250989
1783415700000,63250.0,63250.0,63173.59,63173.59,1093816.0116672
1783416600000,63173.59,63298.92,63154.0,63293.53,593684.0328109
1783417500000,63293.53,63345.33,63237.01,63254.49,1305369.63303361
1783418400000,63254.49,63464.99,63250.95,63361.66,2955200.48002965
1783419300000,63361.66,63460.0,63310.01,63310.01,1573076.90199686
1783420200000,63310.01,63310.01,63225.49,63280.0,1521514.3697256
1783421100000,63280.0,63284.35,63240.0,63283.98,356433.33719295
1783422000000,63283.98,63285.0,63111.84,63156.29,1856067.09445603
1783422900000,63156.29,63229.99,63125.01,63174.91,1081748.66265961
1783423800000,63174.91,63263.91,63130.0,63263.91,2397637.69633114
1783424700000,63263.91,63454.99,63263.91,63407.59,4272177.68390062
1783425600000,63407.59,63878.91,63398.27,63815.48,5259007.48803571
1783426500000,63815.48,63816.85,63645.01,63709.14,2715581.36078539
1783427400000,63709.14,63709.14,63495.0,63614.19,1612247.19219098
1783428300000,63614.19,63614.19,63457.0,63479.99,1038275.44916838
1783429200000,63479.99,63480.0,63271.59,63337.3,1215121.43141973
1783430100000,63337.3,63364.99,63081.67,63113.64,1380497.41929796
1783431000000,63113.64,63254.99,62986.0,63174.99,4933638.84762784
1783431900000,63174.99,63414.59,63013.0,63055.0,2241803.03892243
1783432800000,63055.0,63267.43,62876.62,62980.08,4039547.95491763
1783433700000,62980.08,63145.0,62927.0,63144.44,2648401.88302799
1783434600000,63144.44,63240.0,62670.59,62939.25,6583166.1626002
1783435500000,62939.25,63636.95,62939.24,63561.38,7014368.07395302
1783436400000,63561.38,63628.74,63375.46,63520.0,3505570.14711009
1783437300000,63520.0,63804.68,63495.22,63749.02,2199828.4556407
1783438200000,63749.02,63994.99,63675.01,63838.87,4880820.64300224
1783439100000,63838.87,64115.0,63838.87,63932.15,3420288.81299749
1783440000000,63932.15,64042.44,63817.0,63872.12,1231794.54368868
1783440900000,63872.12,64075.0,63812.67,64005.0,2243102.58322578
1783441800000,64005.0,64090.0,63940.0,64049.99,1113818.33107203
1783442700000,64049.99,64247.75,63980.37,63986.31,1700274.95618629
1783443600000,63986.31,64139.99,63970.0,64010.47,2087997.67340104
1783444500000,64010.47,64159.99,63895.74,64152.24,3003370.31470508
1783445400000,64152.24,64236.14,64095.0,64236.13,967957.30721593
1783446300000,64236.13,64236.14,64125.0,64188.2,948807.71440008
1783447200000,64188.2,64190.0,64005.0,64030.0,792667.83400888
1783448100000,64030.0,64149.84,63972.0,63990.69,1325679.52822726
1783449000000,63990.69,64089.48,63955.0,64089.48,695105.14118883
1783449900000,64089.48,64139.26,63667.79,63682.07,5517152.53455615
1783450800000,63682.07,63771.37,63522.86,63531.79,3338559.25002023
1783451700000,63531.79,63679.97,63383.5,63600.19,2755653.12093144
1783452600000,63600.19,63814.09,63600.19,63798.09,1192182.68029922
1783453500000,63798.09,63899.71,63780.0,63822.92,1836147.52772683
1783454400000,63822.92,63904.43,63692.0,63779.65,1531908.60236745
1783455300000,63779.65,63815.0,63706.16,63730.54,786855.68858248
1783456200000,63730.54,63742.64,63623.0,63678.34,719234.13700798
1783457100000,63678.34,63700.0,63620.0,63700.0,936067.9228822
1783458000000,63700.0,63865.0,63700.0,63788.9,764660.24059653
1783458900000,63788.9,63788.9,63392.52,63520.0,1948675.87519083
1783459800000,63520.0,63525.0,63310.78,63403.72,875278.80145935
1783460700000,63403.72,63519.99,63374.0,63424.44,895728.6049799
1783461600000,63424.44,63464.99,63215.0,63454.26,1241942.49208083
1783462500000,63454.26,63510.0,63386.75,63458.98,659651.94207562
1783463400000,63458.98,63662.52,63430.01,63611.18,836899.25969442
1783464300000,63611.18,63611.18,63495.44,63549.62,837576.25162779
1783465200000,63549.62,63670.0,63525.0,63640.0,717949.63433754
1783466100000,63640.0,63710.0,63620.45,63654.59,429888.34664499
1783467000000,63654.59,63660.31,63445.57,63445.57,469696.60557939
1783467900000,63445.57,63454.12,63320.23,63364.99,538269.53388593
1783468800000,63364.99,63510.0,63305.0,63491.67,928818.56446618
1783469700000,63491.67,63680.0,63415.59,63604.74,1675961.34266203
1783470600000,63604.74,63759.99,63550.0,63712.29,527591.87022205
1783471500000,63712.29,63715.0,63583.44,63609.77,1565827.72163806
1783472400000,63609.77,63649.32,63475.01,63631.01,785595.54458784
1783473300000,63631.01,63631.01,63425.87,63425.87,655908.04955096
1783474200000,63425.87,63449.99,62922.29,63155.8,5786248.43524131
1783475100000,63155.8,63219.77,62975.0,63040.01,1091575.50829109
1783476000000,63040.01,63040.01,62819.45,62892.0,1864458.49719317
1783476900000,62892.0,62989.84,62812.1,62890.57,1618414.58152164
1783477800000,62890.57,62978.38,62538.59,62978.38,2562433.43749057
1783478700000,62978.38,63069.37,62898.96,62985.0,916659.13586553
1783479600000,62985.0,63097.98,62981.3,63072.92,781322.62334231
1783480500000,63072.92,63072.93,62975.0,63058.69,552225.38847104
1783481400000,63058.69,63058.7,62920.0,62954.59,382634.06694807
1783482300000,62954.59,62954.59,62700.01,62768.87,1184921.52069778
1783483200000,62768.87,62859.99,62736.71,62802.58,1162707.45353964
1783484100000,62802.58,62901.11,62802.58,62879.96,360477.51356852
1783485000000,62879.96,62904.99,62716.61,62742.67,1034923.8722011
1783485900000,62742.67,62814.55,62677.24,62800.37,1431311.40172822
1783486800000,62800.37,62878.12,62755.0,62801.91,589044.73924186
1783487700000,62801.91,62853.87,62722.01,62772.71,1268722.4507075
1783488600000,62772.71,62779.67,62620.01,62620.01,932642.87142594
1783489500000,62620.01,62687.67,62555.56,62641.12,1289277.38713445
1783490400000,62641.12,62648.63,62565.0,62627.46,429974.32989318
1783491300000,62627.46,62714.71,62480.49,62624.91,2119226.07126341
1783492200000,62624.91,62634.98,62477.88,62544.95,1730941.60781632
1783493100000,62544.95,62749.99,62531.44,62659.99,1389182.88103267
1783494000000,62659.99,62753.15,62555.0,62746.17,2424766.41783341
1783494900000,62746.17,62829.41,62676.52,62815.01,1390810.47240081
1783495800000,62815.01,62884.33,62769.36,62822.99,2063951.11606165
1783496700000,62822.99,62899.14,62808.01,62884.82,562900.21593201
1783497600000,62884.82,62940.0,62787.0,62825.47,2273802.91104396
1783498500000,62825.47,62848.11,62083.33,62083.33,7506687.52569979
1783499400000,62083.33,62161.75,61862.61,62050.0,7202271.08780702
1783500300000,62050.0,62342.65,62000.73,62019.37,3646213.40153322
1783501200000,62019.37,62119.2,61883.0,61883.0,3961803.20339688
1783502100000,61883.0,61940.0,61742.48,61939.99,4366580.24025073
1783503000000,61939.99,62175.0,61939.99,62142.74,5060830.11867329
1783503900000,62142.74,62145.0,62052.0,62059.81,1397961.31173155
1783504800000,62059.81,62095.88,61905.01,62004.26,3516464.48124701
1783505700000,62004.26,62119.99,61985.0,62119.99,2172728.87731436
1783506600000,62119.99,62174.93,62070.0,62145.0,2256535.53150274
1783507500000,62145.0,62196.88,62102.06,62182.36,1933947.70211132
1783508400000,62182.36,62189.99,62071.8,62115.14,2174186.50972559
1783509300000,62115.14,62169.99,62060.38,62120.0,778479.86527888
1783510200000,62120.0,62393.0,62085.0,62335.72,3068204.51630786
1783511100000,62335.72,62354.99,62235.0,62299.99,2245758.21896334
1783512000000,62299.99,62422.27,62207.0,62322.81,2631087.18676183
1783512900000,62322.81,62369.99,62225.0,62283.28,755283.11009222
1783513800000,62283.28,62299.99,62090.0,62096.86,1640034.28540353
1783514700000,62096.86,62155.0,61952.57,61957.83,1824351.16060833
1783515600000,61957.83,61997.23,61846.16,61924.54,1093498.14312688
1783516500000,61924.54,61935.0,61752.24,61825.99,2162723.52303021
1783517400000,61825.99,62091.19,61825.99,61962.0,3431455.8224983
1783518300000,61962.0,61962.83,61640.0,61944.97,4468391.99435111
1783519200000,61944.97,62145.0,61916.4,62043.47,3821776.46815482
1783520100000,62043.47,62173.43,61826.0,62003.51,4571175.13068062
1783521000000,62003.51,62036.47,61856.0,61910.03,2302441.40535713
1783521900000,61910.03,62043.83,61715.52,61893.21,2302945.48343749
1783522800000,61893.21,61924.04,61580.01,61605.0,2201486.445522
1783523700000,61605.0,61714.07,61543.32,61630.37,3497193.20368802
1783524600000,61630.37,61792.96,61588.0,61621.03,2158708.5162507
1783525500000,61621.03,61727.22,61595.0,61702.52,1094040.32344435
1783526400000,61702.52,61895.28,61690.0,61830.01,1424957.29130575
1783527300000,61830.01,61986.11,61786.28,61915.0,1492922.52175657
1783528200000,61915.0,62083.06,61790.01,62057.82,2037456.44522288
1783529100000,62057.82,62149.53,62006.74,62112.18,944258.65066232
1783530000000,62112.18,62145.0,62033.16,62063.56,1093038.93516335
1783530900000,62063.56,62306.47,62045.0,62306.46,1005684.99739209
1783531800000,62306.46,62390.78,62240.01,62259.75,1435813.29625706
1783532700000,62259.75,62269.14,62055.0,62103.86,743427.92823041
1783533600000,62103.86,62299.99,62090.51,62287.73,1147208.1448086
1783534500000,62287.73,62350.0,62187.35,62190.0,772762.49028808
1783535400000,62190.0,62190.01,62040.0,62090.0,940681.2439967
1783536300000,62090.0,62276.71,62080.01,62180.7,1007525.98982661
1783537200000,62180.7,62264.87,62093.92,62094.13,1142434.96159993
1783538100000,62094.13,62238.2,62066.58,62231.28,621326.86310406
1783539000000,62231.28,62282.35,62206.12,62282.35,490054.2854915
1783539900000,62282.35,62290.0,62122.43,62279.57,1888758.37873192
1783540800000,62279.57,62306.42,62180.01,62254.34,1932956.17596017
1783541700000,62254.34,62265.0,62146.96,62265.0,911614.95447429
1783542600000,62265.0,62265.0,62106.97,62192.92,612352.31892891
1783543500000,62192.92,62237.29,62081.21,62099.01,1418898.09675986
1783544400000,62099.01,62144.99,61957.0,62002.91,1586815.84823535
1783545300000,62002.91,62102.15,61982.06,62102.15,529410.12152604
1783546200000,62102.15,62153.23,62060.14,62087.69,1690766.80447158
1783547100000,62087.69,62248.13,62075.46,62189.18,787938.57835078
1783548000000,62189.18,62350.0,62180.07,62210.85,835317.24431372
1783548900000,62210.85,62299.99,62175.0,62299.99,329458.59373122
1783549800000,62299.99,62330.0,62244.99,62320.0,566283.56727873
1783550700000,62320.0,62333.01,62255.78,62333.01,390397.52175228
1783551600000,62333.01,62347.07,62276.41,62322.87,470027.9408127
1783552500000,62322.87,62322.88,62210.01,62260.0,351625.07641362
1783553400000,62260.0,62264.99,62171.06,62258.06,1089878.32340089
1783554300000,62258.06,62320.0,62230.01,62285.94,709866.64904663
1783555200000,62285.94,62310.0,62154.01,62240.45,918450.72189668
1783556100000,62240.45,62252.61,62111.0,62193.08,835777.61968078
1783557000000,62193.08,62277.13,62085.02,62200.0,755348.91963574
1783557900000,62200.0,62245.0,62055.79,62125.37,1093058.88345222
1783558800000,62125.37,62647.4,62115.34,62403.77,5045257.9048293
1783559700000,62403.77,62551.93,62361.0,62391.0,1815551.58018755
1783560600000,62391.0,62410.0,62055.74,62113.28,1888178.15113531
1783561500000,62113.28,62120.0,61841.71,61910.99,2364753.31548309
1783562400000,61910.99,62085.0,61804.64,62080.74,1117425.20156824
1783563300000,62080.74,62119.24,61958.0,62006.96,848742.62369652
1783564200000,62006.96,62031.4,61804.0,61815.53,1159703.39030593
1783565100000,61815.53,61842.38,61697.63,61785.01,2127349.0314827
1783566000000,61785.01,61864.1,61732.0,61857.62,1157560.77687294
1783566900000,61857.62,61948.52,61734.19,61914.57,1190601.8765696
1783567800000,61914.57,62064.52,61876.26,61979.99,921294.40317011
1783568700000,61979.99,62009.99,61911.95,61979.5,633170.50335483
1783569600000,61979.5,62092.37,61958.05,62031.91,1392914.77674664
1783570500000,62031.91,62121.21,62014.01,62091.66,1024756.19998727
1783571400000,62091.66,62305.21,62088.21,62304.72,1254031.97916065
1783572300000,62304.72,62459.99,62275.01,62455.67,2709747.53591228
1783573200000,62455.67,62629.1,62369.94,62497.37,3142300.46924211
1783574100000,62497.37,62534.19,62270.0,62303.76,2364319.19938133
1783575000000,62303.76,62409.99,62235.85,62375.0,755230.17831506
1783575900000,62375.0,62591.69,62356.88,62591.69,1230181.32471666
1783576800000,62591.69,62763.55,62484.58,62527.16,1999620.66797745
1783577700000,62527.16,62859.74,62492.3,62818.66,5952429.32498256
1783578600000,62818.66,62850.0,62735.44,62850.0,2253348.74565512
1783579500000,62850.0,62978.72,62815.15,62956.87,1292732.32481415
1783580400000,62956.87,63176.31,62831.0,62937.47,3218162.52171644
1783581300000,62937.47,63086.39,62844.0,62914.56,2448038.00566946
1783582200000,62914.56,63044.19,62795.01,63044.18,1742059.1011461
1783583100000,63044.18,63280.36,62965.01,62998.69,2239232.61387158
1783584000000,62998.69,63024.99,62910.26,62951.35,1570676.87322566
1783584900000,62951.35,63050.0,62930.0,63046.75,1417281.63477001
1783585800000,63046.75,63083.08,62980.21,63035.01,871174.13637952
1783586700000,63035.01,63037.61,62842.26,62895.92,1249912.56489142
1783587600000,62895.92,62937.76,62814.12,62859.45,1017737.13111121
1783588500000,62859.45,62931.93,62826.0,62924.01,1973053.19875424
1783589400000,62924.01,63001.24,62785.17,62798.28,2162435.68334456
1783590300000,62798.28,62963.56,62790.0,62947.34,2159172.38903359
1783591200000,62947.34,63053.4,62905.85,63000.0,2013494.70394658
1783592100000,63000.0,63015.66,62870.0,62878.14,1874283.15518358
1783593000000,62878.14,62945.0,62852.67,62904.99,996664.99429109
1783593900000,62904.99,62904.99,62682.77,62781.13,2882917.09682207
1783594800000,62781.13,62829.76,62750.0,62803.72,1741820.63715444
1783595700000,62803.72,62803.72,62660.0,62704.62,2296350.00542337
1783596600000,62704.62,62729.99,62616.35,62664.04,2065380.42124059
1783597500000,62664.04,62814.99,62617.02,62785.0,1922995.01835192
1783598400000,62785.0,62875.0,62657.0,62781.0,1883063.05964859
1783599300000,62781.0,62850.0,62625.0,62815.01,25041825.64354298
1783600200000,62815.01,62953.48,62575.01,62613.1,20094101.59010406
1783601100000,62613.1,62670.0,62460.01,62612.0,3541481.14637056
1783602000000,62612.0,62920.56,62611.03,62875.01,1404139.23819066
1783602900000,62875.01,62875.01,62690.0,62724.53,2073877.20332723
1783603800000,62724.53,62973.15,62520.34,62973.15,4165357.54404744
1783604700000,62973.15,63243.23,62815.01,63025.81,3381301.00610722
1783605600000,63025.81,63144.15,62857.15,62930.26,2429773.86228214
1783606500000,62930.26,62930.26,62663.75,62880.0,4392483.84679783
1783607400000,62880.0,62997.92,62746.01,62916.34,1842126.09744968
1783608300000,62916.34,63043.29,62787.52,63013.55,1570324.17326734
1783609200000,63013.55,63207.8,62922.0,63095.37,1853596.05810179
1783610100000,63095.37,63261.34,62941.01,62994.01,2809837.65657001
1783611000000,62994.01,63089.99,62877.69,62977.0,1672543.40819617
1783611900000,62977.0,63048.65,62811.69,62867.0,1362833.41199087
1783612800000,62867.0,62996.99,62825.46,62858.0,1097416.38866719
1783613700000,62858.0,62883.32,62560.87,62714.98,3710103.15988913
1783614600000,62714.98,62795.0,62685.0,62728.69,747998.44182861
1783615500000,62728.69,62739.8,62610.0,62704.01,643000.96541107
1783616400000,62704.01,62801.52,62671.0,62703.55,788460.13764053
1783617300000,62703.55,62853.45,62703.55,62839.99,632085.20673927
1783618200000,62839.99,63048.38,62760.01,63029.99,1772754.80942662
1783619100000,63029.99,63165.42,63016.05,63137.96,1681220.94281824
1783620000000,63137.96,63498.52,63072.01,63390.01,3157131.88659574
1783620900000,63390.01,63418.82,63250.0,63380.9,1530005.46418136
1783621800000,63380.9,63415.0,63257.0,63313.65,1187198.05478438
1783622700000,63313.65,63355.0,63190.0,63216.57,1650348.644927
1783623600000,63216.57,63274.79,63187.53,63206.55,1238213.1071142
1783624500000,63206.55,63278.26,63152.66,63265.01,811867.50409122
1783625400000,63265.01,63377.64,63229.22,63365.01,357256.50539623
1783626300000,63365.01,63370.86,63225.19,63246.98,1521101.8554217
1783627200000,63246.98,63282.4,63175.01,63205.3,632711.57305218
1783628100000,63205.3,63317.06,63190.0,63283.25,343023.77520023
1783629000000,63283.25,63322.24,63250.0,63314.99,339619.92339039
1783629900000,63314.99,63320.0,63245.01,63313.13,849652.82492178
1783630800000,63313.13,63394.99,63285.01,63321.77,658525.84962866
1783631700000,63321.77,63345.0,63240.52,63244.33,226349.51277594
1783632600000,63244.33,63275.0,63210.0,63220.01,204794.92839369
1783633500000,63220.01,63283.28,63220.01,63269.5,286334.65435668
1783634400000,63269.5,63338.8,63235.0,63250.08,716009.65036041
1783635300000,63250.08,63378.56,63250.08,63344.01,497321.02045516
1783636200000,63344.01,63413.2,63262.0,63359.13,719831.30609503
1783637100000,63359.13,63389.99,63211.38,63211.39,813192.43249763
1783638000000,63211.39,63248.2,63177.0,63177.0,234693.27654102
1783638900000,63177.0,63325.0,63056.4,63231.41,2102065.18323921
1783639800000,63231.41,63294.22,63158.0,63284.91,365721.58779895
1783640700000,63284.91,63315.0,63228.0,63228.0,528175.44103563
1783641600000,63228.0,63240.99,63123.0,63216.66,434815.94402361
1783642500000,63216.66,63248.57,63068.27,63095.24,671699.56541891
1783643400000,63095.24,63168.16,62918.76,63047.44,1493254.50640713
1783644300000,63047.44,63111.3,62990.36,63111.3,303761.27188182
1783645200000,63111.3,63125.0,62957.46,63125.0,360923.10800843
1783646100000,63125.0,63395.0,63125.0,63390.0,599082.3675966
1783647000000,63390.0,63456.67,63329.0,63390.0,796992.56367478
1783647900000,63390.0,63947.55,63382.1,63749.66,6933065.06767904
1783648800000,63749.66,63885.0,63691.02,63865.0,3031384.39432947
1783649700000,63865.0,63949.89,63810.01,63815.0,646535.29263799
1783650600000,63815.0,63917.65,63775.0,63865.0,1471993.5138141
1783651500000,63865.0,64046.47,63843.0,63960.53,1279389.7752118
1783652400000,63960.53,63995.24,63843.58,63922.05,3656602.99466128
1783653300000,63922.05,63922.05,63842.11,63844.39,588834.47511421
1783654200000,63844.39,63936.04,63819.47,63936.03,750634.1081835
1783655100000,63936.03,64046.48,63907.66,63941.64,1127282.06190331
1783656000000,63941.64,64026.6,63932.28,63973.17,1044818.84456854
1783656900000,63973.17,64043.52,63890.0,63890.01,1312940.35821079
1783657800000,63890.01,64152.41,63855.01,64093.18,3509510.4610211
1783658700000,64093.18,64174.17,64026.42,64042.11,901494.3890932
1783659600000,64042.11,64042.12,63946.05,63983.86,645612.57398086
1783660500000,63983.86,64008.66,63940.0,63974.99,878553.42799853
1783661400000,63974.99,64203.17,63960.01,64173.18,2221506.34929419
1783662300000,64173.18,64179.99,64071.98,64115.0,811659.67180682
1783663200000,64115.0,64157.78,64020.5,64027.26,1527674.83141485
1783664100000,64027.26,64041.88,63867.0,63905.07,1304007.83869168
1783665000000,63905.07,63940.0,63870.01,63889.99,1087590.31839426
1783665900000,63889.99,63923.44,63832.01,63854.26,1110912.33441299
1783666800000,63854.26,63917.49,63803.98,63917.49,699924.2546696
1783667700000,63917.49,64008.41,63865.0,63964.01,1580638.79587594
1783668600000,63964.01,63964.01,63910.0,63954.98,1672859.61287714
1783669500000,63954.98,64006.15,63922.41,63981.64,2518839.4176576
1783670400000,63981.64,64039.48,63975.0,64022.63,1713415.11038757
1783671300000,64022.63,64390.0,64022.63,64328.17,4516793.73629063
1783672200000,64328.17,64359.99,64170.01,64189.99,1431983.26835274
1783673100000,64189.99,64279.61,64125.17,64238.02,1128288.4803654
1783674000000,64238.02,64270.68,64100.0,64207.99,2057705.81459514
1783674900000,64207.99,64412.5,64201.75,64412.49,1599128.01031354
1783675800000,64412.49,64469.56,64356.35,64459.49,1940057.51233186
1783676700000,64459.49,64478.8,64380.0,64381.0,1170313.17126529
1783677600000,64381.0,64404.99,64269.43,64293.69,1709663.16090414
1783678500000,64293.69,64435.0,64284.62,64434.99,1849744.82022741
1783679400000,64434.99,64490.99,64365.0,64475.0,1581706.78333338
1783680300000,64475.0,64487.27,64398.92,64399.0,558137.63427967
1783681200000,64399.0,64474.54,64392.86,64448.87,863233.77470598
1783682100000,64448.87,64467.58,64357.41,64412.46,2071176.13353488
1783683000000,64412.46,64417.18,64335.81,64392.16,1469244.52291293
1783683900000,64392.16,64479.4,64380.42,64423.31,1648610.73227238
1783684800000,64423.31,64613.39,64330.0,64536.67,4376509.37139334
1783685700000,64536.67,64538.79,64365.0,64495.16,1525420.52483466
1783686600000,64495.16,64518.82,64352.61,64364.18,1572295.62544943
1783687500000,64364.18,64383.16,64270.0,64289.39,1001724.82895446
1783688400000,64289.39,64341.45,64238.93,64241.58,1549562.6288775
1783689300000,64241.58,64275.0,64149.53,64163.58,1609566.1039538
1783690200000,64163.58,64440.0,64155.0,64375.81,2489042.20905378
1783691100000,64375.81,64698.88,64374.07,64482.54,3908218.88772445
1783692000000,64482.54,64515.0,64183.6,64208.01,3647444.5884412
1783692900000,64208.01,64255.0,63961.01,64137.0,3957369.29381627
1783693800000,64137.0,64327.86,63789.51,64105.0,5295659.85298871
1783694700000,64105.0,64143.47,63896.12,63914.06,1728929.71890334
1783695600000,63914.06,64074.99,63896.0,63988.18,1960979.68687222
1783696500000,63988.18,64212.49,63986.75,64136.0,1643619.2998491
1783697400000,64136.0,64164.09,63939.15,63955.52,1600540.25271366
1783698300000,63955.52,64041.06,63936.0,64039.99,964110.07144618
1783699200000,64039.99,64100.89,63956.0,64062.21,1751282.16580599
1783700100000,64062.21,64159.03,63995.01,64013.64,796808.16662719
1783701000000,64013.64,64037.39,63830.0,63935.01,1527275.48580975
1783701900000,63935.01,64222.22,63917.0,64145.01,1917910.85643877
1783702800000,64145.01,64159.99,63946.0,63962.58,879331.56484403
1783703700000,63962.58,64013.4,63866.81,63980.01,887723.65372102
1783704600000,63980.01,63980.01,63855.01,63884.3,753752.61233004
1783705500000,63884.3,63940.0,63825.0,63825.0,817698.56809073
1783706400000,63825.0,64015.0,63825.0,63893.73,1427000.99737006
1783707300000,63893.73,63974.99,63853.39,63928.05,629125.76038428
1783708200000,63928.05,63944.99,63867.45,63881.08,419168.61550357
1783709100000,63881.08,63881.89,63740.01,63809.03,1089868.24560383
1783710000000,63809.03,63904.29,63788.28,63884.76,396268.0330484
1783710900000,63884.76,63925.0,63780.0,63870.01,1120248.6426341
1783711800000,63870.01,64049.99,63852.0,63986.85,1350744.69495058
1783712700000,63986.85,64022.16,63910.0,63927.34,1812469.45710403
1783713600000,63927.34,63930.0,63830.0,63830.0,298063.59008354
1783714500000,63830.0,63914.99,63657.15,63734.0,2707980.3187599
1783715400000,63734.0,63904.99,63725.0,63890.0,798926.35564631
1783716300000,63890.0,63890.0,63843.0,63843.0,268645.17076824
1783717200000,63843.0,63984.99,63838.0,63947.91,586583.31056421
1783718100000,63947.91,64019.54,63940.0,64012.25,673032.40401136
1783719000000,64012.25,64100.0,63992.0,64039.45,648620.57050146
1783719900000,64039.45,64042.11,63992.01,64011.14,384464.13829316
1783720800000,64011.14,64055.92,63984.86,64049.51,689200.58733719
1783721700000,64049.51,64138.6,64017.77,64133.91,1167949.83309825
1783722600000,64133.91,64159.09,64125.0,64131.36,555731.42693746
1783723500000,64131.36,64169.44,64080.0,64116.79,1828991.3906667
1783724400000,64116.79,64119.9,64025.0,64119.9,444795.79769903
1783725300000,64119.9,64206.19,64115.0,64193.03,628658.19435954
1783726200000,64193.03,64208.99,64165.17,64198.92,942244.10522849
1783727100000,64198.92,64210.93,64119.01,64160.01,691445.3667518
1783728000000,64160.01,64170.0,64065.06,64068.9,1307138.68476823
1783728900000,64068.9,64128.57,64033.9,64115.01,448872.29893728
1783729800000,64115.01,64148.03,64051.0,64148.03,465635.34858593
1783730700000,64148.03,64148.03,64095.0,64125.8,395277.60091554
1783731600000,64125.8,64160.46,64101.0,64139.99,304009.6364769
1783732500000,64139.99,64313.34,64132.83,64235.27,915720.25980768
1783733400000,64235.27,64270.65,64005.0,64061.4,779508.61098995
1783734300000,64061.4,64115.0,64006.66,64016.54,304136.33174047
1783735200000,64016.54,64064.8,63985.85,64005.55,390695.41821046
1783736100000,64005.55,64072.8,64005.01,64038.19,174956.823866
1783737000000,64038.19,64149.99,64032.89,64148.33,157614.86747412
1783737900000,64148.33,64169.99,64140.0,64162.63,299444.95134537
1783738800000,64162.63,64194.99,64115.0,64188.65,438426.10106471
1783739700000,64188.65,64197.98,64070.0,64124.93,1157063.09344744
1783740600000,64124.93,64189.82,64123.9,64160.49,126840.08790105
1783741500000,64160.49,64194.7,64158.27,64160.01,329000.83406143
1783742400000,64160.01,64160.01,64090.0,64123.43,73812.36195064
1783743300000,64123.43,64175.63,64085.0,64141.59,261208.93757785
1783744200000,64141.59,64215.0,64140.01,64162.7,184807.95578925
1783745100000,64162.7,64175.0,64126.35,64154.99,122461.60130258
1783746000000,64154.99,64203.84,64125.0,64170.0,353139.59552931
1783746900000,64170.0,64200.0,64145.0,64199.85,235864.87310135
1783747800000,64199.85,64227.22,64164.0,64180.56,465972.027402
1783748700000,64180.56,64187.04,64145.54,64180.5,234201.82251336
1783749600000,64180.5,64211.85,64130.0,64182.0,1702419.07591209
1783750500000,64182.0,64281.11,64182.0,64229.41,2319216.24744696
1783751400000,64229.41,64271.26,64223.14,64223.15,1381415.79594989
1783752300000,64223.15,64245.0,64207.0,64220.6,1037221.21351692
1783753200000,64220.6,64237.37,64179.42,64223.11,1511042.18537701
1783754100000,64223.11,64260.0,64200.0,64224.19,2208007.3716348
1783755000000,64224.19,64241.6,64183.0,64183.0,767093.57744857
1783755900000,64183.0,64183.0,64155.45,64167.19,1195042.02281811
1783756800000,64167.19,64260.11,64160.01,64240.0,992171.61413538
1783757700000,64240.0,64276.19,64235.0,64255.44,1464778.17843674
1783758600000,64255.44,64312.05,64247.0,64291.64,894059.61248894
1783759500000,64291.64,64291.64,64243.25,64269.85,554880.65648655
1783760400000,64269.85,64287.83,64230.0,64230.01,659414.39314254
1783761300000,64230.01,64276.04,64230.0,64276.04,553977.25061426
1783762200000,64276.04,64304.98,64205.0,64205.0,1702473.49622689
1783763100000,64205.0,64205.0,64168.1,64175.97,1215795.0104542
1783764000000,64175.97,64214.99,64170.0,64214.12,250211.39016616
1783764900000,64214.12,64214.12,64160.01,64194.99,397045.69996178
1783765800000,64194.99,64194.99,64150.0,64151.0,625815.92803222
1783766700000,64151.0,64199.12,64150.73,64199.12,660828.56372333
1783767600000,64199.12,64220.0,64185.0,64219.99,476626.13783973
1783768500000,64219.99,64219.99,64175.01,64184.0,384843.06785613
1783769400000,64184.0,64219.99,64180.0,64195.0,330468.37751724
1783770300000,64195.0,64209.0,64190.0,64208.99,283549.31302283
1783771200000,64208.99,64234.19,64166.0,64222.78,983772.51158846
1783772100000,64222.78,64237.15,64177.0,64187.83,316021.05348031
1783773000000,64187.83,64187.83,64144.98,64147.65,191009.88426007
1783773900000,64147.65,64200.0,64147.65,64196.89,348712.74457686
1783774800000,64196.89,64206.81,64180.0,64194.99,330719.49653664
1783775700000,64194.99,64223.0,64177.03,64201.0,493711.26607801
1783776600000,64201.0,64272.45,64200.0,64247.12,488432.76085377
1783777500000,64247.12,64273.77,64240.61,64240.61,232586.94171025
1783778400000,64240.61,64280.0,64240.61,64269.52,144279.94957831
1783779300000,64269.52,64459.21,64269.52,64383.79,1836391.6129889
1783780200000,64383.79,64514.99,64383.78,64424.99,1991797.648117
1783781100000,64424.99,64435.0,64351.39,64355.33,473021.68705809
1783782000000,64355.33,64490.0,64351.56,64468.48,1145638.17872477
1783782900000,64468.48,64479.99,64411.69,64431.11,730010.64785043
1783783800000,64431.11,64455.0,63900.0,64097.02,8792579.43290558
1783784700000,64097.02,64195.0,64015.0,64178.96,1366596.66916042
1783785600000,64178.96,64220.0,64090.0,64194.82,592880.28425078
1783786500000,64194.82,64233.77,64153.64,64222.71,749793.29842732
1783787400000,64222.71,64275.0,64115.01,64149.0,546365.22756785
1783788300000,64149.0,64184.15,64105.89,64184.15,383157.43987563
1783789200000,64184.15,64230.2,64166.51,64210.0,163043.45443875
1783790100000,64210.0,64305.56,64194.03,64305.55,197581.03045264
1783791000000,64305.55,64402.81,64305.28,64363.4,383753.52539709
1783791900000,64363.4,64385.0,64320.0,64321.36,195124.54532113
1783792800000,64321.36,64347.34,64291.78,64314.9,556792.23630414
1783793700000,64314.9,64399.33,64312.31,64342.21,367074.21537891
1783794600000,64342.21,64365.0,64329.0,64356.32,281364.55066448
1783795500000,64356.32,64356.33,64297.81,64333.32,486802.37935477
1783796400000,64333.32,64333.33,64299.58,64319.59,657733.74931534
1783797300000,64319.59,64342.06,64240.0,64240.0,439320.43432254
1783798200000,64240.0,64285.56,64237.02,64275.0,377528.95720102
1783799100000,64275.0,64295.0,64261.63,64288.12,145962.28038816
1783800000000,64288.12,64354.01,64288.12,64335.0,296766.66127951
1783800900000,64335.0,64365.0,64335.0,64356.82,212075.17653022
1783801800000,64356.82,64464.06,64346.49,64414.06,371042.99614535
1783802700000,64414.06,64425.0,64385.0,64386.22,263484.32696933
1783803600000,64386.22,64430.0,64359.0,64359.0,509093.06281616
1783804500000,64359.0,64398.38,64357.01,64369.79,551781.60692165
1783805400000,64369.79,64375.52,64342.7,64350.0,338394.03992346
1783806300000,64350.0,64385.0,64336.37,64353.72,124144.50691764
1783807200000,64353.72,64429.99,64333.0,64365.01,1377900.85724226
1783808100000,64365.01,64365.01,64208.01,64250.47,686258.46436602
1783809000000,64250.47,64304.57,64185.0,64221.68,465098.08216214
1783809900000,64221.68,64225.3,64147.01,64202.77,526327.05728782
1783810800000,64202.77,64252.74,64092.64,64137.0,939372.41562433
1783811700000,64137.0,64185.0,63823.01,63933.22,2792209.7397474
1783812600000,63933.22,63963.07,63823.63,63956.32,1156794.63484321
1783813500000,63956.32,64021.8,63820.97,63820.97,866080.23968837
1783814400000,63820.97,63913.3,63785.81,63795.0,2080150.88911523
1783815300000,63795.0,63908.39,63771.54,63835.75,1224421.96788643
1783816200000,63835.75,63859.99,63692.54,63798.0,1692960.73395412
1783817100000,63798.0,63870.0,63770.01,63832.88,802912.29383408
1783818000000,63832.88,63990.0,63815.88,63925.01,973552.15021389
1783818900000,63925.01,64010.33,63900.61,63949.21,1219824.96482316
1783819800000,63949.21,64169.57,63933.0,64155.59,671544.99728942
1783820700000,64155.59,64164.19,64096.03,64133.59,675277.13702237
1783821600000,64133.59,64133.6,64033.7,64052.84,801059.28636031
1783822500000,64052.84,64134.78,64045.77,64113.74,615307.42738725
1783823400000,64113.74,64120.0,64070.91,64083.72,151117.73289223
1783824300000,64083.72,64125.0,64070.0,64078.85,665010.3380655
1783825200000,64078.85,64125.82,64035.0,64103.67,508807.04756074
1783826100000,64103.67,64159.99,64102.29,64135.34,322960.94289891
1783827000000,64135.34,64220.0,64135.34,64175.21,817734.41392356
1783827900000,64175.21,64219.99,64157.52,64219.99,279911.05817506
1783828800000,64219.99,64249.35,64174.25,64179.21,382044.48177767
1783829700000,64179.21,64210.0,64071.0,64081.97,812516.56588573
1783830600000,64081.97,64081.97,63940.01,64030.01,989529.32942815
1783831500000,64030.01,64030.01,63965.37,63994.61,672880.38075398
1783832400000,63994.61,64022.09,63986.86,63990.88,310340.6818723
1783833300000,63990.88,63990.89,63910.0,63910.01,567235.8962549
1783834200000,63910.01,63980.32,63900.91,63971.54,672545.54176954
1783835100000,63971.54,63998.74,63968.0,63970.01,347134.97622764
1783836000000,63970.01,63970.01,63735.01,63750.18,2574483.4555635
1783836900000,63750.18,63781.38,63638.34,63667.93,1673808.73417733
1783837800000,63667.93,63784.12,63645.01,63775.0,1323368.04399274
1783838700000,63775.0,63810.0,63720.01,63763.44,720124.77628862
1783839600000,63763.44,63827.25,63741.0,63825.0,1986424.69284424
1783840500000,63825.0,63881.82,63807.34,63864.19,777929.80403084
1783841400000,63864.19,63890.33,63855.0,63870.04,711367.76549633
1783842300000,63870.04,63905.0,63856.11,63885.0,899240.36823416
1783843200000,63885.0,64104.99,63880.02,64045.64,3958069.77670053
1783844100000,64045.64,64089.99,63993.74,63993.74,917083.58677054
1783845000000,63993.74,64009.99,63987.42,64009.98,432577.93401414
1783845900000,64009.98,64009.99,63925.2,63980.2,821828.17378824
1783846800000,63980.2,63988.31,63885.01,63885.01,570808.39792334
1783847700000,63885.01,63885.01,63765.49,63835.63,1550971.58121812
1783848600000,63835.63,64045.0,63835.0,64006.25,1908870.26053239
1783849500000,64006.25,64015.0,63957.95,63958.03,808049.86218952
1783850400000,63958.03,63958.03,63893.0,63932.94,1426487.04883704
1783851300000,63932.94,63939.99,63882.51,63882.51,1119420.11218249
1783852200000,63882.51,63910.82,63849.68,63863.64,486776.34785471
1783853100000,63863.64,63895.0,63836.72,63862.94,1035102.79719513
1783854000000,63862.94,63920.0,63824.05,63851.88,1287385.83094003
1783854900000,63851.88,63915.91,63851.53,63915.91,322088.75940534
1783855800000,63915.91,64033.38,63915.91,64002.94,1243212.09055754
1783856700000,64002.94,64029.99,63995.01,64021.65,3522440.97680398
1783857600000,64021.65,64139.99,63976.01,64108.92,1255027.99044191
1783858500000,64108.92,64128.82,64030.01,64058.45,1332323.42837955
1783859400000,64058.45,64074.99,64005.0,64030.69,842732.37413931
1783860300000,64030.69,64059.29,63996.14,64030.01,777279.18075603
1783861200000,64030.01,64061.89,64005.43,64041.98,514304.45954013
1783862100000,64041.98,64105.0,64015.06,64049.6,1786488.00894307
1783863000000,64049.6,64089.96,64038.43,64042.89,1026956.20417143
1783863900000,64042.89,64048.17,63995.0,64021.67,578837.73084695
1783864800000,64021.67,64037.38,63953.49,63975.01,842305.33641778
1783865700000,63975.01,63997.35,63961.4,63997.35,347857.49416569
1783866600000,63997.35,64084.27,63997.34,64073.08,425903.37080283
1783867500000,64073.08,64299.99,64073.07,64204.77,2050300.07629337
1783868400000,64204.77,64259.57,64151.23,64192.64,769694.40016041
1783869300000,64192.64,64241.35,64136.0,64223.23,760300.66115712
1783870200000,64223.23,64245.0,64120.0,64151.16,608091.7176299
1783871100000,64151.16,64210.0,64135.75,64174.94,583952.6176131
1783872000000,64174.94,64209.82,64040.01,64060.49,2063292.84957608
1783872900000,64060.49,64175.0,64060.49,64175.0,656237.10577098
1783873800000,64175.0,64178.83,64105.0,64117.47,616206.33859237
1783874700000,64117.47,64178.39,64105.0,64176.46,213052.39222228
1783875600000,64176.46,64176.47,64135.76,64143.1,416335.49753805
1783876500000,64143.1,64166.16,64128.0,64128.07,353256.91161197
1783877400000,64128.07,64171.92,64116.0,64156.28,372839.29130569
1783878300000,64156.28,64160.42,64026.77,64078.24,554994.16067672
1783879200000,64078.24,64103.85,64025.0,64035.72,520891.28088955
1783880100000,64035.72,64089.99,64015.01,64066.44,334662.31014031
1783881000000,64066.44,64133.49,64065.0,64128.04,179118.4935311
1783881900000,64128.04,64151.1,64127.78,64148.08,107382.8142754
1783882800000,64148.08,64232.77,64148.08,64175.77,1178375.1200405
1783883700000,64175.77,64210.16,64175.0,64204.28,123958.94195518
1783884600000,64204.28,64204.28,64152.0,64156.84,260111.36807721
1783885500000,64156.84,64269.99,64156.84,64230.01,637346.4641409
1783886400000,64230.01,64255.0,64181.05,64193.17,315354.51700037
1783887300000,64193.17,64211.14,64175.0,64203.15,286277.46513819
1783888200000,64203.15,64221.66,64175.31,64214.3,313112.65871949
1783889100000,64214.3,64231.15,64190.99,64199.85,250761.33678945
1783890000000,64199.85,64231.99,64195.01,64210.0,415392.26850002
1783890900000,64210.0,64210.01,64080.12,64107.42,2251616.90875077
1783891800000,64107.42,64107.43,64012.27,64055.02,540397.53926642
1783892700000,64055.02,64055.03,63884.32,63920.64,2270356.43469815
1783893600000,63920.64,63920.64,63688.03,63790.21,4111931.90733912
1783894500000,63790.21,63838.87,63667.54,63829.54,1062908.24569371
1783895400000,63829.54,63868.69,63770.0,63780.0,408080.38112634
1783896300000,63780.0,63926.73,63702.14,63885.91,916319.88029686
1783897200000,63885.91,63919.21,63736.06,63827.29,1629132.5089843
1783898100000,63827.29,63853.24,63790.0,63830.01,427536.20923233
1783899000000,63830.01,63862.87,63750.45,63812.21,622042.68589597
1783899900000,63812.21,63824.99,63726.78,63781.14,560095.04184441
1783900800000,63781.14,64293.48,63725.0,64293.48,3739454.72614681
1783901700000,64293.48,64429.63,64171.1,64183.45,2460502.70223104
1783902600000,64183.45,64202.66,63565.0,63786.24,3548680.97673179
1783903500000,63786.24,64120.0,63779.73,64070.39,2062640.92833113
1783904400000,64070.39,64070.4,63658.09,63858.2,2087454.56319677
1783905300000,63858.2,63993.82,63680.01,63721.04,3050893.01344424
1783906200000,63721.04,63767.2,63545.0,63694.55,1568249.89489155
1783907100000,63694.55,63700.0,63398.03,63414.98,2919602.08129592
1783908000000,63414.98,63454.99,63227.94,63417.17,2720390.48727234
1783908900000,63417.17,63543.51,63366.23,63469.0,1657206.45424618
1783909800000,63469.0,63499.99,63393.98,63471.15,1616791.51607772
1783910700000,63471.15,63472.65,63342.0,63374.67,927002.80893918
1783911600000,63374.67,63384.99,62893.44,63023.66,5711385.20416177
1783912500000,63023.66,63124.29,62797.42,63071.7,4679356.59425323
1783913400000,63071.7,63071.7,62738.14,62823.49,3350833.05919729
1783914300000,62823.49,62870.87,62790.0,62807.55,1243751.02109505
1783915200000,62807.55,62870.0,62688.28,62814.99,2068245.15666997
1783916100000,62814.99,62908.45,62814.99,62876.9,1157684.85836864
1783917000000,62876.9,62876.91,62618.38,62724.95,3189725.32628403
1783917900000,62724.95,62782.37,62667.0,62674.64,644957.19041555
1783918800000,62674.64,62913.6,62501.12,62810.0,3805721.33788219
1783919700000,62810.0,62840.0,62613.01,62640.0,2804266.34509706
1783920600000,62640.0,62825.0,62567.42,62805.0,2148783.72844603
1783921500000,62805.0,62829.99,62765.18,62796.84,974264.07899414
1783922400000,62796.84,62866.42,62735.0,62747.19,948406.41530927
1783923300000,62747.19,62840.0,62709.64,62839.99,1470779.49765587
1783924200000,62839.99,62870.0,62765.0,62841.28,1451628.14047162
1783925100000,62841.28,62881.07,62783.83,62797.84,1350085.00487321
1783926000000,62797.84,62880.0,62751.68,62811.17,1759601.17565243
1783926900000,62811.17,63004.36,62790.01,62960.98,1692960.75589955
1783927800000,62960.98,63055.0,62915.0,62974.46,3406424.32003167
1783928700000,62974.46,63063.01,62960.01,62987.2,1568880.55442976
1783929600000,62987.2,63060.0,62940.0,63033.57,2365600.70692444
1783930500000,63033.57,63100.51,62976.34,63080.0,1091524.87359087
1783931400000,63080.0,63121.81,62996.01,63121.81,1198706.58855849
1783932300000,63121.81,63285.7,63119.2,63198.62,1480056.72442448
1783933200000,63198.62,63204.32,63138.0,63152.15,1433822.7763073
1783934100000,63152.15,63152.16,63095.0,63115.11,346721.66020025
1783935000000,63115.11,63122.85,63090.0,63106.88,898343.85912808
1783935900000,63106.88,63115.0,63091.0,63097.99,328418.8821416
1783936800000,63097.99,63104.74,63075.01,63083.25,874213.40434212
1783937700000,63083.25,63151.76,63077.5,63091.07,763619.84002798
1783938600000,63091.07,63127.35,62908.51,62936.89,3125164.48392444
1783939500000,62936.89,62974.86,62865.0,62867.01,1042124.12165
1783940400000,62867.01,63134.67,62867.01,63080.02,1638164.42850248
1783941300000,63080.02,63095.0,62991.43,63030.01,1201973.00946497
1783942200000,63030.01,63030.01,62955.22,62965.0,1454890.85243376
1783943100000,62965.0,62965.01,62900.08,62905.25,471657.77924478
1783944000000,62905.25,62994.99,62807.01,62845.01,2026165.80699549
1783944900000,62845.01,62884.86,62720.6,62745.0,2328475.25276349
1783945800000,62745.0,62782.92,62575.56,62614.56,3313716.44213024
1783946700000,62614.56,62665.0,62571.44,62621.36,757520.18768145
1783947600000,62621.36,62664.99,62517.74,62517.74,1976014.72600457
1783948500000,62517.74,62586.28,62377.49,62530.01,2481064.81734393
1783949400000,62530.01,62768.94,62258.07,62335.54,6795320.66681032
1783950300000,62335.54,62401.84,62166.67,62324.0,5346424.14241664
1783951200000,62324.0,62418.93,62260.79,62418.53,3811187.73090123
1783952100000,62418.53,62653.82,62105.6,62554.85,9078429.68468311
1783953000000,62554.85,62681.16,62460.01,62619.35,6090391.99243499
1783953900000,62619.35,62798.1,62584.24,62793.12,3830489.22187826
1783954800000,62793.12,62860.0,62681.66,62791.41,2998835.3121401
1783955700000,62791.41,62979.37,62780.1,62814.01,2486443.94172513
1783956600000,62814.01,62849.99,62565.01,62650.0,2373853.06526075
1783957500000,62650.0,62679.99,62576.57,62618.03,2880353.34927707
1783958400000,62618.03,62632.58,62524.0,62529.72,1778719.57019624
1783959300000,62529.72,62534.99,62275.01,62342.48,2720903.75610797
1783960200000,62342.48,62385.0,62200.46,62361.32,2689974.91175146
1783961100000,62361.32,62415.0,62249.79,62275.0,3371324.85412647
1783962000000,62275.0,62367.5,62253.0,62319.99,1974861.7118422
1783962900000,62319.99,62319.99,62175.04,62181.97,1204702.30530304
1783963800000,62181.97,62220.0,61976.51,62103.0,4765440.98345661
1783964700000,62103.0,62180.0,61881.14,61899.99,3831599.92706773
1783965600000,61899.99,62054.99,61872.82,61927.34,3246270.19014063
1783966500000,61927.34,62004.99,61825.77,61943.89,2749656.09241336
1783967400000,61943.89,62000.0,61905.58,61998.42,1407597.27766426
1783968300000,61998.42,62100.0,61975.01,62016.16,2051351.77322897
1783969200000,62016.16,62089.18,61988.01,62075.03,909604.42125891
1783970100000,62075.03,62114.99,61995.01,62014.18,1433692.02281063
1783971000000,62014.18,62166.67,62014.18,62166.67,1099570.67588501
1783971900000,62166.67,62295.0,62130.0,62287.81,1388829.81472057
1783972800000,62287.81,62320.2,62202.92,62220.0,1014603.80908627
1783973700000,62220.0,62220.0,62080.3,62214.99,1858025.57723645
1783974600000,62214.99,62264.13,62180.01,62180.01,1221731.68018859
1783975500000,62180.01,62207.93,62045.01,62203.13,1133112.34984593
1783976400000,62203.13,62215.0,62042.86,62108.59,1387536.79213914
1783977300000,62108.59,62149.37,61986.01,62028.31,1149895.80095207
1783978200000,62028.31,62065.0,61891.03,61975.0,2430984.27746975
1783979100000,61975.0,62120.0,61920.0,62065.0,1550672.80870998
1783980000000,62065.0,62209.99,62055.0,62179.48,2490167.38332532
1783980900000,62179.48,62222.55,62136.01,62155.01,1134669.82509871
1783981800000,62155.01,62181.41,62025.0,62061.94,1205161.62248176
1783982700000,62061.94,62069.99,61910.0,61923.4,1976187.81178448
1783983600000,61923.4,62077.46,61883.01,62061.91,2615397.14571286
1783984500000,62061.91,62240.26,62055.0,62163.51,1223291.1763905
1783985400000,62163.51,62209.99,62101.98,62122.55,1216047.13541501
1783986300000,62122.55,62355.0,62110.0,62335.0,2114199.62114558
1783987200000,62335.0,62488.76,62275.0,62440.01,1477718.38483923
1783988100000,62440.01,62440.01,62315.0,62377.11,1206659.14420267
1783989000000,62377.11,62454.99,62290.01,62310.0,1591935.75520457
1783989900000,62310.0,62665.42,62310.0,62550.92,5341058.24492574
1783990800000,62550.92,62578.56,62460.46,62500.0,1722510.35473528
1783991700000,62500.0,62644.99,62490.0,62528.86,1569880.86962948
1783992600000,62528.86,62574.16,62467.03,62495.0,1235122.98900599
1783993500000,62495.0,62553.21,62475.01,62538.43,1769524.36243441
1783994400000,62538.43,62617.67,62486.32,62505.27,1797261.80034949
1783995300000,62505.27,62524.99,62315.01,62375.37,1256436.56721983
1783996200000,62375.37,62600.0,62373.63,62593.61,1385867.89986377
1783997100000,62593.61,62637.22,62526.95,62545.01,1012968.63083169
1783998000000,62545.01,62602.44,62365.0,62387.46,977986.67513813
1783998900000,62387.46,62465.95,62315.73,62465.95,2036954.62224052
1783999800000,62465.95,62548.72,62438.0,62470.0,695852.33492622
1784000700000,62470.0,62579.69,62465.01,62574.57,712543.20775208
1784001600000,62574.57,62662.16,62545.0,62565.77,926875.94216004
1784002500000,62565.77,62658.69,62550.0,62645.48,806004.85505655
1784003400000,62645.48,62772.88,62645.47,62711.54,918822.15516256
1784004300000,62711.54,62770.67,62700.01,62746.68,858222.68533125
1784005200000,62746.68,62865.0,62702.13,62829.99,1145197.05444537
1784006100000,62829.99,62872.5,62760.01,62845.01,1377048.27923846
1784007000000,62845.01,62873.84,62717.0,62754.98,1050029.99266892
1784007900000,62754.98,62755.98,62696.2,62732.24,1737189.23229318
1784008800000,62732.24,62735.0,62655.02,62660.0,1349541.5371601
1784009700000,62660.0,62704.99,62660.0,62689.99,1169477.8041427
1784010600000,62689.99,62773.92,62626.0,62690.0,1749734.76275844
1784011500000,62690.0,62699.99,62564.81,62623.72,1380515.82540241
1784012400000,62623.72,62654.96,62555.0,62596.0,1695369.80883031
1784013300000,62596.0,62655.0,62569.11,62636.89,1702366.17388163
1784014200000,62636.89,62649.99,62562.0,62574.85,1257367.83787808
1784015100000,62574.85,62585.0,62515.0,62555.0,749448.98582677
1784016000000,62555.0,62588.9,62495.19,62545.8,1999381.15162386
1784016900000,62545.8,62674.99,62545.8,62661.0,1430799.15582537
1784017800000,62661.0,62804.99,62632.01,62776.17,1719534.62662976
1784018700000,62776.17,62791.1,62680.0,62704.01,987421.22110234
1784019600000,62704.01,62744.99,62668.01,62699.99,825986.29897661
1784020500000,62699.99,62729.99,62650.01,62675.0,1426649.12563786
1784021400000,62675.0,62675.01,62540.0,62565.0,1814457.18219836
1784022300000,62565.0,62649.98,62536.0,62631.33,1828194.76012411
1784023200000,62631.33,62732.0,62631.33,62718.38,1541077.06055806
1784024100000,62718.38,62735.0,62658.0,62664.33,1916546.18807727
1784025000000,62664.33,62809.99,62608.0,62809.93,2092340.23172071
1784025900000,62809.93,62909.82,62790.0,62799.94,3335645.10575468
1784026800000,62799.94,62804.61,62716.27,62795.0,1766211.10080226
1784027700000,62795.0,62879.99,62760.01,62865.59,2060228.63110195
1784028600000,62865.59,62925.0,62815.01,62860.59,3462324.30824912
1784029500000,62860.59,62885.0,62840.0,62845.58,398694.61220677
1784030400000,62845.58,62870.52,62790.0,62854.99,1575961.3430704
1784031300000,62854.99,63116.95,62820.0,62956.61,5189843.43526229
1784032200000,62956.61,63680.0,62950.01,63551.98,16882025.21025838
1784033100000,63551.98,63985.99,63551.98,63957.63,7960098.77605845
1784034000000,63957.63,63975.0,63759.0,63790.77,3523489.72933399
1784034900000,63790.77,64181.21,63790.77,63955.58,5772981.01974772
1784035800000,63955.58,63979.35,63717.8,63785.0,4504376.95070278
1784036700000,63785.0,63925.0,63699.19,63838.2,2972450.38908517
1784037600000,63838.2,63875.0,63571.62,63874.71,4439106.85796177
1784038500000,63874.71,63924.98,63770.16,63914.99,3290914.06654108
1784039400000,63914.99,64086.61,63858.36,64024.99,4897986.26773802
1784040300000,64024.99,64342.1,63925.36,64302.94,3938181.69322866
1784041200000,64302.94,64422.0,64195.01,64204.41,3666589.88795693
1784042100000,64204.41,64557.22,64187.97,64498.0,4676891.0249782
1784043000000,64498.0,64972.66,64495.01,64779.99,16610807.4139756
1784043900000,64779.99,64855.0,64595.01,64745.0,2488541.7096817
1784044800000,64745.0,64895.0,64604.01,64730.0,3289069.71545342
1784045700000,64730.0,64879.99,64671.4,64820.0,1373929.23064164
1784046600000,64820.0,64890.1,64776.01,64776.01,921277.80424477
1784047500000,64776.01,64849.06,64693.26,64719.34,2710608.81826924
1784048400000,64719.34,64723.06,64264.98,64597.79,8732460.26498783
1784049300000,64597.79,64662.06,64394.0,64520.01,2350960.99940283
1784050200000,64520.01,64525.0,64430.0,64520.34,1273721.90583623
1784051100000,64520.34,64704.82,64485.01,64620.3,2980565.82107754
1784052000000,64620.3,64625.0,64490.0,64490.0,1893676.2938708
1784052900000,64490.0,64554.58,64476.29,64521.0,813928.32099226
1784053800000,64521.0,64632.74,64480.0,64577.89,2027007.54023853
1784054700000,64577.89,64650.0,64550.1,64574.99,1302613.25135457
1784055600000,64574.99,64643.24,64546.66,64623.85,1165683.69569419
1784056500000,64623.85,64709.99,64545.0,64561.0,1828176.8776816
1784057400000,64561.0,64561.0,64482.17,64544.96,1448801.49037032
1784058300000,64544.96,64659.21,64544.95,64569.99,1307429.65903628
1784059200000,64569.99,64590.78,64461.0,64461.0,1037733.80588935
1784060100000,64461.0,64510.0,64444.05,64444.06,702908.2463692
1784061000000,64444.06,64494.6,64417.41,64485.08,390331.24012986
1784061900000,64485.08,64599.99,64456.0,64570.62,1174269.28385339
1784062800000,64570.62,64617.61,64525.01,64611.51,1156364.04895654
1784063700000,64611.51,64674.41,64611.51,64661.03,585201.2425846
1784064600000,64661.03,64899.5,64661.02,64734.84,1622842.5917189
1784065500000,64734.84,64765.5,64635.0,64673.84,1442826.11714289
1784066400000,64673.84,64673.85,64512.27,64539.62,1658370.00044477
1784067300000,64539.62,65105.86,64539.62,64933.01,8843759.18083314
1784068200000,64933.01,65029.99,64907.24,64918.01,2576141.75402445
1784069100000,64918.01,64979.99,64860.0,64863.15,1129309.38324746
1784070000000,64863.15,65045.0,64780.0,65015.0,2830963.78654336
1784070900000,65015.0,65015.01,64887.0,64913.43,747394.90905522
1784071800000,64913.43,65010.0,64900.0,65001.51,677741.21564843
1784072700000,65001.51,65038.36,64985.0,65035.0,811134.32099214
1784073600000,65035.0,65060.0,64917.88,64923.11,1386852.89069198
1784074500000,64923.11,64934.22,64839.48,64887.98,960698.13873088
1784075400000,64887.98,64887.99,64772.18,64781.21,841185.23891081
1784076300000,64781.21,64845.0,64781.21,64826.32,601220.39693672
1784077200000,64826.32,64837.08,64720.0,64744.93,1171199.23079907
1784078100000,64744.93,64854.27,64700.0,64835.14,1055890.17393784
1784079000000,64835.14,64845.0,64665.0,64717.6,1220683.84834141
1784079900000,64717.6,64721.56,64642.9,64672.19,617672.54718959
1784080800000,64672.19,64758.27,64652.11,64711.04,576318.87424144
1784081700000,64711.04,64711.05,64517.24,64519.92,863554.60986456
1784082600000,64519.92,64558.98,64487.72,64558.98,776090.97388058
1784083500000,64558.98,64563.13,64494.49,64494.49,337126.28340374
1784084400000,64494.49,64665.0,64494.48,64634.99,1288470.68601414
1784085300000,64634.99,64634.99,64585.0,64614.99,199455.94020397
1784086200000,64614.99,64771.08,64610.01,64700.78,1437499.17548543
1784087100000,64700.78,64840.21,64674.52,64790.07,1060782.51186182
1784088000000,64790.07,64885.0,64760.17,64825.15,1260235.02027311
1784088900000,64825.15,64849.32,64760.76,64760.77,759118.29296691
1784089800000,64760.77,64829.99,64715.0,64803.61,653789.01506284
1784090700000,64803.61,64862.95,64725.0,64746.82,835319.7788835
1784091600000,64746.82,64814.99,64605.0,64621.58,1630635.9834011
1784092500000,64621.58,64695.0,64621.57,64650.01,703119.61387231
1784093400000,64650.01,64748.85,64645.0,64704.53,645075.3284466
1784094300000,64704.53,64966.66,64695.0,64940.0,1350963.36496263
1784095200000,64940.0,65055.0,64875.0,65043.04,1502079.55081639
1784096100000,65043.04,65043.04,64940.0,64985.0,1600098.04680246
1784097000000,64985.0,65278.61,64970.73,65041.83,4877785.74444553
1784097900000,65041.83,65070.0,64805.28,64812.02,1570012.16303455
1784098800000,64812.02,64879.99,64747.28,64871.55,1560456.53379124
1784099700000,64871.55,64880.0,64485.0,64527.04,2628632.92612351
1784100600000,64527.04,64644.99,64515.69,64603.49,2479535.58810596
1784101500000,64603.49,64621.4,64546.56,64552.42,1779833.80888732
1784102400000,64552.42,64680.0,64552.42,64586.84,1601121.30954335
1784103300000,64586.84,64655.0,64572.0,64645.93,948157.39012127
1784104200000,64645.93,64749.12,64615.0,64735.76,2773501.95329504
1784105100000,64735.76,64805.26,64731.84,64766.0,1421855.39813934
1784106000000,64766.0,64850.83,64755.87,64836.0,692147.31810268
1784106900000,64836.0,64915.0,64821.36,64831.76,2208646.93239201
1784107800000,64831.76,64831.76,64692.01,64711.58,1670757.99539897
1784108700000,64711.58,64735.33,64650.0,64663.13,1432519.58871427
1784109600000,64663.13,64849.48,64638.55,64793.95,1689826.59312516
1784110500000,64793.95,64800.0,64622.84,64632.18,1035943.63471056
1784111400000,64632.18,64684.99,64610.0,64660.0,683265.19876746
1784112300000,64660.0,64672.36,64627.2,64656.15,1349884.78449205
1784113200000,64656.15,64754.99,64615.82,64725.01,1255010.26068767
1784114100000,64725.01,64734.1,64620.0,64634.45,1195468.11034716
1784115000000,64634.45,64710.0,64634.45,64690.0,1435687.15759546
1784115900000,64690.0,64759.26,64680.0,64730.01,1708948.58456316
1784116800000,64730.01,64744.49,64622.46,64724.32,2409647.60810005
1784117700000,64724.32,64776.46,64602.65,64693.28,1848522.59869165
1784118600000,64693.28,64972.22,64680.01,64796.15,8676057.02675518
1784119500000,64796.15,65253.74,64790.73,65160.01,5396759.22575687
1784120400000,65160.01,65437.68,65155.0,65380.0,5433803.51628621
1784121300000,65380.0,65575.0,65258.41,65314.13,4769538.19457573
1784122200000,65314.13,65519.29,65246.0,65276.0,3511367.43480805
1784123100000,65276.0,65276.0,64885.0,65115.56,6842182.48727453
1784124000000,65115.56,65400.0,65065.01,65287.0,4288118.71089767
1784124900000,65287.0,65412.71,65064.94,65320.01,4702218.79469285
1784125800000,65320.01,65518.55,65295.8,65370.64,4961875.26840179
1784126700000,65370.64,65495.0,65320.0,65395.0,1546025.91475949
1784127600000,65395.0,65488.04,65255.44,65397.47,3576685.3180969
1784128500000,65397.47,65434.99,65285.01,65405.0,1853384.74794984
1784129400000,65405.0,65561.19,65331.86,65478.19,1977529.65700873
1784130300000,65478.19,65600.77,65365.0,65420.01,2895797.20828523
1784131200000,65420.01,65463.17,65086.77,65091.23,4740570.82985445
1784132100000,65091.23,65189.99,65045.74,65167.23,3338773.13823865
1784133000000,65167.23,65175.0,64785.0,64936.67,3589981.94715164
1784133900000,64936.67,65127.36,64930.0,65112.13,3396206.05930778
1784134800000,65112.13,65158.15,65016.99,65026.96,2148402.96933638
1784135700000,65026.96,65079.4,64981.01,65045.0,1675496.45477768
1784136600000,65045.0,65115.0,64951.75,65041.0,3398829.1603905
1784137500000,65041.0,65200.49,64977.79,65057.96,3929641.24993107
1784138400000,65057.96,65146.75,64965.01,65130.0,2147757.52334339
1784139300000,65130.0,65130.0,65014.59,65061.41,2262141.67950842
1784140200000,65061.41,65119.99,64975.0,64981.69,1538248.82544933
1784141100000,64981.69,65020.0,64849.0,64868.3,1117552.91896617
1784142000000,64868.3,64950.0,64857.06,64936.15,643613.75187877
1784142900000,64936.15,64936.15,64740.2,64860.0,1685755.58026581
1784143800000,64860.0,64990.0,64846.0,64989.99,1141215.6269619
1784144700000,64989.99,65001.26,64890.01,64974.99,1484278.09479028
1784145600000,64974.99,64990.0,64905.0,64949.29,863896.26533961
1784146500000,64949.29,65025.0,64947.63,65009.75,805558.51372224
1784147400000,65009.75,65058.49,64994.57,65001.23,1017046.98878406
1784148300000,65001.23,65001.24,64970.0,64974.12,210892.43487656
1784149200000,64974.12,65020.0,64838.13,64898.59,3254365.98490377
1784150100000,64898.59,64934.99,64848.01,64865.0,1772419.14890287
1784151000000,64865.0,64884.99,64795.0,64815.0,2629655.10319163
1784151900000,64815.0,64834.28,64795.0,64829.52,703391.05421957
1784152800000,64829.52,64883.72,64790.0,64811.0,1191716.80124543
1784153700000,64811.0,64897.2,64775.01,64897.2,581105.77843067
1784154600000,64897.2,64959.07,64860.01,64884.99,733630.50852184
1784155500000,64884.99,64988.79,64865.0,64865.0,1597850.88331671
1784156400000,64865.0,64944.12,64865.0,64915.0,929959.06309044
1784157300000,64915.0,64935.0,64845.0,64848.92,341619.79609001
1784158200000,64848.92,64865.0,64711.75,64740.0,480959.44657734
1784159100000,64740.0,64824.99,64696.01,64756.58,824698.90294113
1784160000000,64756.58,64876.31,64745.01,64829.99,3187305.47243304
1784160900000,64829.99,64843.82,64572.43,64572.43,3819473.18279364
1784161800000,64572.43,64604.99,64500.0,64524.51,806484.50504579
1784162700000,64524.51,64652.66,64511.82,64585.02,532624.01157846
1784163600000,64585.02,64660.0,64558.62,64610.0,629417.63474036
1784164500000,64610.0,64610.0,64394.0,64560.0,1394807.68921789
1784165400000,64560.0,64733.33,64560.0,64617.42,757761.9385264
1784166300000,64617.42,64834.11,64602.01,64733.94,1307546.71335058
1784167200000,64733.94,64735.0,64636.01,64661.96,400134.55899749
1784168100000,64661.96,64692.13,64601.01,64671.41,517056.89151714
1784169000000,64671.41,64689.71,64585.0,64595.25,454493.4448663
1784169900000,64595.25,64670.0,64585.0,64650.0,484929.71543701
1784170800000,64650.0,64720.0,64605.0,64704.62,806569.55252611
1784171700000,64704.62,64704.63,64595.01,64690.73,782104.27262678
1784172600000,64690.73,64745.0,64665.01,64672.31,700828.6760427
1784173500000,64672.31,64672.31,64555.01,64617.39,536041.75218209
1784174400000,64617.39,64671.03,64590.0,64655.0,991416.50293516
1784175300000,64655.0,64659.99,64545.67,64654.75,1328560.28909401
1784176200000,64654.75,64695.0,64595.01,64620.0,844440.70521277
1784177100000,64620.0,64645.0,64581.36,64641.46,1254054.59956746
1784178000000,64641.46,64775.0,64601.43,64774.99,1411831.02887631
1784178900000,64774.99,64957.68,64760.04,64934.99,3361410.31223021
1784179800000,64934.99,65002.39,64860.01,64912.94,1596484.74533066
1784180700000,64912.94,64940.0,64885.01,64919.01,490254.59350896
1784181600000,64919.01,64984.99,64846.07,64861.87,1862287.63286698
1784182500000,64861.87,64895.0,64807.33,64824.74,433476.96515976
1784183400000,64824.74,64830.0,64630.2,64728.0,1353183.59231091
1784184300000,64728.0,64794.23,64693.63,64773.9,1040904.07646261
1784185200000,64773.9,64774.32,64651.44,64651.47,1012832.44006906
1784186100000,64651.47,64654.48,64500.13,64500.14,1698004.13806254
1784187000000,64500.14,64507.22,64200.0,64236.0,2307632.23598127
1784187900000,64236.0,64283.61,64080.0,64235.57,3845641.17947275
1784188800000,64235.57,64255.0,63940.95,63940.95,9949142.78617191
1784189700000,63940.95,64168.95,63885.01,64157.93,6422067.00788841
1784190600000,64157.93,64366.19,64131.01,64136.83,3431981.53058237
1784191500000,64136.83,64215.0,64065.01,64127.19,1143319.13456146
1784192400000,64127.19,64185.0,64102.0,64115.01,1333947.70185555
1784193300000,64115.01,64142.88,64030.0,64035.32,1305647.89160491
1784194200000,64035.32,64120.0,64015.01,64110.49,720196.21937124
1784195100000,64110.49,64130.0,64035.0,64090.0,2062505.42443679
1784196000000,64090.0,64185.0,64080.0,64146.25,1384154.95767923
1784196900000,64146.25,64230.0,64135.0,64225.0,1246933.86283389
1784197800000,64225.0,64270.0,64185.0,64191.3,1142409.10390642
1784198700000,64191.3,64229.43,64175.0,64225.99,927729.10974986
1784199600000,64225.99,64225.99,64115.01,64170.66,888901.80019581
1784200500000,64170.66,64254.9,64100.0,64179.99,1670602.60168132
1784201400000,64179.99,64265.0,64151.57,64262.42,1244095.49527392
1784202300000,64262.42,64268.42,64099.0,64257.02,2173709.90301589
1784203200000,64257.02,64257.03,64140.0,64167.11,2139780.22206924
1784204100000,64167.11,64188.49,64090.01,64188.48,1761668.00374748
1784205000000,64188.48,64215.67,63875.0,63890.0,2793900.42458306
1784205900000,63890.0,64050.0,63857.66,63970.0,2190448.29539186
1784206800000,63970.0,64111.17,63962.17,64090.0,1081357.85781577
1784207700000,64090.0,64251.03,64060.0,64247.69,996388.64301787
1784208600000,64247.69,64477.74,64158.14,64158.14,2993936.60799504
1784209500000,64158.14,64390.0,64112.0,64373.02,2317346.78523879
1784210400000,64373.02,64700.0,64330.0,64635.01,2232577.81068059
1784211300000,64635.01,64854.67,64569.0,64766.0,3708237.45078659
1784212200000,64766.0,64834.99,64655.19,64737.48,1581040.03159154
1784213100000,64737.48,64744.99,64375.53,64539.99,4910114.85646335
1784214000000,64539.99,64579.59,64320.0,64359.73,1948518.92518057
1784214900000,64359.73,64897.61,64335.0,64824.2,4129130.94953327
1784215800000,64824.2,64824.48,64675.0,64728.0,1511926.90320981
1784216700000,64728.0,64828.11,64620.0,64700.0,1904072.29476792
1784217600000,64700.0,64714.51,64476.02,64513.49,1678214.49332541
1784218500000,64513.49,64579.99,64400.0,64544.54,1860666.09945457
1784219400000,64544.54,64659.99,64375.01,64380.01,1342767.78488415
1784220300000,64380.01,64539.99,64335.0,64485.0,891624.30238908
1784221200000,64485.0,64485.0,64166.67,64166.67,3859691.79072477
1784222100000,64166.67,64239.98,64095.59,64217.3,2418418.35293932
1784223000000,64217.3,64289.33,64125.64,64149.97,5593379.34254835
1784223900000,64149.97,64155.45,63995.59,64072.36,1640781.48599045
1784224800000,64072.36,64220.0,64057.0,64199.61,875493.96301958
1784225700000,64199.61,64333.32,64155.01,64218.67,2968216.03963307
1784226600000,64218.67,64230.0,64095.0,64149.99,2704741.62270667
1784227500000,64149.99,64324.99,64142.42,64249.36,692107.94112834
1784228400000,64249.36,64305.0,64220.0,64224.84,644073.96682329
1784229300000,64224.84,64286.46,64165.0,64265.63,845527.10794284
1784230200000,64265.63,64283.91,64194.34,64199.72,806148.74855894
1784231100000,64199.72,64280.0,64150.0,64270.45,848551.31129924
1784232000000,64270.45,64273.82,64185.0,64185.01,451057.35783529
1784232900000,64185.01,64235.0,64157.0,64180.58,551024.39247426
1784233800000,64180.58,64199.99,64131.33,64145.0,382294.472243
1784234700000,64145.0,64160.6,64106.0,64120.0,518659.81731951
1784235600000,64120.0,64204.0,64105.0,64182.68,754756.06230154
1784236500000,64182.68,64207.44,64156.18,64174.04,414667.85853549
1784237400000,64174.04,64240.0,64155.0,64210.0,279317.76081355
1784238300000,64210.0,64213.75,64140.01,64158.67,494989.06521581
1784239200000,64158.67,64237.6,64155.0,64198.87,1114110.50303439
1784240100000,64198.87,64200.0,64015.0,64020.4,763390.85543897
1784241000000,64020.4,64172.74,64020.4,64081.25,1558444.78770052
1784241900000,64081.25,64082.24,63950.12,63968.12,405306.96969787
1784242800000,63968.12,64005.0,63905.45,63924.79,972233.17536947
1784243700000,63924.79,63924.79,63754.0,63810.0,1459823.52517029
1784244600000,63810.0,63850.0,63741.79,63836.35,468153.40379765
1784245500000,63836.35,63905.82,63795.01,63831.67,1071613.58904852
1784246400000,63831.67,63849.99,63750.04,63790.89,1629026.85110722
1784247300000,63790.89,63909.83,63766.63,63801.87,735884.30194605
1784248200000,63801.87,63803.31,63611.94,63789.99,1503664.96136152
1784249100000,63789.99,63885.0,63789.99,63885.0,1509418.3267748
1784250000000,63885.0,64064.99,63870.88,63990.01,1010709.90843622
1784250900000,63990.01,64020.0,63830.0,63969.19,1438021.19828333
1784251800000,63969.19,63979.99,63727.0,63727.0,1046807.97390828
1784252700000,63727.0,63727.0,63475.0,63540.63,3548227.72045961
1784253600000,63540.63,63623.81,63428.58,63611.0,1193845.09278891
1784254500000,63611.0,63660.0,63505.01,63540.0,3342137.3580868
1784255400000,63540.0,63574.99,63410.0,63455.41,722480.00431566
1784256300000,63455.41,63496.0,63388.13,63481.44,779264.48674674
1784257200000,63481.44,63656.87,63481.44,63622.79,776591.85438329
1784258100000,63622.79,63719.99,63620.89,63681.3,964136.64341791
1784259000000,63681.3,63699.98,63601.02,63619.49,1951397.88645573
1784259900000,63619.49,63629.99,63530.0,63570.01,817869.8548781
1784260800000,63570.01,63570.01,63490.0,63496.08,619481.4451564
1784261700000,63496.08,63530.74,63317.66,63383.59,1415108.72715182
1784262600000,63383.59,63488.66,63335.01,63475.01,1047774.89690799
1784263500000,63475.01,63575.0,63470.0,63486.35,814055.70779955
1784264400000,63486.35,63486.35,63360.97,63434.25,659492.3501287
1784265300000,63434.25,63436.35,63203.66,63203.67,1501550.27478207
1784266200000,63203.67,63227.13,62970.0,62975.67,3278599.03366368
1784267100000,62975.67,62980.0,62800.01,62841.03,2528811.8759465
1784268000000,62841.03,63000.0,62771.93,62825.0,4073447.76902641
1784268900000,62825.0,62945.0,62701.09,62932.84,3034335.75943281
1784269800000,62932.84,62965.0,62870.68,62873.92,852161.42862009
1784270700000,62873.92,62950.45,62856.73,62950.45,689339.65879718
1784271600000,62950.45,62951.29,62873.93,62903.44,665090.59789458
1784272500000,62903.44,62939.99,62800.0,62939.99,1355791.57854863
1784273400000,62939.99,62981.38,62875.01,62934.52,2633045.2918818
1784274300000,62934.52,62959.66,62822.0,62828.35,2062462.28871066
1784275200000,62828.35,62911.17,62768.61,62897.14,6473811.3984871
1784276100000,62897.14,62903.67,62740.01,62805.0,1455499.63606886
1784277000000,62805.0,62805.01,62667.42,62792.99,1370582.72255771
1784277900000,62792.99,62944.65,62792.99,62895.01,711740.68928699
1784278800000,62895.01,62968.11,62865.0,62968.11,1757063.89420176
1784279700000,62968.11,62984.98,62870.0,62955.0,1114928.00175809
1784280600000,62955.0,63067.13,62935.0,63067.12,683990.53974695
1784281500000,63067.12,63072.85,62975.0,63000.14,1318078.02825798
1784282400000,63000.14,63143.85,62995.3,63104.02,916792.20649349
1784283300000,63104.02,63133.19,63060.0,63100.0,598311.10379017
1784284200000,63100.0,63192.93,63085.06,63188.25,393941.05071051
1784285100000,63188.25,63196.41,63171.35,63180.03,501572.31159833
1784286000000,63180.03,63215.0,63090.01,63090.07,392853.51582557
1784286900000,63090.07,63142.11,63066.1,63135.0,634927.82788268
1784287800000,63135.0,63308.41,63110.0,63300.0,976293.02180194
1784288700000,63300.0,63361.19,63265.01,63296.35,677232.8313022
1784289600000,63296.35,63345.0,63235.94,63249.35,754138.97351778
1784290500000,63249.35,63295.67,63169.0,63192.41,1368704.66601108
1784291400000,63192.41,63199.99,63075.45,63115.46,1031421.40817394
1784292300000,63115.46,63162.25,63065.91,63094.46,1255463.48152422
1784293200000,63094.46,63100.0,62759.58,62819.06,3408892.89071051
1784294100000,62819.06,62959.59,62810.0,62852.55,1969174.33432196
1784295000000,62852.55,62943.31,62539.33,62568.53,4647734.19466949
1784295900000,62568.53,63183.78,62535.4,63159.99,5103335.31231885
1784296800000,63159.99,63519.29,63146.83,63394.41,4247263.31457787
1784297700000,63394.41,63491.35,63193.26,63244.99,2818082.39355988
1784298600000,63244.99,63355.0,63081.24,63275.01,3116884.88558087
1784299500000,63275.01,63298.3,63134.0,63176.86,4217647.01510672
1784300400000,63176.86,63194.99,62858.14,62921.26,3096723.81534666
1784301300000,62921.26,63272.72,62910.01,63272.72,1865281.02864445
1784302200000,63272.72,63304.99,63115.04,63210.26,1863443.14154534
1784303100000,63210.26,63459.99,63146.01,63459.69,939049.90969316
1784304000000,63459.69,63565.66,63344.44,63469.0,3606316.24179683
1784304900000,63469.0,63545.0,63315.01,63478.45,1469095.03841435
1784305800000,63478.45,63540.0,63374.79,63529.99,1174694.95905175
1784306700000,63529.99,63708.71,63490.37,63595.0,2170174.4433596
1784307600000,63595.0,64145.7,63594.1,63962.9,3619449.29046679
1784308500000,63962.9,64126.47,63920.01,64021.48,2636802.11437641
1784309400000,64021.48,64105.0,63978.09,64030.0,1621309.406642
1784310300000,64030.0,64225.35,64000.01,64053.12,2088481.35414562
1784311200000,64053.12,64110.0,63970.0,64095.0,1323516.291417
1784312100000,64095.0,64095.0,63888.87,63957.01,1039992.22304065
1784313000000,63957.01,64150.0,63950.01,64149.75,956348.15199154
1784313900000,64149.75,64385.0,64149.74,64260.07,1938823.88834813
1784314800000,64260.07,64260.93,64057.0,64080.0,1021666.17936428
1784315700000,64080.0,64094.99,63980.01,64089.74,1176359.68684312
1784316600000,64089.74,64183.33,64075.01,64183.33,1092585.87214511
1784317500000,64183.33,64212.44,64145.0,64156.05,1031377.27626638
1784318400000,64156.05,64157.52,64005.0,64010.0,1274028.21492647
1784319300000,64010.0,64074.98,63987.88,64040.0,861666.39748302
1784320200000,64040.0,64117.59,63962.95,64117.59,503642.3307635
1784321100000,64117.59,64195.0,64045.0,64120.0,605503.99804995
1784322000000,64120.0,64193.62,64119.01,64165.01,744010.41722891
1784322900000,64165.01,64225.0,64130.0,64146.0,681546.92378181
1784323800000,64146.0,64150.04,64080.01,64099.81,993902.46655016
1784324700000,64099.81,64114.43,64070.0,64105.0,519424.83417334
1784325600000,64105.0,64147.72,64060.0,64084.5,570861.19494758
1784326500000,64084.5,64084.51,63965.01,63966.62,686231.9809858
1784327400000,63966.62,63970.86,63918.01,63950.88,439499.1639478
1784328300000,63950.88,63993.62,63950.02,63984.93,290243.5963521
1784329200000,63984.93,63984.94,63890.0,63902.74,524313.48466099
1784330100000,63902.74,63965.0,63895.01,63965.0,224696.96012465
1784331000000,63965.0,64014.48,63964.99,63983.94,353723.77428029
1784331900000,63983.94,63999.31,63934.0,63934.01,312256.42069065
1784332800000,63934.01,63975.0,63896.01,63971.83,957589.21763466
1784333700000,63971.83,64019.0,63965.0,63994.16,492905.72137668
1784334600000,63994.16,63994.17,63903.26,63921.36,274691.29497009
1784335500000,63921.36,63953.59,63900.0,63908.7,146256.0945146
1784336400000,63908.7,63925.0,63890.0,63921.47,337880.38415411
1784337300000,63921.47,64004.09,63921.47,64003.52,172343.96403112
1784338200000,64003.52,64003.53,63920.0,63944.72,250256.83030896
1784339100000,63944.72,63982.12,63944.72,63955.01,112592.72199345
1784340000000,63955.01,63974.51,63933.04,63969.05,260292.47614493
1784340900000,63969.05,64008.57,63969.05,63997.6,164438.55422199
1784341800000,63997.6,64034.99,63965.0,63966.84,531117.33414019
1784342700000,63966.84,63976.7,63952.01,63957.93,451242.88308823
1784343600000,63957.93,63985.0,63952.0,63982.87,273161.27386328
1784344500000,63982.87,63995.0,63950.31,63952.83,101832.15758541
1784345400000,63952.83,63965.0,63940.0,63940.13,262409.82974312
1784346300000,63940.13,64021.88,63932.0,64019.5,688639.72284612
1784347200000,64019.5,64019.81,63980.0,63996.54,94028.27401413
1784348100000,63996.54,63996.54,63960.0,63983.16,553058.27414856
1784349000000,63983.16,63983.17,63950.0,63950.01,129466.22513792
1784349900000,63950.01,63980.0,63950.0,63967.89,52279.86244339
1784350800000,63967.89,63978.28,63934.0,63934.01,95453.7116366
1784351700000,63934.01,63981.43,63930.12,63970.08,280704.3012425
1784352600000,63970.08,63999.86,63962.32,63963.44,165679.23734593
1784353500000,63963.44,64004.99,63942.0,63960.0,169894.90454199
1784354400000,63960.0,63970.25,63954.0,63969.11,292937.04587092
1784355300000,63969.11,64012.5,63965.58,63990.02,274140.20358144
1784356200000,63990.02,63990.02,63950.01,63974.99,1027003.7358464
1784357100000,63974.99,63993.91,63974.99,63982.29,716872.92443521
1784358000000,63982.29,64020.0,63981.76,63997.0,381039.57029268
1784358900000,63997.0,64021.23,63997.0,64015.53,861229.05014299
1784359800000,64015.53,64019.99,64000.41,64019.99,638228.40746344
1784360700000,64019.99,64030.0,64007.86,64012.0,189862.46190313
1784361600000,64012.0,64020.0,63961.0,63981.52,979496.10424828
1784362500000,63981.52,64015.0,63978.64,64015.0,916244.79712169
1784363400000,64015.0,64025.0,63985.92,63985.93,502166.35720058
1784364300000,63985.93,64009.93,63985.92,64005.0,586248.0259653
1784365200000,64005.0,64013.71,63973.0,63976.83,1058352.07709979
1784366100000,63976.83,63976.88,63935.0,63942.93,918190.99013183
1784367000000,63942.93,63974.99,63942.93,63974.99,279541.33036156
1784367900000,63974.99,63989.97,63968.82,63989.96,832332.2233227
1784368800000,63989.96,63999.82,63986.4,63997.06,722285.76696204
1784369700000,63997.06,64011.65,63997.0,64011.64,72508.68164493
1784370600000,64011.64,64018.38,63998.29,64004.47,1559721.04522789
1784371500000,64004.47,64015.12,64004.47,64011.04,436279.83943248
1784372400000,64011.04,64020.0,64011.03,64016.33,987684.53295553
1784373300000,64016.33,64025.0,64016.32,64017.03,567387.02454372
1784374200000,64017.03,64029.09,64017.02,64025.16,340753.16048802
1784375100000,64025.16,64097.46,64018.06,64063.04,919011.01087802
1784376000000,64063.04,64200.0,64063.04,64133.58,1524343.52625924
1784376900000,64133.58,64141.93,64055.0,64096.01,853370.0881413
1784377800000,64096.01,64204.45,64066.0,64188.07,572361.8382869
1784378700000,64188.07,64259.99,64188.07,64216.8,565845.78435612
1784379600000,64216.8,64216.8,63989.94,64015.01,965870.75119859
1784380500000,64015.01,64060.0,63965.01,64054.36,354030.18287175
1784381400000,64054.36,64099.86,64030.01,64055.0,206578.75193093
1784382300000,64055.0,64107.23,64039.61,64107.22,251032.5858422
1784383200000,64107.22,64172.68,64105.0,64166.16,465313.64797852
1784384100000,64166.16,64172.18,64125.0,64172.18,201143.82945192
1784385000000,64172.18,64195.0,64155.0,64175.0,515702.85318629
1784385900000,64175.0,64179.99,64110.6,64124.97,133017.37060219
1784386800000,64124.97,64130.0,64086.0,64095.63,154290.06318998
1784387700000,64095.63,64130.0,64076.0,64076.0,126572.92285565
1784388600000,64076.0,64083.18,64045.01,64045.01,163617.71634231
1784389500000,64045.01,64159.99,64030.97,64120.53,288175.58764736
1784390400000,64120.53,64155.0,64088.61,64143.09,190042.35020632
1784391300000,64143.09,64147.21,64113.96,64142.95,337314.01511197
1784392200000,64142.95,64170.0,64133.0,64143.84,184352.27898362
1784393100000,64143.84,64320.0,64125.0,64300.0,2143916.55075576
1784394000000,64300.0,64322.31,64280.0,64322.31,451336.03475897
1784394900000,64322.31,64451.79,64280.0,64291.34,1861637.94460664
1784395800000,64291.34,64461.76,64291.34,64448.27,643008.80683068
1784396700000,64448.27,64492.16,64405.83,64485.13,1051046.30023391
1784397600000,64485.13,64485.13,64460.34,64465.94,2227275.88476646
1784398500000,64465.94,64669.47,64465.9,64568.32,3380752.86152646
1784399400000,64568.32,64572.71,64479.0,64480.01,620716.84894035
1784400300000,64480.01,64534.99,64477.1,64516.07,636808.53259548
1784401200000,64516.07,64555.0,64510.27,64535.27,440756.53309839
1784402100000,64535.27,64595.0,64482.0,64482.0,1034735.88105087
1784403000000,64482.0,64535.0,64477.56,64522.58,543301.1487428
1784403900000,64522.58,64569.94,64522.57,64561.41,446019.41694626
1784404800000,64561.41,64640.0,64515.0,64620.01,2199353.58186967
1784405700000,64620.01,64742.85,64615.0,64647.34,1217868.13316126
1784406600000,64647.34,64647.35,64595.0,64612.31,535666.9324717
1784407500000,64612.31,64719.99,64576.88,64700.01,1498445.91101311
1784408400000,64700.01,64765.0,64647.85,64764.99,1050005.79605175
1784409300000,64764.99,64854.34,64726.0,64732.63,1577738.08165076
1784410200000,64732.63,64732.64,64640.01,64649.51,844484.13862608
1784411100000,64649.51,64814.99,64618.16,64736.63,1151521.13486811
1784412000000,64736.63,64874.24,64727.67,64805.0,1166608.09940402
1784412900000,64805.0,64839.49,64737.35,64740.0,734376.58305569
1784413800000,64740.0,64787.13,64715.0,64779.75,679128.07449555
1784414700000,64779.75,64834.29,64752.36,64815.0,1143997.21725712
1784415600000,64815.0,64821.95,64715.01,64731.44,336441.75675272
1784416500000,64731.44,64843.33,64731.44,64832.48,824692.17279851
1784417400000,64832.48,64840.0,64804.0,64829.85,353026.3759749
1784418300000,64829.85,64845.0,64811.07,64830.01,376658.40913431
1784419200000,64830.01,64855.0,64816.01,64844.78,545225.14087581
1784420100000,64844.78,64905.0,64787.19,64789.52,1225245.07309812
1784421000000,64789.52,64810.0,64774.0,64777.89,400348.67430162
1784421900000,64777.89,64805.0,64767.56,64784.22,428359.08799045
1784422800000,64784.22,64787.19,64775.0,64777.25,110916.90233382
1784423700000,64777.25,64781.59,64762.33,64771.36,339927.03803822
1784424600000,64771.36,64776.3,64763.76,64765.02,367281.50104365
1784425500000,64765.02,64781.59,64765.01,64766.39,269716.25827739
1784426400000,64766.39,64965.98,64700.0,64893.51,2419580.02251338
1784427300000,64893.51,64920.0,64800.92,64821.0,428795.91387594
1784428200000,64821.0,64950.0,64820.0,64837.58,364676.85714783
1784429100000,64837.58,64860.0,64823.0,64825.0,246930.49034565
1784430000000,64825.0,64840.0,64725.01,64728.9,268896.9261251
1784430900000,64728.9,64728.9,64625.0,64668.81,325404.13870359
1784431800000,64668.81,64690.0,64650.0,64658.3,219427.08517132
1784432700000,64658.3,64710.0,64658.29,64710.0,226805.2633098
1784433600000,64710.0,64710.03,64612.34,64641.98,403902.63207624
1784434500000,64641.98,64714.99,64641.97,64714.69,280761.97567059
1784435400000,64714.69,64790.0,64699.62,64765.0,383630.21100376
1784436300000,64765.0,64784.75,64715.0,64722.84,152557.90752317
1784437200000,64722.84,64795.0,64722.83,64795.0,166399.54934468
1784438100000,64795.0,64815.0,64712.65,64712.65,277415.76565771
1784439000000,64712.65,64712.66,64675.01,64699.99,129683.61807612
1784439900000,64699.99,64749.17,64699.99,64725.13,110567.59279797
1784440800000,64725.13,64729.98,64691.03,64729.25,881760.70660744
1784441700000,64729.25,64754.45,64720.55,64727.73,987815.95557866
1784442600000,64727.73,64760.0,64721.2,64732.07,389558.31847269
1784443500000,64732.07,64733.07,64705.0,64709.37,936262.98151979
1784444400000,64709.37,64720.0,64690.0,64690.0,543868.35418171
1784445300000,64690.0,64726.93,64686.3,64726.47,1175393.49062088
1784446200000,64726.47,64780.0,64711.0,64766.64,1070764.6229011
1784447100000,64766.64,64766.64,64667.84,64710.0,1280842.66393121
1784448000000,64710.0,64728.38,64670.01,64705.97,1550267.06096047
1784448900000,64705.97,64708.99,64630.64,64665.0,844214.67444532
1784449800000,64665.0,64674.99,64637.0,64656.03,351214.37771511
1784450700000,64656.03,64745.0,64649.99,64708.3,532765.56830287
1784451600000,64708.3,64719.99,64648.0,64648.0,149727.91534725
1784452500000,64648.0,64648.0,64549.62,64577.33,891155.89982371
1784453400000,64577.33,64600.0,64500.14,64518.01,503309.26995707
1784454300000,64518.01,64545.0,64505.0,64515.17,208656.90544159
1784455200000,64515.17,64589.99,64479.51,64572.27,592183.56176843
1784456100000,64572.27,64625.0,64572.27,64625.0,165684.2740332
1784457000000,64625.0,64675.0,64615.0,64671.93,449275.22288366
1784457900000,64671.93,64700.0,64568.83,64584.48,1287457.70474237
1784458800000,64584.48,64625.0,64512.01,64580.48,662364.6632815
1784459700000,64580.48,64639.99,64532.0,64550.0,1755310.74287674
1784460600000,64550.0,64555.0,64510.0,64525.76,736480.71587865
1784461500000,64525.76,64540.0,64442.15,64468.1,266707.45035246
1784462400000,64468.1,64470.0,64340.85,64347.57,1231321.82114682
1784463300000,64347.57,64450.0,64280.0,64314.96,1123022.41025817
1784464200000,64314.96,64439.99,64306.58,64410.0,493392.24563936
1784465100000,64410.0,64455.0,64350.0,64442.88,255301.8410625
1784466000000,64442.88,64464.99,64348.0,64359.72,384414.06412294
1784466900000,64359.72,64423.69,64305.0,64412.38,537468.95358547
1784467800000,64412.38,64479.21,64411.41,64422.03,319972.40781223
1784468700000,64422.03,64515.0,64415.01,64484.51,237834.39702697
1784469600000,64484.51,64555.0,64476.12,64549.96,355933.5183567
1784470500000,64549.96,64555.0,64422.08,64469.42,572511.58102859
1784471400000,64469.42,64549.99,64451.92,64524.6,363271.73568659
1784472300000,64524.6,64663.98,64522.95,64594.21,528957.38718155
1784473200000,64594.21,64620.0,64526.0,64579.99,233854.49504855
1784474100000,64579.99,64596.75,64505.0,64510.06,253839.39800123
1784475000000,64510.06,64585.0,64500.01,64573.93,370666.0798447
1784475900000,64573.93,64588.11,64540.01,64575.0,312049.96150484
1784476800000,64575.0,64649.99,64510.01,64555.21,326804.12319387
1784477700000,64555.21,64630.0,64520.0,64612.54,240342.84875243
1784478600000,64612.54,64612.55,64531.47,64604.99,181457.34717948
1784479500000,64604.99,64610.0,64525.01,64539.12,178099.37307942
1784480400000,64539.12,64701.08,64400.01,64701.08,878969.69824168
1784481300000,64701.08,64753.85,64630.01,64652.85,780360.57572707
1784482200000,64652.85,64725.0,64609.0,64624.07,200909.02039338
1784483100000,64624.07,64624.07,64540.0,64549.7,289254.6474378
1784484000000,64549.7,64554.66,64286.72,64476.01,1611377.53416671
1784484900000,64476.01,64489.99,64400.0,64400.85,302250.48257442
1784485800000,64400.85,64448.22,64347.0,64430.01,372318.21096373
1784486700000,64430.01,64445.0,64365.54,64420.0,160081.04040814
1784487600000,64420.0,64460.0,64350.0,64450.0,214461.66051813
1784488500000,64450.0,64463.5,64421.93,64444.99,79703.78251012
1784489400000,64444.99,64458.4,64410.0,64418.75,183295.248166
1784490300000,64418.75,64463.68,64393.6,64463.67,253293.36163885
1784491200000,64463.67,64558.03,64463.67,64505.51,429430.9807569
1784492100000,64505.51,64524.39,64471.45,64490.26,118318.1057505
1784493000000,64490.26,64530.0,64481.0,64500.0,121707.98310112
1784493900000,64500.0,64535.0,64483.01,64534.99,240354.94417323
1784494800000,64534.99,64560.0,64490.01,64545.0,248769.91230553
1784495700000,64545.0,64545.0,64460.86,64473.13,157110.59805657
1784496600000,64473.13,64473.14,64351.11,64360.49,703768.72416974
1784497500000,64360.49,64425.0,64355.31,64410.7,522061.43672392
1784498400000,64410.7,64685.53,64345.26,64665.0,2477626.75645066
1784499300000,64665.0,64899.99,64664.99,64759.93,1737257.39978377
1784500200000,64759.93,64820.0,64689.22,64810.02,1359727.81140173
1784501100000,64810.02,64820.0,64670.01,64675.32,680002.71270469
1784502000000,64675.32,64715.0,64562.76,64699.99,638972.65054961
1784502900000,64699.99,64715.0,64640.14,64675.53,457390.75438217
1784503800000,64675.53,64774.99,64646.0,64748.29,1108919.08075963
1784504700000,64748.29,64775.0,64657.0,64730.0,590145.67654124
1784505600000,64730.0,65059.89,64575.0,65025.34,2048602.00754456
1784506500000,65025.34,65109.16,64805.0,64876.0,988055.72033322
1784507400000,64876.0,64943.2,64790.01,64821.0,766093.37856076
1784508300000,64821.0,64821.0,64415.0,64555.01,1463167.5256754
1784509200000,64555.01,65032.36,64510.0,64805.56,1299546.07318553
1784510100000,64805.56,64946.24,64687.45,64848.28,1152677.9636136
1784511000000,64848.28,64925.39,64700.8,64764.99,793299.44337995
1784511900000,64764.99,64775.0,64502.0,64628.4,928422.15257914
1784512800000,64628.4,64943.66,64622.76,64820.04,1073134.77094823
1784513700000,64820.04,64823.19,64582.0,64670.13,1303389.45315231
1784514600000,64670.13,64889.99,64655.01,64835.0,1181221.2774462
1784515500000,64835.0,64961.55,64830.0,64830.01,1259257.38568925
1784516400000,64830.01,64884.39,64771.01,64849.99,988005.17909815
1784517300000,64849.99,64884.99,64642.0,64687.03,961430.74486649
1784518200000,64687.03,64902.03,64665.57,64902.03,876872.38271821
1784519100000,64902.03,64914.99,64781.94,64869.43,938213.30794804
1784520000000,64869.43,64870.0,64705.0,64705.01,727226.90059977
1784520900000,64705.01,64783.94,64637.51,64758.5,475197.4724453
1784521800000,64758.5,64814.99,64704.0,64731.42,870127.45943535
1784522700000,64731.42,64731.42,64536.01,64540.01,1211713.7871131
1784523600000,64540.01,64560.0,64076.83,64245.71,3040574.08272855
1784524500000,64245.71,64388.54,64089.59,64184.95,2866881.44681896
1784525400000,64184.95,64258.65,64110.0,64210.0,979991.35109735
1784526300000,64210.0,64210.45,64097.0,64130.85,1043580.99833197
1784527200000,64130.85,64197.99,64082.54,64194.82,1142983.66717091
1784528100000,64194.82,64223.68,64096.64,64137.92,3499171.82196307
1784529000000,64137.92,64154.9,63764.01,63820.81,5813163.95544648
1784529900000,63820.81,63940.0,63765.0,63915.0,3593462.70425694
1784530800000,63915.0,64007.89,63915.0,63972.29,1360675.74810559
1784531700000,63972.29,64134.02,63892.48,64132.18,2874330.34532102
1784532600000,64132.18,64214.29,64094.41,64214.29,1519977.68651651
1784533500000,64214.29,64309.67,64190.65,64275.0,1536867.15985392
1784534400000,64275.0,64361.01,64230.0,64299.99,2051875.41483759
1784535300000,64299.99,64358.42,64227.31,64245.4,1160939.17038698
1784536200000,64245.4,64279.19,63877.02,63925.97,8573631.47446096
1784537100000,63925.97,64109.99,63925.01,64053.81,604498.11471904
1784538000000,64053.81,64110.62,64010.0,64104.99,858417.31964452
1784538900000,64104.99,64200.0,64090.0,64197.67,652682.28753229
1784539800000,64197.67,64259.67,64190.0,64235.01,659867.59630775
1784540700000,64235.01,64285.71,64205.0,64205.0,1466587.93888138
1784541600000,64205.0,64284.58,64165.0,64280.11,945373.7992521
1784542500000,64280.11,64413.72,64255.01,64356.09,931767.63754105
1784543400000,64356.09,64356.1,64254.57,64326.03,807037.15394077
1784544300000,64326.03,64350.0,64295.0,64298.85,281603.69701219
1784545200000,64298.85,64446.08,64272.68,64380.05,1379564.23944253
1784546100000,64380.05,64395.0,64321.01,64354.67,628358.01760945
1784547000000,64354.67,64934.99,64345.35,64832.8,5951946.00842225
1784547900000,64832.8,65068.27,64832.8,65002.71,2720861.73516287
1784548800000,65002.71,65002.71,64717.57,64749.28,2638915.87783521
1784549700000,64749.28,64805.0,64676.0,64700.31,1972396.7838292
1784550600000,64700.31,64749.99,64606.46,64606.46,1738069.02276608
1784551500000,64606.46,64738.87,64602.51,64647.66,2133483.6269538
1784552400000,64647.66,64752.99,64630.01,64691.0,1884507.78655278
1784553300000,64691.0,64730.0,64530.55,64559.99,2000780.1860294
1784554200000,64559.99,64769.92,64505.01,64655.01,4524991.45736298
1784555100000,64655.01,64763.4,64203.28,64345.0,5714271.25320753
1784556000000,64345.0,64494.99,64285.0,64320.0,2581729.05960738
1784556900000,64320.0,64474.97,64076.82,64469.62,2344917.78912914
1784557800000,64469.62,64542.39,64350.31,64435.0,1498634.8740947
1784558700000,64435.0,64577.26,64308.01,64415.11,2026892.04708451
1784559600000,64415.11,64992.32,64415.11,64970.0,3170791.17846515
1784560500000,64970.0,65019.99,64885.0,64950.0,1854313.85521295
1784561400000,64950.0,65290.35,64810.01,65239.99,4528218.88492047
1784562300000,65239.99,65666.0,65239.99,65599.51,7768474.59411057
1784563200000,65599.51,65635.0,65411.0,65555.0,3791442.3360408
1784564100000,65555.0,65564.99,65379.27,65442.92,1668053.08269878
1784565000000,65442.92,65554.99,65336.75,65368.43,2688873.65161267
1784565900000,65368.43,65515.0,65365.0,65500.99,1337014.02274974
1784566800000,65500.99,65553.13,65442.19,65500.0,2249562.76214006
1784567700000,65500.0,65515.0,65425.0,65504.22,515601.03649552
1784568600000,65504.22,65504.99,65345.0,65357.27,871505.89416589
1784569500000,65357.27,65639.98,65357.26,65587.68,2411196.42377088
1784570400000,65587.68,65793.34,65565.01,65746.87,2471849.77523854
1784571300000,65746.87,65770.0,65575.0,65590.0,1607175.71657227
1784572200000,65590.0,65590.01,65342.86,65344.55,943296.42360049
1784573100000,65344.55,65349.99,65197.12,65236.83,1789715.09707922
1784574000000,65236.83,65275.0,65099.12,65099.12,545203.89883818
1784574900000,65099.12,65195.0,65070.43,65156.42,1186635.90024125
1784575800000,65156.42,65165.0,65037.01,65112.82,876401.19005733
1784576700000,65112.82,65185.0,65070.18,65145.0,1229366.9183248
1784577600000,65145.0,65241.52,65060.0,65220.3,1144918.20187603
1784578500000,65220.3,65324.99,65200.01,65289.99,395825.3099093
1784579400000,65289.99,65443.23,65277.75,65310.0,738567.86904434
1784580300000,65310.0,65390.0,65309.99,65368.61,269402.62058185
1784581200000,65368.61,65370.0,65285.01,65325.0,797601.99676928
1784582100000,65325.0,65354.43,65300.0,65307.08,1112840.81074561
1784583000000,65307.08,65441.31,65307.08,65355.22,861905.06884016
1784583900000,65355.22,65375.0,65262.61,65286.78,545368.40949148
1784584800000,65286.78,65286.79,65137.91,65199.24,1035814.15698615
1784585700000,65199.24,65254.34,65150.0,65216.84,444186.31971593
1784586600000,65216.84,65230.0,65090.0,65125.0,880417.27235488
1784587500000,65125.0,65149.99,65118.6,65145.0,240949.3565437
1784588400000,65145.0,65220.0,65130.01,65159.99,237469.14038819
1784589300000,65159.99,65260.0,65159.99,65239.99,229685.57446131
1784590200000,65239.99,65258.0,65200.01,65224.98,653664.20000334
1784591100000,65224.98,65274.5,65157.22,65259.33,917917.21841307
1784592000000,65259.33,65259.33,65156.0,65185.09,1016317.21384872
1784592900000,65185.09,65430.03,65150.01,65355.01,1242747.19964677
1784593800000,65355.01,65550.0,65350.0,65492.44,1511269.97654103
1784594700000,65492.44,65586.43,65485.01,65571.0,1030805.94356434
1784595600000,65571.0,65660.0,65480.0,65545.01,2457311.25005364
1784596500000,65545.01,65548.64,65432.0,65446.0,1782316.57079421
1784597400000,65446.0,65480.0,65322.79,65341.0,1823156.5449606
1784598300000,65341.0,65341.0,65234.12,65237.0,1351337.89627296
1784599200000,65237.0,65414.99,65233.33,65289.31,1814632.9169513
1784600100000,65289.31,65320.0,65176.73,65269.76,853578.90068216
1784601000000,65269.76,65370.0,65269.76,65350.31,697582.76415946
1784601900000,65350.31,65502.35,65315.0,65415.74,749852.5969081
1784602800000,65415.74,65539.99,65411.12,65487.64,1852919.15681217
1784603700000,65487.64,65530.0,65434.67,65485.69,994294.37530436
1784604600000,65485.69,65540.0,65446.39,65526.55,2110020.64468673
1784605500000,65526.55,65594.15,65455.0,65570.0,1146437.63182723
1784606400000,65570.0,65739.0,65531.18,65604.99,2055350.4417079
1784607300000,65604.99,65670.0,65515.0,65515.01,1127928.63216508
1784608200000,65515.01,65570.0,65496.01,65543.96,1126507.50347858
1784609100000,65543.96,65550.0,65480.0,65520.29,677251.82914361
1784610000000,65520.29,65560.0,65483.34,65541.8,791804.06002355
1784610900000,65541.8,65653.69,65495.0,65600.51,1315977.44440852
1784611800000,65600.51,65685.0,65560.36,65649.99,946367.27207611
1784612700000,65649.99,65925.71,65611.09,65753.08,2857888.26649175
1784613600000,65753.08,65825.0,65635.0,65725.0,4637479.07223151
1784614500000,65725.0,65841.92,65661.26,65821.0,1184336.43012791
1784615400000,65821.0,65994.03,65805.38,65960.0,2779866.52386359
1784616300000,65960.0,65969.99,65875.0,65916.0,2139420.45612284
1784617200000,65916.0,65945.0,65860.01,65921.14,1419880.28915503
1784618100000,65921.14,66007.87,65895.0,65960.0,2182862.16340219
1784619000000,65960.0,66150.0,65946.3,66038.19,4197834.50264298
1784619900000,66038.19,66244.99,66019.98,66192.57,5239598.33850208
1784620800000,66192.57,66289.99,66132.4,66282.88,2439485.50966726
1784621700000,66282.88,66354.35,66201.05,66214.11,3703035.76633794
1784622600000,66214.11,66350.0,66167.58,66300.0,4100864.42275755
1784623500000,66300.0,66329.98,66205.28,66225.0,1603292.05707064
1784624400000,66225.0,66230.0,66140.0,66209.99,1752267.60146585
1784625300000,66209.99,66242.8,66185.0,66236.45,1219305.16323458
1784626200000,66236.45,66334.82,66226.22,66299.69,3504684.84289217
1784627100000,66299.69,66345.0,66260.0,66285.0,861653.57194519
1784628000000,66285.0,66396.03,66260.01,66357.27,1984416.85226984
1784628900000,66357.27,66398.96,66310.0,66398.96,1964263.2052674
1784629800000,66398.96,66419.19,66325.0,66355.01,2747324.65212626
1784630700000,66355.01,66360.0,66175.01,66190.01,1663813.94900864
1784631600000,66190.01,66256.05,66142.46,66231.14,1409851.55851737
1784632500000,66231.14,66260.0,66185.01,66235.0,2792543.92182704
1784633400000,66235.0,66344.99,66232.0,66333.01,1596760.38544029
1784634300000,66333.01,66354.47,66320.22,66345.0,730570.72823246
1784635200000,66345.0,66448.35,66269.6,66409.73,2582831.83938104
1784636100000,66409.73,66495.0,66343.65,66452.92,2009601.31191477
1784637000000,66452.92,66638.89,66426.58,66519.79,3200216.31942547
1784637900000,66519.79,66579.99,66482.0,66558.34,1222662.25292542
1784638800000,66558.34,66629.99,66515.0,66618.23,965180.36093759
1784639700000,66618.23,66660.88,66413.35,66445.71,1807786.9308901
1784640600000,66445.71,66549.7,66322.0,66365.0,2729145.85697283
1784641500000,66365.0,66805.52,66340.01,66782.93,3909928.23705407
1784642400000,66782.93,66954.78,66735.25,66940.0,7978765.50589464
1784643300000,66940.0,66944.7,66645.0,66734.95,4702258.04669665
1784644200000,66734.95,66880.0,66655.0,66845.0,2083063.54586435
1784645100000,66845.0,66915.0,66805.0,66840.01,4349597.88584647
1784646000000,66840.01,66840.01,66650.0,66681.45,6319108.56990024
1784646900000,66681.45,66744.99,66620.0,66620.01,4040473.62196511
1784647800000,66620.01,66714.97,66527.71,66618.45,4428162.89124832
1784648700000,66618.45,66720.0,66593.0,66680.01,2300272.06822515
1784649600000,66680.01,66764.39,66585.0,66620.01,1644633.91896807
1784650500000,66620.01,66620.01,66525.0,66534.58,806733.47775836
1784651400000,66534.58,66650.0,66500.5,66555.01,1109238.7135818
1784652300000,66555.01,66609.99,66471.0,66548.35,805954.06431554
1784653200000,66548.35,66569.22,66445.0,66464.69,970151.667383
1784654100000,66464.69,66499.98,66400.0,66448.55,1811077.39657502
1784655000000,66448.55,66504.99,66400.31,66499.68,1236787.03479226
1784655900000,66499.68,66509.89,66069.61,66210.0,12547162.97310693
1784656800000,66210.0,66334.68,66110.0,66296.01,1950179.48235233
1784657700000,66296.01,66310.0,66186.01,66244.5,584631.56839978
1784658600000,66244.5,66305.0,66105.01,66286.01,1043248.01164599
1784659500000,66286.01,66364.99,66275.01,66322.77,1377137.95336321
1784660400000,66322.77,66377.5,66266.01,66299.99,699120.31254741
1784661300000,66299.99,66418.17,66292.31,66399.33,726985.35542708
1784662200000,66399.33,66499.11,66385.66,66463.14,1609358.6533124
1784663100000,66463.14,66507.49,66418.0,66443.59,1340367.49944314
1784664000000,66443.59,66480.0,66362.52,66425.0,950339.39174739
1784664900000,66425.0,66425.0,66365.36,66390.0,515838.15299346
1784665800000,66390.0,66499.86,66389.99,66453.51,1018322.08043743
1784666700000,66453.51,66464.99,66411.0,66411.0,364191.99382494
1784667600000,66411.0,66412.53,66310.0,66403.82,1279382.51384816
1784668500000,66403.82,66403.82,66319.99,66319.99,561188.3744187
1784669400000,66319.99,66360.0,66294.97,66350.51,703088.54293293
1784670300000,66350.51,66390.0,66340.0,66385.0,668168.9388795
1784671200000,66385.0,66385.0,66310.0,66320.0,985906.5784412
1784672100000,66320.0,66321.31,66200.02,66280.27,819411.42802081
1784673000000,66280.27,66360.08,66265.0,66313.65,1135361.20457284
1784673900000,66313.65,66313.65,66241.01,66312.05,591088.22171304
1784674800000,66312.05,66312.05,66230.56,66277.09,649473.45813424
1784675700000,66277.09,66401.25,66277.08,66400.0,301470.69094934
1784676600000,66400.0,66454.99,66390.0,66426.35,515921.1727635
1784677500000,66426.35,66574.27,66426.35,66550.66,1045528.62211715
1784678400000,66550.66,66685.72,66540.01,66685.72,1168733.19513504
1784679300000,66685.72,66725.0,66587.9,66660.0,2144067.16691473
1784680200000,66660.0,66739.0,66627.46,66718.05,1133469.65627501
1784681100000,66718.05,66733.33,66614.73,66626.0,1206095.15701305
1784682000000,66626.0,66655.0,66485.01,66488.33,779366.62625867
1784682900000,66488.33,66500.0,66330.0,66360.02,1480671.10004307
1784683800000,66360.02,66420.0,66284.66,66365.0,851757.86385063
1784684700000,66365.0,66504.99,66360.86,66430.57,854962.69659632
1784685600000,66430.57,66487.41,66370.0,66464.75,476713.39415437
1784686500000,66464.75,66534.58,66410.0,66410.01,478421.27342421
1784687400000,66410.01,66410.01,66302.8,66367.98,293607.4784915
1784688300000,66367.98,66388.7,66300.0,66313.45,457147.32711341
1784689200000,66313.45,66370.0,66179.91,66183.39,744460.68697704
1784690100000,66183.39,66315.0,66183.39,66285.01,892650.91227019
1784691000000,66285.01,66315.0,66215.0,66284.8,816284.39051335
1784691900000,66284.8,66360.0,66177.27,66210.99,660580.67221611
1784692800000,66210.99,66352.82,66200.0,66339.79,321401.94176873
1784693700000,66339.79,66400.0,66330.01,66370.01,1292455.13419583
1784694600000,66370.01,66425.0,66320.0,66421.0,1211603.53424821
1784695500000,66421.0,66421.01,66345.0,66384.42,437688.84076824
1784696400000,66384.42,66384.42,66245.82,66273.94,538788.82214575
1784697300000,66273.94,66273.94,66043.12,66071.31,1971067.14482127
1784698200000,66071.31,66129.23,65975.99,65984.0,1892519.62890382
1784699100000,65984.0,66028.5,65945.0,65974.61,1166733.94426434
1784700000000,65974.61,66020.0,65880.42,65982.68,1809029.48967673
1784700900000,65982.68,65982.68,65831.1,65859.99,2568027.57614236
1784701800000,65859.99,65995.0,65830.0,65956.05,3125094.58006337
1784702700000,65956.05,65964.99,65895.35,65930.0,1572401.68688808
1784703600000,65930.0,65965.0,65890.01,65904.72,1748726.27500078
1784704500000,65904.72,65939.83,65845.0,65900.01,1526572.2248126
1784705400000,65900.01,65913.62,65695.88,65785.52,2491890.35157489
1784706300000,65785.52,65859.99,65779.69,65838.67,1641762.09017265
1784707200000,65838.67,66074.07,65838.67,66035.01,1777581.4338514
1784708100000,66035.01,66162.79,66007.78,66019.79,1353595.63453325
1784709000000,66019.79,66070.0,65926.66,65926.66,811641.60765787
1784709900000,65926.66,65995.0,65926.66,65986.85,560251.2380487
1784710800000,65986.85,66076.28,65967.72,66005.16,1051147.37738306
1784711700000,66005.16,66083.5,65996.31,66027.01,835869.52846866
1784712600000,66027.01,66027.01,65860.0,65885.53,818504.52882244
1784713500000,65885.53,65953.35,65850.6,65930.01,800425.67549923
1784714400000,65930.01,65959.99,65900.0,65925.59,874080.41534345
1784715300000,65925.59,65985.0,65919.0,65971.05,821074.59518818
1784716200000,65971.05,66015.0,65956.01,65990.67,3736435.22640292
1784717100000,65990.67,66116.66,65990.67,66048.92,2683612.26914458
1784718000000,66048.92,66079.97,66020.0,66020.0,994682.44879793
1784718900000,66020.0,66089.8,65982.0,66049.6,747822.33815512
1784719800000,66049.6,66065.0,65908.09,65917.37,1185134.21014389
1784720700000,65917.37,66060.0,65910.01,66013.42,531158.88908654
1784721600000,66013.42,66018.96,65871.42,65905.0,706035.77217515
1784722500000,65905.0,65935.0,65850.0,65890.0,631605.79033969
1784723400000,65890.0,65909.99,65775.0,65785.01,962025.55120244
1784724300000,65785.01,65820.0,65550.01,65638.18,3160997.7841547
1784725200000,65638.18,65685.39,65590.01,65652.55,1274980.78149896
1784726100000,65652.55,65652.56,65565.0,65624.8,2229440.34510522
1784727000000,65624.8,65920.0,65605.01,65889.61,2963905.09964788
1784727900000,65889.61,65985.0,65820.0,65953.08,1900231.40774239
1784728800000,65953.08,66206.9,65900.0,65903.27,3163807.46700944
1784729700000,65903.27,65903.27,65596.01,65625.05,2360706.9754613
1784730600000,65625.05,65880.0,65587.44,65678.85,1477119.03213622
1784731500000,65678.85,65800.0,65654.5,65797.09,1659253.48209241
1784732400000,65797.09,65971.08,65797.08,65942.0,1200134.62229233
1784733300000,65942.0,66132.43,65890.01,66075.0,2488691.59049132
1784734200000,66075.0,66119.99,65955.0,66014.53,1818723.03303807
1784735100000,66014.53,66070.0,65947.01,66045.0,1269747.19396988
1784736000000,66045.0,66153.85,65995.48,66125.61,1086175.23004592
1784736900000,66125.61,66125.61,65910.01,66024.0,928975.64851661
1784737800000,66024.0,66385.0,66010.43,66289.99,2694314.5817411
1784738700000,66289.99,66295.0,66155.0,66230.0,831671.65706617
1784739600000,66230.0,66276.75,66165.01,66170.9,859863.91580991
1784740500000,66170.9,66170.91,65942.1,66000.88,1393351.26194072
1784741400000,66000.88,66180.0,65985.0,66176.69,1226284.85839803
1784742300000,66176.69,66239.97,66010.0,66027.37,1289785.31055602
1784743200000,66027.37,66080.0,65975.0,65987.78,663077.30328814
1784744100000,65987.78,66047.55,65838.0,65890.0,999325.59753772
1784745000000,65890.0,65890.0,65728.96,65778.15,1280877.76485421
1784745900000,65778.15,65934.76,65765.32,65896.44,662892.44270025
1784746800000,65896.44,65923.41,65695.01,65760.76,680178.72107217
1784747700000,65760.76,65923.67,65750.0,65895.0,624015.09514264
1784748600000,65895.0,65949.99,65864.0,65864.0,801649.83555507
1784749500000,65864.0,65959.99,65850.01,65936.61,772545.4400737
1784750400000,65936.61,65955.0,65795.0,65934.43,2080994.0954951
1784751300000,65934.43,65984.99,65895.2,65940.4,805869.18892542
1784752200000,65940.4,65949.63,65910.0,65944.99,213279.82977098
1784753100000,65944.99,65944.99,65895.0,65919.87,382234.75525786
1784754000000,65919.87,65940.0,65910.0,65939.46,336169.00754236
1784754900000,65939.46,65949.46,65890.01,65912.37,260725.58920674
1784755800000,65912.37,66129.43,65912.37,66127.95,904675.77539156
1784756700000,66127.95,66130.53,66040.01,66068.91,552559.61719387
1784757600000,66068.91,66078.12,65975.01,66010.0,529909.79660165
1784758500000,66010.0,66030.0,65931.0,66019.7,472299.58299248
1784759400000,66019.7,66021.24,65940.0,65962.16,383453.44931158
1784760300000,65962.16,66050.0,65950.01,66045.0,794299.50177038
1784761200000,66045.0,66075.0,65860.2,65890.0,851714.55928945
1784762100000,65890.0,65999.86,65845.01,65976.82,739091.47476177
1784763000000,65976.82,65990.0,65955.11,65982.57,410257.72955205
1784763900000,65982.57,66145.0,65977.53,66110.0,405829.11386829
1784764800000,66110.0,66249.99,66064.73,66185.0,1315173.94472882
1784765700000,66185.0,66311.17,66155.01,66251.64,1390195.99330166
1784766600000,66251.64,66270.0,66148.0,66148.0,585770.95610715
1784767500000,66148.0,66199.54,66052.1,66057.0,849622.47183166
1784768400000,66057.0,66207.97,66025.0,66044.58,866178.36058099
1784769300000,66044.58,66044.59,65899.62,65931.0,902872.0435778
1784770200000,65931.0,65942.44,65750.49,65790.01,1117310.6173494
1784771100000,65790.01,65868.7,65781.0,65830.01,460906.97484502
1784772000000,65830.01,65840.0,65740.0,65740.0,622802.26448498
1784772900000,65740.0,65766.83,65652.51,65745.54,756552.75281297
1784773800000,65745.54,65829.73,65730.01,65784.12,767514.1861316
1784774700000,65784.12,65844.92,65760.01,65810.08,647227.45513279
1784775600000,65810.08,65821.58,65588.54,65634.01,1306395.55834741
1784776500000,65634.01,65685.0,65582.7,65641.17,1375582.56106244
1784777400000,65641.17,65705.0,65626.58,65688.02,808435.07053741
1784778300000,65688.02,65690.0,65643.0,65660.99,488687.85114833
1784779200000,65660.99,65674.97,65595.01,65673.24,885968.09619801
1784780100000,65673.24,65739.99,65641.0,65696.52,491081.32624316
1784781000000,65696.52,65701.55,65620.0,65632.33,472160.83208529
1784781900000,65632.33,65680.0,65600.01,65616.16,412743.11256633
1784782800000,65616.16,65646.53,65577.65,65643.12,367217.54444272
1784783700000,65643.12,65724.62,65607.17,65724.62,583335.36811638
1784784600000,65724.62,65795.98,65711.21,65740.01,304137.79709581
1784785500000,65740.01,65764.72,65650.0,65694.85,740881.07375627
1784786400000,65694.85,65722.09,65631.32,65670.66,296937.25271227
1784787300000,65670.66,65750.0,65630.0,65750.0,1227513.147627
1784788200000,65750.0,65787.4,65715.0,65775.8,818681.33702821
1784789100000,65775.8,65820.0,65775.0,65794.87,328552.02370781
1784790000000,65794.87,65794.87,65352.11,65460.23,3538285.18820271
1784790900000,65460.23,65482.87,65408.58,65439.99,724002.31156033
1784791800000,65439.99,65464.99,65391.01,65400.01,1697827.29612452
1784792700000,65400.01,65461.97,65371.01,65445.01,975612.97857032
1784793600000,65445.01,65564.2,65420.0,65540.01,1262973.59653
1784794500000,65540.01,65603.57,65515.0,65590.0,802429.88653134
1784795400000,65590.0,65664.99,65590.0,65638.08,409647.26322928
1784796300000,65638.08,65660.0,65600.01,65635.16,678815.15563307
1784797200000,65635.16,65738.87,65610.0,65678.73,1090967.18705388
1784798100000,65678.73,65759.62,65677.25,65715.36,670553.13229359
1784799000000,65715.36,65743.53,65691.55,65730.0,963821.63003468
1784799900000,65730.0,65735.0,65625.08,65637.5,1450970.5645307
1784800800000,65637.5,65721.6,65590.01,65716.39,1363669.98014082
1784801700000,65716.39,65769.45,65684.33,65769.33,421273.14910694
1784802600000,65769.33,65788.47,65745.01,65781.06,512373.23875713
1784803500000,65781.06,65785.0,65723.0,65730.92,578604.70193217
1784804400000,65730.92,65740.0,65665.16,65711.64,867907.33867666
1784805300000,65711.64,65719.99,65628.81,65630.01,859283.41376699
1784806200000,65630.01,65640.0,65551.25,65561.28,821088.28112873
1784807100000,65561.28,65630.0,65545.0,65556.7,1116761.29007471
1784808000000,65556.7,65589.84,65471.0,65514.82,1380444.03658729
1784808900000,65514.82,65518.51,65395.01,65421.2,1801826.37135039
1784809800000,65421.2,65421.2,65096.11,65115.0,3023342.05914849
1784810700000,65115.0,65264.99,64984.98,65167.44,3078395.69642964
1784811600000,65167.44,65224.99,65018.01,65038.72,2385976.59552031
1784812500000,65038.72,65100.0,64952.41,65019.5,2509379.54539963
1784813400000,65019.5,65199.99,64965.0,65096.31,4400337.41464652
1784814300000,65096.31,65156.53,64858.47,64882.7,7407278.07248841
1784815200000,64882.7,65080.0,64822.83,65052.7,3591896.65791914
1784816100000,65052.7,65218.65,65016.01,65142.42,3125919.35026976
1784817000000,65142.42,65205.0,65016.81,65029.65,1480861.19127371
1784817900000,65029.65,65029.66,64845.63,64909.09,1848554.22127792
1784818800000,64909.09,64920.0,64725.43,64771.7,2956255.73160825
1784819700000,64771.7,64954.41,64765.01,64868.23,2553307.79423134
1784820600000,64868.23,64984.99,64825.26,64909.43,1354728.93025969
1784821500000,64909.43,65022.73,64865.0,64957.19,1017712.99152183
1784822400000,64957.19,64960.72,64800.01,64872.73,1648422.46255552
1784823300000,64872.73,64883.8,64751.01,64818.59,1174125.49383497
1784824200000,64818.59,64818.6,64700.01,64750.0,1358977.19641394
1784825100000,64750.0,64838.58,64735.0,64755.23,602205.20918542
1784826000000,64755.23,64814.99,64731.73,64770.0,967563.4300315
1784826900000,64770.0,64874.99,64750.0,64855.94,1647352.29983534
1784827800000,64855.94,64901.81,64804.55,64837.17,852746.31460632
1784828700000,64837.17,64875.0,64647.43,64679.22,1737799.37115396
1784829600000,64679.22,64777.61,64679.22,64743.6,1620488.91311854
1784830500000,64743.6,64824.99,64708.45,64810.98,1366369.8243742
1784831400000,64810.98,64879.39,64784.01,64818.55,691470.13441754
1784832300000,64818.55,64945.05,64818.55,64867.7,660484.91114834
1784833200000,64867.7,64932.68,64760.0,64812.49,989331.53269255
1784834100000,64812.49,64900.0,64795.0,64894.24,765443.44633381
1784835000000,64894.24,64927.89,64735.15,64760.32,884782.02522758
1784835900000,64760.32,64874.99,64696.01,64850.01,1815082.30174334
1784836800000,64850.01,65056.86,64833.12,65054.16,1194645.30651978
1784837700000,65054.16,65192.3,65049.7,65169.93,1191310.68371767
1784838600000,65169.93,65172.03,65110.0,65122.86,342281.68236326
1784839500000,65122.86,65163.42,65110.01,65143.63,434350.77198815
1784840400000,65143.63,65208.65,65010.01,65047.55,921456.16762494
1784841300000,65047.55,65140.37,65011.0,65115.07,423430.94328122
1784842200000,65115.07,65115.07,65060.01,65095.0,288370.22300568
1784843100000,65095.0,65165.68,65095.0,65165.68,420597.62737847
1784844000000,65165.68,65214.29,65075.23,65093.58,1055300.42661171
1784844900000,65093.58,65198.84,65015.0,65143.92,713660.87217811
1784845800000,65143.92,65224.27,65143.0,65210.01,489974.35332565
1784846700000,65210.01,65210.01,65136.0,65190.45,300510.38632016
1784847600000,65190.45,65212.34,65155.01,65194.2,907250.06068859
1784848500000,65194.2,65219.11,65146.01,65173.85,712169.31376558
1784849400000,65173.85,65205.0,65142.96,65170.42,426141.10826105
1784850300000,65170.42,65185.0,65050.0,65097.2,668239.74487934
1784851200000,65097.2,65110.0,64892.0,64933.14,1247277.42635643
1784852100000,64933.14,64987.21,64880.26,64880.27,514547.59391797
1784853000000,64880.27,64909.55,64760.0,64856.2,1415962.47261489
1784853900000,64856.2,64974.96,64852.65,64970.59,484601.83596823
1784854800000,64970.59,65124.8,64943.0,65039.88,806007.45730675
1784855700000,65039.88,65114.99,64992.01,65025.01,1029575.84591554
1784856600000,65025.01,65169.99,65025.01,65100.01,746489.80762957
1784857500000,65100.01,65129.99,65062.01,65086.44,899868.90646001
1784858400000,65086.44,65188.65,65060.0,65168.0,525707.23907598
1784859300000,65168.0,65169.99,65080.0,65153.18,782599.08935779
1784860200000,65153.18,65153.19,64921.0,65055.95,832521.06995222
1784861100000,65055.95,65117.65,64940.01,65117.65,1216889.20392785
1784862000000,65117.65,65317.83,65080.01,65316.01,607094.41884519
1784862900000,65316.01,65398.0,65305.01,65322.01,980203.04423011
1784863800000,65322.01,65415.0,65279.0,65411.76,970002.62750943
1784864700000,65411.76,65460.33,65390.0,65455.53,699172.29533135
1784865600000,65455.53,65465.0,65390.01,65390.01,559738.10609995
1784866500000,65390.01,65440.0,65331.01,65417.72,797530.83630186
1784867400000,65417.72,65417.73,65301.49,65331.24,572395.7359967
1784868300000,65331.24,65355.0,65270.0,65309.63,777466.55527096
1784869200000,65309.63,65390.0,65246.0,65351.14,693760.14669862
1784870100000,65351.14,65370.0,65330.01,65331.55,931124.70404038
1784871000000,65331.55,65331.56,65263.01,65309.99,579366.99938036
1784871900000,65309.99,65331.54,65284.11,65317.76,1599113.66991438
1784872800000,65317.76,65383.8,65275.73,65379.5,1208579.29966982
1784873700000,65379.5,65496.38,65358.61,65454.99,2817133.24282032
1784874600000,65454.99,65515.0,65390.82,65455.01,2142215.31965584
1784875500000,65455.01,65480.0,65430.0,65474.99,1507112.09141714
1784876400000,65474.99,65771.42,65474.62,65764.99,3847568.9689324
1784877300000,65764.99,65805.61,65615.93,65639.99,2303549.66751379
1784878200000,65639.99,65698.68,65366.95,65374.65,3447595.85953804
1784879100000,65374.65,65509.98,65366.99,65499.24,2062781.32319445
1784880000000,65499.24,65509.99,65425.0,65443.32,1050846.46594924
1784880900000,65443.32,65479.99,65311.99,65389.99,2176656.80016004
1784881800000,65389.99,65452.7,65389.99,65441.7,848640.46863312
1784882700000,65441.7,65449.37,65305.0,65305.0,2043954.03452237
1784883600000,65305.0,65319.99,65040.54,65040.55,2016141.89417784
1784884500000,65040.55,65070.0,64950.63,64967.31,3268794.84173037
1784885400000,64967.31,65095.0,64965.0,65081.68,970865.05810558
1784886300000,65081.68,65139.99,65075.11,65111.87,1651897.67508473
1784887200000,65111.87,65158.21,64999.26,65001.51,1967577.68639759
1784888100000,65001.51,65025.0,64967.27,65014.86,1415267.55838725
1784889000000,65014.86,65053.28,65002.35,65017.97,2014523.9918042
1784889900000,65017.97,65035.0,64905.0,64947.83,710319.62297439
1784890800000,64947.83,65020.0,64920.01,65000.0,1547658.56415169
1784891700000,65000.0,65065.0,65000.0,65030.01,1148020.35334429
1784892600000,65030.01,65054.99,64941.0,64941.0,1771722.62481756
1784893500000,64941.0,65104.99,64854.67,65078.68,1497056.57845642
1784894400000,65078.68,65103.82,64990.12,65069.75,789532.76494523
1784895300000,65069.75,65131.83,65020.0,65026.38,901323.5461732
1784896200000,65026.38,65055.0,64925.01,64925.01,670767.11310323
1784897100000,64925.01,64955.0,64763.41,64780.57,1515191.99853632
1784898000000,64780.57,64800.0,64361.37,64378.41,6104806.59639711
1784898900000,64378.41,64549.99,64357.15,64385.0,2262524.28538304
1784899800000,64385.0,64419.99,64211.99,64410.12,6788257.90378875
1784900700000,64410.12,64444.09,63918.22,64153.5,5797387.04783471
1784901600000,64153.5,64199.99,63973.69,63976.86,3206765.29811885
1784902500000,63976.86,63995.0,63732.0,63863.29,6197686.4913859
1784903400000,63863.29,63884.99,63795.0,63836.54,3200750.95132838
1784904300000,63836.54,64059.99,63741.02,64059.99,3234090.49603801
1784905200000,64059.99,64147.43,63860.0,64147.42,2314918.93012674
1784906100000,64147.42,64195.9,63960.69,64127.11,6247309.87829959
1784907000000,64127.11,64333.51,64055.01,64171.01,10402253.87533288
1784907900000,64171.01,64216.29,64036.01,64096.9,3499297.23786064
1784908800000,64096.9,64199.92,64020.0,64137.62,1482887.19318411
1784909700000,64137.62,64165.0,64085.0,64094.0,1043138.61232511
1784910600000,64094.0,64094.0,63940.0,63940.01,1371006.42170835
1784911500000,63940.01,64007.64,63880.61,63960.0,795840.35808198
1784912400000,63960.0,64009.35,63910.0,63962.94,1991596.92989828
1784913300000,63962.94,64151.37,63950.01,64100.01,1402234.38584024
1784914200000,64100.01,64194.99,64090.7,64174.99,880005.00788848
1784915100000,64174.99,64200.0,64134.0,64177.63,696967.57020018
1784916000000,64177.63,64205.0,64155.01,64205.0,742745.88249864
1784916900000,64205.0,64211.0,64125.0,64139.99,1030645.6473417
1784917800000,64139.99,64185.73,64131.12,64170.0,1575385.6916343
1784918700000,64170.0,64287.47,64169.99,64269.67,840726.65825417
1784919600000,64269.67,64285.0,64140.2,64145.65,946477.39841199
1784920500000,64145.65,64214.52,64145.01,64205.77,841180.97064815
1784921400000,64205.77,64269.4,64195.01,64249.99,810070.76253675
1784922300000,64249.99,64260.0,64169.65,64220.09,1920550.50038336
1784923200000,64220.09,64279.99,64195.0,64210.0,300453.13677112
1784924100000,64210.0,64260.0,64199.77,64237.0,272120.71603755
1784925000000,64237.0,64237.0,64125.01,64180.0,550787.91629337
1784925900000,64180.0,64192.39,64135.0,64170.0,364990.62586551
1784926800000,64170.0,64220.58,64135.0,64149.99,563807.74630002
1784927700000,64149.99,64190.0,64149.99,64163.91,579994.69910742
1784928600000,64163.91,64205.0,64131.97,64169.99,890156.5097291
1784929500000,64169.99,64174.75,64129.27,64140.73,610494.39731117
1784930400000,64140.73,64169.99,64126.82,64149.89,430620.93685822
1784931300000,64149.89,64177.1,64144.45,64162.99,568776.07407895
1784932200000,64162.99,64211.41,64162.99,64175.88,894848.31223316
1784933100000,64175.88,64187.53,64165.0,64165.0,271364.76817494
1784934000000,64165.0,64177.02,64150.0,64155.14,446526.07000551
1784934900000,64155.14,64168.6,64145.0,64168.38,230282.90413292
1784935800000,64168.38,64175.0,64135.0,64174.44,756961.44565573
1784936700000,64174.44,64174.44,64140.01,64142.93,241748.32334376
1784937600000,64142.93,64178.54,64135.57,64141.01,1323183.22558778
1784938500000,64141.01,64160.0,64135.0,64155.9,141100.87609464
1784939400000,64155.9,64165.0,64069.29,64101.72,1003047.4839979
1784940300000,64101.72,64101.72,64032.32,64070.0,1281059.34812195
1784941200000,64070.0,64163.85,64000.01,64018.1,832632.18278891
1784942100000,64018.1,64079.15,64007.58,64053.51,368386.79725377
1784943000000,64053.51,64123.98,64035.0,64123.98,655486.75389294
1784943900000,64123.98,64140.0,64062.0,64063.24,545280.58698863
1784944800000,64063.24,64094.3,64055.63,64071.49,625592.63587365
1784945700000,64071.49,64073.69,64030.0,64054.79,289241.88116628
1784946600000,64054.79,64054.8,64022.0,64053.1,256182.68243351
1784947500000,64053.1,64054.27,64020.0,64040.0,916757.97847983
1784948400000,64040.0,64075.0,64018.06,64039.37,908797.72844487
1784949300000,64039.37,64095.0,64039.37,64076.3,595456.92096114
1784950200000,64076.3,64098.14,64062.95,64090.95,188452.24748693
1784951100000,64090.95,64093.8,64045.04,64081.1,107719.217461
1784952000000,64081.1,64125.0,64081.1,64124.99,128477.03306254
1784952900000,64124.99,64133.04,64100.02,64103.16,128811.23880853
1784953800000,64103.16,64180.0,64085.0,64179.99,357283.47592791
1784954700000,64179.99,64200.0,64150.0,64175.0,511099.67475215
1784955600000,64175.0,64194.48,64150.0,64150.0,423884.14125792
1784956500000,64150.0,64151.2,64142.0,64146.81,203743.43139366
1784957400000,64146.81,64146.82,64020.05,64035.35,408365.04018057
1784958300000,64035.35,64042.99,63980.01,64015.92,1461844.99839626
1784959200000,64015.92,64053.57,64015.92,64053.57,658045.77479395
1784960100000,64053.57,64060.0,63985.66,64010.0,1212346.85577028
1784961000000,64010.0,64024.91,63960.01,63986.12,846882.21359341
1784961900000,63986.12,64010.0,63960.43,64010.0,1107396.02573678
1784962800000,64010.0,64030.0,64006.88,64013.94,591207.28045016
1784963700000,64013.94,64035.0,63997.01,64021.11,1037447.80306521
1784964600000,64021.11,64043.75,64000.0,64027.31,1430939.08788383
1784965500000,64027.31,64041.33,64010.01,64011.0,1939677.69080564
1784966400000,64011.0,64011.0,63930.21,63963.91,953170.72138084
1784967300000,63963.91,63993.81,63963.91,63993.81,604009.3057219
1784968200000,63993.81,64005.0,63953.04,63955.7,1021610.7004455
1784969100000,63955.7,63955.7,63808.21,63870.0,2847562.21611458
1784970000000,63870.0,63920.0,63830.0,63869.99,533114.20429742
1784970900000,63869.99,63940.0,63869.99,63940.0,1166290.08493645
1784971800000,63940.0,63953.73,63925.0,63936.0,228978.36037465
1784972700000,63936.0,64024.99,63936.0,64004.65,1149099.46208724
1784973600000,64004.65,64044.7,64004.65,64044.7,745187.79911531
1784974500000,64044.7,64047.56,64030.0,64031.5,112954.05889324
1784975400000,64031.5,64033.76,63993.01,64029.02,1051943.84571756
1784976300000,64029.02,64069.99,64017.54,64069.99,767448.14316237
1784977200000,64069.99,64092.62,64045.05,64071.41,322995.47129071
1784978100000,64071.41,64088.44,64065.0,64078.82,643255.5065319
1784979000000,64078.82,64117.73,64050.0,64053.35,314295.72148803
1784979900000,64053.35,64075.0,64053.35,64060.01,247077.92031804
1784980800000,64060.01,64079.99,64040.92,64060.0,536704.62909454
1784981700000,64060.0,64068.16,64042.96,64048.62,122825.68298923
1784982600000,64048.62,64095.0,64040.52,64094.78,636203.70396947
1784983500000,64094.78,64124.51,64094.78,64118.17,326339.99990823
1784984400000,64118.17,64135.0,64114.99,64127.79,195872.77724166
1784985300000,64127.79,64136.8,64110.0,64130.01,192295.74471973
1784986200000,64130.01,64195.0,64120.0,64194.99,312161.97786456
1784987100000,64194.99,64269.99,64145.01,64173.38,1168156.6446322
1784988000000,64173.38,64179.41,64122.0,64172.59,586172.58063047
1784988900000,64172.59,64185.0,64135.9,64160.99,422109.92200641
1784989800000,64160.99,64205.0,64160.99,64194.99,543405.71369647
1784990700000,64194.99,64215.0,64175.3,64213.42,178136.21813887
1784991600000,64213.42,64260.0,64190.0,64252.12,452629.46874311
1784992500000,64252.12,64272.73,64200.0,64203.4,623466.35200508
1784993400000,64203.4,64237.11,64187.0,64220.01,324797.5544191
1784994300000,64220.01,64220.35,64170.01,64183.47,229777.96559488
1784995200000,64183.47,64210.0,64148.08,64210.0,675208.37996755
1784996100000,64210.0,64210.0,64124.26,64139.78,359558.54522737
1784997000000,64139.78,64204.6,64138.22,64204.6,289069.02279889
1784997900000,64204.6,64245.0,64190.0,64208.39,392116.68638884
1784998800000,64208.39,64236.53,64195.01,64203.02,251817.7045921
1784999700000,64203.02,64282.09,64203.02,64271.47,285433.30923686
1785000600000,64271.47,64310.0,64255.4,64290.43,800339.14706462
1785001500000,64290.43,64346.03,64250.01,64263.61,1127826.35311172
1785002400000,64263.61,64418.54,64263.6,64358.57,1504149.55565651
1785003300000,64358.57,64418.97,64345.0,64418.97,318440.61028093
1785004200000,64418.97,64440.07,64382.17,64392.54,808540.83980755
1785005100000,64392.54,64445.98,64392.53,64417.01,675822.58768978
1785006000000,64417.01,64440.0,64405.0,64435.39,515088.66817645
1785006900000,64435.39,64435.4,64400.0,64413.45,422744.44483163
1785007800000,64413.45,64413.45,64395.3,64396.17,471983.74654385
1785008700000,64396.17,64430.0,64385.0,64390.09,457873.52181582
1785009600000,64390.09,64398.81,64344.0,64375.01,245471.28717629
1785010500000,64375.01,64384.83,64341.0,64372.08,352356.25611013
1785011400000,64372.08,64372.08,64322.0,64323.33,291645.44211095
1785012300000,64323.33,64350.38,64313.93,64332.04,586444.25147194
1785013200000,64332.04,64332.26,64267.0,64280.0,740890.23103244
1785014100000,64280.0,64292.73,64263.52,64292.73,654874.38405717
1785015000000,64292.73,64369.99,64292.72,64335.01,835759.74216159
1785015900000,64335.01,64429.64,64335.0,64343.24,700231.22143976
1785016800000,64343.24,64400.0,64343.24,64400.0,637855.05256467
1785017700000,64400.0,64420.0,64380.0,64390.0,345088.62507807
1785018600000,64390.0,64409.99,64361.0,64407.42,848413.82995219
1785019500000,64407.42,64424.04,64373.88,64410.71,415039.53296178
1785020400000,64410.71,64420.5,64400.01,64405.01,550301.56840399
1785021300000,64405.01,64413.36,64395.0,64400.8,125241.58909896
1785022200000,64400.8,64424.43,64390.0,64390.01,639985.28086755
1785023100000,64390.01,64395.0,64365.0,64372.86,377060.98483406
1785024000000,64372.86,64440.0,64350.0,64431.03,544489.31642309
1785024900000,64431.03,64486.64,64425.0,64473.28,301835.52055391
1785025800000,64473.28,64486.4,64413.01,64416.53,672067.09605572
1785026700000,64416.53,64507.04,64405.0,64507.04,484220.8877912
1785027600000,64507.04,64540.0,64465.56,64500.0,774193.19983315
1785028500000,64500.0,64504.99,64470.1,64475.01,371952.26477317
1785029400000,64475.01,64500.0,64465.01,64470.32,461940.54017677
1785030300000,64470.32,64488.56,64455.0,64458.56,518604.87101137
1785031200000,64458.56,64474.01,64430.0,64474.01,220533.65902249
1785032100000,64474.01,64475.0,64444.0,64474.99,391673.50885521
1785033000000,64474.99,64479.99,64430.26,64440.28,325372.81209907
1785033900000,64440.28,64524.43,64440.27,64518.55,689735.87200407
1785034800000,64518.55,64574.04,64485.0,64574.04,618319.80962372
1785035700000,64574.04,64574.05,64533.02,64554.72,653738.26538482
1785036600000,64554.72,64575.0,64545.0,64545.0,258542.10954865
1785037500000,64545.0,64554.03,64533.68,64549.99,279907.47049076
1785038400000,64549.99,64550.3,64510.0,64510.01,752368.68729771
1785039300000,64510.01,64549.96,64492.22,64549.96,290461.39758236
1785040200000,64549.96,64571.99,64537.3,64571.99,325707.39734035
1785041100000,64571.99,64594.2,64522.0,64527.36,835675.71919723
1785042000000,64527.36,64527.36,64496.23,64520.0,203866.38399392
1785042900000,64520.0,64520.0,64491.39,64491.39,139516.23099286
1785043800000,64491.39,64491.4,64411.0,64474.38,674055.57980846
1785044700000,64474.38,64474.86,64415.0,64415.01,660149.91662448
1785045600000,64415.01,64439.64,64350.0,64350.1,1423940.533154
1785046500000,64350.1,64360.45,64294.67,64302.88,972241.37298011
1785047400000,64302.88,64385.74,64299.0,64371.88,1113434.23539956
1785048300000,64371.88,64454.66,64371.88,64440.0,579534.75289493
1785049200000,64440.0,64462.7,64395.17,64424.35,1079657.49506114
1785050100000,64424.35,64440.0,64365.01,64369.54,454842.19140824
1785051000000,64369.54,64380.0,64351.0,64351.01,854326.27492549
1785051900000,64351.01,64377.59,64351.0,64368.88,621858.2087177
1785052800000,64368.88,64388.76,64353.0,64388.75,534493.10417592
1785053700000,64388.75,64409.81,64379.5,64395.0,212460.17025648
1785054600000,64395.0,64442.11,64394.99,64442.11,90527.84132444
1785055500000,64442.11,64490.0,64442.11,64478.87,157507.04469017
1785056400000,64478.87,64514.4,64478.87,64499.84,344901.37898858
1785057300000,64499.84,64548.38,64499.83,64534.49,284717.78564882
1785058200000,64534.49,64542.78,64511.85,64542.78,168630.35137075
1785059100000,64542.78,64550.0,64535.0,64535.01,197895.30317068
1785060000000,64535.01,64535.01,64500.0,64508.11,479403.56688454
1785060900000,64508.11,64540.0,64494.0,64522.5,465547.34043031
1785061800000,64522.5,64559.95,64522.49,64555.86,1058648.70878867
1785062700000,64555.86,64575.0,64508.54,64515.01,789368.79177733
1785063600000,64515.01,64535.0,64504.01,64504.01,1628545.43804178
1785064500000,64504.01,64523.5,64504.01,64505.01,405154.03066326
1785065400000,64505.01,64505.01,64488.24,64496.99,1255020.26755748
1785066300000,64496.99,64517.17,64496.98,64510.79,890418.24607587
1785067200000,64510.79,64660.0,64510.78,64607.09,1269790.85297012
1785068100000,64607.09,64615.0,64515.0,64573.95,1209961.74678364
1785069000000,64573.95,64575.11,64502.31,64502.32,836715.41160925
1785069900000,64502.32,64502.32,64433.69,64468.15,892010.30601439
1785070800000,64468.15,64470.93,64411.99,64420.38,1064834.0517134
1785071700000,64420.38,64515.0,64420.37,64468.29,912037.47228736
1785072600000,64468.29,64559.9,64458.0,64559.9,962906.53121025
1785073500000,64559.9,64570.0,64515.0,64525.81,673120.08912377
1785074400000,64525.81,64770.0,64525.8,64709.99,3316719.72514942
1785075300000,64709.99,64709.99,64625.0,64631.94,448059.24215296
1785076200000,64631.94,64723.9,64622.27,64690.01,452518.34917798
1785077100000,64690.01,64755.0,64680.01,64715.0,773924.73189473
1785078000000,64715.0,64777.75,64672.82,64674.02,924636.77855928
1785078900000,64674.02,64777.75,64674.02,64754.0,635674.52433417
1785079800000,64754.0,64824.84,64733.63,64799.99,612208.30474246
1785080700000,64799.99,64800.0,64741.68,64768.12,466033.40906763
1785081600000,64768.12,64794.51,64700.0,64714.17,750496.39355528
1785082500000,64714.17,64812.79,64714.17,64800.0,1493576.33044313
1785083400000,64800.0,64934.89,64799.99,64825.0,1543659.11122044
1785084300000,64825.0,64835.0,64725.0,64725.0,846335.18267504
1785085200000,64725.0,64770.0,64672.12,64769.99,1010863.07599962
1785086100000,64769.99,64794.99,64715.0,64715.01,270338.21476775
1785087000000,64715.01,64750.0,64672.01,64680.0,357317.46093984
1785087900000,64680.0,64711.55,64671.73,64694.49,362222.65378499
1785088800000,64694.49,64705.0,64678.62,64685.22,150121.84407255
1785089700000,64685.22,64700.0,64665.01,64689.65,238685.17966021
1785090600000,64689.65,64724.66,64680.0,64705.01,165921.96460013
1785091500000,64705.01,64769.99,64699.82,64736.06,496756.02040989
1785092400000,64736.06,64744.68,64673.82,64673.83,87444.67636564
1785093300000,64673.83,64730.0,64673.82,64719.98,324369.85532216
1785094200000,64719.98,64755.0,64719.98,64724.89,364667.03018754
1785095100000,64724.89,64724.89,64695.29,64697.01,104197.57296271
1785096000000,64697.01,64703.41,64686.0,64697.72,90794.74598081
1785096900000,64697.72,64697.72,64636.36,64649.01,211170.38282213
1785097800000,64649.01,64670.0,64649.0,64664.0,160665.79684144
1785098700000,64664.0,64664.01,64647.37,64648.08,66973.2617605
1785099600000,64648.08,64714.99,64648.07,64698.26,484916.4930206
1785100500000,64698.26,64860.0,64696.49,64815.12,456200.25367718
1785101400000,64815.12,64844.78,64795.01,64795.01,504312.06565995
1785102300000,64795.01,64920.69,64795.01,64850.01,586660.87743245
1785103200000,64850.01,65245.1,64850.01,65202.51,3294284.07823666
1785104100000,65202.51,65257.15,65165.77,65217.29,956793.45038406
1785105000000,65217.29,65500.0,65198.94,65465.16,3357626.39474855
1785105900000,65465.16,65490.0,65377.0,65409.92,1109763.23154722
1785106800000,65409.92,65577.65,65380.01,65410.0,1727437.43435811
1785107700000,65410.0,65493.89,65306.4,65330.86,723606.81413537
1785108600000,65330.86,65405.0,65265.0,65404.99,570902.77479281
1785109500000,65404.99,65460.0,65345.92,65397.11,899333.60118627
1785110400000,65397.11,65420.0,65185.0,65220.58,922644.34214243
1785111300000,65220.58,65259.99,65105.01,65196.49,749806.39707606
1785112200000,65196.49,65224.99,65110.96,65152.08,511689.67615504
1785113100000,65152.08,65190.0,65060.25,65127.6,443862.15651154
1785114000000,65127.6,65204.6,65047.33,65059.56,1303546.17436628
1785114900000,65059.56,65080.0,64991.0,65017.01,460514.41861183
1785115800000,65017.01,65115.0,64905.0,65095.0,1164707.46432426
1785116700000,65095.0,65215.0,65084.06,65202.96,599648.59536528
1785117600000,65202.96,65218.67,65157.01,65206.15,432608.12845866
1785118500000,65206.15,65245.0,65150.49,65189.99,902212.42449527
1785119400000,65189.99,65280.0,65119.71,65240.01,789643.2235174
1785120300000,65240.01,65263.54,65130.73,65175.01,667726.05897778
1785121200000,65175.01,65295.0,65170.33,65285.0,1608971.92619582
1785122100000,65285.0,65342.69,65265.0,65319.01,1166269.56849586
1785123000000,65319.01,65358.65,65260.0,65355.26,744478.34772874
1785123900000,65355.26,65364.91,65270.01,65280.24,533814.49050454
1785124800000,65280.24,65373.25,65245.01,65315.0,631584.96201748
1785125700000,65315.0,65499.39,65290.01,65319.99,645342.90757449
1785126600000,65319.99,65434.99,65250.0,65385.0,599532.6923885
1785127500000,65385.0,65385.0,65280.1,65280.27,321019.20886894
1785128400000,65280.27,65390.0,65280.27,65375.0,389489.99664777
1785129300000,65375.0,65437.13,65341.04,65411.38,569467.58654823
1785130200000,65411.38,65424.9,65365.0,65393.0,1217808.65644118
1785131100000,65393.0,65492.41,65351.72,65465.0,859084.98628067
1785132000000,65465.0,65740.61,65455.0,65595.19,3393768.34919578
1785132900000,65595.19,65640.0,65460.0,65490.0,1260747.9559687
1785133800000,65490.0,65579.0,65475.49,65527.82,647460.91820003
1785134700000,65527.82,65534.72,65403.01,65415.01,1339421.79385624
1785135600000,65415.01,65440.0,65344.0,65420.69,1349799.14406827
1785136500000,65420.69,65445.0,65396.22,65411.23,1207410.54273979
1785137400000,65411.23,65411.23,65220.01,65285.0,1570222.06754976
1785138300000,65285.0,65325.0,65225.0,65225.01,654662.40851755
1785139200000,65225.01,65250.98,65170.0,65192.0,1153760.30777496
1785140100000,65192.0,65260.0,65133.88,65235.0,808927.29759777
1785141000000,65235.0,65235.0,65160.0,65165.0,596353.83201002
1785141900000,65165.0,65210.0,65127.0,65166.0,1062612.78281502
1785142800000,65166.0,65166.0,65100.6,65120.68,1915816.18270176
1785143700000,65120.68,65235.0,65120.68,65228.18,1350162.76722545
1785144600000,65228.18,65344.25,65210.0,65306.08,3441024.98613571
1785145500000,65306.08,65309.2,65262.0,65262.0,1657535.65745092
1785146400000,65262.0,65277.73,65232.87,65252.28,1597176.92078591
1785147300000,65252.28,65392.81,65248.78,65349.06,1563249.18937048
1785148200000,65349.06,65418.56,65344.01,65410.56,2433795.98399204
1785149100000,65410.56,65431.85,65331.0,65342.03,2177300.63788926
1785150000000,65342.03,65342.04,65250.24,65255.27,1714296.23113058
1785150900000,65255.27,65267.66,65130.0,65130.0,1933527.35998288
1785151800000,65130.0,65213.64,65117.92,65160.77,1944660.12231082
1785152700000,65160.77,65160.78,65089.72,65102.7,1763833.67311191
1785153600000,65102.7,65259.99,65074.07,65087.18,3290181.57580877
1785154500000,65087.18,65149.92,65009.01,65009.01,2978298.75146533
1785155400000,65009.01,65055.0,64836.37,65045.96,6351656.38107785
1785156300000,65045.96,65137.06,65017.98,65088.77,3038572.43875266
1785157200000,65088.77,65125.0,64963.01,64971.64,3578931.94984163
1785158100000,64971.64,65055.0,64917.08,64953.1,3413076.68368652
1785159000000,64953.1,65683.28,64943.0,65665.17,14264727.29469984
1785159900000,65665.17,65712.24,65181.69,65213.08,10758051.67737001
1785160800000,65213.08,65433.8,65131.64,65365.05,7090132.79506944
1785161700000,65365.05,65396.99,64875.8,64875.81,7060192.05971696
1785162600000,64875.81,64884.99,64460.88,64474.35,10753856.51732099
1785163500000,64474.35,64713.36,64474.35,64693.15,6190391.23153645
1785164400000,64693.15,64779.61,64578.01,64731.59,6568531.97001928
1785165300000,64731.59,64778.95,64555.69,64658.7,5040574.68655198
1785166200000,64658.7,64699.99,64420.01,64580.31,6618513.00082675
1785167100000,64580.31,64643.16,64535.01,64552.0,4828307.88385452
1785168000000,64552.0,64685.0,64535.19,64617.93,4814087.42158683
1785168900000,64617.93,64798.36,64515.01,64736.24,8595880.06061613
1785169800000,64736.24,64974.62,64736.23,64926.46,5461592.85290849
1785170700000,64926.46,64950.0,64814.0,64903.67,2866789.81965872
1785171600000,64903.67,64953.16,64793.0,64897.85,2563155.52663838
1785172500000,64897.85,65063.57,64881.95,65002.6,3256831.44003757
1785173400000,65002.6,65094.69,64995.01,65003.42,2572562.99660891
1785174300000,65003.42,65035.0,64952.45,65021.47,1997308.85176236
1785175200000,65021.47,65060.0,64961.55,64961.56,1714708.51932282
1785176100000,64961.56,64961.56,64845.0,64916.98,2029482.8533482
1785177000000,64916.98,64936.65,64755.0,64838.0,2894975.44560239
1785177900000,64838.0,64879.01,64765.0,64879.01,3074484.87180386
1785178800000,64879.01,65026.78,64805.91,64975.03,2762661.78630965
1785179700000,64975.03,65034.34,64927.0,64994.99,2315944.57794089
1785180600000,64994.99,65080.41,64970.01,64977.54,2378834.21206863
1785181500000,64977.54,64984.99,64917.01,64980.78,2699812.15288336
1785182400000,64980.78,65055.0,64940.8,64957.53,2082001.65657581
1785183300000,64957.53,65014.96,64908.0,65014.96,1419538.00676934
1785184200000,65014.96,65030.0,64951.0,64952.0,1206729.83438667
1785185100000,64952.0,64965.88,64906.0,64965.87,1470180.74467253
1785186000000,64965.87,64965.88,64897.16,64904.99,2410139.12749748
1785186900000,64904.99,64906.0,64819.01,64828.66,1196410.76885455
1785187800000,64828.66,64885.6,64795.45,64824.99,1869265.68339441
1785188700000,64824.99,64867.78,64795.14,64822.15,1990018.52583065
1785189600000,64822.15,64822.16,64667.24,64728.79,3536059.59220221
1785190500000,64728.79,64754.99,64573.0,64601.0,2704701.874528
1785191400000,64601.0,64601.01,64149.2,64214.37,9174421.34112667
1785192300000,64214.37,64225.0,63791.29,63791.3,7219416.37858209
1785193200000,63791.3,63857.85,63605.44,63803.58,7275353.28741342
1785194100000,63803.58,63953.84,63730.01,63888.0,2286777.02329151
1785195000000,63888.0,63928.52,63635.06,63690.7,2879964.19043609
1785195900000,63690.7,63794.99,63667.19,63760.44,2438276.80384196
1785196800000,63760.44,63795.82,63501.68,63689.99,4068275.56438447
1785197700000,63689.99,63830.35,63585.28,63709.99,4332687.80673879
1785198600000,63709.99,63715.0,63570.01,63615.97,4002730.21846989
1785199500000,63615.97,63629.78,63469.06,63484.96,4684677.51086857
1785200400000,63484.96,63532.36,63059.0,63200.15,10096999.14337453
1785201300000,63200.15,63359.99,63143.03,63315.71,4949030.26860473
1785202200000,63315.71,63407.04,63180.0,63195.0,3345965.11695651
1785203100000,63195.0,63314.99,63175.79,63232.05,3020845.15493439
1785204000000,63232.05,63280.0,63160.01,63268.45,2088434.76526087
1785204900000,63268.45,63310.0,63207.15,63237.01,2163910.20255804
1785205800000,63237.01,63249.81,63120.01,63133.83,1942834.07675816
1785206700000,63133.83,63204.78,63108.0,63185.0,2558993.75118817
1785207600000,63185.0,63298.96,63168.01,63276.0,2298313.97316391
1785208500000,63276.0,63347.25,63245.01,63299.9,2118170.99834013
1785209400000,63299.9,63379.68,63236.65,63356.84,2196247.62529283
1785210300000,63356.84,63368.65,63285.23,63346.38,1754806.01698529
1785211200000,63346.38,63356.67,63285.0,63338.81,1936858.83105606
1785212100000,63338.81,63364.99,63290.32,63291.67,1889399.80528196
1785213000000,63291.67,63291.67,63221.78,63289.99,1155119.47107196
1785213900000,63289.99,63360.0,63284.65,63353.24,1675208.18902285
1785214800000,63353.24,63493.36,63320.01,63450.41,2027438.24456169
1785215700000,63450.41,63619.99,63450.4,63543.28,2359248.72383579
1785216600000,63543.28,63549.93,63423.71,63549.93,3283758.27446592
1785217500000,63549.93,63565.0,63447.0,63447.0,1570618.45174467
1785218400000,63447.0,63464.48,63390.59,63420.79,2220004.35411852
1785219300000,63420.79,63526.42,63420.79,63520.36,2055222.53986672
1785220200000,63520.36,63585.0,63505.0,63577.19,2170822.5269585
1785221100000,63577.19,63661.96,63524.54,63637.76,3566610.1122798
1785222000000,63637.76,63654.99,63545.01,63585.23,2669960.75823797
1785222900000,63585.23,63592.8,63515.91,63573.47,2559918.70696447
1785223800000,63573.47,63579.89,63480.01,63483.04,2928999.98670543
1785224700000,63483.04,63531.42,63451.01,63504.8,3377772.0897108
1785225600000,63504.8,63565.36,63441.0,63441.0,8121097.29148135
1785226500000,63441.0,63498.76,63439.01,63486.39,2071814.75253195
1785227400000,63486.39,63518.82,63423.0,63505.0,1493466.72432877
1785228300000,63505.0,63509.82,63413.0,63436.31,1044943.3117766
1785229200000,63436.31,63472.57,63398.0,63435.0,1426888.18900656
1785230100000,63435.0,63499.33,63420.0,63498.66,1306819.16781452
1785231000000,63498.66,63585.0,63482.47,63524.45,2044312.01635068
1785231900000,63524.45,63556.52,63370.01,63399.99,1737098.6914546
1785232800000,63399.99,63414.48,63326.0,63351.49,3056220.84097004
1785233700000,63351.49,63438.02,63295.01,63383.49,2059968.0874795
1785234600000,63383.49,63530.81,63370.0,63530.81,3649051.43420459
1785235500000,63530.81,63560.0,63471.03,63478.35,2448599.60876191
1785236400000,63478.35,63512.14,63367.76,63368.81,2034747.89837989
1785237300000,63368.81,63602.99,63355.0,63458.63,3762550.29133302
1785238200000,63458.63,63594.99,63367.01,63396.43,3122601.63928925
1785239100000,63396.43,63515.0,63396.43,63460.0,2615492.942485
1785240000000,63460.0,63538.3,63433.65,63443.56,2722695.95188406
1785240900000,63443.56,63514.98,63426.0,63427.87,2447212.61973735
1785241800000,63427.87,63485.0,63362.0,63477.69,3779297.8180948
1785242700000,63477.69,63573.59,63435.01,63552.7,3343146.1564435
1785243600000,63552.7,63591.04,63482.22,63509.07,2588521.1556458
1785244500000,63509.07,63509.08,63300.14,63311.75,3591983.96031448
1785245400000,63311.75,63394.99,62877.61,62992.1,13907324.84910482
1785246300000,62992.1,63125.0,62726.67,63109.99,9149286.67238891
1785247200000,63109.99,63311.61,63108.21,63152.36,6762296.57641417
1785248100000,63152.36,63244.99,62965.01,63185.63,8424346.40245776
1785249000000,63185.63,63425.0,63154.0,63357.47,7512116.12829931
1785249900000,63357.47,63551.99,63320.58,63410.82,6309291.33251242
1785250800000,63410.82,63495.0,63261.44,63463.12,7300036.66425121
1785251700000,63463.12,63978.86,63367.46,63752.6,10194905.47877516
1785252600000,63752.6,63949.99,63698.12,63866.31,7624552.8070556
1785253500000,63866.31,64030.0,63795.0,63925.06,6342713.07781933
1785254400000,63925.06,63939.89,63805.01,63812.73,4344458.11314579
1785255300000,63812.73,63954.99,63795.0,63837.0,4013224.72353599
1785256200000,63837.0,63944.99,63772.49,63908.67,3546540.54043678
1785257100000,63908.67,64105.26,63865.82,64041.97,4579454.26927079
1785258000000,64041.97,64042.52,63791.36,63805.14,4237066.81873896
1785258900000,63805.14,63838.28,63697.0,63735.14,4153306.93065022
1785259800000,63735.14,63735.18,63500.51,63560.29,4679284.13526198
1785260700000,63560.29,63689.99,63560.29,63688.45,3134084.13057228
1785261600000,63688.45,63849.99,63679.06,63692.78,3941324.89211904
1785262500000,63692.78,63739.39,63675.0,63700.77,3394441.35679132
1785263400000,63700.77,63773.11,63669.01,63755.45,2128622.98589988
1785264300000,63755.45,63800.0,63690.01,63733.18,2403362.97022687
1785265200000,63733.18,63859.99,63733.17,63761.25,2582901.80584659
1785266100000,63761.25,63799.99,63725.01,63753.15,2108219.28483162
1785267000000,63753.15,63873.24,63685.42,63697.88,2776546.61249379
1785267900000,63697.88,63904.6,63676.12,63904.6,2922805.13188494
1785268800000,63904.6,63996.59,63875.83,63988.5,3364704.72658626
1785269700000,63988.5,64019.06,63897.4,63900.46,2484695.08868109
1785270600000,63900.46,63939.44,63877.11,63926.01,1650717.15795558
1785271500000,63926.01,63947.31,63897.99,63915.87,1594336.54300164
1785272400000,63915.87,63994.86,63910.01,63921.47,2687815.39877803
1785273300000,63921.47,63929.99,63890.6,63919.65,544248.31245688
1785274200000,63919.65,64058.1,63900.45,64038.93,2094448.07456293
1785275100000,64038.93,64072.98,63968.0,63971.85,2238925.05784032
1785276000000,63971.85,64018.22,63910.01,63989.9,3000007.14047769
1785276900000,63989.9,64020.0,63917.01,63917.02,2427035.21888468
1785277800000,63917.02,63917.02,63857.7,63878.33,2185170.48159499
1785278700000,63878.33,63878.33,63765.0,63782.05,3102364.08630911
1785279600000,63782.05,63789.99,63599.0,63625.0,3931884.29633089
1785280500000,63625.0,63663.91,63553.0,63636.25,2060948.79244194
1785281400000,63636.25,63849.82,63636.25,63840.55,4232490.8490871
1785282300000,63840.55,63954.93,63816.7,63926.48,4695588.75245323
1785283200000,63926.48,64198.77,63925.74,64012.4,5383731.66095492
1785284100000,64012.4,64101.09,63949.91,64011.89,4279094.13822861
1785285000000,64011.89,64098.45,63871.01,64082.0,4298237.17083233
1785285900000,64082.0,64190.0,63931.01,63956.61,2528592.46602736
1785286800000,63956.61,64000.0,63793.0,63815.08,3825473.45263767
1785287700000,63815.08,63946.74,63775.01,63910.18,3409823.60472387
1785288600000,63910.18,63936.9,63789.01,63815.41,3832074.98821509
1785289500000,63815.41,63830.0,63681.82,63703.76,2612873.162987
1785290400000,63703.76,63865.0,63650.0,63832.12,3607982.04482489
1785291300000,63832.12,64021.74,63685.0,64021.74,3362417.15375991
1785292200000,64021.74,64129.0,63946.85,64025.01,2945092.67257587
1785293100000,64025.01,64039.54,63910.68,63974.11,2416926.85508911
1785294000000,63974.11,64000.0,63850.78,63934.18,2146594.63116846
1785294900000,63934.18,63969.99,63783.0,63793.2,2628188.85573393
1785295800000,63793.2,63869.99,63703.2,63771.72,3157567.54374668
1785296700000,63771.72,63796.2,63710.0,63745.0,2513626.85365758
1785297600000,63745.0,63769.35,63594.07,63737.19,2412180.50638853
1785298500000,63737.19,63834.96,63630.01,63805.0,2579141.5577338
1785299400000,63805.0,63954.08,63775.01,63863.63,2425318.24941876
1785300300000,63863.63,63969.78,63845.0,63963.1,2773670.76470402
1785301200000,63963.1,64017.7,63930.01,63993.59,2374741.13097924
1785302100000,63993.59,63993.6,63885.98,63947.09,2088628.00293098
1785303000000,63947.09,64043.48,63916.01,64015.57,2523515.27345796
1785303900000,64015.57,64090.9,64000.9,64063.55,1921732.95173592
1785304800000,64063.55,64138.57,64020.01,64122.2,2742133.83298881
1785305700000,64122.2,64399.0,64090.17,64398.99,2325962.27821247
1785306600000,64398.99,64460.0,64380.01,64457.96,2761443.16643079
1785307500000,64457.96,64457.96,64390.25,64429.14,1784416.55978039
1785308400000,64429.14,64489.81,64391.1,64457.38,1522803.95610293
1785309300000,64457.38,64504.22,64422.15,64504.22,1312425.59377391
1785310200000,64504.22,64511.72,64427.68,64486.99,1362047.76381745
1785311100000,64486.99,64570.0,64446.23,64556.89,3055876.62948486
1785312000000,64556.89,64582.33,64347.0,64368.0,1237522.74062459
1785312900000,64368.0,64397.42,64281.52,64296.87,1295751.14317187
1785313800000,64296.87,64430.0,64274.12,64429.99,838869.1401937
1785314700000,64429.99,64517.63,64391.0,64414.69,1107407.31511424
1785315600000,64414.69,64465.0,64381.27,64452.49,671900.92533962
1785316500000,64452.49,64473.09,64420.0,64458.72,1297837.0092965
1785317400000,64458.72,64693.88,64458.72,64596.41,2701150.99083505
1785318300000,64596.41,64739.38,64510.0,64688.22,2237804.89867652
1785319200000,64688.22,64708.37,64612.24,64662.0,1991993.10663044
1785320100000,64662.0,64699.23,64605.74,64620.0,1189522.00179989
1785321000000,64620.0,64674.99,64562.6,64663.0,1650002.91591664
1785321900000,64663.0,64663.0,64407.48,64468.49,1293280.94251341
1785322800000,64468.49,64546.3,64435.0,64521.0,1911874.48138187
1785323700000,64521.0,64593.88,64475.01,64491.0,1470446.81231372
1785324600000,64491.0,64496.52,64420.0,64420.01,1202592.92954015
1785325500000,64420.01,64507.03,64416.0,64507.03,1058099.9792727
1785326400000,64507.03,64507.73,64428.27,64452.0,1141494.58748308
1785327300000,64452.0,64452.0,64270.0,64336.75,2277687.86983049
1785328200000,64336.75,64383.75,64277.87,64334.99,1360973.24423791
1785329100000,64334.99,64344.82,64210.13,64278.48,1604035.68636236
1785330000000,64278.48,64332.23,64221.38,64330.25,1655667.56056842
1785330900000,64330.25,64335.23,64131.3,64208.83,1728506.29338354
1785331800000,64208.83,64499.06,64145.12,64477.19,3685503.38511839
1785332700000,64477.19,64667.33,64315.01,64664.9,3451476.90904541
1785333600000,64664.9,64716.1,64235.3,64263.39,4412010.37323268
1785334500000,64263.39,64405.0,64117.65,64201.51,3639346.01749548
1785335400000,64201.51,64314.99,64051.55,64098.28,3446857.97275717
1785336300000,64098.28,64258.08,64059.0,64110.21,2951262.49564035
1785337200000,64110.21,64197.57,64061.0,64139.26,2183674.69476954
1785338100000,64139.26,64162.82,63964.45,64099.39,2447359.19491792
1785339000000,64099.39,64185.0,63965.31,63986.0,2466575.55931947
1785339900000,63986.0,64049.89,63887.21,63970.0,1855055.86473936
1785340800000,63970.0,64010.0,63900.01,63953.96,1690714.29353432
1785341700000,63953.96,64154.01,63923.0,64030.0,1943101.24772141
1785342600000,64030.0,64080.0,63623.21,63695.71,2937886.30788264
1785343500000,63695.71,63833.85,63654.44,63811.0,2448213.98243914
1785344400000,63811.0,63879.99,63710.0,63874.47,1670801.12617024
1785345300000,63874.47,63874.48,63749.51,63762.56,1504031.20639711
1785346200000,63762.56,63984.36,63735.0,63967.21,1199549.10649755
1785347100000,63967.21,64294.72,63932.94,64273.01,2748726.73805635
1785348000000,64273.01,64670.2,64255.0,64335.0,16493206.85901382
1785348900000,64335.0,64390.0,63990.3,64100.0,4099826.64606101
1785349800000,64100.0,64452.03,63765.01,64410.0,5481658.2309361
1785350700000,64410.0,64636.35,64355.0,64501.14,4821169.85648445
1785351600000,64501.14,64599.99,64172.01,64280.62,3975670.99048375
1785352500000,64280.62,64423.69,63961.22,64035.0,4825521.74229782
1785353400000,64035.0,64118.11,63846.62,63873.3,4271432.82519431
1785354300000,63873.3,63902.29,63507.48,63585.78,4834425.93219467
1785355200000,63585.78,63645.0,63370.75,63611.88,4812071.18061387
1785356100000,63611.88,63722.75,63400.77,63527.3,2436009.79380075
1785357000000,63527.3,63741.33,63500.01,63590.0,1845525.18996953
1785357900000,63590.0,63609.99,63474.0,63517.26,1949070.03576109
1785358800000,63517.26,63528.18,63259.61,63490.53,3471621.95004238
1785359700000,63490.53,63579.77,63371.0,63572.45,1684134.08743267
1785360600000,63572.45,63639.99,63545.0,63564.74,1488626.58682854
1785361500000,63564.74,63859.57,63535.01,63859.57,2974835.96256516
1785362400000,63859.57,64109.99,63859.33,64018.13,5325157.59014137
1785363300000,64018.13,64124.67,63975.29,64040.99,2125673.2884105
1785364200000,64040.99,64052.56,63921.19,64008.0,1481325.67257091
1785365100000,64008.0,64024.17,63908.75,63937.41,773737.02960973
1785366000000,63937.41,63988.96,63890.07,63919.3,1395154.91989953
1785366900000,63919.3,64069.99,63913.0,64003.55,1365780.43745482
1785367800000,64003.55,64034.69,63921.54,64003.18,1814523.19166642
1785368700000,64003.18,64056.23,63943.01,63983.14,1241435.55998949
1785369600000,63983.14,64095.0,63979.86,64030.0,2390720.19131892
1785370500000,64030.0,64115.0,63955.06,64001.23,1683275.77343767
1785371400000,64001.23,64008.23,63693.16,63693.16,3410466.33471703
1785372300000,63693.16,63754.98,63603.08,63692.87,2168937.32472195
1785373200000,63692.87,63885.0,63690.28,63706.0,3101960.3129257
1785374100000,63706.0,63844.79,63688.67,63834.59,1598863.78868592
1785375000000,63834.59,64070.67,63834.58,64061.0,2075982.1412726
1785375900000,64061.0,64379.31,64040.01,64270.0,3150721.56601089
1785376800000,64270.0,64394.97,64237.25,64332.54,1756949.06451293
1785377700000,64332.54,64413.92,64302.21,64352.64,1554609.88535096
1785378600000,64352.64,64355.0,64215.0,64316.83,1206265.2855979
1785379500000,64316.83,64320.45,64158.0,64190.09,1385506.2016712
1785380400000,64190.09,64270.74,64133.01,64202.46,1187742.65402874
1785381300000,64202.46,64304.99,64195.01,64268.59,1490632.84884361
1785382200000,64268.59,64268.59,64141.0,64162.25,1283123.85368242
1785383100000,64162.25,64224.77,64158.49,64163.46,1258788.7538179
1785384000000,64163.46,64184.29,64105.18,64129.99,1482179.97932926
1785384900000,64129.99,64139.19,64088.0,64096.0,1914246.06376808
1785385800000,64096.0,64160.0,64058.83,64100.0,1989706.05664023
1785386700000,64100.0,64149.8,64005.29,64022.98,1571233.37157096
1785387600000,64022.98,64037.77,63937.02,63976.65,3378657.05413979
1785388500000,63976.65,64014.99,63907.59,64010.55,2722947.43580411
1785389400000,64010.55,64179.99,63997.22,64122.38,2570920.31086365
1785390300000,64122.38,64160.42,63990.32,64039.15,2334881.87516668
1785391200000,64039.15,64075.0,63982.2,63995.43,2956152.87980522
1785392100000,63995.43,64087.43,63965.01,64081.03,2329148.52501909
1785393000000,64081.03,64083.22,63970.09,64006.03,1976776.22588188
1785393900000,64006.03,64020.0,63951.75,63999.6,3324938.57634472
1785394800000,63999.6,64149.68,63990.53,64056.53,3547849.19992305
1785395700000,64056.53,64143.48,63990.0,64061.6,4280043.54277449
1785396600000,64061.6,64071.54,63940.13,64043.59,2531439.80221137
1785397500000,64043.59,64043.59,63980.3,64014.75,2537548.69483192
1785398400000,64014.75,64069.46,63980.0,64005.48,2581395.37670341
1785399300000,64005.48,64348.83,63982.02,64265.79,3041980.7288435
1785400200000,64265.79,64345.68,64235.0,64345.68,868037.55234247
1785401100000,64345.68,64352.94,64286.0,64305.07,787518.53214452
1785402000000,64305.07,64413.91,64285.54,64407.96,1294068.09977633
1785402900000,64407.96,64526.67,64385.06,64493.59,3928900.42293208
1785403800000,64493.59,64639.94,64493.59,64594.55,2286271.05605237
1785404700000,64594.55,64635.0,64567.0,64567.01,2033659.95914725
1785405600000,64567.01,64626.82,64558.18,64572.51,1736351.91352052
1785406500000,64572.51,64629.85,64568.3,64622.16,928604.25352594
1785407400000,64622.16,64627.22,64562.03,64606.02,1897956.7908908
1785408300000,64606.02,64620.0,64563.0,64570.09,1300272.83618112
1785409200000,64570.09,64624.99,64533.09,64600.58,924462.91051063
1785410100000,64600.58,64664.79,64565.01,64572.73,1555108.60500533
1785411000000,64572.73,64704.72,64546.39,64656.57,1844889.63054338
1785411900000,64656.57,64882.9,64641.96,64782.75,3544865.51456185
1785412800000,64782.75,65022.47,64775.23,64978.7,2821964.11464509
1785413700000,64978.7,65021.05,64850.01,64874.17,2963886.37141043
1785414600000,64874.17,64939.99,64825.57,64825.57,4157196.96468833
1785415500000,64825.57,64934.99,64825.57,64912.95,1551272.18420921
1785416400000,64912.95,64954.99,64820.01,64835.01,4159441.56062095
1785417300000,64835.01,64879.99,64810.0,64826.5,1831352.74778673
1785418200000,64826.5,65014.78,64682.15,65006.25,6217577.73659424
1785419100000,65006.25,65173.16,64972.2,65013.44,6151772.06826623
1785420000000,65013.44,65034.67,64710.01,64727.42,4561230.595616
1785420900000,64727.42,64849.99,64615.01,64773.58,3845627.61794448
1785421800000,64773.58,64860.0,64727.06,64801.23,2717849.28691411
1785422700000,64801.23,64839.77,64630.0,64673.87,2586059.323878
1785423600000,64673.87,64823.28,64586.07,64720.39,2750834.36177036
1785424500000,64720.39,64891.23,64676.41,64684.47,2455540.8565056
1785425400000,64684.47,64776.43,64623.8,64763.32,2825478.0043925
1785426300000,64763.32,64792.76,64686.07,64722.85,1689924.5584428
1785427200000,64722.85,64958.13,64722.85,64924.99,2796372.23176043
1785428100000,64924.99,64946.8,64840.01,64881.02,2451932.42268703
1785429000000,64881.02,64897.55,64765.01,64772.97,2740076.77902923
1785429900000,64772.97,64845.0,64769.34,64817.5,1003736.1735577
1785430800000,64817.5,64870.0,64765.79,64799.46,1863609.90453482
1785431700000,64799.46,64958.07,64783.02,64940.0,2262475.39249438
1785432600000,64940.0,64988.42,64820.01,64947.66,1697441.87491093
1785433500000,64947.66,64949.99,64851.26,64870.86,609628.19792459
1785434400000,64870.86,64894.99,64815.32,64817.27,966319.17706029
1785435300000,64817.27,64817.27,64747.88,64795.02,878497.72817716
1785436200000,64795.02,64817.44,64707.0,64731.07,862131.30305373
1785437100000,64731.07,64733.44,64685.0,64696.56,542020.97882875
1785438000000,64696.56,64859.99,64696.55,64830.55,1696774.93141254
1785438900000,64830.55,64901.83,64805.0,64883.87,1549054.56913626
1785439800000,64883.87,64883.87,64825.0,64837.5,1096633.03384038
1785440700000,64837.5,64859.12,64777.93,64800.76,1527253.43074534
1785441600000,64800.76,64934.92,64785.0,64792.53,3036381.06414269
1785442500000,64792.53,64874.57,64761.0,64791.93,1305701.14838579
1785443400000,64791.93,64880.0,64750.14,64867.55,2041600.63021207
1785444300000,64867.55,64889.99,64777.86,64777.87,1206612.30950043
1785445200000,64777.87,64804.99,64730.22,64755.0,967040.8680617
1785446100000,64755.0,64760.53,64745.0,64746.97,295011.64251465
1785447000000,64746.97,64795.0,64740.0,64760.0,639016.23868658
1785447900000,64760.0,64773.69,64703.39,64732.07,984048.71923712
1785448800000,64732.07,64975.0,64666.41,64931.3,3349736.24902379
1785449700000,64931.3,65002.3,64897.0,64998.92,1667976.26277389
1785450600000,64998.92,65021.73,64865.32,64912.29,1306502.96924844
1785451500000,64912.29,64924.23,64834.01,64851.16,1598944.06972575
1785452400000,64851.16,64943.84,64827.95,64942.42,1244646.36557361
1785453300000,64942.42,64946.89,64896.5,64934.74,1179254.18869622
1785454200000,64934.74,65089.04,64775.01,64814.48,3596767.26289836
1785455100000,64814.48,64890.09,64735.06,64778.88,2066196.43104888
1785456000000,64778.88,64900.25,64760.0,64819.07,1745593.53511512
1785456900000,64819.07,64823.77,64730.01,64775.0,1654804.96470688
1785457800000,64775.0,64824.67,64735.49,64797.51,2095301.00335624
1785458700000,64797.51,64810.0,64691.0,64729.3,1695315.61176868
1785459600000,64729.3,65408.68,64729.3,65185.15,6151464.56167285
1785460500000,65185.15,65228.18,65026.93,65182.97,2585984.55493933
1785461400000,65182.97,65182.97,64825.0,64826.47,1975850.67270169
1785462300000,64826.47,64899.35,64474.66,64556.01,6925531.36617369
1785463200000,64556.01,64615.0,64466.68,64489.88,3640280.5152648
1785464100000,64489.88,64489.88,64345.05,64353.46,4151179.70460619
1785465000000,64353.46,64414.99,64200.11,64226.59,6351096.10854201
1785465900000,64226.59,64360.0,64215.02,64297.3,2667027.81616326
1785466800000,64297.3,64297.3,64175.0,64260.58,3151147.2874898
1785467700000,64260.58,64426.58,64220.01,64384.99,2912948.45069075
1785468600000,64384.99,64420.0,64300.0,64391.51,1716734.86090983
1785469500000,64391.51,64440.0,64342.21,64370.29,2763007.58701789
1785470400000,64370.29,64442.36,64349.01,64362.27,1869484.84422801
1785471300000,64362.27,64377.47,64235.02,64339.92,1768368.11738193
1785472200000,64339.92,64367.41,64288.61,64309.01,1325454.04022578
1785473100000,64309.01,64335.87,64295.0,64309.0,723199.41744261
1785474000000,64309.0,64424.32,64308.85,64420.38,2040672.00879408
1785474900000,64420.38,64425.0,64329.0,64329.0,1013017.01934076
1785475800000,64329.0,64363.73,64288.0,64288.0,1751819.01473361
1785476700000,64288.0,64370.0,64270.01,64356.99,2754052.14721731
1785477600000,64356.99,64391.26,64320.24,64380.94,1302395.07031882
1785478500000,64380.94,64459.0,64362.0,64459.0,1483235.79231778
1785479400000,64459.0,64497.68,64266.91,64279.0,2875197.7633547
1785480300000,64279.0,64279.0,64190.01,64233.37,2156751.08741623
1785481200000,64233.37,64242.4,64014.08,64061.25,5493458.97469954
1785482100000,64061.25,64095.0,63975.21,63988.6,2439575.56959797
1785483000000,63988.6,64030.0,63865.39,63917.3,4447754.33520823
1785483900000,63917.3,64020.0,63917.3,63945.01,2579048.92669146
1785484800000,63945.01,63972.59,63861.14,63947.2,1775347.60607018
1785485700000,63947.2,63981.71,63862.85,63965.0,1164350.15886661
1785486600000,63965.0,63965.01,63821.0,63853.48,1366627.03918887
1785487500000,63853.48,63909.57,63805.01,63835.03,1291432.32977036
1785488400000,63835.03,63851.82,63754.81,63809.95,2130314.30787623
1785489300000,63809.95,63812.36,63693.02,63701.01,1468454.90845069
1785490200000,63701.01,63737.94,63640.0,63698.48,3419871.46322418
1785491100000,63698.48,63755.0,63683.35,63721.85,1287280.68715637
1785492000000,63721.85,63745.0,63608.81,63738.66,1996397.31052996
1785492900000,63738.66,63830.0,63705.0,63827.88,2512326.6189266
1785493800000,63827.88,63916.44,63825.24,63907.29,1277395.67077425
1785494700000,63907.29,63960.0,63875.18,63922.81,1372216.01026813
1785495600000,63922.81,64017.69,63905.0,63916.73,1073914.54643702
1785496500000,63916.73,63978.4,63865.0,63902.33,1602696.18323336
1785497400000,63902.33,63905.27,63850.0,63851.33,864990.91756485
1785498300000,63851.33,63862.47,63780.2,63812.78,1327270.54686818
1785499200000,63812.78,63834.43,63705.0,63730.0,1386187.7497322
1785500100000,63730.0,63780.0,63700.0,63755.0,1401912.37546308
1785501000000,63755.0,63755.01,63626.48,63665.0,2519305.93397819
1785501900000,63665.0,63766.35,63657.0,63758.38,2020634.09420863
1785502800000,63758.38,63793.76,63718.01,63770.67,1940783.72842815
1785503700000,63770.67,63841.41,63762.72,63828.74,2160485.62370589
1785504600000,63828.74,63828.75,63466.71,63466.96,8139514.5205837
1785505500000,63466.96,63529.99,63239.44,63273.13,9963693.76911286
1785506400000,63273.13,63314.22,62460.01,62701.11,15388311.60501064
1785507300000,62701.11,62759.99,62530.01,62649.99,10225579.83020317
1785508200000,62649.99,62829.99,62615.0,62696.26,6559984.48425646
1785509100000,62696.26,62818.26,62600.0,62695.01,4152566.20849368
1785510000000,62695.01,62719.54,62551.7,62624.84,4324554.91658596
1785510900000,62624.84,62724.99,62494.01,62591.46,4110563.2530233
1785511800000,62591.46,62775.0,62568.01,62763.46,2860327.73494865
1785512700000,62763.46,62769.3,62636.04,62720.96,2420550.0629756
1785513600000,62720.96,62913.52,62712.01,62872.43,4202476.0443711
1785514500000,62872.43,62936.32,62795.01,62922.68,2105014.59082537
1785515400000,62922.68,62927.35,62810.0,62850.0,1122914.35508654
1785516300000,62850.0,62888.29,62815.0,62875.0,890531.99607071
1785517200000,62875.0,62924.99,62802.01,62900.0,779484.79074941
1785518100000,62900.0,63000.0,62866.89,62979.18,1174181.79865755
1785519000000,62979.18,63100.0,62960.01,63059.99,1831566.96589668
1785519900000,63059.99,63289.01,63059.99,63240.64,2947984.93267102
1785520800000,63240.64,63294.02,63135.0,63140.6,1515635.15381081
1785521700000,63140.6,63179.7,63050.0,63053.08,976570.77813787
1785522600000,63053.08,63090.0,62958.8,63030.94,1101981.52548534
1785523500000,63030.94,63175.0,63030.0,63094.93,845050.00030332
1785524400000,63094.93,63155.0,63030.0,63067.43,521872.71318818
1785525300000,63067.43,63071.75,63016.27,63021.67,646181.11409648
1785526200000,63021.67,63027.06,62930.01,63000.0,765718.74753616
1785527100000,63000.0,63054.38,62952.01,62972.56,995438.89055307
1785528000000,62972.56,63000.0,62941.29,62998.68,749906.03086874
1785528900000,62998.68,63030.0,62979.47,63006.62,370579.26502877
1785529800000,63006.62,63010.0,62948.37,62991.98,2051752.53881411
1785530700000,62991.98,63005.0,62926.01,62955.0,1919173.28608784
1785531600000,62955.0,63010.44,62837.03,63010.21,915719.91883153
1785532500000,63010.21,63035.77,62997.49,63005.11,577186.81233352
1785533400000,63005.11,63030.0,62984.94,63029.21,1066246.7491654
1785534300000,63029.21,63059.99,62921.7,62948.23,616696.51438201
1785535200000,62948.23,63020.0,62861.21,63002.1,1017676.28399508
1785536100000,63002.1,63020.0,62985.0,62985.0,546429.15696273
1785537000000,62985.0,63000.0,62918.24,62949.26,704985.50005245
1785537900000,62949.26,62962.16,62913.41,62946.48,385287.90278837
1785538800000,62946.48,62999.77,62946.48,62973.02,252246.06792447
1785539700000,62973.02,63013.0,62973.01,62980.77,320862.70644644
1785540600000,62980.77,62993.86,62952.0,62952.0,205138.09412458
1785541500000,62952.0,62952.01,62860.94,62885.72,604576.50839844
1785542400000,62885.72,62969.2,62885.72,62948.0,1070120.78940514
1785543300000,62948.0,62997.0,62933.72,62965.01,850069.88707796
1785544200000,62965.01,62995.55,62933.75,62995.55,565512.60192562
1785545100000,62995.55,63024.99,62933.3,62934.59,622666.55478704
1785546000000,62934.59,62966.34,62934.59,62966.34,405306.69665188
1785546900000,62966.34,62989.99,62923.74,62953.83,910331.08033596
1785547800000,62953.83,62979.99,62927.75,62973.77,137604.65884531
1785548700000,62973.77,62979.99,62950.01,62973.61,500477.76783148
1785549600000,62973.61,63024.99,62973.61,63017.05,141348.75057328
1785550500000,63017.05,63079.99,63017.05,63069.64,420887.30388325
1785551400000,63069.64,63099.99,63067.03,63076.24,493108.43928239
1785552300000,63076.24,63105.0,63055.0,63075.6,662227.65030751
1785553200000,63075.6,63077.14,62986.99,62987.0,315684.46505016
1785554100000,62987.0,63050.0,62970.01,63016.59,436216.66047887
1785555000000,63016.59,63027.97,62980.0,62999.88,904253.23669749
1785555900000,62999.88,63018.57,62983.73,63002.38,461203.34697333
1785556800000,63002.38,63016.86,62995.0,63016.85,205188.97037901
1785557700000,63016.85,63048.28,63016.85,63045.12,89673.0328711
1785558600000,63045.12,63066.0,63043.0,63065.99,161433.86265198
1785559500000,63065.99,63104.49,63065.99,63104.48,336466.92162602
1785560400000,63104.48,63140.0,63057.01,63125.01,749324.64162044
1785561300000,63125.01,63125.01,63075.0,63097.78,949600.56137125
1785562200000,63097.78,63102.11,63010.0,63010.01,1028449.10111945
1785563100000,63010.01,63037.89,63000.0,63029.67,286449.43865353
1785564000000,63029.67,63039.77,62995.0,63024.99,1683977.57056425
1785564900000,63024.99,63074.56,63010.6,63060.01,698731.95175025
1785565800000,63060.01,63074.44,63060.01,63061.56,241124.94781142
1785566700000,63061.56,63079.32,63052.56,63076.72,849874.00456187
1785567600000,63076.72,63119.12,63076.72,63110.37,1699080.84782417
1785568500000,63110.37,63110.38,63060.29,63068.53,949265.19991972
1785569400000,63068.53,63068.53,63035.01,63046.05,1745728.63566723
1785570300000,63046.05,63063.22,63046.05,63054.02,1235188.5756864
1785571200000,63054.02,63103.09,63054.02,63103.09,766802.56804446
1785572100000,63103.09,63113.72,63097.31,63097.31,583622.94738145
1785573000000,63097.31,63114.26,63097.31,63103.0,202910.4262574
1785573900000,63103.0,63155.0,63095.01,63132.0,947765.31183075
1785574800000,63132.0,63144.68,63119.01,63121.0,341288.63760422
1785575700000,63121.0,63129.03,63105.01,63115.58,899158.95472018
1785576600000,63115.58,63128.45,63110.0,63110.01,648959.25035699
1785577500000,63110.01,63110.01,63045.7,63052.94,1887159.90982201
1785578400000,63052.94,63113.88,62988.78,63011.29,1540625.94157045
1785579300000,63011.29,63076.56,62996.72,63042.95,1783430.43898236
1785580200000,63042.95,63079.09,63024.34,63066.49,901104.50465593
1785581100000,63066.49,63069.06,63040.0,63056.57,1040490.99965051
1785582000000,63056.57,63060.0,63044.98,63060.0,904466.63702762
1785582900000,63060.0,63090.26,63041.27,63086.76,1272345.34617903
1785583800000,63086.76,63093.73,63071.88,63071.89,561959.55242835
1785584700000,63071.89,63077.69,63071.88,63076.08,511789.05210288
1785585600000,63076.08,63130.0,63076.07,63102.77,769369.32030218
1785586500000,63102.77,63105.37,63091.71,63095.08,395680.47571103
1785587400000,63095.08,63101.83,63084.17,63095.7,150857.15089724
1785588300000,63095.7,63105.0,63095.69,63101.19,361485.20998057
1785589200000,63101.19,63103.0,63095.43,63100.39,109307.01595215
1785590100000,63100.39,63100.39,63086.9,63086.91,246055.25730764
1785591000000,63086.91,63096.27,63076.14,63077.01,264352.9088754
1785591900000,63077.01,63077.01,63049.0,63065.17,340969.50119926
1785592800000,63065.17,63124.99,63065.16,63080.01,374801.90290975
1785593700000,63080.01,63120.0,63080.0,63118.19,535428.67589248
1785594600000,63118.19,63120.0,63093.36,63114.65,500205.32812701
1785595500000,63114.65,63125.0,63075.44,63125.0,412533.06313231
1785596400000,63125.0,63125.39,63111.11,63111.12,167307.20530645
1785597300000,63111.12,63111.12,63060.58,63061.68,241705.42070963
1785598200000,63061.68,63065.0,63054.67,63054.67,146459.21838323
1785599100000,63054.67,63054.68,63007.01,63007.01,160396.54699302
1785600000000,63007.01,63009.58,62930.01,62955.0,1547433.68552376
1785600900000,62955.0,62965.0,62933.0,62950.95,547597.73672941
1785601800000,62950.95,63032.73,62948.29,62969.99,615518.0745897
1785602700000,62969.99,62970.0,62870.69,62924.99,501335.0876933
1785603600000,62924.99,62995.0,62865.01,62892.89,615286.15689362
1785604500000,62892.89,62895.0,62800.14,62835.0,776092.16179628
1785605400000,62835.0,62842.69,62735.86,62811.06,3739884.19022085
1785606300000,62811.06,62811.07,62650.01,62705.01,2573929.35047183
1785607200000,62705.01,62731.72,62608.36,62708.76,1755100.14326639
1785608100000,62708.76,62708.76,62505.52,62564.99,2312881.08140242
1785609000000,62564.99,62565.0,62270.0,62370.01,4884775.83966413
1785609900000,62370.01,62585.0,62275.01,62579.11,2563272.98864759
1785610800000,62579.11,62621.73,62522.21,62547.01,1428037.56715893
1785611700000,62547.01,62614.99,62490.0,62546.37,646485.1238343
1785612600000,62546.37,62588.67,62460.01,62471.33,768247.98751506
1785613500000,62471.33,62556.85,62470.74,62529.81,1389330.31458751
1785614400000,62529.81,62570.0,62490.0,62556.88,547134.63801236
1785615300000,62556.88,62642.86,62556.87,62617.2,1714532.52186792
1785616200000,62617.2,62625.0,62562.69,62596.23,967838.86945575
1785617100000,62596.23,62672.3,62586.66,62664.17,276280.54940661
1785618000000,62664.17,62801.2,62663.43,62743.68,1212717.52953587
1785618900000,62743.68,62795.0,62743.68,62795.0,631248.29260659
1785619800000,62795.0,62861.74,62766.64,62798.34,875265.64398077
1785620700000,62798.34,62828.83,62785.0,62816.69,464591.88298601
1785621600000,62816.69,62866.67,62795.01,62854.07,414110.01502133
1785622500000,62854.07,62868.54,62830.0,62854.1,146927.73019328
1785623400000,62854.1,62856.25,62830.0,62847.74,201860.56059598
1785624300000,62847.74,62855.0,62833.0,62833.0,111413.07329303
1785625200000,62833.0,62855.0,62807.44,62808.18,312979.2063282
1785626100000,62808.18,62808.18,62769.11,62771.01,838961.52842059
1785627000000,62771.01,62835.0,62771.01,62829.96,1021555.96431547
1785627900000,62829.96,62840.0,62813.89,62822.92,305415.93013052
1785628800000,62822.92,62976.57,62822.91,62926.32,1302073.50085442
1785629700000,62926.32,62939.82,62882.77,62882.78,378037.14837153
1785630600000,62882.78,62915.0,62850.0,62850.01,917116.93103199
1785631500000,62850.01,62861.2,62811.0,62835.41,549424.20233372
1785632400000,62835.41,63023.17,62835.41,63013.29,902950.68164545
1785633300000,63013.29,63097.68,62975.95,62985.06,741867.93114996
1785634200000,62985.06,63022.72,62978.0,63017.23,405184.99730259
1785635100000,63017.23,63017.23,62985.0,62990.01,415441.33482842
1785636000000,62990.01,63548.36,62957.01,63457.13,6377509.30721172
1785636900000,63457.13,63549.96,63395.0,63405.7,2872757.41833221
1785637800000,63405.7,63459.97,63317.42,63381.38,2336300.95813671
1785638700000,63381.38,63485.0,63340.02,63441.91,804616.741549
1785639600000,63441.91,63454.99,63382.0,63413.29,835631.81309268
1785640500000,63413.29,63553.16,63380.0,63436.46,1620755.93034337
1785641400000,63436.46,63498.38,63436.46,63498.38,639446.16824509
1785642300000,63498.38,63505.0,63430.01,63455.0,682460.16402613
1785643200000,63455.0,63552.74,63455.0,63544.0,585591.28218155
1785644100000,63544.0,63556.65,63515.0,63540.59,443470.01469389
1785645000000,63540.59,63553.28,63521.97,63521.97,284386.1692975
1785645900000,63521.97,63614.24,63521.97,63585.0,294980.96823966
1785646800000,63585.0,63634.14,63458.45,63479.98,957574.22132284
1785647700000,63479.98,63491.76,63451.0,63485.0,338133.46950513
1785648600000,63485.0,63491.9,63412.0,63415.08,1222215.20370649
1785649500000,63415.08,63450.85,63415.07,63450.85,92732.89068927
1785650400000,63450.85,63480.0,63439.02,63439.03,874802.12028839
1785651300000,63439.03,63490.0,63430.06,63489.99,434616.59331042
1785652200000,63489.99,63503.04,63454.75,63490.0,1047206.89754077
1785653100000,63490.0,63498.34,63473.74,63484.99,673460.09576006
1785654000000,63484.99,63488.38,63476.6,63481.68,734652.63168483
1785654900000,63481.68,63489.57,63476.01,63482.77,767269.57936006
1785655800000,63482.77,63536.96,63481.14,63528.58,2576464.84644279
1785656700000,63528.58,63528.58,63471.62,63485.98,2556090.49546045
1785657600000,63485.98,63525.0,63480.0,63486.95,1027070.07222848
1785658500000,63486.95,63486.96,63383.0,63383.01,2273306.97763962
1785659400000,63383.01,63386.27,63200.01,63219.7,1827770.79728097
1785660300000,63219.7,63232.21,63161.59,63186.35,284902.57160607
1785661200000,63186.35,63280.0,63085.01,63260.0,981927.2133164
1785662100000,63260.0,63309.99,63230.0,63230.0,664358.5614253
1785663000000,63230.0,63320.0,63229.7,63267.0,657167.1301704
1785663900000,63267.0,63275.0,63250.88,63272.58,720426.78166256
1785664800000,63272.58,63272.58,63200.01,63205.05,744340.42859355
1785665700000,63205.05,63270.0,63120.01,63137.9,2127034.66537614
1785666600000,63137.9,63212.51,63137.9,63203.71,376884.59244926
1785667500000,63203.71,63203.72,63195.96,63197.94,326859.23793796
1785668400000,63197.94,63197.95,63135.0,63160.0,405217.24431073
1785669300000,63160.0,63206.97,63119.01,63160.0,942592.88615111
1785670200000,63160.0,63184.99,63092.63,63117.87,1280671.85842531
1785671100000,63117.87,63172.46,62990.0,63030.0,1810738.31209282
1785672000000,63030.0,63184.99,63029.99,63182.44,729262.17628244
1785672900000,63182.44,63237.16,63150.0,63187.0,753367.73593911
1785673800000,63187.0,63215.0,63110.0,63143.13,580834.07227903
1785674700000,63143.13,63159.99,63115.45,63123.87,424306.94182127
1785675600000,63123.87,63145.0,63095.01,63117.87,516878.44729024
1785676500000,63117.87,63117.88,63055.01,63086.84,566707.67077916
1785677400000,63086.84,63109.4,63006.01,63092.46,1489577.88293589
1785678300000,63092.46,63135.0,63092.46,63124.37,512548.84538635
1785679200000,63124.37,63124.37,63061.73,63090.0,614286.36961667
1785680100000,63090.0,63157.42,63090.0,63129.71,381949.27145727
1785681000000,63129.71,63187.2,63096.0,63156.96,1256928.76832922
1785681900000,63156.96,63157.75,63065.5,63070.18,993323.56749335
1785682800000,63070.18,63131.96,63050.95,63130.51,1138958.98609377
1785683700000,63130.51,63135.0,63106.82,63127.45,851080.94633483
1785684600000,63127.45,63185.0,63127.45,63149.99,484745.16457513
1785685500000,63149.99,63150.0,63110.0,63110.01,467006.42179091
1785686400000,63110.01,63139.99,63070.0,63107.0,516579.24253292
1785687300000,63107.0,63130.0,63080.0,63111.38,555285.33714647
1785688200000,63111.38,63269.99,63105.27,63225.01,779791.06064322
1785689100000,63225.01,63234.5,63185.6,63185.6,414022.74667164
1785690000000,63185.6,63219.93,63153.0,63210.0,851739.27238346
1785690900000,63210.0,63349.4,63194.0,63290.28,424501.81610443
1785691800000,63290.28,63327.71,63290.27,63324.01,560334.00452918
1785692700000,63324.01,63334.57,63307.3,63307.3,243677.87806037
1785693600000,63307.3,63335.83,63296.19,63316.67,313322.75182194
1785694500000,63316.67,63325.0,63290.74,63290.74,150061.53873976
1785695400000,63290.74,63616.9,63290.74,63497.46,2852347.93069116
1785696300000,63497.46,63515.0,63370.26,63385.0,2638938.52814614
1785697200000,63385.0,63393.28,63347.01,63360.4,316608.77902287
1785698100000,63360.4,63375.0,63331.0,63331.01,127367.01053052
1785699000000,63331.01,63392.37,63331.0,63392.37,260899.77879266
1785699900000,63392.37,63480.0,63392.37,63456.12,422491.64333203
1785700800000,63456.12,63468.78,63420.01,63460.0,248741.12848641
1785701700000,63460.0,63495.0,63405.68,63407.01,135942.66144825
1785702600000,63407.01,63451.93,63407.0,63430.09,195719.89006118
1785703500000,63430.09,63500.0,63416.56,63495.7,280122.18032405
1785704400000,63495.7,63571.19,63482.3,63525.0,637335.32343883
1785705300000,63525.0,63553.02,63510.0,63539.99,753331.36030584
1785706200000,63539.99,63782.74,63510.0,63702.97,1617431.53201203
1785707100000,63702.97,63780.0,63555.0,63579.99,1960715.4087454
1785708000000,63579.99,63792.78,63579.99,63695.0,1839154.27593555
1785708900000,63695.0,63784.99,63570.0,63586.02,543064.46073086
1785709800000,63586.02,63599.99,63372.0,63516.58,2509378.75089216
1785710700000,63516.58,63569.99,63422.04,63422.04,581476.56376816
1785711600000,63422.04,63453.41,63337.28,63359.76,679979.64940131
1785712500000,63359.76,63545.0,63340.0,63540.34,1307537.38924291
1785713400000,63540.34,63594.27,63490.0,63523.32,495102.3252639
1785714300000,63523.32,63570.0,63485.01,63570.0,487284.12092079
1785715200000,63570.0,63594.99,63385.01,63418.32,911579.95627759
1785716100000,63418.32,63440.0,63250.01,63261.0,532805.59943804
1785717000000,63261.0,63418.75,63203.45,63325.0,766552.34538157
1785717900000,63325.0,63347.7,63270.0,63314.59,344791.18564969
1785718800000,63314.59,63344.03,63174.01,63215.0,767468.03693641
1785719700000,63215.0,63257.44,63110.01,63173.03,1267118.26117401
1785720600000,63173.03,63249.58,63162.0,63217.99,860846.34014374
1785721500000,63217.99,63227.19,63151.01,63211.0,1657364.78799587
1785722400000,63211.0,63230.0,63145.0,63202.79,775488.32775334
1785723300000,63202.79,63285.16,63100.0,63124.99,534196.89188749
1785724200000,63124.99,63216.43,63111.22,63183.68,579222.17311121
1785725100000,63183.68,63195.0,63121.01,63141.0,335885.48724955
1785726000000,63141.0,63168.29,63100.01,63110.18,455446.75320845
1785726900000,63110.18,63135.0,63060.67,63076.88,675657.53206692
1785727800000,63076.88,63092.59,63041.81,63061.12,1155517.68217197
1785728700000,63061.12,63063.74,62780.0,62870.0,2946437.54596163
1785729600000,62870.0,62939.16,62815.0,62865.0,1631355.26306672
1785730500000,62865.0,62973.43,62865.0,62970.45,1207751.36638072
1785731400000,62970.45,63000.0,62960.9,62980.0,384878.18045837
1785732300000,62980.0,62980.0,62771.43,62788.57,719645.46116014
1785733200000,62788.57,62871.92,62748.54,62855.0,982137.29103784
1785734100000,62855.0,62874.99,62792.98,62815.01,2182473.52731913
1785735000000,62815.01,62848.77,62775.0,62808.54,710928.05036053
1785735900000,62808.54,62865.0,62805.0,62827.34,1457865.18297639
1785736800000,62827.34,62875.0,62825.01,62845.06,1276451.40759633
1785737700000,62845.06,62850.0,62761.83,62793.56,402919.4325248
1785738600000,62793.56,62843.86,62640.0,62640.01,1149406.88092602
1785739500000,62640.01,62687.37,62617.15,62624.72,1014531.8203578
1785740400000,62624.72,62676.99,62592.7,62608.6,2290318.9446296
1785741300000,62608.6,62670.0,62551.44,62643.42,1293967.62338186
1785742200000,62643.42,62703.56,62600.01,62640.31,1533516.50382224
1785743100000,62640.31,62674.0,62580.0,62620.0,1137817.22573755
1785744000000,62620.0,62650.0,62517.74,62569.99,1494794.91706795
1785744900000,62569.99,62574.24,62330.0,62340.01,1849243.27461787
1785745800000,62340.01,62443.48,62300.44,62443.48,1353603.04665788
1785746700000,62443.48,62544.32,62439.91,62543.28,596225.86588481
1785747600000,62543.28,62594.82,62525.0,62575.76,1426698.98341079
1785748500000,62575.76,62674.5,62575.75,62652.79,1502641.512354
1785749400000,62652.79,62709.99,62628.51,62698.06,801655.40292543
1785750300000,62698.06,62869.99,62698.06,62840.01,628981.82282046
1785751200000,62840.01,62863.31,62770.0,62790.01,831700.04709193
1785752100000,62790.01,62839.99,62740.01,62744.67,711670.49865539
1785753000000,62744.67,62744.67,62671.0,62710.48,548592.80855255
1785753900000,62710.48,62785.0,62615.38,62740.69,762625.83225746
1785754800000,62740.69,62746.29,62585.64,62650.97,624636.37562776
1785755700000,62650.97,62777.39,62644.71,62707.19,301909.08824594
1785756600000,62707.19,62778.36,62675.01,62701.14,355491.85195866
1785757500000,62701.14,62705.0,62540.1,62561.43,1124906.94480765
1785758400000,62561.43,62612.89,62445.0,62555.65,1614578.32858082
1785759300000,62555.65,62694.75,62550.0,62633.99,741522.92439208
1785760200000,62633.99,62769.99,62620.0,62769.23,1813812.89822225
1785761100000,62769.23,62804.99,62695.0,62703.1,387316.5007109
1785762000000,62703.1,62788.32,62703.09,62779.99,585326.76070925
1785762900000,62779.99,62999.99,62720.91,62774.04,2553827.10152764
1785763800000,62774.04,62944.44,62561.0,62929.99,3630672.76777712
1785764700000,62929.99,63400.0,62810.01,63350.33,8182367.8477917
1785765600000,63350.33,63444.98,63140.43,63320.0,4193521.62718842
1785766500000,63320.0,63794.15,63169.8,63766.0,5621642.54016929
1785767400000,63766.0,63911.4,63635.13,63786.01,4689519.67277153
1785768300000,63786.01,63992.08,63657.01,63965.0,2613398.75256255
1785769200000,63965.0,63981.71,63745.75,63812.88,3764326.68639235
1785770100000,63812.88,63854.99,63671.0,63710.84,2875571.15169003
1785771000000,63710.84,63905.0,63702.93,63784.3,3773498.92658879
1785771900000,63784.3,63844.99,63642.16,63689.99,1720122.98125893
1785772800000,63689.99,63895.0,63655.57,63799.99,3057900.38232502
1785773700000,63799.99,63940.0,63796.6,63898.93,1788405.09611076
1785774600000,63898.93,63898.93,63710.0,63763.25,752108.56019692
1785775500000,63763.25,63878.06,63740.07,63768.01,614714.5290423
1785776400000,63768.01,63857.3,63713.3,63848.99,662659.9615855
1785777300000,63848.99,64063.75,63815.53,63822.42,2172753.87088251
1785778200000,63822.42,63928.94,63792.57,63898.02,1210084.83902946
1785779100000,63898.02,63955.0,63867.64,63902.57,1071344.2780036
1785780000000,63902.57,63994.99,63867.4,63970.0,1133061.05055751
1785780900000,63970.0,63985.0,63802.01,63849.06,1574773.58124258
1785781800000,63849.06,63924.89,63806.0,63848.61,1187050.83359642
1785782700000,63848.61,63914.99,63760.62,63867.6,1365156.03726214
1785783600000,63867.6,63929.37,63843.38,63915.67,1164619.46540816
1785784500000,63915.67,64009.99,63915.67,63968.29,1112104.24030289
1785785400000,63968.29,64079.77,63865.0,63952.99,1482535.56888641
1785786300000,63952.99,63970.0,63860.07,63866.18,1074997.87410807
1785787200000,63866.18,63954.99,63816.0,63900.01,955700.80711148
1785788100000,63900.01,64024.32,63895.0,63948.9,1223546.30894921
1785789000000,63948.9,63948.99,63909.3,63916.17,272863.44173801
1785789900000,63916.17,63920.0,63771.19,63786.0,1238105.4889499
1785790800000,63786.0,63786.0,63721.34,63725.0,658094.07775338
1785791700000,63725.0,63794.99,63685.18,63729.99,1709582.11622528
1785792600000,63729.99,63733.64,63671.0,63682.33,1337734.62610058
1785793500000,63682.33,63682.33,63550.0,63590.02,934210.05641218
1785794400000,63590.02,63610.0,63395.0,63501.76,1632083.78416967
1785795300000,63501.76,63680.0,63501.75,63534.09,978905.58185497
1785796200000,63534.09,63559.99,63495.01,63511.94,880404.37272921
1785797100000,63511.94,63637.87,63510.01,63618.11,929962.74448022
1785798000000,63618.11,63618.11,63531.13,63540.55,503322.30058485
1785798900000,63540.55,63620.0,63535.0,63574.39,1551489.93438566
1785799800000,63574.39,63574.4,63463.18,63504.1,465987.98620463
1785800700000,63504.1,63529.99,63485.52,63525.74,315803.65374251
1785801600000,63525.74,63586.53,63471.79,63475.2,993319.27780136
1785802500000,63475.2,63499.99,63391.32,63454.99,1204588.47113738
1785803400000,63454.99,63454.99,63340.72,63400.0,955635.3530454
1785804300000,63400.0,63477.68,63323.16,63361.22,875817.79433193
1785805200000,63361.22,63494.99,63361.22,63475.0,915730.6090056
1785806100000,63475.0,63579.99,63422.22,63525.0,1552970.75195463
1785807000000,63525.0,63926.6,63525.0,63810.0,1910469.5567159
1785807900000,63810.0,63883.17,63740.39,63846.48,1446008.94725606
1785808800000,63846.48,63870.0,63759.0,63769.79,1234554.97996726
1785809700000,63769.79,63809.65,63690.0,63696.0,916238.06059559
1785810600000,63696.0,63977.13,63685.63,63897.5,1037496.13190461
1785811500000,63897.5,63924.29,63809.77,63825.0,291030.23306284
1785812400000,63825.0,63840.0,63690.58,63690.58,341870.50908554
1785813300000,63690.58,63794.88,63655.0,63775.04,883263.16346384
1785814200000,63775.04,63861.5,63775.04,63828.97,734744.66580697
1785815100000,63828.97,63835.0,63802.12,63802.99,745416.37285644
1785816000000,63802.99,63828.94,63750.0,63801.83,802774.5459063
1785816900000,63801.83,63875.0,63800.0,63835.0,368576.60220902
1785817800000,63835.0,64059.11,63834.82,64059.1,1290167.70017377
1785818700000,64059.1,64252.82,64035.0,64035.0,3685439.58673907
1785819600000,64035.0,64054.31,63835.01,63836.3,1672917.18059978
1785820500000,63836.3,63890.0,63810.51,63816.89,918316.24359445
1785821400000,63816.89,63860.0,63805.0,63860.0,1163015.01793386
1785822300000,63860.0,63860.0,63784.13,63813.39,1028352.44110692
1785823200000,63813.39,63844.97,63770.06,63796.08,713163.35076591
1785824100000,63796.08,63867.37,63755.0,63760.26,1000704.9012634
1785825000000,63760.26,63772.99,63680.01,63703.29,786486.82305528
1785825900000,63703.29,63706.92,63656.8,63674.99,1237743.36687972
1785826800000,63674.99,63675.0,63584.01,63592.5,963807.23563748
1785827700000,63592.5,63644.4,63505.01,63644.4,1282144.35632947
1785828600000,63644.4,63760.0,63637.04,63665.01,1636803.157035
1785829500000,63665.01,63755.0,63665.01,63690.11,1384716.50956373
1785830400000,63690.11,63745.0,63630.0,63645.0,992457.75168053
1785831300000,63645.0,63662.3,63580.15,63621.35,1289428.77025047
1785832200000,63621.35,63622.13,63562.19,63620.0,896868.4547105
1785833100000,63620.0,63620.0,63575.0,63585.01,324348.01258595
1785834000000,63585.01,63585.01,63536.05,63560.01,873755.65875775
1785834900000,63560.01,63595.0,63515.28,63578.35,586657.74037246
1785835800000,63578.35,63595.0,63530.0,63572.69,486000.78235441
1785836700000,63572.69,63609.99,63548.58,63596.0,426574.81962597
1785837600000,63596.0,63610.0,63510.34,63513.36,416056.31855205
1785838500000,63513.36,63571.65,63453.88,63469.35,594364.15818585
1785839400000,63469.35,63665.0,63461.05,63665.0,546843.27317855
1785840300000,63665.0,63842.11,63655.0,63764.14,1944624.38130242
1785841200000,63764.14,63813.07,63709.42,63740.8,1707927.496369
1785842100000,63740.8,63865.0,63707.26,63782.63,1680057.40188867
1785843000000,63782.63,63895.0,63720.0,63876.75,1779424.68430368
1785843900000,63876.75,63954.63,63840.01,63925.81,1354462.63468451
1785844800000,63925.81,63925.82,63815.0,63815.0,1627280.18962033
1785845700000,63815.0,63840.0,63792.0,63835.0,599182.86422012
1785846600000,63835.0,64061.05,63816.49,63968.04,1636337.12208004
1785847500000,63968.04,64000.0,63911.41,63911.41,582095.6629762
1785848400000,63911.41,64015.0,63845.7,63946.14,696011.88145287
1785849300000,63946.14,64020.0,63860.0,63895.0,2912952.75089593
1785850200000,63895.0,64100.0,63815.02,64022.02,4246795.09580267
1785851100000,64022.02,64022.02,63655.58,63689.22,2636028.55435576
1785852000000,63689.22,63925.0,63615.0,63799.99,1824805.12956356
1785852900000,63799.99,63905.0,63621.78,63890.0,1758888.86338385
1785853800000,63890.0,64185.0,63856.91,64116.8,2895200.61827165
1785854700000,64116.8,64195.0,64060.0,64129.21,906111.24024164
1785855600000,64129.21,64220.0,63981.27,64066.7,2849006.92931993
1785856500000,64066.7,64066.7,63930.0,63945.0,595434.17047991
1785857400000,63945.0,64127.49,63811.01,64127.49,1074530.8047592
1785858300000,64127.49,64252.4,64091.7,64120.01,2030110.71360334
1785859200000,64120.01,64130.67,63971.32,64032.72,1151127.74036902
1785860100000,64032.72,64110.99,64005.01,64026.01,987551.57260037
1785861000000,64026.01,64059.99,63901.69,63944.54,1003347.3171782
1785861900000,63944.54,64013.57,63910.43,63952.98,548148.09859022
1785862800000,63952.98,64179.99,63952.98,64069.51,964883.73491146
1785863700000,64069.51,64174.7,64031.53,64155.01,1016716.18154249
1785864600000,64155.01,64178.09,64096.0,64096.0,1039607.04501455
1785865500000,64096.0,64102.59,63892.15,63970.0,935473.6673942
1785866400000,63970.0,64220.0,63967.75,64217.83,980212.21368492
1785867300000,64217.83,64399.98,64200.15,64361.07,3286554.80329524
1785868200000,64361.07,64400.0,64212.56,64293.84,1385347.25594308
1785869100000,64293.84,64325.18,64270.01,64304.08,1066445.921434
1785870000000,64304.08,64369.99,64290.0,64349.48,1091924.49929962
1785870900000,64349.48,64364.36,64268.04,64280.01,690970.73785881
1785871800000,64280.01,64413.45,64260.01,64380.06,2558708.64401362
1785872700000,64380.06,64389.99,64205.0,64229.38,3318357.14901791
1785873600000,64229.38,64244.5,64120.0,64177.1,2209532.1185503
1785874500000,64177.1,64177.1,64006.34,64126.15,1805965.16678283
1785875400000,64126.15,64421.12,64126.14,64397.03,2719499.16233511
1785876300000,64397.03,64397.03,64310.0,64344.99,508934.72254751
1785877200000,64344.99,64345.0,64205.01,64220.0,1152608.28743647
1785878100000,64220.0,64285.0,64195.0,64261.05,370096.74457261
1785879000000,64261.05,64270.0,64201.97,64250.5,330830.33864376
1785879900000,64250.5,64255.0,64180.0,64193.04,479643.76354259
1785880800000,64193.04,64229.99,64132.04,64226.84,604451.57164724
1785881700000,64226.84,64262.23,64175.02,64258.41,511412.24985399
1785882600000,64258.41,64290.0,64218.06,64218.06,241103.87125645
1785883500000,64218.06,64269.44,64176.55,64269.43,212463.37584894
1785884400000,64269.43,64474.5,64215.01,64427.34,1729391.29973602
1785885300000,64427.34,64537.97,64175.01,64175.01,2526830.42705469
1785886200000,64175.01,64259.99,64144.58,64216.42,620296.37931769
1785887100000,64216.42,64219.08,64068.0,64105.88,560366.09620844
1785888000000,64105.88,64113.76,64008.79,64032.9,989003.49921645
1785888900000,64032.9,64065.0,64010.0,64065.0,869755.30268035
1785889800000,64065.0,64189.99,64020.01,64069.57,511301.01915083
1785890700000,64069.57,64069.79,63985.0,63994.92,551114.78848001
1785891600000,63994.92,64029.89,63947.42,64013.45,783147.0462843
1785892500000,64013.45,64119.99,63956.59,64114.2,619653.31804337
1785893400000,64114.2,64299.63,64114.2,64185.0,774020.17858692
1785894300000,64185.0,64342.83,64185.0,64328.35,493334.85214579
1785895200000,64328.35,64505.0,64328.35,64461.36,1041513.46518468
1785896100000,64461.36,64488.32,64325.0,64420.46,2241268.17357338
1785897000000,64420.46,64483.05,64413.0,64433.41,892548.68405371
1785897900000,64433.41,64447.53,64367.58,64367.59,1104082.239145
1785898800000,64367.59,64445.0,64352.01,64352.01,874091.24114278
1785899700000,64352.01,64358.25,64066.68,64069.36,1654606.05107261
1785900600000,64069.36,64169.98,64047.3,64139.4,510094.11815662
1785901500000,64139.4,64185.67,64139.4,64183.12,212486.52872068
1785902400000,64183.12,64194.99,64130.01,64130.01,221589.97289546
1785903300000,64130.01,64203.06,64091.18,64159.8,731130.59958861
1785904200000,64159.8,64220.0,64159.8,64184.36,333484.89701822
1785905100000,64184.36,64189.62,64122.22,64176.44,226171.48479985
1785906000000,64176.44,64326.89,64167.15,64318.29,563923.82794691
1785906900000,64318.29,64531.49,64308.1,64430.0,645368.94900402
1785907800000,64430.0,64433.89,64343.12,64360.14,1596739.08899703
1785908700000,64360.14,64370.0,64310.36,64332.01,1189753.78251343
1785909600000,64332.01,64360.0,64310.81,64323.44,436272.53306682
1785910500000,64323.44,64339.99,64284.92,64310.69,1501097.10843248
1785911400000,64310.69,64370.0,64291.03,64296.37,725214.54509541
1785912300000,64296.37,64296.37,64235.98,64254.24,690955.6115497
1785913200000,64254.24,64275.0,64170.0,64190.0,1110758.26788666
1785914100000,64190.0,64190.0,64055.0,64077.63,1014189.21198872
1785915000000,64077.63,64088.45,63998.15,64010.52,1157185.3870811
1785915900000,64010.52,64169.99,64010.51,64164.87,1738789.08618811
1785916800000,64164.87,64256.95,64141.77,64206.01,1071209.61522492
1785917700000,64206.01,64274.48,64164.14,64273.04,538970.93013071
1785918600000,64273.04,64280.0,64130.01,64130.01,729886.38414278
1785919500000,64130.01,64164.5,64095.01,64120.0,614011.54867298
1785920400000,64120.0,64169.53,64103.0,64130.48,3738203.48973485
1785921300000,64130.48,64191.29,64125.0,64158.9,1101207.67266865
1785922200000,64158.9,64213.04,64158.9,64175.0,402520.97091694
1785923100000,64175.0,64190.81,64154.49,64155.01,715196.46474946
1785924000000,64155.01,64192.73,64120.0,64155.0,678906.14477233
1785924900000,64155.0,64240.0,64082.0,64210.37,634290.6001043
1785925800000,64210.37,64235.0,64180.0,64195.53,725066.83261463
1785926700000,64195.53,64209.16,64020.01,64065.01,964399.48289599
1785927600000,64065.01,64115.0,64062.23,64090.0,677057.26210401
1785928500000,64090.0,64095.16,64042.83,64074.55,1486520.66889467
1785929400000,64074.55,64150.0,64061.24,64102.78,494940.40161383
1785930300000,64102.78,64105.0,64060.58,64076.34,918568.71464681
1785931200000,64076.34,64245.35,64043.01,64207.58,2149028.78821814
1785932100000,64207.58,64590.41,64190.51,64517.27,4948554.28750342
1785933000000,64517.27,64545.0,64392.98,64470.01,1137123.76481352
1785933900000,64470.01,64470.01,64328.01,64331.0,1091334.94996358
1785934800000,64331.0,64339.6,64105.0,64140.78,1234667.20877769
1785935700000,64140.78,64215.0,64120.01,64145.0,1047617.02379481
1785936600000,64145.0,64294.81,63880.77,64178.77,3813645.9873019
1785937500000,64178.77,64410.53,64040.0,64410.53,3241339.57748541
1785938400000,64410.53,64527.53,64310.0,64473.44,1934583.71839084
1785939300000,64473.44,64574.04,64315.01,64355.55,2088093.42908648
1785940200000,64355.55,64460.95,64295.01,64414.76,2168192.57396932
1785941100000,64414.76,64534.99,64320.0,64475.01,2449884.19608715
1785942000000,64475.01,64744.2,64446.01,64625.38,3196984.85736044
1785942900000,64625.38,64634.05,64451.45,64500.01,2981377.26387447
1785943800000,64500.01,64720.0,64500.0,64555.01,1747249.96785978
1785944700000,64555.01,64555.01,64385.0,64385.01,1434771.81220457
1785945600000,64385.01,64605.13,64385.0,64605.13,1504121.15841892
1785946500000,64605.13,64760.0,64571.13,64747.45,1943169.84480176
1785947400000,64747.45,64754.22,64655.0,64685.23,1624359.08466896
1785948300000,64685.23,64685.23,64615.01,64659.85,1183876.08073887
1785949200000,64659.85,64694.99,64587.49,64591.0,1221945.01337809
1785950100000,64591.0,64615.0,64540.48,64602.18,883200.80941452
1785951000000,64602.18,64749.99,64585.0,64699.52,1813654.84325635
1785951900000,64699.52,64802.93,64671.54,64765.86,1681195.22465902
1785952800000,64765.86,64804.99,64670.0,64798.89,2053333.73543162
1785953700000,64798.89,64810.0,64680.01,64729.41,2552059.63804636
1785954600000,64729.41,64800.47,64679.48,64800.47,752568.91042834
1785955500000,64800.47,64842.79,64756.0,64796.7,1002884.54795544
1785956400000,64796.7,64909.09,64780.01,64885.01,1515660.12583443
1785957300000,64885.01,64928.91,64865.0,64910.48,1281982.29548183
1785958200000,64910.48,64924.7,64859.86,64900.0,1592261.20672195
1785959100000,64900.0,64931.81,64834.0,64837.83,1664792.06694427
1785960000000,64837.83,64917.68,64805.0,64917.68,1496460.38492374
1785960900000,64917.68,65025.0,64870.19,64981.09,4203725.18855602
1785961800000,64981.09,64990.0,64935.01,64978.84,908987.25633971
1785962700000,64978.84,64986.99,64825.0,64829.11,515046.00732429
1785963600000,64829.11,64829.12,64705.01,64775.11,1330810.08503917
1785964500000,64775.11,64782.34,64655.0,64666.81,1063393.22446844
1785965400000,64666.81,64745.0,64665.01,64719.99,529572.58869242
1785966300000,64719.99,64755.0,64674.15,64730.01,475485.4736749
1785967200000,64730.01,64760.0,64646.16,64680.01,661629.60852529
1785968100000,64680.01,64725.0,64675.8,64725.0,579115.42211282
1785969000000,64725.0,64780.0,64680.0,64692.79,389739.30480648
1785969900000,64692.79,64710.0,64625.01,64635.94,336983.22045612
1785970800000,64635.94,64686.35,64575.01,64675.69,789415.56424744
1785971700000,64675.69,64744.99,64625.72,64691.86,667951.17934001
1785972600000,64691.86,64702.17,64661.0,64661.0,670000.78787799
1785973500000,64661.0,64667.61,64568.62,64658.38,1148241.81211718
1785974400000,64658.38,64669.97,64595.0,64598.01,994995.55857757
1785975300000,64598.01,64705.0,64565.01,64680.0,243074.97007532
1785976200000,64680.0,64722.69,64645.0,64645.01,241324.70398525
1785977100000,64645.01,64689.99,64621.01,64646.0,244423.76766977
1785978000000,64646.0,64646.0,64580.68,64600.0,778129.28409859
1785978900000,64600.0,64610.0,64516.77,64516.77,200547.76635057
1785979800000,64516.77,64609.7,64491.4,64566.93,345010.07669412
1785980700000,64566.93,64655.0,64566.71,64586.01,279872.53377903
1785981600000,64586.01,64645.0,64537.2,64565.0,511172.38195727
1785982500000,64565.0,64575.63,64441.74,64523.29,2193701.12168078
1785983400000,64523.29,64575.0,64480.01,64575.0,421890.10307296
1785984300000,64575.0,64595.0,64541.8,64579.36,489227.94640594
1785985200000,64579.36,64579.36,64521.96,64570.05,302896.36612386
1785986100000,64570.05,64570.05,64510.59,64540.0,199208.2890637
1785987000000,64540.0,64582.14,64502.92,64502.93,788363.85835598
1785987900000,64502.93,64539.68,64495.01,64531.26,344686.74461374
1785988800000,64531.26,64586.28,64494.34,64581.93,347477.52272833
1785989700000,64581.93,64695.0,64581.92,64693.91,505768.04639692
1785990600000,64693.91,64730.0,64650.0,64652.29,862428.76454332
1785991500000,64652.29,64732.74,64631.03,64728.77,695683.87855277
1785992400000,64728.77,64993.1,64728.77,64912.24,1476913.79855508
1785993300000,64912.24,64995.0,64886.98,64886.98,903936.53066502
1785994200000,64886.98,64930.01,64852.01,64899.99,2278443.37381232
1785995100000,64899.99,64908.61,64860.0,64900.0,1465547.58161366
1785996000000,64900.0,64900.0,64778.0,64778.01,858330.29972532
1785996900000,64778.01,64830.0,64745.0,64829.98,928963.3515291
1785997800000,64829.98,64855.0,64812.61,64836.11,1205530.59151998
1785998700000,64836.11,64853.14,64815.0,64853.14,207192.52741787
1785999600000,64853.14,64943.95,64822.12,64943.95,727371.98996801
1786000500000,64943.95,64965.0,64890.01,64900.01,1966276.41198028
1786001400000,64900.01,64905.0,64777.4,64814.77,1373823.57083459
1786002300000,64814.77,64840.0,64784.92,64815.28,1940619.34628774
1786003200000,64815.28,64853.13,64765.69,64769.5,744805.48564559
1786004100000,64769.5,64895.0,64756.02,64895.0,1999853.33083049
1786005000000,64895.0,64920.0,64868.97,64884.09,238638.54742107
1786005900000,64884.09,64995.58,64853.17,64954.48,2048112.29836173
1786006800000,64954.48,64954.48,64750.0,64769.99,1017051.29771695
1786007700000,64769.99,64840.0,64725.0,64728.61,2376476.9814228
1786008600000,64728.61,64728.62,64636.36,64667.13,2052535.38218001
1786009500000,64667.13,64699.99,64636.7,64683.17,1942671.17809555
1786010400000,64683.17,64685.0,64595.0,64600.0,606769.58014884
1786011300000,64600.0,64685.0,64586.97,64682.85,1932748.35758828
1786012200000,64682.85,64682.85,64630.0,64630.0,568619.32949287
1786013100000,64630.0,64645.0,64605.01,64616.64,1519564.42799957
1786014000000,64616.64,64623.34,64505.01,64574.5,749118.0749775
1786014900000,64574.5,64645.0,64574.5,64590.01,1752780.17307315
1786015800000,64590.01,64659.26,64585.0,64645.32,308691.56228088
1786016700000,64645.32,64654.24,64585.0,64620.7,1507497.69458106
1786017600000,64620.7,64636.86,64472.0,64485.01,588987.13539297
1786018500000,64485.01,64546.47,64451.93,64546.46,496372.77045345
1786019400000,64546.46,64594.82,64510.01,64530.01,558521.16152819
1786020300000,64530.01,64535.0,64387.95,64425.0,761290.62911953
1786021200000,64425.0,64439.99,64208.98,64253.69,1638832.01736786
1786022100000,64253.69,64298.39,64172.01,64244.99,2595681.77634009
1786023000000,64244.99,64436.0,64175.02,64402.32,2233961.98485987
1786023900000,64402.32,64533.33,64385.0,64440.0,2430209.57286477
1786024800000,64440.0,64558.17,64385.0,64471.27,2270885.52705871
1786025700000,64471.27,64577.46,64420.0,64430.01,2164119.87131851
1786026600000,64430.01,64828.78,64360.67,64810.03,2789576.11657769
1786027500000,64810.03,64845.12,64680.74,64776.94,1030715.45440184
1786028400000,64776.94,64982.85,64765.47,64852.34,1440690.34802056
1786029300000,64852.34,64893.66,64707.01,64825.42,1566746.85055588
1786030200000,64825.42,64870.0,64707.97,64755.01,840260.79296682
1786031100000,64755.01,64865.29,64625.0,64634.68,956150.7537211
1786032000000,64634.68,64715.0,64600.17,64640.0,970880.16136137
1786032900000,64640.0,64689.99,64596.0,64651.0,705314.0193112
1786033800000,64651.0,64759.64,64620.0,64719.02,642504.20579864
1786034700000,64719.02,64773.95,64665.0,64757.95,492355.97690029
1786035600000,64757.95,64834.99,64721.0,64721.0,649677.53259455
1786036500000,64721.0,64741.45,64675.46,64690.01,377024.87606785
1786037400000,64690.01,64714.99,64547.01,64595.0,778974.75424787
1786038300000,64595.0,64650.0,64583.41,64620.39,439283.86650649
1786039200000,64620.39,64620.39,64476.01,64539.99,756739.10690051
1786040100000,64539.99,64595.0,64505.13,64517.51,627014.19475398
1786041000000,64517.51,64518.96,64412.25,64419.05,600490.15318665
1786041900000,64419.05,64448.97,64380.01,64421.01,275131.16251716
1786042800000,64421.01,64460.0,64417.94,64440.01,351939.61870509
1786043700000,64440.01,64457.95,64390.01,64401.52,475737.74817849
1786044600000,64401.52,64450.0,64365.01,64424.67,277448.29675536
1786045500000,64424.67,64474.99,64396.0,64450.4,371386.10269925
1786046400000,64450.4,64536.33,64446.79,64526.49,354920.75866669
1786047300000,64526.49,64526.49,64442.01,64485.0,382325.59256092
1786048200000,64485.0,64485.0,64463.85,64465.01,178065.52121152
1786049100000,64465.01,64475.0,64440.0,64440.01,107481.22134603
1786050000000,64440.01,64500.0,64440.0,64485.0,519370.45116297
1786050900000,64485.0,64515.0,64451.92,64451.93,282162.00923574
1786051800000,64451.93,64484.99,64401.51,64455.01,737879.11530039
1786052700000,64455.01,64479.99,64435.0,64439.29,237110.34827805
1786053600000,64439.29,64448.96,64385.05,64436.11,364836.97884585
1786054500000,64436.11,64436.11,64327.8,64360.54,175793.56005349
1786055400000,64360.54,64385.0,64337.14,64337.15,206065.89376509
1786056300000,64337.15,64370.0,64337.15,64351.07,175233.78409053
1786057200000,64351.07,64363.89,64335.0,64340.01,307083.78363772
1786058100000,64340.01,64340.42,64225.36,64248.86,412342.52891013
1786059000000,64248.86,64255.0,64207.61,64222.92,562187.37523939
1786059900000,64222.92,64330.0,64200.32,64324.28,289120.67702897
1786060800000,64324.28,64415.0,64285.83,64294.86,555894.02861083
1786061700000,64294.86,64315.0,64229.58,64271.66,566502.78523652
1786062600000,64271.66,64340.0,64241.0,64324.0,439884.61973707
1786063500000,64324.0,64340.0,64265.0,64320.0,490661.80992986
1786064400000,64320.0,64449.7,64320.0,64364.7,396684.23362174
1786065300000,64364.7,64436.38,64315.51,64430.66,551996.44507802
1786066200000,64430.66,64479.72,64300.01,64379.89,606675.35621863
1786067100000,64379.89,64450.0,64379.89,64424.65,486507.47871362
1786068000000,64424.65,64435.0,64256.01,64398.47,584705.28208253
1786068900000,64398.47,64547.04,64310.44,64321.45,2195504.4359748
1786069800000,64321.45,64420.0,64282.0,64413.01,806901.53258385
1786070700000,64413.01,64473.23,64396.32,64396.33,487874.90967209
1786071600000,64396.33,64404.39,64320.0,64338.12,600732.22829668
1786072500000,64338.12,64345.0,64266.67,64320.01,510800.53606303
1786073400000,64320.01,64374.4,64310.2,64339.22,675188.71634816
1786074300000,64339.22,64367.77,64276.0,64289.08,665361.61114531
1786075200000,64289.08,64323.04,64250.01,64310.8,823506.75488476
1786076100000,64310.8,64362.03,64290.0,64303.42,730988.90732247
1786077000000,64303.42,64359.72,64260.0,64260.01,498177.92270909
1786077900000,64260.01,64260.01,64157.04,64249.99,2328764.24471386
1786078800000,64249.99,64259.6,64187.48,64252.3,1159176.21541971
1786079700000,64252.3,64252.31,64173.0,64176.76,754712.38645656
1786080600000,64176.76,64275.0,64176.75,64275.0,315918.47755454
1786081500000,64275.0,64390.0,64259.35,64337.61,668507.13667647
1786082400000,64337.61,64414.67,64317.34,64414.67,724606.68871696
1786083300000,64414.67,64460.0,64385.01,64416.01,1045898.35684511
1786084200000,64416.01,64425.68,64342.5,64357.1,653188.71043816
1786085100000,64357.1,64371.41,64282.38,64305.01,1608313.8245179
1786086000000,64305.01,64369.31,64260.0,64340.0,749255.58604402
1786086900000,64340.0,64429.99,64336.01,64405.01,1726805.71984071
1786087800000,64405.01,64416.38,64370.0,64370.0,600440.10380853
1786088700000,64370.0,64374.62,64301.51,64314.28,3137586.38997573
1786089600000,64314.28,64379.99,64300.0,64372.0,4193930.43290094
1786090500000,64372.0,64454.49,64372.0,64449.0,617258.81610039
1786091400000,64449.0,64672.14,64449.0,64635.0,1752220.45694557
1786092300000,64635.0,64635.0,64575.0,64598.69,663058.28284807
1786093200000,64598.69,64767.11,64598.69,64729.99,973944.56312924
1786094100000,64729.99,64871.2,64729.99,64828.74,1560465.86981769
1786095000000,64828.74,64955.0,64805.0,64895.0,1246012.16742088
1786095900000,64895.0,64904.99,64815.01,64829.99,524660.90426359
1786096800000,64829.99,64865.0,64795.46,64844.77,814623.63122525
1786097700000,64844.77,64886.0,64796.64,64886.0,570841.24929859
1786098600000,64886.0,64910.0,64845.01,64855.03,842333.07870074
1786099500000,64855.03,64908.55,64855.02,64888.07,391897.24083532
1786100400000,64888.07,64972.18,64888.07,64956.74,1476239.25914105
1786101300000,64956.74,65203.64,64925.0,65077.59,2959645.3693019
1786102200000,65077.59,65090.0,65003.14,65018.0,1212070.3077432
1786103100000,65018.0,65040.0,64992.7,65016.91,412863.81020901
1786104000000,65016.91,65272.58,65016.9,65204.98,2112615.42248344
1786104900000,65204.98,65225.0,65042.0,65117.37,2246493.67191158
1786105800000,65117.37,65360.22,64972.97,65147.54,9343344.55215215
1786106700000,65147.54,65380.84,65147.54,65281.0,3494720.98467653
1786107600000,65281.0,65319.8,65178.57,65214.67,2632920.13175729
1786108500000,65214.67,65269.98,65109.71,65154.04,2492578.4480515
1786109400000,65154.04,65319.79,65100.0,65295.42,3391186.91060555
1786110300000,65295.42,65325.0,64980.44,65004.99,3298075.92094728
1786111200000,65004.99,65034.76,64785.71,64831.66,3272578.17707906
1786112100000,64831.66,65229.99,64796.25,65183.34,1572337.39980426
1786113000000,65183.34,65270.63,65085.01,65094.89,1324668.44324749
1786113900000,65094.89,65149.71,64946.0,64950.66,1342409.06918361
1786114800000,64950.66,65037.9,64890.0,64959.1,1107077.41386887
1786115700000,64959.1,65064.99,64930.0,65023.27,689173.91557774
1786116600000,65023.27,65130.0,64985.05,65018.0,689767.42425644
1786117500000,65018.0,65020.0,64905.0,64909.02,472438.88281725
1786118400000,64909.02,65069.99,64909.02,65045.0,804389.08738046
1786119300000,65045.0,65047.1,64890.43,64927.13,1113043.15458545
1786120200000,64927.13,64965.0,64866.67,64948.18,669814.75094952
1786121100000,64948.18,64948.19,64811.23,64811.23,493617.19499043
1786122000000,64811.23,64825.0,64693.33,64697.54,3179334.70857086
1786122900000,64697.54,64730.0,64581.17,64599.99,959133.09581058
1786123800000,64599.99,64689.31,64525.01,64678.82,1674292.45334222
1786124700000,64678.82,64765.0,64662.0,64765.0,737558.30431654
1786125600000,64765.0,64880.0,64764.99,64850.01,738847.84748735
1786126500000,64850.01,64865.68,64795.01,64810.0,617751.63870507
1786127400000,64810.0,64839.22,64726.07,64726.07,896130.38388828
1786128300000,64726.07,64750.0,64680.0,64737.06,954800.82624413
1786129200000,64737.06,64870.0,64737.06,64837.35,848025.79667187
1786130100000,64837.35,64987.18,64837.34,64940.01,890389.34783818
1786131000000,64940.01,65025.0,64935.01,64970.54,1285278.63766254
1786131900000,64970.54,65004.74,64945.88,64957.01,557584.7828281
1786132800000,64957.01,65040.0,64955.01,64985.01,767226.25808105
1786133700000,64985.01,65000.0,64956.0,64980.0,328797.27914709
1786134600000,64980.0,64980.01,64947.9,64959.99,159405.05965171
1786135500000,64959.99,64978.26,64959.99,64972.25,124943.5076891
1786136400000,64972.25,65018.37,64972.25,65000.0,221108.25122941
1786137300000,65000.0,65014.39,64951.71,64997.96,571160.60164702
1786138200000,64997.96,65107.45,64997.95,65029.73,494883.93842306
1786139100000,65029.73,65035.0,64930.01,64930.01,310630.83034279
1786140000000,64930.01,64930.01,64900.0,64928.98,342613.89509832
1786140900000,64928.98,64945.0,64909.78,64922.48,188570.84796802
1786141800000,64922.48,64922.49,64843.05,64869.42,569367.67359103
1786142700000,64869.42,64918.8,64869.42,64887.66,384183.0749563
1786143600000,64887.66,64887.67,64886.85,64886.86,137664.25863897
1786144500000,64886.86,64887.7,64877.4,64887.7,36930.4135108
1786145400000,64887.7,64896.02,64887.69,64896.02,28243.20512371
1786146300000,64896.02,64920.0,64896.02,64920.0,83871.18071247
1786147200000,64920.0,64952.98,64900.0,64900.01,431722.30925877
1786148100000,64900.01,64900.01,64820.0,64874.99,354145.9918938
1786149000000,64874.99,64899.65,64870.0,64899.65,345554.2133686
1786149900000,64899.65,64919.99,64899.65,64919.99,74437.33378317
1786150800000,64919.99,64955.0,64906.61,64947.19,829807.56875899
1786151700000,64947.19,64950.0,64910.0,64910.01,270899.30584078
1786152600000,64910.01,64930.33,64910.0,64928.99,70739.60513911
1786153500000,64928.99,64928.99,64910.0,64910.7,81283.03814688
1786154400000,64910.7,64910.7,64893.69,64904.99,134576.61970048
1786155300000,64904.99,64925.0,64893.76,64925.0,126298.21944299
1786156200000,64925.0,64955.0,64915.0,64921.97,541772.24845942
1786157100000,64921.97,64923.93,64916.06,64917.72,48646.81798723
1786158000000,64917.72,64935.0,64915.0,64932.04,200693.84471098
1786158900000,64932.04,65042.94,64932.03,65021.83,344704.04892336
1786159800000,65021.83,65069.99,65003.71,65011.43,305464.09773565
1786160700000,65011.43,65030.0,64995.01,65030.0,112979.02580625
1786161600000,65030.0,65064.99,64970.0,64978.97,465752.59877893
1786162500000,64978.97,65000.0,64972.61,65000.0,126617.23145678
1786163400000,65000.0,65060.0,64992.63,65035.35,392742.19983551
1786164300000,65035.35,65039.0,65000.01,65006.11,573499.58230654
1786165200000,65006.11,65014.99,64995.0,64995.01,108044.1265789
1786166100000,64995.01,65019.89,64995.0,65018.77,51396.30318742
1786167000000,65018.77,65019.1,65010.86,65018.66,123336.61014632
1786167900000,65018.66,65018.67,64977.0,64994.12,263313.88779092
1786168800000,64994.12,65000.0,64978.05,64978.79,218039.46346762
1786169700000,64978.79,64990.0,64970.0,64970.6,391263.03806897
1786170600000,64970.6,64985.0,64965.0,64985.0,295741.42753611
1786171500000,64985.0,65014.76,64985.0,65008.29,99157.2750618
1786172400000,65008.29,65008.3,64998.87,64998.88,77190.90144474
1786173300000,64998.88,65001.53,64995.56,65001.53,136848.06046187
1786174200000,65001.53,65013.58,64951.01,64954.1,1122909.66316637
1786175100000,64954.1,64974.09,64945.05,64966.17,655512.06202891
1786176000000,64966.17,64970.0,64950.01,64970.0,531201.26615037
1786176900000,64970.0,64984.09,64968.44,64984.08,1090921.93090936
1786177800000,64984.08,65023.12,64979.59,65021.63,841338.12086616
1786178700000,65021.63,65021.64,64990.0,64990.63,280844.66157897
1786179600000,64990.63,65001.7,64990.63,64999.84,77699.89602158
1786180500000,64999.84,65020.58,64999.83,65016.38,911204.72037635
1786181400000,65016.38,65054.99,65003.02,65009.08,1510495.79371029
1786182300000,65009.08,65013.05,64993.0,64993.01,461993.10171178
1786183200000,64993.01,65005.0,64982.8,65003.41,1354771.70060681
1786184100000,65003.41,65036.18,64994.93,65033.01,703720.15249225
1786185000000,65033.01,65033.01,65010.0,65010.01,694233.71338478
1786185900000,65010.01,65018.24,65009.25,65009.26,973662.28259438
1786186800000,65009.26,65022.3,65005.01,65011.52,873848.9494521
1786187700000,65011.52,65011.52,64979.0,64979.01,214578.15216176
1786188600000,64979.01,64979.01,64967.34,64972.5,800767.81203216
1786189500000,64972.5,64972.5,64965.0,64971.5,97632.61557076
1786190400000,64971.5,65010.0,64925.0,65010.0,1320257.25155814
1786191300000,65010.0,65054.99,64972.45,64977.04,1029370.98926525
1786192200000,64977.04,65022.87,64977.03,65010.0,196198.23916654
1786193100000,65010.0,65022.87,65007.0,65007.01,713915.75997011
1786194000000,65007.01,65019.6,65005.0,65005.06,116428.11327427
1786194900000,65005.06,65020.73,65005.06,65020.73,115834.3855263
1786195800000,65020.73,65020.73,65003.0,65003.0,59719.48877009
1786196700000,65003.0,65015.0,64999.0,65014.99,136561.58206613
1786197600000,65014.99,65059.46,65014.99,65059.46,383901.57214882
1786198500000,65059.46,65145.0,65046.27,65135.81,700486.54983888
1786199400000,65135.81,65190.39,65114.47,65114.47,1294355.13302061
1786200300000,65114.47,65175.0,65114.47,65130.01,309379.89186524
1786201200000,65130.01,65154.59,65100.0,65104.79,126455.68511358
1786202100000,65104.79,65104.8,65080.0,65092.8,90683.13334724
1786203000000,65092.8,65092.81,65060.0,65060.01,93909.0127377
1786203900000,65060.01,65094.48,65060.0,65081.06,72653.75850553
1786204800000,65081.06,65115.0,65081.05,65085.01,119562.77199489
1786205700000,65085.01,65086.59,65077.0,65077.0,109235.59565159
1786206600000,65077.0,65077.0,65040.0,65062.24,160298.54665153
1786207500000,65062.24,65084.49,65062.23,65084.22,320867.4523232
1786208400000,65084.22,65135.0,65080.0,65123.43,170996.94861599
1786209300000,65123.43,65123.44,65106.24,65110.9,58123.24881751
1786210200000,65110.9,65150.0,65110.89,65125.01,229741.42067951
1786211100000,65125.01,65125.05,65115.0,65115.44,73595.37292781
1786212000000,65115.44,65122.46,65105.0,65105.0,39510.02277386
1786212900000,65105.0,65105.01,65030.0,65043.39,273435.60963348
1786213800000,65043.39,65063.4,65042.0,65053.62,269610.73392887
1786214700000,65053.62,65053.63,65023.08,65040.0,737007.50705358
1786215600000,65040.0,65045.0,65005.01,65020.0,760109.65006773
1786216500000,65020.0,65020.53,65015.14,65018.47,88205.55648053
1786217400000,65018.47,65040.0,65017.01,65040.0,126808.03693761
1786218300000,65040.0,65094.54,65030.77,65075.01,254124.22480816
1786219200000,65075.01,65076.15,65068.54,65073.34,63892.27136659
1786220100000,65073.34,65080.98,65058.35,65059.02,234278.25998556
1786221000000,65059.02,65080.0,65059.01,65074.21,185201.21063043
1786221900000,65074.21,65089.96,65065.02,65076.89,625110.80251831
1786222800000,65076.89,65076.9,65047.0,65047.01,245954.4602888
1786223700000,65047.01,65055.0,65036.07,65036.08,617201.32528764
1786224600000,65036.08,65055.0,65015.98,65055.0,2662038.26329714
1786225500000,65055.0,65055.0,64999.0,65010.0,316718.06829682
1786226400000,65010.0,65035.0,64998.02,64998.03,953324.38326412
1786227300000,64998.03,65005.0,64992.44,64996.7,266111.55439305
1786228200000,64996.7,64996.7,64975.0,64975.01,490990.62515481
1786229100000,64975.01,64975.01,64945.0,64945.0,202678.68275706
1786230000000,64945.0,64945.01,64940.0,64940.01,62265.60999263
1786230900000,64940.01,64970.0,64940.0,64942.3,300259.393238
1786231800000,64942.3,64975.0,64939.57,64974.08,68239.27207906
1786232700000,64974.08,64974.09,64955.01,64956.01,201808.43354671
1786233600000,64956.01,64965.53,64955.98,64965.53,124959.13027706
1786234500000,64965.53,64970.0,64961.76,64967.77,46157.24748893
1786235400000,64967.77,64985.0,64967.76,64975.01,254078.85973137
1786236300000,64975.01,64980.0,64963.59,64980.0,278012.26673681
1786237200000,64980.0,65003.7,64975.6,64983.38,212121.28705967
1786238100000,64983.38,64983.38,64858.01,64864.5,835336.41825784
1786239000000,64864.5,64889.76,64855.71,64888.18,136544.59702464
1786239900000,64888.18,64890.0,64850.01,64870.47,437317.50668016
1786240800000,64870.47,64870.48,64815.0,64859.99,444027.31809438
1786241700000,64859.99,64859.99,64835.0,64847.32,83623.50724756
1786242600000,64847.32,64847.33,64776.37,64776.37,143221.92435352
1786243500000,64776.37,64824.69,64776.01,64824.68,204873.36743086
1786244400000,64824.68,64824.69,64732.0,64732.0,238336.5710115
1786245300000,64732.0,64784.99,64730.0,64778.92,388005.84386947
1786246200000,64778.92,64805.0,64775.0,64805.0,231423.10742772
1786247100000,64805.0,64805.0,64790.0,64790.01,129015.17709334
1786248000000,64790.01,64820.0,64790.0,64820.0,831400.22321841
1786248900000,64820.0,64830.0,64810.99,64830.0,132846.36560321
1786249800000,64830.0,64830.0,64810.0,64810.0,80377.84628545
1786250700000,64810.0,64810.01,64789.21,64789.22,167952.33249477
1786251600000,64789.22,64789.22,64789.0,64789.01,8531.70035774
1786252500000,64789.01,64794.69,64789.0,64789.05,474101.98998239
1786253400000,64789.05,64789.05,64785.0,64785.01,61135.08059772
1786254300000,64785.01,64799.34,64775.0,64799.33,739349.05854534
1786255200000,64799.33,64813.46,64799.33,64813.46,94369.24650634
1786256100000,64813.46,64847.39,64813.45,64842.56,815011.26443799
1786257000000,64842.56,64860.0,64842.56,64860.0,53035.57488725
1786257900000,64860.0,64864.42,64850.83,64850.84,769782.07290151
1786258800000,64850.84,64854.89,64850.0,64854.88,265114.87862396
1786259700000,64854.88,64854.89,64841.27,64844.89,997444.284368
1786260600000,64844.89,64844.89,64828.28,64834.67,1884415.33939813
1786261500000,64834.67,64842.17,64824.36,64827.7,1505220.5696503
1786262400000,64827.7,64938.84,64827.7,64921.14,1663068.38681944
1786263300000,64921.14,64934.79,64887.83,64887.83,1071364.29180543
1786264200000,64887.83,64900.0,64783.49,64791.44,490891.51406918
1786265100000,64791.44,64822.68,64791.44,64819.04,514118.84383272
1786266000000,64819.04,64830.0,64819.04,64826.39,159508.10469389
1786266900000,64826.39,64828.72,64811.0,64811.01,75702.89361749
1786267800000,64811.01,64819.42,64811.0,64818.49,96330.27609355
1786268700000,64818.49,64880.0,64813.23,64879.99,213839.81610626
1786269600000,64879.99,64954.85,64879.99,64954.84,125997.42484203
1786270500000,64954.84,64979.99,64945.0,64964.12,221716.34610717
1786271400000,64964.12,64975.0,64943.67,64943.67,309378.44109236
1786272300000,64943.67,64975.0,64943.67,64960.01,156525.20312979
1786273200000,64960.01,64984.99,64960.0,64977.91,144631.61729768
1786274100000,64977.91,64977.91,64974.83,64975.38,59510.29763775
1786275000000,64975.38,64995.0,64975.37,64990.23,73674.23430784
1786275900000,64990.23,65000.0,64950.0,64950.0,595687.04228918
1786276800000,64950.0,64950.01,64919.67,64940.0,238543.07152117
1786277700000,64940.0,64945.0,64939.99,64945.0,52196.51724094
1786278600000,64945.0,64945.0,64941.21,64941.21,34192.41052442
1786279500000,64941.21,64955.0,64941.21,64954.99,101747.05970477
1786280400000,64954.99,65040.0,64954.99,65020.0,2663230.91258617
1786281300000,65020.0,65095.0,65020.0,65090.2,383058.96614423
1786282200000,65090.2,65282.37,65090.2,65225.2,1717750.41848482
1786283100000,65225.2,65227.46,65197.03,65221.12,293054.65708585
1786284000000,65221.12,65243.39,65197.9,65240.0,351397.41349476
1786284900000,65240.0,65240.0,65165.0,65189.98,436396.70033841
1786285800000,65189.98,65225.0,65150.0,65170.0,428834.95649587
1786286700000,65170.0,65299.31,65169.99,65263.37,610019.11412671
1786287600000,65263.37,65266.54,65210.0,65245.93,876114.82146101
1786288500000,65245.93,65245.93,65230.0,65233.32,468901.56770454
1786289400000,65233.32,65239.06,65226.0,65226.0,217837.59634982
1786290300000,65226.0,65239.11,65225.39,65232.78,174180.675057
1786291200000,65232.78,65263.09,65219.64,65235.01,592781.70754495
1786292100000,65235.01,65244.15,65185.0,65199.99,262224.77780974
1786293000000,65199.99,65260.0,65199.99,65255.77,427979.36318835
1786293900000,65255.77,65256.77,65235.0,65235.01,56578.14408463
1786294800000,65235.01,65235.01,65222.52,65222.52,26638.57839555
1786295700000,65222.52,65235.0,65220.0,65235.0,59232.47934858
1786296600000,65235.0,65235.0,65226.59,65229.25,112164.99167489
1786297500000,65229.25,65229.25,65196.95,65196.96,150889.03734545
1786298400000,65196.96,65226.35,65196.95,65208.1,713310.86837819
1786299300000,65208.1,65217.86,65191.48,65217.85,285511.34734312
1786300200000,65217.85,65223.63,65209.7,65219.79,540732.55176704
1786301100000,65219.79,65219.8,65195.01,65195.01,142522.51866272
1786302000000,65195.01,65197.97,65189.0,65197.43,101336.33281831
1786302900000,65197.43,65210.0,65197.43,65210.0,30597.54270983
1786303800000,65210.0,65210.0,65200.0,65200.01,96383.15523192
1786304700000,65200.01,65200.01,65177.15,65182.63,291804.55395932
1786305600000,65182.63,65190.1,65071.11,65074.01,525906.64069353
1786306500000,65074.01,65150.0,65074.0,65127.05,452400.33206073
1786307400000,65127.05,65164.99,65127.04,65140.62,260795.30167074
1786308300000,65140.62,65140.62,65125.0,65138.71,75274.76241608
1786309200000,65138.71,65138.72,65125.5,65127.76,263087.988081
1786310100000,65127.76,65145.0,65121.0,65141.21,262430.63379267
1786311000000,65141.21,65250.0,65141.2,65226.04,878616.42419158
1786311900000,65226.04,65227.03,65185.0,65194.82,179901.64734314
1786312800000,65194.82,65487.59,65194.82,65407.76,3834152.47045748
1786313700000,65407.76,65439.99,65214.04,65230.14,933785.58462037
1786314600000,65230.14,65249.9,64985.0,65035.0,1558742.37632253
1786315500000,65035.0,65100.0,64972.97,65080.0,485087.06403922
1786316400000,65080.0,65108.08,64986.2,65020.01,710971.27756294
1786317300000,65020.01,65050.0,64900.0,64916.1,584547.31519368
1786318200000,64916.1,64940.0,64850.01,64898.94,2257092.35514275
1786319100000,64898.94,64927.46,64840.01,64898.06,821041.61618724
1786320000000,64898.06,65329.22,64847.32,65145.0,2843307.50636457
1786320900000,65145.0,65169.99,64980.01,65005.0,1056119.43077996
1786321800000,65005.0,65045.0,64825.0,64839.99,1278163.21394828
1786322700000,64839.99,65040.84,64839.99,64969.96,874340.04388828
1786323600000,64969.96,65030.0,64901.41,65000.0,844733.73762512
1786324500000,65000.0,65070.0,65000.0,65006.0,435514.6224518
1786325400000,65006.0,65010.0,64900.0,64970.0,692066.58383973
1786326300000,64970.0,65390.0,64970.0,65191.84,1648918.61422612
1786327200000,65191.84,65205.0,65080.0,65105.35,627549.98904799
1786328100000,65105.35,65105.35,64906.77,64962.02,900606.31995552
1786329000000,64962.02,65224.99,64962.01,65205.0,605933.43824262
1786329900000,65205.0,65205.0,65085.0,65105.0,306074.86261454
1786330800000,65105.0,65109.86,64965.0,64965.0,592387.17706933
1786331700000,64965.0,65173.36,64906.77,65030.0,901538.56989046
1786332600000,65030.0,65095.0,65002.35,65025.0,1167722.47704231
1786333500000,65025.0,65058.95,64956.96,64981.97,292849.90007964
1786334400000,64981.97,65075.0,64960.01,65074.99,951883.59457434
1786335300000,65074.99,65105.0,65033.0,65033.01,370545.98023162
1786336200000,65033.01,65040.0,64925.01,65009.7,631927.30274901
1786337100000,65009.7,65055.0,64985.0,65009.99,490970.56952269
1786338000000,65009.99,65059.0,64985.0,64990.11,309553.07597116
1786338900000,64990.11,65068.61,64990.11,65045.04,475871.95743967
1786339800000,65045.04,65090.0,65030.0,65084.06,489477.42395276
1786340700000,65084.06,65160.0,65055.01,65141.19,625162.21173649
1786341600000,65141.19,65281.69,65135.01,65202.21,808814.54750216
1786342500000,65202.21,65234.99,65146.42,65164.17,584399.27078961
1786343400000,65164.17,65243.93,65164.17,65238.93,966121.65094127
1786344300000,65238.93,65334.99,65235.4,65296.1,514931.92582423
1786345200000,65296.1,65314.29,65260.0,65265.01,670323.10283967
1786346100000,65265.01,65325.0,65236.84,65324.99,638766.29041712
1786347000000,65324.99,65368.94,65308.02,65327.59,1456943.3175397
1786347900000,65327.59,65332.91,65193.22,65203.94,1551741.72417252
1786348800000,65203.94,65308.99,65203.93,65262.79,797686.28856042
1786349700000,65262.79,65325.0,65230.42,65289.02,506904.59280119
1786350600000,65289.02,65297.85,65190.0,65224.41,732174.82836052
1786351500000,65224.41,65263.25,65211.0,65247.11,307752.33308186
1786352400000,65247.11,65247.12,65190.0,65224.1,335629.58628371
1786353300000,65224.1,65224.11,65165.0,65165.0,225128.02264771
1786354200000,65165.0,65165.01,65048.49,65053.67,664317.75637306
1786355100000,65053.67,65053.67,64960.0,64970.01,673830.73709831
1786356000000,64970.01,65075.0,64965.32,65048.08,601134.31593405
1786356900000,65048.08,65064.99,65010.01,65023.27,225697.34217551
1786357800000,65023.27,65050.0,65010.0,65010.79,224797.79206503
1786358700000,65010.79,65055.0,65010.01,65015.5,156693.4711964
1786359600000,65015.5,65030.0,64981.75,65010.0,328264.16305872
1786360500000,65010.0,65090.0,65010.0,65087.01,407649.06842748
1786361400000,65087.01,65100.0,65065.0,65065.68,267193.19020531
1786362300000,65065.68,65135.0,65065.68,65126.26,254434.55961095
1786363200000,65126.26,65240.0,65107.5,65127.01,996362.6862575
1786364100000,65127.01,65127.71,65040.99,65052.12,740640.50992537
1786365000000,65052.12,65055.0,64915.0,65019.99,626400.38834266
1786365900000,65019.99,65020.0,64850.02,64875.0,1460319.41157753
1786366800000,64875.0,64910.0,64850.03,64884.14,824167.82095453
1786367700000,64884.14,64970.0,64884.14,64930.0,413633.80485652
1786368600000,64930.0,64935.93,64611.83,64652.21,2979974.50792657
1786369500000,64652.21,64688.23,64522.0,64570.01,2611304.71255837
1786370400000,64570.01,64760.0,64545.01,64753.52,1617962.92567639
1786371300000,64753.52,64830.0,64715.01,64790.0,760241.23654457
1786372200000,64790.0,64884.0,64769.0,64830.01,723980.75514555
1786373100000,64830.01,64859.9,64610.0,64627.32,870547.98486235
1786374000000,64627.32,64713.26,64535.64,64563.01,2092303.04531906
1786374900000,64563.01,64645.0,64311.01,64399.99,2169980.96448666
1786375800000,64399.99,64413.25,64248.0,64338.08,2237946.14031721
1786376700000,64338.08,64360.0,64205.01,64302.31,2582999.94384272
1786377600000,64302.31,64355.0,64193.57,64218.23,2104340.18591088
1786378500000,64218.23,64218.23,63987.25,64127.53,1811626.68000065
1786379400000,64127.53,64185.0,63953.5,63970.0,2477118.45294588
1786380300000,63970.0,63979.99,63837.54,63908.58,3400058.19605657
1786381200000,63908.58,64025.0,63840.0,64006.15,1953576.82776
1786382100000,64006.15,64010.0,63925.01,63925.01,980935.91991048
1786383000000,63925.01,64034.99,63908.55,63955.6,763048.13263083
1786383900000,63955.6,63980.0,63882.0,63954.99,1091563.12399047
1786384800000,63954.99,64030.01,63905.01,63951.0,1068252.46108988
1786385700000,63951.0,64007.9,63901.0,63908.0,766538.71120887
1786386600000,63908.0,63935.0,63818.29,63886.0,3172954.60189273
1786387500000,63886.0,63935.0,63845.01,63900.01,805265.05193955
1786388400000,63900.01,63939.84,63895.01,63934.25,487161.68990414
1786389300000,63934.25,64029.61,63910.0,64029.61,393621.75645173
1786390200000,64029.61,64109.99,63936.2,64032.41,1164347.67577069
1786391100000,64032.41,64050.0,63985.0,64049.99,606810.12903746
1786392000000,64049.99,64095.0,64025.0,64051.58,500116.23264
1786392900000,64051.58,64124.67,64051.58,64124.66,425116.46568127
1786393800000,64124.66,64210.84,64110.0,64181.48,380231.68221407
1786394700000,64181.48,64181.48,64145.31,64163.03,149111.24421134
1786395600000,64163.03,64163.04,64098.48,64115.0,553523.16710883
1786396500000,64115.0,64119.56,64071.01,64118.58,290024.79234053
1786397400000,64118.58,64123.47,64040.0,64046.17,443738.58874434
1786398300000,64046.17,64046.17,63987.04,63987.04,387821.41981522
1786399200000,63987.04,64047.72,63965.0,64047.72,715006.04061002
1786400100000,64047.72,64056.64,64012.76,64017.63,345841.25117564
1786401000000,64017.63,64017.63,63945.74,63985.0,343947.66813146
1786401900000,63985.0,64017.87,63984.99,64017.87,35556.15613149
1786402800000,64017.87,64019.99,63980.01,63982.33,166156.68733996
1786403700000,63982.33,63995.0,63955.0,63990.0,646102.86870444
1786404600000,63990.0,63990.0,63920.01,63969.66,397347.88114857
1786405500000,63969.66,63989.99,63950.01,63976.0,295219.71999785
1786406400000,63976.0,63988.29,63892.0,63988.29,1279674.00155601
1786407300000,63988.29,63999.99,63926.04,63989.99,624807.02893322
1786408200000,63989.99,64005.0,63955.01,63977.58,776171.963321
1786409100000,63977.58,64060.0,63977.58,64045.0,786400.68576264
1786410000000,64045.0,64080.0,63986.9,64065.23,573321.92003412
1786410900000,64065.23,64075.0,63986.0,64074.99,803179.14943897
1786411800000,64074.99,64074.99,63960.01,63994.26,555348.39744883
1786412700000,63994.26,64075.0,63987.39,64062.37,710411.07618886
1786413600000,64062.37,64090.0,64045.0,64045.0,679006.34122482
1786414500000,64045.0,64079.25,64044.0,64057.0,304468.25626145
1786415400000,64057.0,64058.07,64036.49,64049.38,230238.04859956
1786416300000,64049.38,64057.54,64036.28,64049.48,279278.9332915
1786417200000,64049.48,64117.07,64049.47,64105.2,557548.61080822
1786418100000,64105.2,64180.0,64105.19,64146.24,456268.38571404
1786419000000,64146.24,64164.31,64140.0,64141.0,190373.54297043
1786419900000,64141.0,64149.87,64125.16,64145.01,578526.41991734
1786420800000,64145.01,64155.0,64130.0,64130.0,201678.20039775
1786421700000,64130.0,64137.25,64110.0,64110.01,88509.67200133
1786422600000,64110.01,64115.07,64105.0,64105.01,94686.1149581
1786423500000,64105.01,64105.01,64031.0,64031.0,436379.49550962
1786424400000,64031.0,64055.0,64001.84,64051.51,222834.81934737
1786425300000,64051.51,64055.0,63965.01,63973.67,296443.53314501
1786426200000,63973.67,64043.59,63973.66,64041.8,279795.7191951
1786427100000,64041.8,64045.0,64001.26,64001.26,210640.90960224
1786428000000,64001.26,64054.37,63975.0,64038.28,247727.56001461
1786428900000,64038.28,64038.29,63935.95,63935.95,302784.01010829
1786429800000,63935.95,63969.05,63910.65,63937.28,629032.86487624
1786430700000,63937.28,63969.63,63857.0,63969.62,720262.14597946
1786431600000,63969.62,64014.24,63969.62,63975.01,449683.2825774
1786432500000,63975.01,63975.01,63915.0,63916.01,680451.03574671
1786433400000,63916.01,64093.28,63916.0,64078.87,1748647.90854485
1786434300000,64078.87,64110.0,64051.68,64064.9,1167141.05646925
1786435200000,64064.9,64118.33,64053.73,64053.74,466301.92734439
1786436100000,64053.74,64090.0,64050.0,64062.82,378054.1279306
1786437000000,64062.82,64120.0,64062.82,64120.0,442777.76827786
1786437900000,64120.0,64155.0,64093.04,64143.22,498084.53734175
1786438800000,64143.22,64177.31,64135.01,64139.59,1209184.50943246
1786439700000,64139.59,64204.0,64139.58,64196.0,410651.86420419
1786440600000,64196.0,64255.0,64195.0,64251.77,510387.88980338
1786441500000,64251.77,64304.34,64250.56,64304.34,1253270.30596803
1786442400000,64304.34,64315.0,64245.0,64245.01,604108.6984574
1786443300000,64245.01,64304.65,64205.0,64304.64,451543.51724878
1786444200000,64304.64,64309.99,64260.0,64279.01,345214.0077884
1786445100000,64279.01,64279.02,64225.0,64233.23,818260.86159967
1786446000000,64233.23,64388.72,64233.23,64365.0,853804.86610859
1786446900000,64365.0,64365.01,64338.0,64341.66,133704.65239915
1786447800000,64341.66,64350.0,64337.97,64344.78,127184.3221344
1786448700000,64344.78,64405.0,64344.77,64392.26,689346.26524644
1786449600000,64392.26,64493.51,64385.0,64474.66,1033018.97944747
1786450500000,64474.66,64474.66,64295.0,64321.66,807150.24273392
1786451400000,64321.66,64385.0,64320.0,64330.0,561232.92641798
1786452300000,64330.0,64340.0,64311.47,64329.01,719152.92502674
1786453200000,64329.01,64367.56,64279.69,64319.27,741398.82559137
1786454100000,64319.27,64327.51,64171.78,64196.93,1360472.72745733
1786455000000,64196.93,64240.0,64055.0,64177.41,2137471.62204807
1786455900000,64177.41,64215.0,64055.0,64200.01,1842501.13452792
1786456800000,64200.01,64231.72,64120.01,64221.44,1243730.6066009
1786457700000,64221.44,64260.0,63916.45,64026.97,2025811.86639886
1786458600000,64026.97,64065.0,63895.01,63954.45,1940415.37621544
1786459500000,63954.45,64003.68,63715.0,63767.19,4038516.47916558
1786460400000,63767.19,63864.45,63732.0,63780.56,2110201.22457702
1786461300000,63780.56,63868.12,63710.0,63868.11,2702052.25920922
1786462200000,63868.11,63868.12,63450.72,63560.0,4316180.66012125
1786463100000,63560.0,63630.0,63477.27,63610.01,1903421.75316598
1786464000000,63610.01,63659.99,63540.01,63600.0,1742288.68629579
1786464900000,63600.0,63649.64,63576.55,63595.28,1161374.48699729
1786465800000,63595.28,63619.12,63492.0,63492.8,1037163.63328991
1786466700000,63492.8,63545.76,63461.37,63513.97,738932.10020711
1786467600000,63513.97,63540.0,63460.55,63515.01,980165.87174608
1786468500000,63515.01,63596.01,63495.0,63574.99,1250464.67264401
1786469400000,63574.99,63590.0,63526.66,63556.02,1232661.47263422
1786470300000,63556.02,63634.44,63540.0,63610.02,1307401.40164897
1786471200000,63610.02,63625.0,63550.0,63590.0,1014891.98031577
1786472100000,63590.0,63605.0,63480.38,63480.39,1407393.26847229
1786473000000,63480.39,63510.0,63242.28,63305.01,5819522.60001546
1786473900000,63305.01,63388.0,63305.0,63376.85,1011893.99731956
1786474800000,63376.85,63380.0,63235.29,63250.01,1409649.17545915
1786475700000,63250.01,63390.0,63250.0,63362.16,945707.4523257
1786476600000,63362.16,63460.0,63362.15,63454.65,1139379.56140313
1786477500000,63454.65,63540.0,63384.45,63540.0,1118402.29495197
1786478400000,63540.0,63718.97,63539.99,63675.05,1780739.7930581
1786479300000,63675.05,63675.05,63615.0,63675.0,646222.10465889
1786480200000,63675.0,63750.0,63653.1,63677.8,728856.56868966
1786481100000,63677.8,63748.27,63677.8,63744.99,561457.21561787
1786482000000,63744.99,63752.42,63730.58,63739.69,576201.91395042
1786482900000,63739.69,63770.79,63654.0,63675.87,558071.27211193
1786483800000,63675.87,63690.0,63620.0,63669.25,458425.63895962
1786484700000,63669.25,63688.84,63645.27,63674.32,487091.96623706
1786485600000,63674.32,63768.03,63673.87,63735.87,1366305.04705464
1786486500000,63735.87,63763.19,63710.0,63718.97,277371.67195814
1786487400000,63718.97,63725.0,63655.0,63655.0,355542.35682248
1786488300000,63655.0,63675.0,63620.01,63668.45,211889.44153944
1786489200000,63668.45,63668.45,63565.0,63581.43,299625.22579262
1786490100000,63581.43,63613.86,63547.34,63590.01,231932.63420169
1786491000000,63590.01,63638.34,63587.02,63638.34,383244.46978967
1786491900000,63638.34,63649.99,63597.0,63597.0,205989.72210441
1786492800000,63597.0,63604.99,63535.01,63604.99,971977.56012374
1786493700000,63604.99,63700.94,63580.0,63670.0,342852.01506537
1786494600000,63670.0,63720.0,63670.0,63716.75,323257.07581919
1786495500000,63716.75,63744.03,63716.74,63743.86,231666.20119222
1786496400000,63743.86,63785.0,63710.01,63784.94,424364.8660681
1786497300000,63784.94,63784.94,63745.0,63755.01,403310.30184415
1786498200000,63755.01,63818.81,63700.0,63818.81,336120.18281602
1786499100000,63818.81,63855.0,63801.01,63818.8,954717.06651322
1786500000000,63818.8,63881.57,63817.0,63859.95,798982.17353333
1786500900000,63859.95,63891.3,63785.0,63891.3,963681.66947294
1786501800000,63891.3,63904.56,63762.11,63776.71,380674.01289909
1786502700000,63776.71,63779.38,63735.0,63740.9,329338.66673594
1786503600000,63740.9,63793.96,63715.0,63715.01,360572.58494092
1786504500000,63715.01,63775.0,63710.0,63753.59,408337.14841309
1786505400000,63753.59,63841.61,63740.0,63815.01,282047.79579569
1786506300000,63815.01,63830.0,63775.73,63830.0,408217.53334884
1786507200000,63830.0,63832.67,63770.0,63785.0,236656.68933605
1786508100000,63785.0,63889.59,63784.99,63797.3,310175.16397271
1786509000000,63797.3,63797.3,63740.0,63769.06,230622.06707368
1786509900000,63769.06,63825.0,63757.74,63773.78,716395.89753371
1786510800000,63773.78,63816.28,63730.25,63815.99,348142.22741896
1786511700000,63815.99,63834.99,63815.99,63834.99,169815.30250181
1786512600000,63834.99,63864.58,63826.69,63852.77,377891.51478162
1786513500000,63852.77,63868.67,63822.0,63846.0,697534.34145642
1786514400000,63846.0,63846.0,63706.07,63706.08,818549.06422476
1786515300000,63706.08,63755.0,63621.0,63640.0,941047.62228066
1786516200000,63640.0,63676.68,63606.83,63652.78,897299.01392721
1786517100000,63652.78,63711.79,63635.0,63711.79,324010.86309406
1786518000000,63711.79,63800.0,63710.91,63760.52,366989.70101679
1786518900000,63760.52,63760.52,63730.0,63735.01,125761.66836547
1786519800000,63735.01,63775.0,63693.05,63699.2,348217.84721507
1786520700000,63699.2,63835.0,63640.01,63834.99,670510.2128876
1786521600000,63834.99,63865.0,63785.0,63788.2,668605.00155683
1786522500000,63788.2,63835.0,63788.2,63822.98,335621.18733494
1786523400000,63822.98,63822.98,63777.81,63777.82,287088.09778717
1786524300000,63777.82,63823.03,63777.81,63792.53,250403.19048618
1786525200000,63792.53,63859.99,63770.0,63856.79,794656.50439869
1786526100000,63856.79,64003.2,63856.78,63982.91,2002625.0425406
1786527000000,63982.91,64086.36,63982.91,64038.49,877267.23458102
1786527900000,64038.49,64105.81,64030.64,64102.51,1188421.07013202
1786528800000,64102.51,64215.0,64097.33,64127.06,1171912.39506173
1786529700000,64127.06,64130.0,64049.36,64064.25,3095693.56709971
1786530600000,64064.25,64155.0,64064.25,64137.16,655748.55620143
1786531500000,64137.16,64160.57,64074.98,64138.59,2265079.17760534
1786532400000,64138.59,64208.76,64112.16,64136.42,455607.21437253
1786533300000,64136.42,64202.33,64130.0,64199.93,1464700.65158237
1786534200000,64199.93,64215.8,64156.79,64185.36,1213581.72829333
1786535100000,64185.36,64250.76,64185.35,64232.14,641744.17174466
1786536000000,64232.14,64295.77,64205.01,64265.0,807809.02144202
1786536900000,64265.0,64430.27,64260.6,64411.65,5834516.18729126
1786537800000,64411.65,64481.09,64046.07,64096.83,11926268.01277921
1786538700000,64096.83,64184.63,63975.0,64118.21,1629856.20670731
1786539600000,64118.21,64155.1,63937.04,63980.0,1115308.5143646
1786540500000,63980.0,64040.0,63915.01,63955.0,622660.37109763
1786541400000,63955.0,64020.19,63868.38,63980.0,1778740.17585393
1786542300000,63980.0,64076.97,63840.57,63842.0,1397766.4265922
1786543200000,63842.0,63929.99,63606.09,63793.53,1964294.99142764
1786544100000,63793.53,63830.32,63657.0,63657.0,852177.63442193
1786545000000,63657.0,63699.99,63530.48,63608.01,3690677.58220899
1786545900000,63608.01,63645.0,63370.0,63370.01,1459107.60854155
1786546800000,63370.01,63535.0,63306.48,63502.0,3273312.1728934
1786547700000,63502.0,63548.26,63440.0,63500.0,1227584.84517186
1786548600000,63500.0,63577.86,63405.0,63529.63,1430795.53695912
1786549500000,63529.63,63564.99,63423.75,63449.01,2063603.40156491
1786550400000,63449.01,63505.0,63371.53,63483.6,3017332.649283
1786551300000,63483.6,63572.01,63474.29,63570.67,1050288.94189818
1786552200000,63570.67,63585.0,63511.87,63521.0,1976977.98393013
1786553100000,63521.0,63521.0,63467.13,63492.25,1941538.06879579
1786554000000,63492.25,63545.0,63479.01,63543.4,730849.59397513
1786554900000,63543.4,63553.59,63425.02,63447.87,905728.45948318
1786555800000,63447.87,63506.54,63415.9,63480.0,529429.16588625
1786556700000,63480.0,63541.67,63456.77,63476.58,644793.58384294
1786557600000,63476.58,63505.0,63425.0,63479.69,765241.81351931
1786558500000,63479.69,63479.69,63390.0,63440.0,1151031.7763169
1786559400000,63440.0,63527.46,63422.2,63452.24,902623.35413857
1786560300000,63452.24,63452.24,63376.2,63386.86,671764.96300351
1786561200000,63386.86,63435.0,63380.01,63388.2,636617.8664955
1786562100000,63388.2,63460.0,63314.01,63384.25,1541357.42819016
1786563000000,63384.25,63408.02,63340.52,63341.0,692878.92057363
1786563900000,63341.0,63435.0,63327.01,63424.99,1342341.06528317
1786564800000,63424.99,63515.0,63424.99,63465.0,928380.41328518
1786565700000,63465.0,63524.99,63431.28,63512.95,521926.89311359
1786566600000,63512.95,63575.0,63512.94,63550.01,1170741.4271369
1786567500000,63550.01,63602.73,63532.01,63602.73,436429.00686525
1786568400000,63602.73,63659.99,63562.24,63590.0,462880.48300338
1786569300000,63590.0,63596.49,63470.0,63490.01,746865.05714517
1786570200000,63490.01,63550.0,63430.0,63543.14,1078928.96383972
1786571100000,63543.14,63580.0,63456.64,63469.94,1001982.80477601
1786572000000,63469.94,63540.0,63430.01,63498.56,1047138.44776763
1786572900000,63498.56,63532.05,63494.67,63495.01,457444.43715546
1786573800000,63495.01,63498.77,63371.89,63408.21,1156962.13790062
1786574700000,63408.21,63440.0,63402.0,63436.35,458956.95162267
1786575600000,63436.35,63444.74,63385.55,63416.3,711950.70131781
1786576500000,63416.3,63445.0,63382.0,63430.0,754476.78206404
1786577400000,63430.0,63485.0,63404.11,63423.02,1306211.94480241
1786578300000,63423.02,63492.26,63414.9,63488.34,1005129.88623625
1786579200000,63488.34,63608.79,63465.0,63608.78,1728647.40255829
1786580100000,63608.78,63714.28,63586.63,63630.24,1632214.16204494
1786581000000,63630.24,63630.25,63506.01,63516.52,547596.28133692
1786581900000,63516.52,63605.0,63506.38,63565.0,398637.34977034
1786582800000,63565.0,63635.0,63526.02,63635.0,295321.50349496
1786583700000,63635.0,63635.0,63402.85,63425.01,1161017.61736539
1786584600000,63425.01,63540.0,63415.0,63420.0,473430.21352747
1786585500000,63420.0,63519.99,63385.0,63460.01,532708.82829583
1786586400000,63460.01,63482.61,63428.3,63465.0,534709.87327552
1786587300000,63465.0,63483.7,63430.0,63471.81,400428.73225708
1786588200000,63471.81,63495.42,63380.01,63495.42,673516.76250498
1786589100000,63495.42,63585.0,63475.59,63550.01,477107.59276304
1786590000000,63550.01,63580.25,63510.0,63575.64,498646.88596677
1786590900000,63575.64,63639.06,63570.0,63571.8,1515689.34400669
1786591800000,63571.8,63632.37,63566.45,63575.01,611613.67950377
1786592700000,63575.01,63692.3,63575.0,63649.61,1176180.75910233
1786593600000,63649.61,63679.85,63625.0,63674.61,279791.95914979
1786594500000,63674.61,63674.61,63595.05,63595.05,297057.40480745
1786595400000,63595.05,63710.0,63595.05,63698.14,659810.15817032
1786596300000,63698.14,63777.78,63690.57,63694.0,943981.80372346
1786597200000,63694.0,63878.57,63671.0,63878.57,944262.56531331
1786598100000,63878.57,64007.43,63878.57,63937.07,1842899.52375812
1786599000000,63937.07,63952.38,63900.0,63923.16,1015411.06358715
1786599900000,63923.16,63929.74,63871.0,63871.0,976682.01671011
1786600800000,63871.0,63880.0,63811.0,63837.14,3340465.65139491
1786601700000,63837.14,63847.73,63810.0,63821.55,323012.86508493
1786602600000,63821.55,63821.55,63757.12,63757.12,1223309.74946122
1786603500000,63757.12,63940.0,63756.01,63940.0,738650.5465058
1786604400000,63940.0,63944.57,63866.88,63870.77,1378613.47578659
1786605300000,63870.77,63914.28,63859.0,63892.11,486194.79748452
1786606200000,63892.11,63901.53,63870.0,63870.01,1106989.09646002
1786607100000,63870.01,63870.01,63852.0,63861.35,480644.81875161
1786608000000,63861.35,63908.22,63836.0,63836.0,738034.12069007
1786608900000,63836.0,63836.57,63787.7,63787.7,902412.88099136
1786609800000,63787.7,63799.61,63779.29,63799.6,374149.35524099
1786610700000,63799.6,63799.61,63740.0,63765.91,548354.5674668
1786611600000,63765.91,63766.91,63620.0,63620.0,1308758.445529
1786612500000,63620.0,63715.0,63585.0,63660.53,1498434.19832612
1786613400000,63660.53,63705.0,63660.01,63703.59,1003161.74603724
1786614300000,63703.59,63790.0,63703.58,63784.41,659436.55619943
1786615200000,63784.41,63824.99,63615.0,63622.28,3409500.2974482
1786616100000,63622.28,63680.0,63619.51,63627.39,1946309.64076043
1786617000000,63627.39,63639.99,63586.22,63639.99,703369.68603917
1786617900000,63639.99,63656.47,63639.99,63654.91,577417.90744994
1786618800000,63654.91,63665.0,63615.0,63626.05,1016275.05200022
1786619700000,63626.05,63634.65,63440.98,63440.99,1549994.69648377
1786620600000,63440.99,63477.88,63351.35,63466.85,2256447.21840414
1786621500000,63466.85,63504.99,63460.06,63483.57,1060640.39105938
1786622400000,63483.57,63565.0,63450.0,63564.99,1251439.51508467
1786623300000,63564.99,63590.0,63555.0,63575.0,482239.15559535
1786624200000,63575.0,63692.3,63470.0,63587.33,3246970.75712363
1786625100000,63587.33,63714.99,63568.48,63700.15,904713.55055882
1786626000000,63700.15,63807.89,63700.15,63746.0,1209940.13843637
1786626900000,63746.0,63746.0,63570.02,63605.86,1158939.67549911
1786627800000,63605.86,63851.85,63565.26,63805.0,2482336.86072944
1786628700000,63805.0,63846.21,63690.0,63719.99,2190735.49863973
1786629600000,63719.99,63846.66,63676.92,63810.0,2330595.5358446
1786630500000,63810.0,63879.14,63766.19,63809.45,1832133.0792212
1786631400000,63809.45,63999.0,63770.0,63955.24,2234591.49955637
1786632300000,63955.24,63964.99,63855.0,63860.01,1295447.88799933
1786633200000,63860.01,63940.0,63815.0,63825.01,1856134.57506145
1786634100000,63825.01,63888.0,63591.55,63630.0,1714517.57424414
1786635000000,63630.0,63751.11,63606.01,63725.07,1608087.60195027
1786635900000,63725.07,63725.08,63416.37,63416.37,3595989.81906694
1786636800000,63416.37,63510.0,63391.3,63465.0,2125265.21793277
1786637700000,63465.0,63571.99,63323.16,63363.79,3064371.44832396
1786638600000,63363.79,63439.59,62841.98,62999.99,11029535.94019925
1786639500000,62999.99,63239.42,62930.01,63162.81,3277941.34254007
1786640400000,63162.81,63165.0,63083.0,63135.33,1291876.89972161
1786641300000,63135.33,63265.0,63105.14,63189.83,1000145.97080062
1786642200000,63189.83,63265.0,63110.01,63248.56,2098698.89742713
1786643100000,63248.56,63300.0,63149.0,63149.0,480419.82526086
1786644000000,63149.0,63300.0,63125.35,63217.7,1384745.83077475
1786644900000,63217.7,63254.83,63121.42,63126.9,429653.76321814
1786645800000,63126.9,63206.23,63116.0,63206.22,541084.85241108
1786646700000,63206.22,63371.44,63195.66,63313.44,1319232.517233
1786647600000,63313.44,63516.82,63313.43,63410.81,1181148.24233385
1786648500000,63410.81,63434.99,63387.63,63422.08,631441.51891452
1786649400000,63422.08,63444.99,63386.18,63419.01,539435.69828645
1786650300000,63419.01,63466.64,63395.0,63414.99,342556.9005882
1786651200000,63414.99,63468.46,63373.37,63419.27,555092.83492999
1786652100000,63419.27,63460.0,63419.27,63458.49,257114.9023147
1786653000000,63458.49,63474.42,63410.01,63418.44,348605.8275741
1786653900000,63418.44,63418.45,63380.01,63409.99,316222.78384058
1786654800000,63409.99,63470.0,63395.0,63430.77,521535.2008501
1786655700000,63430.77,63459.29,63417.11,63457.08,1486179.23287091
1786656600000,63457.08,63504.99,63446.31,63456.16,710133.39209234
1786657500000,63456.16,63475.0,63443.78,63473.17,463910.72475731
1786658400000,63473.17,63630.59,63473.16,63612.0,1698289.41966275
1786659300000,63612.0,63641.99,63575.62,63624.99,1088976.2980334
1786660200000,63624.99,63630.0,63556.37,63556.38,701989.45887208
1786661100000,63556.38,63564.53,63530.0,63530.72,342914.45337557
1786662000000,63530.72,63539.65,63455.0,63475.64,476715.55076144
1786662900000,63475.64,63488.97,63451.0,63475.0,272665.89941622
1786663800000,63475.0,63500.65,63445.03,63461.64,530941.4755761
1786664700000,63461.64,63485.0,63396.8,63484.99,344740.32250791
1786665600000,63484.99,63510.0,63433.0,63507.99,361856.82041151
1786666500000,63507.99,63558.72,63420.01,63450.01,576406.14509914
1786667400000,63450.01,63550.0,63410.01,63530.0,604995.54833387
1786668300000,63530.0,63555.0,63480.17,63539.99,581200.71915324
1786669200000,63539.99,63590.0,63485.01,63513.01,696394.32113985
1786670100000,63513.01,63570.0,63460.01,63490.25,713409.43767461
1786671000000,63490.25,63565.0,63471.24,63565.0,887076.42993112
1786671900000,63565.0,63579.98,63525.0,63573.01,319294.69792511
1786672800000,63573.01,63619.99,63528.31,63560.0,527580.33366249
1786673700000,63560.0,63585.0,63480.01,63490.74,395590.17665437
1786674600000,63490.74,63560.0,63490.73,63524.16,707623.88242227
1786675500000,63524.16,63563.55,63471.0,63471.0,214815.27001332
1786676400000,63471.0,63496.37,63420.01,63496.37,251147.50939038
1786677300000,63496.37,63580.0,63461.82,63461.83,297826.7208313
1786678200000,63461.83,63461.83,63360.0,63382.26,303474.19703974
1786679100000,63382.26,63382.27,63299.61,63309.99,2655336.55003778
1786680000000,63309.99,63410.0,63272.62,63408.97,478885.92511405
1786680900000,63408.97,63475.0,63365.07,63422.87,1018903.99180452
1786681800000,63422.87,63425.0,63392.14,63392.15,285747.93783899
1786682700000,63392.15,63400.0,63370.0,63370.78,333679.80226887
1786683600000,63370.78,63396.52,63333.66,63336.15,334746.73948808
1786684500000,63336.15,63356.65,63288.75,63328.58,420669.51961511
1786685400000,63328.58,63370.0,63310.01,63353.77,360227.71016355
1786686300000,63353.77,63400.0,63350.0,63381.67,605604.57723496
1786687200000,63381.67,63381.68,63292.0,63295.3,537129.65037329
1786688100000,63295.3,63307.33,63180.24,63183.1,2159787.26994686
1786689000000,63183.1,63241.68,63178.59,63178.6,1228450.37024279
1786689900000,63178.6,63205.0,62942.58,62979.27,5732368.96452368
1786690800000,62979.27,63090.13,62953.31,63079.87,1293092.01130226
1786691700000,63079.87,63122.71,63079.86,63110.04,1415332.2695672
1786692600000,63110.04,63110.04,62961.39,63027.2,3253439.23205728
1786693500000,63027.2,63027.21,62921.3,62921.3,2402266.33638143
1786694400000,62921.3,62960.97,62900.0,62918.09,1560916.47684946
1786695300000,62918.09,63003.61,62740.33,62785.01,3987500.82434074
1786696200000,62785.01,62880.0,62700.1,62844.99,1545599.43749124
1786697100000,62844.99,62945.0,62823.04,62941.71,1041123.86546153
1786698000000,62941.71,62941.72,62857.94,62876.75,840009.51393703
1786698900000,62876.75,62913.57,62792.13,62796.9,1125199.52663083
1786699800000,62796.9,62820.0,62745.0,62767.8,1097248.62090086
1786700700000,62767.8,62844.36,62767.8,62796.39,2351114.53749192
1786701600000,62796.39,62865.0,62745.0,62858.95,1997523.50049503
1786702500000,62858.95,62923.16,62850.0,62889.71,765637.09391163
1786703400000,62889.71,62945.0,62860.0,62873.16,893845.79566124
1786704300000,62873.16,62892.61,62810.0,62818.83,1001070.30621613
1786705200000,62818.83,62890.0,62813.17,62858.12,1116418.19750696
1786706100000,62858.12,62920.0,62846.01,62895.76,940414.0740878
1786707000000,62895.76,62935.0,62845.55,62889.97,935325.07353309
1786707900000,62889.97,62930.0,62860.0,62867.44,1090085.85992773
1786708800000,62867.44,62902.02,62765.01,62820.12,2081983.29107857
1786709700000,62820.12,62893.83,62805.0,62893.83,811974.00761651
1786710600000,62893.83,62914.99,62765.0,62765.01,1514454.62935156
1786711500000,62765.01,62811.5,62725.01,62743.62,894151.1382705
1786712400000,62743.62,62755.0,62597.25,62694.04,2935235.51894577
1786713300000,62694.04,62795.0,62645.0,62784.8,1137586.26597138
1786714200000,62784.8,62824.99,62615.0,62719.44,4632210.20466235
1786715100000,62719.44,62755.0,62603.0,62665.0,2852757.72222167
1786716000000,62665.0,62735.0,62599.26,62608.82,2617421.14147708
1786716900000,62608.82,62706.47,62572.92,62674.99,1528872.36966788
1786717800000,62674.99,62802.71,62657.5,62749.89,1323671.99123635
1786718700000,62749.89,62782.52,62536.75,62621.0,2017010.22519788
1786719600000,62621.0,62725.0,62610.0,62705.77,979560.032639
1786720500000,62705.77,62856.74,62685.01,62856.74,1048906.64221711
1786721400000,62856.74,63034.73,62795.0,63000.0,3702768.54787494
1786722300000,63000.0,63085.0,62950.0,62990.0,1598895.12477508
1786723200000,62990.0,63101.87,62970.0,63042.88,829803.89556345
1786724100000,63042.88,63155.0,63033.07,63116.39,510606.51361406
1786725000000,63116.39,63213.46,63095.01,63204.99,709094.90066013
1786725900000,63204.99,63205.0,63110.0,63133.57,1198848.01739283
1786726800000,63133.57,63175.0,63115.17,63175.0,635581.45281342
1786727700000,63175.0,63238.23,63164.99,63199.99,550864.79258223
1786728600000,63199.99,63217.66,63074.13,63103.6,974819.19429178
1786729500000,63103.6,63124.41,62995.0,63011.35,764152.19821866
1786730400000,63011.35,63070.0,62955.0,63000.0,670484.26842174
1786731300000,63000.0,63079.99,63000.0,63035.33,228597.88764064
1786732200000,63035.33,63036.55,62941.71,62967.01,1002680.34423259
1786733100000,62967.01,62972.01,62888.83,62925.0,598667.17999874
1786734000000,62925.0,62927.01,62850.0,62860.01,574417.4236416
1786734900000,62860.01,62933.94,62826.56,62925.27,554701.35319466
1786735800000,62925.27,62980.0,62888.52,62980.0,814212.8763921
1786736700000,62980.0,62994.99,62940.01,62961.26,530103.48266786
1786737600000,62961.26,63020.0,62961.26,62975.72,514282.22720558
1786738500000,62975.72,62985.0,62931.6,62950.0,421063.43204865
1786739400000,62950.0,62953.86,62911.88,62912.24,134249.55370412
1786740300000,62912.24,62935.0,62895.0,62908.18,172846.32649633
1786741200000,62908.18,62935.8,62900.01,62901.87,293846.10584051
1786742100000,62901.87,62921.04,62887.43,62895.0,331300.1577231
1786743000000,62895.0,62911.56,62873.86,62886.83,625995.27183957
1786743900000,62886.83,62926.64,62880.22,62926.63,260123.32371442
1786744800000,62926.63,62956.73,62835.0,62835.01,731922.21860235
1786745700000,62835.01,62839.72,62800.0,62821.7,383281.96707942
1786746600000,62821.7,62882.8,62821.69,62882.8,428691.37290821
1786747500000,62882.8,62894.7,62869.09,62888.37,110776.79085701
1786748400000,62888.37,62931.96,62882.85,62931.95,120945.11360037
1786749300000,62931.95,62950.0,62861.98,62949.79,423517.52620288
1786750200000,62949.79,63030.0,62905.5,63005.01,636086.13106465
1786751100000,63005.01,63065.0,63005.01,63042.02,997149.97037721
1786752000000,63042.02,63063.04,63010.0,63012.97,262001.72118397
1786752900000,63012.97,63033.4,63001.0,63009.32,524498.92506056
1786753800000,63009.32,63025.0,63000.0,63018.72,123627.93380296
1786754700000,63018.72,63035.0,62995.01,63015.39,206403.36308077
1786755600000,63015.39,63030.0,62993.0,63011.7,488609.46086949
1786756500000,63011.7,63040.0,63001.01,63039.46,647787.58156918
1786757400000,63039.46,63044.2,63017.0,63030.01,609410.60247678
1786758300000,63030.01,63038.34,63024.31,63038.34,331689.41791255
1786759200000,63038.34,63060.0,63038.34,63054.99,173234.97785811
1786760100000,63054.99,63115.0,63054.99,63103.71,309968.46097217
1786761000000,63103.71,63133.98,63103.71,63116.8,384104.43909931
1786761900000,63116.8,63137.25,63116.8,63137.24,181454.45571401
1786762800000,63137.24,63154.96,63130.02,63153.12,260579.05660551
1786763700000,63153.12,63187.51,63085.0,63090.74,174750.77501085
1786764600000,63090.74,63090.75,63041.0,63060.0,144956.28849383
1786765500000,63060.0,63073.82,63047.01,63049.01,331212.1525468
1786766400000,63049.01,63100.0,63049.01,63099.99,241337.31316851
1786767300000,63099.99,63125.0,63099.99,63124.9,73664.49938338
1786768200000,63124.9,63149.99,63122.99,63149.99,329193.95970451
1786769100000,63149.99,63150.0,63117.45,63117.46,155412.13838071
1786770000000,63117.46,63148.64,63117.45,63148.63,96916.82185012
1786770900000,63148.63,63155.56,63120.0,63120.0,306136.40527448
1786771800000,63120.0,63120.45,63049.83,63073.42,591336.32557865
1786772700000,63073.42,63080.0,63035.0,63080.0,1580945.2725298
1786773600000,63080.0,63093.55,63036.94,63036.95,770518.40420372
1786774500000,63036.95,63073.41,63030.0,63034.01,1066890.99276735
1786775400000,63034.01,63064.72,63034.0,63064.72,234381.95790873
1786776300000,63064.72,63130.0,63064.71,63109.31,1363868.19101465
1786777200000,63109.31,63125.0,63065.75,63125.0,1579210.21871568
1786778100000,63125.0,63125.0,63070.0,63075.34,124774.64077264
1786779000000,63075.34,63097.41,63067.21,63080.68,737239.83259257
1786779900000,63080.68,63080.68,63040.0,63070.0,314069.78553963
1786780800000,63070.0,63080.0,63055.0,63055.0,181093.11337863
1786781700000,63055.0,63061.6,63045.49,63051.25,106887.27605074
1786782600000,63051.25,63051.26,63016.79,63016.8,543184.36932547
1786783500000,63016.8,63055.0,62930.0,62933.55,2614553.64383055
1786784400000,62933.55,62958.89,62916.39,62958.89,970914.83637396
1786785300000,62958.89,62983.58,62957.03,62981.71,902136.06411465
1786786200000,62981.71,63028.68,62981.71,63018.96,679384.88986578
1786787100000,63018.96,63051.45,63018.81,63026.01,679961.58431209
1786788000000,63026.01,63032.82,62994.04,63019.64,1416361.55171295
1786788900000,63019.64,63025.34,63012.53,63012.81,1071150.99489024
1786789800000,63012.81,63040.0,63012.81,63030.98,420855.32666467
1786790700000,63030.98,63055.6,63025.0,63045.0,890709.39316884
1786791600000,63045.0,63045.0,63016.88,63020.47,1582268.52850588
1786792500000,63020.47,63041.53,63020.46,63034.99,268378.08144114
1786793400000,63034.99,63046.57,63028.7,63046.57,1364575.94074972
1786794300000,63046.57,63055.0,62995.0,63017.01,906085.43987376
1786795200000,63017.01,63017.01,62985.76,62985.76,630157.67694824
1786796100000,62985.76,62998.09,62977.43,62985.23,715232.58057538
1786797000000,62985.23,62985.23,62958.77,62959.42,471761.96640066
1786797900000,62959.42,63054.77,62948.3,63054.76,1067621.67691398
1786798800000,63054.76,63080.0,63022.32,63071.91,1019537.82024059
1786799700000,63071.91,63079.99,63030.69,63032.29,765189.90310908
1786800600000,63032.29,63047.56,63028.57,63028.58,292885.12738845
1786801500000,63028.58,63054.99,63028.57,63054.99,448715.29296072
1786802400000,63054.99,63055.0,63035.0,63045.0,343567.75581614
1786803300000,63045.0,63050.0,62989.49,63034.99,559080.17177973
1786804200000,63034.99,63040.0,63030.0,63039.98,208742.48535087
1786805100000,63039.98,63049.64,63039.98,63040.2,220813.81215844
1786806000000,63040.2,63048.75,63037.52,63039.42,197169.84664971
1786806900000,63039.42,63077.16,63030.0,63071.47,580291.60012534
1786807800000,63071.47,63123.35,63071.46,63111.87,449691.62904366
1786808700000,63111.87,63111.88,63096.09,63096.1,129597.60170146
1786809600000,63096.1,63096.1,63070.99,63075.3,229371.94641596
1786810500000,63075.3,63120.0,63060.01,63119.99,366584.185761
1786811400000,63119.99,63123.47,63091.02,63091.03,267020.64525143
1786812300000,63091.03,63097.34,63091.03,63095.8,132491.98531914
1786813200000,63095.8,63095.81,63095.8,63095.8,97752.93944291
1786814100000,63095.8,63100.15,63062.4,63067.91,383420.30148051
1786815000000,63067.91,63067.91,63065.39,63065.39,44921.21302392
1786815900000,63065.39,63068.18,63061.45,63068.17,100816.94810728
1786816800000,63068.17,63105.0,63060.08,63092.51,148290.43199915
1786817700000,63092.51,63092.51,63044.62,63044.63,163864.91721059
1786818600000,63044.63,63044.7,63044.62,63044.7,76490.91171533
1786819500000,63044.7,63050.0,63039.47,63049.99,93171.04554161
1786820400000,63049.99,63083.23,63049.99,63083.22,144178.98434799
1786821300000,63083.22,63118.56,63083.22,63092.6,312244.59455275
1786822200000,63092.6,63117.5,63092.6,63107.0,153235.15597243
1786823100000,63107.0,63118.06,63107.0,63118.06,100688.39351052
1786824000000,63118.06,63118.06,63069.0,63076.75,387803.31420089
1786824900000,63076.75,63076.76,63071.62,63073.63,132050.14359233
1786825800000,63073.63,63079.18,63073.63,63079.18,68355.70072742
1786826700000,63079.18,63099.46,63079.17,63099.45,117038.45487279
1786827600000,63099.45,63099.46,63095.99,63096.0,303025.75272939
1786828500000,63096.0,63142.01,63095.99,63142.01,612616.04123984
1786829400000,63142.01,63160.0,63135.23,63160.0,981282.65054485
1786830300000,63160.0,63160.0,63147.0,63153.56,1137580.00401456
1786831200000,63153.56,63160.0,63141.48,63141.49,236776.73371715
1786832100000,63141.49,63144.99,63129.09,63144.99,501830.73954361
1786833000000,63144.99,63150.0,63144.99,63149.0,153987.38633267
1786833900000,63149.0,63169.99,63129.09,63129.92,323876.55037686
1786834800000,63129.92,63140.0,63102.0,63128.87,380091.20654753
1786835700000,63128.87,63128.87,63106.01,63106.01,178491.44778128
1786836600000,63106.01,63106.02,63095.01,63101.47,123151.75475034
1786837500000,63101.47,63101.48,63078.76,63082.74,124579.62580494
1786838400000,63082.74,63082.75,63061.16,63070.7,181957.04287626
1786839300000,63070.7,63070.7,63068.0,63068.0,41133.36770222
1786840200000,63068.0,63074.02,63062.09,63069.67,137850.89930439
1786841100000,63069.67,63083.44,63064.0,63079.99,212109.98463042
1786842000000,63079.99,63080.0,63045.0,63045.02,129489.65242517
1786842900000,63045.02,63070.0,63045.01,63055.0,229720.76913323
1786843800000,63055.0,63061.98,63002.14,63061.98,907987.75801954
1786844700000,63061.98,63075.0,63045.0,63075.0,269037.99568779
1786845600000,63075.0,63080.0,63019.65,63019.66,169499.19018228
1786846500000,63019.66,63115.03,63019.65,63114.9,305226.53288693
1786847400000,63114.9,63150.0,63109.56,63149.99,182842.93698203
1786848300000,63149.99,63150.0,63115.0,63121.3,143266.82214915
1786849200000,63121.3,63129.99,63117.93,63117.94,73590.74319555
1786850100000,63117.94,63117.94,63110.0,63117.94,278486.80951086
1786851000000,63117.94,63119.48,63117.93,63119.47,24605.86996027
1786851900000,63119.47,63127.31,63119.47,63127.3,151723.50521199
1786852800000,63127.3,63128.84,63127.3,63128.84,108900.81969439
1786853700000,63128.84,63149.17,63128.83,63147.9,101198.27172889
1786854600000,63147.9,63147.9,63118.24,63118.25,51778.59679949
1786855500000,63118.25,63118.25,63085.0,63085.01,85118.82592628
1786856400000,63085.01,63093.43,63070.0,63093.43,159312.83621295
1786857300000,63093.43,63093.43,63065.0,63068.62,75327.41404882
1786858200000,63068.62,63075.0,63056.0,63056.01,634575.76875499
1786859100000,63056.01,63070.0,63037.0,63061.9,1155870.8988948
1786860000000,63061.9,63075.72,63040.01,63042.88,1295375.75347275
1786860900000,63042.88,63065.0,63042.88,63065.0,167706.83452837
1786861800000,63065.0,63065.0,63049.46,63058.8,667600.98652699
1786862700000,63058.8,63080.0,63058.79,63064.59,217030.79516143
1786863600000,63064.59,63064.6,63050.1,63050.11,81433.07074739
1786864500000,63050.11,63059.46,63050.1,63059.45,141751.65820176
1786865400000,63059.45,63059.46,63056.87,63056.87,120168.62640996
1786866300000,63056.87,63057.0,63056.87,63057.0,85574.2357133
1786867200000,63057.0,63062.43,63056.99,63058.59,134711.21437912
1786868100000,63058.59,63070.0,63058.59,63070.0,105191.22587748
1786869000000,63070.0,63070.0,63064.27,63067.38,246332.84466341
1786869900000,63067.38,63067.38,63067.37,63067.37,41374.59358246
1786870800000,63067.37,63067.38,63067.37,63067.38,302006.28046541
1786871700000,63067.38,63067.38,63067.28,63067.29,77021.82811735
1786872600000,63067.29,63067.29,62993.3,62993.31,625110.15955219
1786873500000,62993.31,63009.62,62966.06,62990.0,274453.0503783
1786874400000,62990.0,62992.51,62966.0,62985.01,229963.49108503
1786875300000,62985.01,63010.0,62985.0,63009.99,112005.61674171
1786876200000,63009.99,63010.0,63004.12,63004.13,281672.03487031
1786877100000,63004.13,63004.13,63004.12,63004.13,42275.70518839
1786878000000,63004.13,63006.12,63004.12,63004.13,150080.27111792
1786878900000,63004.13,63004.13,62980.1,62981.39,265060.89149015
1786879800000,62981.39,62995.0,62981.39,62993.31,110301.84803794
1786880700000,62993.31,63011.68,62978.65,63011.68,444823.18043964
1786881600000,63011.68,63023.55,63011.67,63019.73,269794.84731301
1786882500000,63019.73,63019.74,63019.73,63019.74,45151.18203335
1786883400000,63019.74,63019.74,62990.6,62990.6,337831.62972919
1786884300000,62990.6,63015.0,62990.6,63015.0,213635.38155623
1786885200000,63015.0,63060.0,63014.99,63060.0,149915.31142531
1786886100000,63060.0,63067.2,63059.99,63063.01,187100.50030523
1786887000000,63063.01,63066.94,63063.0,63063.01,158224.90111626
1786887900000,63063.01,63063.02,63060.6,63060.61,181856.11959652
1786888800000,63060.61,63060.61,63055.0,63055.01,171774.64829978
1786889700000,63055.01,63099.38,63055.0,63075.0,532542.84987735
1786890600000,63075.0,63099.42,63070.0,63099.42,394990.40514346
1786891500000,63099.42,63101.48,63099.41,63101.48,115398.78223007
1786892400000,63101.48,63115.0,63101.47,63107.64,246223.94165698
1786893300000,63107.64,63112.72,63107.64,63112.72,128632.00850209
1786894200000,63112.72,63135.0,63112.71,63115.0,249646.75567909
1786895100000,63115.0,63135.99,63115.0,63135.98,179701.14563172
1786896000000,63135.98,63210.0,63135.63,63207.17,1232872.99078649
1786896900000,63207.17,63356.32,63204.01,63325.0,3668029.99719879
1786897800000,63325.0,63389.0,63291.0,63291.01,1067725.21338808
1786898700000,63291.01,63291.23,63205.29,63259.84,1187409.06829636
1786899600000,63259.84,63270.0,63215.0,63219.71,632934.14630855
1786900500000,63219.71,63231.97,63185.0,63191.59,473821.85170392
1786901400000,63191.59,63203.33,63125.0,63125.01,2676194.76859118
1786902300000,63125.01,63166.37,63125.0,63159.05,506373.26737241
1786903200000,63159.05,63168.02,63120.0,63139.99,370017.65577934
1786904100000,63139.99,63178.64,63139.99,63156.58,127030.17576284
1786905000000,63156.58,63156.58,63145.0,63145.0,38121.48272007
1786905900000,63145.0,63147.61,63144.13,63144.14,35678.09623732
1786906800000,63144.14,63189.74,63144.13,63177.31,148558.99840979
1786907700000,63177.31,63220.0,63177.3,63220.0,147001.15192021
1786908600000,63220.0,63231.64,63155.0,63159.67,387821.28724114
1786909500000,63159.67,63175.0,63097.26,63110.93,379321.42092126
1786910400000,63110.93,63140.0,63110.93,63133.72,277231.60953181
1786911300000,63133.72,63133.73,63093.13,63093.13,154007.31219881
1786912200000,63093.13,63111.88,63047.24,63071.48,668539.7441259
1786913100000,63071.48,63071.78,63026.32,63066.97,317078.37822904
1786914000000,63066.97,63077.35,63035.0,63058.1,588839.72753
1786914900000,63058.1,63091.16,63030.0,63035.01,334049.48372557
1786915800000,63035.01,63040.43,62740.0,62939.28,2561652.77744773
1786916700000,62939.28,62979.99,62884.0,62930.55,674597.47566438
1786917600000,62930.55,62930.56,62790.0,62928.08,1254394.52049302
1786918500000,62928.08,62956.99,62835.0,62849.99,2518459.01988085
1786919400000,62849.99,62850.0,62715.0,62794.1,1053742.92729739
1786920300000,62794.1,62910.0,62740.01,62910.0,690153.83270982
1786921200000,62910.0,62994.85,62845.0,62845.0,925453.31804127
1786922100000,62845.0,62913.63,62831.95,62844.99,622225.21589941
1786923000000,62844.99,62897.73,62839.65,62897.72,399212.68166783
1786923900000,62897.72,62930.0,62885.0,62901.75,369324.71812518
1786924800000,62901.75,62931.86,62861.61,62910.0,584046.53643582
1786925700000,62910.0,62910.0,62765.0,62865.0,1010198.15287663
1786926600000,62865.0,62959.99,62753.52,62945.01,1272274.29209273
1786927500000,62945.01,62952.31,62845.2,62915.08,689276.50112315
1786928400000,62915.08,63195.0,62895.0,63055.53,1741609.82798004
1786929300000,63055.53,63158.71,63030.0,63119.43,1066198.44341532
1786930200000,63119.43,63245.0,63119.43,63209.99,1324455.66464008
1786931100000,63209.99,63229.99,63109.2,63109.2,390045.03063288
1786932000000,63109.2,63125.0,63032.0,63075.53,365511.07468811
1786932900000,63075.53,63207.97,63048.01,63185.6,390240.9617764
1786933800000,63185.6,63358.28,63136.1,63255.01,1750173.11959892
1786934700000,63255.01,63498.11,63243.38,63400.0,2083946.14137727
1786935600000,63400.0,63445.0,63362.63,63414.97,906981.27977378
1786936500000,63414.97,63415.91,63343.0,63350.85,464305.30364709
1786937400000,63350.85,63380.0,63341.1,63349.59,417304.75505951
1786938300000,63349.59,63519.83,63343.55,63427.35,923431.75523125
1786939200000,63427.35,63519.1,63427.35,63485.0,1493778.40977373
1786940100000,63485.0,63523.52,63470.0,63510.11,833638.09590829
1786941000000,63510.11,63519.48,63470.89,63487.0,1007144.97223311
1786941900000,63487.0,63585.0,63487.0,63535.0,1284635.58620517
1786942800000,63535.0,63544.74,63447.4,63530.67,1623411.27821158
1786943700000,63530.67,63588.1,63480.0,63485.37,3769882.1625331
1786944600000,63485.37,63498.42,63445.0,63462.98,483269.0616996
1786945500000,63462.98,63535.28,63457.76,63517.83,2522890.86749866
1786946400000,63517.83,63619.99,63478.44,63575.38,1295821.87445311
1786947300000,63575.38,63599.95,63559.32,63584.71,1409662.98106253
1786948200000,63584.71,63611.05,63565.73,63600.02,1216716.29980337
1786949100000,63600.02,63722.22,63600.01,63664.0,1859162.59487406
1786950000000,63664.0,63664.01,63565.0,63581.13,1200486.71823949
1786950900000,63581.13,63588.9,63530.0,63582.32,1013060.120516
1786951800000,63582.32,63582.33,63535.0,63541.0,1809220.51333449
1786952700000,63541.0,63555.0,63515.0,63517.26,1537611.62986969
1786953600000,63517.26,63544.7,63420.0,63432.03,2189640.54344784
1786954500000,63432.03,63449.02,63404.84,63418.53,864584.38933529
1786955400000,63418.53,63435.0,63375.0,63375.01,473485.22202359
1786956300000,63375.01,63405.0,63351.35,63380.83,710222.22823754
1786957200000,63380.83,63420.0,63380.82,63420.0,601043.29086073
1786958100000,63420.0,63430.0,63333.33,63375.0,464298.09927914
1786959000000,63375.0,63375.0,63305.0,63309.72,1123339.40875506
1786959900000,63309.72,63316.69,63292.62,63316.69,442781.14298384
1786960800000,63316.69,63330.0,63295.0,63329.97,434454.99180054
1786961700000,63329.97,63449.99,63302.0,63449.99,631714.60597727
1786962600000,63449.99,63639.51,63445.41,63630.42,2603677.21501978
1786963500000,63630.42,63693.87,63595.0,63688.02,2280796.13247007
1786964400000,63688.02,63706.53,63640.01,63654.78,1592656.03921111
1786965300000,63654.78,63692.38,63640.0,63661.41,733553.76747973
1786966200000,63661.41,63698.21,63661.4,63692.85,765054.18020447
1786967100000,63692.85,63778.99,63585.0,63627.14,2535764.13846793
1786968000000,63627.14,63679.09,63584.25,63662.41,1510329.55689491
1786968900000,63662.41,63662.41,63530.0,63576.12,1656032.86294643
1786969800000,63576.12,63640.0,63527.04,63564.93,1070092.27831402
1786970700000,63564.93,63629.99,63550.0,63553.15,1159876.95389485
1786971600000,63553.15,63581.75,63506.48,63562.79,1292980.37656572
1786972500000,63562.79,63562.8,63440.0,63494.99,1256310.11897093
1786973400000,63494.99,63798.66,63480.0,63652.37,4555980.61894183
1786974300000,63652.37,63725.0,63590.0,63665.0,3128723.8274487
1786975200000,63665.0,63729.98,63585.0,63692.91,3823992.70835078
1786976100000,63692.91,63741.94,63590.0,63618.73,2754386.87534466
1786977000000,63618.73,63700.0,63590.0,63623.4,1526231.24502775
1786977900000,63623.4,63898.65,63615.59,63898.64,2659164.48741724
1786978800000,63898.64,63989.96,63858.85,63864.01,2337435.1232587
1786979700000,63864.01,64111.19,63810.0,64048.34,4363599.91816549
1786980600000,64048.34,64119.59,63985.0,64085.01,1828802.07411819
1786981500000,64085.01,64226.21,64080.01,64197.68,1776698.78404146
1786982400000,64197.68,64209.91,64065.01,64074.72,1964254.5280938
1786983300000,64074.72,64144.99,64056.0,64095.0,1322849.47934209
1786984200000,64095.0,64174.99,64071.75,64081.34,987984.13934594
1786985100000,64081.34,64137.38,64070.0,64112.64,1073496.61169094
1786986000000,64112.64,64114.19,63981.01,63981.01,875702.58913404
1786986900000,63981.01,64423.43,63974.47,64201.66,4459136.33688634
1786987800000,64201.66,64283.61,64066.0,64223.25,1389216.80998672
1786988700000,64223.25,64343.38,64221.3,64324.89,2034029.82465176
1786989600000,64324.89,64385.0,64279.11,64373.98,1438840.96423523
1786990500000,64373.98,64615.0,64365.0,64482.46,3749867.10984306
1786991400000,64482.46,64509.99,64392.01,64454.78,1588115.54169894
1786992300000,64454.78,64483.72,64402.78,64423.36,1672737.39861962
1786993200000,64423.36,64423.36,64310.36,64325.0,1816194.13262329
1786994100000,64325.0,64419.57,64324.6,64395.0,1502721.70424438
1786995000000,64395.0,64415.0,64335.0,64364.88,1360507.21751404
1786995900000,64364.88,64365.0,64285.0,64303.01,1885076.82811625
1786996800000,64303.01,64309.99,64260.0,64309.99,799278.60712476
1786997700000,64309.99,64435.0,64288.01,64414.25,797429.26230282
1786998600000,64414.25,64414.26,64353.4,64391.09,639729.63259287
1786999500000,64391.09,64408.72,64328.19,64390.33,822215.43485083
1787000400000,64390.33,64430.0,64363.41,64371.27,460110.84227372
1787001300000,64371.27,64407.22,64325.78,64328.59,172365.66474235
1787002200000,64328.59,64377.63,64295.03,64335.0,891653.81277543
1787003100000,64335.0,64385.0,64334.0,64376.44,460270.75320972
1787004000000,64376.44,64417.58,64304.99,64306.1,2898761.85490463
1787004900000,64306.1,64339.94,64280.56,64285.03,1280512.58535562
1787005800000,64285.03,64336.07,64275.0,64300.67,375606.8863054
1787006700000,64300.67,64315.0,64280.0,64287.74,316344.57251713
1787007600000,64287.74,64373.18,64276.73,64359.63,389832.06222503
1787008500000,64359.63,64487.04,64359.62,64487.04,1097817.12761309
1787009400000,64487.04,64563.55,64460.32,64473.26,1329669.60775817
1787010300000,64473.26,64578.68,64470.0,64528.55,849950.37071539
1787011200000,64528.55,64558.87,64413.46,64434.99,1322202.9842481
1787012100000,64434.99,64499.51,64434.99,64458.45,712976.94996809
1787013000000,64458.45,64458.46,64385.0,64394.59,790139.57669793
1787013900000,64394.59,64394.59,64357.08,64384.98,1024549.73190548
1787014800000,64384.98,64384.98,64286.79,64343.64,1830766.74362535
1787015700000,64343.64,64355.0,64305.0,64322.03,853671.95826563
1787016600000,64322.03,64344.99,64245.0,64285.92,847553.68228529
1787017500000,64285.92,64285.92,64151.78,64201.87,1295991.08810445
1787018400000,64201.87,64274.53,64180.0,64180.01,655865.46695193
1787019300000,64180.01,64204.84,64155.0,64156.01,1093814.53135675
1787020200000,64156.01,64202.86,64121.33,64121.33,1255266.95682047
1787021100000,64121.33,64139.99,64052.75,64104.99,2459172.23663232
1787022000000,64104.99,64135.0,64086.2,64089.42,583176.64285112
1787022900000,64089.42,64146.99,64089.41,64115.03,1366009.36011686
1787023800000,64115.03,64189.99,64041.93,64185.85,1350348.44687355
1787024700000,64185.85,64185.86,64146.48,64185.11,1212089.70445116
1787025600000,64185.11,64185.12,64091.79,64145.0,2998313.60453048
1787026500000,64145.0,64150.0,64125.0,64149.99,605939.2131817
1787027400000,64149.99,64248.55,64149.99,64215.28,1642316.3459422
1787028300000,64215.28,64225.0,64185.0,64214.37,406003.17784235
1787029200000,64214.37,64275.05,64180.67,64238.82,2006273.61992227
1787030100000,64238.82,64255.0,64210.0,64254.99,1427463.59982989
1787031000000,64254.99,64255.0,64139.42,64252.37,1713247.85062729
1787031900000,64252.37,64254.19,64202.91,64235.92,1356809.91242416
1787032800000,64235.92,64276.44,64160.0,64230.01,2345344.35557783
1787033700000,64230.01,64357.72,64230.01,64342.7,869686.29029297
1787034600000,64342.7,64451.22,64342.7,64435.01,1624062.87141274
1787035500000,64435.01,64440.0,64280.0,64320.0,1155214.99703681
1787036400000,64320.0,64345.0,64286.31,64339.99,587592.82469367
1787037300000,64339.99,64354.91,64283.93,64283.93,623033.30065904
1787038200000,64283.93,64283.93,64239.82,64246.8,1141486.00931539
1787039100000,64246.8,64246.8,64165.0,64199.08,905488.89861797
1787040000000,64199.08,64209.45,64090.0,64154.99,1988214.06683356
1787040900000,64154.99,64238.22,64154.99,64211.23,380761.45594245
1787041800000,64211.23,64335.0,64206.03,64286.49,1014556.53477918
1787042700000,64286.49,64287.51,64240.01,64287.51,396245.56216948
1787043600000,64287.51,64287.51,64231.24,64241.83,302256.68763861
1787044500000,64241.83,64241.83,64150.0,64163.46,345239.91439969
1787045400000,64163.46,64185.0,64141.79,64154.37,345155.35938843
1787046300000,64154.37,64188.32,64136.94,64173.85,283914.51155802
1787047200000,64173.85,64205.0,64140.0,64153.39,948530.62727261
1787048100000,64153.39,64175.0,64130.0,64161.42,198654.55607698
1787049000000,64161.42,64219.98,64161.41,64190.0,301684.90150201
1787049900000,64190.0,64205.0,64186.45,64204.9,149140.19098903
1787050800000,64204.9,64330.0,64195.26,64321.9,2590934.21461832
1787051700000,64321.9,64375.14,64321.9,64370.68,428403.80651281
1787052600000,64370.68,64390.0,64340.0,64383.31,282440.66594725
1787053500000,64383.31,64400.0,64337.38,64349.99,1067533.64352159
1787054400000,64349.99,64350.0,64281.28,64294.9,282503.9893433
1787055300000,64294.9,64329.93,64282.23,64299.0,284886.35356788
1787056200000,64299.0,64299.37,64250.0,64252.38,331665.91859499
1787057100000,64252.38,64252.38,64215.18,64227.43,649735.25798214
1787058000000,64227.43,64227.44,64160.01,64195.52,712112.40955063
1787058900000,64195.52,64195.52,64065.17,64072.44,796297.10177475
1787059800000,64072.44,64247.7,64043.61,64191.96,3742996.67362657
1787060700000,64191.96,64288.22,64120.0,64219.65,1170747.0211127
1787061600000,64219.65,64379.99,64219.64,64260.68,2183679.51227504
1787062500000,64260.68,65034.99,64255.0,64992.92,5875479.3700631
1787063400000,64992.92,65054.48,64734.1,64786.77,4541859.70515012
1787064300000,64786.77,64845.94,64664.6,64712.63,3221336.68979627
1787065200000,64712.63,64805.38,64650.0,64738.52,2750782.36501797
1787066100000,64738.52,64831.88,64720.0,64802.91,2297677.95578699
1787067000000,64802.91,64870.0,64795.0,64817.25,2202447.49831005
1787067900000,64817.25,64886.21,64801.0,64854.87,5338137.59952775
1787068800000,64854.87,64888.88,64738.49,64746.34,1851940.49191549
1787069700000,64746.34,64749.12,64690.88,64703.84,1258687.08851324
1787070600000,64703.84,64816.41,64670.0,64787.32,1687490.15557132
1787071500000,64787.32,64869.79,64778.07,64833.64,3711444.94480386
1787072400000,64833.64,64838.72,64776.51,64800.51,1538041.49379634
1787073300000,64800.51,64825.0,64761.0,64825.0,972310.65315399
1787074200000,64825.0,64830.0,64713.57,64725.97,2571702.32227028
1787075100000,64725.97,64730.11,64670.72,64670.72,1002209.83383947
1787076000000,64670.72,64735.0,64655.4,64734.33,995748.96017992
1787076900000,64734.33,64810.0,64728.95,64796.01,785206.40752744
1787077800000,64796.01,64824.99,64760.0,64760.01,763241.90774425
1787078700000,64760.01,64802.33,64756.84,64774.79,807633.17157965
1787079600000,64774.79,64774.79,64710.0,64721.26,911070.44559695
1787080500000,64721.26,64797.89,64707.81,64780.01,1057543.8147687
1787081400000,64780.01,64780.01,64676.64,64676.64,1152322.05214489
1787082300000,64676.64,64685.0,64643.15,64645.42,1039434.71758887
1787083200000,64645.42,64655.0,64585.95,64652.71,730000.75007476
1787084100000,64652.71,64652.71,64613.36,64615.01,766307.55904916
1787085000000,64615.01,64651.65,64601.87,64610.25,721699.27489148
1787085900000,64610.25,64620.58,64567.57,64580.0,1590613.49404803
1787086800000,64580.0,64655.0,64575.0,64631.83,896572.37746518
1787087700000,64631.83,64633.73,64608.3,64625.87,410681.3037053
1787088600000,64625.87,64625.87,64570.01,64585.45,731761.57701276
1787089500000,64585.45,64614.98,64580.01,64605.0,649198.54230129
1787090400000,64605.0,64610.0,64571.02,64575.39,651690.84093547
1787091300000,64575.39,64605.0,64560.16,64591.0,832849.75677937
1787092200000,64591.0,64650.0,64591.0,64638.0,995953.14311179
1787093100000,64638.0,64638.01,64605.0,64635.0,804884.23388217
1787094000000,64635.0,64714.27,64633.32,64697.73,903084.10568308
1787094900000,64697.73,64735.0,64697.72,64721.93,439156.39957374
1787095800000,64721.93,64780.0,64721.93,64774.59,432842.29390193
1787096700000,64774.59,64784.59,64725.29,64727.15,1113303.29055866
1787097600000,64727.15,64734.55,64584.23,64584.24,985301.53724209
1787098500000,64584.24,64669.99,64545.5,64604.99,904082.89595027
1787099400000,64604.99,64655.0,64547.27,64560.19,514397.74952377
1787100300000,64560.19,64583.59,64485.0,64486.31,1073608.65322377
1787101200000,64486.31,64548.4,64440.0,64529.47,1690923.55974655
1787102100000,64529.47,64530.0,64447.84,64485.45,971478.10507727
1787103000000,64485.45,64491.03,64398.5,64415.0,838620.04132532
1787103900000,64415.0,64444.99,64394.29,64405.0,591009.43835436
1787104800000,64405.0,64410.0,64357.18,64404.99,750366.6095755
1787105700000,64404.99,64415.0,64350.0,64398.96,998131.66328974
1787106600000,64398.96,64413.82,64377.18,64390.0,530855.71934216
1787107500000,64390.0,64417.5,64350.44,64356.08,593285.78954257
1787108400000,64356.08,64363.36,64283.5,64353.22,1131582.75502226
1787109300000,64353.22,64420.0,64353.22,64365.11,635755.13469845
1787110200000,64365.11,64365.99,64331.01,64344.52,522319.76988282
1787111100000,64344.52,64379.69,64331.0,64331.01,870970.87112683
1787112000000,64331.01,64331.01,64300.0,64319.7,780326.73765231
1787112900000,64319.7,64395.0,64319.19,64361.81,910154.82187927
1787113800000,64361.81,64380.8,64328.73,64350.01,1333996.87092788
1787114700000,64350.01,64370.0,64300.87,64319.38,1328172.75756567
1787115600000,64319.38,64414.99,64315.0,64407.43,1158819.1434167
1787116500000,64407.43,64407.43,64315.01,64361.93,1107378.59817761
1787117400000,64361.93,64361.93,64320.0,64320.0,1464647.64049392
1787118300000,64320.0,64321.53,64236.79,64239.01,1180075.19997403
1787119200000,64239.01,64252.52,64170.0,64180.0,2173717.48819569
1787120100000,64180.0,64310.0,64179.99,64274.58,1259102.16011733
1787121000000,64274.58,64297.87,64260.0,64270.01,1989000.53962444
1787121900000,64270.01,64349.71,64263.01,64344.2,1697080.9014013
1787122800000,64344.2,64375.0,64275.0,64371.77,4913970.54132995
1787123700000,64371.77,64371.79,64310.1,64346.63,1585346.36998453
1787124600000,64346.63,64400.0,64339.86,64364.98,1813439.26873787
1787125500000,64364.98,64374.99,64297.05,64298.75,1375400.68004124
1787126400000,64298.75,64329.99,64257.42,64257.42,1240825.75946364
1787127300000,64257.42,64290.0,64251.0,64289.57,751326.17832888
1787128200000,64289.57,64510.0,64289.56,64452.23,1755001.9105773
1787129100000,64452.23,64475.0,64415.88,64415.88,1454726.12912697
1787130000000,64415.88,64476.42,64390.86,64390.87,2248832.03007565
1787130900000,64390.87,64416.51,64371.44,64387.1,1351823.49852995
1787131800000,64387.1,64403.47,64355.01,64368.3,2194095.34047822
1787132700000,64368.3,64425.0,64368.29,64424.99,1501256.15187893
1787133600000,64424.99,64425.0,64375.0,64392.43,1818271.18923576
1787134500000,64392.43,64400.0,64363.67,64400.0,2079983.85652991
1787135400000,64400.0,64425.0,64380.0,64409.37,2497191.8723996
1787136300000,64409.37,64457.9,64398.0,64457.89,1883448.18322135
1787137200000,64457.89,64540.0,64451.82,64504.07,2174629.90930773
1787138100000,64504.07,64530.64,64480.0,64501.93,2475398.84816061
1787139000000,64501.93,64525.0,64460.0,64462.67,2123725.82416735
1787139900000,64462.67,64525.0,64462.67,64510.0,2704758.58914892
1787140800000,64510.0,64516.4,64475.0,64504.99,1736186.80186866
1787141700000,64504.99,64505.71,64487.3,64492.1,1792429.48525584
1787142600000,64492.1,64954.95,64484.9,64943.13,5761842.91118288
1787143500000,64943.13,64985.0,64819.01,64885.37,2080723.96015817
1787144400000,64885.37,64995.0,64788.73,64917.34,1997162.65273655
1787145300000,64917.34,65036.63,64917.33,65005.01,1786892.69946025
1787146200000,65005.01,65217.02,64805.09,65042.69,6430151.61949513
1787147100000,65042.69,65181.37,64981.0,65014.98,2915399.60175474
1787148000000,65014.98,65435.67,65014.98,65399.99,5528399.13744234
1787148900000,65399.99,65472.28,65316.74,65404.09,5903453.41917596
1787149800000,65404.09,65505.0,65345.0,65454.59,3392378.87899423
1787150700000,65454.59,65967.75,65440.06,65920.0,9289528.17250117
1787151600000,65920.0,66789.0,65885.0,66641.6,18282387.56097549
1787152500000,66641.6,69731.33,66571.0,68263.48,63242751.66928072
1787153400000,68263.48,68844.19,67699.28,68674.35,21292784.10427451
1787154300000,68674.35,68675.79,68230.09,68550.0,15176967.52434271
1787155200000,68550.0,68999.16,68523.14,68555.0,11175746.00884628
1787156100000,68555.0,68925.0,68555.0,68895.0,3717375.9494335
1787157000000,68895.0,68895.0,68555.0,68584.57,4542454.28920749
1787157900000,68584.57,68695.0,68415.0,68465.0,3631890.92300654
1787158800000,68465.0,68530.0,68221.79,68239.99,2124315.63391756
1787159700000,68239.99,68314.83,67848.04,68004.89,4198885.67897795
1787160600000,68004.89,68056.49,67830.0,68044.8,1970345.03289337
1787161500000,68044.8,68265.0,68044.8,68198.16,1715978.33249592
1787162400000,68198.16,68253.91,68040.0,68193.39,1353922.66203722
1787163300000,68193.39,68320.0,68180.01,68280.0,1020527.76549564
1787164200000,68280.0,68433.33,68230.01,68430.0,891833.10162
1787165100000,68430.0,68453.05,68319.01,68390.9,1145923.90479339
1787166000000,68390.9,68458.71,68102.81,68122.1,6643800.49556713
1787166900000,68122.1,68399.01,68122.1,68184.99,2262419.94855118
1787167800000,68184.99,68405.0,68130.15,68395.0,4382554.47541992
1787168700000,68395.0,68485.52,68365.01,68430.0,1411724.95023113
1787169600000,68430.0,68709.99,68391.2,68677.8,3865707.17210766
1787170500000,68677.8,68817.0,68565.0,68699.77,2974380.06095133
1787171400000,68699.77,68794.68,68650.0,68673.02,1071967.5188277
1787172300000,68673.02,69585.0,68623.8,69050.01,21948005.63965456
1787173200000,69050.01,69930.72,68985.01,69439.99,21683233.03478417
1787174100000,69439.99,69755.0,69265.79,69635.0,5308427.19261355
1787175000000,69635.0,69839.28,69381.0,69674.99,6700911.69886609
1787175900000,69674.99,70024.06,69500.07,69714.99,10336443.29931518
1787176800000,69714.99,69839.99,69305.13,69305.13,7628003.89853801
1787177700000,69305.13,69412.77,69151.53,69151.53,2934286.79745489
1787178600000,69151.53,69484.75,68986.84,69355.0,5659771.6076488
1787179500000,69355.0,69355.0,69110.01,69262.05,4118942.74941006
1787180400000,69262.05,69416.05,69210.01,69357.99,5093333.35432608
1787181300000,69357.99,69457.81,69270.08,69377.41,4300487.05997519
1787182200000,69377.41,69396.23,69250.0,69325.0,2505119.55825992
1787183100000,69325.0,69342.59,69160.01,69341.05,2327148.23886845
1787184000000,69341.05,69666.0,69320.0,69572.67,3811783.07301928
1787184900000,69572.67,69790.0,69561.01,69627.54,1553854.67473963
1787185800000,69627.54,69695.0,69490.0,69575.0,3216704.66917869
1787186700000,69575.0,69717.57,69380.0,69426.62,3236485.98888587
1787187600000,69426.62,69519.99,69290.0,69384.95,2051884.47767461
1787188500000,69384.95,69444.98,69282.34,69334.99,2730897.6239922
1787189400000,69334.99,69640.0,69300.0,69640.0,3231471.61411928
1787190300000,69640.0,69895.0,69635.3,69719.75,2483688.8986677
1787191200000,69719.75,69821.83,69582.31,69684.26,2227886.5793664
1787192100000,69684.26,69712.39,69491.22,69514.99,2531794.11283238
1787193000000,69514.99,69556.2,69320.85,69324.3,2834996.43778621
1787193900000,69324.3,69373.5,69275.0,69309.0,6874283.27979569
1787194800000,69309.0,69313.27,68910.0,68995.7,6046078.166335
1787195700000,68995.7,69205.0,68946.01,68966.8,3891678.29831555
1787196600000,68966.8,69204.99,68966.8,69189.63,4021901.54342254
1787197500000,69189.63,69345.0,69161.0,69192.0,3071083.17163282
1787198400000,69192.0,69387.24,69165.0,69371.4,2985251.43682733
1787199300000,69371.4,69409.07,69294.46,69359.99,2635487.12888242
1787200200000,69359.99,69380.0,69235.0,69349.97,1669230.157727
1787201100000,69349.97,69595.0,69349.97,69492.0,3085183.6508541
1787202000000,69492.0,69555.0,69460.0,69466.71,2813985.05078162
1787202900000,69466.71,69666.0,69450.01,69585.24,3914000.27396442
1787203800000,69585.24,69630.0,69526.0,69558.44,2994857.38393514
1787204700000,69558.44,69558.44,69361.0,69414.04,2892517.12335381
1787205600000,69414.04,69439.27,69360.01,69385.0,3155904.17282826
1787206500000,69385.0,69699.69,69345.0,69599.21,4472943.44743819
1787207400000,69599.21,69789.79,69596.68,69775.8,4282298.10795376
1787208300000,69775.8,69923.08,69775.0,69850.0,4108844.72564423
1787209200000,69850.0,70020.0,69755.0,69796.17,7366334.96997178
1787210100000,69796.17,69796.17,69610.12,69696.0,3246261.9286469
1787211000000,69696.0,69696.0,69510.0,69620.24,6250044.36756307
1787211900000,69620.24,69823.19,69567.74,69823.18,3952241.65705124
1787212800000,69823.18,71366.92,69791.11,71295.0,19710488.20817932
1787213700000,71295.0,71564.99,71015.25,71340.21,11294383.66178959
1787214600000,71340.21,71670.0,71175.01,71500.0,13347758.45751701
1787215500000,71500.0,71813.24,71445.0,71577.8,10353047.2175335
1787216400000,71577.8,71960.0,71495.0,71931.94,14779910.92771285
1787217300000,71931.94,72070.0,71750.56,71825.01,16097314.84331534
1787218200000,71825.01,72048.57,71735.0,71996.0,8538897.80682852
1787219100000,71996.0,72026.59,71689.1,71794.99,9141119.12514154
1787220000000,71794.99,72165.0,71705.0,72144.44,7470513.04528684
1787220900000,72144.44,72485.0,71980.0,72039.61,14911152.93026472
1787221800000,72039.61,72048.91,71768.76,71808.06,3933736.73073641
1787222700000,71808.06,71995.75,71808.06,71995.75,4673415.93848318
1787223600000,71995.75,72145.0,71840.01,71990.0,3283633.41251085
1787224500000,71990.0,72044.99,71875.0,71895.01,3112077.06069339
1787225400000,71895.01,72324.88,71860.63,72153.05,6547681.7952608
1787226300000,72153.05,72274.63,71820.0,71925.44,4382698.96735813
1787227200000,71925.44,71985.0,71505.01,71795.5,7289595.92571056
1787228100000,71795.5,71884.99,71690.01,71837.19,4162829.87530775
1787229000000,71837.19,72010.3,71653.0,71676.79,2951929.76916672
1787229900000,71676.79,71958.44,71503.29,71955.0,4673131.84448555
1787230800000,71955.0,72100.0,71900.0,72055.0,8076504.76174339
1787231700000,72055.0,72055.0,71853.0,71959.31,8322943.26250723
1787232600000,71959.31,71962.73,71135.0,71668.21,12091898.30046602
1787233500000,71668.21,71840.27,71434.02,71686.35,9252804.7601323
1787234400000,71686.35,71988.89,71610.9,71817.04,4183291.93237861
1787235300000,71817.04,71825.0,71361.16,71450.16,3351953.68116202
1787236200000,71450.16,71718.61,71410.01,71543.3,1465808.18675454
1787237100000,71543.3,71823.53,71415.11,71823.52,1702100.90717067
1787238000000,71823.52,72566.02,71795.0,72245.0,11164098.34978116
1787238900000,72245.0,72415.0,71982.5,72414.05,11331824.47369805
1787239800000,72414.05,72832.94,72171.01,72250.0,12602706.01529544
1787240700000,72250.0,72565.0,72174.17,72469.98,7382334.57053763
1787241600000,72469.98,72514.5,72275.01,72310.0,2884035.38129968
1787242500000,72310.0,72424.68,72210.0,72412.91,1240997.80127729
1787243400000,72412.91,72695.0,72286.61,72632.64,5790340.93210618
1787244300000,72632.64,72908.69,72525.0,72845.39,5488980.97466881
1787245200000,72845.39,72875.0,72535.0,72690.0,3577117.75972049
1787246100000,72690.0,72847.09,72565.01,72810.01,3870222.59413526
1787247000000,72810.01,72860.0,72670.01,72757.71,2086391.9511949
1787247900000,72757.71,72966.01,72712.0,72738.01,4404122.7739286
1787248800000,72738.01,72815.0,72466.4,72611.65,6628166.33724651
1787249700000,72611.65,72736.0,72482.01,72687.45,2026994.42449737
1787250600000,72687.45,72695.0,72392.86,72495.0,2779023.13755879
1787251500000,72495.0,72619.99,72417.39,72430.0,1560425.71587488
1787252400000,72430.0,72504.11,72329.01,72485.01,2298532.61149935
1787253300000,72485.01,72635.0,72470.0,72605.66,1334758.28692601
1787254200000,72605.66,72775.0,72545.01,72715.0,1899525.31947504
1787255100000,72715.0,72748.08,72585.01,72689.99,3102117.01557252
1787256000000,72689.99,72782.12,72630.0,72689.0,2079283.88331567
1787256900000,72689.0,72915.5,72630.0,72832.6,1413436.87955082
1787257800000,72832.6,73085.0,72703.55,72762.8,3632824.73767174
1787258700000,72762.8,72780.0,72590.0,72670.0,4010176.74544217
1787259600000,72670.0,72695.0,72555.0,72694.99,3990015.3815087
1787260500000,72694.99,72845.0,72647.72,72656.52,3677582.2591532
1787261400000,72656.52,72829.99,72656.52,72738.6,1460356.39006437
1787262300000,72738.6,72787.06,72711.0,72748.49,5733784.97128121
1787263200000,72748.49,72760.0,72500.0,72611.99,3284188.6520573
1787264100000,72611.99,72830.0,72560.01,72790.0,2090199.17090911
1787265000000,72790.0,72804.99,72678.63,72690.02,904059.07358787
1787265900000,72690.02,72880.0,72675.0,72676.71,1137066.06074166
1787266800000,72676.71,72926.1,72662.73,72926.1,545170.9349431
1787267700000,72926.1,73400.0,72900.01,73205.0,11733069.91131111
1787268600000,73205.0,73390.0,73078.47,73108.46,3016084.52450625
1787269500000,73108.46,73156.28,72987.52,73023.28,1549701.20016089
1787270400000,73023.28,73500.0,73020.83,73494.33,7555789.59313337
1787271300000,73494.33,73892.3,73350.02,73720.0,13404776.60815161
1787272200000,73720.0,73987.29,73530.0,73690.0,8078639.12809832
1787273100000,73690.0,73850.0,73585.0,73710.75,1647610.09048825
1787274000000,73710.75,73997.63,73665.0,73984.99,1836834.0203243
1787274900000,73984.99,74861.73,73955.0,74725.41,19322890.75340168
1787275800000,74725.41,75045.0,74545.0,74736.98,11762746.18714633
1787276700000,74736.98,75782.39,74705.01,75132.99,20791990.27246849
1787277600000,75132.99,75190.0,74677.27,74880.21,10807659.9890656
1787278500000,74880.21,74994.99,74655.31,74976.0,4255770.17432533
1787279400000,74976.0,75094.99,74575.0,74725.26,5032361.36407703
1787280300000,74725.26,74725.26,74382.72,74440.97,6760917.09897564
1787281200000,74440.97,74498.32,74250.0,74446.42,2131985.87650252
1787282100000,74446.42,74644.44,74320.0,74600.0,2532057.97540627
1787283000000,74600.0,74729.1,74440.01,74680.0,3399949.00741101
1787283900000,74680.0,74883.03,74505.0,74515.05,3177445.92279224
1787284800000,74515.05,74901.15,74515.05,74870.0,2788756.02562924
1787285700000,74870.0,74949.99,74785.01,74817.36,1405730.6747788
1787286600000,74817.36,74995.15,74782.97,74962.37,1372500.88888431
1787287500000,74962.37,75045.9,74930.0,75025.0,1697022.81076405
1787288400000,75025.0,75371.17,74915.01,75324.0,4779238.64756168
1787289300000,75324.0,75502.3,75055.0,75206.0,6461237.34470166
1787290200000,75206.0,75385.0,75105.01,75283.07,3733333.42409913
1787291100000,75283.07,75465.0,75215.0,75465.0,4195961.42803194
1787292000000,75465.0,75526.31,75271.0,75290.0,4948672.15834838
1787292900000,75290.0,75508.89,75101.0,75337.38,2595974.83954629
1787293800000,75337.38,75737.37,75315.0,75390.54,4399089.92515478
1787294700000,75390.54,75649.98,75291.43,75649.98,2947639.2116148
1787295600000,75649.98,76015.89,75619.41,75967.59,5778225.42828559
1787296500000,75967.59,76911.81,75940.0,76414.16,21972714.76757436
1787297400000,76414.16,76805.0,76291.04,76605.0,9764438.97306168
1787298300000,76605.0,76644.99,76223.45,76317.17,9286007.87159719
1787299200000,76317.17,77192.16,76256.81,76900.0,13397712.23735597
1787300100000,76900.0,77428.57,76850.01,77235.0,7716852.57241117
1787301000000,77235.0,77803.77,77175.01,77648.72,7997233.18067118
1787301900000,77648.72,79506.6,77582.0,79276.86,13710029.22568529
1787302800000,79276.86,79354.99,77254.16,77890.0,19897760.93958204
1787303700000,77890.0,77957.83,77465.53,77721.28,7422025.84460213
1787304600000,77721.28,78360.6,77625.01,78191.42,5805774.18620646
1787305500000,78191.42,78365.47,77579.75,77916.84,10018309.99461391
1787306400000,77916.84,78106.55,77620.0,78050.36,5021731.64933785
1787307300000,78050.36,78245.0,77666.39,77922.36,7892410.60515352
1787308200000,77922.36,77965.92,77630.0,77847.2,6678791.58846016
1787309100000,77847.2,78001.11,77745.01,77820.0,1919886.62414309
1787310000000,77820.0,77864.99,77343.28,77562.74,9161023.72880474
1787310900000,77562.74,77672.17,77245.0,77417.31,8735911.27437923
1787311800000,77417.31,77444.99,76427.43,76840.0,16012057.77146551
1787312700000,76840.0,77025.84,76615.01,76739.99,4555214.78173336
1787313600000,76739.99,76995.0,76540.0,76931.0,3902237.64355738
1787314500000,76931.0,76933.01,76650.01,76682.71,1635075.25258643
1787315400000,76682.71,77439.61,76635.0,77425.0,4222117.03247463
1787316300000,77425.0,77478.3,77116.94,77225.0,3698965.76255487
1787317200000,77225.0,77390.0,77045.45,77195.0,3006388.24692676
1787318100000,77195.0,77205.0,76846.4,77094.65,3758707.40085158
1787319000000,77094.65,77334.32,76250.01,77310.0,11590517.12705272
1787319900000,77310.0,77710.73,77110.18,77264.89,5760001.50415122
1787320800000,77264.89,77264.89,76699.98,76775.0,6969534.98936988
1787321700000,76775.0,77200.04,76555.0,77067.56,10202397.69591873
1787322600000,77067.56,77241.37,76865.0,77144.99,3033920.28942403
1787323500000,77144.99,77440.0,77125.0,77389.99,2116743.11098869
1787324400000,77389.99,77794.56,77327.01,77701.82,5201880.45574309
1787325300000,77701.82,77868.28,77520.0,77614.19,4573905.19587457
1787326200000,77614.19,77745.0,77485.0,77504.98,4077004.92652938
1787327100000,77504.98,77545.31,77175.0,77229.12,2314780.47326503
1787328000000,77229.12,77319.83,76855.56,76860.08,3165479.1458211
1787328900000,76860.08,77376.58,76783.03,77376.58,8996270.41105851
1787329800000,77376.58,77394.0,77231.0,77354.23,3024064.38204304
1787330700000,77354.23,77560.62,77313.32,77476.0,3543434.79975049
1787331600000,77476.0,77713.4,77464.0,77556.26,5267622.78129146
1787332500000,77556.26,77559.75,77186.93,77559.75,3954117.05774042
1787333400000,77559.75,77653.09,77345.17,77380.0,3591498.84213382
1787334300000,77380.0,77514.99,77320.0,77390.01,1736519.55119071
1787335200000,77390.01,77550.5,77280.0,77330.0,2581008.42622773
1787336100000,77330.0,77495.0,77265.0,77385.0,4410213.79357976
1787337000000,77385.0,77445.0,76868.09,76948.03,7633524.78509789
1787337900000,76948.03,77147.53,76632.01,77147.53,5233601.04926505
1787338800000,77147.53,77191.01,76860.0,77140.2,1296447.91873207
1787339700000,77140.2,77337.07,76971.73,77319.99,1373414.99061321
1787340600000,77319.99,77355.0,77100.0,77170.0,1497425.54894771
1787341500000,77170.0,77250.0,77020.0,77026.48,1048635.87136347
1787342400000,77026.48,77303.63,76866.27,77276.6,4349589.12384283
1787343300000,77276.6,77533.33,77276.6,77489.99,3092479.96140763
1787344200000,77489.99,77525.0,77350.0,77472.59,1723001.67149199
1787345100000,77472.59,77543.02,77315.01,77519.99,1398816.01629271
1787346000000,77519.99,77815.0,77390.0,77691.01,4372975.70238219
1787346900000,77691.01,78200.0,77585.0,78103.04,8425930.20688779
1787347800000,78103.04,78518.98,78000.0,78240.0,13640686.52021343
1787348700000,78240.0,78685.0,78225.19,78514.99,5145807.27422862
1787349600000,78514.99,78757.74,78175.85,78745.0,4305317.4865754
1787350500000,78745.0,78745.03,78348.0,78505.0,2332617.78321777
1787351400000,78505.0,78579.39,78088.8,78518.54,5018232.42936413
1787352300000,78518.54,78622.95,78241.0,78455.0,2022638.45140322
1787353200000,78455.0,78620.0,78340.0,78546.08,2772032.088776
1787354100000,78546.08,78720.16,78350.0,78407.16,6155352.65750947
1787355000000,78407.16,78515.5,78115.0,78386.84,6636548.99370679
1787355900000,78386.84,78408.03,78129.01,78341.4,4900623.71446616
1787356800000,78341.4,78505.0,77740.0,77910.0,6791902.99531073
1787357700000,77910.0,78100.0,77850.17,77920.01,8711199.06221579
1787358600000,77920.01,78065.0,77754.25,77839.99,2420675.61122638
1787359500000,77839.99,77985.0,77683.08,77945.0,13098696.69152801
1787360400000,77945.0,78198.95,77900.01,78102.67,5144811.08536568
1787361300000,78102.67,78154.48,77896.01,78009.23,10127422.29811972
1787362200000,78009.23,78230.0,77891.0,77920.0,4725415.54170456
1787363100000,77920.0,78008.18,77815.0,77832.64,3674290.79243336
1787364000000,77832.64,78105.0,77788.74,78050.19,2238646.72184203
1787364900000,78050.19,78478.32,78036.77,78388.89,3299320.86641101
1787365800000,78388.89,78505.66,78162.3,78505.0,7517057.85123218
1787366700000,78505.0,78559.51,78311.3,78475.0,4908194.40686623
1787367600000,78475.0,78700.0,78371.63,78395.01,4059118.08355047
1787368500000,78395.01,78795.37,78369.0,78766.0,2842140.3107436
1787369400000,78766.0,78830.39,78558.39,78645.0,2208615.02824549
1787370300000,78645.0,78692.38,78392.65,78410.48,2345219.87805603
1787371200000,78410.48,78469.99,78240.0,78395.07,2683085.01330227
1787372100000,78395.07,78588.0,78205.01,78587.99,3544310.67544176
1787373000000,78587.99,78817.82,78520.04,78654.65,1989352.13008135
1787373900000,78654.65,78693.42,78458.0,78470.0,2725022.2334579
1787374800000,78470.0,78590.0,76508.39,77327.68,60563401.12964603
1787375700000,77327.68,77540.0,76733.45,77308.0,10378905.35516305
1787376600000,77308.0,77567.75,76919.57,77180.0,6755547.28621083
1787377500000,77180.0,77505.0,77070.01,77380.15,2856383.72405968
1787378400000,77380.15,77445.0,77157.09,77175.0,2597222.08511591
1787379300000,77175.0,77395.0,77175.0,77250.01,4085582.4891908
1787380200000,77250.01,77564.2,76991.0,77395.71,4072703.13577308
1787381100000,77395.71,77535.0,77390.0,77486.09,2829754.65764833
1787382000000,77486.09,77665.0,77272.01,77372.97,7922976.17498883
1787382900000,77372.97,77475.0,77216.74,77470.05,11351465.54680867
1787383800000,77470.05,77497.22,77290.0,77406.19,4268341.09583645
1787384700000,77406.19,77433.36,77265.01,77285.0,2075604.26569485
1787385600000,77285.0,77425.0,77190.0,77417.77,4956455.20679785
1787386500000,77417.77,77432.99,77101.01,77216.0,4252364.05737487
1787387400000,77216.0,77310.0,77014.61,77285.01,4756271.77477932
1787388300000,77285.01,77285.01,77100.01,77179.67,2629469.4273209
1787389200000,77179.67,77328.54,77040.0,77328.54,7148551.85347676
1787390100000,77328.54,77350.0,77165.0,77205.01,8791434.21754132
1787391000000,77205.01,77245.0,77150.36,77195.0,490852.31841286
1787391900000,77195.0,77195.0,76838.01,77059.99,6999823.77687868
1787392800000,77059.99,77070.0,76680.0,76715.01,4633099.22857913
1787393700000,76715.01,76950.0,76535.84,76936.01,11327014.24319962
1787394600000,76936.01,77165.0,76840.27,77157.98,4407874.26928636
1787395500000,77157.98,77180.0,76895.0,76980.0,3163626.46331692
1787396400000,76980.0,77069.34,76820.01,76865.01,1360847.32542198
1787397300000,76865.01,76973.05,76814.38,76965.35,3595584.9694022
1787398200000,76965.35,77163.42,76924.46,77159.97,4420424.55511453
1787399100000,77159.97,77179.99,77040.39,77110.01,2777229.43446457
1787400000000,77110.01,77240.0,77040.39,77207.24,7028130.74388997
1787400900000,77207.24,77309.9,77174.01,77303.01,8268428.91688852
1787401800000,77303.01,77317.06,77172.95,77317.05,1119588.31599791
1787402700000,77317.05,77359.99,77237.29,77285.93,727785.63745206
1787403600000,77285.93,77298.24,77180.0,77210.01,2734850.65898307
1787404500000,77210.01,77239.99,77115.0,77163.82,3319843.88534505
1787405400000,77163.82,77185.0,77105.38,77149.99,4022096.79931604
1787406300000,77149.99,77362.89,77145.0,77285.01,1866413.15869533
1787407200000,77285.01,77310.0,76960.0,77032.84,3724229.79427048
1787408100000,77032.84,77094.57,76965.0,77094.56,567217.50449729
1787409000000,77094.56,77167.54,76960.0,76962.24,976014.8920522
1787409900000,76962.24,77084.99,76927.0,77006.64,604993.00918095
1787410800000,77006.64,77090.39,76950.0,76950.0,867944.3241471
1787411700000,76950.0,77028.95,76880.0,76992.16,954929.38279132
1787412600000,76992.16,77104.76,76990.0,77060.01,522048.99399036
1787413500000,77060.01,77093.85,76917.0,76980.12,1104974.64612287
1787414400000,76980.12,77075.0,76960.31,77061.53,1899531.04438351
1787415300000,77061.53,77240.0,77051.17,77200.01,1009774.51941358
1787416200000,77200.01,77460.8,77180.0,77395.27,2918201.94300757
1787417100000,77395.27,77555.0,77286.0,77286.0,1287051.71493752
1787418000000,77286.0,77335.0,77245.01,77260.0,3845940.18397796
1787418900000,77260.0,77330.06,77068.55,77087.99,3856683.90719303
1787419800000,77087.99,77220.0,77087.99,77219.99,611049.5628388
1787420700000,77219.99,77370.36,77219.99,77276.79,634599.60674092
1787421600000,77276.79,77355.0,77216.73,77235.0,451311.15182619
1787422500000,77235.0,77345.0,77234.99,77295.0,297047.11347651
1787423400000,77295.0,77324.86,77223.04,77223.05,602547.07212628
1787424300000,77223.05,77260.0,77140.0,77259.99,1006450.66312732
1787425200000,77259.99,77340.0,77205.01,77326.97,952646.93386178
1787426100000,77326.97,77337.35,77252.01,77280.49,1257052.5737685
1787427000000,77280.49,77421.87,77280.49,77421.87,426638.13506764
1787427900000,77421.87,77465.0,77405.0,77415.09,480337.38599461
1787428800000,77415.09,77464.14,77360.0,77410.0,331338.37434277
1787429700000,77410.0,77425.0,77291.0,77291.0,1022873.91065212
1787430600000,77291.0,77413.84,77260.01,77355.0,892593.32909778
1787431500000,77355.0,77380.0,77270.0,77317.25,807431.69992133
1787432400000,77317.25,77317.26,77025.71,77049.03,2885877.69147297
1787433300000,77049.03,77212.0,77049.03,77184.0,614325.69944325
1787434200000,77184.0,77203.88,76925.0,77032.93,1093511.64109725
1787435100000,77032.93,77032.93,76821.69,76855.0,1612635.6667507
1787436000000,76855.0,77155.89,76775.01,77104.99,3252893.8082017
1787436900000,77104.99,77155.0,77045.0,77050.01,1556980.1149984
1787437800000,77050.01,77080.0,76880.0,77062.38,3802762.47214527
1787438700000,77062.38,77147.3,76965.0,77003.36,1318135.97912886
1787439600000,77003.36,77090.0,76950.0,76979.99,943964.89909709
1787440500000,76979.99,77028.85,76945.0,76949.63,561427.24987624
1787441400000,76949.63,77040.0,76905.01,77021.37,844178.64076602
1787442300000,77021.37,77132.97,77011.4,77080.01,645919.14107931
1787443200000,77080.01,77150.0,77048.0,77080.49,1007433.47680507
1787444100000,77080.49,77250.0,77055.01,77229.38,1858972.99005349
1787445000000,77229.38,77360.0,77228.35,77285.01,1316951.79474725
1787445900000,77285.01,77350.67,77255.0,77306.0,1332044.29842228
1787446800000,77306.0,77400.0,77172.76,77400.0,2867797.01945305
1787447700000,77400.0,77400.0,77251.14,77262.16,2883770.02703262
1787448600000,77262.16,77310.0,77170.0,77252.68,1561421.92268551
1787449500000,77252.68,77325.0,77160.01,77195.53,2570778.11064033
1787450400000,77195.53,77210.0,77043.17,77052.97,848247.09742241
1787451300000,77052.97,77130.0,77009.66,77115.0,1164513.84415883
1787452200000,77115.0,77208.36,77114.99,77177.31,1401461.52534315
1787453100000,77177.31,77227.98,77065.14,77081.41,2500177.16825823
1787454000000,77081.41,77115.0,77010.0,77085.01,606689.55659348
1787454900000,77085.01,77145.0,76989.0,76989.0,658058.47008577
1787455800000,76989.0,76994.89,76840.01,76855.26,1517615.07817223
1787456700000,76855.26,76990.0,76855.26,76930.85,1241650.18400005
1787457600000,76930.85,77035.0,76719.46,77005.01,7499256.53662378
1787458500000,77005.01,77039.99,76796.85,76965.96,1493530.63111298
1787459400000,76965.96,76977.2,76815.0,76826.75,2344691.9974194
1787460300000,76826.75,76826.76,76460.01,76606.0,8717932.14801529
1787461200000,76606.0,76735.0,75813.46,75895.0,12720036.04156004
1787462100000,75895.0,76331.52,75568.0,76231.77,10499900.86793754
1787463000000,76231.77,76335.0,76105.01,76168.81,3882040.21320175
1787463900000,76168.81,76250.0,76030.0,76065.01,1204965.90136916
1787464800000,76065.01,76160.0,75887.0,76084.97,4329560.65044034
1787465700000,76084.97,76306.73,76080.0,76229.9,1714385.22139741
1787466600000,76229.9,76360.0,76176.01,76257.81,2961808.2086345
1787467500000,76257.81,76275.0,76030.0,76100.0,4114558.9423029
1787468400000,76100.0,76325.0,76030.0,76299.99,2326207.79468005
1787469300000,76299.99,76350.0,76225.01,76225.86,464571.81750839
1787470200000,76225.86,76234.54,76050.52,76059.44,608402.42423894
1787471100000,76059.44,76150.0,75903.37,76012.94,3564810.88860398
1787472000000,76012.94,76300.0,75957.92,76201.56,3974615.57287781
1787472900000,76201.56,76290.0,76193.6,76236.39,1782187.04844395
1787473800000,76236.39,76652.01,76236.39,76521.72,2559764.9423986
1787474700000,76521.72,76614.89,76445.0,76480.04,965960.7750968
1787475600000,76480.04,76636.85,76453.31,76580.0,1833168.60958228
1787476500000,76580.0,76601.59,76470.22,76544.52,1961749.53155017
1787477400000,76544.52,76579.99,76461.57,76561.97,1641435.33002517
1787478300000,76561.97,76635.0,76505.01,76544.76,2287540.89911343
1787479200000,76544.76,76729.99,76536.63,76644.99,2414788.68987491
1787480100000,76644.99,76913.01,76639.0,76754.25,2481152.08149372
1787481000000,76754.25,76920.0,76740.0,76849.99,1757153.19947186
1787481900000,76849.99,76875.0,76773.42,76779.84,682389.74055415
1787482800000,76779.84,76879.99,76733.75,76878.3,2456738.08503094
1787483700000,76878.3,77315.0,76820.54,77160.0,4633565.66283059
1787484600000,77160.0,77380.0,77125.21,77272.03,3776063.58534299
1787485500000,77272.03,77390.0,77180.0,77306.63,3514405.89795911
1787486400000,77306.63,77310.0,77005.01,77080.0,2348816.51898142
1787487300000,77080.0,77138.61,77020.0,77044.38,1962726.29935799
1787488200000,77044.38,77250.0,77044.38,77241.52,408242.84894605
1787489100000,77241.52,77260.0,77165.01,77215.6,996358.0541713
1787490000000,77215.6,77342.48,77200.0,77335.89,390681.54210552
1787490900000,77335.89,77769.62,77335.01,77435.77,12261501.54124725
1787491800000,77435.77,77624.99,77347.01,77522.55,1313216.16116201
1787492700000,77522.55,77566.31,77375.0,77484.43,4074438.01966413
1787493600000,77484.43,77620.21,77325.0,77550.01,2813012.71211216
1787494500000,77550.01,77656.85,77416.0,77447.27,5682070.89946348
1787495400000,77447.27,77485.12,76800.0,77017.12,7893934.84745672
1787496300000,77017.12,77314.49,77017.12,77190.0,3380548.23662915
1787497200000,77190.0,77339.6,77075.0,77161.55,1383201.39198364
1787498100000,77161.55,77245.0,76917.04,77198.93,2047117.79669489
1787499000000,77198.93,77323.27,77140.0,77280.0,657801.47833383
1787499900000,77280.0,77280.0,77140.0,77160.45,444197.6490201
1787500800000,77160.45,77310.57,77155.07,77273.84,1563584.48471947
1787501700000,77273.84,77330.0,77210.0,77329.99,467042.0166717
1787502600000,77329.99,77442.05,77315.01,77386.0,1149053.53686422
1787503500000,77386.0,77477.78,77360.0,77425.0,957664.75371173
1787504400000,77425.0,77445.0,77145.0,77285.7,2373343.22722627
1787505300000,77285.7,77385.73,77195.0,77260.0,746172.58620196
1787506200000,77260.0,77323.13,77160.0,77238.1,950505.56201687
1787507100000,77238.1,77330.0,77190.0,77190.0,526249.47451215
1787508000000,77190.0,77410.0,77113.22,77345.54,1212651.84018137
1787508900000,77345.54,77405.0,77270.0,77355.01,2340246.93184377
1787509800000,77355.01,77365.0,77305.0,77337.71,338694.29856886
1787510700000,77337.71,77341.6,77256.22,77341.6,783337.43853792
1787511600000,77341.6,77412.88,77250.59,77320.0,504484.07424378
1787512500000,77320.0,77400.0,77300.0,77355.0,219460.40398143
1787513400000,77355.0,77447.43,77256.0,77435.86,402115.80345112
1787514300000,77435.86,77487.89,77330.0,77340.0,1672169.97298021
1787515200000,77340.0,77340.01,77200.0,77277.18,1480940.33996092
1787516100000,77277.18,77415.36,77272.03,77385.01,570343.05853324
1787517000000,77385.01,77463.97,77381.18,77425.01,325028.86823358
1787517900000,77425.01,77439.0,77387.27,77401.9,292866.80885405
1787518800000,77401.9,77708.86,77401.9,77700.0,1930071.23648898
1787519700000,77700.0,78059.38,77699.47,78034.9,14945084.12550724
1787520600000,78034.9,78044.99,77550.0,77635.0,4571938.89550326
1787521500000,77635.0,77870.0,77634.99,77840.0,2317851.1767333
1787522400000,77840.0,77980.0,77579.75,77701.54,4343600.11147169
1787523300000,77701.54,77815.0,77635.0,77665.0,1499346.30434126
1787524200000,77665.0,77725.0,77600.01,77650.01,1446981.45074574
1787525100000,77650.01,77710.0,77565.01,77600.0,1113279.04441372
1787526000000,77600.0,77620.0,77287.56,77474.01,2196884.40426759
1787526900000,77474.01,77670.0,77449.01,77666.94,1761011.27104081
1787527800000,77666.94,77825.0,77397.0,77489.13,4401575.75258905
1787528700000,77489.13,77795.0,77485.0,77730.0,5631492.82823675
1787529600000,77730.0,77745.0,77506.22,77620.0,1539253.00561922
1787530500000,77620.0,77640.0,77270.01,77436.71,4754295.56041271
1787531400000,77436.71,77590.0,77215.3,77240.0,2708950.69103027
1787532300000,77240.0,77685.0,77157.44,77685.0,3703679.4458534
1787533200000,77685.0,77720.0,77437.25,77437.25,2397230.96497209
1787534100000,77437.25,77469.88,77225.01,77241.0,2255901.44022286
1787535000000,77241.0,77370.0,77173.5,77220.0,2893599.58292746
1787535900000,77220.0,77266.95,76912.12,76920.01,6600404.03879009
1787536800000,76920.01,77425.0,76880.95,77371.43,3076444.71532123
1787537700000,77371.43,77510.85,77371.43,77445.0,1511116.50869297
1787538600000,77445.0,77550.0,77405.0,77446.53,1035125.80918196
1787539500000,77446.53,77534.99,77246.13,77481.11,3134523.1353066
1787540400000,77481.11,77535.0,77220.0,77221.93,1170751.1263444
1787541300000,77221.93,77275.95,77125.0,77125.0,2036269.65967693
1787542200000,77125.0,77167.58,76970.02,76990.01,1838481.1457753
1787543100000,76990.01,77163.85,76938.0,76941.31,2310793.15354103
1787544000000,76941.31,77100.0,76941.3,77026.9,2724580.82223438
1787544900000,77026.9,77255.0,77026.89,77229.48,1213855.90017281
1787545800000,77229.48,77235.0,77055.01,77105.0,2067381.04561128
1787546700000,77105.0,77130.0,76670.1,76897.63,6557368.82454522
1787547600000,76897.63,77215.0,76845.0,77210.28,3430409.42250522
1787548500000,77210.28,77233.13,76945.0,77056.85,2498336.98086734
1787549400000,77056.85,77180.0,76840.01,77090.01,2631626.28507329
1787550300000,77090.01,77175.0,76990.01,77149.22,4248377.06218637
1787551200000,77149.22,77425.0,77062.59,77390.01,3176647.41697114
1787552100000,77390.01,77459.49,77292.42,77351.0,5988644.18163989
1787553000000,77351.0,77375.0,77220.18,77340.0,4561898.67163741
1787553900000,77340.0,77525.62,77333.33,77461.87,3966664.1959152
1787554800000,77461.87,77783.93,77457.13,77746.61,6563833.9093334
1787555700000,77746.61,77746.61,77545.0,77589.99,2170311.97816914
1787556600000,77589.99,77590.0,77341.13,77341.5,2284819.6274393
1787557500000,77341.5,77420.0,77285.0,77309.53,2670229.88367281
1787558400000,77309.53,77416.27,77206.62,77248.47,3891947.72093948
1787559300000,77248.47,77248.49,76835.0,76921.17,8503970.61798449
1787560200000,76921.17,77130.0,76910.0,77130.0,1761668.18698015
1787561100000,77130.0,77146.15,77020.0,77045.0,1248918.76089946
1787562000000,77045.0,77310.0,77030.0,77290.0,2553290.96745431
1787562900000,77290.0,77419.47,77210.01,77419.47,3145044.17025662
1787563800000,77419.47,77502.3,77400.0,77469.49,3284334.64249164
1787564700000,77469.49,77598.17,77440.0,77545.62,1058422.30774096
1787565600000,77545.62,77881.48,77536.28,77837.33,11551246.70810661
1787566500000,77837.33,77938.42,77765.01,77850.0,5388717.54384569
1787567400000,77850.0,78019.99,77705.34,77733.5,3320682.6424005
1787568300000,77733.5,77830.0,77550.78,77621.47,2202329.57127962
1787569200000,77621.47,77855.53,77442.09,77825.0,3222850.74406144
1787570100000,77825.0,77894.99,77725.0,77835.55,5168723.58764605
1787571000000,77835.55,78564.7,77820.01,78564.7,21184221.93253266
1787571900000,78564.7,78595.0,78095.0,78432.28,8518101.47153674
1787572800000,78432.28,78439.63,78102.15,78145.0,4603258.73580419
1787573700000,78145.0,78499.0,77977.19,78450.0,7417877.74687594
1787574600000,78450.0,78885.0,78375.01,78725.0,18548397.16226783
1787575500000,78725.0,79330.64,78710.02,79155.85,13659807.98131508
1787576400000,79155.85,79429.96,78955.0,79214.12,6549044.42414052
1787577300000,79214.12,79235.0,78878.43,79018.89,11275379.87500955
1787578200000,79018.89,79040.0,78205.01,78286.0,16470098.27235106
1787579100000,78286.0,78615.0,77859.19,78595.0,7105360.79412694
1787580000000,78595.0,79238.55,78595.0,79210.0,11521955.31328693
1787580900000,79210.0,79650.63,78875.0,79387.19,20121030.95615718
1787581800000,79387.19,79834.42,79335.0,79664.94,16782336.51317987
1787582700000,79664.94,79769.99,79279.0,79509.99,7675430.00621446
1787583600000,79509.99,79715.0,79365.01,79554.21,4263621.7859547
1787584500000,79554.21,79985.0,79525.0,79893.75,12246865.22476676
1787585400000,79893.75,80013.64,79023.08,79297.97,15455554.48243909
1787586300000,79297.97,79554.67,78820.0,79095.0,14650827.57800135
1787587200000,79095.0,79535.0,79095.0,79490.32,11278557.47593044
1787588100000,79490.32,79866.09,79480.01,79668.1,8004252.16011667
1787589000000,79668.1,79775.0,79376.16,79376.16,2231839.79420051
1787589900000,79376.16,79393.29,78892.53,79050.27,9026440.90588694
1787590800000,79050.27,79197.68,78606.56,79098.02,10437633.7724679
1787591700000,79098.02,79175.0,78452.35,78539.64,13709113.93755077
1787592600000,78539.64,78853.0,78480.01,78635.0,2537122.33915136
1787593500000,78635.0,78822.92,78560.0,78769.22,3956717.05393332
1787594400000,78769.22,79022.29,78737.0,79010.0,4025706.72548266
1787595300000,79010.0,79068.73,78930.0,79005.0,2408158.84403796
1787596200000,79005.0,79083.33,78715.01,78968.69,3302766.92297794
1787597100000,78968.69,79080.0,78860.38,78930.0,2039726.85297737
1787598000000,78930.0,79115.49,78777.67,79027.33,3040261.52574044
1787598900000,79027.33,79039.99,78613.87,78874.99,2843753.69815402
1787599800000,78874.99,78957.9,78759.0,78883.43,1030708.50822946
1787600700000,78883.43,78890.0,78594.78,78751.44,2710113.04917111
1787601600000,78751.44,78819.99,78558.23,78689.99,2547382.86488277
1787602500000,78689.99,78790.0,78615.01,78694.28,1157928.70043508
1787603400000,78694.28,78994.99,78640.0,78906.77,1855286.04471637
1787604300000,78906.77,78936.92,78825.0,78933.76,1478950.47047465
1787605200000,78933.76,79045.0,78933.76,79026.97,853724.89509596
1787606100000,79026.97,79040.0,78854.33,78919.91,2045126.73261176
1787607000000,78919.91,79025.0,78919.91,78985.35,1552582.80829572
1787607900000,78985.35,79040.0,78920.0,78984.69,973241.20125126
1787608800000,78984.69,78990.0,78827.44,78873.89,543104.10593217
1787609700000,78873.89,78930.0,78755.35,78779.77,247226.84278272
1787610600000,78779.77,78919.32,78726.76,78765.01,953734.00222876
1787611500000,78765.01,78835.0,78705.0,78743.18,1635087.79658949
1787612400000,78743.18,78820.0,78625.0,78744.99,1249406.51927784
1787613300000,78744.99,78980.0,78742.57,78905.0,619701.3999086
1787614200000,78905.0,78987.09,78870.0,78960.01,1538364.35241993
1787615100000,78960.01,79005.0,78835.01,78991.22,822960.70072789
1787616000000,78991.22,79069.99,78900.0,78961.87,2697422.82546844
1787616900000,78961.87,78961.88,78716.0,78795.0,1558755.89804238
1787617800000,78795.0,79365.0,78745.0,79365.0,5841864.38465956
1787618700000,79365.0,79886.0,79330.01,79734.99,5840290.58105047
1787619600000,79734.99,79984.92,79610.0,79644.99,6173786.65649767
1787620500000,79644.99,79960.0,79474.6,79825.0,4769976.60912823
1787621400000,79825.0,79910.0,79665.01,79700.0,2290542.79499575
1787622300000,79700.0,79845.0,79507.0,79823.74,1930060.69947133
1787623200000,79823.74,79927.01,79735.0,79863.34,3222949.103306
1787624100000,79863.34,81075.37,79820.0,81011.89,34811429.47525175
1787625000000,81011.89,81283.62,80780.0,80821.51,18064514.72526264
1787625900000,80821.51,80859.99,80430.01,80650.0,9182304.76148703
1787626800000,80650.0,80950.0,80590.0,80795.0,6552215.18997419
1787627700000,80795.0,80819.99,80512.4,80640.0,3576344.25306338
1787628600000,80640.0,80874.99,80545.0,80593.95,9040924.96192692
1787629500000,80593.95,80675.0,80300.0,80485.0,13481239.11787264
1787630400000,80485.0,80610.0,80275.86,80499.99,4776056.94260024
1787631300000,80499.99,80500.0,80245.01,80264.25,11829493.61997658
1787632200000,80264.25,80394.61,80158.88,80242.45,6321642.00996978
1787633100000,80242.45,80370.0,80225.0,80370.0,5481820.41201309
1787634000000,80370.0,80580.0,80323.01,80545.78,3519065.50893248
1787634900000,80545.78,80744.67,80481.0,80639.94,5230638.87843654
1787635800000,80639.94,80820.0,80600.0,80705.02,4271796.4605112
1787636700000,80705.02,80804.99,80640.0,80730.37,4773293.10252482
1787637600000,80730.37,80855.89,80677.19,80840.0,5723882.89748338
1787638500000,80840.0,80916.6,80727.43,80751.0,4908311.36882002
1787639400000,80751.0,80751.0,80513.37,80535.0,3796811.99977213
1787640300000,80535.0,80572.26,80411.9,80572.26,2721119.79655003
1787641200000,80572.26,80810.0,80545.0,80720.0,3723014.42681783
1787642100000,80720.0,80745.0,80603.0,80670.01,1624783.94301132
1787643000000,80670.01,80695.0,80480.97,80515.0,3674054.71980019
1787643900000,80515.0,80525.0,79365.47,79706.0,26308938.48178226
1787644800000,79706.0,79979.42,79620.0,79925.01,8550208.36760271
1787645700000,79925.01,80249.0,79925.0,80195.01,5965073.54854522
1787646600000,80195.01,80225.0,79915.0,80109.99,4360122.94359751
1787647500000,80109.99,80125.0,79840.2,79935.01,1903410.06839089
1787648400000,79935.01,79959.96,79711.98,79850.0,4561291.24153998
1787649300000,79850.0,79969.9,79775.0,79821.94,3929447.31744431
1787650200000,79821.94,79945.0,79745.0,79745.01,2526120.94255729
1787651100000,79745.01,79780.0,78892.86,79189.88,22916487.56523341
1787652000000,79189.88,79345.0,78995.01,79310.0,13979961.77941708
1787652900000,79310.0,79416.66,79226.0,79271.22,4466874.87486306
1787653800000,79271.22,79325.0,79230.34,79318.39,2806223.89344923
1787654700000,79318.39,79489.99,79303.15,79310.64,2900334.12294964
1787655600000,79310.64,79398.08,79095.0,79102.45,4149488.90165788
1787656500000,79102.45,79303.59,79065.01,79255.0,5022053.43261721
1787657400000,79255.0,79466.41,79155.15,79155.16,3642007.2697936
1787658300000,79155.16,79185.0,79040.9,79119.99,4027955.95477112
1787659200000,79119.99,79175.0,78680.0,79082.0,13012965.16071683
1787660100000,79082.0,79085.0,78640.0,78889.99,9152305.9538436
1787661000000,78889.99,79005.0,78771.01,78930.0,3472863.09621344
1787661900000,78930.0,79090.0,78895.0,78980.02,3546799.41423746
1787662800000,78980.02,79083.72,78718.01,78810.01,5730556.66371212
1787663700000,78810.01,78820.0,78571.75,78649.47,14912194.08796205
1787664600000,78649.47,79229.4,78609.0,78640.0,15003651.5739271
1787665500000,78640.0,78664.99,78118.0,78645.0,16004485.15373073
1787666400000,78645.0,79050.0,78532.14,78994.73,10972178.80291991
1787667300000,78994.73,79309.86,78905.0,79205.01,15905188.92999193
1787668200000,79205.01,79374.98,79030.0,79170.0,7021317.32102
1787669100000,79170.0,79375.0,79167.74,79231.06,5157571.36559066
1787670000000,79231.06,79359.99,79060.0,79100.01,2766921.03827046
1787670900000,79100.01,79285.0,79014.01,79233.28,2174543.34450791
1787671800000,79233.28,79476.19,79185.0,79402.27,3798888.47145378
1787672700000,79402.27,79525.0,79265.0,79500.0,3668713.49243499
1787673600000,79500.0,79566.67,79157.84,79165.01,2897325.45892073
1787674500000,79165.01,79270.0,79070.0,79145.65,1904135.13008149
1787675400000,79145.65,79359.99,79137.39,79226.01,986058.64694059
1787676300000,79226.01,79355.0,79091.0,79160.0,2017666.00158899
1787677200000,79160.0,79160.0,78860.27,78968.92,5110517.3055782
1787678100000,78968.92,79024.41,78759.0,78804.99,4766386.88030138
1787679000000,78804.99,79186.36,78804.99,79142.59,2125890.58492854
1787679900000,79142.59,79257.37,79142.59,79240.0,1368702.13793933
1787680800000,79240.0,79350.83,79220.0,79316.06,5555109.24737008
1787681700000,79316.06,79335.0,79240.0,79266.75,1468030.91596184
1787682600000,79266.75,79266.76,79105.0,79169.99,2774761.30806676
1787683500000,79169.99,79238.56,79047.87,79126.0,2841182.4721978
1787684400000,79126.0,79185.0,79020.0,79162.58,2671028.84021377
1787685300000,79162.58,79229.99,78911.01,78930.0,2254663.10865654
1787686200000,78930.0,78940.0,78730.38,78741.04,2269913.60538005
1787687100000,78741.04,78944.99,78741.01,78925.91,2785593.82176368
1787688000000,78925.91,78975.0,78670.01,78875.0,4925400.99665421
1787688900000,78875.0,78963.15,78770.0,78770.01,1223018.7040959
1787689800000,78770.01,78789.99,78373.34,78469.99,5379019.29606967
1787690700000,78469.99,78544.99,78180.0,78199.34,19006908.09811147
1787691600000,78199.34,78307.87,77867.79,78291.13,17664195.72689936
1787692500000,78291.13,78484.17,78210.01,78466.0,5575741.44858357
1787693400000,78466.0,78653.33,78378.0,78579.99,3622897.60320561
1787694300000,78579.99,78662.64,78540.0,78570.01,3968557.97218721
1787695200000,78570.01,78944.99,78570.01,78933.44,5727270.45128786
1787696100000,78933.44,79005.0,78606.56,78645.0,3209643.82692707
1787697000000,78645.0,78864.99,78595.0,78778.0,1447429.13247628
1787697900000,78778.0,78954.66,78775.0,78892.81,968474.44095689
1787698800000,78892.81,78974.99,78805.0,78950.74,2289782.13440409
1787699700000,78950.74,78965.0,78626.0,78735.0,4562344.91085676
1787700600000,78735.0,78799.99,78521.4,78594.99,1864173.57486504
1787701500000,78594.99,78605.0,78396.78,78531.84,1298774.37016066
1787702400000,78531.84,78623.4,78305.97,78355.0,3140751.9958485
1787703300000,78355.0,78609.99,78340.0,78589.99,751087.51415592
1787704200000,78589.99,78669.99,78369.0,78390.0,1475106.49129918
1787705100000,78390.0,78714.99,78375.0,78633.46,1521220.72598511
1787706000000,78633.46,78903.7,78610.0,78749.99,3673144.37257761
1787706900000,78749.99,78870.0,78685.01,78709.73,3222644.10168637
1787707800000,78709.73,78957.8,78709.73,78874.98,656795.83433324
1787708700000,78874.98,78874.98,78765.01,78815.62,825272.78712731
1787709600000,78815.62,78879.39,78750.0,78780.01,586925.40534484
1787710500000,78780.01,79239.99,78753.62,79227.35,2245169.65101012
1787711400000,79227.35,79235.0,79125.0,79150.0,602899.49104934
1787712300000,79150.0,79178.34,79038.0,79110.11,640124.84552203
1787713200000,79110.11,79185.0,79037.74,79050.0,2084712.76483476
1787714100000,79050.0,79119.05,78996.04,79054.98,449092.13162503
1787715000000,79054.98,79120.0,78900.44,79061.3,551416.34775488
1787715900000,79061.3,79117.22,78950.49,79090.01,1128253.88364584
1787716800000,79090.01,79196.73,78965.01,79044.99,2416076.47277071
1787717700000,79044.99,79141.32,78984.0,79017.92,4429169.03940913
1787718600000,79017.92,79060.0,78895.01,78973.02,1842837.00188068
1787719500000,78973.02,78973.02,78790.01,78828.04,1028052.30009483
1787720400000,78828.04,78955.0,78640.0,78906.0,2793247.59606166
1787721300000,78906.0,79075.0,78756.0,79029.96,4273033.2532305
1787722200000,79029.96,79139.99,78990.0,79114.75,2487561.7590038
1787723100000,79114.75,79114.76,78947.36,79090.0,3427221.12268077
1787724000000,79090.0,79207.55,78970.01,79008.99,3630182.80788867
1787724900000,79008.99,79055.0,78828.57,78900.0,3736905.27318686
1787725800000,78900.0,78964.99,78807.12,78934.99,2988825.97958518
1787726700000,78934.99,78965.0,78863.19,78939.99,3101800.17406615
1787727600000,78939.99,79094.99,78865.01,78985.0,2590134.67058599
1787728500000,78985.0,79030.0,78902.11,78946.0,2725029.29208549
1787729400000,78946.0,79049.99,78890.01,79002.07,3842490.47939368
1787730300000,79002.07,79060.0,78920.01,78926.99,2652569.24561859
1787731200000,78926.99,79119.6,78830.0,79041.01,4235069.49973395
1787732100000,79041.01,79114.99,78905.0,78990.85,1514828.9730714
1787733000000,78990.85,79024.99,78902.11,79005.0,3079238.27366487
1787733900000,79005.0,79019.8,78596.2,78707.11,3683084.27629692
1787734800000,78707.11,78875.0,78672.14,78774.99,3404160.10549486
1787735700000,78774.99,78774.99,78400.0,78535.19,8514015.20263246
1787736600000,78535.19,78590.0,78322.0,78322.63,3260784.28524031
1787737500000,78322.63,78494.99,78240.01,78446.84,2700970.78858512
1787738400000,78446.84,78475.0,78295.0,78431.66,3180010.35074471
1787739300000,78431.66,78639.77,78425.01,78625.13,2134324.86084456
1787740200000,78625.13,78810.0,78567.14,78720.54,2519784.28237613
1787741100000,78720.54,78875.41,78700.0,78720.12,2134394.40502293
1787742000000,78720.12,78780.0,78659.32,78707.64,579990.39346321
1787742900000,78707.64,78734.99,78615.0,78625.01,2423783.91471229
1787743800000,78625.01,78625.01,78310.0,78475.0,1881546.90249409
1787744700000,78475.0,78574.99,78370.07,78483.01,1664393.68524063
1787745600000,78483.01,78560.0,78350.01,78399.08,1689345.97914597
1787746500000,78399.08,78708.03,78287.5,78708.03,1937015.94203635
1787747400000,78708.03,78708.03,77941.73,78271.0,17351356.88293834
1787748300000,78271.0,78445.0,78205.0,78315.0,2826228.17197617
1787749200000,78315.0,78450.0,77986.0,78124.46,7141323.58370618
1787750100000,78124.46,78179.66,77915.03,78050.0,4773378.32169586
1787751000000,78050.0,78498.24,78050.0,78494.99,6699521.23270757
1787751900000,78494.99,78555.44,78115.7,78445.01,3101500.49477266
1787752800000,78445.01,78605.0,78295.01,78455.16,3127002.69508261
1787753700000,78455.16,78569.99,78205.0,78244.99,2545119.00660797
1787754600000,78244.99,78284.51,77941.29,77982.59,5637749.65818
1787755500000,77982.59,78035.0,77769.63,77793.21,8439829.479777
1787756400000,77793.21,77958.82,77633.8,77848.2,9928454.86516742
1787757300000,77848.2,78160.0,77735.0,78159.99,6419560.23146761
1787758200000,78159.99,78162.4,77915.01,78030.0,3897415.84814287
1787759100000,78030.0,78149.06,77971.0,78010.0,1966686.84977456
1787760000000,78010.0,78177.53,77976.0,78084.75,3019693.03536994
1787760900000,78084.75,78134.59,77978.51,78062.0,2451195.90382275
1787761800000,78062.0,78149.99,77855.01,77871.0,2961423.63321618
1787762700000,77871.0,78169.99,77870.01,77990.01,2491938.96617093
1787763600000,77990.01,78130.0,77990.01,78130.0,1084656.14653908
1787764500000,78130.0,78516.95,78130.0,78516.95,3752672.58561484
1787765400000,78516.95,78606.56,78487.84,78510.0,3297245.18170227
1787766300000,78510.0,78517.19,78365.01,78439.95,1118332.08697446
1787767200000,78439.95,78655.37,78392.02,78561.26,3291057.65608903
1787768100000,78561.26,78601.46,78440.01,78462.78,3075558.01954983
1787769000000,78462.78,78495.0,78279.01,78297.49,1253113.87013314
1787769900000,78297.49,78500.0,78290.01,78470.19,662960.23685524
1787770800000,78470.19,78509.99,78376.33,78377.87,551246.05771585
1787771700000,78377.87,78570.0,78285.82,78529.72,2549914.75989073
1787772600000,78529.72,78545.0,78380.0,78432.49,2173008.79509746
1787773500000,78432.49,78535.0,78432.31,78475.0,1908859.88016834
1787774400000,78475.0,78520.0,78390.0,78417.17,373709.34807164
1787775300000,78417.17,78454.99,78196.0,78394.11,2763702.52700982
1787776200000,78394.11,78429.99,78288.54,78401.0,370179.92385575
1787777100000,78401.0,78459.35,78380.0,78452.86,226338.78161148
1787778000000,78452.86,78801.7,78383.01,78780.0,1245841.17504428
1787778900000,78780.0,78846.58,78710.0,78755.0,1429722.90687814
1787779800000,78755.0,78839.99,78655.0,78712.61,964459.40909738
1787780700000,78712.61,78803.45,78675.0,78722.06,616031.32055653
1787781600000,78722.06,78875.0,78680.0,78790.0,1682456.12670534
1787782500000,78790.0,78984.62,78770.14,78824.67,4109355.53218124
1787783400000,78824.67,78825.0,78596.19,78689.14,879189.23372484
1787784300000,78689.14,78734.99,78556.64,78696.0,1246396.38157747
1787785200000,78696.0,78750.0,78652.15,78710.39,619783.73346723
1787786100000,78710.39,78900.0,78678.05,78855.01,1877495.08614036
1787787000000,78855.01,79056.59,78855.01,79045.0,5095486.4115057
1787787900000,79045.0,79172.9,79003.0,79023.47,4671780.86613022
1787788800000,79023.47,79030.0,78821.34,78843.04,1768011.11491989
1787789700000,78843.04,78945.0,78823.1,78907.33,684039.79962899
1787790600000,78907.33,78910.0,78790.01,78884.62,1702177.81008999
1787791500000,78884.62,78890.0,78695.0,78695.0,2140898.80316158
1787792400000,78695.0,78780.0,78626.22,78671.9,3761568.78640873
1787793300000,78671.9,78965.67,78553.14,78939.09,2219817.33229474
1787794200000,78939.09,78979.99,78720.01,78720.01,1750007.77099838
1787795100000,78720.01,79020.0,78710.0,78896.83,1978035.07832551
1787796000000,78896.83,78985.0,78855.01,78885.11,977089.17329188
1787796900000,78885.11,78885.11,78727.12,78759.89,538422.51129171
1787797800000,78759.89,78800.0,78709.0,78737.14,427534.47483621
1787798700000,78737.14,78793.47,78715.0,78730.2,400605.60120125
1787799600000,78730.2,78785.0,78670.81,78677.12,613243.12262462
1787800500000,78677.12,78985.0,78644.37,78894.34,5894123.70659921
1787801400000,78894.34,78915.0,78825.01,78872.35,3189775.21937379
1787802300000,78872.35,78920.0,78768.01,78833.72,3827952.56680754
1787803200000,78833.72,78880.0,78791.32,78854.71,728152.58359298
1787804100000,78854.71,78895.73,78777.67,78777.68,1008036.03566109
1787805000000,78777.68,78810.0,78680.01,78809.89,2346674.31098307
1787805900000,78809.89,78815.0,78700.0,78773.15,257813.73786344
1787806800000,78773.15,78778.66,78634.71,78638.96,579892.14551014
1787807700000,78638.96,78797.67,78625.01,78659.5,626864.95302765
1787808600000,78659.5,78795.0,78590.13,78710.3,1197510.9000362
1787809500000,78710.3,78925.0,78705.01,78909.99,2379519.07260817
1787810400000,78909.99,78909.99,78647.01,78675.69,1420775.02616357
1787811300000,78675.69,78793.67,78605.01,78648.79,1774874.44176044
1787812200000,78648.79,78790.0,78648.78,78745.0,4318038.10210481
1787813100000,78745.0,78839.19,78745.0,78815.01,1574399.95957403
1787814000000,78815.01,78855.0,78760.06,78831.0,1569033.06820967
1787814900000,78831.0,78838.94,78745.0,78792.58,703309.06627839
1787815800000,78792.58,78872.04,78790.85,78842.21,1055065.49338356
1787816700000,78842.21,79092.31,78842.21,79084.33,1779146.22558483
1787817600000,79084.33,79870.93,79045.0,79629.97,13463309.34391166
1787818500000,79629.97,79748.93,79450.0,79744.99,4922847.96975785
1787819400000,79744.99,79997.97,79715.01,79920.0,4696761.81520044
1787820300000,79920.0,80025.86,79695.01,79754.99,5130075.40873782
1787821200000,79754.99,79880.0,79680.0,79879.98,1870868.27680186
1787822100000,79879.98,80500.0,79796.6,80494.1,11583784.00633813
1787823000000,80494.1,80520.0,80200.0,80250.0,3287158.49246358
1787823900000,80250.0,80280.0,79926.46,79993.98,6564859.99533494
1787824800000,79993.98,80163.64,79810.89,79938.46,2028212.99783197
1787825700000,79938.46,80024.99,79347.49,79667.99,7831867.24052856
1787826600000,79667.99,79679.99,79370.0,79615.0,3334433.26948875
1787827500000,79615.0,79634.62,79495.01,79628.74,4469111.22779164
1787828400000,79628.74,79758.21,79560.01,79756.01,2687735.05067678
1787829300000,79756.01,79770.0,79495.0,79519.99,3200547.12709234
1787830200000,79519.99,79564.99,79386.0,79435.01,2659448.99590604
1787831100000,79435.01,79505.0,79200.0,79482.91,6298093.15098742
1787832000000,79482.91,79559.92,79380.0,79505.72,1992832.18686929
1787832900000,79505.72,79598.98,79395.0,79555.0,699081.72387464
1787833800000,79555.0,79555.01,79265.0,79269.73,2095175.66697164
1787834700000,79269.73,79355.0,79262.0,79280.0,965207.13607571
1787835600000,79280.0,79383.96,79271.03,79363.96,1739178.05020622
1787836500000,79363.96,79492.93,79305.02,79351.91,3369101.74932818
1787837400000,79351.91,79359.99,79105.31,79238.74,4272645.41308795
1787838300000,79238.74,79570.0,78916.67,79535.0,6054765.43939194
1787839200000,79535.0,79803.03,79350.01,79450.0,5308771.76874969
1787840100000,79450.0,79911.27,79395.01,79909.94,2208583.37862801
1787841000000,79909.94,80393.43,79800.01,80361.81,5524659.03420235
1787841900000,80361.81,80361.81,80005.0,80202.69,3271955.83111101
1787842800000,80202.69,80800.0,80092.0,80670.0,10463295.30329646
1787843700000,80670.0,80725.0,80410.01,80599.49,3538443.73404373
1787844600000,80599.49,80609.99,80353.0,80494.99,3587402.15382779
1787845500000,80494.99,80509.99,80301.0,80303.7,4752912.15754642
1787846400000,80303.7,80534.99,80190.01,80411.0,2545273.72464758
1787847300000,80411.0,80534.99,80391.0,80407.15,3496612.42968172
1787848200000,80407.15,80629.4,80263.0,80569.5,6610733.28194115
1787849100000,80569.5,80605.0,80350.01,80371.4,2143365.39725861
1787850000000,80371.4,80665.0,80231.89,80625.55,3648301.19686113
1787850900000,80625.55,80850.0,80593.94,80716.33,5291796.8215721
1787851800000,80716.33,80808.86,80460.0,80484.99,4492948.49392789
1787852700000,80484.99,80565.0,80430.7,80438.39,985936.84589479
1787853600000,80438.39,80439.21,79986.6,80080.0,6141341.19639906
1787854500000,80080.0,80200.0,79750.0,79915.0,4150870.68530528
1787855400000,79915.0,80010.0,79826.0,79965.0,2713637.23754246
1787856300000,79965.0,80155.0,79905.01,80155.0,1050256.73978245
1787857200000,80155.0,80307.42,80115.0,80160.0,2240855.99680573
1787858100000,80160.0,80237.54,80040.01,80175.0,935982.84830686
1787859000000,80175.0,80225.0,79977.01,80006.13,1291969.99088108
1787859900000,80006.13,80050.0,79888.0,79912.16,1833644.153864
1787860800000,79912.16,80049.99,79882.47,79960.01,1601406.81989158
1787861700000,79960.01,80124.99,79955.0,79994.17,1052492.45428913
1787862600000,79994.17,80051.25,79980.01,80020.0,262048.25784409
1787863500000,80020.0,80100.0,79961.46,80090.6,784077.30447544
1787864400000,80090.6,80159.99,80020.01,80093.6,1669268.31016223
1787865300000,80093.6,80130.0,79990.0,80035.01,2137122.27467038
1787866200000,80035.01,80131.28,79975.01,80028.34,2738146.48600615
1787867100000,80028.34,80186.24,80000.0,80181.71,943823.2920764
1787868000000,80181.71,80316.76,80181.71,80245.01,960416.65522663
1787868900000,80245.01,80431.69,80200.01,80236.77,3520408.46420584
1787869800000,80236.77,80293.9,80149.0,80285.62,707723.818176
1787870700000,80285.62,80304.62,80220.01,80304.62,462405.49926371
1787871600000,80304.62,80304.62,80145.01,80164.81,684916.33135078
1787872500000,80164.81,80395.0,80135.01,80320.41,2273714.93023822
1787873400000,80320.41,80322.81,80245.01,80259.99,619142.42062636
1787874300000,80259.99,80319.99,80190.0,80247.14,581865.50497115
1787875200000,80247.14,80270.0,80150.01,80220.0,716308.4980652
1787876100000,80220.0,80466.66,80217.49,80424.99,2204611.60433815
1787877000000,80424.99,80498.31,80360.06,80418.76,2843922.80126302
1787877900000,80418.76,80700.0,80347.0,80570.0,3718989.68167419
1787878800000,80570.0,80881.71,80570.0,80755.0,2491945.98959612
1787879700000,80755.0,81178.76,80687.0,81133.21,5894993.05133392
1787880600000,81133.21,81450.0,80805.01,80840.2,14159885.11592429
1787881500000,80840.2,80884.99,80431.44,80499.0,5989394.8768804
1787882400000,80499.0,80499.0,80225.01,80235.35,2352286.52867521
1787883300000,80235.35,80294.99,79920.13,79920.13,5821816.68112982
1787884200000,79920.13,80155.0,79821.57,80030.0,3047477.58770337
1787885100000,80030.0,80034.99,79728.81,79930.0,10405671.58053339
1787886000000,79930.0,79974.99,79775.0,79875.69,2761758.76025907
1787886900000,79875.69,80050.0,79875.01,79910.0,1288061.38988905
1787887800000,79910.0,79993.87,79815.01,79816.28,4543326.51091846
1787888700000,79816.28,79865.0,79778.0,79820.0,955970.21025558
1787889600000,79820.0,79856.84,79605.62,79855.46,7446531.10108501
1787890500000,79855.46,79986.22,79815.02,79816.71,3288054.04554398
1787891400000,79816.71,79844.99,79640.0,79707.36,975436.82128835
1787892300000,79707.36,79745.0,79624.04,79650.01,1250917.57871562
1787893200000,79650.01,79724.98,79565.62,79638.79,2668616.45855103
1787894100000,79638.79,79735.0,79575.01,79729.0,3555934.13963179
1787895000000,79729.0,79859.53,79708.03,79814.24,2768058.61720661
1787895900000,79814.24,79880.65,79646.45,79684.18,1743229.31417152
1787896800000,79684.18,79910.0,79684.17,79909.99,2285372.07398912
1787897700000,79909.99,79909.99,79805.18,79830.01,1856817.09633048
1787898600000,79830.01,79879.99,79800.0,79865.33,1475626.89971227
1787899500000,79865.33,80002.71,79865.32,79905.0,1209988.58927814
1787900400000,79905.0,79905.01,79665.0,79690.84,838747.57190577
1787901300000,79690.84,79815.0,79680.01,79802.98,1628035.05522246
1787902200000,79802.98,79806.63,79585.61,79591.56,4376223.07284431
1787903100000,79591.56,79680.0,79591.52,79674.61,2016517.52131507
1787904000000,79674.61,79844.99,79674.6,79740.85,3291037.68038069
1787904900000,79740.85,79844.48,79740.85,79787.37,1060027.18918138
1787905800000,79787.37,79819.99,79715.0,79715.01,1623857.05106521
1787906700000,79715.01,79726.53,79483.09,79513.17,2936219.96749924
1787907600000,79513.17,79514.31,79251.8,79387.34,9535778.03819816
1787908500000,79387.34,79468.66,79375.47,79382.73,2070637.01152497
1787909400000,79382.73,79440.0,79276.0,79276.0,3801624.84260614
1787910300000,79276.0,79354.99,79271.54,79285.0,2390336.47685238
1787911200000,79285.0,79310.0,78997.67,79214.4,4451010.30858571
1787912100000,79214.4,79314.87,79151.0,79303.73,2158992.74213304
1787913000000,79303.73,79374.99,79295.0,79330.0,2990168.20859298
1787913900000,79330.0,79575.0,79320.0,79565.66,3059830.71628464
1787914800000,79565.66,79715.0,79551.71,79695.99,4116479.80156962
1787915700000,79695.99,79773.33,79645.01,79668.83,4972051.78086665
1787916600000,79668.83,79745.0,79585.54,79620.79,3341398.80727553
1787917500000,79620.79,79647.3,79559.81,79603.96,1206699.28216569
1787918400000,79603.96,79675.0,79516.01,79534.27,1779263.40179742
1787919300000,79534.27,79724.99,79525.0,79525.0,2732965.76580079
1787920200000,79525.0,79530.0,79305.0,79423.32,3409628.57130309
1787921100000,79423.32,79449.99,79355.0,79424.03,1478051.84818721
1787922000000,79424.03,79484.88,79289.0,79374.99,1315760.21180921
1787922900000,79374.99,79380.0,79097.59,79206.77,11814514.73194095
1787923800000,79206.77,79369.43,79045.0,79097.91,7258246.09390768
1787924700000,79097.91,79550.0,79082.31,79325.0,9905998.50794656
1787925600000,79325.0,79725.49,78428.57,78630.89,27850018.07124324
1787926500000,78630.89,79029.99,78510.01,78949.58,9302111.64123235
1787927400000,78949.58,79705.0,78845.26,79422.55,14276689.82510493
1787928300000,79422.55,79597.98,79100.0,79540.0,10355182.69695423
1787929200000,79540.0,79832.11,79282.31,79307.24,7783239.18648304
1787930100000,79307.24,79512.53,79237.01,79335.0,4142709.49391707
1787931000000,79335.0,79349.99,78776.86,78795.0,12754303.03084091
1787931900000,78795.0,78914.99,78312.5,78325.01,5788431.69183396
1787932800000,78325.01,78399.99,77825.01,77825.36,16645615.13449763
1787933700000,77825.36,77864.92,76885.01,77539.92,18244552.96265251
1787934600000,77539.92,77966.66,77520.0,77809.46,12939417.00608736
1787935500000,77809.46,77995.0,77774.0,77794.15,4000686.31992536
1787936400000,77794.15,78010.0,77660.0,77995.0,8357470.74667193
1787937300000,77995.0,78129.87,77826.71,77938.05,6077108.93817136
1787938200000,77938.05,77995.0,77695.01,77779.99,1604930.17483268
1787939100000,77779.99,77989.18,77779.99,77904.09,3955000.41801584
1787940000000,77904.09,77935.0,77745.0,77745.0,1868695.24607942
1787940900000,77745.0,77790.0,77505.76,77590.01,2034928.87080181
1787941800000,77590.01,77624.79,77345.33,77408.88,4681617.98731774
1787942700000,77408.88,77555.0,77271.95,77555.0,6644712.77108538
1787943600000,77555.0,77738.45,77520.01,77668.66,2523068.95423425
1787944500000,77668.66,77802.28,77630.97,77704.19,2433708.02473828
1787945400000,77704.19,77705.71,77537.3,77539.98,591727.21042536
1787946300000,77539.98,77594.99,77386.67,77566.12,4634218.53570858
1787947200000,77566.12,77610.0,77480.0,77565.83,5380842.61223914
1787948100000,77565.83,77565.84,77405.01,77511.67,1357859.92591575
1787949000000,77511.67,77511.68,77314.04,77410.0,996904.18874064
1787949900000,77410.0,77475.0,77345.01,77407.67,1083920.98787191
1787950800000,77407.67,77437.84,77335.01,77405.0,639809.68592054
1787951700000,77405.0,77434.99,77325.01,77410.0,962162.0932684
1787952600000,77410.0,77534.99,77410.0,77480.0,1375584.46437908
1787953500000,77480.0,77480.0,77257.06,77365.0,1713374.32486591
1787954400000,77365.0,77455.0,77342.0,77450.0,1143976.51833973
1787955300000,77450.0,77594.99,77400.01,77572.1,2492834.65618284
1787956200000,77572.1,77747.13,77566.61,77742.61,2048747.89975144
1787957100000,77742.61,77777.7,77680.01,77764.3,1859828.3837949
1787958000000,77764.3,77779.99,77680.3,77770.02,2105217.57194321
1787958900000,77770.02,77770.03,77670.01,77683.58,3128988.86784099
1787959800000,77683.58,77711.92,77675.0,77693.26,353812.40830637
1787960700000,77693.26,77849.99,77640.09,77843.97,757406.16686036
1787961600000,77843.97,77895.0,77785.0,77820.01,1471845.48623903
1787962500000,77820.01,77950.4,77820.0,77900.77,2462539.18749531
1787963400000,77900.77,77905.0,77772.25,77788.77,678704.08837414
1787964300000,77788.77,77819.91,77725.0,77735.47,798750.52384385
1787965200000,77735.47,77735.47,77630.0,77639.93,1171985.30573489
1787966100000,77639.93,77793.49,77639.29,77793.42,624294.47158204
1787967000000,77793.42,77829.99,77757.16,77826.06,3816449.9811116
1787967900000,77826.06,77850.0,77750.01,77800.01,927523.69405227
1787968800000,77800.01,77829.33,77746.0,77746.0,749609.26733393
1787969700000,77746.0,77751.93,77580.01,77632.34,1880900.36214815
1787970600000,77632.34,77680.0,77595.0,77620.42,1439347.83699356
1787971500000,77620.42,77711.6,77620.42,77672.22,406315.44069055
1787972400000,77672.22,77730.0,77672.22,77685.01,334439.77978642
1787973300000,77685.01,77715.0,77635.0,77686.06,704589.4807847
1787974200000,77686.06,77704.99,77575.31,77627.21,1204694.0802617
1787975100000,77627.21,77627.21,77505.76,77505.99,764620.85739453
1787976000000,77505.99,77603.56,77505.99,77583.08,706991.64957365
1787976900000,77583.08,77615.0,77583.08,77607.6,422802.48946229
1787977800000,77607.6,77645.0,77585.0,77619.75,665386.41942916
1787978700000,77619.75,77680.0,77615.0,77650.01,784386.50981883
1787979600000,77650.01,77715.0,77625.0,77700.01,746963.63626984
1787980500000,77700.01,77706.57,77635.98,77660.01,245887.59790293
1787981400000,77660.01,77717.0,77640.0,77685.08,422206.70604532
1787982300000,77685.08,77700.0,77605.3,77633.2,508650.56456981
1787983200000,77633.2,77638.27,77475.21,77479.46,1030769.73424008
1787984100000,77479.46,77524.17,77385.0,77410.96,1621414.08718071
1787985000000,77410.96,77496.12,77410.96,77450.01,1404622.38935365
1787985900000,77450.01,77479.52,77423.48,77466.86,945815.54700419
1787986800000,77466.86,77530.0,77435.0,77466.0,864942.0002024
1787987700000,77466.0,77531.11,77435.11,77523.0,416316.13702222
1787988600000,77523.0,77655.0,77510.01,77654.99,673188.40879486
1787989500000,77654.99,77665.69,77621.8,77626.01,335434.47150425
1787990400000,77626.01,77626.01,77479.0,77524.99,1193689.101872
1787991300000,77524.99,77595.0,77510.0,77594.99,771794.80759368
1787992200000,77594.99,77595.0,77515.0,77576.05,382199.79618381
1787993100000,77576.05,77630.04,77540.01,77630.04,523290.53362109
1787994000000,77630.04,77684.99,77565.0,77644.93,2062215.05970899
1787994900000,77644.93,77670.0,77610.01,77634.61,405447.37288059
1787995800000,77634.61,77759.77,77634.6,77665.0,1494844.84532422
1787996700000,77665.0,77680.0,77655.0,77655.0,298458.39752581
1787997600000,77655.0,77655.01,77520.31,77585.0,1467465.80644703
1787998500000,77585.0,77719.82,77584.99,77671.91,962495.1110164
1787999400000,77671.91,77724.61,77670.0,77687.38,668658.3085558
1788000300000,77687.38,77730.0,77635.0,77635.0,267104.34753448
1788001200000,77635.0,77728.94,77625.73,77728.93,367598.12132121
1788002100000,77728.93,77731.14,77680.0,77694.15,265399.13412059
1788003000000,77694.15,77700.0,77640.01,77641.58,219257.14348686
1788003900000,77641.58,77665.0,77570.01,77586.54,1161971.40240761
1788004800000,77586.54,77615.0,77567.1,77600.0,667737.05300082
1788005700000,77600.0,77658.82,77535.0,77584.99,707671.33918265
1788006600000,77584.99,77595.0,77505.01,77577.19,502329.33333885
1788007500000,77577.19,77595.0,77550.0,77584.05,453828.06165049
1788008400000,77584.05,77664.99,77565.01,77657.19,938301.08738344
1788009300000,77657.19,77725.0,77630.95,77654.6,1171726.54918816
1788010200000,77654.6,77715.0,77640.0,77661.57,262002.99935489
1788011100000,77661.57,77720.0,77660.0,77700.31,386638.57391405
1788012000000,77700.31,77723.31,77660.0,77685.0,487584.4182671
1788012900000,77685.0,77751.87,77675.0,77695.54,514792.57861618
1788013800000,77695.54,78025.0,77686.98,77931.06,6591156.06143859
1788014700000,77931.06,78152.65,77925.01,78008.34,5727024.21935959
1788015600000,78008.34,78015.0,77853.0,77937.04,1134067.72442843
1788016500000,77937.04,77994.99,77860.0,77901.0,1376225.95041942
1788017400000,77901.0,77901.0,77805.09,77835.01,1402386.01110381
1788018300000,77835.01,77935.0,77810.0,77860.0,672446.74517285
1788019200000,77860.0,77989.99,77860.0,77989.99,526621.92248268
1788020100000,77989.99,78113.49,77905.08,77940.0,5159616.84658444
1788021000000,77940.0,78024.99,77885.09,78010.0,1170613.55686541
1788021900000,78010.0,78094.99,77999.0,78027.57,5446315.6212722
1788022800000,78027.57,78084.99,78015.01,78050.0,3153805.55486757
1788023700000,78050.0,78113.83,77993.0,77993.0,1271900.32334212
1788024600000,77993.0,78024.99,77881.26,78016.0,7221350.64278794
1788025500000,78016.0,78100.0,77990.01,78100.0,285170.33512039
1788026400000,78100.0,78155.0,78065.0,78067.65,361495.08950906
1788027300000,78067.65,78095.04,78025.0,78050.73,208429.46701204
1788028200000,78050.73,78215.0,78015.65,78145.0,996484.17814678
1788029100000,78145.0,78257.13,78137.97,78157.0,602258.28595205
1788030000000,78157.0,78305.0,78157.0,78305.0,438644.04009809
1788030900000,78305.0,78333.33,78241.18,78242.01,696172.38362317
1788031800000,78242.01,78263.58,78190.01,78254.98,714327.15931967
1788032700000,78254.98,78259.99,78136.91,78181.04,369391.49365599
1788033600000,78181.04,78294.93,78166.56,78229.29,578818.8470097
1788034500000,78229.29,78265.0,78177.0,78177.01,310925.39365868
1788035400000,78177.01,78177.01,78115.01,78132.82,744548.44113161
1788036300000,78132.82,78155.0,78110.0,78125.18,134272.34155904
1788037200000,78125.18,78189.99,78055.0,78155.0,2359296.19181187
1788038100000,78155.0,78177.07,78098.0,78103.59,338358.08199245
1788039000000,78103.59,78124.28,78070.09,78100.0,111938.82181735
1788039900000,78100.0,78200.0,78096.95,78159.99,161001.74920619
1788040800000,78159.99,78222.35,78115.0,78131.83,884754.4471077
1788041700000,78131.83,78155.0,78085.01,78146.31,768073.50606755
1788042600000,78146.31,78178.76,78141.91,78173.41,119189.61376877
1788043500000,78173.41,78239.37,78173.4,78226.26,84638.92282886
1788044400000,78226.26,78252.52,78201.78,78240.0,277830.5618349
1788045300000,78240.0,78265.0,78195.0,78260.91,1335708.34751466
1788046200000,78260.91,78274.04,78230.0,78230.0,382559.89408409
1788047100000,78230.0,78284.05,78230.0,78235.01,368987.36297095
1788048000000,78235.01,78235.01,78150.0,78175.0,257000.38869791
1788048900000,78175.0,78325.0,78174.99,78215.01,1546039.929174
1788049800000,78215.01,78296.8,78195.0,78207.78,368920.58128031
1788050700000,78207.78,78250.0,78180.01,78180.01,393999.02830244
1788051600000,78180.01,78188.24,78061.43,78074.46,458035.56087326
1788052500000,78074.46,78074.47,77990.0,78015.0,1051559.01494844
1788053400000,78015.0,78070.0,77989.25,78061.46,763231.03094167
1788054300000,78061.46,78129.99,78045.0,78077.5,804567.77708968
1788055200000,78077.5,78130.0,78065.0,78087.33,315477.09433563
1788056100000,78087.33,78092.79,78015.02,78040.0,308460.22236592
1788057000000,78040.0,78125.0,78013.54,78100.01,398897.11803919
1788057900000,78100.01,78179.99,78080.01,78105.01,280343.96575426
1788058800000,78105.01,78125.0,78065.0,78080.2,395981.82879447
1788059700000,78080.2,78167.52,78061.16,78167.52,510286.67740232
1788060600000,78167.52,78234.69,78145.0,78191.0,978947.61052943
1788061500000,78191.0,78191.01,78141.0,78141.0,409914.07634633
1788062400000,78141.0,78219.72,78140.0,78161.96,444112.3706799
1788063300000,78161.96,78175.61,78090.6,78120.01,466784.19458722
1788064200000,78120.01,78120.01,78015.08,78015.08,598848.48243686
1788065100000,78015.08,78109.99,77987.0,78109.99,946054.7685728
1788066000000,78109.99,78220.0,78109.99,78153.79,567142.24531939
1788066900000,78153.79,78153.79,78140.0,78145.87,49966.00809009
1788067800000,78145.87,78145.87,78120.01,78130.17,290559.44799224
1788068700000,78130.17,78139.01,78123.15,78138.57,539335.81838786
1788069600000,78138.57,78149.99,78105.76,78129.8,720370.73346053
1788070500000,78129.8,78195.0,78129.79,78184.79,214108.25168374
1788071400000,78184.79,78299.99,78178.37,78245.01,1647429.82033275
1788072300000,78245.01,78319.99,78235.0,78284.49,2230480.83004657
1788073200000,78284.49,78295.0,78254.65,78263.36,169335.23601767
1788074100000,78263.36,78263.36,78228.09,78232.03,691527.31448046
1788075000000,78232.03,78232.03,78137.07,78138.78,1088688.17605207
1788075900000,78138.78,78160.0,78115.0,78116.0,467769.71335617
1788076800000,78116.0,78198.2,78115.0,78150.73,577043.22346502
1788077700000,78150.73,78205.0,78150.72,78155.01,829928.0353798
1788078600000,78155.01,78155.01,78040.0,78065.0,543097.34925858
1788079500000,78065.0,78088.01,78033.0,78077.0,326173.88143122
1788080400000,78077.0,78102.83,78070.0,78102.83,633603.88494716
1788081300000,78102.83,78118.8,77987.01,77994.89,2199316.39079466
1788082200000,77994.89,78056.91,77992.25,78035.01,1757358.54881393
1788083100000,78035.01,78060.0,78001.0,78005.01,1022252.54396416
1788084000000,78005.01,78075.0,77961.0,78018.01,933987.17479914
1788084900000,78018.01,78125.0,77996.15,78047.29,2276558.715864
1788085800000,78047.29,78117.31,78047.29,78113.73,1964626.59977846
1788086700000,78113.73,78158.67,78113.72,78145.52,776514.22071329
1788087600000,78145.52,78200.0,78145.51,78174.0,217258.26339145
1788088500000,78174.0,78224.97,78155.0,78224.96,409874.17584502
1788089400000,78224.96,78244.87,78155.0,78190.01,808591.16869063
1788090300000,78190.01,78190.01,78120.0,78169.99,626185.1405867
1788091200000,78169.99,78715.0,78169.99,78661.44,7367734.8677445
1788092100000,78661.44,78661.44,78490.08,78624.99,1593580.40756259
1788093000000,78624.99,78850.0,78545.05,78655.01,4046699.74917433
1788093900000,78655.01,78786.07,78585.01,78786.07,4064588.8281657
1788094800000,78786.07,78825.0,78630.0,78640.0,1493102.28027028
1788095700000,78640.0,78730.0,78591.28,78729.99,703936.90774793
1788096600000,78729.99,78820.0,78680.0,78791.55,766545.03915754
1788097500000,78791.55,78966.0,78791.19,78857.42,4252191.74272971
1788098400000,78857.42,78945.0,78775.0,78920.92,3239429.58872408
1788099300000,78920.92,78935.0,78795.0,78860.01,971833.74367989
1788100200000,78860.01,78930.0,78720.0,78761.0,687250.97194722
1788101100000,78761.0,78825.0,78720.0,78780.01,1620384.29799426
1788102000000,78780.01,78874.99,78645.0,78665.0,1959121.93884373
1788102900000,78665.0,78840.0,78630.0,78785.0,2061671.28173743
1788103800000,78785.0,78860.0,78785.0,78859.99,464074.20863191
1788104700000,78859.99,78914.89,78790.0,78821.91,274064.16532144
1788105600000,78821.91,79193.76,78745.01,79120.09,3605983.16173663
1788106500000,79120.09,79250.25,79011.42,79041.85,4167928.197503
1788107400000,79041.85,79265.95,79025.0,79204.05,2513797.23557674
1788108300000,79204.05,79402.77,79145.0,79330.0,3448027.51149196
1788109200000,79330.0,79335.01,79140.0,79175.36,2262488.83179874
1788110100000,79175.36,79175.36,78785.0,78940.54,8900111.58976646
1788111000000,78940.54,79059.99,78880.97,79042.67,3044137.86541729
1788111900000,79042.67,79080.98,78960.1,79019.99,1195758.47551132
1788112800000,79019.99,79075.0,78777.0,78840.0,2865234.17428497
1788113700000,78840.0,79010.0,78839.99,79010.0,318870.48615482
1788114600000,79010.0,79175.0,79010.0,79089.07,1281647.94412158
1788115500000,79089.07,79089.76,79020.0,79033.99,317796.86633737
1788116400000,79033.99,79044.83,78940.0,79038.86,409448.76366041
1788117300000,79038.86,79040.0,78915.44,78920.4,430075.01983293
1788118200000,78920.4,78949.4,78776.86,78786.6,1338389.86298383
1788119100000,78786.6,78874.29,78725.0,78857.32,525864.09621091
1788120000000,78857.32,78920.0,78838.01,78865.01,341913.22101042
1788120900000,78865.01,78929.99,78840.0,78840.0,299365.53657422
1788121800000,78840.0,78880.0,78446.28,78479.99,3947993.48749817
1788122700000,78479.99,78744.99,78479.99,78597.13,1390860.74240518
1788123600000,78597.13,78597.14,78230.09,78506.13,5672393.78125884
1788124500000,78506.13,78670.58,78475.09,78650.0,856021.5851272
1788125400000,78650.0,78740.0,78605.01,78641.47,3952641.13894275
1788126300000,78641.47,78693.09,78550.01,78659.07,723926.19620341
1788127200000,78659.07,78809.99,78535.0,78568.51,958768.6593537
1788128100000,78568.51,78568.51,78305.0,78382.47,2865738.29964984
1788129000000,78382.47,78544.06,78275.09,78457.15,1969324.49355071
1788129900000,78457.15,78510.0,78378.31,78425.01,1690741.1943747
1788130800000,78425.01,78459.99,78310.01,78365.0,6370263.93963541
1788131700000,78365.0,78409.89,77649.51,77685.04,10697250.42013544
1788132600000,77685.04,77885.0,77350.12,77484.88,3654492.58986865
1788133500000,77484.88,77724.13,76989.66,77681.0,4831353.47117397
1788134400000,77681.0,77832.46,77440.0,77759.76,5970256.65579162
1788135300000,77759.76,77977.75,77720.0,77909.56,2169063.34271683
1788136200000,77909.56,78180.06,77890.0,78029.99,9271504.2973732
1788137100000,78029.99,78035.0,77915.16,77940.0,702703.21578027
1788138000000,77940.0,77990.0,77562.89,77662.02,3724343.84418787
1788138900000,77662.02,77849.99,77575.0,77770.01,1076985.89150953
1788139800000,77770.01,77954.99,77645.19,77747.53,1812167.53432025
1788140700000,77747.53,77859.99,77617.86,77641.69,838235.97630082
1788141600000,77641.69,78005.0,77525.01,77955.0,2527919.48939501
1788142500000,77955.0,77955.0,77815.01,77874.26,2654119.33831512
1788143400000,77874.26,77929.99,77711.0,77711.0,634804.05284735
1788144300000,77711.0,77764.99,77386.73,77471.78,2505730.14531558
1788145200000,77471.78,77685.0,77394.08,77655.01,1539057.20166317
1788146100000,77655.01,77759.3,77586.5,77725.0,617417.11510951
1788147000000,77725.0,77833.33,77671.35,77815.51,3021458.54628331
1788147900000,77815.51,77865.0,77746.53,77752.73,1829498.54146735
1788148800000,77752.73,77770.0,77575.0,77590.0,2096389.14350348
1788149700000,77590.0,77600.0,77490.01,77516.95,796199.6912807
1788150600000,77516.95,77595.0,77460.01,77565.0,640065.72107098
1788151500000,77565.0,77660.0,77476.35,77625.0,1062228.55549455
1788152400000,77625.0,77805.45,77512.31,77760.06,1370451.70174188
1788153300000,77760.06,78160.0,77760.01,77996.08,3915722.48789252
1788154200000,77996.08,78060.0,77870.01,77971.97,2119305.21909381
1788155100000,77971.97,78064.99,77955.0,78011.69,965034.81421096
1788156000000,78011.69,78078.3,77865.01,78025.0,6399211.16711138
1788156900000,78025.0,78125.33,77980.0,78026.42,2410815.81175718
1788157800000,78026.42,78145.54,77921.68,78085.0,4304181.9424005
1788158700000,78085.0,78125.0,78015.0,78085.01,2394850.99813881
1788159600000,78085.01,78169.01,78035.0,78127.25,2644116.39168586
1788160500000,78127.25,78315.0,78127.25,78215.0,2940405.15367778
1788161400000,78215.0,78288.18,78125.01,78268.93,1040240.11658122
1788162300000,78268.93,78289.99,78181.69,78196.87,538852.76927326
1788163200000,78196.87,78349.48,78045.01,78155.0,1234726.65149476
1788164100000,78155.0,78155.0,77980.25,78090.0,3681476.12976664
1788165000000,78090.0,78455.57,78070.1,78315.0,1651828.16464177
1788165900000,78315.0,78511.38,78310.01,78467.49,2346419.63211443
1788166800000,78467.49,78799.97,78388.53,78647.68,3615464.16628756
1788167700000,78647.68,78790.0,78585.9,78645.84,2406990.5674938
1788168600000,78645.84,78709.66,78593.14,78689.99,2522795.54376231
1788169500000,78689.99,78802.26,78515.0,78516.0,2614454.16112174
1788170400000,78516.0,78524.27,78315.02,78522.38,3526035.53855203
1788171300000,78522.38,78522.38,78400.0,78437.92,892471.08716726
1788172200000,78437.92,78544.99,78380.01,78531.37,1606747.68360892
1788173100000,78531.37,78725.0,78510.0,78707.91,3973132.8021833
1788174000000,78707.91,78710.38,78560.85,78623.67,1510013.14102444
1788174900000,78623.67,78634.99,78465.0,78479.99,1931404.2450892
1788175800000,78479.99,78480.0,78360.0,78388.64,733347.59101603
1788176700000,78388.64,78415.0,78295.0,78313.21,383637.20936408
1788177600000,78313.21,78539.99,78270.09,78411.22,4234806.8430348
1788178500000,78411.22,78479.71,78063.65,78096.97,3698693.83453972
1788179400000,78096.97,78164.91,77696.01,77886.32,10204845.38612764
1788180300000,77886.32,77934.59,77777.0,77934.59,2670263.26020024
1788181200000,77934.59,78204.93,77934.59,78084.3,3714888.94751515
1788182100000,78084.3,78087.44,77885.08,78050.0,2137167.93382206
1788183000000,78050.0,78284.99,77833.16,78000.0,3984982.19034221
1788183900000,78000.0,78059.87,77720.01,77862.52,6139906.30910647
1788184800000,77862.52,78069.92,77804.0,77905.0,2255765.85972604
1788185700000,77905.0,78076.6,77750.01,78025.0,3203652.66925597
1788186600000,78025.0,78680.0,77975.0,78520.0,5931292.29177134
1788187500000,78520.0,78649.86,78375.0,78604.11,7923179.09001238
1788188400000,78604.11,78689.66,78312.24,78320.0,4107359.39862834
1788189300000,78320.0,78540.0,78210.0,78458.53,2446157.55471236
1788190200000,78458.53,78771.28,78405.0,78716.19,1293543.80921988
1788191100000,78716.19,78750.0,78545.0,78575.0,5892131.57870802
1788192000000,78575.0,78791.67,78526.4,78675.0,1420781.51934526
1788192900000,78675.0,78746.83,78520.0,78650.01,2030346.07810307
1788193800000,78650.01,78765.0,78576.05,78723.4,1169305.71703828
1788194700000,78723.4,78887.11,78636.0,78636.0,4263491.67279145
1788195600000,78636.0,78814.99,78605.09,78735.79,1713360.99154373
1788196500000,78735.79,78744.4,78490.01,78535.0,1431346.75032835
1788197400000,78535.0,79015.0,78535.0,78911.91,4418648.05160167
1788198300000,78911.91,78954.81,78840.0,78895.94,1474828.77563464
1788199200000,78895.94,78955.0,78776.29,78955.0,1183325.20236972
1788200100000,78955.0,79085.83,78840.01,78902.89,1978533.83104446
1788201000000,78902.89,79213.72,78881.73,79180.84,1320954.56137367
1788201900000,79180.84,79180.84,78985.01,79015.0,1394160.88635445
1788202800000,79015.0,79250.25,79015.0,79180.24,1363329.62712718
1788203700000,79180.24,79180.24,79020.0,79088.47,1450203.45405561
1788204600000,79088.47,79140.0,78930.01,78978.01,894503.25383374
1788205500000,78978.01,79094.99,78852.02,78899.82,2925676.97958765
1788206400000,78899.82,78969.17,78865.01,78961.32,1451913.68198885
1788207300000,78961.32,79174.91,78915.0,78915.0,2545680.40591656
1788208200000,78915.0,78948.15,78789.45,78880.59,668311.20037599
1788209100000,78880.59,78915.0,78830.0,78863.62,1142437.68850512
1788210000000,78863.62,78889.99,78730.01,78838.9,2150566.14027657
1788210900000,78838.9,78969.99,78815.0,78956.12,878496.42627327
1788211800000,78956.12,79069.99,78956.12,79048.03,591128.23924022
1788212700000,79048.03,79067.85,78955.0,78958.16,327021.02472653
1788213600000,78958.16,79011.0,78888.0,78888.0,641123.94533777
1788214500000,78888.0,78888.01,78745.0,78757.34,481920.97053694
1788215400000,78757.34,78764.5,78653.66,78665.85,693749.17878177
1788216300000,78665.85,78665.85,78583.33,78595.26,519551.26036878
1788217200000,78595.26,78595.26,78403.42,78457.4,1047722.78903272
1788218100000,78457.4,78586.64,78457.4,78580.13,562756.53684151
1788219000000,78580.13,78585.0,78505.93,78560.27,790700.23570398
1788219900000,78560.27,78583.67,78550.28,78582.31,421748.50597547
1788220800000,78582.31,78784.99,78560.0,78755.01,815503.1958573
1788221700000,78755.01,78901.85,78745.0,78869.0,776077.0861038
1788222600000,78869.0,78885.0,78680.01,78705.0,2112351.66996816
1788223500000,78705.0,78805.0,78582.92,78656.42,873309.96120868
1788224400000,78656.42,78801.33,78530.0,78548.85,974959.92984585
1788225300000,78548.85,78644.63,78413.65,78417.15,4612978.74445401
1788226200000,78417.15,78589.62,78380.0,78575.01,1576962.53387131
1788227100000,78575.01,78577.0,78390.0,78413.76,592829.49424739
1788228000000,78413.76,78413.77,78186.89,78300.25,1501872.5524339
1788228900000,78300.25,78330.0,78207.67,78221.8,6297103.3343717
1788229800000,78221.8,78404.89,78221.8,78364.12,1252926.92569604
1788230700000,78364.12,78459.93,78340.0,78453.93,1295515.54915798
1788231600000,78453.93,78504.87,78410.01,78439.53,2185767.75764795
1788232500000,78439.53,78510.0,78410.0,78484.19,632614.08404682
1788233400000,78484.19,78875.0,78483.51,78800.0,2008912.26228838
1788234300000,78800.0,78800.99,78670.0,78685.0,857601.19515694
1788235200000,78685.0,78805.0,78653.82,78674.61,873813.33564114
1788236100000,78674.61,78925.0,78669.99,78828.98,1694270.24063411
1788237000000,78828.98,78855.0,78720.0,78720.01,860668.16916512
1788237900000,78720.01,78784.91,78685.0,78725.02,2537889.68068866
1788238800000,78725.02,78974.99,78725.02,78860.01,1271353.00842523
1788239700000,78860.01,79000.97,78789.3,78997.79,960974.9990787
1788240600000,78997.79,79172.91,78970.01,79163.17,1676731.15937817
1788241500000,79163.17,79220.0,79090.01,79174.99,1668344.02538791
1788242400000,79174.99,79175.0,78971.41,79030.0,2781430.32037121
1788243300000,79030.0,79030.0,78821.33,78892.64,2884621.74845961
1788244200000,78892.64,78945.0,78860.0,78875.0,828722.45405906
1788245100000,78875.0,78881.25,78735.0,78735.01,1741107.75114719
1788246000000,78735.01,78805.0,78715.92,78721.81,535681.23016946
1788246900000,78721.81,78798.15,78705.0,78780.0,1722568.2145954
1788247800000,78780.0,78798.73,78503.96,78625.0,1524305.32481692
1788248700000,78625.0,78684.99,78591.87,78631.78,2412188.23074659
1788249600000,78631.78,78653.15,78268.4,78309.99,4629442.43074013
1788250500000,78309.99,78340.0,77871.11,77892.01,8238635.72446038
1788251400000,77892.01,78055.0,77845.01,77977.96,4436750.24943916
1788252300000,77977.96,78039.92,77823.0,77882.57,2414230.28175384
1788253200000,77882.57,77925.0,77785.55,77825.01,2388859.37818055
1788254100000,77825.01,77974.66,77812.19,77927.6,1812632.6483204
1788255000000,77927.6,78050.0,77860.0,78050.0,1677686.14873433
1788255900000,78050.0,78055.0,77901.4,77916.05,2262105.03952876
1788256800000,77916.05,77994.68,77806.01,77887.49,4153584.33601387
1788257700000,77887.49,78048.23,77760.88,78010.95,2457714.06967025
1788258600000,78010.95,78195.0,78010.95,78135.01,2576531.60763107
1788259500000,78135.01,78174.92,77985.08,78030.01,1661521.66347068
1788260400000,78030.01,78050.0,77920.5,77988.4,1626729.95537876
1788261300000,77988.4,78023.12,77890.0,78009.84,1382756.04654812
1788262200000,78009.84,78206.4,77960.0,78107.56,2273611.9952473
1788263100000,78107.56,78199.99,78060.0,78096.11,4997644.2512414
1788264000000,78096.11,78155.0,77954.0,78030.0,3227830.05793053
1788264900000,78030.0,78097.76,77915.01,77995.0,1054027.88269642
1788265800000,77995.0,77995.01,77743.9,77969.99,5300911.52472164
1788266700000,77969.99,78075.0,77925.01,77999.36,3690678.44971374
1788267600000,77999.36,78015.0,77500.0,77819.99,14062459.77821149
1788268500000,77819.99,77905.0,77730.03,77891.77,3023719.13952673
1788269400000,77891.77,78034.46,77510.95,77922.68,8089851.55465677
1788270300000,77922.68,78209.99,77855.01,78075.0,4351153.50278705
1788271200000,78075.0,78419.17,78051.08,78269.27,3866828.19378586
1788272100000,78269.27,78413.1,78140.01,78256.85,4040860.00864028
1788273000000,78256.85,78409.68,78229.81,78400.0,3891142.61619831
1788273900000,78400.0,78421.95,78140.0,78165.0,2537486.43594784
1788274800000,78165.0,78170.0,77725.6,77824.0,5822018.22019355
1788275700000,77824.0,77885.0,77762.0,77865.09,1053064.00508727
1788276600000,77865.09,78013.59,77806.95,78013.59,2294382.64415529
1788277500000,78013.59,78100.99,77909.8,77912.4,2249109.42637589
1788278400000,77912.4,77974.02,77645.0,77668.78,3753612.0702214
1788279300000,77668.78,77745.0,77465.01,77623.58,2881974.70166787
1788280200000,77623.58,77623.58,77319.71,77445.0,6722328.12292855
1788281100000,77445.0,77659.4,77435.0,77600.0,1398961.73540058
1788282000000,77600.0,77653.11,77503.03,77523.51,1840267.88810073
1788282900000,77523.51,77625.0,77415.0,77518.69,1129029.97828944
1788283800000,77518.69,77721.25,77510.0,77520.01,2167944.20951098
1788284700000,77520.01,77520.01,77240.01,77267.13,2896283.17517161
1788285600000,77267.13,77325.0,77133.85,77225.0,3086150.49720533
1788286500000,77225.0,77250.0,76740.87,77057.82,10754095.81215592
1788287400000,77057.82,77129.92,76581.01,76581.01,7659421.97745071
1788288300000,76581.01,77164.92,76420.05,77157.58,4068909.68749486
1788289200000,77157.58,77308.34,77110.27,77205.0,2331513.95787942
1788290100000,77205.0,77469.77,77138.06,77359.89,2623989.55765813
1788291000000,77359.89,77385.0,77293.05,77305.0,645118.63719093
1788291900000,77305.0,77334.99,77200.0,77310.4,815159.3133044
1788292800000,77310.4,77430.0,77236.85,77430.0,2168936.83552793
1788293700000,77430.0,77469.99,77325.01,77402.99,1482583.44059745
1788294600000,77402.99,77474.3,77341.0,77395.47,994675.45744965
1788295500000,77395.47,77474.99,77350.0,77455.01,1521357.22205724
1788296400000,77455.01,77522.75,77068.01,77110.09,4055759.73862872
1788297300000,77110.09,77269.99,76920.0,77189.99,5425514.53405647
1788298200000,77189.99,77224.93,77033.0,77149.8,1917252.242193
1788299100000,77149.8,77275.0,77132.97,77212.29,866688.34007504
1788300000000,77212.29,77315.0,77188.0,77298.24,960334.02888755
1788300900000,77298.24,77298.24,77070.01,77072.96,1072378.12159655
1788301800000,77072.96,77189.99,77025.08,77151.87,1827668.91051811
1788302700000,77151.87,77370.0,77151.87,77272.0,1297678.39018375
1788303600000,77272.0,77324.99,77216.0,77262.27,737509.63045525
1788304500000,77262.27,77395.0,77260.0,77394.99,1038003.01560641
1788305400000,77394.99,77591.28,77382.46,77537.27,1211379.2478958
1788306300000,77537.27,77630.0,77420.01,77440.0,9961898.78993748
1788307200000,77440.0,77519.92,77355.01,77398.29,1643513.65855646
1788308100000,77398.29,77469.99,77257.66,77260.99,1081130.15857072
1788309000000,77260.99,77336.38,77135.0,77229.49,3523108.20548469
1788309900000,77229.49,77279.99,77185.0,77213.65,775043.09985992
1788310800000,77213.65,77379.88,77153.01,77350.0,1643372.12940162
1788311700000,77350.0,77355.0,77153.06,77153.06,2190043.2366102
1788312600000,77153.06,77189.99,76845.01,76883.41,2031422.29091668
1788313500000,76883.41,77044.99,76710.74,77020.01,3081154.4100232
1788314400000,77020.01,77213.47,76950.0,77088.71,1875584.45757957
1788315300000,77088.71,77344.83,77080.0,77324.99,1908238.85994863
1788316200000,77324.99,77325.0,77168.01,77224.99,1804007.9146119
1788317100000,77224.99,77325.0,77205.0,77324.99,730953.24633687
1788318000000,77324.99,77599.66,77313.39,77509.99,1489415.6095192
1788318900000,77509.99,77793.73,77490.01,77656.0,2365510.43426441
1788319800000,77656.0,77659.11,77510.0,77550.01,2969340.42510782
1788320700000,77550.01,77640.0,77510.0,77562.23,1569015.74074487
1788321600000,77562.23,77562.23,77358.9,77375.43,2582183.44366241
1788322500000,77375.43,77445.0,77291.48,77429.38,1332135.2916083
1788323400000,77429.38,77591.66,77429.38,77591.66,933071.98738304
1788324300000,77591.66,77613.06,77535.6,77560.44,528546.36421363
1788325200000,77560.44,77604.99,77435.01,77604.99,1274686.75431452
1788326100000,77604.99,77762.36,77604.99,77744.0,1349668.92787384
1788327000000,77744.0,77747.12,77670.09,77703.51,1027847.19064423
1788327900000,77703.51,77761.26,77575.0,77650.77,4092562.04423013
1788328800000,77650.77,77720.0,77575.0,77581.23,3152845.70568375
1788329700000,77581.23,77665.0,77550.0,77550.01,2155601.45650946
1788330600000,77550.01,77682.67,77460.0,77627.39,4819309.9220722
1788331500000,77627.39,77627.39,77500.0,77610.0,1309946.76767982
1788332400000,77610.0,77760.0,77580.59,77672.27,2108444.98077396
1788333300000,77672.27,77699.91,77590.0,77596.89,985429.94369868
1788334200000,77596.89,77631.94,77556.49,77560.0,1659859.40659606
1788335100000,77560.0,77595.0,77480.0,77480.0,901023.7850612
1788336000000,77480.0,77550.0,77380.0,77417.38,1853692.05351973
1788336900000,77417.38,77478.88,77250.61,77250.61,1268410.16769192
1788337800000,77250.61,77250.61,76945.86,76972.0,2326971.17153197
1788338700000,76972.0,77039.99,76745.01,76852.65,2757495.11207721
1788339600000,76852.65,77053.26,76852.65,76945.01,3047815.11156257
1788340500000,76945.01,76970.0,76610.0,76895.51,10299362.8083541
1788341400000,76895.51,76904.98,76520.01,76561.14,4089550.81240883
1788342300000,76561.14,76764.99,76490.0,76753.42,4485002.71090442
1788343200000,76753.42,76759.99,76565.0,76634.39,1284474.13132638
1788344100000,76634.39,76699.82,76571.56,76574.78,1353897.69650447
1788345000000,76574.78,76623.28,76477.88,76604.99,1652540.86835353
1788345900000,76604.99,76699.99,76270.53,76681.93,14429818.22628324
1788346800000,76681.93,76736.28,76517.47,76736.28,4431059.18778588
1788347700000,76736.28,76765.0,76355.01,76504.99,2402199.00311729
1788348600000,76504.99,76739.92,76490.0,76650.69,4265789.16903869
1788349500000,76650.69,76848.05,76599.0,76835.0,2144941.19153601
1788350400000,76835.0,76844.29,76685.0,76830.0,3382152.83010558
1788351300000,76830.0,77052.78,76770.01,76995.0,2073615.23167095
1788352200000,76995.0,76995.0,76795.01,76820.0,1996815.50594932
1788353100000,76820.0,76824.99,76607.41,76610.0,1228272.45413317
1788354000000,76610.0,76883.61,76609.58,76740.98,2008455.03554143
1788354900000,76740.98,76955.0,76708.96,76883.0,1451132.77175728
1788355800000,76883.0,77400.0,76620.0,77380.0,4444018.36274749
1788356700000,77380.0,77445.03,77000.0,77148.5,7520432.40389603
1788357600000,77148.5,77355.0,77005.15,77339.18,4847645.82644856
1788358500000,77339.18,77490.0,77230.01,77335.32,2647759.03584056
1788359400000,77335.32,77394.99,77110.01,77326.62,5278534.01692363
1788360300000,77326.62,77329.72,77053.2,77056.59,1856652.55209824
1788361200000,77056.59,77184.21,76745.0,76818.08,4394739.50681935
1788362100000,76818.08,77149.99,76816.93,77044.35,1796385.30245055
1788363000000,77044.35,77390.78,76995.0,77370.0,3747114.65466458
1788363900000,77370.0,77373.7,77133.06,77287.98,4385477.60706222
1788364800000,77287.98,77395.0,77206.22,77353.24,4323369.88544532
1788365700000,77353.24,77574.99,77330.0,77460.76,4452876.13348234
1788366600000,77460.76,77569.99,77260.01,77260.01,2079481.08100078
1788367500000,77260.01,77329.99,77175.01,77175.01,896723.2634869
1788368400000,77175.01,77248.09,77061.48,77129.79,1636519.82060559
1788369300000,77129.79,77165.0,76956.12,77097.53,1775347.80795888
1788370200000,77097.53,77310.0,77083.1,77310.0,2611945.80072197
1788371100000,77310.0,77407.41,77309.99,77384.99,774835.24617146
1788372000000,77384.99,77449.99,77327.83,77412.69,2959199.46462559
1788372900000,77412.69,77530.0,77381.0,77445.01,2106250.58842212
1788373800000,77445.01,77455.0,77300.0,77313.64,971447.61957668
1788374700000,77313.64,77418.09,77291.51,77382.47,694640.66130174
1788375600000,77382.47,77404.99,77326.35,77383.16,3551132.66829532
1788376500000,77383.16,77415.0,77165.0,77165.0,774762.17315555
1788377400000,77165.0,77255.0,77120.0,77228.37,1301066.7131771
1788378300000,77228.37,77354.99,77151.99,77340.08,1564005.41428771
1788379200000,77340.08,77523.0,77285.01,77365.36,1324882.10100496
1788380100000,77365.36,77464.99,77210.0,77379.54,1010441.7874239
1788381000000,77379.54,77477.63,77320.0,77369.81,2114100.06850075
1788381900000,77369.81,77475.0,77300.0,77406.9,1630243.81425318
1788382800000,77406.9,77406.9,77315.0,77326.01,679562.33511593
1788383700000,77326.01,77334.15,77245.01,77287.56,810317.98270856
1788384600000,77287.56,77430.0,77241.92,77429.66,545131.19519285
1788385500000,77429.66,77430.0,77278.36,77293.45,811700.37920798
1788386400000,77293.45,77293.45,77075.01,77156.92,891309.60149779
1788387300000,77156.92,77174.91,77022.88,77022.88,922909.02201469
1788388200000,77022.88,77159.6,77022.88,77126.19,564630.09571065
1788389100000,77126.19,77126.19,77030.0,77034.0,686769.51432275
1788390000000,77034.0,77222.75,77010.0,77222.75,788065.91795665
1788390900000,77222.75,77222.75,77137.0,77194.58,556209.15849323
1788391800000,77194.58,77253.08,77115.91,77147.86,585758.88865232
1788392700000,77147.86,77370.0,77147.86,77340.84,997084.42071156
1788393600000,77340.84,77390.0,77165.44,77165.44,2415137.98211625
1788394500000,77165.44,77172.59,77037.54,77037.55,1252964.76572848
1788395400000,77037.55,77139.99,76980.01,77110.0,1584826.9592874
1788396300000,77110.0,77139.9,77035.0,77066.93,2311444.09981253
1788397200000,77066.93,77428.57,76966.67,77415.59,2635255.26116061
1788398100000,77415.59,77435.0,77285.01,77428.1,1628979.00499864
1788399000000,77428.1,77544.7,77320.0,77345.0,3338571.11961138
1788399900000,77345.0,77469.99,77287.16,77356.33,1331561.65048577
1788400800000,77356.33,77489.99,77240.0,77489.99,838010.29378953
1788401700000,77489.99,77617.97,77430.01,77600.26,1395995.79437633
1788402600000,77600.26,77905.0,77556.09,77775.01,7309341.89873559
1788403500000,77775.01,77874.99,77735.02,77815.0,2257237.03907427
1788404400000,77815.0,77864.99,77699.57,77827.52,2983636.74153854
1788405300000,77827.52,77880.0,77710.01,77741.66,2807753.85436957
1788406200000,77741.66,77774.99,77645.0,77668.4,1063668.13435343
1788407100000,77668.4,77744.92,77640.0,77705.01,497665.72854719
1788408000000,77705.01,77830.0,77616.27,77642.53,2666989.16572894
1788408900000,77642.53,77660.0,77550.08,77574.83,1063540.13887495
1788409800000,77574.83,77623.46,77550.01,77557.31,752383.21455424
1788410700000,77557.31,77794.36,77557.31,77775.0,1888853.6232967
1788411600000,77775.0,77827.98,77610.01,77634.97,2506805.76018146
1788412500000,77634.97,77651.7,77104.08,77200.01,3066674.41897614
1788413400000,77200.01,77520.0,77175.01,77489.2,1515174.20678448
1788414300000,77489.2,77840.16,77410.0,77810.8,6000142.11016929
1788415200000,77810.8,77853.72,77697.0,77710.87,3411243.5876494
1788416100000,77710.87,77789.92,77705.0,77749.11,2272932.76923862
1788417000000,77749.11,77830.0,77717.11,77829.99,896082.75508848
1788417900000,77829.99,77849.99,77764.92,77834.39,816544.3561166
1788418800000,77834.39,78175.0,77810.0,78055.02,7733587.70468069
1788419700000,78055.02,78058.46,77883.65,77952.0,3983363.07353196
1788420600000,77952.0,78069.99,77859.5,77898.63,2814357.87685954
1788421500000,77898.63,77935.0,77596.39,77663.48,2630426.61534463
1788422400000,77663.48,78070.0,77663.48,77930.0,4503677.52351609
1788423300000,77930.0,77977.35,77823.49,77975.0,3578845.80438109
1788424200000,77975.0,77994.76,77873.0,77884.99,1400433.3417668
1788425100000,77884.99,77910.0,77763.0,77843.15,2741818.84438846
1788426000000,77843.15,77991.41,77810.02,77873.12,1009717.68662112
1788426900000,77873.12,77915.0,77745.01,77745.01,989804.24743913
1788427800000,77745.01,77779.8,77661.0,77728.78,1244815.06530054
1788428700000,77728.78,77785.0,77605.08,77615.0,749276.87025707
1788429600000,77615.0,77685.0,77543.36,77565.0,1017477.77116088
1788430500000,77565.0,77713.45,77528.1,77633.12,884571.12966414
1788431400000,77633.12,77653.9,77480.0,77514.91,3347855.3412119
1788432300000,77514.91,77775.0,77503.82,77736.22,2613886.61056505
1788433200000,77736.22,77824.24,77711.44,77819.64,1949258.33160657
1788434100000,77819.64,77955.0,77819.64,77925.0,1064699.14984511
1788435000000,77925.0,77980.0,77840.0,77930.88,5447489.51060264
1788435900000,77930.88,78011.92,77885.0,77944.24,1132724.22744086
1788436800000,77944.24,78099.14,77890.01,78085.0,2754010.06735916
1788437700000,78085.0,78144.99,77945.0,77970.0,2689113.59255063
1788438600000,77970.0,78449.99,77970.0,78309.99,11001401.68093412
1788439500000,78309.99,78783.58,78235.51,78650.01,12871531.70594575
1788440400000,78650.01,78720.25,78516.56,78549.99,4345081.11804394
1788441300000,78549.99,78600.0,78451.68,78494.74,2567616.14272985
1788442200000,78494.74,78933.68,78455.01,78899.79,7643826.65857481
1788443100000,78899.79,78992.34,78739.88,78840.8,4716617.98080704
1788444000000,78840.8,79005.99,78695.54,78990.55,3393990.72105217
1788444900000,78990.55,79689.65,78990.55,79669.26,7577406.00855272
1788445800000,79669.26,79884.99,79601.76,79763.49,10753119.74473608
1788446700000,79763.49,80573.95,79763.49,80553.67,16866076.39145476
1788447600000,80553.67,80960.96,80356.16,80561.77,14750270.08018737
1788448500000,80561.77,80779.99,80470.31,80739.97,8503084.48545629
1788449400000,80739.97,81000.0,80687.73,80860.01,6568361.98954797
1788450300000,80860.01,81364.6,80725.54,81340.0,8592172.48232616
1788451200000,81340.0,81359.99,80780.45,80936.3,12193878.87020116
1788452100000,80936.3,80946.52,80617.12,80755.0,2651126.72264538
1788453000000,80755.0,80940.0,80755.0,80795.49,1832903.35903175
1788453900000,80795.49,81039.99,80770.3,80959.59,3433364.03804299
1788454800000,80959.59,81099.99,80880.01,81097.22,4729735.62179488
1788455700000,81097.22,81132.07,80925.0,80992.94,3519408.79144807
1788456600000,80992.94,81165.0,80992.94,81074.23,3205568.15841611
1788457500000,81074.23,81193.24,81005.5,81040.48,3666042.02405257
1788458400000,81040.48,81333.81,81020.42,81255.0,9789107.75730167
1788459300000,81255.0,81278.25,80942.3,80942.3,2490946.69897009
1788460200000,80942.3,81046.73,80900.0,80980.0,2722640.87761296
1788461100000,80980.0,81268.57,80955.0,81253.55,1784943.68770337
1788462000000,81253.55,81643.4,81165.0,81196.56,9699070.75059268
1788462900000,81196.56,81608.31,81170.01,81539.67,2870213.71594246
1788463800000,81539.67,81617.89,81375.01,81535.22,2219091.28878603
1788464700000,81535.22,81794.55,81446.17,81757.89,8041275.24258986
1788465600000,81757.89,81788.14,81391.91,81416.41,8996307.62088329
1788466500000,81416.41,81600.0,81390.0,81532.63,1352073.77264831
1788467400000,81532.63,81644.49,81405.87,81470.32,2280084.3146829
1788468300000,81470.32,81575.65,81414.01,81461.8,1847041.07473351
1788469200000,81461.8,81626.5,81293.11,81593.89,7774749.48871567
1788470100000,81593.89,81786.06,81505.23,81767.58,2732674.81922046
1788471000000,81767.58,82278.16,81521.88,81521.88,25596938.14230952
1788471900000,81521.88,81749.83,81424.8,81586.47,5829445.35942506
1788472800000,81586.47,81608.86,81280.0,81377.0,4488858.99571241
1788473700000,81377.0,81403.74,81125.0,81129.07,6141322.91164343
1788474600000,81129.07,81240.0,80900.01,81195.0,9254247.71051218
1788475500000,81195.0,81275.0,81055.01,81135.0,4050252.79896332
1788476400000,81135.0,81214.99,81075.01,81167.47,4285424.81266156
1788477300000,81167.47,81285.0,81155.0,81285.0,1706867.99151474
1788478200000,81285.0,81336.02,81120.0,81233.25,3777516.29114127
1788479100000,81233.25,81329.99,81182.58,81265.01,1309907.60659788
1788480000000,81265.01,81265.01,81080.02,81250.0,3365144.50410855
1788480900000,81250.0,81346.71,81148.0,81148.0,4041440.11434027
1788481800000,81148.0,81428.56,81120.01,81230.0,11008512.89724676
1788482700000,81230.0,81245.0,80965.0,80974.82,8382141.83117809
1788483600000,80974.82,81099.99,80910.09,80943.3,7861523.02821891
1788484500000,80943.3,81024.92,80785.01,80828.93,2614861.15553752
1788485400000,80828.93,80935.0,80770.01,80785.51,1630459.8361134
1788486300000,80785.51,81034.36,80780.0,80972.44,2992402.80529396
1788487200000,80972.44,80972.45,80782.0,80800.0,2111254.59181391
1788488100000,80800.0,80874.12,80688.79,80719.99,1308035.05654591
1788489000000,80719.99,80845.0,80682.49,80745.0,965976.27116806
1788489900000,80745.0,80837.04,80667.0,80837.03,1056670.20197955
1788490800000,80837.03,81019.99,80837.03,80930.0,8830678.68214857
1788491700000,80930.0,80944.99,80833.0,80835.0,1143929.57126671
1788492600000,80835.0,80875.97,80801.69,80874.99,1219548.96195896
1788493500000,80874.99,80969.99,80841.0,80841.0,1649197.66042098
1788494400000,80841.0,80970.0,80815.0,80969.99,769513.12944632
1788495300000,80969.99,81290.0,80955.02,81266.71,3079258.01694433
1788496200000,81266.71,81278.33,81022.72,81036.48,1877879.08651447
1788497100000,81036.48,81140.0,81025.25,81070.0,768099.49600166
1788498000000,81070.0,81080.0,80977.82,80985.0,1879404.1447217
1788498900000,80985.0,81148.94,80947.97,81025.0,4012685.20687147
1788499800000,81025.0,81025.0,80910.0,80985.0,2675772.91315639
1788500700000,80985.0,81065.0,80860.0,80995.48,1581496.36069515
1788501600000,80995.48,81095.0,80910.0,81020.01,1834582.70982721
1788502500000,81020.01,81035.0,80701.27,80725.0,1583786.82670828
1788503400000,80725.0,80864.99,80590.01,80850.55,8040021.82614871
1788504300000,80850.55,80865.0,80705.0,80807.45,1378642.73255104
1788505200000,80807.45,80968.38,80795.0,80939.01,2318803.47107529
1788506100000,80939.01,80968.7,80850.0,80858.61,566247.06510671
1788507000000,80858.61,80909.05,80750.0,80775.21,2979195.34901423
1788507900000,80775.21,80785.0,80640.61,80654.0,4076964.83538933
1788508800000,80654.0,80772.72,80500.5,80772.72,6048403.03240732
1788509700000,80772.72,80999.4,80772.72,80983.4,4530084.19509978
1788510600000,80983.4,81150.93,80975.01,81047.58,15546899.74432989
1788511500000,81047.58,81238.61,80995.01,81145.54,7093869.73655634
1788512400000,81145.54,81234.99,81072.53,81088.99,3365701.9675468
1788513300000,81088.99,81309.99,80928.72,81035.01,3884222.86720334
1788514200000,81035.01,81221.06,80985.01,81166.26,4612428.26280131
1788515100000,81166.26,81220.0,81027.88,81050.36,3384095.00200365
1788516000000,81050.36,81125.0,80880.01,80961.0,3560093.347802
1788516900000,80961.0,80974.99,80822.98,80959.99,2742159.78058901
1788517800000,80959.99,81109.97,80907.83,81073.95,2043443.20131594
1788518700000,81073.95,81194.99,81025.01,81183.36,2630039.49909017
1788519600000,81183.36,81219.99,81080.0,81185.83,2395220.53036163
1788520500000,81185.83,81416.66,81125.02,81335.0,2020710.45829279
1788521400000,81335.0,81335.01,81200.0,81246.98,2070182.206576
1788522300000,81246.98,81348.9,81205.01,81224.99,2108495.08773323
1788523200000,81224.99,81266.71,81127.0,81243.25,4223902.5018648
1788524100000,81243.25,81345.0,81120.0,81329.91,2875755.89180561
1788525000000,81329.91,81329.91,79416.0,79691.8,46109722.3865159
1788525900000,79691.8,79691.8,79179.41,79449.27,10926999.90279809
1788526800000,79449.27,79584.99,79190.26,79230.0,6121686.40223819
1788527700000,79230.0,79494.9,79208.35,79313.75,4502316.80374194
1788528600000,79313.75,79554.61,78996.11,79405.0,10769367.55624443
1788529500000,79405.0,79705.0,79235.42,79380.01,7442221.68900641
1788530400000,79380.01,79575.0,79251.01,79418.24,4237569.99794463
1788531300000,79418.24,79509.99,79085.84,79377.59,4429194.03056528
1788532200000,79377.59,79470.0,78879.01,79034.86,9708183.24559322
1788533100000,79034.86,79145.0,78650.0,78915.87,11198484.49734221
1788534000000,78915.87,79201.53,78801.01,79201.53,5330349.6122757
1788534900000,79201.53,79426.67,79170.0,79412.98,2299191.4509012
1788535800000,79412.98,79542.22,79360.01,79522.4,2487464.68565462
1788536700000,79522.4,79554.45,79390.01,79423.77,1274181.44626259
1788537600000,79423.77,79520.0,79371.73,79447.52,1367270.63514033
1788538500000,79447.52,79581.85,79435.01,79541.83,1225593.38063486
1788539400000,79541.83,79864.44,79538.52,79850.0,4469942.13300704
1788540300000,79850.0,79875.0,79726.52,79745.01,1642937.89460113
1788541200000,79745.01,79755.91,79619.39,79619.39,1278112.10705786
1788542100000,79619.39,79649.91,79511.18,79511.18,1278840.9951617
1788543000000,79511.18,79580.0,79432.01,79485.0,1655630.14725428
1788543900000,79485.0,79515.0,79381.3,79468.53,1536952.15233448
1788544800000,79468.53,79590.0,79468.53,79525.0,846474.46338702
1788545700000,79525.0,79615.0,79525.0,79535.01,554836.31418724
1788546600000,79535.01,79654.99,79530.09,79640.0,930717.1622269
1788547500000,79640.0,79660.0,79593.31,79615.99,632733.51175949
1788548400000,79615.99,79740.85,79615.99,79705.0,1586650.64125457
1788549300000,79705.0,79814.99,79695.0,79805.36,1349686.45323682
1788550200000,79805.36,79805.37,79630.01,79680.0,829358.62319143
1788551100000,79680.0,79812.89,79635.01,79793.11,1694670.82192699
1788552000000,79793.11,79861.8,79762.4,79813.45,1389071.92167593
1788552900000,79813.45,79837.54,79742.86,79756.22,296283.87436761
1788553800000,79756.22,79769.99,79696.81,79714.97,1119357.8487639
1788554700000,79714.97,79769.99,79662.42,79694.99,695712.69759632
1788555600000,79694.99,79790.0,79694.99,79770.0,979310.53550858
1788556500000,79770.0,79803.13,79735.01,79774.85,715774.01668975
1788557400000,79774.85,79813.03,79750.0,79767.65,1846723.00147503
1788558300000,79767.65,79804.99,79511.19,79625.0,5892168.1083931
1788559200000,79625.0,79690.0,79625.0,79690.0,1357427.90569127
1788560100000,79690.0,79705.0,79645.0,79699.99,1106484.19605329
1788561000000,79699.99,79714.99,79661.0,79661.0,459898.74429887
1788561900000,79661.0,79679.99,79625.0,79640.0,728040.47407179
1788562800000,79640.0,79646.44,79596.01,79610.89,702048.06982014
1788563700000,79610.89,79760.0,79610.89,79735.0,673823.51728799
1788564600000,79735.0,79735.01,79670.0,79670.0,220346.31199072
1788565500000,79670.0,79670.01,79620.08,79660.01,485083.21422724
1788566400000,79660.01,79721.71,79620.0,79673.96,1251207.46666033
1788567300000,79673.96,79673.97,79605.0,79653.77,346014.85940761
1788568200000,79653.77,79700.0,79630.0,79630.0,531009.24907096
1788569100000,79630.0,79645.8,79560.0,79575.0,975618.31922554
1788570000000,79575.0,79685.0,79555.0,79628.19,2296593.08665069
1788570900000,79628.19,79700.0,79605.0,79690.14,1089502.88662086
1788571800000,79690.14,79710.0,79610.01,79635.0,761825.7896043
1788572700000,79635.0,79665.0,79536.0,79536.0,2045290.31201184
1788573600000,79536.0,79577.88,79477.17,79567.99,2954758.23519859
1788574500000,79567.99,79595.0,79512.27,79524.54,555827.50551121
1788575400000,79524.54,79620.0,79524.54,79614.18,540842.79414337
1788576300000,79614.18,79614.18,79540.0,79569.14,494732.71430542
1788577200000,79569.14,79569.14,79515.0,79550.0,577686.95753394
1788578100000,79550.0,79614.99,79550.0,79586.37,1067482.6086146
1788579000000,79586.37,79628.13,79586.36,79625.0,215276.83693958
1788579900000,79625.0,79628.13,79581.58,79581.58,181836.10500228
1788580800000,79581.58,79595.0,79512.89,79540.0,796041.01542925
1788581700000,79540.0,79579.46,79539.99,79560.01,219272.2760569
1788582600000,79560.01,79560.01,79527.01,79536.08,285179.35641356
1788583500000,79536.08,79560.0,79500.0,79504.06,1572735.93386349
1788584400000,79504.06,79565.0,79450.0,79564.92,1024437.37254645
1788585300000,79564.92,79589.99,79521.79,79589.99,1623263.45633523
1788586200000,79589.99,79598.68,79520.0,79520.0,911744.27114515
1788587100000,79520.0,79604.99,79500.0,79580.0,3136898.08258967
1788588000000,79580.0,79640.0,79578.86,79625.01,674317.05175621
1788588900000,79625.01,79652.57,79618.0,79645.02,1339145.03878084
1788589800000,79645.02,79719.65,79630.0,79666.0,1422376.90039789
1788590700000,79666.0,79685.0,79645.01,79645.01,1090066.69017191
1788591600000,79645.01,79698.96,79642.02,79687.4,1005328.21108913
1788592500000,79687.4,79725.0,79676.64,79722.17,563644.00908659
1788593400000,79722.17,79755.66,79710.0,79735.13,1484964.74118225
1788594300000,79735.13,79774.97,79700.0,79716.51,1587188.78879764
1788595200000,79716.51,79716.51,79635.0,79665.0,1889186.40646144
1788596100000,79665.0,79728.82,79615.0,79641.0,1739217.74577647
1788597000000,79641.0,79641.01,79570.0,79617.9,819711.97616369
1788597900000,79617.9,79665.0,79600.0,79650.0,690876.31970815
1788598800000,79650.0,79733.67,79646.81,79720.84,2195915.04867514
1788599700000,79720.84,79720.84,79689.46,79693.03,1307759.15520058
1788600600000,79693.03,79710.0,79657.15,79689.99,903680.72843747
1788601500000,79689.99,79689.99,79612.42,79629.99,1467102.71890699
1788602400000,79629.99,79640.0,79606.62,79618.26,520376.35784372
1788603300000,79618.26,79665.0,79605.0,79615.45,1482399.76789739
1788604200000,79615.45,79665.0,79595.01,79606.49,1555602.1326946
1788605100000,79606.49,79657.48,79587.9,79620.0,1030565.35166674
1788606000000,79620.0,79675.0,79620.0,79649.28,1439145.82971204
1788606900000,79649.28,79649.29,79615.4,79624.31,639739.45230419
1788607800000,79624.31,79637.87,79605.01,79610.01,702967.38854148
1788608700000,79610.01,79680.0,79606.33,79606.33,731384.36688429
1788609600000,79606.33,79670.0,79606.33,79660.65,261614.80927981
1788610500000,79660.65,79679.33,79655.0,79658.1,287790.38719875
1788611400000,79658.1,79774.8,79615.0,79727.41,1825237.42367535
1788612300000,79727.41,79770.0,79710.0,79710.0,707277.03516446
1788613200000,79710.0,79716.0,79670.35,79716.0,828169.23100675
1788614100000,79716.0,79762.08,79680.0,79753.42,270285.79563709
1788615000000,79753.42,79755.0,79645.75,79654.04,561129.49127137
1788615900000,79654.04,79690.0,79545.0,79615.41,1031368.02163354
1788616800000,79615.41,79693.21,79615.4,79670.01,419373.50626065
1788617700000,79670.01,79735.0,79670.0,79727.31,358280.99029516
1788618600000,79727.31,79745.0,79695.01,79709.99,493973.58285154
1788619500000,79709.99,79754.76,79709.99,79720.01,697251.07878841
1788620400000,79720.01,79763.31,79715.26,79729.08,803062.67100685
1788621300000,79729.08,79775.0,79685.01,79693.65,1620243.70254548
1788622200000,79693.65,79770.0,79693.64,79746.3,511319.87361315
1788623100000,79746.3,79813.64,79738.56,79804.0,930020.26624827
1788624000000,79804.0,79845.0,79755.0,79778.38,1129173.89494159
1788624900000,79778.38,79899.94,79778.38,79894.08,1292271.97956143
1788625800000,79894.08,79990.0,79894.07,79939.99,4319347.84108922
1788626700000,79939.99,80196.71,79930.0,80039.09,6010268.7444844
1788627600000,80039.09,80155.0,80010.01,80125.0,2678098.5305709
1788628500000,80125.0,80150.0,79970.01,80029.69,4756160.33972153
1788629400000,80029.69,80139.91,79990.0,80051.79,1625459.98002982
1788630300000,80051.79,80090.0,80027.17,80065.0,2346805.52707893
1788631200000,80065.0,80086.82,79973.0,80000.11,1020366.41997131
1788632100000,80000.11,80025.0,79956.0,79956.0,511722.7384818
1788633000000,79956.0,80045.0,79930.01,79970.0,451207.57317472
1788633900000,79970.0,80000.0,79935.0,79997.84,435905.85765471
1788634800000,79997.84,79997.84,79930.0,79938.4,354852.93623381
1788635700000,79938.4,79987.77,79905.0,79961.8,1003127.33925083
1788636600000,79961.8,79973.01,79760.0,79854.16,1328012.32713746
1788637500000,79854.16,79857.59,79711.02,79752.2,1619714.77749776
1788638400000,79752.2,79840.0,79720.0,79738.34,4480815.00545477
1788639300000,79738.34,79827.86,79695.0,79719.99,2386177.43614215
1788640200000,79719.99,79780.0,79690.0,79780.0,4073145.89215324
1788641100000,79780.0,79794.57,79730.01,79735.97,1362395.12928489
1788642000000,79735.97,79795.0,79725.03,79784.99,516468.43702562
1788642900000,79784.99,79877.24,79771.31,79855.1,180585.00836598
1788643800000,79855.1,79929.27,79840.0,79920.44,1782408.68975812
1788644700000,79920.44,79939.99,79861.72,79908.28,434722.7569047
1788645600000,79908.28,79934.55,79855.0,79924.99,497087.49483593
1788646500000,79924.99,79939.99,79770.01,79813.63,1113826.89463937
1788647400000,79813.63,79855.0,79760.0,79775.0,1696087.72669912
1788648300000,79775.0,79820.7,79755.0,79790.0,3163693.28447283
1788649200000,79790.0,79790.0,79720.0,79756.77,285955.83123782
1788650100000,79756.77,79825.0,79748.43,79802.05,598392.66061742
1788651000000,79802.05,79839.21,79715.0,79811.7,2865198.38760774
1788651900000,79811.7,79904.99,79782.0,79829.99,2557798.67268746
1788652800000,79829.99,79917.03,79823.04,79907.64,265738.70830779
1788653700000,79907.64,79935.0,79870.01,79927.38,294503.16419885
1788654600000,79927.38,79940.0,79875.52,79875.53,1069475.03488248
1788655500000,79875.53,79930.0,79865.0,79870.01,859819.72396122
1788656400000,79870.01,80002.29,79870.0,79960.01,1755523.07648641
1788657300000,79960.01,79992.17,79900.0,79920.01,1043183.05677899
1788658200000,79920.01,80065.0,79920.0,79981.14,2143127.43123617
1788659100000,79981.14,80015.0,79935.0,79950.0,3342616.90147712
1788660000000,79950.0,80024.99,79895.0,80000.01,1579659.57159111
1788660900000,80000.01,80000.73,79906.01,79915.0,1242837.39756354
1788661800000,79915.0,79950.0,79875.01,79879.55,726514.2421781
1788662700000,79879.55,79914.99,79875.0,79907.43,553830.5131559
1788663600000,79907.43,79934.74,79900.0,79934.74,404785.7019326
1788664500000,79934.74,79967.45,79896.31,79899.67,436692.14767258
1788665400000,79899.67,80110.0,79899.66,80109.99,798004.36490147
1788666300000,80109.99,80110.0,80008.45,80030.01,649773.00700835
1788667200000,80030.01,80030.01,79960.01,79975.01,681781.30746216
1788668100000,79975.01,79985.0,79880.01,79931.88,739430.36315566
1788669000000,79931.88,79936.0,79905.0,79921.09,774892.53856634
1788669900000,79921.09,79949.99,79855.0,79865.01,2640303.28028232
1788670800000,79865.01,79904.17,79795.0,79809.99,1281798.06797602
1788671700000,79809.99,79879.0,79795.0,79852.64,1075650.67370095
1788672600000,79852.64,80115.0,79852.64,80023.53,2354108.10253668
1788673500000,80023.53,80035.0,79942.58,79990.0,1517746.18819536
1788674400000,79990.0,79990.0,79930.0,79930.0,403907.87869829
1788675300000,79930.0,79933.49,79830.01,79837.0,3101217.27570018
1788676200000,79837.0,79850.0,79765.01,79820.0,2713350.81603571
1788677100000,79820.0,79825.0,79700.01,79785.0,1630501.20376404
1788678000000,79785.0,79809.99,79577.96,79680.0,4270460.45713487
1788678900000,79680.0,79860.0,79679.99,79822.44,3056554.80386415
1788679800000,79822.44,79870.0,79790.0,79853.33,1160891.76722167
1788680700000,79853.33,79853.33,79815.0,79815.0,1004756.65974704
1788681600000,79815.0,79903.06,79815.0,79878.11,1265025.07734167
1788682500000,79878.11,79878.11,79805.0,79805.0,517373.87701314
1788683400000,79805.0,79817.2,79765.01,79790.0,1927774.57044097
1788684300000,79790.0,79882.93,79754.59,79848.19,1578607.69490102
1788685200000,79848.19,79930.0,79808.23,79926.1,1496717.88854109
1788686100000,79926.1,79991.12,79917.04,79970.0,1896457.236386
1788687000000,79970.0,79995.0,79850.0,79865.0,1194514.73021505
1788687900000,79865.0,79912.98,79855.0,79884.19,842065.53908464
1788688800000,79884.19,79945.0,79884.18,79924.21,379641.06193962
1788689700000,79924.21,79984.15,79924.2,79979.99,463518.78298659
1788690600000,79979.99,80018.76,79970.0,80018.76,645279.72712617
1788691500000,80018.76,80024.99,79981.5,80000.01,1066127.26803313
1788692400000,80000.01,80003.21,79925.0,79979.99,663772.66365359
1788693300000,79979.99,79994.0,79899.01,79906.01,2798234.56322502
1788694200000,79906.01,79970.0,79890.01,79955.0,1605475.99906088
1788695100000,79955.0,79960.21,79910.01,79916.29,251989.30663874
1788696000000,79916.29,79944.99,79863.02,79933.02,659048.82662617
1788696900000,79933.02,80006.1,79933.02,79973.45,1065415.23182161
1788697800000,79973.45,80010.0,79938.0,79938.0,968747.4416241
1788698700000,79938.0,79999.54,79920.0,79925.0,823581.2081859
1788699600000,79925.0,79970.0,79876.81,79889.95,965947.51293337
1788700500000,79889.95,79889.95,79784.56,79795.0,829174.53011645
1788701400000,79795.0,79860.0,79765.0,79797.13,1086660.97168689
1788702300000,79797.13,79850.0,79775.01,79834.99,916715.25780413
1788703200000,79834.99,79845.0,79745.89,79753.19,800610.39306292
1788704100000,79753.19,79805.0,79596.78,79670.0,2995900.24563747
1788705000000,79670.0,79764.78,79216.52,79722.5,9011291.46250196
1788705900000,79722.5,79722.51,79530.01,79547.31,1206860.7807857
1788706800000,79547.31,79585.0,79389.0,79542.6,2464678.08943839
1788707700000,79542.6,79666.15,79542.6,79639.99,898410.28901875
1788708600000,79639.99,79715.0,79600.01,79696.22,418922.37413495
1788709500000,79696.22,79729.99,79665.0,79720.22,1099616.26493189
1788710400000,79720.22,79739.99,79607.57,79700.0,1250775.05888978
1788711300000,79700.0,79730.0,79640.0,79719.56,426837.88012877
1788712200000,79719.56,79790.0,79692.12,79725.01,305882.48965122
1788713100000,79725.01,79729.88,79647.28,79690.0,386348.53155626
1788714000000,79690.0,79690.0,79585.01,79629.78,400257.54467851
1788714900000,79629.78,79775.0,79629.77,79697.62,1836917.88894686
1788715800000,79697.62,79770.0,79680.64,79755.77,401291.72146549
1788716700000,79755.77,79769.94,79730.01,79745.53,243764.5660126
1788717600000,79745.53,79874.87,79745.53,79840.0,2236237.55963763
1788718500000,79840.0,79919.59,79830.37,79919.58,446606.68935313
1788719400000,79919.58,79967.1,79919.58,79954.99,695899.20862329
1788720300000,79954.99,79960.0,79901.01,79950.59,598145.78128709
1788721200000,79950.59,79950.59,79860.01,79868.01,547253.10464756
1788722100000,79868.01,79870.0,79825.98,79854.55,254077.97982272
1788723000000,79854.55,79854.55,79804.01,79804.56,256347.13431239
1788723900000,79804.56,79830.0,79800.49,79829.27,573591.54648007
1788724800000,79829.27,79832.95,79780.0,79810.0,234165.65948502
1788725700000,79810.0,79951.76,79805.49,79934.6,764437.87260892
1788726600000,79934.6,79971.58,79911.0,79954.99,534517.50869588
1788727500000,79954.99,79971.59,79895.0,79903.41,358553.37052432
1788728400000,79903.41,80019.69,79903.41,80014.42,415060.13859231
1788729300000,80014.42,80035.0,79905.0,79905.01,1699196.31084141
1788730200000,79905.01,79984.54,79880.01,79911.62,848798.92940341
1788731100000,79911.62,80005.0,79910.0,79943.21,239469.70231899
1788732000000,79943.21,79946.09,79679.0,79751.98,581455.53999054
1788732900000,79751.98,79835.0,79648.9,79823.73,1235504.58172944
1788733800000,79823.73,80015.0,79816.81,79974.93,992137.76785811
1788734700000,79974.93,80094.67,79950.0,80055.01,1093111.3527218
1788735600000,80055.01,80352.94,80010.95,80190.0,6035392.86895737
1788736500000,80190.0,80280.0,80100.46,80124.63,930543.51664309
1788737400000,80124.63,80492.74,80124.63,80387.2,1623823.86576897
1788738300000,80387.2,80563.8,80305.0,80344.72,3032782.47705951
1788739200000,80344.72,80444.99,80240.01,80332.02,1868294.06968833
1788740100000,80332.02,80336.77,80060.0,80201.48,1805779.95839884
1788741000000,80201.48,80275.0,80106.0,80144.24,1511555.09481816
1788741900000,80144.24,80194.99,80069.0,80159.73,2766153.84154316
1788742800000,80159.73,80235.64,79950.0,79957.0,4185337.94692096
1788743700000,79957.0,80015.5,79847.72,79925.0,1365903.97308539
1788744600000,79925.0,79990.0,79833.33,79852.67,435086.51267912
1788745500000,79852.67,79979.67,79821.43,79925.8,1554161.25871752
1788746400000,79925.8,79937.48,79798.12,79838.3,588789.82401426
1788747300000,79838.3,80045.0,79838.29,80025.0,1105603.48337893
1788748200000,80025.0,80431.05,80005.0,80261.77,1733746.04325392
1788749100000,80261.77,80279.21,79830.77,79870.0,2574682.00951569
1788750000000,79870.0,79985.0,79771.54,79794.42,1783517.71669093
1788750900000,79794.42,79839.99,79726.79,79730.0,783505.38253627
1788751800000,79730.0,79769.02,79590.01,79635.25,820642.50264063
1788752700000,79635.25,79690.0,79571.44,79600.0,1170758.00139767
1788753600000,79600.0,79689.65,79557.15,79689.65,1226965.53397574
1788754500000,79689.65,79700.0,79610.91,79610.91,1336927.09888242
1788755400000,79610.91,79684.99,79545.46,79684.98,980871.43132875
1788756300000,79684.98,79725.0,79650.0,79725.0,1312455.77728154
1788757200000,79725.0,79780.0,79660.01,79772.37,1748868.60995301
1788758100000,79772.37,79928.97,79765.0,79855.84,1743007.2221931
1788759000000,79855.84,79865.4,79820.0,79859.99,550816.32832803
1788759900000,79859.99,79860.0,79760.81,79760.81,464368.09991643
1788760800000,79760.81,79825.0,79746.0,79810.32,240864.15746776
1788761700000,79810.32,79810.32,79695.01,79716.97,382477.99823953
1788762600000,79716.97,79739.99,79660.01,79676.41,2013676.23758307
1788763500000,79676.41,79685.0,79660.0,79665.01,342988.18420745
1788764400000,79665.01,79695.0,79595.0,79618.69,1427186.64422138
1788765300000,79618.69,79634.11,79406.25,79426.94,1225318.67939405
1788766200000,79426.94,79520.0,79005.0,79284.44,14665938.96535569
1788767100000,79284.44,79407.68,79284.44,79398.97,2784063.9723748
1788768000000,79398.97,79505.0,79398.97,79465.0,1737687.84167492
1788768900000,79465.0,79521.88,79455.01,79467.59,1178697.20700958
1788769800000,79467.59,79534.99,79435.0,79482.81,1984392.79171785
1788770700000,79482.81,79500.0,79421.0,79433.96,1452066.62358743
1788771600000,79433.96,79554.66,79420.0,79532.25,852428.15101371
1788772500000,79532.25,79548.19,79427.0,79485.01,1391946.32421725
1788773400000,79485.01,79485.01,79325.01,79389.99,1684218.60585234
1788774300000,79389.99,79455.0,79300.0,79314.99,900359.30760075
1788775200000,79314.99,79405.0,79314.99,79379.51,3378489.82774525
1788776100000,79379.51,79439.75,79372.91,79424.75,1371462.95365885
1788777000000,79424.75,79455.0,79390.01,79454.99,1652218.33658391
1788777900000,79454.99,79459.99,79350.0,79363.19,1783743.72285363
1788778800000,79363.19,79421.03,79278.0,79421.03,1696095.27384977
1788779700000,79421.03,79470.0,79397.81,79445.01,748622.74100522
1788780600000,79445.01,79485.0,79407.05,79410.01,2162369.62226489
1788781500000,79410.01,79435.67,79375.0,79420.0,1448452.48332906
1788782400000,79420.0,79495.0,79405.0,79425.01,2011716.50670619
1788783300000,79425.01,79530.0,79411.29,79525.33,323485.56965721
1788784200000,79525.33,79528.0,79460.0,79475.0,1646940.6089769
1788785100000,79475.0,79627.76,79474.99,79605.01,1099241.16777216
1788786000000,79605.01,79642.86,79525.0,79619.99,2374350.09028766
1788786900000,79619.99,79640.0,79575.0,79640.0,1073222.89825859
1788787800000,79640.0,79641.42,79311.0,79375.01,2880457.80354038
1788788700000,79375.01,79421.93,79325.0,79355.0,1011396.83874253
1788789600000,79355.0,79398.6,79118.84,79180.0,2377873.40241035
1788790500000,79180.0,79227.55,79045.01,79055.92,2430444.03458605
1788791400000,79055.92,79109.99,78964.48,79036.01,3972987.50675455
1788792300000,79036.01,79285.0,79030.02,79200.01,767249.13103018
1788793200000,79200.01,79200.01,79045.0,79050.0,1076774.11142203
1788794100000,79050.0,79150.0,78839.69,79037.29,4587641.50049781
1788795000000,79037.29,79041.56,78683.23,78785.01,3898059.19988163
1788795900000,78785.01,78863.42,78705.01,78825.0,3503122.4147255
1788796800000,78825.0,78922.04,78822.21,78913.87,1708434.12729328
1788797700000,78913.87,78913.87,78808.88,78832.15,1078068.40734199
1788798600000,78832.15,79034.99,78832.15,79004.99,2687524.17934144
1788799500000,79004.99,79028.7,78970.01,79027.11,728335.85814895
1788800400000,79027.11,79157.08,79016.84,79157.08,812475.47279913
1788801300000,79157.08,79160.0,79094.0,79127.87,1426158.44685477
1788802200000,79127.87,79175.0,79075.42,79160.01,409799.2944649
1788803100000,79160.01,79224.34,79145.15,79190.0,574663.22185355
1788804000000,79190.0,79215.0,79150.0,79176.3,952541.23408862
1788804900000,79176.3,79197.84,79135.01,79145.59,395989.95945547
1788805800000,79145.59,79160.0,79095.0,79159.26,486252.82913693
1788806700000,79159.26,79246.99,79141.14,79197.88,978707.47627539
1788807600000,79197.88,79197.88,79155.01,79165.76,305392.46951807
1788808500000,79165.76,79247.57,79165.75,79237.25,298347.34259988
1788809400000,79237.25,79414.58,79237.25,79343.84,2434577.02459678
1788810300000,79343.84,79387.51,79343.83,79361.75,425162.24945042
1788811200000,79361.75,79394.99,79215.0,79241.35,1232183.92641716
1788812100000,79241.35,79263.06,79190.0,79215.0,482503.55930637
1788813000000,79215.0,79244.98,79195.0,79195.0,546071.77002876
1788813900000,79195.0,79263.05,79175.0,79241.38,1132041.78181686
1788814800000,79241.38,79270.0,79205.0,79270.0,703600.57744077
1788815700000,79270.0,79279.81,79217.04,79234.3,857298.79195351
1788816600000,79234.3,79239.11,79175.01,79198.64,1274699.77834744
1788817500000,79198.64,79219.99,79165.0,79165.0,499174.21001767
1788818400000,79165.0,79224.99,79080.0,79155.18,1263599.78257744
1788819300000,79155.18,79205.0,79027.6,79110.01,2149459.84085944
1788820200000,79110.01,79110.01,78791.28,78821.41,3444295.68157624
1788821100000,78821.41,78973.51,78821.41,78958.67,1057927.24920183
1788822000000,78958.67,79174.41,78940.0,79131.25,3283962.85097922
1788822900000,79131.25,79140.0,78965.01,79012.71,926352.57090358
1788823800000,79012.71,79125.0,78988.93,79125.0,288183.03978001
1788824700000,79125.0,79211.91,79106.79,79115.0,1084073.52916468
1788825600000,79115.0,79115.01,78995.01,79054.99,2080587.79769468
1788826500000,79054.99,79152.99,78975.0,79007.0,2358619.93794356
1788827400000,79007.0,79283.34,78985.69,79219.22,994437.94463223
1788828300000,79219.22,79314.42,79205.0,79314.42,1493720.9859541
1788829200000,79314.42,79372.53,79265.0,79295.6,1087254.22753102
1788830100000,79295.6,79467.91,79270.01,79396.12,1205148.70266573
1788831000000,79396.12,79396.13,79310.01,79320.0,592788.81593366
1788831900000,79320.0,79459.18,79310.0,79435.0,349122.16269038
1788832800000,79435.0,79441.0,79260.0,79341.44,1114498.2687515
1788833700000,79341.44,79495.32,79251.0,79265.0,1272706.45800526
1788834600000,79265.0,79270.0,79105.0,79135.0,1097467.19981936
1788835500000,79135.0,79153.7,78935.0,78935.0,1546780.1367567
1788836400000,78935.0,79008.57,78885.0,78920.0,1228654.17102271
1788837300000,78920.0,78950.0,78732.23,78780.0,2438310.43188885
1788838200000,78780.0,78990.0,78775.0,78955.01,2887385.74898253
1788839100000,78955.01,78960.0,78875.0,78911.15,517629.22246794
1788840000000,78911.15,78939.99,78790.0,78813.49,1280154.7749981
1788840900000,78813.49,78861.69,78760.01,78822.44,2412587.56145208
1788841800000,78822.44,78875.0,78735.01,78789.35,893348.15777998
1788842700000,78789.35,78821.06,78675.38,78686.84,798626.71049582
1788843600000,78686.84,78815.0,78552.31,78709.24,9972906.99459327
1788844500000,78709.24,78880.0,78660.0,78825.43,7284412.84572052
1788845400000,78825.43,78826.96,78625.74,78625.74,4642851.01786798
1788846300000,78625.74,78715.0,78565.01,78579.99,2251448.88356718
1788847200000,78579.99,78635.0,78453.36,78595.28,8060203.96894378
1788848100000,78595.28,78637.53,78363.8,78386.0,6832133.23851833
1788849000000,78386.0,78450.0,78361.96,78429.75,908225.31767841
1788849900000,78429.75,78489.99,78265.01,78321.99,5064627.45534338
1788850800000,78321.99,78445.0,78295.0,78410.0,2161450.73726852
1788851700000,78410.0,78517.58,78380.0,78470.0,1427169.89937414
1788852600000,78470.0,78605.0,78435.01,78440.29,4785886.16056299
1788853500000,78440.29,78475.0,78178.26,78475.0,3837427.25314822
1788854400000,78475.0,78480.0,78290.01,78393.61,1319434.31806396
1788855300000,78393.61,78513.87,78309.13,78485.05,3075875.83245647
1788856200000,78485.05,78565.0,78456.05,78544.99,1360130.92552215
1788857100000,78544.99,78584.99,78383.52,78420.0,999504.51074172
1788858000000,78420.0,78507.76,78340.01,78493.69,4537769.71094054
1788858900000,78493.69,78514.21,78345.0,78475.01,5021630.10221956
1788859800000,78475.01,78778.41,78449.14,78764.98,2790811.48646477
1788860700000,78764.98,78800.0,78725.36,78760.94,2367623.17131682
1788861600000,78760.94,78760.95,78670.02,78742.0,1123221.63721941
1788862500000,78742.0,78994.99,78734.71,78847.89,6224909.50656714
1788863400000,78847.89,78867.61,78650.0,78673.92,2722443.41040649
1788864300000,78673.92,78692.41,78560.69,78560.7,3033151.80975634
1788865200000,78560.7,78574.99,78290.01,78310.0,3322910.59854163
1788866100000,78310.0,78478.73,78308.61,78445.02,4333748.68684058
1788867000000,78445.02,78494.99,78405.02,78440.0,1698268.60095434
1788867900000,78440.0,78460.0,78370.0,78420.0,3784654.73633682
1788868800000,78420.0,78420.0,78220.0,78220.01,2993328.45155429
1788869700000,78220.01,78403.67,78220.0,78380.01,1322536.39882773
1788870600000,78380.01,78450.0,78300.01,78329.99,1783828.00715158
1788871500000,78329.99,78480.0,78300.01,78444.99,3413785.177098
1788872400000,78444.99,78553.93,78403.09,78473.87,2228089.69863761
1788873300000,78473.87,78485.35,78316.37,78340.01,2373752.80516462
1788874200000,78340.01,78374.99,77686.03,77844.99,11898008.83072475
1788875100000,77844.99,78094.99,77627.44,77962.87,5172251.78846466
1788876000000,77962.87,78195.0,77855.36,78155.0,3142828.56115321
1788876900000,78155.0,78378.7,78155.0,78338.55,2310383.54830969
1788877800000,78338.55,78431.77,78246.0,78410.01,1911606.28335295
1788878700000,78410.01,78620.0,78388.25,78565.0,3077901.52072043
1788879600000,78565.0,78659.08,78476.0,78640.0,1918775.29853642
1788880500000,78640.0,78708.28,78455.93,78462.29,2890360.69316386
1788881400000,78462.29,78768.1,78455.64,78720.0,2178612.49557944
1788882300000,78720.0,78910.0,78675.0,78900.28,4924471.25076555
1788883200000,78900.28,78909.15,78633.41,78650.8,2302112.92740071
1788884100000,78650.8,78683.85,78580.01,78633.78,1446576.251388
1788885000000,78633.78,78971.24,78622.03,78795.01,2651132.86880855
1788885900000,78795.01,78880.0,78655.01,78735.0,2924606.39751543
1788886800000,78735.0,78893.69,78665.73,78709.77,2690955.30710215
1788887700000,78709.77,78715.0,78547.83,78595.91,1200206.1180058
1788888600000,78595.91,78665.0,78535.0,78535.01,1709251.02022059
1788889500000,78535.01,78649.4,78505.0,78505.01,1043127.4786152
1788890400000,78505.01,78724.99,78497.58,78677.4,1977525.09435102
1788891300000,78677.4,78824.33,78674.22,78732.32,1430769.32759862
1788892200000,78732.32,78775.0,78584.26,78606.92,1112342.53766626
1788893100000,78606.92,78654.99,78270.01,78437.3,1820178.0821036
1788894000000,78437.3,78524.99,78397.51,78469.8,1149357.19547679
1788894900000,78469.8,78530.0,78345.23,78476.37,3376528.79048312
1788895800000,78476.37,78523.48,78345.01,78419.37,2812915.62361314
1788896700000,78419.37,78450.0,78320.0,78445.53,2277980.82780848
1788897600000,78445.53,78621.62,78410.17,78609.99,1328373.50919552
1788898500000,78609.99,78615.0,78460.0,78586.79,1100312.5432554
1788899400000,78586.79,78586.79,78420.0,78530.47,849059.98558152
1788900300000,78530.47,78560.0,78470.79,78485.72,727421.92198572
1788901200000,78485.72,78575.0,78470.0,78551.84,1233071.80687883
1788902100000,78551.84,78620.0,78511.14,78540.0,1665062.89209576
1788903000000,78540.0,78564.99,78450.0,78534.5,1768783.27624266
1788903900000,78534.5,78534.5,78408.0,78491.9,1354392.27238291
1788904800000,78491.9,78665.0,78457.46,78509.94,3169841.61684089
1788905700000,78509.94,78579.99,78470.0,78502.47,1803336.35734406
1788906600000,78502.47,78530.0,78466.49,78485.94,463109.38427155
1788907500000,78485.94,78575.0,78485.0,78560.43,434775.80321865
1788908400000,78560.43,78575.0,78465.62,78499.62,982010.41807013
1788909300000,78499.62,78503.96,78432.0,78466.0,484606.64775645
1788910200000,78466.0,78470.0,78446.0,78447.07,337448.14106474
1788911100000,78447.07,78465.0,78410.01,78454.0,598156.39492304
1788912000000,78454.0,78733.22,78454.0,78718.54,310099.32867505
1788912900000,78718.54,78740.13,78602.04,78628.4,310392.09718471
1788913800000,78628.4,78690.0,78567.63,78690.0,259397.24607614
1788914700000,78690.0,78791.56,78689.99,78770.0,710895.7734404
1788915600000,78770.0,78862.0,78700.01,78740.0,1241859.73592937
1788916500000,78740.0,78772.93,78629.01,78735.0,691285.72539379
1788917400000,78735.0,78874.84,78700.56,78844.03,547469.89656903
1788918300000,78844.03,78892.86,78816.61,78889.99,3029576.74438867
1788919200000,78889.99,78927.77,78795.49,78806.45,2009650.37313859
1788920100000,78806.45,78829.99,78685.01,78819.99,3293832.71652256
1788921000000,78819.99,78835.0,78753.62,78790.3,460850.4612896
1788921900000,78790.3,78805.0,78725.41,78725.41,472407.99497354
1788922800000,78725.41,78725.42,78591.55,78591.55,1017044.98309633
1788923700000,78591.55,78620.0,78550.47,78578.7,467084.09821346
1788924600000,78578.7,78665.0,78575.0,78648.26,496886.7770904
1788925500000,78648.26,78679.12,78604.3,78635.0,873038.24251391
1788926400000,78635.0,78942.15,78635.0,78842.8,2711175.81727135
1788927300000,78842.8,78947.0,78783.16,78890.02,647001.94373021
1788928200000,78890.02,79207.49,78875.0,79190.01,3181212.53043671
1788929100000,79190.01,79211.91,79075.01,79165.15,1075994.24482291
1788930000000,79165.15,79305.26,79055.01,79272.31,6749915.47530507
1788930900000,79272.31,79361.44,79129.0,79129.0,5252179.71346556
1788931800000,79129.0,79139.14,78895.01,78925.0,4533297.36484797
1788932700000,78925.0,78960.0,78840.38,78934.42,1121432.99043165
1788933600000,78934.42,79139.09,78860.0,79120.01,2214352.3103105
1788934500000,79120.01,79290.0,79100.0,79157.53,692377.76330004
1788935400000,79157.53,79234.99,79135.01,79192.64,1461646.80434642
1788936300000,79192.64,79200.0,79115.56,79160.0,1157652.1220618
1788937200000,79160.0,79400.0,79151.0,79250.63,3236215.0982381
1788938100000,79250.63,79298.72,79230.0,79275.0,2322430.7998689
1788939000000,79275.0,79290.0,79175.01,79191.46,3035196.73980895
1788939900000,79191.46,79283.66,79185.79,79273.24,2118055.57009761
1788940800000,79273.24,79541.02,79260.0,79405.01,4092709.80538034
1788941700000,79405.01,79706.86,79400.01,79680.91,1440637.81148959
1788942600000,79680.91,79756.11,79575.0,79641.48,3432011.93430582
1788943500000,79641.48,79704.8,79589.01,79694.16,813762.99998101
1788944400000,79694.16,79710.0,79472.0,79537.85,1305681.88614596
1788945300000,79537.85,79545.0,79422.93,79422.93,1128248.76380379
1788946200000,79422.93,79446.37,79065.0,79076.0,2520033.42551669
1788947100000,79076.0,79120.0,78895.78,78955.0,5317313.40790808
1788948000000,78955.0,79051.03,78941.14,79005.0,1850573.6030014
1788948900000,79005.0,79133.36,78930.0,79085.0,1695702.8427094
1788949800000,79085.0,79185.0,79065.01,79078.06,2658627.88152089
1788950700000,79078.06,79078.06,78879.01,78919.06,1155139.16603205
1788951600000,78919.06,78960.0,78748.44,78875.07,1134617.30656074
1788952500000,78875.07,79004.99,78805.0,79001.16,768731.45613835
1788953400000,79001.16,79104.99,78965.01,79025.01,1944721.55010158
1788954300000,79025.01,79381.82,79025.01,79329.99,4128177.77570018
1788955200000,79329.99,79452.05,79290.01,79391.8,3498214.70795669
1788956100000,79391.8,79445.0,79320.01,79400.0,1131745.26242174
1788957000000,79400.0,79608.2,79400.0,79524.99,2776177.68245636
1788957900000,79524.99,79664.04,79524.99,79609.53,2643679.00126106
1788958800000,79609.53,79629.99,79499.64,79519.93,2051252.98585066
1788959700000,79519.93,79640.0,79465.0,79625.01,890253.39204204
1788960600000,79625.01,79679.14,79110.11,79245.37,2984074.10241022
1788961500000,79245.37,79395.0,79110.0,79147.2,2737500.60559374
1788962400000,79147.2,79209.99,78903.7,79087.92,3658892.79831544
1788963300000,79087.92,79275.0,78877.74,79275.0,3929657.54742347
1788964200000,79275.0,79412.5,78965.52,78995.0,4195319.45754104
1788965100000,78995.0,79139.99,78900.0,78957.55,2295249.14659483
1788966000000,78957.55,79399.99,78278.84,78480.0,13575712.30134373
1788966900000,78480.0,78630.0,78060.01,78380.0,7568346.99776193
1788967800000,78380.0,78748.37,78345.0,78645.01,3073485.04267212
1788968700000,78645.01,78690.0,78555.0,78601.73,1008696.57909837
1788969600000,78601.73,78785.0,78495.0,78666.19,2400836.24829002
1788970500000,78666.19,78666.2,78455.33,78630.0,3144229.65436985
1788971400000,78630.0,78939.41,78630.0,78803.85,795969.77152809
1788972300000,78803.85,78809.99,78735.01,78801.4,436444.53905973
1788973200000,78801.4,78915.0,78721.05,78869.73,3231740.01037754
1788974100000,78869.73,78924.99,78791.0,78852.61,624750.5726093
1788975000000,78852.61,78859.99,78690.0,78700.01,1381492.16108824
1788975900000,78700.01,78814.06,78670.63,78775.01,525139.24575101
1788976800000,78775.01,78785.0,78593.47,78601.51,369365.1765468
1788977700000,78601.51,78639.63,78566.0,78620.0,427914.38384422
1788978600000,78620.0,78644.99,78501.65,78533.32,1120174.58022054
1788979500000,78533.32,78555.0,78403.06,78416.28,3129881.19032149
1788980400000,78416.28,78485.0,78345.01,78481.63,1363945.83673135
1788981300000,78481.63,78580.0,78467.45,78533.26,524293.33463029
1788982200000,78533.26,78549.99,78291.89,78303.2,1256115.17564685
1788983100000,78303.2,78335.0,78155.73,78234.35,1335195.86675977
1788984000000,78234.35,78295.0,78200.01,78248.86,866007.31181374
1788984900000,78248.86,78339.99,77933.34,78109.99,5349535.0556794
1788985800000,78109.99,78318.9,78100.0,78280.0,2160356.19303341
1788986700000,78280.0,78338.7,78100.0,78325.01,1949676.32454341
1788987600000,78325.01,78342.37,78175.0,78249.03,2412028.71269751
1788988500000,78249.03,78298.47,78145.0,78278.15,584761.08495292
1788989400000,78278.15,78285.0,78150.0,78255.35,974478.10562415
1788990300000,78255.35,78255.35,77994.01,78149.21,916404.26381057
1788991200000,78149.21,78195.0,77765.02,77865.0,2002876.55385183
1788992100000,77865.0,78059.99,77771.51,78035.0,1645226.15208962
1788993000000,78035.0,78054.99,77940.01,78034.42,662672.64841107
1788993900000,78034.42,78045.0,77915.0,77929.99,612022.60389871
1788994800000,77929.99,78195.0,77916.3,78153.75,936554.78973917
1788995700000,78153.75,78180.0,78100.1,78180.0,265377.56338577
1788996600000,78180.0,78259.74,78175.01,78226.67,293506.52183013
1788997500000,78226.67,78316.04,78221.84,78312.88,874847.92784649
1788998400000,78312.88,78380.0,78270.01,78270.01,1178965.76930137
1788999300000,78270.01,78335.0,78220.0,78328.49,454781.05060323
1789000200000,78328.49,78328.49,78166.57,78166.89,957564.64833901
1789001100000,78166.89,78245.0,78095.34,78178.24,3496254.95577057
1789002000000,78178.24,78510.31,78167.1,78338.58,4660310.84836244
1789002900000,78338.58,78344.4,78165.78,78175.01,4255686.5854574
1789003800000,78175.01,78244.97,77950.42,78175.37,1386482.36325317
1789004700000,78175.37,78175.37,77986.54,78095.01,1880090.11383359
1789005600000,78095.01,78103.19,78000.86,78042.46,552588.45388442
1789006500000,78042.46,78068.82,77975.0,78021.77,565221.11615234
1789007400000,78021.77,78269.27,78010.0,78263.13,1426687.89525726
1789008300000,78263.13,78388.57,78255.0,78355.0,2083401.35554487
1789009200000,78355.0,78542.87,78340.01,78379.18,2485355.11740653
1789010100000,78379.18,78395.0,78300.0,78390.48,989240.58280387
1789011000000,78390.48,78450.0,78325.01,78369.51,2190976.2245221
1789011900000,78369.51,78450.0,78280.0,78329.99,4454101.50807958
1789012800000,78329.99,78405.0,78305.15,78345.0,274201.23941878
1789013700000,78345.0,78429.99,78345.0,78385.3,618951.09954738
1789014600000,78385.3,78415.0,78340.0,78340.01,481416.68116509
1789015500000,78340.01,78440.0,78305.0,78401.49,2354536.41583399
1789016400000,78401.49,78488.71,78275.01,78476.81,1873135.07510546
1789017300000,78476.81,78515.0,78353.49,78479.0,1822031.36161369
1789018200000,78479.0,78520.0,78406.9,78422.92,893537.59636055
1789019100000,78422.92,78562.85,78411.14,78529.22,2182027.49426406
1789020000000,78529.22,78539.15,78305.01,78313.03,4233368.4402285
1789020900000,78313.03,78313.03,78165.0,78219.54,921827.07480512
1789021800000,78219.54,78270.0,78164.0,78200.0,1117857.10916695
1789022700000,78200.0,78539.04,78199.99,78420.01,3788852.13140284
1789023600000,78420.01,78420.01,78155.13,78215.0,1556582.44675335
1789024500000,78215.0,78218.83,78027.03,78027.04,1455966.64338269
1789025400000,78027.04,78045.0,77911.39,78017.94,2252545.90354486
1789026300000,78017.94,78159.99,78017.93,78116.5,1092187.45192995
1789027200000,78116.5,78163.6,78060.01,78080.0,1457632.76960065
1789028100000,78080.0,78175.0,78045.0,78170.63,1687626.73438629
1789029000000,78170.63,78170.65,78040.0,78105.0,1361912.00914072
1789029900000,78105.0,78174.6,78095.0,78107.81,1219978.61142201
1789030800000,78107.81,78215.0,78107.81,78155.0,1533141.58198937
1789031700000,78155.0,78232.99,78144.0,78207.77,1074020.6321731
1789032600000,78207.77,78207.77,77920.01,77967.93,1420285.09704011
1789033500000,77967.93,78024.99,77955.0,77994.44,744213.31263517
1789034400000,77994.44,78040.0,77960.0,77988.01,1035430.03113352
1789035300000,77988.01,78024.99,77930.0,77985.0,498376.59715961
1789036200000,77985.0,78050.0,77825.0,77990.69,1838881.12878115
1789037100000,77990.69,78039.99,77865.0,77865.01,2419763.34472252
1789038000000,77865.01,77920.0,77693.4,77919.99,4614179.77190119
1789038900000,77919.99,78055.0,77919.99,78006.77,1421496.01036182
1789039800000,78006.77,78050.0,77985.0,78000.0,2531480.07368109
1789040700000,78000.0,78020.0,77834.73,77841.0,2907890.37860432
1789041600000,77841.0,77885.0,77718.01,77832.01,2655336.58733315
1789042500000,77832.01,77839.81,77675.01,77811.36,4076861.27683108
1789043400000,77811.36,77960.0,77048.28,77140.0,19707586.2220818
1789044300000,77140.0,77179.99,76675.32,76898.61,11458860.08851263
1789045200000,76898.61,77094.99,76782.37,76837.65,5222609.10943305
1789046100000,76837.65,76980.0,76748.13,76936.22,4154796.81678227
1789047000000,76936.22,77112.32,76775.26,76940.01,6726594.88744883
1789047900000,76940.01,77240.0,76925.01,77175.01,6476118.06679847
1789048800000,77175.01,77344.96,76963.34,77091.22,4841317.13054032
1789049700000,77091.22,77380.95,76960.01,77277.79,6033257.29981703
1789050600000,77277.79,77365.0,77240.01,77285.68,3581787.75249285
1789051500000,77285.68,77428.06,77271.0,77413.48,1553306.15606705
1789052400000,77413.48,77416.98,77250.0,77335.78,1354728.75867125
1789053300000,77335.78,77354.99,77099.5,77112.62,1150339.63772079
1789054200000,77112.62,77339.99,77094.0,77220.0,1631938.27079255
1789055100000,77220.0,77251.36,77115.0,77251.36,1700770.82229027
1789056000000,77251.36,77314.56,76910.67,76985.01,1529499.94878624
1789056900000,76985.01,77080.0,76885.01,76930.39,1481134.63854041
1789057800000,76930.39,77079.5,76802.76,77046.06,2222435.46084655
1789058700000,77046.06,77238.22,77046.06,77203.94,2016552.29977232
1789059600000,77203.94,77245.01,77130.0,77184.99,2311776.52929288
1789060500000,77184.99,77339.99,77135.0,77319.25,2859767.21656807
1789061400000,77319.25,77542.36,77315.0,77360.42,6789819.113187
1789062300000,77360.42,77439.1,77323.01,77330.0,1111149.46346419
1789063200000,77330.0,77342.59,76991.35,77022.41,1939621.97729731
1789064100000,77022.41,77155.0,77008.71,77078.87,1307466.13466074
1789065000000,77078.87,77169.09,77055.01,77159.3,404646.57303596
1789065900000,77159.3,77300.0,77100.0,77254.51,785922.56519376
1789066800000,77254.51,77254.52,77125.51,77170.0,507164.09977143
1789067700000,77170.0,77254.99,77113.7,77189.03,1787457.40250684
1789068600000,77189.03,77299.99,77113.39,77259.44,2362584.81406753
1789069500000,77259.44,77260.96,77085.01,77164.99,1505776.1095795
1789070400000,77164.99,77325.0,77110.0,77325.0,1067979.15769019
1789071300000,77325.0,77351.74,77256.0,77280.0,413246.51013122
1789072200000,77280.0,77300.0,77235.01,77300.0,464508.06039259
1789073100000,77300.0,77301.28,77225.0,77269.92,403800.89801102
1789074000000,77269.92,77300.0,77225.0,77255.83,3137626.2705173
1789074900000,77255.83,77255.83,77200.0,77231.74,429243.59987455
1789075800000,77231.74,77235.0,77105.35,77154.99,1617938.91879289
1789076700000,77154.99,77195.0,77130.01,77147.62,311664.54184168
1789077600000,77147.62,77190.47,77083.57,77135.0,1026000.84821034
1789078500000,77135.0,77214.99,77071.0,77071.0,374678.39285614
1789079400000,77071.0,77081.86,76827.97,76861.37,992878.2301923
1789080300000,76861.37,76969.84,76820.0,76833.7,706474.81560063
1789081200000,76833.7,76875.0,76501.0,76521.88,11038756.13532428
1789082100000,76521.88,76797.49,76456.41,76738.76,1566429.72655438
1789083000000,76738.76,76820.0,76720.0,76773.3,2443809.85833598
1789083900000,76773.3,76783.95,76545.01,76573.03,1153771.34787535
1789084800000,76573.03,76864.31,76566.06,76824.99,1758240.10992718
1789085700000,76824.99,76887.39,76780.0,76851.69,2772094.17338123
1789086600000,76851.69,76851.76,76695.0,76765.64,2856929.86600289
1789087500000,76765.64,76940.0,76745.0,76910.34,1309313.50113303
1789088400000,76910.34,77010.0,76895.01,76905.01,805732.05371591
1789089300000,76905.01,76955.0,76800.0,76820.01,1938432.60285214
1789090200000,76820.01,76920.0,76675.0,76894.99,1779478.30929656
1789091100000,76894.99,76975.0,76805.0,76975.0,573127.03806377
1789092000000,76975.0,77019.23,76903.25,76990.0,888808.91603016
1789092900000,76990.0,76990.0,76770.0,76810.0,701360.72556988
1789093800000,76810.0,76925.0,76770.15,76867.85,1184080.56385448
1789094700000,76867.85,76930.0,76810.01,76841.69,1505495.63228849
1789095600000,76841.69,76885.0,76705.77,76884.82,820154.81809236
1789096500000,76884.82,76890.0,76760.84,76819.36,3726709.44349123
1789097400000,76819.36,76895.89,76710.0,76878.76,1319178.681542
1789098300000,76878.76,76895.0,76772.51,76892.11,924802.98667259
1789099200000,76892.11,76995.0,76890.0,76975.45,1233439.20858473
1789100100000,76975.45,77189.78,76947.49,77175.5,2469444.5039563
1789101000000,77175.5,77195.24,77086.51,77100.0,390788.42648811
1789101900000,77100.0,77150.0,77097.76,77115.01,391437.6096074
1789102800000,77115.01,77160.0,77070.0,77139.97,1157209.54870193
1789103700000,77139.97,77150.0,77090.0,77103.8,1515586.34035032
1789104600000,77103.8,77190.0,77080.9,77190.0,1353583.63252843
1789105500000,77190.0,77254.99,77160.7,77254.99,1078277.04949831
1789106400000,77254.99,77430.0,77230.0,77405.01,1019299.25346608
1789107300000,77405.01,77405.01,77254.0,77277.47,2793307.76890688
1789108200000,77277.47,77277.48,77180.0,77245.0,856520.63191982
1789109100000,77245.0,77300.0,77244.99,77300.0,594708.72547929
1789110000000,77300.0,77395.0,77294.26,77320.15,744560.82423509
1789110900000,77320.15,77409.95,77300.0,77337.53,2113219.09917636
1789111800000,77337.53,77340.0,77260.0,77265.33,2305086.87680113
1789112700000,77265.33,77276.55,77205.01,77230.0,1668808.50287644
1789113600000,77230.0,77269.32,77141.1,77187.01,1196811.24271462
1789114500000,77187.01,77462.5,77187.01,77384.99,3694527.57641905
1789115400000,77384.99,77500.0,77360.64,77420.01,1108549.48755441
1789116300000,77420.01,77425.29,77333.0,77362.09,659448.36646809
1789117200000,77362.09,77370.0,77262.0,77279.95,2343760.25413392
1789118100000,77279.95,77290.0,77144.0,77144.01,1364069.23293899
1789119000000,77144.01,77165.0,76870.0,76969.22,2546897.74854286
1789119900000,76969.22,77070.0,76967.45,77045.0,1064800.31088919
1789120800000,77045.0,77172.83,76974.18,77085.0,2348724.06858369
1789121700000,77085.0,77140.83,77040.0,77040.44,1596588.68169839
1789122600000,77040.44,77059.99,76965.01,77010.0,1243158.6885964
1789123500000,77010.0,77051.92,77000.01,77000.01,1116534.05888967
1789124400000,77000.01,77000.01,76760.67,76787.53,1651820.61280137
1789125300000,76787.53,76917.77,76753.48,76852.11,1738068.10196826
1789126200000,76852.11,76910.0,76800.49,76910.0,683756.99945833
1789127100000,76910.0,77045.0,76900.88,77037.28,815568.29159985
1789128000000,77037.28,77128.71,76904.44,76925.17,2236483.35327568
1789128900000,76925.17,77414.77,76905.0,77103.73,12662343.46428145
1789129800000,77103.73,77715.58,76004.4,77590.0,43916737.57708201
1789130700000,77590.0,78147.66,77565.01,78030.88,9027435.15477771
1789131600000,78030.88,78032.89,77568.0,77726.0,2868208.74530345
1789132500000,77726.0,77836.92,77506.76,77521.78,5641513.01679707
1789133400000,77521.78,77944.91,77258.29,77870.0,11259522.79289164
1789134300000,77870.0,79325.61,77760.01,79234.92,15179863.09832684
1789135200000,79234.92,79893.62,78814.0,79060.43,12531188.68737209
1789136100000,79060.43,79189.99,78945.01,79040.02,5836105.63302788
1789137000000,79040.02,79047.11,78558.56,78649.67,4350836.1660711
1789137900000,78649.67,78879.49,78510.31,78798.82,3491283.68556366
1789138800000,78798.82,78854.8,78500.03,78510.01,2958287.77056745
1789139700000,78510.01,78779.99,78489.0,78715.09,2125892.01912957
1789140600000,78715.09,78835.0,78650.0,78652.42,1814247.3859028
1789141500000,78652.42,78655.33,77317.3,77732.0,11094745.77478915
1789142400000,77732.0,78068.43,77665.01,77805.01,4163507.15654497
1789143300000,77805.01,77844.62,77393.24,77673.0,7088446.38632154
1789144200000,77673.0,77800.0,77540.01,77800.0,1732092.4571414
1789145100000,77800.0,77998.29,77797.27,77920.0,2416582.20089704
1789146000000,77920.0,77959.99,77751.0,77751.01,2464519.19614391
1789146900000,77751.01,77907.68,77700.0,77838.3,2304993.9628726
1789147800000,77838.3,77873.29,77575.0,77610.01,1134530.81133995
1789148700000,77610.01,77628.02,77490.01,77535.0,1423292.35491788
1789149600000,77535.0,77540.0,76885.0,77090.0,7824984.79994078
1789150500000,77090.0,77252.4,77060.01,77211.55,2818029.41784653
1789151400000,77211.55,77290.0,77105.0,77117.21,1671088.71769763
1789152300000,77117.21,77212.38,76950.0,77054.99,3902191.56725287
1789153200000,77054.99,77243.18,76998.0,77217.41,1799386.16309135
1789154100000,77217.41,77291.56,77090.01,77235.01,1277091.53797304
1789155000000,77235.01,77328.41,77195.3,77304.99,1697696.37165012
1789155900000,77304.99,77375.0,77245.97,77281.04,828656.26535792
1789156800000,77281.04,77495.39,77280.3,77455.01,3521742.15726857
1789157700000,77455.01,77455.02,77370.0,77384.12,712260.40963049
1789158600000,77384.12,77455.0,77267.34,77409.99,1566364.80372078
1789159500000,77409.99,77414.91,77195.01,77335.01,1270490.86440511
1789160400000,77335.01,77424.53,77325.0,77360.0,892630.37102705
1789161300000,77360.0,77419.99,77350.0,77360.0,651547.18454083
1789162200000,77360.0,77395.0,77335.0,77340.47,516374.76548652
1789163100000,77340.47,77347.69,77075.01,77109.99,867360.21959985
1789164000000,77109.99,77180.0,76971.43,77180.0,2778998.77908908
1789164900000,77180.0,77235.0,77113.31,77125.01,3582073.92893801
1789165800000,77125.01,77205.0,77000.0,77119.82,5674288.49290271
1789166700000,77119.82,77164.99,77000.0,77144.99,3723437.98503402
1789167600000,77144.99,77210.0,77120.01,77125.51,2106974.36248114
1789168500000,77125.51,77191.33,77125.51,77190.0,733379.48251171
1789169400000,77190.0,77223.36,77150.01,77181.01,1292998.34916202
1789170300000,77181.01,77224.52,77171.0,77224.52,620755.63393011
1789171200000,77224.52,77306.33,77205.01,77299.48,1038127.42140164
1789172100000,77299.48,77310.0,77276.64,77276.65,109501.45314999
1789173000000,77276.65,77294.27,77245.01,77288.73,268862.1903535
1789173900000,77288.73,77322.91,77275.0,77295.01,378994.2725132
1789174800000,77295.01,77370.0,77260.0,77370.0,658401.02105511
1789175700000,77370.0,77380.0,77300.0,77327.31,301325.90335873
1789176600000,77327.31,77328.58,77265.01,77277.9,334021.62553497
1789177500000,77277.9,77334.06,77270.0,77270.01,711238.79064482
1789178400000,77270.01,77320.0,77269.91,77305.28,282432.1848836
1789179300000,77305.28,77320.0,77283.7,77283.71,548933.02276807
1789180200000,77283.71,77289.17,77215.0,77230.01,896689.94500144
1789181100000,77230.01,77317.12,77220.01,77290.0,1164125.96493595
1789182000000,77290.0,77345.0,77254.24,77280.01,1331079.76613122
1789182900000,77280.01,77315.0,77236.56,77286.14,1323671.87094412
1789183800000,77286.14,77286.15,77245.0,77247.71,246949.77328429
1789184700000,77247.71,77270.0,77240.45,77270.0,182514.19701399
1789185600000,77270.0,77319.7,77269.99,77293.21,450743.82507266
1789186500000,77293.21,77295.81,77225.01,77255.0,594800.14918823
1789187400000,77255.0,77297.93,77239.99,77250.0,1382286.45931822
1789188300000,77250.0,77260.0,77225.06,77225.06,142434.72734836
1789189200000,77225.06,77252.03,77171.0,77227.0,1513951.26367545
1789190100000,77227.0,77244.07,77195.0,77202.54,2499713.94760875
1789191000000,77202.54,77261.53,77195.01,77240.37,1795936.07575306
1789191900000,77240.37,77259.06,77216.69,77220.01,1298672.08827294
1789192800000,77220.01,77234.02,77210.55,77215.2,397377.25215675
1789193700000,77215.2,77244.38,77215.18,77240.3,808654.30151193
1789194600000,77240.3,77320.0,77240.29,77317.85,1360509.21166229
1789195500000,77317.85,77359.19,77292.26,77295.94,442460.00785924
1789196400000,77295.94,77347.52,77295.93,77342.7,184064.98792982
1789197300000,77342.7,77345.0,77315.27,77315.28,420815.16611446
1789198200000,77315.28,77315.28,77283.88,77289.16,1213849.26766045
1789199100000,77289.16,77310.18,77265.0,77275.0,1557942.12150416
1789200000000,77275.0,77347.92,77275.0,77300.0,2148561.92615953
1789200900000,77300.0,77353.1,77299.99,77302.72,1278467.16777697
1789201800000,77302.72,77349.59,77302.71,77349.59,918968.29421383
1789202700000,77349.59,77375.0,77340.0,77363.2,776083.10478664
1789203600000,77363.2,77385.0,77347.57,77371.25,794217.74843733
1789204500000,77371.25,77384.99,77355.0,77379.52,1720513.05029372
1789205400000,77379.52,77385.0,77329.51,77345.03,1839824.63354996
1789206300000,77345.03,77369.41,77335.01,77355.38,1499879.09251722
1789207200000,77355.38,77409.79,77355.37,77400.0,2822827.09852943
1789208100000,77400.0,77400.0,77380.24,77380.24,438192.09441533
1789209000000,77380.24,77380.25,77348.14,77370.28,1430332.87190718
1789209900000,77370.28,77380.0,77315.01,77334.99,2131779.9640489
1789210800000,77334.99,77347.71,77312.98,77326.52,830640.84398183
1789211700000,77326.52,77326.52,77295.0,77295.01,1063862.85283577
1789212600000,77295.01,77345.0,77294.0,77345.0,438554.57648426
1789213500000,77345.0,77360.0,77344.99,77358.55,514443.39042746
1789214400000,77358.55,77367.75,77325.01,77329.62,746887.56052221
1789215300000,77329.62,77340.0,77311.0,77328.39,698647.01418793
1789216200000,77328.39,77345.0,77325.0,77325.01,518690.23804343
1789217100000,77325.01,77340.0,77290.0,77337.09,898050.92188887
1789218000000,77337.09,77405.0,77304.01,77320.52,2880901.30324947
1789218900000,77320.52,77323.77,77253.61,77315.16,4702177.28786991
1789219800000,77315.16,77329.99,77271.0,77300.0,2557717.59517299
1789220700000,77300.0,77369.83,77275.93,77369.83,2228965.87717455
1789221600000,77369.83,77385.0,77366.52,77370.01,673159.96337197
1789222500000,77370.01,77425.0,77370.0,77422.34,1461207.40311646
1789223400000,77422.34,77485.0,77422.33,77451.01,1536556.93911417
1789224300000,77451.01,77509.62,77451.01,77462.07,1440602.54112264
1789225200000,77462.07,77464.16,77402.82,77433.67,2355974.23034705
1789226100000,77433.67,77484.99,77433.67,77460.01,1318296.25926359
1789227000000,77460.01,77464.17,77364.31,77405.01,2175225.78645963
1789227900000,77405.01,77444.4,77376.04,77384.01,2429884.10417163
1789228800000,77384.01,77417.7,77345.0,77367.9,1725805.81673991
1789229700000,77367.9,77384.98,77366.0,77383.11,731475.98598587
1789230600000,77383.11,77388.37,77356.43,77362.42,591061.48485767
1789231500000,77362.42,77379.99,77340.01,77360.01,2668865.7703867
1789232400000,77360.01,77400.0,77346.64,77365.0,1469682.69559898
1789233300000,77365.0,77365.0,77264.17,77291.6,867440.56319515
1789234200000,77291.6,77291.61,77215.0,77236.39,1053440.27117937
1789235100000,77236.39,77236.39,77172.19,77207.59,703995.55220195
1789236000000,77207.59,77220.0,77167.93,77167.93,909866.4526693
1789236900000,77167.93,77210.0,77125.0,77196.95,2007586.22878647
1789237800000,77196.95,77196.95,77124.0,77184.62,793865.05928885
1789238700000,77184.62,77184.62,77140.0,77140.01,443519.88488589
1789239600000,77140.01,77182.77,77132.0,77176.83,897159.60143206
1789240500000,77176.83,77190.0,77130.0,77130.0,875265.97428158
1789241400000,77130.0,77155.0,77065.0,77075.0,1193218.93524039
1789242300000,77075.0,77160.0,77074.99,77120.01,417585.31784588
1789243200000,77120.01,77185.0,77120.01,77184.99,411536.90199274
1789244100000,77184.99,77195.0,77155.69,77195.0,434025.8720502
1789245000000,77195.0,77215.0,77160.0,77181.0,658041.24295502
1789245900000,77181.0,77220.0,77160.51,77168.95,536762.20580498
1789246800000,77168.95,77235.0,77149.0,77164.99,1586126.51066286
1789247700000,77164.99,77205.0,77164.98,77205.0,641739.16044781
1789248600000,77205.0,77270.0,77204.99,77241.0,839659.96233696
1789249500000,77241.0,77270.0,77205.65,77257.07,444896.57148032
1789250400000,77257.07,77299.5,77210.0,77264.2,1652936.25832202
1789251300000,77264.2,77303.73,77200.01,77209.43,2297102.63713634
1789252200000,77209.43,77244.18,77178.12,77194.99,1037836.15627899
1789253100000,77194.99,77243.12,77194.98,77230.01,262826.02129162
1789254000000,77230.01,77279.99,77230.0,77273.1,771327.45739147
1789254900000,77273.1,77285.0,77245.01,77252.74,464692.5023083
1789255800000,77252.74,77265.0,77240.0,77255.0,232672.75258337
1789256700000,77255.0,77295.0,77254.99,77280.14,307309.47536356
1789257600000,77280.14,77302.59,77265.0,77275.02,387065.70920289
1789258500000,77275.02,77280.0,77269.0,77269.74,30225.1153371
1789259400000,77269.74,77269.74,77162.0,77210.19,257195.54112909
1789260300000,77210.19,77280.0,77210.19,77271.86,119316.51155322
1789261200000,77271.86,77297.14,77254.68,77277.75,775752.51649464
1789262100000,77277.75,77344.96,77255.01,77255.01,1292056.88131564
1789263000000,77255.01,77300.0,77245.0,77296.03,383408.32429144
1789263900000,77296.03,77315.0,77280.01,77314.26,3370412.72088843
1789264800000,77314.26,77314.27,77275.0,77278.9,290602.80990134
1789265700000,77278.9,77290.0,77245.0,77260.99,535734.89805556
1789266600000,77260.99,77300.0,77242.02,77298.63,1968200.26636508
1789267500000,77298.63,77310.0,77275.01,77287.48,2044578.59504671
1789268400000,77287.48,77315.0,77270.0,77277.74,545055.99516839
1789269300000,77277.74,77277.99,77250.0,77255.81,304153.88530481
1789270200000,77255.81,77255.82,77200.01,77215.0,705796.17758934
1789271100000,77215.0,77225.0,77185.0,77192.73,500470.12000253
1789272000000,77192.73,77255.0,77192.72,77205.53,1820703.14894291
1789272900000,77205.53,77250.0,77205.53,77220.01,262334.39763426
1789273800000,77220.01,77232.17,77209.07,77214.01,320834.70053053
1789274700000,77214.01,77220.0,77196.0,77210.0,552124.92856853
1789275600000,77210.0,77243.27,77209.99,77243.26,355579.10746322
1789276500000,77243.26,77280.0,77243.26,77280.0,183029.42732982
1789277400000,77280.0,77305.0,77279.99,77305.0,355373.68910444
1789278300000,77305.0,77320.0,77304.99,77314.85,80289.21260776
1789279200000,77314.85,77318.02,77301.0,77305.01,738194.89949127
1789280100000,77305.01,77305.96,77285.0,77294.04,335105.91025601
1789281000000,77294.04,77300.25,77270.0,77300.25,900744.72942369
1789281900000,77300.25,77300.25,77060.0,77120.0,1227285.67054987
1789282800000,77120.0,77175.0,77100.01,77174.99,197941.93929892
1789283700000,77174.99,77180.0,77130.01,77146.73,265054.16777772
1789284600000,77146.73,77168.18,77096.28,77168.17,1685332.06239916
1789285500000,77168.17,77168.18,77100.0,77129.25,1433862.21838529
1789286400000,77129.25,77185.0,77034.0,77071.5,2738095.74150306
1789287300000,77071.5,77071.51,77011.0,77030.73,520309.29803313
1789288200000,77030.73,77030.73,76755.0,76828.74,5605691.93194719
1789289100000,76828.74,76879.13,76770.0,76815.01,862981.51657378
1789290000000,76815.01,76899.23,76790.2,76828.62,1977508.92312433
1789290900000,76828.62,76828.63,76600.96,76655.0,6601913.38708229
1789291800000,76655.0,76780.0,76567.83,76728.1,2347212.37460005
1789292700000,76728.1,76824.94,76725.0,76810.0,5098452.97356883
1789293600000,76810.0,76816.17,76755.01,76795.0,1528066.21932737
1789294500000,76795.0,76805.0,76745.01,76762.93,417719.83915386
1789295400000,76762.93,76822.29,76695.23,76695.24,1512939.66725648
1789296300000,76695.24,76757.88,76628.28,76679.48,1945410.66278428
1789297200000,76679.48,76710.0,76492.67,76530.01,2743825.37898052
1789298100000,76530.01,76669.8,76530.01,76664.1,1166571.6208481
1789299000000,76664.1,76803.21,76646.64,76777.5,1306610.84975599
1789299900000,76777.5,76804.53,76753.82,76785.66,752952.55869121
1789300800000,76785.66,76807.23,76757.62,76800.37,485839.79134846
1789301700000,76800.37,76861.6,76800.36,76839.01,649078.41142319
1789302600000,76839.01,76866.95,76715.0,76737.17,1541332.41020237
1789303500000,76737.17,76766.8,76687.0,76760.75,2060400.43037407
1789304400000,76760.75,76765.0,76680.01,76764.44,874857.59024679
1789305300000,76764.44,76774.99,76555.0,76581.31,1914691.77493388
1789306200000,76581.31,76770.0,76580.04,76766.93,639487.03967131
1789307100000,76766.93,76925.0,76766.93,76850.01,1097542.70092346
1789308000000,76850.01,77014.49,76850.0,77009.04,1143438.03729761
1789308900000,77009.04,77123.96,77009.04,77105.0,1469567.84915575
1789309800000,77105.0,77259.33,77085.65,77184.57,1830908.88711263
1789310700000,77184.57,77249.99,77165.0,77212.31,1310501.25349978
1789311600000,77212.31,77212.32,77105.0,77117.9,1524155.68305399
1789312500000,77117.9,77205.0,77015.3,77039.3,1058826.95945087
1789313400000,77039.3,77180.0,77039.3,77168.21,400182.3781496
1789314300000,77168.21,77168.21,77120.0,77130.0,357353.28761633
1789315200000,77130.0,77263.15,77130.0,77207.01,1245616.1537707
1789316100000,77207.01,77300.0,77194.0,77245.67,918720.51023093
1789317000000,77245.67,77361.42,77235.0,77314.99,1761526.83192242
1789317900000,77314.99,77325.0,77245.41,77280.07,719135.99007699
1789318800000,77280.07,77415.0,77280.06,77370.0,693192.41267302
1789319700000,77370.0,77390.0,77299.0,77299.0,616837.08439729
1789320600000,77299.0,77299.01,77247.2,77270.86,1540380.42879517
1789321500000,77270.86,77360.0,77270.86,77330.01,624477.95827892
1789322400000,77330.01,77365.0,77310.0,77364.99,346382.7039614
1789323300000,77364.99,77382.7,77330.0,77330.11,1517609.17179226
1789324200000,77330.11,77368.85,77315.0,77365.0,272695.75337957
1789325100000,77365.0,77375.99,77340.0,77350.01,138938.12938152
1789326000000,77350.01,77407.78,77280.0,77280.01,1299345.74401146
1789326900000,77280.01,77283.31,77225.0,77269.96,388840.39879051
1789327800000,77269.96,77271.18,77230.0,77241.5,343006.81050598
1789328700000,77241.5,77280.0,77235.0,77280.0,143148.5580434
1789329600000,77280.0,77300.0,77260.0,77299.99,164339.9512924
1789330500000,77299.99,77329.95,77292.33,77323.36,75087.89126052
1789331400000,77323.36,77364.99,77300.0,77329.52,139567.25988523
1789332300000,77329.52,77370.0,77329.51,77345.92,242728.87128295
1789333200000,77345.92,77375.0,77315.0,77354.99,755840.84706217
1789334100000,77354.99,77454.03,77354.99,77415.5,416533.47058507
1789335000000,77415.5,77415.51,77346.0,77382.46,878417.91233575
1789335900000,77382.46,77387.64,77306.24,77307.0,568872.77755248
1789336800000,77307.0,77309.49,76832.16,76932.0,2899582.58647587
1789337700000,76932.0,76932.69,76720.01,76840.0,1461978.42233195
1789338600000,76840.0,76885.0,76725.01,76738.39,1023893.07126082
1789339500000,76738.39,76815.0,76666.68,76722.4,1221964.59832534
1789340400000,76722.4,76774.99,76675.0,76723.33,1099330.61616757
1789341300000,76723.33,76755.0,76635.0,76743.8,1394450.24732551
1789342200000,76743.8,76870.0,76735.13,76825.69,2332930.34698646
1789343100000,76825.69,76875.0,76785.01,76840.01,389351.79444807
1789344000000,76840.01,77090.91,76830.0,76905.01,1318838.59557316
1789344900000,76905.01,76935.0,76390.0,76484.99,1502804.44111568
1789345800000,76484.99,76812.65,76460.0,76804.99,1543853.10640243
1789346700000,76804.99,76884.99,76764.09,76805.0,837379.24239401
1789347600000,76805.0,76885.0,76705.01,76749.01,1016552.23405968
1789348500000,76749.01,76905.0,76660.0,76855.94,675540.32273416
1789349400000,76855.94,76964.64,76640.0,76823.41,1161739.74160784
1789350300000,76823.41,77164.99,76776.07,77120.01,1933844.86510098
1789351200000,77120.01,77394.41,77020.0,77380.37,1780284.02157035
1789352100000,77380.37,77664.97,77275.13,77525.92,3707506.21960239
1789353000000,77525.92,77666.67,77434.81,77481.63,1290850.23804984
1789353900000,77481.63,77729.16,77481.63,77597.74,2873857.6896621
1789354800000,77597.74,77834.84,77585.01,77788.15,1499338.55183315
1789355700000,77788.15,77867.77,77745.0,77819.99,1343251.30260188
1789356600000,77819.99,77819.99,77530.18,77539.69,1704148.60163861
1789357500000,77539.69,77595.0,77500.41,77592.92,609797.99794133
1789358400000,77592.92,77633.2,77530.68,77585.0,614604.36155415
1789359300000,77585.0,77698.48,77545.0,77634.76,1491556.83248967
1789360200000,77634.76,77680.0,77540.0,77632.9,639143.39283131
1789361100000,77632.9,77699.18,77575.0,77683.67,940943.94924528
1789362000000,77683.67,77690.0,77562.0,77642.54,1059928.87484994
1789362900000,77642.54,77642.54,77515.0,77517.4,671538.03620647
1789363800000,77517.4,77619.99,77515.01,77559.45,762632.73850532
1789364700000,77559.45,77605.0,77495.0,77605.0,442078.76094494
1789365600000,77605.0,77899.57,77602.23,77780.0,1299013.73392542
1789366500000,77780.0,77780.0,77569.0,77569.0,566063.05125816
1789367400000,77569.0,77774.99,77376.13,77739.99,1688330.27469539
1789368300000,77739.99,77760.0,77595.0,77595.0,1109478.9981449
1789369200000,77595.0,77737.62,77530.0,77667.28,856540.250402
1789370100000,77667.28,77744.99,77650.0,77713.12,592973.10921945
1789371000000,77713.12,77878.79,77681.97,77855.0,1112516.72172564
1789371900000,77855.0,77889.6,77787.77,77889.6,1697052.73040056
1789372800000,77889.6,77890.0,77705.73,77776.42,2436335.56839801
1789373700000,77776.42,77997.65,77695.0,77756.0,5630435.91537382
1789374600000,77756.0,77805.0,77703.0,77750.0,873113.71931569
1789375500000,77750.0,77765.0,77651.0,77735.0,634721.35200207
1789376400000,77735.0,77825.0,77700.67,77705.01,890348.75004933
1789377300000,77705.01,77780.0,77595.87,77780.0,2015926.41047722
1789378200000,77780.0,77925.0,77777.58,77887.66,3577013.50585627
1789379100000,77887.66,78367.84,77887.36,78139.95,13872329.85711968
1789380000000,78139.95,78165.0,78008.53,78038.22,3059059.93841175
1789380900000,78038.22,78068.29,77930.01,77965.0,1655371.64936189
1789381800000,77965.0,78000.0,77922.21,77951.0,1045364.79981033
1789382700000,77951.0,78019.65,77897.13,77902.33,1630912.20490045
1789383600000,77902.33,77922.74,77711.34,77760.01,1518771.96492253
1789384500000,77760.01,77915.0,77746.01,77910.04,693024.45517958
1789385400000,77910.04,77920.0,77695.0,77826.28,1804009.64555225
1789386300000,77826.28,77835.0,77692.31,77773.8,808949.41888345
1789387200000,77773.8,77850.0,77715.0,77834.24,2055902.65848239
1789388100000,77834.24,77992.76,77834.23,77992.76,1851281.52455024
1789389000000,77992.76,78084.63,77755.01,77915.01,3807909.0694478
1789389900000,77915.01,77929.99,77605.32,77696.61,2063237.13905326
1789390800000,77696.61,77739.99,77478.64,77718.46,4443599.72169442
1789391700000,77718.46,77860.87,77714.24,77860.87,2500195.97851883
1789392600000,77860.87,78268.0,77841.0,78150.0,8982679.03968006
1789393500000,78150.0,78491.83,78050.01,78170.01,10135223.45768031
1789394400000,78170.01,78531.25,78163.0,78509.31,4719864.35945977
1789395300000,78509.31,78648.77,78206.76,78385.01,2850565.55944946
1789396200000,78385.01,78708.28,78333.34,78424.36,4771092.23443412
1789397100000,78424.36,78625.0,78393.0,78525.0,5643928.76376066
1789398000000,78525.0,78588.0,78305.0,78500.0,4159475.10681452
1789398900000,78500.0,78609.99,78405.0,78410.52,3115237.74513567
1789399800000,78410.52,78610.0,78345.0,78557.77,7799958.47274129
1789400700000,78557.77,78690.0,78360.0,78575.89,2717499.15017688
1789401600000,78575.89,78600.0,78425.0,78439.81,1113958.4573485
1789402500000,78439.81,78880.0,78439.81,78663.1,8711568.17982978
1789403400000,78663.1,78745.26,78620.0,78639.9,1992263.86455674
1789404300000,78639.9,78906.9,78639.89,78764.41,2183693.00875048
1789405200000,78764.41,78892.58,78730.0,78825.01,1036949.7311524
1789406100000,78825.01,78989.43,78790.0,78889.99,3283622.12093491
1789407000000,78889.99,78900.0,78712.5,78847.74,1003870.31477936
1789407900000,78847.74,79049.56,78832.18,78944.99,2128776.28236785
1789408800000,78944.99,79000.0,78845.01,78847.65,1276390.82489331
1789409700000,78847.65,79253.18,78836.0,79137.74,4510042.81269229
1789410600000,79137.74,79239.99,78990.0,79176.45,1793271.9551564
1789411500000,79176.45,79324.0,79175.0,79222.76,3884806.10043427
1789412400000,79222.76,79222.77,79007.9,79076.28,2888850.01339577
1789413300000,79076.28,79230.0,79076.28,79140.01,1749395.71643448
1789414200000,79140.01,79189.88,78946.23,79134.99,2484701.74901554
1789415100000,79134.99,79155.0,78975.0,78982.93,1409984.15831674
1789416000000,78982.93,79226.99,78979.0,79183.85,1935522.84731989
1789416900000,79183.85,79597.61,79183.85,79439.61,6925149.87364085
1789417800000,79439.61,79489.99,79332.18,79332.19,1636304.59046196
1789418700000,79332.19,79380.98,79090.01,79099.99,1824572.73786311
1789419600000,79099.99,79119.29,78760.06,78880.0,3093111.92301973
1789420500000,78880.0,78985.0,78810.01,78909.92,3662161.74450078
1789421400000,78909.92,78960.0,78786.0,78814.34,3183329.34615972
1789422300000,78814.34,78830.0,78750.0,78760.44,735892.9284697
1789423200000,78760.44,78856.05,78714.01,78831.09,1757246.34553837
1789424100000,78831.09,78837.99,78515.01,78593.05,5711979.21469378
1789425000000,78593.05,78673.95,78517.12,78657.48,5866057.15198594
1789425900000,78657.48,78659.1,78554.9,78554.92,1204297.22947822
1789426800000,78554.92,78571.39,78357.31,78430.01,2913138.64810808
1789427700000,78430.01,78470.0,78365.01,78390.94,1990201.68984509
1789428600000,78390.94,78390.95,78258.47,78325.01,1118100.5091274
1789429500000,78325.01,78325.01,78125.18,78195.01,1212772.16694531
1789430400000,78195.01,78257.79,78125.01,78128.38,1157331.25109428
1789431300000,78128.38,78139.97,78000.72,78021.47,2127706.61316241
1789432200000,78021.47,78103.62,77945.0,77972.27,1525987.1030588
1789433100000,77972.27,78029.99,77947.62,77955.0,2869119.0714
1789434000000,77955.0,77955.01,77750.0,77829.6,1371604.67187325
1789434900000,77829.6,78030.0,77805.0,77863.32,3622907.76247778
1789435800000,77863.32,78013.97,77845.96,78013.96,1379630.71054617
1789436700000,78013.96,78075.0,77915.01,77916.39,2942767.50642221
1789437600000,77916.39,78015.0,77880.01,77986.96,1531402.48660584
1789438500000,77986.96,78020.0,77915.0,77957.39,1011010.66352681
1789439400000,77957.39,77960.0,77850.01,77877.66,865064.50450504
1789440300000,77877.66,77926.05,77785.81,77915.0,4056656.11091897
1789441200000,77915.0,77915.01,77702.48,77720.02,1985862.26002864
1789442100000,77720.02,77845.0,77715.54,77843.54,1118661.07908434
1789443000000,77843.54,77860.0,77775.0,77808.0,896713.64228688
1789443900000,77808.0,77809.99,77655.01,77689.28,1845144.87388054
1789444800000,77689.28,77745.0,77629.64,77655.01,2283750.45648054
1789445700000,77655.01,77695.0,77567.37,77630.0,2231943.13021039
1789446600000,77630.0,77669.84,77545.51,77644.52,2070043.86682845
1789447500000,77644.52,77644.52,77570.71,77570.74,1302363.76151524
1789448400000,77570.74,77650.0,77304.8,77409.99,4168865.29355764
1789449300000,77409.99,77472.77,77321.74,77468.27,2039588.26645043
1789450200000,77468.27,77500.0,77376.58,77466.21,2683834.2921221
1789451100000,77466.21,77670.0,77460.01,77630.35,2766623.21212914
1789452000000,77630.35,77730.0,77575.0,77575.0,2922827.41066499
1789452900000,77575.0,77604.99,77390.01,77409.41,1880378.13513376
1789453800000,77409.41,77454.56,77391.86,77445.0,3059962.8352951
1789454700000,77445.0,77450.0,77190.0,77281.14,3523973.60788578
1789455600000,77281.14,77313.09,77166.9,77214.99,3280420.68792419
1789456500000,77214.99,77312.62,77195.0,77278.36,3059190.3544078
1789457400000,77278.36,77282.64,77031.98,77036.0,8003515.72113337
1789458300000,77036.0,77103.55,76884.66,76935.0,3290946.92146752
1789459200000,76935.0,76945.0,76702.77,76811.58,4738179.6532328
1789460100000,76811.58,76885.01,76710.0,76855.35,3661722.23791858
1789461000000,76855.35,76900.0,76835.01,76845.01,1633836.69247335
1789461900000,76845.01,77005.0,76843.0,77000.64,3220270.77224542
1789462800000,77000.64,77000.65,76900.0,76930.78,2419912.97147214
1789463700000,76930.78,76990.0,76865.07,76915.0,2642914.99763042
1789464600000,76915.0,76995.0,76901.25,76992.3,2565070.30672769
1789465500000,76992.3,77064.99,76965.0,76979.46,2650476.64187159
1789466400000,76979.46,77060.0,76905.0,76999.43,3298801.20093768
1789467300000,76999.43,77042.17,76890.0,76890.18,3193471.19624694
1789468200000,76890.18,77055.0,76872.01,77055.0,2574859.89938811
1789469100000,77055.0,77173.5,77005.0,77054.81,5314024.20043406
1789470000000,77054.81,77220.0,77009.01,77040.0,2975882.31220887
1789470900000,77040.0,77113.61,76970.0,76995.64,2791177.67801298
1789471800000,76995.64,76999.91,76845.0,76927.8,4600553.25939611
1789472700000,76927.8,76958.43,76840.0,76935.01,1764084.20275798
1789473600000,76935.01,76974.99,76857.02,76923.89,2055315.65348702
1789474500000,76923.89,76986.9,76899.53,76949.99,3222847.99336443
1789475400000,76949.99,76965.0,76855.01,76946.82,2533335.70366109
1789476300000,76946.82,77134.88,76875.0,76954.99,2583658.42166848
1789477200000,76954.99,77138.15,76950.29,76987.38,3550579.22412867
1789478100000,76987.38,77003.34,76907.71,76950.78,2966805.99034127
1789479000000,76950.78,76950.78,76111.89,76427.45,21636244.02740757
1789479900000,76427.45,76620.0,76156.44,76617.11,7313042.90683489
1789480800000,76617.11,76692.12,76327.61,76412.68,5879647.1870142
1789481700000,76412.68,76514.99,76307.12,76337.52,5604420.06457382
1789482600000,76337.52,76337.53,75697.55,75910.1,22544863.53255552
1789483500000,75910.1,75990.28,75600.01,75940.0,14776111.02845698
1789484400000,75940.0,76104.99,75825.24,76022.34,6268736.7322207
1789485300000,76022.34,76514.29,75920.0,76348.56,5590266.46490367
1789486200000,76348.56,76463.68,76275.0,76436.33,5551990.43034305
1789487100000,76436.33,76600.0,76425.0,76512.03,12978977.81034249
1789488000000,76512.03,76571.99,76265.63,76279.01,3423489.58361446
1789488900000,76279.01,76502.71,76279.01,76476.93,1041796.27072319
1789489800000,76476.93,76485.0,76300.0,76370.0,956280.44779864
1789490700000,76370.0,76504.99,76358.19,76385.76,1106291.05526332
1789491600000,76385.76,76415.0,76194.53,76270.0,1482169.25095453
1789492500000,76270.0,76542.95,76245.01,76520.54,1261686.89561087
1789493400000,76520.54,77346.72,76520.53,76768.71,10831991.74435431
1789494300000,76768.71,77084.44,76768.71,76964.58,2223444.55357357
1789495200000,76964.58,76971.37,76828.0,76875.01,2306868.30089331
1789496100000,76875.01,77213.67,76495.13,76914.42,11066542.14284821
1789497000000,76914.42,76950.83,75707.32,75776.0,28630602.02559147
1789497900000,75776.0,76201.63,74950.47,75992.95,16952308.51241214
1789498800000,75992.95,76272.8,75814.41,75976.88,7224297.49738567
1789499700000,75976.88,76311.86,75875.97,75915.01,8433784.08748562
1789500600000,75915.01,76061.83,75876.0,75901.76,6616285.62294493
1789501500000,75901.76,76185.0,75869.22,76184.99,1825323.97576645
1789502400000,76184.99,76248.56,75934.03,76042.02,3132066.74234405
1789503300000,76042.02,76042.02,75745.0,75745.0,1978129.55009327
1789504200000,75745.0,75864.99,75613.46,75864.99,3951343.22468491
1789505100000,75864.99,76002.86,75864.99,75932.15,1736798.34097408
1789506000000,75932.15,75959.99,75720.01,75870.01,3421577.41927216
1789506900000,75870.01,75900.0,75658.1,75682.01,1397308.37794528
1789507800000,75682.01,75767.35,75559.82,75747.88,2611296.40234676
1789508700000,75747.88,75755.0,75400.0,75455.0,3475694.979117
1789509600000,75455.0,75594.99,75332.85,75385.0,2636967.75876027
1789510500000,75385.0,75555.56,75140.51,75494.45,7880364.25576392
1789511400000,75494.45,75665.0,75485.01,75614.3,1711240.19672493
1789512300000,75614.3,75747.73,75605.23,75665.88,786163.56114541
1789513200000,75665.88,75904.65,75660.43,75897.84,923448.20633107
1789514100000,75897.84,75944.62,75735.97,75735.97,2036969.79979838
1789515000000,75735.97,75744.0,75565.0,75675.98,1105986.11150584
1789515900000,75675.98,75723.49,75625.0,75637.81,970900.20114093
1789516800000,75637.81,75790.0,75581.65,75701.0,1013227.65411665
1789517700000,75701.0,75851.19,75680.01,75851.19,959446.07093514
1789518600000,75851.19,75912.15,75775.01,75811.78,639753.31705531
1789519500000,75811.78,75880.0,75735.0,75775.0,1347351.91722116
1789520400000,75775.0,75865.0,75691.0,75780.85,1208132.71739232
1789521300000,75780.85,75965.0,75725.01,75875.0,958129.17125147
1789522200000,75875.0,75875.01,75550.0,75659.31,3068219.45079936
1789523100000,75659.31,75714.3,75463.02,75500.01,2769064.09536808
1789524000000,75500.01,75674.96,75485.0,75666.36,2186343.58857142
1789524900000,75666.36,75945.77,75653.21,75943.63,2126121.93712851
1789525800000,75943.63,76116.62,75930.01,75965.0,1803313.90388458
1789526700000,75965.0,76000.0,75815.0,75885.97,1007424.57109949
1789527600000,75885.97,75989.99,75825.0,75954.99,3134300.13578821
1789528500000,75954.99,76080.0,75860.0,75860.0,2091595.36846554
1789529400000,75860.0,75910.0,75780.0,75790.01,1391778.70480179
1789530300000,75790.01,75835.35,75762.69,75825.0,980387.48292364
1789531200000,75825.0,75920.0,75820.0,75895.0,918354.57120472
1789532100000,75895.0,75989.87,75840.0,75871.0,1938498.80432265
1789533000000,75871.0,76025.0,75855.0,75930.36,1646750.66275339
1789533900000,75930.36,75975.0,75805.0,75865.2,1921999.2381432
1789534800000,75865.2,75875.0,75675.0,75800.0,1663910.24191091
1789535700000,75800.0,75920.0,75799.99,75884.99,1285449.399345
1789536600000,75884.99,75983.53,75835.01,75965.0,983769.47677308
1789537500000,75965.0,75965.02,75890.03,75963.79,1309268.36676769
1789538400000,75963.79,76032.37,75963.79,76000.0,1757023.00594261
1789539300000,76000.0,76019.99,75895.0,75915.0,1667397.54631927
1789540200000,75915.0,75944.99,75824.0,75928.48,682238.12337052
1789541100000,75928.48,76035.0,75925.0,76035.0,1896478.82251608
1789542000000,76035.0,76099.99,75815.01,75880.0,2418238.98303084
1789542900000,75880.0,75925.0,75810.0,75824.99,2596627.01919063
1789543800000,75824.99,75908.0,75770.0,75820.0,2047633.24415338
1789544700000,75820.0,75894.99,75736.63,75771.0,2291039.44661315
1789545600000,75771.0,75771.0,75471.07,75526.39,3047190.0205451
1789546500000,75526.39,75634.34,75354.69,75439.01,4976871.38473272
1789547400000,75439.01,75579.65,75433.0,75558.57,1860228.66806557
1789548300000,75558.57,75739.9,75546.81,75739.9,786137.51496518
1789549200000,75739.9,75959.06,75728.15,75796.31,3122441.26601743
1789550100000,75796.31,75875.0,75760.01,75835.37,1339206.32497548
1789551000000,75835.37,75947.76,75835.37,75919.51,1647858.07250851
1789551900000,75919.51,75995.0,75890.01,75990.0,789044.99743048
1789552800000,75990.0,76045.0,75930.0,75944.58,2461353.59946656
1789553700000,75944.58,76015.0,75915.85,75973.13,970000.88787434
1789554600000,75973.13,76004.18,75940.0,75985.55,1135613.32416023
1789555500000,75985.55,75990.1,75900.0,75985.03,941553.98108642
1789556400000,75985.03,76052.74,75906.0,75915.01,1615946.13831594
1789557300000,75915.01,76000.0,75879.0,75975.01,2221904.27018231
1789558200000,75975.01,76285.0,75955.01,76239.95,3801807.91964875
1789559100000,76239.95,76304.35,76154.0,76250.01,2624031.58276449
1789560000000,76250.01,76303.89,76118.28,76120.31,3143754.71494752
1789560900000,76120.31,76162.3,75915.0,75940.0,1499523.97640935
1789561800000,75940.0,76023.11,75795.0,75959.01,1930126.11516228
1789562700000,75959.01,76048.03,75910.0,75968.36,3013800.74870629
1789563600000,75968.36,75968.37,75681.18,75794.99,2263261.51712105
1789564500000,75794.99,75883.61,75715.0,75774.01,3610900.97292757
1789565400000,75774.01,75805.0,75585.01,75776.0,6489616.91059984
1789566300000,75776.0,75943.28,75615.26,75650.0,3069360.10966899
1789567200000,75650.0,75669.99,75428.21,75570.16,2552505.87591327
1789568100000,75570.16,75834.97,75545.0,75830.0,4283445.25603774
1789569000000,75830.0,75830.88,75624.01,75760.0,3452481.55028009
1789569900000,75760.0,75760.0,75474.02,75698.58,3595477.01660466
1789570800000,75698.58,75800.0,75550.0,75760.97,4236418.51513695
1789571700000,75760.97,75804.99,75635.31,75635.33,3437639.06242813
1789572600000,75635.33,75791.98,75560.01,75730.5,2320412.15820169
1789573500000,75730.5,75957.38,75720.0,75790.01,5182488.39077574
1789574400000,75790.01,75885.99,75650.01,75844.43,4318156.22573585
1789575300000,75844.43,75890.0,75745.0,75793.36,1692894.12089326
1789576200000,75793.36,75838.17,75680.01,75687.0,1187651.05941251
1789577100000,75687.0,75830.0,75684.09,75770.0,922969.35821289
1789578000000,75770.0,75799.99,75665.01,75724.83,2657975.07358336
1789578900000,75724.83,75820.0,75637.0,75718.38,1334361.8026008
1789579800000,75718.38,75740.0,75391.86,75459.0,3774270.08258384
1789580700000,75459.0,75915.51,75355.0,75771.06,8094177.30324062
1789581600000,75771.06,76559.81,75290.01,75796.64,19260165.46339987
1789582500000,75796.64,76105.1,75654.14,76002.57,13169478.51596318
1789583400000,76002.57,76333.09,75060.94,75973.18,14011372.77795765
1789584300000,75973.18,76091.71,75495.01,75635.57,9041243.78462008
1789585200000,75635.57,76179.99,75635.57,75954.83,9278807.0107018
1789586100000,75954.83,76019.98,75258.07,75559.93,7384201.72702025
1789587000000,75559.93,75993.56,75435.01,75974.31,2841470.24708403
1789587900000,75974.31,76147.7,75966.74,76078.58,3901285.04101904
1789588800000,76078.58,76418.38,76025.0,76215.01,1683335.27875404
1789589700000,76215.01,76369.42,76110.94,76208.77,3404888.14204513
1789590600000,76208.77,76259.99,76035.01,76125.01,2283724.35965157
1789591500000,76125.01,76199.99,76069.01,76180.01,717694.92041883
1789592400000,76180.01,76219.98,76090.87,76117.58,557587.08374627
1789593300000,76117.58,76149.21,76045.0,76076.22,630422.34129143
1789594200000,76076.22,76097.58,75930.7,75964.8,538675.69198133
1789595100000,75964.8,76026.36,75940.0,75970.01,623871.79346014
1789596000000,75970.01,75985.75,75670.01,75892.0,2737271.37585338
1789596900000,75892.0,75939.99,75676.99,75758.0,3212939.48220853
1789597800000,75758.0,75815.0,75665.01,75815.0,684129.3031395
1789598700000,75815.0,75823.04,75640.01,75676.25,1065777.0284482
1789599600000,75676.25,75851.69,75646.3,75851.68,962445.36399806
1789600500000,75851.68,76142.86,75850.0,76077.74,1918509.83293767
1789601400000,76077.74,76220.0,76070.13,76212.47,1880197.03137501
1789602300000,76212.47,76272.79,76160.0,76204.15,1317612.88708172
1789603200000,76204.15,76440.53,76185.0,76325.55,3196099.08916831
1789604100000,76325.55,76494.29,76315.73,76400.68,1084913.16181072
1789605000000,76400.68,76504.9,76370.0,76430.01,1588087.45867006
1789605900000,76430.01,76454.99,76336.0,76336.0,463446.63077889
1789606800000,76336.0,76364.99,76215.02,76300.0,574702.63634811
1789607700000,76300.0,76657.26,76220.01,76629.0,3291771.86090064
1789608600000,76629.0,76773.71,76510.01,76605.0,2391137.81031073
1789609500000,76605.0,76605.0,76340.11,76370.01,1179552.19178667
1789610400000,76370.01,76395.0,76099.03,76218.89,1263011.88235174
1789611300000,76218.89,76219.47,76055.89,76184.58,3306643.87322499
1789612200000,76184.58,76450.0,76157.39,76426.08,1702554.75275856
1789613100000,76426.08,76490.0,76336.85,76378.25,968735.28496098
1789614000000,76378.25,76501.79,76378.25,76436.25,563009.95682261
1789614900000,76436.25,76527.81,76419.0,76492.87,432075.26009644
1789615800000,76492.87,76538.16,76450.0,76482.37,613102.46639363
1789616700000,76482.37,76505.0,76416.09,76442.08,770903.3407931
1789617600000,76442.08,76442.08,76305.0,76325.0,454994.09741069
1789618500000,76325.0,76327.5,76185.0,76210.46,986411.50150566
1789619400000,76210.46,76389.68,76185.0,76373.29,1140215.61468087
1789620300000,76373.29,76590.0,76326.49,76545.01,1976410.18248161
1789621200000,76545.01,76634.14,76452.45,76475.01,1799568.17424243
1789622100000,76475.01,76549.99,76423.32,76492.28,1137990.98889061
1789623000000,76492.28,76492.29,76338.43,76347.0,2045659.61637058
1789623900000,76347.0,76429.99,76310.0,76331.64,1303131.54750693
1789624800000,76331.64,76480.77,76305.0,76462.84,1724228.99555126
1789625700000,76462.84,76462.84,76340.02,76449.78,1364928.58660437
1789626600000,76449.78,76585.73,76449.78,76559.5,3745888.62776325
1789627500000,76559.5,76603.03,76460.01,76475.0,1733713.36676296
1789628400000,76475.0,76683.94,76474.99,76534.99,4421888.53767776
1789629300000,76534.99,76635.0,76510.0,76523.59,3054861.04932686
1789630200000,76523.59,76540.0,76480.23,76507.03,2052120.59093396
1789631100000,76507.03,76530.0,76418.23,76456.66,1671908.17306052
1789632000000,76456.66,76525.52,76411.28,76415.62,921056.4985344
1789632900000,76415.62,76535.0,76391.0,76459.0,1687865.92644987
1789633800000,76459.0,76545.0,76413.0,76490.0,1740423.50250286
1789634700000,76490.0,76595.0,76480.64,76571.47,740744.22378845
1789635600000,76571.47,76719.58,76571.47,76690.52,3871854.107782
1789636500000,76690.52,76745.0,76645.01,76682.95,3121004.22151305
1789637400000,76682.95,76770.0,76597.0,76597.0,3270411.47758431
1789638300000,76597.0,76645.0,76470.0,76470.0,5033322.86533627
1789639200000,76470.0,76474.42,76320.01,76400.01,1736528.19717996
1789640100000,76400.01,76404.99,76315.16,76352.0,1070838.38924826
1789641000000,76352.0,76412.06,76323.0,76325.01,1898503.39188827
1789641900000,76325.01,76405.0,76271.57,76405.0,1177647.82992426
1789642800000,76405.0,76449.99,76346.43,76440.0,1874233.26984368
1789643700000,76440.0,76460.2,76345.0,76396.5,1629221.58592152
1789644600000,76396.5,76396.51,76177.57,76190.01,1145261.65274509
1789645500000,76190.01,76494.99,76190.01,76484.98,1589102.29827286
1789646400000,76484.98,76821.26,76406.24,76821.26,7303795.05132131
1789647300000,76821.26,77000.0,76812.65,76996.2,3157225.23296712
1789648200000,76996.2,77161.0,76860.0,76870.89,6118425.58824999
1789649100000,76870.89,76899.99,76730.0,76735.04,3534001.90435461
1789650000000,76735.04,76884.99,76638.65,76660.01,4883291.12403506
1789650900000,76660.01,76747.3,76470.0,76473.26,1707484.27992718
1789651800000,76473.26,76588.37,76017.54,76150.0,8203116.8399288
1789652700000,76150.0,76697.97,76050.01,76695.98,3857417.02400524
1789653600000,76695.98,76983.93,76390.01,76970.0,6185577.61259413
1789654500000,76970.0,77080.29,76706.26,76941.09,7821290.4326852
1789655400000,76941.09,77015.0,76600.0,76618.1,5803038.65112105
1789656300000,76618.1,76730.34,76500.0,76500.0,2766874.05228913
1789657200000,76500.0,76504.26,76273.01,76350.0,2659726.54968177
1789658100000,76350.0,76469.99,76290.01,76469.99,2575094.42360903
1789659000000,76469.99,76865.0,76455.0,76760.03,4298148.78592465
1789659900000,76760.03,76800.0,76595.01,76784.99,2163323.14561883
1789660800000,76784.99,76809.99,76660.31,76738.16,1713735.73559596
1789661700000,76738.16,76793.57,76670.19,76709.99,980199.45478631
1789662600000,76709.99,76713.56,76530.0,76710.0,2690981.27180242
1789663500000,76710.0,76750.0,76590.01,76750.0,3630032.41042744
1789664400000,76750.0,76914.29,76736.23,76815.01,2060843.07081315
1789665300000,76815.01,76950.0,76770.0,76919.99,3929535.05687206
1789666200000,76919.99,76966.85,76710.69,76710.69,861659.64314381
1789667100000,76710.69,76710.69,76585.0,76670.01,1648032.08898932
1789668000000,76670.01,76724.29,76650.0,76721.36,390024.66409937
1789668900000,76721.36,76783.08,76721.36,76740.86,469293.87161315
1789669800000,76740.86,76762.63,76466.81,76624.99,2052739.28815754
1789670700000,76624.99,76698.64,76576.0,76576.0,1770296.50258051
1789671600000,76576.0,76625.0,76550.01,76561.08,520046.12167288
1789672500000,76561.08,76624.99,76500.0,76582.25,842083.65768261
1789673400000,76582.25,76628.66,76535.22,76603.06,1528961.25858028
1789674300000,76603.06,76679.99,76505.0,76591.78,1184514.43578723
1789675200000,76591.78,76654.99,76535.0,76635.39,593046.6032903
1789676100000,76635.39,76735.0,76596.62,76715.01,607429.54264652
1789677000000,76715.01,76715.01,76505.0,76534.94,1035463.492972
1789677900000,76534.94,76560.0,76495.1,76560.0,442964.17649498
1789678800000,76560.0,76619.99,76500.0,76512.39,2942710.18721237
1789679700000,76512.39,76574.99,76511.55,76560.0,536618.70992642
1789680600000,76560.0,76585.0,76528.0,76528.01,584134.58552842
1789681500000,76528.01,76528.01,76397.15,76415.0,796635.13590914
1789682400000,76415.0,76460.0,76329.22,76370.01,3206088.03217119
1789683300000,76370.01,76370.01,76255.0,76268.01,499893.91682486
1789684200000,76268.01,76454.5,76260.01,76419.08,580320.15158866
1789685100000,76419.08,76433.56,76323.41,76420.19,1620537.24933956
1789686000000,76420.19,76514.99,76388.09,76494.97,661557.07481303
1789686900000,76494.97,76504.99,76472.31,76486.0,1069798.66809311
1789687800000,76486.0,76486.01,76385.21,76435.45,1025098.7898229
1789688700000,76435.45,76500.0,76401.0,76425.0,745340.26309743
1789689600000,76425.0,76470.0,76380.71,76470.0,901141.8115499
1789690500000,76470.0,76470.0,76290.0,76374.99,356076.12515516
1789691400000,76374.99,76450.0,76345.01,76429.85,464724.65983126
1789692300000,76429.85,76590.0,76405.01,76586.38,297656.66495723
1789693200000,76586.38,76684.99,76545.0,76565.0,1058726.49729116
1789694100000,76565.0,76645.0,76520.0,76594.99,1473857.33243048
1789695000000,76594.99,76723.08,76585.0,76695.0,362239.77524736
1789695900000,76695.0,76767.69,76690.0,76741.0,1568203.20050678
1789696800000,76741.0,76819.26,76635.0,76764.99,1339956.60189925
1789697700000,76764.99,76931.19,76742.22,76931.19,910381.44658689
1789698600000,76931.19,77034.99,76931.18,76942.35,4362932.12015057
1789699500000,76942.35,77035.71,76906.78,76980.01,807152.91107452
1789700400000,76980.01,77321.44,76980.0,77321.44,2920257.63123123
1789701300000,77321.44,77598.88,77280.35,77430.01,9787887.95149951
1789702200000,77430.01,77489.99,77320.0,77335.43,2607716.62788685
1789703100000,77335.43,77470.0,77335.43,77380.89,1094467.73884299
1789704000000,77380.89,77417.56,77230.32,77294.39,1584953.3123816
1789704900000,77294.39,77375.0,77250.0,77276.04,1766259.21058848
1789705800000,77276.04,77438.5,77219.49,77438.5,2415724.58267446
1789706700000,77438.5,77572.64,77340.0,77572.64,1395166.87097545
1789707600000,77572.64,77660.9,77450.01,77530.01,5230992.41689275
1789708500000,77530.01,77615.92,77440.0,77600.0,4227929.67390164
1789709400000,77600.0,77716.11,77520.0,77588.71,4025358.66967356
1789710300000,77588.71,77595.0,77455.66,77491.84,772013.80433644
1789711200000,77491.84,77603.51,77490.0,77495.51,2387245.77575977
1789712100000,77495.51,77675.0,77485.71,77540.0,2655145.37459399
1789713000000,77540.0,77584.91,77493.99,77526.98,2062825.1713767
1789713900000,77526.98,77610.0,77410.0,77599.18,718073.09758553
1789714800000,77599.18,77795.0,77565.01,77624.05,2614524.3856845
1789715700000,77624.05,77849.53,77615.0,77800.0,3235401.3527462
1789716600000,77800.0,77849.99,77735.01,77820.01,4450778.96166513
1789717500000,77820.01,77825.0,77730.0,77800.0,3287025.96232972
1789718400000,77800.0,77974.99,77660.0,77766.87,5855227.29642324
1789719300000,77766.87,78066.67,77757.41,77950.01,3528692.42586667
1789720200000,77950.01,78029.99,77900.0,77970.99,2472383.97505111
1789721100000,77970.99,78275.94,77960.0,78266.38,5162421.835664
1789722000000,78266.38,78475.0,78220.0,78376.13,7023435.80772012
1789722900000,78376.13,78390.0,78158.0,78160.01,1550443.86507117
1789723800000,78160.01,78164.96,78014.29,78055.0,3785384.29050182
1789724700000,78055.0,78214.98,78055.0,78209.03,1962427.65949702
1789725600000,78209.03,78219.99,78105.01,78195.0,4327143.57137748
1789726500000,78195.0,78280.0,78150.72,78276.64,1559857.47945104
1789727400000,78276.64,78310.0,78190.0,78234.99,1045271.5342035
1789728300000,78234.99,78362.93,78210.01,78279.99,1926845.31158888
1789729200000,78279.99,78442.81,78043.1,78116.9,3337748.56632238
1789730100000,78116.9,78165.0,78050.0,78050.95,1683692.38068076
1789731000000,78050.95,78174.99,78024.0,78027.75,1176050.40170973
1789731900000,78027.75,78103.71,78027.74,78065.78,1324010.42392897
1789732800000,78065.78,78129.99,77987.47,78085.0,1794349.96770146
1789733700000,78085.0,78113.44,77981.43,78020.0,1304382.86389109
1789734600000,78020.0,78184.99,77985.01,78115.01,1175254.28943778
1789735500000,78115.01,78149.95,78023.41,78039.99,1390342.46068443
1789736400000,78039.99,78085.0,77967.3,78030.0,1500485.98570574
1789737300000,78030.0,78179.69,78028.23,78177.04,1604691.28839722
1789738200000,78177.04,79321.73,78145.0,79301.3,11069872.58865248
1789739100000,79301.3,80511.11,79230.0,80069.99,14489694.65554525
1789740000000,80069.99,80630.13,80069.99,80294.99,8340156.73017864
1789740900000,80294.99,80983.73,80294.99,80705.0,9143705.59625208
1789741800000,80705.0,80820.0,80495.0,80785.43,5867865.36183842
1789742700000,80785.43,80968.37,80720.0,80939.99,4455056.98859738
1789743600000,80939.99,81051.65,80568.79,80769.01,9771251.10564673
1789744500000,80769.01,81161.76,80765.33,80960.8,7183643.48771077
1789745400000,80960.8,80974.4,80650.29,80650.29,3570874.00851716
1789746300000,80650.29,80820.0,80507.04,80729.99,6857725.98950242
1789747200000,80729.99,80973.63,80670.01,80973.05,7929898.56256228
1789748100000,80973.05,81077.52,80875.0,81055.0,8243098.77166464
1789749000000,81055.0,81267.07,80900.11,81004.98,7143621.32896549
1789749900000,81004.98,81004.98,80768.34,80847.88,2468608.36599798
1789750800000,80847.88,80905.0,80765.0,80900.0,3002205.88232731
1789751700000,80900.0,80950.0,80645.0,80750.28,4461422.0404923
1789752600000,80750.28,80776.49,80577.56,80776.15,1466921.08714167
1789753500000,80776.15,81019.32,80765.0,81019.32,1564703.35430517
1789754400000,81019.32,81019.33,80805.01,80875.52,3065802.45860017
1789755300000,80875.52,80999.0,80811.39,80994.97,1475032.669377
1789756200000,80994.97,81151.9,80921.01,80945.62,2037396.41944334
1789757100000,80945.62,81078.09,80880.0,80942.42,2253594.45751395
1789758000000,80942.42,81215.0,80915.0,81204.99,1664056.26284299
1789758900000,81204.99,81407.21,81120.07,81262.11,5348488.62745413
1789759800000,81262.11,81262.11,81055.01,81245.0,2952316.40328537
1789760700000,81245.0,81355.0,81132.63,81205.0,4303498.14720706
1789761600000,81205.0,81235.0,80960.0,81077.0,4368509.76739987
1789762500000,81077.0,81224.97,80940.0,81020.1,2566108.15514953
1789763400000,81020.1,81180.0,80950.93,81165.98,1493365.74249596
1789764300000,81165.98,81190.0,81070.01,81114.05,2107910.96750768
1789765200000,81114.05,81285.85,81096.09,81274.99,2516895.71366301
1789766100000,81274.99,81284.99,81105.85,81188.25,2791830.69549162
1789767000000,81188.25,81304.34,81141.46,81226.51,1915902.80327719
1789767900000,81226.51,81255.0,81156.94,81233.77,3767974.49981823
1789768800000,81233.77,81371.87,81205.0,81246.47,2029132.66616421
1789769700000,81246.47,81345.0,81245.0,81259.99,990984.30924741
1789770600000,81259.99,81260.0,81075.0,81126.0,3296259.87958322
1789771500000,81126.0,81175.0,81091.53,81134.19,851037.39604861
1789772400000,81134.19,81205.0,81090.0,81175.0,1460540.99153496
1789773300000,81175.0,81195.0,80995.01,80996.95,957535.58474457
1789774200000,80996.95,81025.0,80860.11,80900.01,1922272.25949699
1789775100000,80900.01,80979.84,80884.33,80899.3,2526018.6175557
1789776000000,80899.3,80978.72,80843.75,80978.72,2015792.41962803
1789776900000,80978.72,81102.59,80970.62,81102.59,1230048.85339889
1789777800000,81102.59,81342.03,81102.59,81314.99,2008956.37204508
1789778700000,81314.99,81671.43,81268.26,81671.43,7353475.20038942
1789779600000,81671.43,81744.24,81275.59,81287.19,3647098.62654891
1789780500000,81287.19,81325.0,81107.32,81261.77,2604160.47747947
1789781400000,81261.77,81270.83,81050.86,81176.33,2183426.94762545
1789782300000,81176.33,81441.53,81176.33,81282.53,3549172.74819039
1789783200000,81282.53,81429.22,81260.01,81376.86,853325.29679907
1789784100000,81376.86,81449.67,81330.0,81352.07,1595305.90595097
1789785000000,81352.07,81440.83,81295.01,81321.0,1517414.45908688
1789785900000,81321.0,81321.0,81275.12,81300.0,1136739.32536951
1789786800000,81300.0,81406.94,81285.0,81285.73,909611.0731786
1789787700000,81285.73,81285.73,81144.0,81144.01,2489435.26098111
1789788600000,81144.01,81175.0,81125.0,81175.0,948343.99624718
1789789500000,81175.0,81190.0,81136.0,81136.0,336012.74502864
1789790400000,81136.0,81224.9,81118.0,81209.53,1454054.88009006
1789791300000,81209.53,81229.48,81130.0,81140.01,1352743.26657441
1789792200000,81140.01,81140.01,80925.62,80980.01,3319021.77026091
1789793100000,80980.01,81035.0,80943.29,81029.67,914896.18136628
1789794000000,81029.67,81146.66,81026.28,81046.37,1454345.60046435
1789794900000,81046.37,81149.99,81015.0,81075.01,1051966.45798896
1789795800000,81075.01,81118.24,81031.3,81031.31,706409.40918365
1789796700000,81031.31,81080.0,81015.0,81047.94,1484393.15258116
1789797600000,81047.94,81076.73,81001.46,81010.58,1211895.34764522
1789798500000,81010.58,81055.0,80936.33,80971.09,1047168.76097534
1789799400000,80971.09,81093.64,80971.09,81067.49,1945422.75291071
1789800300000,81067.49,81110.0,81028.14,81056.32,1139330.81043852
1789801200000,81056.32,81165.0,81056.32,81165.0,762779.98323089
1789802100000,81165.0,81256.84,81075.0,81110.0,1712433.91323854
1789803000000,81110.0,81125.0,81035.01,81061.49,618414.85737494
1789803900000,81061.49,81178.63,81035.0,81100.01,1080754.13920604
1789804800000,81100.01,81245.0,81075.2,81245.0,1475741.71163878
1789805700000,81245.0,81415.89,81195.01,81300.0,3534494.18318256
1789806600000,81300.0,81395.0,81275.0,81317.62,991411.29834985
1789807500000,81317.62,81389.21,81284.84,81319.99,2572466.55421431
1789808400000,81319.99,81527.0,81290.0,81433.57,4776520.467724
1789809300000,81433.57,81502.73,81385.8,81409.57,2910109.32867906
1789810200000,81409.57,81443.42,81252.53,81264.99,1882246.91569787
1789811100000,81264.99,81345.29,81264.99,81318.02,4960047.1989796
1789812000000,81318.02,81326.05,81227.13,81304.56,3799072.4589315
1789812900000,81304.56,81319.99,81257.7,81288.01,2968605.91564407
1789813800000,81288.01,81300.0,81225.0,81254.56,2406489.15237953
1789814700000,81254.56,81325.64,81210.0,81225.0,2780338.6563299
1789815600000,81225.0,81375.0,81215.0,81315.77,2338691.21092319
1789816500000,81315.77,81378.46,81275.0,81275.01,1604146.05952468
1789817400000,81275.01,81304.73,81243.0,81289.58,2888134.07842425
1789818300000,81289.58,81318.71,81282.03,81309.76,976493.76577304
1789819200000,81309.76,81364.99,81273.74,81349.22,1563214.41734022
1789820100000,81349.22,81375.47,81225.0,81229.0,1417883.11142179
1789821000000,81229.0,81290.28,81228.47,81282.0,878876.50441166
1789821900000,81282.0,81344.33,81245.0,81334.39,1108046.6917154
1789822800000,81334.39,81344.33,81172.55,81247.47,1668653.13129672
1789823700000,81247.47,81342.11,81230.0,81233.71,982104.22308382
1789824600000,81233.71,81280.0,81196.02,81260.0,725909.08036493
1789825500000,81260.0,81358.74,81235.0,81349.22,887098.06126191
1789826400000,81349.22,81451.63,81332.56,81385.0,1709295.44715522
1789827300000,81385.0,81576.97,81384.99,81576.96,1575240.25431928
1789828200000,81576.96,81634.45,81475.3,81539.06,2027654.60833025
1789829100000,81539.06,81621.39,81500.0,81584.45,971533.32953793
1789830000000,81584.45,81751.0,81572.66,81700.01,2022624.0161976
1789830900000,81700.01,81765.96,81559.29,81572.06,1462617.16142349
1789831800000,81572.06,81955.3,81569.06,81911.89,6166253.37537572
1789832700000,81911.89,81911.89,81606.0,81642.22,1836911.82435451
1789833600000,81642.22,81779.57,81468.67,81759.99,4991501.44060322
1789834500000,81759.99,81880.94,81739.46,81815.31,1214047.06805153
1789835400000,81815.31,81913.89,81814.0,81859.32,2958864.42851578
1789836300000,81859.32,81869.93,81825.0,81834.49,518030.25413418
1789837200000,81834.49,81851.54,81707.0,81710.97,700564.92507195
1789838100000,81710.97,81832.13,81448.55,81532.35,2709733.7608769
1789839000000,81532.35,81598.85,81459.0,81494.85,387117.27657943
1789839900000,81494.85,81541.83,81448.91,81464.99,386214.3482058
1789840800000,81464.99,81544.77,81339.71,81380.0,705396.9900604
1789841700000,81380.0,81492.29,81334.04,81447.84,383314.89595161
1789842600000,81447.84,81523.55,81375.0,81487.53,1042888.88750354
1789843500000,81487.53,81493.44,81405.5,81436.2,1057611.34286962
1789844400000,81436.2,81461.74,81379.08,81380.01,272404.77249348
1789845300000,81380.01,81452.25,81350.01,81397.95,781493.37900147
1789846200000,81397.95,81397.95,81309.18,81323.86,380673.81082012
1789847100000,81323.86,81385.0,81320.0,81359.98,746835.14068669
1789848000000,81359.98,81435.37,81355.0,81413.98,377509.77662865
1789848900000,81413.98,81413.98,81258.63,81258.63,685881.00969557
1789849800000,81258.63,81289.99,81245.18,81289.99,1322759.32956709
1789850700000,81289.99,81289.99,81078.21,81150.0,1244659.64443416
1789851600000,81150.0,81225.0,80990.0,81005.0,1947276.49581492
1789852500000,81005.0,81073.8,80905.0,81060.34,1517403.06199792
1789853400000,81060.34,81072.7,80934.01,81023.18,1894612.2887326
1789854300000,81023.18,81164.99,81023.17,81098.46,804396.61012537
1789855200000,81098.46,81098.46,80959.02,81005.01,2351386.55216003
1789856100000,81005.01,81090.0,81005.0,81065.0,576188.47319523
1789857000000,81065.0,81250.0,81065.0,81245.93,505323.04692794
1789857900000,81245.93,81267.68,81202.66,81259.99,402563.57292718
1789858800000,81259.99,81285.0,81241.46,81285.0,394626.11372706
1789859700000,81285.0,81310.0,81220.0,81309.99,1113719.02797115
1789860600000,81309.99,81370.0,81280.0,81280.0,1397309.37847655
1789861500000,81280.0,81324.55,81260.0,81260.01,1199608.33619393
1789862400000,81260.01,81290.0,81206.78,81288.59,801314.88381805
1789863300000,81288.59,81329.99,81215.0,81314.95,1010854.92191804
1789864200000,81314.95,81329.26,81260.0,81329.26,1517402.44973321
1789865100000,81329.26,81329.26,81277.0,81293.8,303408.8985993
1789866000000,81293.8,81300.38,81135.0,81135.0,369215.05087364
1789866900000,81135.0,81215.0,81090.53,81118.01,798748.09025418
1789867800000,81118.01,81122.89,81030.0,81075.01,1444777.1281623
1789868700000,81075.01,81119.99,81030.0,81099.99,752224.50413267
1789869600000,81099.99,81153.71,81084.0,81153.71,629632.26583095
1789870500000,81153.71,81167.9,80985.01,80985.01,1829634.55278215
1789871400000,80985.01,81000.0,80565.26,80565.26,4572205.44967227
1789872300000,80565.26,80691.22,80258.88,80334.99,13036876.06940491
1789873200000,80334.99,80524.99,80210.18,80250.0,3867873.77398543
1789874100000,80250.0,80525.0,80122.15,80382.55,4296623.51488421
1789875000000,80382.55,80410.0,80300.0,80389.99,1689346.58364542
1789875900000,80389.99,80510.91,80335.0,80490.13,827810.06162882
1789876800000,80490.13,80519.99,80384.0,80435.0,841350.80373169
1789877700000,80435.0,80535.0,80340.0,80424.25,686449.12223296
1789878600000,80424.25,80485.0,80385.0,80385.0,440213.27839413
1789879500000,80385.0,80490.0,80315.01,80434.13,3197776.97793504
1789880400000,80434.13,80649.99,80410.01,80595.01,1538069.93439918
1789881300000,80595.01,80595.01,80455.0,80550.0,1727139.55837452
1789882200000,80550.0,80625.58,80460.0,80535.0,927054.91953336
1789883100000,80535.0,80555.0,80460.0,80499.71,1691535.46991439
1789884000000,80499.71,80530.0,80432.09,80520.0,921209.55172292
1789884900000,80520.0,80610.0,80465.0,80470.0,1392132.02210233
1789885800000,80470.0,80485.0,80275.0,80380.0,2247508.58596068
1789886700000,80380.0,80448.05,80214.07,80320.0,3704446.85099686
1789887600000,80320.0,80375.0,80300.01,80352.93,367712.33163812
1789888500000,80352.93,80422.54,80295.0,80401.7,2607487.58038881
1789889400000,80401.7,80401.71,80300.0,80345.0,1530459.4135925
1789890300000,80345.0,80390.0,80313.0,80313.01,1332825.31895471
1789891200000,80313.01,80455.0,80311.79,80420.01,2046058.04471747
1789892100000,80420.01,80435.0,80380.0,80382.22,1345290.12203937
1789893000000,80382.22,80410.0,80250.0,80258.01,610339.43079348
1789893900000,80258.01,80290.0,80160.43,80264.99,2065981.86586198
1789894800000,80264.99,80335.0,80258.19,80267.72,856194.00540176
1789895700000,80267.72,80412.6,80257.2,80382.55,685952.95084823
1789896600000,80382.55,80583.33,80382.54,80549.99,1290334.74989609
1789897500000,80549.99,80558.89,80465.0,80470.01,1190031.69587357
1789898400000,80470.01,80519.74,80335.0,80410.0,1273019.33986141
1789899300000,80410.0,80445.0,80332.85,80380.0,948574.93272098
1789900200000,80380.0,80435.0,80320.0,80355.0,2186209.64281708
1789901100000,80355.0,80400.8,80307.15,80318.0,1016112.86141747
1789902000000,80318.0,80415.0,80280.0,80363.92,2047388.57406821
1789902900000,80363.92,80385.0,80305.01,80374.99,946484.77813603
1789903800000,80374.99,80496.71,80374.99,80465.96,3747168.40660867
1789904700000,80465.96,80535.0,80450.0,80487.46,537588.66973034
1789905600000,80487.46,80535.0,80435.01,80495.0,609944.53831167
1789906500000,80495.0,80505.0,80365.0,80375.0,599103.69855689
1789907400000,80375.0,80380.0,80330.0,80357.85,559176.02492692
1789908300000,80357.85,80497.74,80357.84,80493.96,867706.82784948
1789909200000,80493.96,80654.99,80485.41,80563.2,1142913.29053468
1789910100000,80563.2,80572.44,80490.0,80510.0,1834113.41669549
1789911000000,80510.0,80565.0,80425.0,80564.99,1212813.38531532
1789911900000,80564.99,80582.66,80540.0,80567.79,1353877.27102653
1789912800000,80567.79,80784.32,80567.79,80590.01,2308156.55711306
1789913700000,80590.01,80590.01,80420.01,80532.28,1709253.91187158
1789914600000,80532.28,80662.33,80507.94,80638.07,1834361.5777997
1789915500000,80638.07,80768.94,80605.03,80680.0,3128389.83000432
1789916400000,80680.0,80927.75,80679.99,80761.01,3866724.71671987
1789917300000,80761.01,80889.06,80665.0,80665.01,2023761.25377974
1789918200000,80665.01,80880.0,80665.01,80840.07,2921700.51202142
1789919100000,80840.07,80970.0,80840.06,80910.01,1586324.87874212
1789920000000,80910.01,81204.68,80807.0,81165.47,3376437.061933
1789920900000,81165.47,81283.1,81035.01,81181.84,2386486.86028107
1789921800000,81181.84,81500.55,81106.0,81378.29,7372078.83733302
1789922700000,81378.29,81454.19,81220.01,81339.99,2142323.32472235
1789923600000,81339.99,81456.97,81165.01,81235.0,3749714.8601955
1789924500000,81235.0,81320.0,81138.8,81164.27,1915856.91521086
1789925400000,81164.27,81419.93,81164.26,81394.99,2477383.53051742
1789926300000,81394.99,81422.03,81070.0,81149.99,2820176.02138022
1789927200000,81149.99,81205.0,81030.01,81108.17,2065096.27404259
1789928100000,81108.17,81275.0,81108.17,81275.0,1079949.43885426
1789929000000,81275.0,81315.0,81186.22,81219.28,629618.96785221
1789929900000,81219.28,81220.53,81030.0,81038.88,2389465.37241152
1789930800000,81038.88,81132.58,81038.88,81093.02,744357.55457452
1789931700000,81093.02,81117.31,81065.56,81117.31,429450.01028455
1789932600000,81117.31,81300.0,81117.31,81234.92,1150742.75823
1789933500000,81234.92,81292.88,81147.18,81179.5,1974005.49988805
1789934400000,81179.5,81230.0,81145.24,81153.53,528704.3586309
1789935300000,81153.53,81225.0,81096.51,81181.07,970819.74860434
1789936200000,81181.07,81183.01,81080.0,81140.0,546683.35106769
1789937100000,81140.0,81225.0,81075.41,81090.01,1571087.51466347
1789938000000,81090.01,81090.01,80589.3,80774.18,7947919.93329749
1789938900000,80774.18,80933.83,80770.96,80889.58,1020472.5067548
1789939800000,80889.58,80949.99,80805.01,80805.01,1097063.08683816
1789940700000,80805.01,80964.16,80803.4,80940.0,585196.67450044
1789941600000,80940.0,81300.0,80775.01,81295.0,4990566.51063282
1789942500000,81295.0,81295.0,81080.0,81164.63,1216103.44275743
1789943400000,81164.63,81272.84,81115.01,81117.82,1126147.33756877
1789944300000,81117.82,81275.58,81110.01,81223.29,2020847.63710939
1789945200000,81223.29,81259.88,81134.0,81155.0,1301662.04615345
1789946100000,81155.0,81300.0,81145.0,81160.01,660330.54015253
1789947000000,81160.01,81285.0,81134.85,81260.65,3582199.61490721
1789947900000,81260.65,81330.0,81158.0,81179.99,1348606.23349559
1789948800000,81179.99,81713.03,81174.26,81671.66,5492189.33868524
1789949700000,81671.66,81830.0,81511.37,81736.06,2982231.02003708
1789950600000,81736.06,81835.53,81525.0,81691.56,2330054.67337532
1789951500000,81691.56,81845.94,81573.9,81609.08,3734394.87420842
1789952400000,81609.08,81800.67,81506.58,81792.64,1076904.18161229
1789953300000,81792.64,82089.94,81491.9,81588.45,8795481.52698893
1789954200000,81588.45,81674.17,81265.25,81462.48,3266667.69378281
1789955100000,81462.48,81493.38,80861.01,81000.0,10283585.39072803
1789956000000,81000.0,81362.4,80955.0,81362.4,7037963.39386439
1789956900000,81362.4,81510.7,81319.36,81422.12,2738040.41313178
1789957800000,81422.12,81424.31,81155.01,81255.0,6235634.65461861
1789958700000,81255.0,81397.05,81205.01,81312.77,1687183.1235247
1789959600000,81312.77,81458.0,81245.01,81325.0,1076158.43791722
1789960500000,81325.0,81502.72,81325.0,81451.21,967974.09608093
1789961400000,81451.21,81578.31,81448.97,81466.84,1596266.44923365
1789962300000,81466.84,81518.64,81371.02,81426.42,676730.46965877
1789963200000,81426.42,81466.11,81285.0,81285.01,1391842.15862168
1789964100000,81285.01,81350.0,81250.0,81303.95,836061.38874444
1789965000000,81303.95,81424.59,81230.01,81421.06,771511.55744904
1789965900000,81421.06,81513.76,81380.0,81402.5,1068685.26823519
1789966800000,81402.5,81417.0,81305.0,81330.64,780905.71625418
1789967700000,81330.64,81646.51,81330.64,81585.82,4273510.1406409
1789968600000,81585.82,81789.03,81583.36,81622.39,2182574.3723724
1789969500000,81622.39,81683.97,81523.99,81555.42,2540960.20618612
1789970400000,81555.42,81689.44,81540.0,81666.51,2462738.57580348
1789971300000,81666.51,81885.33,81666.51,81812.7,2108343.62389586
1789972200000,81812.7,81846.9,81392.95,81400.35,1986659.14043635
1789973100000,81400.35,81757.53,81400.34,81640.0,2587393.4192556
1789974000000,81640.0,81675.91,81469.25,81561.67,2571528.4182488
1789974900000,81561.67,81665.93,81535.48,81619.32,1036172.85524706
1789975800000,81619.32,81619.33,81456.36,81510.56,2755247.41516334
1789976700000,81510.56,81724.73,81477.92,81715.21,2358933.00331049
1789977600000,81715.21,82002.0,81715.21,81895.33,2993699.24268132
1789978500000,81895.33,82265.97,81867.0,82239.99,6241606.32757486
1789979400000,82239.99,84262.46,82185.24,83526.78,35770551.60418986
1789980300000,83526.78,83888.24,83295.45,83748.0,6477994.1710253
1789981200000,83748.0,84051.56,83689.0,83920.45,8913208.8301807
1789982100000,83920.45,84601.21,83891.32,84453.8,12886290.70704936
1789983000000,84453.8,85309.46,84326.63,85023.64,17127280.73396533
1789983900000,85023.64,85069.54,84572.59,84652.24,11443001.97037208
1789984800000,84652.24,84816.09,84500.01,84570.9,6286163.92783965
1789985700000,84570.9,84736.58,84362.67,84362.68,3539410.45598542
1789986600000,84362.68,84468.85,84130.73,84260.0,5712282.88980875
1789987500000,84260.0,84451.91,84153.91,84440.79,1483164.58426314
1789988400000,84440.79,84646.06,84386.93,84601.0,2681765.3467652
1789989300000,84601.0,84708.81,84524.19,84665.01,2607207.70370736
1789990200000,84665.01,84884.54,84612.0,84821.85,7067240.44516826
1789991100000,84821.85,84914.55,84709.9,84889.42,3844641.6251531
1789992000000,84889.42,85166.99,84815.54,84996.62,11921668.66128929
1789992900000,84996.62,85468.34,84982.0,85077.15,11968324.39069086
1789993800000,85077.15,85420.79,85035.6,85287.27,4615264.31991331
1789994700000,85287.27,85424.54,85159.11,85314.54,2761776.13516658
1789995600000,85314.54,85452.52,85085.21,85172.28,6450315.29750427
1789996500000,85172.28,85220.5,84920.0,84946.16,6102415.44947399
1789997400000,84946.16,85230.42,84784.34,85074.54,6006522.92607456
1789998300000,85074.54,85837.35,85037.66,85466.01,13044256.48102801
1789999200000,85466.01,85546.83,85052.09,85315.94,6518638.92407045
1790000100000,85315.94,85789.99,85220.0,85719.23,8022018.43421344
1790001000000,85719.23,86011.25,85576.0,85799.98,13976696.34655359
1790001900000,85799.98,86131.39,85702.0,85847.9,12283912.79971981
1790002800000,85847.9,86348.45,85808.0,86291.44,10973472.74261808
1790003700000,86291.44,86291.44,85822.12,85860.29,6313426.48825587
1790004600000,85860.29,86124.59,85797.5,86124.59,2362580.05740893
1790005500000,86124.59,86187.13,85906.72,85927.95,2926878.91682177
1790006400000,85927.95,85970.19,85693.2,85732.66,6336722.04028614
1790007300000,85732.66,85977.74,85732.65,85850.85,2325200.17827067
1790008200000,85850.85,85965.51,85603.75,85859.66,1385380.21844002
1790009100000,85859.66,86103.28,85843.01,85959.62,4129249.19961619
1790010000000,85959.62,86118.43,85888.82,85945.58,2936269.57473544
1790010900000,85945.58,85991.41,85761.0,85884.75,3570761.7459205
1790011800000,85884.75,85968.18,85822.31,85889.42,2287284.02543341
1790012700000,85889.42,85895.34,85671.52,85895.34,3331604.9485494
1790013600000,85895.34,86017.0,85806.49,85986.35,960839.27143386
1790014500000,85986.35,86075.32,85889.0,85920.69,1268294.34204869
1790015400000,85920.69,85985.9,85796.89,85927.28,3039149.14711976
1790016300000,85927.28,86067.02,85887.74,86060.54,1809745.62463521
1790017200000,86060.54,86075.15,85979.65,86053.96,656841.88896593
1790018100000,86053.96,86467.22,86046.96,86371.52,6581357.45566336
1790019000000,86371.52,86898.87,86323.01,86569.65,13147007.49462166
1790019900000,86569.65,86667.91,86478.13,86496.44,2244494.36086307
1790020800000,86496.44,86812.93,86496.44,86750.02,2241518.37355221
1790021700000,86750.02,87393.73,86704.63,87272.52,11680940.61399126
1790022600000,87272.52,87301.04,86891.0,86944.94,4513654.33080812
1790023500000,86944.94,87083.84,86857.16,86992.22,5042381.77518563
1790024400000,86992.22,86992.22,86593.58,86593.58,2870267.33918968
1790025300000,86593.58,86699.59,86550.0,86628.52,1239421.55070885
1790026200000,86628.52,86858.13,86628.52,86785.11,4675501.3457237
1790027100000,86785.11,86791.57,86581.62,86584.0,2065653.37482143
1790028000000,86584.0,86716.16,86550.01,86622.25,2301570.82321017
1790028900000,86622.25,86762.43,86369.98,86428.27,3694165.58200655
1790029800000,86428.27,86603.72,86386.86,86430.11,2728249.93024531
1790030700000,86430.11,86458.97,86301.55,86449.82,3301752.50108017
1790031600000,86449.82,86700.0,86426.44,86650.2,2111552.51689819
1790032500000,86650.2,86709.06,86499.0,86499.01,1849825.90790467
1790033400000,86499.01,86535.42,86361.92,86462.44,2755739.96392
1790034300000,86462.44,86666.93,86440.05,86619.62,1152149.01240431
1790035200000,86619.62,86631.83,86306.72,86476.55,9445451.80622519
1790036100000,86476.55,86498.95,86332.02,86403.4,713348.83699159
1790037000000,86403.4,86521.59,86160.0,86353.13,4431831.13479936
1790037900000,86353.13,86411.62,85872.0,85899.84,6507365.28734053
1790038800000,85899.84,85983.1,85635.48,85789.72,3594687.85974787
1790039700000,85789.72,85880.78,85409.65,85775.98,6702330.79281526
1790040600000,85775.98,85852.94,85637.34,85680.72,1260460.86225597
1790041500000,85680.72,85733.31,85544.71,85620.65,1030995.81278441
1790042400000,85620.65,85693.35,85389.61,85606.49,5791330.17266919
1790043300000,85606.49,85850.28,85520.82,85744.81,1621264.06240191
1790044200000,85744.81,85850.93,85643.4,85819.3,578164.46112572
1790045100000,85819.3,85875.6,85667.0,85727.54,1068851.93472286
1790046000000,85727.54,85757.01,85457.04,85544.47,4454688.0853036
1790046900000,85544.47,85649.33,85313.3,85608.13,3284281.71495297
1790047800000,85608.13,85608.13,85418.7,85492.0,2183651.00831716
1790048700000,85492.0,85750.26,85472.67,85691.75,5500302.03491171
1790049600000,85691.75,85734.97,85614.17,85617.33,2704149.79893592
1790050500000,85617.33,85640.86,85490.92,85562.16,2372951.43061505
1790051400000,85562.16,85623.68,85456.87,85520.92,2296208.65479538
1790052300000,85520.92,85537.25,85426.0,85464.29,2396491.83510892
1790053200000,85464.29,85516.43,85375.0,85416.45,2211064.9673612
1790054100000,85416.45,85421.96,85148.81,85218.98,4436259.0203353
1790055000000,85218.98,85431.35,85112.18,85425.89,3741350.5108133
1790055900000,85425.89,85607.63,85397.26,85414.34,4079171.86423831
1790056800000,85414.34,85476.58,85265.89,85358.52,5447431.47499503
1790057700000,85358.52,85381.4,85252.85,85374.92,2578165.90320276
1790058600000,85374.92,85583.76,85346.24,85494.54,6909228.00892073
1790059500000,85494.54,85504.47,85351.71,85383.54,4251278.59040099
1790060400000,85383.54,85505.59,85296.16,85446.86,6306748.08536902
1790061300000,85446.86,85468.15,85209.49,85321.84,6812050.80175287
1790062200000,85321.84,85337.32,85157.56,85250.28,6206874.08543068
1790063100000,85250.28,85354.52,85243.11,85354.51,3826021.32933051
1790064000000,85354.51,85536.97,85338.72,85486.31,6562735.93899259
1790064900000,85486.31,85613.26,85397.01,85410.31,7681196.15617423
1790065800000,85410.31,86153.0,85318.01,86149.84,11786968.73161316
1790066700000,86149.84,86373.65,86027.28,86218.78,11279525.39825081
1790067600000,86218.78,86218.78,85678.91,85927.69,10744903.62583172
1790068500000,85927.69,85995.99,85827.93,85901.6,5022231.34305791
1790069400000,85901.6,86071.43,85849.6,86052.43,5301949.35702273
1790070300000,86052.43,86283.08,86027.75,86256.88,5409161.14755383
1790071200000,86256.88,86271.86,86008.0,86040.93,3815463.64729551
1790072100000,86040.93,86099.07,85826.43,85864.62,1783831.32546944
1790073000000,85864.62,85950.0,85752.0,85846.28,3484359.83954488
1790073900000,85846.28,85984.98,85787.76,85900.84,1847763.20344041
1790074800000,85900.84,85998.85,85763.5,85976.34,2713810.10003177
1790075700000,85976.34,86100.02,85917.0,85926.77,1089262.31548702
1790076600000,85926.77,86148.36,85857.19,86109.09,1390817.8973159
1790077500000,86109.09,86132.37,85897.58,85990.0,2747178.1423246
1790078400000,85990.0,86037.21,85916.42,85916.42,2317228.97234371
1790079300000,85916.42,86117.17,85789.05,86117.17,4634171.98761118
1790080200000,86117.17,86192.36,85976.0,85976.01,2678208.94259569
1790081100000,85976.01,86071.35,85934.32,86030.32,2796104.46293148
1790082000000,86030.32,86220.42,86020.21,86061.62,3167867.62832372
1790082900000,86061.62,86063.37,85700.0,85743.55,3455139.22489318
1790083800000,85743.55,86174.56,85585.08,85945.37,8524435.24547595
1790084700000,85945.37,86368.42,85876.91,86348.51,5808936.36383597
1790085600000,86348.51,86474.41,86081.63,86355.74,5407634.63042191
1790086500000,86355.74,86396.17,85927.0,85928.99,4196410.60812576
1790087400000,85928.99,86010.23,85466.68,85898.7,9023049.13651636
1790088300000,85898.7,86264.25,85890.23,86263.81,3800798.8140065
1790089200000,86263.81,86396.56,86126.93,86305.86,2585470.85381009
1790090100000,86305.86,86343.81,86117.38,86286.66,3199483.78552839
1790091000000,86286.66,86584.34,86241.0,86554.82,5078681.46188723
1790091900000,86554.82,86721.26,86322.66,86410.04,7643945.18277336
1790092800000,86410.04,86523.16,86154.94,86182.94,13118443.67792748
1790093700000,86182.94,86307.65,86080.01,86089.16,3548939.27642947
1790094600000,86089.16,86299.45,86067.64,86229.43,2571412.6139556
1790095500000,86229.43,86585.63,86209.83,86423.35,8965439.19862699
1790096400000,86423.35,86559.68,86377.04,86424.0,13357126.11309951
1790097300000,86424.0,86592.08,86254.86,86592.08,7929442.31301427
1790098200000,86592.08,86643.27,86444.01,86479.62,4703471.61130063
1790099100000,86479.62,86666.67,86410.84,86569.99,9720596.96925897
1790100000000,86569.99,86649.92,86443.01,86527.49,5907118.5374076
1790100900000,86527.49,86649.92,86290.0,86290.0,2880309.46843434
1790101800000,86290.0,86453.7,86242.6,86406.89,3359336.22696137
1790102700000,86406.89,86581.29,86403.09,86462.42,2519436.00272087
1790103600000,86462.42,86533.6,86401.89,86483.22,2192255.99086041
1790104500000,86483.22,86588.04,86449.91,86538.9,3585282.30330926
1790105400000,86538.9,86538.9,86272.78,86385.91,3182930.4378852
1790106300000,86385.91,86408.49,86148.41,86201.84,2707616.23698133
1790107200000,86201.84,86285.35,86133.0,86210.94,1970906.29962599
1790108100000,86210.94,86386.27,86201.62,86350.79,904235.50460794
1790109000000,86350.79,86371.37,86234.38,86324.33,820301.97609631
1790109900000,86324.33,86324.33,86188.35,86270.82,1222088.6729646
1790110800000,86270.82,86351.3,86214.68,86256.96,1194206.93313317
1790111700000,86256.96,86266.56,86211.18,86250.81,683721.98114686
1790112600000,86250.81,86318.58,86177.72,86206.98,1867913.29866726
1790113500000,86206.98,86313.43,86189.35,86189.36,1078156.6651446
1790114400000,86189.36,86294.41,85996.01,86048.47,4909176.11883735
1790115300000,86048.47,86227.83,86021.08,86171.83,492494.77640006
1790116200000,86171.83,86284.52,86167.0,86220.79,957371.15155923
1790117100000,86220.79,86286.74,86117.03,86123.71,1158587.34109105
1790118000000,86123.71,86515.04,86121.0,86387.08,3894269.18852734
1790118900000,86387.08,86469.57,86164.62,86233.39,1237867.86785211
1790119800000,86233.39,86273.93,86094.01,86147.91,2283036.68880981
1790120700000,86147.91,86227.23,86101.98,86205.47,2415810.2859697
1790121600000,86205.47,86378.36,86132.06,86348.44,2198644.59203262
1790122500000,86348.44,86527.61,86348.44,86456.0,1133894.66798144
1790123400000,86456.0,86592.48,86430.19,86444.99,1072420.35273741
1790124300000,86444.99,86513.06,86415.58,86451.32,526211.5163655
1790125200000,86451.32,86836.05,86438.03,86719.28,3678227.9854481
1790126100000,86719.28,86736.16,86582.0,86636.94,2346245.54172247
1790127000000,86636.94,86642.68,86267.0,86276.04,1610872.05047858
1790127900000,86276.04,86375.19,86173.92,86365.55,732255.62992927
1790128800000,86365.55,86389.65,86265.03,86377.81,713791.09314881
1790129700000,86377.81,86637.35,86373.11,86582.72,2118946.72021223
1790130600000,86582.72,86592.06,86460.89,86482.97,446037.22797604
1790131500000,86482.97,86553.02,86452.1,86551.51,1204117.34251705
1790132400000,86551.51,86554.14,86429.52,86543.84,382354.69272523
1790133300000,86543.84,86821.87,86500.35,86693.49,1206355.96948452
1790134200000,86693.49,86967.26,86659.0,86896.62,2341816.23380312
1790135100000,86896.62,86899.25,86698.34,86707.24,686942.43483622
1790136000000,86707.24,86914.23,86633.32,86849.05,1110190.81129926
1790136900000,86849.05,87255.02,86764.08,87010.05,8359627.5166239
1790137800000,87010.05,87284.55,87010.05,87149.27,2140615.6849112
1790138700000,87149.27,87232.94,87111.38,87165.77,727574.87077042
1790139600000,87165.77,87165.77,86890.26,86933.66,1375172.82404491
1790140500000,86933.66,86967.49,86741.46,86779.74,1622470.95817287
1790141400000,86779.74,86835.64,86716.68,86747.65,3832817.54522001
1790142300000,86747.65,86780.13,86426.56,86498.08,8987848.92284252
1790143200000,86498.08,86618.44,86442.01,86613.34,2536038.16927749
1790144100000,86613.34,86624.06,86428.87,86428.88,1334916.73102752
1790145000000,86428.88,86578.2,86375.48,86578.2,5708327.14201884
1790145900000,86578.2,86578.2,86444.75,86470.15,2430032.06514103
1790146800000,86470.15,86470.16,86308.74,86362.69,3466029.70596999
1790147700000,86362.69,86443.58,86302.64,86409.78,3419167.40547569
1790148600000,86409.78,86424.47,85991.69,86059.66,11123911.46777393
1790149500000,86059.66,86238.71,86048.45,86134.31,5350120.89262512
1790150400000,86134.31,86257.35,86085.81,86186.71,4099951.02702884
1790151300000,86186.71,86271.2,86142.09,86153.31,2422544.07645646
1790152200000,86153.31,86220.19,86084.0,86096.23,2356453.60899598
1790153100000,86096.23,86096.24,85688.89,85914.85,8604506.40867307
1790154000000,85914.85,86024.33,85882.47,85952.82,2146920.35285392
1790154900000,85952.82,86027.64,85864.0,85894.7,4239919.7288759
1790155800000,85894.7,85938.4,85790.0,85801.13,3297674.04197672
1790156700000,85801.13,85929.71,85732.54,85851.11,3245397.33461507
1790157600000,85851.11,85927.51,85819.61,85847.0,3200228.39376369
1790158500000,85847.0,85848.36,85657.47,85812.88,4748013.29215382
1790159400000,85812.88,85885.43,85734.0,85884.61,4126111.1763311
1790160300000,85884.61,85929.03,85827.73,85927.37,3554234.0879696
1790161200000,85927.37,85979.76,85700.66,85747.38,4665215.56336464
1790162100000,85747.38,85747.39,85461.24,85505.68,6307688.8688284
1790163000000,85505.68,85614.78,85453.01,85516.51,3063336.97768613
1790163900000,85516.51,85689.09,85499.79,85656.83,5041725.03818515
1790164800000,85656.83,85690.97,85464.49,85479.2,5989368.32433772
1790165700000,85479.2,85541.79,85272.01,85491.43,7009148.59654085
1790166600000,85491.43,85601.66,85465.46,85468.31,2411653.11234459
1790167500000,85468.31,85557.12,85408.63,85508.89,3448515.8767678
1790168400000,85508.89,85530.43,85287.24,85378.89,5144391.66365376
1790169300000,85378.89,85599.94,85378.89,85554.25,3955337.52365643
1790170200000,85554.25,85885.0,85530.01,85826.01,8337281.72060449
1790171100000,85826.01,85843.44,85549.93,85797.21,5202204.39297378
1790172000000,85797.21,85942.46,84555.0,84881.01,18159254.29934469
1790172900000,84881.01,84885.81,83943.82,84041.38,22407903.86070243
1790173800000,84041.38,84502.54,83862.45,84318.0,13437394.23254091
1790174700000,84318.0,84588.72,84202.46,84541.87,6803576.93665798
1790175600000,84541.87,84719.61,84465.29,84656.77,8445239.7692508
1790176500000,84656.77,84805.75,84500.0,84506.51,3709520.80515412
1790177400000,84506.51,84540.5,84287.14,84293.74,3807423.45183867
1790178300000,84293.74,84351.12,83950.89,84003.23,4639643.5269201
1790179200000,84003.23,84363.71,83510.5,84346.09,8868663.77012768
1790180100000,84346.09,84357.69,84142.69,84240.24,1882101.04096686
1790181000000,84240.24,84342.71,83934.01,84096.0,3550217.48908177
1790181900000,84096.0,84151.89,83846.0,84047.01,1886163.25189841
1790182800000,84047.01,84193.89,83720.01,83803.23,7435544.59650228
1790183700000,83803.23,84228.57,83779.18,84066.25,2590862.21420024
1790184600000,84066.25,84260.0,83983.03,84259.99,2898665.67067733
1790185500000,84259.99,84394.5,84255.16,84326.9,3627142.37067671
1790186400000,84326.9,84341.09,84157.62,84201.93,1200545.78163448
1790187300000,84201.93,84276.77,84145.29,84154.84,1598901.15561496
1790188200000,84154.84,84236.1,84136.16,84232.35,907592.64139782
1790189100000,84232.35,84409.72,84194.99,84330.67,858580.49685985
1790190000000,84330.67,84410.33,84224.55,84375.0,2769077.74860127
1790190900000,84375.0,84459.45,84306.56,84413.3,1000323.57185633
1790191800000,84413.3,84493.99,84391.87,84445.33,942154.55917493
1790192700000,84445.33,84568.82,84433.16,84517.49,1314551.03341569
1790193600000,84517.49,84571.42,84282.38,84347.72,919020.47082876
1790194500000,84347.72,84401.48,84258.43,84303.17,667236.41317476
1790195400000,84303.17,84436.41,84302.53,84404.2,483723.92058184
1790196300000,84404.2,84422.2,84222.38,84238.53,847147.01369381
1790197200000,84238.53,84380.06,84214.23,84371.3,3006245.394083
1790198100000,84371.3,84428.55,84325.65,84421.28,530189.75947172
1790199000000,84421.28,84521.25,84421.27,84501.31,575565.7301843
1790199900000,84501.31,84520.0,84422.68,84422.69,602361.67157024
1790200800000,84422.69,84671.24,84347.05,84591.65,1043226.1597604
1790201700000,84591.65,84609.36,84483.63,84483.63,508341.34914135
1790202600000,84483.63,84528.86,84397.63,84490.58,416290.62852689
1790203500000,84490.58,84630.2,84490.58,84568.72,401314.49020448
1790204400000,84568.72,84575.06,84479.19,84490.09,800616.48089277
1790205300000,84490.09,84509.64,84434.0,84482.25,746867.038699
1790206200000,84482.25,84523.39,84437.73,84468.52,328187.29421037
1790207100000,84468.52,84483.45,84350.13,84395.31,1150829.76996237
1790208000000,84395.31,84500.95,84293.84,84358.52,292319.49433239
1790208900000,84358.52,84444.16,84333.7,84343.7,1037225.11544256
1790209800000,84343.7,84451.01,84267.37,84358.97,467715.94301406
1790210700000,84358.97,84370.17,84205.37,84320.2,1345542.45871791
1790211600000,84320.2,84405.9,84248.69,84277.3,617242.66593305
1790212500000,84277.3,84347.33,84181.83,84225.0,1251087.80662778
1790213400000,84225.0,84474.72,84075.0,84134.82,2867547.35499709
1790214300000,84134.82,84188.5,84060.0,84103.35,974788.94776971
1790215200000,84103.35,84128.58,83741.54,83948.22,3135854.54529665
1790216100000,83948.22,84250.0,83948.22,84159.15,3173036.05084721
1790217000000,84159.15,84337.44,84138.8,84328.18,1713816.34755855
1790217900000,84328.18,84377.13,84322.66,84360.75,1424736.38911558
1790218800000,84360.75,84480.0,84232.1,84340.33,1096398.45670385
1790219700000,84340.33,84368.49,83995.61,84050.75,2332361.8432891
1790220600000,84050.75,84050.76,83876.01,84014.76,2794152.06294781
1790221500000,84014.76,84024.23,83854.9,83940.54,459967.52330416
1790222400000,83940.54,83965.11,83804.9,83826.61,1209367.91403184
1790223300000,83826.61,83939.38,83783.34,83939.38,2074491.98283772
1790224200000,83939.38,83939.38,83854.0,83881.93,780624.3833513
1790225100000,83881.93,84063.86,83790.6,84040.78,2646440.32212561
1790226000000,84040.78,84406.84,84040.78,84205.76,2457935.74578239
1790226900000,84205.76,84240.07,84131.07,84184.03,893936.29003197
1790227800000,84184.03,84252.01,84108.38,84194.61,1053583.08592345
1790228700000,84194.61,84250.87,83953.76,83975.89,1476179.32748383
1790229600000,83975.89,84191.33,83914.24,84120.83,1783159.26750233
1790230500000,84120.83,84207.42,84071.0,84195.36,2366422.47888849
1790231400000,84195.36,84234.38,84144.82,84189.04,2334608.4582728
1790232300000,84189.04,84196.92,84085.42,84112.64,1413932.05809489
1790233200000,84112.64,84151.08,83942.01,84085.36,2806253.1387328
1790234100000,84085.36,84412.75,84055.24,84412.75,3455649.64935502
1790235000000,84412.75,84576.92,84372.72,84421.67,4387193.00322713
1790235900000,84421.67,84608.5,84364.08,84520.46,3167521.82186346
1790236800000,84520.46,84623.61,84396.04,84398.7,2643576.84087864
1790237700000,84398.7,84456.29,83780.0,83780.0,3750886.69656403
1790238600000,83780.0,83977.5,83622.0,83741.22,4553525.46054757
1790239500000,83741.22,83777.34,83288.0,83670.99,9189569.35805161
1790240400000,83670.99,83750.93,83458.0,83466.59,3290590.32635701
1790241300000,83466.59,83529.37,83333.33,83373.49,3157052.63335297
1790242200000,83373.49,83373.49,82887.7,83162.96,14311265.43257172
1790243100000,83162.96,83283.22,83035.01,83264.48,3285768.86947327
1790244000000,83264.48,83394.22,83147.95,83298.71,2503643.88732099
1790244900000,83298.71,83370.45,83172.02,83265.63,2936704.01225495
1790245800000,83265.63,83444.43,83163.34,83388.61,1789173.14477936
1790246700000,83388.61,83568.81,83364.19,83512.45,5195656.19077179
1790247600000,83512.45,83600.0,83496.75,83567.87,1298074.07517601
1790248500000,83567.87,83611.96,83505.0,83518.85,2088843.36729916
1790249400000,83518.85,83552.81,83407.6,83456.06,883997.97991773
1790250300000,83456.06,83555.17,83396.74,83492.07,1782125.82490318
1790251200000,83492.07,83604.47,83391.53,83533.5,1574219.1196314
1790252100000,83533.5,83676.47,83520.0,83549.49,932096.10472128
1790253000000,83549.49,83583.7,83344.0,83500.58,1162424.28068734
1790253900000,83500.58,83656.2,83425.72,83601.55,676909.04239043
1790254800000,83601.55,83762.29,83592.38,83759.9,1366769.40566522
1790255700000,83759.9,83960.0,83729.96,83783.68,2358924.77018646
1790256600000,83783.68,84350.0,83761.0,83947.14,6018544.85910825
1790257500000,83947.14,84257.95,83845.31,84257.95,2607039.67789882
1790258400000,84257.95,84366.1,84132.87,84229.69,1551088.68936861
1790259300000,84229.69,84944.94,84145.56,84876.99,7467836.59695816
1790260200000,84876.99,84878.68,84385.04,84416.66,5447600.20664471
1790261100000,84416.66,84416.66,83380.58,83674.12,8910073.04853866
1790262000000,83674.12,83935.64,83500.01,83901.69,7408147.93627452
1790262900000,83901.69,84250.0,83884.31,84126.4,2273784.67055324
1790263800000,84126.4,84461.54,84101.22,84436.12,2989361.68359494
1790264700000,84436.12,84475.26,84288.88,84422.33,2661104.68762107
1790265600000,84422.33,84439.01,84040.0,84270.22,1490415.81999265
1790266500000,84270.22,84845.13,84270.22,84711.1,3931380.38278738
1790267400000,84711.1,84927.27,84438.58,84549.06,4167608.4974423
1790268300000,84549.06,84713.73,84422.9,84493.6,1995927.39327439
1790269200000,84493.6,84566.15,84364.48,84480.51,1746664.08341276
1790270100000,84480.51,84549.19,84207.5,84332.05,2373926.20598745
1790271000000,84332.05,84442.88,84135.85,84173.45,1187271.19032114
1790271900000,84173.45,84226.89,84015.0,84115.88,2504398.41475087
1790272800000,84115.88,84262.6,83886.3,84258.23,901935.82239295
1790273700000,84258.23,84480.0,84247.27,84426.0,2559903.84086942
1790274600000,84426.0,84550.0,84256.0,84424.72,1809320.43328466
1790275500000,84424.72,84547.55,84370.05,84476.3,829684.48009772
1790276400000,84476.3,84622.67,84293.91,84588.36,2307909.86695182
1790277300000,84588.36,84660.98,84540.07,84645.59,811274.06822927
1790278200000,84645.59,84645.59,84414.74,84444.7,1038583.71892223
1790279100000,84444.7,84585.89,84298.59,84413.68,7873433.92128915
1790280000000,84413.68,84451.2,84246.35,84257.62,3059516.76502602
1790280900000,84257.62,84320.0,84172.3,84269.54,3942437.28194451
1790281800000,84269.54,84413.07,84204.08,84387.68,4295423.39970694
1790282700000,84387.68,84480.87,84274.01,84368.43,5596682.44355503
1790283600000,84368.43,84405.03,84279.0,84320.58,8432362.63041385
1790284500000,84320.58,84438.81,84316.69,84399.6,1389429.45920026
1790285400000,84399.6,84488.0,84399.6,84483.42,2335517.32777431
1790286300000,84483.42,84483.42,84335.0,84335.0,374186.32784754
1790287200000,84335.0,84364.4,84244.01,84327.42,2848264.6558391
1790288100000,84327.42,84335.19,83941.55,84133.6,6359489.65635806
1790289000000,84133.6,84199.07,84065.61,84141.3,568063.37574609
1790289900000,84141.3,84279.89,84132.8,84279.89,583436.56571817
1790290800000,84279.89,84376.39,84262.01,84302.8,557744.69890623
1790291700000,84302.8,84443.19,84284.43,84435.28,1040642.03011193
1790292600000,84435.28,84473.5,84407.53,84407.54,524080.1941929
1790293500000,84407.54,84447.69,84376.32,84409.37,296016.23865786
1790294400000,84409.37,84721.33,84409.36,84664.32,3604689.13851472
1790295300000,84664.32,84680.06,84552.23,84678.46,664435.10101588
1790296200000,84678.46,84688.33,84552.22,84586.01,853737.45922367
1790297100000,84586.01,84672.93,84559.52,84595.09,211326.74099426
1790298000000,84595.09,84799.22,84568.73,84706.15,608023.15810934
1790298900000,84706.15,84757.74,84510.0,84537.49,1546170.73467277
1790299800000,84537.49,84537.49,84355.92,84479.54,599829.21340548
1790300700000,84479.54,84635.49,84479.53,84612.67,560123.52911261
1790301600000,84612.67,84880.0,84559.0,84839.27,1507430.07371983
1790302500000,84839.27,84887.3,84649.7,84695.25,2362768.77997399
1790303400000,84695.25,84731.05,84396.87,84475.68,1050408.87644176
1790304300000,84475.68,84475.68,84177.32,84218.27,5191232.64401367
1790305200000,84218.27,84338.03,84182.31,84256.55,1180575.34679639
1790306100000,84256.55,84336.41,84147.09,84147.1,3659048.37689463
1790307000000,84147.1,84384.39,84066.68,84205.55,2983645.49957181
1790307900000,84205.55,84244.26,84147.41,84238.94,2206157.80717714
1790308800000,84238.94,84238.95,84068.0,84068.01,1176432.43971409
1790309700000,84068.01,84177.21,84054.01,84124.22,1883424.28954439
1790310600000,84124.22,84298.58,84124.22,84275.66,240861.82856769
1790311500000,84275.66,84298.58,84165.62,84212.24,789740.60180849
1790312400000,84212.24,84255.07,84165.61,84165.81,477890.98485794
1790313300000,84165.81,84274.14,84084.39,84178.51,1379283.78136071
1790314200000,84178.51,84342.99,84104.55,84256.99,2188544.96135489
1790315100000,84256.99,84291.82,84185.77,84185.77,1447682.44297945
1790316000000,84185.77,84229.08,83966.67,84118.62,6409066.49449855
1790316900000,84118.62,84283.85,84057.0,84095.97,1596913.16857771
1790317800000,84095.97,84106.84,83933.7,84031.65,1717459.79022634
1790318700000,84031.65,84077.43,84006.52,84032.91,1165931.58031818
1790319600000,84032.91,84057.59,83737.46,83817.04,2484933.656975
1790320500000,83817.04,84062.16,83817.03,84048.33,364470.59546432
1790321400000,84048.33,84107.93,83825.02,83915.67,551310.16205746
1790322300000,83915.67,84088.11,83884.74,84042.44,1066666.75155686
1790323200000,84042.44,84188.37,84023.47,84116.01,907586.64285717
1790324100000,84116.01,84513.22,84116.01,84425.54,637748.89279004
1790325000000,84425.54,84451.34,84317.19,84318.97,814684.44778502
1790325900000,84318.97,84477.13,84289.0,84413.12,930364.80595344
1790326800000,84413.12,84725.45,84413.12,84595.14,4230303.70903135
1790327700000,84595.14,84837.16,84533.56,84809.56,2698002.11100674
1790328600000,84809.56,84853.99,84584.28,84630.75,2843267.70351931
1790329500000,84630.75,84649.7,84555.43,84570.79,868431.89242456
1790330400000,84570.79,84570.8,84388.78,84488.08,2311732.44545859
1790331300000,84488.08,84760.0,84446.93,84722.57,1258932.47528444
1790332200000,84722.57,84820.62,84654.07,84779.31,1464353.34859036
1790333100000,84779.31,84870.0,84700.68,84715.92,1929131.67282442
1790334000000,84715.92,85241.3,84694.54,85226.9,5788281.75821879
1790334900000,85226.9,85250.0,84829.0,84932.65,6458070.80931364
1790335800000,84932.65,84956.0,84705.0,84714.92,2234792.64354644
1790336700000,84714.92,84747.58,84571.44,84578.03,575519.42705629
1790337600000,84578.03,84699.53,84210.33,84359.65,3642357.87727569
1790338500000,84359.65,84400.0,83889.35,84397.66,2918611.37066416
1790339400000,84397.66,84545.83,84325.16,84434.81,2551901.40078539
1790340300000,84434.81,84576.1,84324.93,84465.59,607418.70743474
1790341200000,84465.59,84573.7,84333.0,84450.0,871235.1381146
1790342100000,84450.0,84559.15,84100.0,84104.0,2084577.41975508
1790343000000,84104.0,84356.16,83800.01,84013.65,5457744.87157427
1790343900000,84013.65,84114.29,83527.66,83933.55,4837848.16612543
1790344800000,83933.55,84029.19,83172.57,83588.22,6657385.47371295
1790345700000,83588.22,83808.91,83464.57,83657.37,5403678.7104622
1790346600000,83657.37,83938.77,83652.58,83682.0,5648633.04303784
1790347500000,83682.0,84039.47,83574.82,84019.64,7623157.20733573
1790348400000,84019.64,84096.77,83748.03,84004.32,2924358.47432986
1790349300000,84004.32,84019.4,83731.96,83767.78,4674543.61978069
1790350200000,83767.78,83905.55,83464.0,83477.45,2861793.31834397
1790351100000,83477.45,83812.28,83360.01,83812.27,2910065.97562979
1790352000000,83812.27,84086.67,83804.29,84024.54,5783857.20252624
1790352900000,84024.54,84129.98,83923.5,83986.7,1173310.79458351
1790353800000,83986.7,84046.15,83815.01,83905.1,1156271.20187286
1790354700000,83905.1,83908.21,83719.01,83748.19,890044.90715135
1790355600000,83748.19,83964.06,83747.32,83957.16,896891.47499166
1790356500000,83957.16,83993.77,83685.01,83688.91,615570.16032431
1790357400000,83688.91,83847.35,83624.62,83804.44,1106088.52643663
1790358300000,83804.44,83814.28,83702.0,83793.08,815081.96012683
1790359200000,83793.08,84031.06,83793.08,84001.02,716903.76739809
1790360100000,84001.02,84081.26,83900.43,83965.02,787285.88735057
1790361000000,83965.02,84025.65,83918.31,83981.98,690289.89346287
1790361900000,83981.98,84016.05,83934.0,83957.65,418976.2321292
1790362800000,83957.65,84056.16,83925.53,84049.26,506908.35918891
1790363700000,84049.26,84050.3,83954.57,84007.53,442331.0618903
1790364600000,84007.53,84076.29,83954.0,83986.14,400336.92402442
1790365500000,83986.14,84071.64,83986.14,84009.76,795561.36709926
1790366400000,84009.76,84050.67,83944.76,83977.71,577911.25966019
1790367300000,83977.71,84100.0,83977.7,84062.17,2261404.46877653
1790368200000,84062.17,84180.0,84039.0,84114.94,1868903.42730993
1790369100000,84114.94,84114.94,83828.23,83879.39,3368271.37720459
1790370000000,83879.39,83921.37,83653.0,83686.13,2216864.5060942
1790370900000,83686.13,83778.43,83628.28,83778.42,267155.80642109
1790371800000,83778.42,83838.42,83720.24,83819.62,736047.71906166
1790372700000,83819.62,83890.09,83778.66,83798.76,598001.03088621
1790373600000,83798.76,83934.56,83770.72,83930.86,149970.41628773
1790374500000,83930.86,83981.95,83900.0,83907.81,254209.79355685
1790375400000,83907.81,84096.96,83907.81,84086.97,882238.10273158
1790376300000,84086.97,84132.43,84054.0,84068.48,519893.83178136
1790377200000,84068.48,84107.3,84061.55,84068.04,224674.47703115
1790378100000,84068.04,84095.17,84017.0,84095.17,375548.07399125
1790379000000,84095.17,84101.02,84061.23,84069.98,251049.70171023
1790379900000,84069.98,84099.0,84024.0,84099.0,410934.62055014
1790380800000,84099.0,84140.22,84047.27,84072.46,761088.63461495
1790381700000,84072.46,84078.13,83911.35,83953.11,5086344.27145777
1790382600000,83953.11,83954.91,83794.15,83879.89,1171728.64515009
1790383500000,83879.89,83958.0,83879.89,83915.29,180760.70955969
1790384400000,83915.29,83993.84,83901.37,83943.68,648018.48198914
1790385300000,83943.68,83997.57,83931.21,83951.06,736854.80607914
1790386200000,83951.06,84086.39,83951.06,84050.72,2163400.80763834
1790387100000,84050.72,84090.67,84030.79,84081.98,547123.00310267
1790388000000,84081.98,84140.32,83990.17,84135.54,1586139.11664483
1790388900000,84135.54,84140.32,84031.06,84031.06,432439.15581862
1790389800000,84031.06,84060.9,83996.99,84017.02,754483.68768685
1790390700000,84017.02,84072.53,83999.0,84015.51,301749.35383774
1790391600000,84015.51,84016.57,83920.73,83949.0,364575.11575535
1790392500000,83949.0,84039.77,83920.74,84020.86,426005.06343243
1790393400000,84020.86,84062.86,83954.0,83954.0,3454874.23671459
1790394300000,83954.0,83975.73,83941.7,83957.86,2879715.75330098
1790395200000,83957.86,84047.5,83957.85,84028.8,17451229.89308064
1790396100000,84028.8,84068.15,83914.34,83921.16,14922849.9112215
1790397000000,83921.16,83998.33,83864.47,83998.33,10441767.13911179
1790397900000,83998.33,84007.36,83995.08,84000.71,1581041.7273861
1790398800000,84000.71,84023.69,83953.76,83986.56,2911984.62006774
1790399700000,83986.56,84009.7,83924.0,83953.75,3230933.87702435
1790400600000,83953.75,83974.52,83910.01,83974.52,2992691.2310676
1790401500000,83974.52,84001.34,83917.0,83937.76,1825978.94819724
1790402400000,83937.76,83949.79,83906.45,83910.06,1506821.97456948
1790403300000,83910.06,83953.68,83886.01,83953.67,519127.40249427
1790404200000,83953.67,83984.43,83907.0,83931.07,1488407.72135842
1790405100000,83931.07,83954.58,83903.0,83903.01,1126283.64518095
1790406000000,83903.01,84032.06,83903.0,84017.65,1820488.70674909
1790406900000,84017.65,84041.04,84000.0,84015.97,640640.86289446
1790407800000,84015.97,84079.39,84015.96,84045.77,1331662.36092692
1790408700000,84045.77,84140.32,84045.76,84130.01,2183664.11205652
1790409600000,84130.01,84130.01,84053.78,84077.33,2079708.06499203
1790410500000,84077.33,84118.71,84026.84,84117.54,1177030.85320558
1790411400000,84117.54,84350.0,84117.53,84300.01,5990359.02718499
1790412300000,84300.01,84300.01,84211.71,84216.75,899391.52416904
1790413200000,84216.75,84232.33,83966.18,84015.21,3422311.095344
1790414100000,84015.21,84041.78,83966.17,84029.4,1751224.14879397
1790415000000,84029.4,84055.19,83981.0,84025.18,538924.84943747
1790415900000,84025.18,84035.43,83998.39,84022.0,1071998.98262269
1790416800000,84022.0,84132.9,84021.99,84119.21,697188.69851429
1790417700000,84119.21,84189.42,84114.61,84149.04,636627.20589853
1790418600000,84149.04,84172.02,84120.29,84155.18,439816.68642071
1790419500000,84155.18,84189.41,84129.07,84185.1,992785.21496108
1790420400000,84185.1,84194.57,84131.78,84169.4,543935.59598596
1790421300000,84169.4,84210.08,84159.7,84169.01,340512.06507871
1790422200000,84169.01,84210.07,84166.16,84176.83,363855.71702487
1790423100000,84176.83,84198.31,84170.86,84173.03,246640.22500858
1790424000000,84173.03,84185.73,84104.75,84143.02,790916.7109551
1790424900000,84143.02,84203.28,84100.0,84100.01,499000.74469305
1790425800000,84100.01,84133.55,84050.0,84050.0,812033.83237188
1790426700000,84050.0,84076.21,84050.0,84050.0,662682.2200052
1790427600000,84050.0,84131.19,83959.79,84005.84,4233046.93752572
1790428500000,84005.84,84037.29,83864.01,83945.43,3518739.98874655
1790429400000,83945.43,83945.97,83869.4,83939.08,5905481.2331835
1790430300000,83939.08,83991.87,83922.01,83961.67,1798462.37293945
1790431200000,83961.67,83981.73,83928.12,83968.85,1402144.23000647
1790432100000,83968.85,83995.55,83960.0,83995.54,263134.33365847
1790433000000,83995.54,84041.42,83995.54,84025.59,641372.5113784
1790433900000,84025.59,84061.81,84020.0,84032.02,1892991.42863279
1790434800000,84032.02,84052.99,84020.0,84040.0,887155.40455105
1790435700000,84040.0,84074.54,84040.0,84074.53,1417224.27207132
1790436600000,84074.53,84204.13,84074.53,84139.06,3656857.14554011
1790437500000,84139.06,84161.83,84085.94,84161.83,629716.82005825
1790438400000,84161.83,84161.83,84109.01,84141.47,1111703.75098713
1790439300000,84141.47,84155.01,84100.0,84117.09,1528321.96442193
1790440200000,84117.09,84176.96,84117.09,84155.14,3906972.50285048
1790441100000,84155.14,84165.63,84094.55,84117.61,760270.66994404
1790442000000,84117.61,84132.82,84055.98,84089.06,951963.4879469
1790442900000,84089.06,84089.06,84054.0,84062.24,648843.40539512
1790443800000,84062.24,84100.0,84033.18,84099.99,821763.57236278
1790444700000,84099.99,84143.97,84098.11,84139.33,283686.85170055
1790445600000,84139.33,84174.4,84102.62,84102.63,1001053.87384395
1790446500000,84102.63,84106.16,84065.3,84070.43,385996.92571911
1790447400000,84070.43,84080.99,84000.0,84017.71,1725629.36390896
1790448300000,84017.71,84033.33,83977.56,84004.32,502375.96499818
1790449200000,84004.32,84064.66,84004.31,84038.97,294878.20477736
1790450100000,84038.97,84049.89,84017.86,84043.33,195476.31000331
1790451000000,84043.33,84049.9,83976.01,84024.3,713047.07779486
1790451900000,84024.3,84042.12,84008.12,84019.81,678949.18037435
1790452800000,84019.81,84068.89,83989.44,84022.5,153078.56358184
1790453700000,84022.5,84100.17,84022.49,84090.09,302087.83745062
1790454600000,84090.09,84101.91,83871.04,83904.09,1016387.10216619
1790455500000,83904.09,84057.46,83839.01,84040.22,4059961.65437791
1790456400000,84040.22,84133.92,84040.21,84129.25,755341.51405628
1790457300000,84129.25,84218.94,84095.0,84218.94,1274581.87227756
1790458200000,84218.94,84271.0,84160.25,84176.26,1385862.12967516
1790459100000,84176.26,84176.26,84120.77,84160.33,646582.83947709
1790460000000,84160.33,84430.22,84160.33,84347.22,3328387.07066505
1790460900000,84347.22,84377.1,84244.02,84359.4,590445.56401448
1790461800000,84359.4,84359.41,84266.0,84274.0,462974.87820226
1790462700000,84274.0,84349.05,84273.69,84290.37,509560.83943992
1790463600000,84290.37,84390.35,84290.36,84361.64,181646.10985085
1790464500000,84361.64,84453.58,84329.0,84380.89,935453.51235966
1790465400000,84380.89,84447.14,84354.0,84354.01,1107997.93940337
1790466300000,84354.01,84479.99,84354.0,84445.11,1772236.74449641
1790467200000,84445.11,84453.74,84328.54,84328.54,1809283.19290096
1790468100000,84328.54,84328.55,84254.04,84267.56,112918.56364942
1790469000000,84267.56,84384.83,84267.55,84346.25,631069.53395692
1790469900000,84346.25,84353.45,84305.45,84308.79,207585.71643801
1790470800000,84308.79,84395.45,84283.52,84395.44,324393.8396532
1790471700000,84395.44,84415.66,84340.0,84340.01,484088.66216179
1790472600000,84340.01,84410.08,84300.29,84410.08,1124379.74173938
1790473500000,84410.08,84577.0,84410.08,84503.67,1423580.84886909
1790474400000,84503.67,84546.27,84457.25,84496.79,747800.82202131
1790475300000,84496.79,84551.5,84473.83,84516.05,559036.64195383
1790476200000,84516.05,84551.08,84479.79,84479.8,399761.90774669
1790477100000,84479.8,84496.61,84445.17,84461.16,641934.60484385
1790478000000,84461.16,84523.7,84461.16,84489.4,273810.72346498
1790478900000,84489.4,84489.4,84387.0,84397.0,1173049.67754002
1790479800000,84397.0,84450.66,84396.96,84411.18,248705.47588817
1790480700000,84411.18,84434.38,84376.18,84405.28,412716.45578859
1790481600000,84405.28,84518.69,84391.53,84492.83,447666.66394075
1790482500000,84492.83,84505.24,84430.36,84430.37,218209.19907979
1790483400000,84430.37,84430.37,84319.53,84321.19,361985.72344962
1790484300000,84321.19,84366.28,84314.29,84351.41,2358249.53952404
1790485200000,84351.41,84418.61,84339.01,84401.79,3215619.87895223
1790486100000,84401.79,84418.0,84401.78,84403.04,168026.83906013
1790487000000,84403.04,84658.58,84403.03,84559.7,4619756.61685712
1790487900000,84559.7,84582.15,84474.79,84479.98,720260.8974875
1790488800000,84479.98,84618.45,84468.44,84611.25,836728.18525729
1790489700000,84611.25,84641.27,84547.38,84600.0,652177.15857081
1790490600000,84600.0,84607.21,84518.33,84529.58,635501.86451228
1790491500000,84529.58,84560.61,84488.01,84523.13,1403715.73666997
1790492400000,84523.13,84556.19,84521.87,84546.09,531137.96068047
1790493300000,84546.09,84551.18,84487.09,84532.73,1350175.07221706
1790494200000,84532.73,84633.34,84532.72,84625.65,1926753.73171236
1790495100000,84625.65,84798.78,84608.19,84798.77,4476611.20508224
1790496000000,84798.77,84859.12,84724.0,84818.39,2510887.38117732
1790496900000,84818.39,84875.0,84754.0,84810.0,3173519.427744
1790497800000,84810.0,84887.2,84696.36,84740.41,1497407.43969061
1790498700000,84740.41,84823.58,84714.01,84796.05,1151878.93477054
1790499600000,84796.05,84801.19,84594.71,84660.32,2284708.82294246
1790500500000,84660.32,84714.07,84627.23,84706.98,1765244.85464853
1790501400000,84706.98,84812.95,84706.14,84812.95,1821180.46808266
1790502300000,84812.95,84960.0,84812.94,84955.72,2178695.33771459
1790503200000,84955.72,85050.0,84901.0,85040.69,2568514.52377786
1790504100000,85040.69,85120.0,84903.2,84920.64,3330167.96466782
1790505000000,84920.64,84933.01,84854.28,84854.29,740059.52198903
1790505900000,84854.29,84912.95,84800.0,84880.21,1258702.52145011
1790506800000,84880.21,84946.41,84845.0,84906.93,639242.33613636
1790507700000,84906.93,84941.4,84849.0,84902.84,611155.40955459
1790508600000,84902.84,84920.25,84827.0,84920.25,1343500.8877671
1790509500000,84920.25,84922.09,84851.63,84896.39,1613043.06466863
1790510400000,84896.39,85007.96,84896.38,85003.56,1378816.15887913
1790511300000,85003.56,85043.88,84950.42,84968.12,2422860.44398584
1790512200000,84968.12,85009.67,84963.37,84994.16,1511605.2601539
1790513100000,84994.16,84994.17,84797.0,84797.01,1662031.22549321
1790514000000,84797.01,84814.75,84639.0,84651.25,3939873.4589929
1790514900000,84651.25,84962.79,84651.25,84944.84,2597219.98984114
1790515800000,84944.84,85170.0,84781.0,84799.63,2950079.89119069
1790516700000,84799.63,85051.02,84743.0,85033.37,5280754.65725279
1790517600000,85033.37,85055.77,84915.32,85008.53,2608264.11709988
1790518500000,85008.53,85041.98,84692.31,84712.27,2371477.18271761
1790519400000,84712.27,84811.11,84680.68,84739.0,1790124.78772775
1790520300000,84739.0,84761.87,84450.96,84535.7,3686040.8870878
1790521200000,84535.7,84596.78,84371.44,84533.37,4432704.25730903
1790522100000,84533.37,84641.88,84468.0,84626.07,1990856.57913202
1790523000000,84626.07,84660.37,84447.41,84449.27,1673885.64157542
1790523900000,84449.27,84523.83,84431.0,84479.79,2012155.68689693
1790524800000,84479.79,84600.45,84472.26,84579.44,2091818.18097304
1790525700000,84579.44,84698.29,84512.27,84583.51,5650035.7917179
1790526600000,84583.51,84583.51,84380.0,84396.4,4330081.05158958
1790527500000,84396.4,84465.62,84396.4,84438.85,1170713.14495019
1790528400000,84438.85,84487.43,84341.01,84403.07,2367205.69300266
1790529300000,84403.07,84470.64,84403.06,84453.08,1292199.26516249
1790530200000,84453.08,84536.87,84453.07,84504.94,1671292.32866335
1790531100000,84504.94,84583.93,84504.94,84583.93,952861.71397362
1790532000000,84583.93,84619.78,84567.05,84619.78,628931.52096127
1790532900000,84619.78,84749.3,84619.77,84749.3,1343634.82929246
1790533800000,84749.3,84785.82,84679.01,84775.82,2463535.84994939
1790534700000,84775.82,84836.16,84711.68,84822.35,1422580.68010507
1790535600000,84822.35,84853.21,84734.01,84800.26,687199.01376028
1790536500000,84800.26,84853.26,84690.82,84721.43,694558.96953547
1790537400000,84721.43,84812.43,84662.89,84788.26,2121593.68241699
1790538300000,84788.26,84829.42,84742.0,84748.36,245784.54380084
1790539200000,84748.36,84826.61,84742.4,84826.61,165579.82584545
1790540100000,84826.61,84826.61,84614.52,84625.01,834780.00631995
1790541000000,84625.01,84659.48,84582.47,84654.32,359451.23241985
1790541900000,84654.32,84654.33,84550.65,84553.93,502477.70783759
1790542800000,84553.93,84696.14,84553.92,84696.14,728137.35006033
1790543700000,84696.14,84733.88,84604.0,84604.04,550512.3477872
1790544600000,84604.04,84637.05,84453.65,84560.31,2687146.80093967
1790545500000,84560.31,84714.28,84560.31,84693.37,968178.46016639
1790546400000,84693.37,84775.5,84285.72,84337.16,3326399.62789203
1790547300000,84337.16,84582.33,84300.0,84562.14,4376298.75123521
1790548200000,84562.14,84568.35,84190.28,84195.76,2674399.89425083
1790549100000,84195.76,84263.11,84153.0,84207.3,3102908.08430142
1790550000000,84207.3,84318.57,84137.14,84232.0,1934425.93881037
1790550900000,84232.0,84459.68,84205.11,84418.08,895519.39307207
1790551800000,84418.08,84482.18,84356.01,84356.01,886390.83177858
1790552700000,84356.01,84545.6,84350.01,84490.44,2313071.39572548
1790553600000,84490.44,84581.07,84380.67,84441.02,2289435.95525773
1790554500000,84441.02,85022.1,84434.86,84794.35,4061605.57798569
1790555400000,84794.35,84794.45,84211.01,84308.93,2680911.30659993
1790556300000,84308.93,84636.99,84140.01,84140.01,955380.40348
1790557200000,84140.01,84247.26,83940.62,83971.95,2931558.40258298
1790558100000,83971.95,84189.11,83880.22,84085.14,3015127.14361924
1790559000000,84085.14,84155.67,83820.01,83820.01,2140297.09400552
1790559900000,83820.01,83933.82,83609.16,83709.57,2083186.21447401
1790560800000,83709.57,83803.53,83493.01,83766.47,2854092.55699981
1790561700000,83766.47,83776.45,83573.0,83644.01,2731342.46715208
1790562600000,83644.01,83658.96,83419.02,83508.14,2318032.72445828
1790563500000,83508.14,83550.19,83400.0,83438.4,1550990.5883205
1790564400000,83438.4,83553.12,83392.34,83450.01,2557279.88123384
1790565300000,83450.01,83516.33,83306.64,83330.21,3455979.76263199
1790566200000,83330.21,83502.01,83219.06,83468.45,3800232.70338531
1790567100000,83468.45,83502.01,83334.0,83349.18,1614375.18979653
1790568000000,83349.18,83452.98,83248.01,83452.24,5974699.4988524
1790568900000,83452.24,83535.71,83382.41,83503.72,3970983.30444435
1790569800000,83503.72,83539.16,83452.86,83516.02,5519425.50248882
1790570700000,83516.02,83525.87,83454.86,83509.14,3098378.39326931
1790571600000,83509.14,83546.63,83271.0,83340.18,4516395.84774101
1790572500000,83340.18,83363.83,83041.27,83088.0,10631904.01307055
1790573400000,83088.0,83179.25,82703.7,83173.22,10909536.18259223
1790574300000,83173.22,83229.66,83068.0,83190.48,8635904.19126629
1790575200000,83190.48,83308.77,83154.1,83267.86,4764408.69641076
1790576100000,83267.86,83274.6,83064.97,83071.32,5583009.11369255
1790577000000,83071.32,83231.17,83057.0,83192.0,7111477.88282763
1790577900000,83192.0,83248.73,83136.01,83180.6,5072381.05740893
1790578800000,83180.6,83302.67,83080.03,83103.37,6214899.42579716
1790579700000,83103.37,83172.28,82958.0,82968.02,13131096.01229294
1790580600000,82968.02,83071.86,82921.0,82966.29,13934385.98922368
1790581500000,82966.29,83152.83,82956.27,83012.4,28887567.7287359
1790582400000,83012.4,83233.8,83000.0,83063.15,43276909.47499527
1790583300000,83063.15,83092.08,82855.0,82869.29,23856395.437249
1790584200000,82869.29,82989.64,82808.99,82951.28,22238435.11191439
1790585100000,82951.28,83057.03,82923.81,82993.76,18136583.50086209
1790586000000,82993.76,83024.35,82625.51,82893.68,21995571.40659306
1790586900000,82893.68,82984.11,82775.46,82830.94,8931988.05955753
1790587800000,82830.94,82856.75,82620.0,82646.04,13462515.11834076
1790588700000,82646.04,82788.0,82635.69,82679.08,7899760.03956936
1790589600000,82679.08,82889.57,82679.08,82778.25,6589422.31114316
1790590500000,82778.25,82863.54,82750.0,82835.64,4441780.35466048
1790591400000,82835.64,82980.8,82790.01,82966.22,4996739.45527099
1790592300000,82966.22,83068.0,82880.0,82966.24,9127337.36493313
1790593200000,82966.24,83068.0,82966.24,83004.67,4524908.67337235
1790594100000,83004.67,83092.8,82984.01,83035.72,3956567.26964364
1790595000000,83035.72,83129.03,83001.0,83091.29,5595274.03141298
1790595900000,83091.29,83106.1,82990.01,83101.2,4053725.55451448
1790596800000,83101.2,83512.54,83011.0,83385.71,7868103.97378142
1790597700000,83385.71,83474.39,83288.0,83373.72,4241803.84926872
1790598600000,83373.72,83445.99,83268.98,83349.99,4994862.2947277
1790599500000,83349.99,83638.88,83349.99,83580.0,7113996.10460119
1790600400000,83580.0,83586.84,83313.01,83412.11,3110356.17569203
1790601300000,83412.11,83570.09,83360.0,83570.09,3904942.18444154
1790602200000,83570.09,83824.64,83384.01,83741.52,10585765.83423393
1790603100000,83741.52,83833.16,83473.85,83642.64,3875086.42969382
1790604000000,83642.64,83642.64,83317.02,83401.49,2617942.05615334
1790604900000,83401.49,83612.5,83098.42,83245.07,3916605.31996911
1790605800000,83245.07,83483.1,82857.14,82946.12,5157223.70104104
1790606700000,82946.12,83074.16,82558.29,83030.03,5916519.67586941
1790607600000,83030.03,83289.35,82933.0,82972.83,8531929.17664513
1790608500000,82972.83,83135.1,82801.0,83075.35,7177651.24658367
1790609400000,83075.35,83369.86,83020.01,83217.55,4155073.49684483
1790610300000,83217.55,83408.34,83211.19,83372.56,3845618.50659871
1790611200000,83372.56,83485.44,83255.27,83420.81,2194184.23248968
1790612100000,83420.81,84191.55,83367.74,84020.72,8644101.84420396
1790613000000,84020.72,84119.93,83671.59,83727.06,3287363.19396951
1790613900000,83727.06,83775.99,83574.83,83713.68,1719406.69294338
1790614800000,83713.68,84256.28,83557.39,84256.28,5854646.90209338
1790615700000,84256.28,84387.64,83882.02,83902.91,4446604.14318494
1790616600000,83902.91,84022.43,83844.04,84012.05,1582502.85548559
1790617500000,84012.05,84061.1,83840.1,83868.38,1594257.58561504
1790618400000,83868.38,83978.62,83840.92,83976.56,1290422.77628738
1790619300000,83976.56,84013.75,83895.5,83936.67,1104206.7587187
1790620200000,83936.67,83955.13,83789.44,83872.32,1594578.81718488
1790621100000,83872.32,84053.05,83809.46,84040.0,1431400.78484752
1790622000000,84040.0,84053.04,83645.95,83715.54,1571765.94820775
1790622900000,83715.54,83729.53,83628.28,83638.03,1917685.16578156
1790623800000,83638.03,83655.04,83107.03,83316.95,3972887.5267823
1790624700000,83316.95,83430.51,83271.03,83386.4,2533825.54933246
1790625600000,83386.4,83614.14,83258.0,83568.91,1463148.42850135
1790626500000,83568.91,83568.91,83471.0,83491.8,2144482.77545461
1790627400000,83491.8,83585.0,83460.0,83495.06,627359.73926149
1790628300000,83495.06,83562.94,83438.0,83549.47,825743.26551056
1790629200000,83549.47,83664.77,83549.47,83586.01,955794.17021987
1790630100000,83586.01,83588.15,83458.26,83458.28,460086.44411042
1790631000000,83458.28,83486.23,83400.69,83435.13,1407508.24052461
1790631900000,83435.13,83446.59,83216.41,83232.09,3806454.3606111
1790632800000,83232.09,83242.38,83103.5,83188.0,1575405.64993449
1790633700000,83188.0,83252.01,83160.08,83246.83,432307.38790898
1790634600000,83246.83,83501.67,83246.82,83496.37,1127339.60137245
1790635500000,83496.37,83556.66,83487.46,83556.66,1022674.26907518
1790636400000,83556.66,83647.74,83453.0,83457.66,2431484.52022443
1790637300000,83457.66,83604.91,83457.65,83601.11,386111.32474178
1790638200000,83601.11,83636.0,83580.32,83612.16,643938.25520789
1790639100000,83612.16,83612.16,83500.0,83500.01,467114.4773331
1790640000000,83500.01,83557.07,83458.11,83527.01,497247.56157941
1790640900000,83527.01,83568.83,83346.81,83549.35,2191411.38818618
1790641800000,83549.35,83634.38,83463.46,83539.2,824876.4980105
1790642700000,83539.2,83539.2,83182.01,83187.03,952593.39974857
1790643600000,83187.03,83253.54,82983.0,83042.43,2925795.52834669
1790644500000,83042.43,83062.84,82827.25,82835.02,1450995.51173286
1790645400000,82835.02,83018.53,82778.19,82966.06,1266142.81471722
1790646300000,82966.06,83122.63,82909.33,83071.47,2960605.38359547
1790647200000,83071.47,83106.32,82918.98,83022.9,1339787.52672895
1790648100000,83022.9,83167.24,82918.78,82977.85,685770.48462298
1790649000000,82977.85,83046.12,82899.06,83039.52,272588.21530352
1790649900000,83039.52,83129.51,82905.48,82979.86,1310159.33879622
1790650800000,82979.86,83057.78,82904.5,82904.51,528340.63848381
1790651700000,82904.51,83225.99,82870.01,83222.31,1773281.62014592
1790652600000,83222.31,83222.76,83126.0,83135.47,1068403.55807839
1790653500000,83135.47,83193.61,83052.78,83086.89,409572.22427877
1790654400000,83086.89,83171.07,83026.0,83140.67,502798.07033786
1790655300000,83140.67,83300.0,83140.67,83225.08,2528413.44544262
1790656200000,83225.08,83227.39,83107.0,83170.96,456610.79790853
1790657100000,83170.96,83216.35,83075.11,83208.8,736783.40301709
1790658000000,83208.8,83276.81,83174.69,83263.46,799668.86359247
1790658900000,83263.46,83351.09,83227.0,83321.84,554339.58271175
1790659800000,83321.84,83329.19,82962.96,83297.71,2507583.55962964
1790660700000,83297.71,83439.44,83218.77,83439.44,1095304.44209003
1790661600000,83439.44,83895.87,83420.16,83895.86,2559557.79403093
1790662500000,83895.86,83895.87,83742.71,83883.08,2002390.84626022
1790663400000,83883.08,83958.21,83845.0,83909.01,1643182.65310528
1790664300000,83909.01,84017.06,83864.61,84007.41,3203457.66721625
1790665200000,84007.41,84039.99,83873.0,83983.77,2150271.31508415
1790666100000,83983.77,84072.44,83920.33,83994.19,1896282.84793552
1790667000000,83994.19,84202.15,83960.0,84020.36,2041842.28505639
1790667900000,84020.36,84069.72,83960.46,83982.98,2694748.28917403
1790668800000,83982.98,84083.91,83980.0,84042.04,2228484.04527145
1790669700000,84042.04,84371.42,84042.03,84167.32,3176286.05035391
1790670600000,84167.32,84167.32,83844.02,83857.01,3411533.65186726
1790671500000,83857.01,83888.18,83797.53,83877.34,1616318.87389243
1790672400000,83877.34,83881.04,83766.67,83787.53,1617622.426715
1790673300000,83787.53,83897.9,83755.88,83843.7,2760457.91728774
1790674200000,83843.7,84010.57,83832.0,84010.57,1314484.65604834
1790675100000,84010.57,84324.31,83989.96,84259.98,2339183.39435368
1790676000000,84259.98,84333.33,84160.01,84210.21,1209133.89973359
1790676900000,84210.21,84225.72,84061.87,84156.53,1951855.29259744
1790677800000,84156.53,84156.53,83997.26,84015.02,2281502.01170481
1790678700000,84015.02,84085.94,83989.96,84031.5,990547.48693977
1790679600000,84031.5,84100.0,83937.5,84038.48,1200120.04745325
1790680500000,84038.48,84086.89,83984.0,84077.84,605384.35870522
1790681400000,84077.84,84285.26,84066.0,84278.25,2378930.777662
1790682300000,84278.25,84500.0,84252.22,84358.92,4973949.28318724
1790683200000,84358.92,84440.6,84300.01,84335.0,791901.31551466
1790684100000,84335.0,84497.79,84128.78,84212.18,1594761.72945173
1790685000000,84212.18,84479.85,84205.84,84364.74,1495614.34549117
1790685900000,84364.74,84403.88,84261.01,84329.03,571002.92177223
1790686800000,84329.03,84455.1,84254.97,84412.37,711692.39875411
1790687700000,84412.37,84562.5,84338.01,84359.4,1730036.40700689
1790688600000,84359.4,84365.34,84025.0,84187.64,6687729.76278082
1790689500000,84187.64,84462.5,84076.95,84207.32,3381586.18566058
1790690400000,84207.32,84294.06,83873.88,83921.27,6103332.01687295
1790691300000,83921.27,84087.14,83858.94,83942.99,4570114.39994714
1790692200000,83942.99,84028.68,83770.01,83903.37,2487735.90149975
1790693100000,83903.37,84021.4,83696.01,83756.18,2237373.49905839
1790694000000,83756.18,83772.36,83360.3,83432.92,6609544.40082711
1790694900000,83432.92,83508.0,82914.29,82997.42,7882226.6928835
1790695800000,82997.42,83257.17,82990.0,83189.25,3563424.43882046
1790696700000,83189.25,83330.87,82933.01,83083.78,3734920.28070162
1790697600000,83083.78,83162.35,82970.0,83036.67,2770296.7627712
1790698500000,83036.67,83300.0,82994.01,83260.39,1343375.02422541
1790699400000,83260.39,83281.6,83035.0,83040.69,1117525.27967771
1790700300000,83040.69,83097.1,82901.01,83062.02,1788370.12821022
1790701200000,83062.02,83206.62,83013.01,83178.23,1072738.98992447
1790702100000,83178.23,83189.64,83045.98,83183.98,548405.3581018
1790703000000,83183.98,83236.82,83096.65,83124.0,807969.86690223
1790703900000,83124.0,83179.48,82984.0,83078.86,1149761.16086483
1790704800000,83078.86,83437.0,83078.86,83426.05,4974580.32796155
1790705700000,83426.05,83522.97,83398.02,83431.71,911943.59191821
1790706600000,83431.71,83703.7,83409.31,83628.61,1471424.06360804
1790707500000,83628.61,83688.34,83589.44,83642.11,768905.35987401
1790708400000,83642.11,83700.0,83592.14,83592.79,1243236.58229202
1790709300000,83592.79,83665.97,83532.98,83545.76,392026.69943822
1790710200000,83545.76,83621.56,83422.81,83422.81,618083.58436039
1790711100000,83422.81,83639.57,83394.0,83588.53,1093491.61286608
1790712000000,83588.53,83606.29,83500.0,83531.5,250626.05199446
1790712900000,83531.5,83649.5,83531.5,83623.01,403693.28501929
1790713800000,83623.01,83650.71,83579.91,83634.22,780998.2795709
1790714700000,83634.22,83660.97,83614.0,83614.01,735343.96824529
1790715600000,83614.01,83615.4,83512.86,83556.68,850975.94903411
1790716500000,83556.68,83561.85,83375.61,83422.58,4370931.71316403
1790717400000,83422.58,83541.97,83410.01,83507.89,1163029.46048283
1790718300000,83507.89,83512.89,83413.0,83511.55,500783.6421311
1790719200000,83511.55,83730.87,83511.55,83671.63,903810.95519576
1790720100000,83671.63,83699.07,83553.92,83595.3,1466186.60194809
1790721000000,83595.3,83629.32,83532.01,83603.44,716261.44467508
1790721900000,83603.44,83654.8,83575.33,83608.8,529596.10829828
1790722800000,83608.8,83851.6,83608.8,83851.6,1321623.59692766
1790723700000,83851.6,83856.78,83726.0,83759.64,389374.26422856
1790724600000,83759.64,83759.81,83635.37,83661.44,917057.2887192
1790725500000,83661.44,83720.14,83637.89,83666.48,355141.78032523
1790726400000,83666.48,83733.89,83508.01,83533.06,782365.72760531
1790727300000,83533.06,83595.2,83415.31,83574.08,846870.30495422
1790728200000,83574.08,83634.96,83462.0,83488.59,565629.09152577
1790729100000,83488.59,83488.59,83353.21,83458.54,604228.19814817
1790730000000,83458.54,83483.58,83382.74,83426.89,800727.6332542
1790730900000,83426.89,83560.5,83400.0,83436.01,579758.83890819
1790731800000,83436.01,83451.36,83334.67,83434.6,1352797.41898754
1790732700000,83434.6,83520.05,83403.53,83454.83,357244.59097707
1790733600000,83454.83,83631.56,83430.84,83486.57,474646.88156818
1790734500000,83486.57,83559.27,83385.6,83429.49,350244.4006718
1790735400000,83429.49,83453.77,83300.0,83386.5,1067952.67204918
1790736300000,83386.5,83495.72,83362.62,83388.17,276025.40319094
1790737200000,83388.17,83431.81,83333.0,83333.01,592938.11652489
1790738100000,83333.01,83333.01,83180.0,83315.86,1851152.35854382
1790739000000,83315.86,83438.3,83260.24,83363.45,536233.24562552
1790739900000,83363.45,83363.47,83282.98,83314.89,323863.97927753
1790740800000,83314.89,83425.99,83306.96,83371.69,727659.9583361
1790741700000,83371.69,83438.1,83361.9,83378.79,464154.37327062
1790742600000,83378.79,83403.84,83300.01,83323.62,1258149.5707725
1790743500000,83323.62,83338.99,83214.0,83220.33,212490.48113795
1790744400000,83220.33,83359.36,83220.33,83236.61,1073739.55660466
1790745300000,83236.61,83393.68,83181.83,83393.68,793469.16905058
1790746200000,83393.68,83533.71,83389.75,83477.42,3103154.04529606
1790747100000,83477.42,83492.39,83298.08,83389.68,1089317.35446496
1790748000000,83389.68,83436.0,83110.48,83132.68,2409128.41386648
1790748900000,83132.68,83190.44,83066.67,83164.62,2122077.9481102
1790749800000,83164.62,83168.2,83033.34,83106.73,2054654.92579563
1790750700000,83106.73,83195.45,82968.75,83046.37,5058058.69455777
1790751600000,83046.37,83114.0,82956.58,83023.75,2238532.74874093
1790752500000,83023.75,83408.12,83023.75,83312.98,3724136.63297565
1790753400000,83312.98,83435.69,83263.77,83432.22,2049327.78312896
1790754300000,83432.22,83476.26,83296.67,83304.66,3853780.8510941
1790755200000,83304.66,83342.82,83124.56,83130.15,1263932.26797536
1790756100000,83130.15,83287.12,83123.92,83150.0,1732023.90039221
1790757000000,83150.0,83157.68,83024.97,83085.92,1068837.87913261
1790757900000,83085.92,83182.37,83020.32,83075.04,4008607.61414367
1790758800000,83075.04,83299.61,83055.29,83299.6,2606918.11281076
1790759700000,83299.6,83443.1,83276.04,83428.77,2214816.51646175
1790760600000,83428.77,83821.32,83428.77,83573.12,4775915.1505534
1790761500000,83573.12,83665.4,83539.01,83637.35,795888.96451222
1790762400000,83637.35,83798.01,83637.35,83694.0,4545096.8353007
1790763300000,83694.0,83866.87,83673.91,83789.29,2037837.671902
1790764200000,83789.29,83925.21,83789.29,83891.38,2055456.54438636
1790765100000,83891.38,83950.0,83856.68,83913.54,1067043.93732883
1790766000000,83913.54,83913.55,83685.48,83849.79,1808931.89502197
1790766900000,83849.79,83876.3,83711.0,83845.61,2798655.5434387
1790767800000,83845.61,83981.29,83739.86,83942.04,3542828.31189452
1790768700000,83942.04,83986.11,83814.0,83918.26,1408879.65984457
1790769600000,83918.26,83951.57,83765.02,83883.07,1678050.78444658
1790770500000,83883.07,83968.0,83761.0,83952.75,1433196.98918785
1790771400000,83952.75,85075.0,83882.01,84824.59,19654679.15106735
1790772300000,84824.59,85518.32,84733.0,85285.77,6902032.4975851
1790773200000,85285.77,85643.47,85100.16,85386.85,6310892.75464044
1790774100000,85386.85,85499.88,85154.0,85190.99,8919719.99016961
1790775000000,85190.99,85562.5,84023.26,84498.0,14429447.64551083
1790775900000,84498.0,84742.47,84379.66,84640.54,3746468.54823887
1790776800000,84640.54,84645.1,84138.52,84347.0,5476052.89007438
1790777700000,84347.0,84367.14,83651.17,83761.81,7238692.87579929
1790778600000,83761.81,83832.34,83375.01,83554.78,7508840.86063793
1790779500000,83554.78,83995.16,83544.77,83798.53,8664100.19569875
1790780400000,83798.53,84004.89,83717.7,83953.63,4552111.18169521
1790781300000,83953.63,84022.52,83680.44,83898.66,4193780.32859216
1790782200000,83898.66,84294.96,83898.66,84107.29,3164349.7388389
1790783100000,84107.29,84291.67,84097.3,84137.24,1367682.48747241
1790784000000,84137.24,84386.5,84137.02,84366.64,1117553.77608131
1790784900000,84366.64,84489.85,84286.02,84294.05,4570650.71731713
1790785800000,84294.05,84374.99,84215.0,84365.97,1760037.44357866
1790786700000,84365.97,84475.32,84306.36,84353.95,1795624.13588216
1790787600000,84353.95,84442.96,84277.34,84296.49,1157466.49275062
1790788500000,84296.49,84296.49,84014.01,84220.7,2689227.47431563
1790789400000,84220.7,84220.7,83923.09,83999.01,2651288.72359822
1790790300000,83999.01,84164.2,83971.33,84028.51,496351.11187104
1790791200000,84028.51,84087.45,83931.2,84002.3,1586257.44996692
1790792100000,84002.3,84023.82,83876.41,83922.06,729626.70159758
1790793000000,83922.06,83955.14,83809.52,83858.34,1405879.34647694
1790793900000,83858.34,83994.46,83798.6,83952.25,650691.16290854
1790794800000,83952.25,83967.1,83728.51,83752.58,566094.22994465
1790795700000,83752.58,83795.02,83607.94,83760.03,515662.85188577
1790796600000,83760.03,83952.58,83748.77,83828.87,621233.08307842
1790797500000,83828.87,83848.66,83503.53,83606.26,15188112.71203929
1790798400000,83606.26,83678.09,83537.01,83668.71,1491027.79685523
1790799300000,83668.71,83784.64,83602.1,83733.0,2485859.21413985
1790800200000,83733.0,83738.72,83634.31,83693.92,930481.34636996
1790801100000,83693.92,83726.22,83637.0,83673.7,279688.39201304
1790802000000,83673.7,83812.44,83673.7,83765.69,1095433.28925323
1790802900000,83765.69,83823.42,83720.9,83732.0,569946.62209723
1790803800000,83732.0,83822.43,83703.03,83703.04,1095338.4121723
1790804700000,83703.04,83772.3,83703.03,83765.5,645154.98428216
1790805600000,83765.5,83781.38,83576.67,83728.61,1388766.54632976
1790806500000,83728.61,83830.68,83708.94,83830.67,1263096.97735574
1790807400000,83830.67,83850.0,83798.39,83814.25,488535.88878231
1790808300000,83814.25,83818.42,83685.85,83685.85,424010.99335429
1790809200000,83685.85,83771.38,83629.87,83689.02,1182186.44855295
1790810100000,83689.02,83838.14,83661.4,83666.78,1690735.26724206
1790811000000,83666.78,83693.33,83515.0,83621.01,729051.79566322
1790811900000,83621.01,83664.68,83539.84,83620.41,3964191.92381346
1790812800000,83620.41,83650.35,83460.71,83498.0,1618965.22870638
1790813700000,83498.0,83519.52,83421.0,83482.51,1192084.09278328
1790814600000,83482.51,83579.96,83436.95,83574.01,972944.79779997
1790815500000,83574.01,83593.71,83482.26,83505.01,1032451.33378159
1790816400000,83505.01,83617.7,83491.38,83580.75,1235300.42885351
1790817300000,83580.75,83698.44,83525.27,83627.47,1192798.24694812
1790818200000,83627.47,83627.47,83477.45,83600.03,1854603.35696018
1790819100000,83600.03,83614.87,83506.64,83512.01,655866.8267452
1790820000000,83512.01,83672.53,83506.63,83592.92,715182.25713252
1790820900000,83592.92,83601.08,83430.03,83551.3,1765240.56122685
1790821800000,83551.3,83607.98,83431.28,83444.82,911152.81775414
1790822700000,83444.82,83536.23,83415.0,83492.19,947575.23564545
1790823600000,83492.19,83535.46,83433.56,83474.0,1078213.88709958
1790824500000,83474.0,83550.04,83444.0,83523.7,453512.35529358
1790825400000,83523.7,83743.11,83457.0,83713.36,2594270.20080269
1790826300000,83713.36,83786.22,83637.01,83762.87,1339912.50331412
1790827200000,83762.87,83946.37,83751.58,83935.22,1618380.02565178
1790828100000,83935.22,83936.26,83718.0,83871.28,1970709.26900346
1790829000000,83871.28,83938.71,83780.15,83929.44,710616.887284
1790829900000,83929.44,84202.9,83929.43,84112.19,2136101.2236707
1790830800000,84112.19,84266.67,84023.54,84240.97,4188385.50684391
1790831700000,84240.97,84321.14,84237.0,84288.67,1813157.77141247
1790832600000,84288.67,84327.13,84189.94,84220.08,2753230.61394721
1790833500000,84220.08,84366.1,84220.08,84292.1,769532.19122165
1790834400000,84292.1,84420.85,84240.89,84375.57,1727294.56259088
1790835300000,84375.57,84386.57,84293.67,84351.63,548215.11192776
1790836200000,84351.63,84361.04,84106.2,84165.29,1041053.19222813
1790837100000,84165.29,84207.39,84113.73,84115.51,1599430.50336716
1790838000000,84115.51,84217.0,84050.0,84053.07,836926.4418461
1790838900000,84053.07,84090.99,83323.09,83374.42,9734907.28442031
1790839800000,83374.42,83683.55,83355.01,83557.82,2784543.18412161
1790840700000,83557.82,83662.14,83405.0,83430.99,2001736.98478078
1790841600000,83430.99,83540.73,83333.53,83389.5,2431507.17460362
1790842500000,83389.5,83489.48,83353.01,83432.21,2329102.99543936
1790843400000,83432.21,83580.08,83190.0,83504.36,3867420.72101785
1790844300000,83504.36,83587.5,83444.26,83567.45,1260946.84800862
1790845200000,83567.45,83774.83,83563.56,83699.66,2385639.95157303
1790846100000,83699.66,83800.61,83679.47,83776.65,1436491.70007745
1790847000000,83776.65,83892.67,83776.65,83888.52,2279098.29334329
1790847900000,83888.52,83905.36,83741.15,83784.3,1363859.91702465
1790848800000,83784.3,83824.01,83415.77,83703.42,2191205.99690345
1790849700000,83703.42,83781.49,83553.1,83685.68,1404720.67184631
1790850600000,83685.68,83890.76,83685.68,83890.76,1405159.70601738
1790851500000,83890.76,84098.24,83864.0,83958.82,2405459.39933338
1790852400000,83958.82,83968.98,83812.82,83867.45,1933671.00336343
1790853300000,83867.45,83878.96,83781.15,83872.32,735668.8312663
1790854200000,83872.32,83983.36,83787.79,83960.88,1760192.00551489
1790855100000,83960.88,84044.0,83900.01,83912.43,1560738.06203737
1790856000000,83912.43,84006.23,83912.42,83995.41,1264560.36202506
1790856900000,83995.41,83995.41,83858.0,83904.01,3157488.71813015
1790857800000,83904.01,84058.92,83838.48,83891.37,3364203.34654966
1790858700000,83891.37,83933.15,83655.16,83737.53,2419647.69611186
1790859600000,83737.53,83749.51,83500.01,83523.87,3650091.02957251
1790860500000,83523.87,83622.21,83452.71,83480.0,2474512.81243698
1790861400000,83480.0,83985.11,83460.34,83933.79,5184397.83046249
1790862300000,83933.79,84027.52,83662.56,83956.82,4955645.36221946
1790863200000,83956.82,84048.09,83544.0,83800.45,8166826.59742903
1790864100000,83800.45,84217.39,83787.08,84117.13,4748866.32456664
1790865000000,84117.13,84327.0,83980.0,84019.11,4114282.50622348
1790865900000,84019.11,84088.78,83770.0,84043.51,5824932.91280222
1790866800000,84043.51,84349.92,83829.0,84087.54,15149106.42222432
1790867700000,84087.54,84252.31,84057.29,84089.0,1552533.79973715
1790868600000,84089.0,84089.0,83829.49,83888.88,2597638.72111779
1790869500000,83888.88,84305.42,83888.87,84163.29,5658570.213337
1790870400000,84163.29,84320.0,84138.5,84320.0,3239418.19859747
1790871300000,84320.0,84431.99,84248.0,84303.68,6933484.60841813
1790872200000,84303.68,84621.13,84190.0,84332.69,6943386.44611907
1790873100000,84332.69,84416.47,84053.71,84202.19,2798237.58506676
1790874000000,84202.19,84496.63,84197.01,84431.15,3455279.17813288
1790874900000,84431.15,84921.33,84431.15,84917.68,6077314.00905024
1790875800000,84917.68,85062.49,84766.56,85049.6,4016464.83898982
1790876700000,85049.6,85079.01,84775.11,84907.3,3615200.83000229
1790877600000,84907.3,84988.68,84681.62,84881.16,2938678.73682924
1790878500000,84881.16,84944.14,84789.0,84799.74,1055100.02232913
1790879400000,84799.74,85263.6,84777.83,84966.07,13569310.25842865
1790880300000,84966.07,84966.07,84669.72,84802.48,4338459.06965855
1790881200000,84802.48,84895.19,84727.04,84794.51,790609.50646725
1790882100000,84794.51,84828.35,84600.01,84615.14,2396741.37389389
1790883000000,84615.14,84774.83,84600.0,84641.0,909129.34883851
1790883900000,84641.0,84710.84,84580.66,84679.18,1001302.83083821
1790884800000,84679.18,84868.0,84668.84,84786.72,1933059.25931417
1790885700000,84786.72,84859.54,84767.02,84767.03,1361932.89954438
1790886600000,84767.03,84779.26,84605.01,84609.98,360057.323986
1790887500000,84609.98,84675.66,84564.01,84631.91,279068.56496292
1790888400000,84631.91,84666.62,84614.84,84614.84,394662.03209354
1790889300000,84614.84,84689.07,84569.0,84591.0,1652976.03422128
1790890200000,84591.0,84622.48,84492.05,84498.03,1416588.61239901
1790891100000,84498.03,84570.5,84492.06,84540.0,1034509.58150859
1790892000000,84540.0,84793.39,84539.22,84747.01,1210709.08403305
1790892900000,84747.01,84772.67,84700.06,84702.0,1055248.18990036
1790893800000,84702.0,84793.51,84659.0,84680.34,2021307.21628165
1790894700000,84680.34,84788.51,84615.79,84750.0,1145877.13491846
1790895600000,84750.0,84750.01,84655.22,84660.01,581574.80838096
1790896500000,84660.01,84773.8,84642.09,84736.68,857543.03191819
1790897400000,84736.68,84866.66,84701.57,84834.71,693690.6700096
1790898300000,84834.71,84908.43,84786.99,84880.0,1381909.23808197
1790899200000,84880.0,84923.99,84771.88,84875.87,1775958.71191321
1790900100000,84875.87,84964.28,84793.0,84798.19,1515992.26266541
1790901000000,84798.19,84900.41,84705.0,84824.98,1132275.49678354
1790901900000,84824.98,84824.98,84719.38,84792.15,777789.71919922
1790902800000,84792.15,84799.11,84660.47,84660.47,531583.44116251
1790903700000,84660.47,84710.17,84512.89,84615.89,1638775.48312057
1790904600000,84615.89,84652.07,84570.24,84579.91,526816.21786526
1790905500000,84579.91,84998.99,84572.42,84911.38,2336075.6189411
1790906400000,84911.38,85120.0,84864.7,85080.23,2149612.92937423
1790907300000,85080.23,85080.23,84868.63,84927.99,1591524.48239747
1790908200000,84927.99,84988.3,84863.0,84988.29,1073007.11970623
1790909100000,84988.29,85198.14,84988.29,85193.12,1918917.54653338
1790910000000,85193.12,85513.03,85191.11,85300.05,7681243.39545649
1790910900000,85300.05,85342.23,85198.56,85278.31,1070140.16433364
1790911800000,85278.31,85467.28,85262.75,85422.75,1405157.97271032
1790912700000,85422.75,85570.84,85380.02,85503.18,2226904.20351053
1790913600000,85503.18,85615.22,85435.0,85463.34,2463729.89090586
1790914500000,85463.34,86814.29,85463.34,86794.01,9986791.76276404
1790915400000,86794.01,86906.84,86369.97,86510.84,8250154.1569149
1790916300000,86510.84,86769.6,86453.88,86648.13,3190470.22245201
1790917200000,86648.13,86661.46,86491.19,86565.88,2922000.56938306
1790918100000,86565.88,86587.67,86284.1,86340.04,2636956.25372854
1790919000000,86340.04,86391.56,85893.76,86136.0,6886447.84818849
1790919900000,86136.0,86171.73,85957.0,85996.83,1704634.87584634
1790920800000,85996.83,86103.83,85873.88,85902.7,4920186.19663957
1790921700000,85902.7,86065.77,85902.7,86031.41,2243953.05927433
1790922600000,86031.41,86099.99,85927.82,86004.65,1783137.62621305
1790923500000,86004.65,86100.0,85950.05,85993.15,1498583.10050206
1790924400000,85993.15,86075.03,85897.0,85960.07,2558539.82564724
1790925300000,85960.07,85984.03,85896.83,85951.55,1243997.52767665
1790926200000,85951.55,85951.55,85763.82,85768.83,3004616.97811039
1790927100000,85768.83,86165.88,85768.83,86095.2,4563655.59774396
1790928000000,86095.2,86349.5,86066.8,86315.88,3503761.41006067
1790928900000,86315.88,86641.52,86309.57,86403.31,7449287.45032789
1790929800000,86403.31,86476.03,86254.01,86324.23,2162963.35988895
1790930700000,86324.23,86353.66,86189.51,86237.71,3372212.18943197
1790931600000,86237.71,86264.95,86128.0,86201.78,1830022.34868461
1790932500000,86201.78,86251.36,86101.19,86208.59,4095544.94568723
1790933400000,86208.59,86413.95,86174.9,86342.76,2209543.68720898
1790934300000,86342.76,86436.25,86277.0,86358.01,1600444.74285899
1790935200000,86358.01,86440.0,86318.31,86327.17,1587092.99820084
1790936100000,86327.17,86421.99,86162.44,86405.0,2973060.53228383
1790937000000,86405.0,86510.15,86349.71,86428.91,1861024.38713166
1790937900000,86428.91,86434.56,86287.18,86291.0,1932612.08376667
1790938800000,86291.0,86509.77,86266.93,86458.49,1657548.5393374
1790939700000,86458.49,86499.99,86414.01,86427.36,824286.49223288
1790940600000,86427.36,86556.96,86418.97,86495.78,1031152.6932867
1790941500000,86495.78,86568.52,86416.56,86416.56,2365141.53302044
1790942400000,86416.56,86497.17,86304.33,86407.06,1474820.03958264
1790943300000,86407.06,86666.0,86387.72,86619.27,2989459.43902718
1790944200000,86619.27,87232.13,86412.84,86468.96,23993976.50641474
1790945100000,86468.96,86901.31,86449.45,86808.76,2207235.22052918
1790946000000,86808.76,86944.66,86666.15,86684.01,2426043.57352654
1790946900000,86684.01,86753.76,86595.26,86613.08,1284200.52579038
1790947800000,86613.08,87153.85,86578.0,86902.88,7995576.1342293
1790948700000,86902.88,87003.71,86462.64,86571.34,7608242.56144075
1790949600000,86571.34,86841.94,86327.28,86358.52,5280599.11104164
1790950500000,86358.52,86658.23,86089.32,86089.33,5165737.65518631
1790951400000,86089.33,86177.11,85692.82,85956.72,8851251.68788803
1790952300000,85956.72,86067.63,85400.0,85693.91,8720691.05100288
1790953200000,85693.91,85762.97,85371.33,85637.64,10768352.10661351
1790954100000,85637.64,85696.6,85317.62,85486.75,4092635.33662357
1790955000000,85486.75,85553.92,85317.57,85336.95,5460687.43441166
1790955900000,85336.95,85452.53,85150.12,85329.91,6014140.02106522
1790956800000,85329.91,85513.23,85141.0,85211.9,5196486.23799728
1790957700000,85211.9,85346.14,85120.0,85181.31,3168361.77837237
1790958600000,85181.31,85245.78,85017.81,85195.88,1994568.85612812
1790959500000,85195.88,85309.98,85090.0,85167.14,2440398.46337242
1790960400000,85167.14,85272.25,84917.46,84928.73,2638038.88337159
1790961300000,84928.73,84997.3,84577.98,84618.4,10886456.43413554
1790962200000,84618.4,84793.18,84510.31,84617.05,13583686.48970635
1790963100000,84617.05,84824.61,84581.59,84787.04,6161780.03855211
1790964000000,84787.04,84902.07,84764.97,84888.43,1723770.31383547
1790964900000,84888.43,84888.43,84543.0,84621.64,6657430.22889274
1790965800000,84621.64,84638.1,83904.35,84049.15,13564487.07111676
1790966700000,84049.15,84299.6,83888.89,84262.61,3562774.13275365
1790967600000,84262.61,84320.67,84071.61,84127.86,1456258.25409649
1790968500000,84127.86,84198.45,83966.18,84143.33,2121190.61791208
1790969400000,84143.33,84242.28,84095.01,84191.93,1522787.72935655
1790970300000,84191.93,84354.67,84156.78,84305.89,1766517.13383882
1790971200000,84305.89,84483.33,84305.89,84373.98,2084575.10137789
1790972100000,84373.98,84533.32,84333.01,84340.18,3847654.66969228
1790973000000,84340.18,84451.11,84224.01,84250.21,5076876.90679373
1790973900000,84250.21,84506.52,84236.98,84449.44,6594030.60107898
1790974800000,84449.44,84549.59,84439.61,84494.49,603344.57514997
1790975700000,84494.49,84507.53,84429.59,84439.88,536251.08503618
1790976600000,84439.88,84551.35,84415.94,84520.5,1087807.28082637
1790977500000,84520.5,84539.65,84501.71,84527.25,751114.89549362
1790978400000,84527.25,84553.49,84456.01,84532.4,1506118.77371888
1790979300000,84532.4,84565.75,84479.93,84521.07,1684620.01342982
1790980200000,84521.07,84559.72,84500.0,84513.64,676686.1355514
1790981100000,84513.64,84567.3,84501.01,84561.79,508340.18271278
1790982000000,84561.79,84561.79,84484.22,84494.94,380835.32707975
1790982900000,84494.94,84568.31,84492.69,84555.63,553872.06676259
1790983800000,84555.63,84580.64,84516.47,84572.0,760421.89091885
1790984700000,84572.0,84578.58,84522.23,84522.24,530544.93221935
1790985600000,84522.24,84533.37,84455.21,84521.3,799877.75426751
1790986500000,84521.3,84571.7,84521.3,84562.04,498026.11491163
1790987400000,84562.04,84652.83,84562.04,84627.74,949436.23214119
1790988300000,84627.74,84683.72,84627.73,84661.56,675979.33116939
1790989200000,84661.56,84691.86,84630.1,84652.02,682483.89050392
1790990100000,84652.02,84730.91,84607.01,84618.14,1045049.20673548
1790991000000,84618.14,84669.21,84618.13,84632.7,631963.75188525
1790991900000,84632.7,84654.31,84617.91,84647.36,256433.03742762
1790992800000,84647.36,84647.36,84601.39,84618.04,322341.98995913
1790993700000,84618.04,84685.06,84618.03,84651.29,467964.13736568
1790994600000,84651.29,84711.07,84639.53,84680.76,1644679.12534204
1790995500000,84680.76,84680.76,84601.0,84601.01,368532.24112415
1790996400000,84601.01,84624.12,84517.0,84537.9,947171.6144215
1790997300000,84537.9,84606.79,84537.89,84595.06,429358.75641706
1790998200000,84595.06,84656.9,84595.05,84656.9,294216.24957212
1790999100000,84656.9,84702.83,84656.89,84696.92,282773.90821114
1791000000000,84696.92,84736.78,84659.3,84662.52,540838.01530677
1791000900000,84662.52,84662.52,84528.01,84531.16,455217.71562164
1791001800000,84531.16,84567.47,84528.0,84561.24,641094.51472969
1791002700000,84561.24,84610.37,84561.23,84581.04,797909.24371408
1791003600000,84581.04,84587.84,84556.02,84571.01,210023.0982246
1791004500000,84571.01,84626.66,84571.0,84626.66,367412.34633999
1791005400000,84626.66,84644.64,84626.65,84639.63,128062.13014342
1791006300000,84639.63,84660.54,84624.36,84643.25,505250.72839772
1791007200000,84643.25,84679.75,84630.74,84630.75,358176.17530979
1791008100000,84630.75,84669.58,84630.74,84648.9,722512.74627619
1791009000000,84648.9,84664.56,84620.2,84646.96,667668.27651503
1791009900000,84646.96,84646.97,84548.68,84590.32,4222604.40058537
1791010800000,84590.32,84623.26,84572.59,84589.95,512483.19339967
1791011700000,84589.95,84635.94,84583.0,84635.94,425958.60551557
1791012600000,84635.94,84663.57,84575.01,84576.2,1180875.23808749
1791013500000,84576.2,84620.75,84556.22,84556.22,1428324.54257767
1791014400000,84556.22,84651.33,84556.22,84649.22,433157.97819223
1791015300000,84649.22,84649.22,84569.15,84595.0,582938.74423847
1791016200000,84595.0,84631.58,84572.66,84631.58,302624.57216191
1791017100000,84631.58,84649.21,84621.66,84621.66,1244745.33021207
1791018000000,84621.66,84670.53,84620.37,84637.27,310686.90404922
1791018900000,84637.27,84652.5,84600.0,84600.01,571897.43910603
1791019800000,84600.01,84600.01,84583.2,84593.69,681383.27478273
1791020700000,84593.69,84618.98,84583.31,84601.8,656460.28185559
1791021600000,84601.8,84626.24,84584.91,84584.97,871443.87788121
1791022500000,84584.97,84618.04,84570.4,84588.0,1080875.45163914
1791023400000,84588.0,84628.67,84587.0,84608.39,350798.39411122
1791024300000,84608.39,84649.68,84608.38,84640.36,1009170.11531178
1791025200000,84640.36,84661.1,84622.91,84650.49,1120008.14851878
1791026100000,84650.49,84664.5,84634.0,84654.04,1139072.9238856
1791027000000,84654.04,84669.65,84650.91,84660.89,131677.22758287
1791027900000,84660.89,84707.86,84660.88,84676.01,1256790.77654116
1791028800000,84676.01,84707.81,84676.01,84706.99,665489.50374646
1791029700000,84706.99,84921.32,84693.24,84855.64,4256575.84828
1791030600000,84855.64,84920.5,84786.21,84823.0,1511281.00259506
1791031500000,84823.0,84932.09,84823.0,84883.55,771883.16981256
1791032400000,84883.55,84900.08,84821.85,84852.7,752887.17485482
1791033300000,84852.7,84852.7,84761.0,84816.26,581753.07136798
1791034200000,84816.26,84975.03,84810.98,84834.6,2687974.13779163
1791035100000,84834.6,84885.53,84834.59,84863.27,337110.35408087
1791036000000,84863.27,84863.27,84777.0,84795.88,346006.80306846
1791036900000,84795.88,84844.91,84792.76,84822.5,455811.35303485
1791037800000,84822.5,84826.68,84743.34,84754.05,452504.31039192
1791038700000,84754.05,84857.83,84754.04,84857.82,1001578.5401706
1791039600000,84857.82,84872.48,84766.32,84872.48,918038.10634955
1791040500000,84872.48,84882.95,84828.01,84830.43,1167725.88908446
1791041400000,84830.43,84852.03,84756.81,84821.69,2369407.82353786
1791042300000,84821.69,84867.59,84821.52,84867.58,270559.71698651
1791043200000,84867.58,84867.59,84833.53,84833.54,402401.59483068
1791044100000,84833.54,84833.54,84786.12,84814.88,1214466.34537144
1791045000000,84814.88,84850.48,84814.88,84850.48,1046217.49874238
1791045900000,84850.48,84880.99,84832.98,84858.26,1521058.76455126
1791046800000,84858.26,84886.45,84858.25,84886.45,748665.38347589
1791047700000,84886.45,84959.52,84881.18,84885.53,2229492.46574386
1791048600000,84885.53,84988.84,84827.91,84981.01,1058992.16120353
1791049500000,84981.01,85011.26,84923.93,85006.46,423233.01514261
1791050400000,85006.46,85030.94,84970.69,84986.44,884285.90783112
1791051300000,84986.44,85017.87,84947.21,84988.9,607668.84586959
1791052200000,84988.9,84988.9,84916.79,84940.34,202847.60423196
1791053100000,84940.34,84950.41,84927.0,84940.01,119130.71233284
1791054000000,84940.01,84940.01,84848.0,84868.0,1272525.20970787
1791054900000,84868.0,84895.0,84817.12,84821.54,265014.91477739
1791055800000,84821.54,84832.34,84778.72,84778.73,415131.60245739
1791056700000,84778.73,84856.83,84700.02,84847.89,4289525.55410635
1791057600000,84847.89,84904.86,84847.88,84888.25,160193.74182406
1791058500000,84888.25,84919.87,84875.78,84894.18,260071.93645827
1791059400000,84894.18,84894.19,84851.84,84858.75,172252.75854213
1791060300000,84858.75,84864.4,84714.0,84752.12,3279769.32832702
1791061200000,84752.12,84779.47,84552.02,84687.86,6957486.13321966
1791062100000,84687.86,84732.15,84687.86,84711.28,199804.10066904
1791063000000,84711.28,84738.06,84695.15,84704.63,744552.03336552
1791063900000,84704.63,84756.25,84700.39,84719.43,349743.90456978
1791064800000,84719.43,84798.46,84704.0,84791.64,475421.63422598
1791065700000,84791.64,84804.52,84738.19,84782.45,615841.24993861
1791066600000,84782.45,84811.0,84775.72,84800.14,291819.74041938
1791067500000,84800.14,84817.87,84778.07,84778.08,445406.98713573
1791068400000,84778.08,84795.53,84765.71,84769.84,211080.5306108
1791069300000,84769.84,84816.12,84739.59,84749.04,2731320.26635557
1791070200000,84749.04,84804.3,84746.91,84790.61,322818.56100563
1791071100000,84790.61,84806.71,84723.08,84761.18,3324747.06269247
1791072000000,84761.18,84854.3,84761.17,84827.8,849741.10768119
1791072900000,84827.8,84881.43,84810.01,84810.02,270820.77319814
1791073800000,84810.02,84854.5,84804.0,84804.0,302220.73901134
1791074700000,84804.0,84846.71,84772.81,84792.36,703286.10151444
1791075600000,84792.36,84822.09,84768.0,84772.0,362752.40161821
1791076500000,84772.0,84772.01,84719.72,84753.14,268388.04777036
1791077400000,84753.14,84806.21,84750.71,84783.82,221389.94097736
1791078300000,84783.82,84810.67,84783.81,84807.91,91264.27153267
1791079200000,84807.91,84878.68,84805.96,84824.09,501235.81164167
1791080100000,84824.09,84862.43,84795.75,84836.96,513694.12035458
1791081000000,84836.96,84858.04,84794.05,84800.63,922811.58572592
1791081900000,84800.63,84812.73,84780.16,84805.91,283209.71642243
1791082800000,84805.91,84808.56,84804.31,84808.56,275376.29223489
1791083700000,84808.56,84826.78,84784.0,84798.96,805140.52248111
1791084600000,84798.96,84895.52,84798.95,84881.45,380354.97066296
1791085500000,84881.45,84881.45,84841.0,84841.0,312955.91399982
1791086400000,84841.0,84852.43,84809.2,84809.21,597545.06300519
1791087300000,84809.21,84818.39,84809.2,84815.04,239703.44400459
1791088200000,84815.04,84815.05,84815.04,84815.05,245469.67308485
1791089100000,84815.05,84815.05,84812.79,84812.8,362582.52253597
1791090000000,84812.8,84850.28,84812.79,84830.04,297083.01602134
1791090900000,84830.04,84873.42,84827.67,84857.43,1080330.90088241
1791091800000,84857.43,84928.57,84857.42,84926.45,408668.23817413
1791092700000,84926.45,84929.16,84908.13,84913.33,133256.74165303
1791093600000,84913.33,84932.29,84912.68,84923.88,1294445.93910484
1791094500000,84923.88,85059.56,84873.31,84948.53,3798081.65347483
1791095400000,84948.53,85036.16,84918.71,84962.89,1199652.6996725
1791096300000,84962.89,85069.32,84957.81,85030.75,986986.40252546
1791097200000,85030.75,85030.76,84989.42,84989.43,1525068.79884033
1791098100000,84989.43,85005.32,84933.0,84971.0,2045577.59117763
1791099000000,84971.0,84979.03,84925.0,84974.47,1186539.04394401
1791099900000,84974.47,85111.13,84974.47,85111.13,1572938.30652531
1791100800000,85111.13,85187.64,85093.58,85145.71,1886627.17184779
1791101700000,85145.71,85196.03,85118.34,85138.62,779350.0068379
1791102600000,85138.62,85149.22,85032.44,85070.79,1092714.30557273
1791103500000,85070.79,85123.63,85070.79,85102.28,1900167.90101484
1791104400000,85102.28,85138.17,85046.32,85131.8,920949.86605136
1791105300000,85131.8,85288.0,85131.79,85258.89,753633.90059003
1791106200000,85258.89,85299.98,85190.69,85276.52,575633.27243258
1791107100000,85276.52,85329.96,85216.82,85233.97,2593413.0536882
1791108000000,85233.97,85283.43,85216.66,85265.46,435441.48243128
1791108900000,85265.46,85432.29,85265.46,85376.11,2424241.59992433
1791109800000,85376.11,85403.26,85288.0,85340.35,779611.72287482
1791110700000,85340.35,85340.35,85246.95,85269.01,1496457.90545257
1791111600000,85269.01,85273.25,85206.65,85271.38,418687.45948191
1791112500000,85271.38,85325.76,85271.38,85319.67,507884.88729281
1791113400000,85319.67,85328.97,85265.0,85272.25,1823910.63371646
1791114300000,85272.25,85311.75,85259.76,85311.74,685237.35102552
1791115200000,85311.74,85396.03,85232.8,85232.8,2089264.56377335
1791116100000,85232.8,85304.15,85167.0,85274.41,871998.8151843
1791117000000,85274.41,85301.75,85201.02,85201.03,691148.15221081
1791117900000,85201.03,85220.05,85092.87,85122.01,2687314.97094328
1791118800000,85122.01,85167.18,85119.36,85167.18,973113.64709838
1791119700000,85167.18,85229.82,85167.17,85226.34,702641.71147416
1791120600000,85226.34,85325.31,85199.27,85227.94,2131172.93584355
1791121500000,85227.94,85295.24,85214.01,85240.86,1054896.48017177
1791122400000,85240.86,85251.73,85159.73,85216.51,1720474.50516912
1791123300000,85216.51,85216.51,85128.0,85181.35,916057.7970471
1791124200000,85181.35,85203.06,85132.0,85132.01,1307812.55179182
1791125100000,85132.01,85294.48,85091.61,85283.06,1628800.08676358
1791126000000,85283.06,85379.19,85238.96,85352.52,1579532.28479484
1791126900000,85352.52,85481.5,85272.75,85313.16,3705353.95706667
1791127800000,85313.16,85345.15,85279.76,85341.55,784233.86529803
1791128700000,85341.55,85403.49,85244.18,85244.18,389345.90308414
1791129600000,85244.18,85299.56,85177.53,85296.22,630510.84069902
1791130500000,85296.22,85311.0,85200.02,85242.86,330783.32757918
1791131400000,85242.86,85346.76,85242.86,85344.07,338964.84973666
1791132300000,85344.07,85437.37,85327.94,85367.01,2751388.54052591
1791133200000,85367.01,85396.23,85310.92,85318.79,429281.96756209
1791134100000,85318.79,85391.92,85311.0,85377.99,304088.62622284
1791135000000,85377.99,85424.52,85332.94,85417.06,327401.27942804
1791135900000,85417.06,85453.59,85312.7,85312.7,1943828.19963736
1791136800000,85312.7,85336.94,85303.87,85320.58,721023.7482467
1791137700000,85320.58,85336.32,85300.0,85320.08,646636.74204729
1791138600000,85320.08,85350.0,85305.43,85350.0,360404.42682123
1791139500000,85350.0,85365.13,85325.48,85331.47,452380.43390781
1791140400000,85331.47,85412.97,85331.47,85383.96,703434.56786896
1791141300000,85383.96,85476.61,85382.45,85462.16,381170.65972654
1791142200000,85462.16,85575.75,85397.0,85442.37,1605267.07896847
1791143100000,85442.37,85460.39,85421.95,85425.01,481019.90879882
1791144000000,85425.01,85451.81,85394.72,85438.89,670610.79022062
1791144900000,85438.89,85494.67,85438.88,85473.35,479681.02063509
1791145800000,85473.35,85769.67,85445.0,85754.95,4353587.00408645
1791146700000,85754.95,85880.0,85712.71,85826.71,2931099.04410441
1791147600000,85826.71,86065.25,85781.02,86025.18,7625995.31991804
1791148500000,86025.18,86065.24,85781.43,85826.37,3405342.03893706
1791149400000,85826.37,86012.02,85821.38,85981.25,642775.51818707
1791150300000,85981.25,86061.25,85808.77,85865.69,1570706.74066098
1791151200000,85865.69,86339.67,85865.69,86329.23,4392808.47529073
1791152100000,86329.23,86695.34,86234.0,86245.32,4398999.55266659
1791153000000,86245.32,86485.75,86225.46,86369.95,2136206.32635589
1791153900000,86369.95,86457.14,86289.93,86440.28,528877.53880153
1791154800000,86440.28,86632.99,86391.47,86575.68,1750712.75440023
1791155700000,86575.68,86791.92,86513.44,86683.94,3617139.51139575
1791156600000,86683.94,86717.24,86416.19,86525.15,1673164.78217049
1791157500000,86525.15,86561.99,86411.58,86511.0,1027049.93745713
1791158400000,86511.0,86515.24,86321.1,86354.76,1355389.53927229
1791159300000,86354.76,86492.57,86254.25,86274.27,1271337.38143611
1791160200000,86274.27,86629.53,86191.73,86621.51,1228219.19338633
1791161100000,86621.51,86706.39,86510.54,86647.1,917912.88110984
1791162000000,86647.1,86750.87,86463.01,86741.49,1529507.08596628
1791162900000,86741.49,86993.9,86661.0,86939.55,4600455.93360899
1791163800000,86939.55,86948.34,86640.02,86721.71,1139858.70406738
1791164700000,86721.71,86761.88,86563.0,86603.0,1535767.66874807
1791165600000,86603.0,86725.85,86560.65,86655.34,949547.51258292
1791166500000,86655.34,86689.57,86500.0,86500.0,2088400.91085132
1791167400000,86500.0,86727.36,86402.47,86683.73,3513019.56339086
1791168300000,86683.73,86699.93,86491.42,86519.97,584584.40266299
1791169200000,86519.97,86535.4,86393.75,86496.94,1461635.42495054
1791170100000,86496.94,86509.15,86309.11,86450.23,1970888.91554323
1791171000000,86450.23,86450.24,86255.53,86259.01,1128546.96825087
1791171900000,86259.01,86325.2,86013.61,86081.19,1855210.05543743
1791172800000,86081.19,86139.44,85941.5,85963.24,2691304.166667
1791173700000,85963.24,85969.12,85673.14,85781.13,3226738.27200187
1791174600000,85781.13,85796.67,85482.57,85619.05,2858576.54937951
1791175500000,85619.05,85705.92,85507.01,85534.25,1683408.22473874
1791176400000,85534.25,85601.27,85487.01,85521.63,1360362.52863025
1791177300000,85521.63,85566.05,85420.0,85542.24,1116437.44534655
1791178200000,85542.24,85800.53,85456.02,85791.01,1058155.75684188
1791179100000,85791.01,85791.01,85715.0,85774.26,561910.09528884
1791180000000,85774.26,85928.72,85773.5,85918.05,1381773.99452473
1791180900000,85918.05,86056.67,85875.6,85881.25,3629680.57857768
1791181800000,85881.25,85969.34,85798.19,85819.65,1646812.73142776
1791182700000,85819.65,86369.96,85815.8,86257.84,6995262.57657623
1791183600000,86257.84,86412.75,86144.7,86327.28,9447918.95249544
1791184500000,86327.28,86490.91,86126.73,86293.42,9280343.29776211
1791185400000,86293.42,86405.62,86165.44,86370.23,3723002.30393974
1791186300000,86370.23,86444.16,86189.64,86254.06,3696667.8814004
1791187200000,86254.06,86497.95,86217.83,86418.5,3313557.64248158
1791188100000,86418.5,86440.43,86302.29,86428.97,1837011.18749307
1791189000000,86428.97,86478.18,86232.86,86257.51,3213081.46119168
1791189900000,86257.51,86272.14,86050,86214.01,6724445.16173982
1791190800000,86214.01,86233.28,85972.44,85977.81,1043380.49047253
1791191700000,85977.81,85994.98,85776.74,85877.11,3226508.45111621
1791192600000,85877.11,85992.6,85863.01,85986.46,2797218.49591346
1791193500000,85986.46,86030.97,85930.19,85973.2,413930.10104153
1791194400000,85973.2,86092.05,85958,86031.47,2917887.99694617
1791195300000,86031.47,86168.88,86031.47,86065.39,1835854.61928376
1791196200000,86065.39,86132.93,86005.14,86030.81,2751267.95384453
1791197100000,86030.81,86214.96,86016.42,86116.34,1151654.42094218
1791198000000,86116.34,86116.34,85909,85951.84,3021325.26384679
1791198900000,85951.84,86230.14,85945.48,86211.74,770429.52548226
1791199800000,86211.74,86277.22,86061.32,86084.34,1976282.99004031
1791200700000,86084.34,86246.27,86023.65,86218.46,1845765.98104306
1791201600000,86218.46,86218.46,86090.01,86139.05,1050767.70373849
1791202500000,86139.05,86152.28,86033.93,86052.61,743576.147407
1791203400000,86052.61,86052.61,85834.69,85914.11,2148779.17657031
1791204300000,85914.11,85985.95,85848.35,85904.02,1136968.80316407
1791205200000,85904.02,86151.39,85904.01,86129.17,561193.018956
1791206100000,86129.17,86221.73,86021.17,86114.42,1116140.26046958
1791207000000,86114.42,86152.78,85795,85981.19,4052542.98687716
1791207900000,85981.19,86499.64,85878.5,86431.74,5716709.33735452
1791208800000,86431.74,86723.58,86255.78,86641.84,3908352.3700995
1791209700000,86641.84,86723.6,86261,86277.75,1609663.27196095
1791210600000,86277.75,86277.76,85453.18,85761.36,6842079.18236593
1791211500000,85761.36,85777.83,85483.09,85645.71,2652938.29971177
1791212400000,85645.71,85681.59,85473.47,85529.47,3943441.27914199
1791213300000,85529.47,85620.17,85500,85558.64,1034516.73137499
1791214200000,85558.64,85599.4,85192.27,85360.71,13635769.9017963
1791215100000,85360.71,85433.72,85204.43,85265.09,1079060.66244717
1791216000000,85265.09,85327.6,85171.49,85263.43,2747165.20778736
1791216900000,85263.43,85269.27,84980.62,85142.18,3474451.41218254
1791217800000,85142.18,85299.52,85126,85187.91,3208857.12671699
1791218700000,85187.91,85331.45,85160.94,85310.66,868269.64410238
1791219600000,85310.66,85310.66,85208.07,85270.01,464490.71286433
1791220500000,85270.01,85379.24,85265.75,85379.23,974771.02961167
1791221400000,85379.23,85383.79,85267.78,85346.2,784332.36915587
1791222300000,85346.2,85449.18,85229.98,85435.6,1607293.35103547
1791223200000,85435.6,85510.88,85342.07,85449.24,686582.04074224
1791224100000,85449.24,85615.01,85443.79,85564.01,985686.59496304
1791225000000,85564.01,85643.48,85513.77,85618.98,1226205.02926462
1791225900000,85618.98,85656.08,85590,85656.07,655520.29818881
1791226800000,85656.07,85698.27,85550.08,85667.4,1447069.45342493
1791227700000,85667.4,85800,85633.34,85729,1858440.70411229
1791228600000,85729,85797.55,85667.51,85727.93,727546.90480776
1791229500000,85727.93,85754.46,85660.44,85736.24,881525.1126753
1791230400000,85736.24,85778.44,85644.92,85692.77,730844.40177313
1791231300000,85692.77,85827.36,85692.77,85771.84,973548.77460937
1791232200000,85771.84,85830.37,85730.76,85799.56,854762.90250286
1791233100000,85799.56,85868.63,85780.71,85780.72,871469.9680527
1791234000000,85780.72,85787,85695.01,85745.91,1301622.33003921
1791234900000,85745.91,85843.2,85745.91,85802.08,402836.60799206
1791235800000,85802.08,85932.35,85802.07,85917.75,877960.01977344
1791236700000,85917.75,85993.09,85842.32,85950.15,650040.33369804
1791237600000,85950.15,86013.92,85846.45,85961.66,978816.42346987
1791238500000,85961.66,86025,85887.09,86003.99,1693437.33370976
1791239400000,86003.99,86012.97,85874.94,85977.43,3247654.22488958
1791240300000,85977.43,85987.4,85873.41,85929.86,305748.15503937
1791241200000,85929.86,86064.53,85836.01,85864.93,1240597.27632288
1791242100000,85864.93,85993.05,85835,85924.47,752827.74990343
1791243000000,85924.47,85924.47,85826.51,85841.46,405779.29818362
1791243900000,85841.46,85851.98,85727,85764.67,1746943.44520362
1791244800000,85764.67,85900.08,85764.66,85825.02,3424515.94550304
1791245700000,85825.02,85973.02,85816.65,85816.66,2789457.0971608
1791246600000,85816.66,85899.73,85775.44,85802.91,2402165.23978205
1791247500000,85802.91,85915.23,85772.21,85915.22,3081924.83776778
1791248400000,85915.22,86144.5,85915.22,86065.8,4353759.27871027
1791249300000,86065.8,86065.8,85853.01,85974.78,913406.52556544
1791250200000,85974.78,85985.59,85653.64,85665.2,1275965.64653489
1791251100000,85665.2,85733.98,85605.73,85667.89,1168717.38547897
1791252000000,85667.89,85667.89,85456.57,85456.57,951635.27676182
1791252900000,85456.57,85756.44,85453.19,85633.16,1322611.59516352
1791253800000,85633.16,85689.87,85490.99,85590,653279.34134064
1791254700000,85590,85596.82,85512.23,85536.4,356023.62481864
1791255600000,85536.4,85600.08,85518.58,85531.01,337319.43013101
1791256500000,85531.01,85610.72,85466.07,85466.08,655506.42206387
1791257400000,85466.08,85495.44,85324,85473.34,1462348.15998701
1791258300000,85473.34,85594.74,85468.46,85513.72,1713337.72742405
1791259200000,85513.72,85633.82,85513.72,85630.28,648532.28015497
1791260100000,85630.28,85641.99,85590,85590,331616.79968331
1791261000000,85590,85644.76,85558.01,85594.3,1129390.8217411
1791261900000,85594.3,85637.01,85571.01,85626.38,1458470.07564762
1791262800000,85626.38,85759.16,85588.54,85703.67,1002337.1389932
1791263700000,85703.67,85720.5,85648.61,85687.5,555360.04599416
1791264600000,85687.5,85708.17,85582.04,85598.64,472510.08872372
1791265500000,85598.64,85598.65,85513.37,85523,1086994.01382632
1791266400000,85523,85523.01,85150.01,85164.73,2844501.46794956
1791267300000,85164.73,85306.69,85138,85266.78,2078321.68910636
1791268200000,85266.78,85367.39,85255.26,85346.31,1726210.42791952
1791269100000,85346.31,85393.85,85313.3,85313.31,989982.0865485
1791270000000,85313.31,85389.99,85281.91,85389.99,1937705.83361245
1791270900000,85389.99,85422.68,85308.49,85308.5,400032.31067201
1791271800000,85308.5,85523.81,85308.49,85523,1603346.59489588
1791272700000,85523,85643.78,85523,85569.26,950555.93178778
1791273600000,85569.26,86030,85559.15,85790.94,3831262.61255222
1791274500000,85790.94,85945.74,85767.93,85886.91,659186.22493218
1791275400000,85886.91,85965.77,85800.01,85959.79,3824144.69485669
1791276300000,85959.79,86060.62,85921.06,86026.12,2730701.20499562
1791277200000,86026.12,86067.63,85882,85931.79,1275300.76609092
1791278100000,85931.79,86133.06,85655.62,85787.37,4530605.16946738
1791279000000,85787.37,85971.54,85753.74,85905.21,1333127.93572038
1791279900000,85905.21,86241.5,85872.64,85986.04,5103792.47998371
1791280800000,85986.04,86171.74,85949.02,86158.73,2757636.29664328
1791281700000,86158.73,86158.73,86011.8,86134.84,2058979.54427436
1791282600000,86134.84,86200,86002.62,86185.01,644550.43510779
1791283500000,86185.01,86262.4,86121.02,86155.43,2209075.02680699
1791284400000,86155.43,86212.13,86058.82,86176.27,1440030.3607623
1791285300000,86176.27,86379.3,86174.21,86194.64,7864157.07640257
1791286200000,86194.64,86346.88,86172.28,86319.07,2852175.68275187
1791287100000,86319.07,86365.06,86229.01,86242.07,1440070.33408295
1791288000000,86242.07,86400,86217.32,86368.28,3010952.40957102
1791288900000,86368.28,86400,86121,86136,2252056.81252929
1791289800000,86136,86284.19,86107.29,86262.38,1458555.09943342
1791290700000,86262.38,86324.77,86141.2,86205.64,2295300.41326752
1791291600000,86205.64,86232.09,86071.98,86079.63,3032081.50448988
1791292500000,86079.63,86115.55,85966.68,86014.92,3751650.57519329
1791293400000,86014.92,86447.53,85986.96,86366.9,5200593.48614607
1791294300000,86366.9,86487.99,86247.46,86312.74,1736126.67303266
1791295200000,86312.74,86375.86,86079.9,86316.17,3787588.78899561
1791296100000,86316.17,86349.74,85950,86019.74,4345230.77804773
1791297000000,86019.74,86368.77,85995.84,86300.41,2857207.23978543
1791297900000,86300.41,86636.36,86196.5,86598.24,6062350.20009423
1791298800000,86598.24,86696.72,86527.4,86585.87,5485749.8032206
1791299700000,86585.87,86650.17,86235.3,86269.34,3373860.08543496
1791300600000,86269.34,86487.91,86089.02,86096.01,9755296.09604839
1791301500000,86096.01,86117.85,85721,85721,7190806.33697005
1791302400000,85721,85860.69,85715.76,85798.02,2697941.08579276
1791303300000,85798.02,85810.92,85660.32,85731.41,2455642.29627036
1791304200000,85731.41,85780.95,85576.59,85723.66,2927814.73756776
1791305100000,85723.66,85753.87,85588.01,85592.64,3998474.83773813
1791306000000,85592.64,85662.59,85512.5,85542.16,774299.80639951
1791306900000,85542.16,85663.95,85480,85634,760644.95486263
1791307800000,85634,85653.52,85523.01,85604.26,945798.39070239
1791308700000,85604.26,85755.37,85546.61,85730.16,793571.50030676
1791309600000,85730.16,85827.21,85730.16,85778.91,634998.17044712
1791310500000,85778.91,85809.6,85647,85728.42,1115024.94095224
1791311400000,85728.42,85729.84,85554.75,85631.36,1127022.1324731
1791312300000,85631.36,85635.64,85511.53,85516.17,684914.87659814
1791313200000,85516.17,85564.86,85420.59,85493.73,1190328.28608318
1791314100000,85493.73,85545.39,85439.01,85498.68,580075.86608631
1791315000000,85498.68,85601.17,85496.71,85496.72,297018.39771266
1791315900000,85496.72,85696.16,85496.71,85615,1338172.68301557
1791316800000,85615,85640.51,85578.24,85635.52,650769.31132092
1791317700000,85635.52,85680.61,85605.97,85619.65,924745.50653417
1791318600000,85619.65,85674.18,85611.77,85632.35,274375.52480188
1791319500000,85632.35,85679.32,85603,85617.8,590990.86923452
1791320400000,85617.8,85635.75,85524.96,85567.03,641522.53864658
1791321300000,85567.03,85588.34,85504.12,85586.87,409552.81301762
1791322200000,85586.87,85628.76,85580.48,85593.93,445792.29676837
1791323100000,85593.93,85629.84,85551.37,85625.42,687384.59719954
1791324000000,85625.42,85672.52,85581,85587.81,695754.27757813
1791324900000,85587.81,85635.67,85488.01,85490.98,873906.38648941
1791325800000,85490.98,85561.06,85474.13,85559.37,227155.65885098
1791326700000,85559.37,85593.35,85540.45,85540.46,87445.69181236
1791327600000,85540.46,85562.77,85500.01,85506.24,209045.77181504
1791328500000,85506.24,85538.82,85450,85507.86,754520.39109254
1791329400000,85507.86,85589.07,85353.85,85585.17,3502784.81670905
1791330300000,85585.17,85628.21,85558.05,85558.05,925418.50369862
1791331200000,85558.05,85611.3,85474.01,85585.13,886933.63056359
1791332100000,85585.13,85603.85,85415.63,85415.63,290934.37867504
1791333000000,85415.63,85581.91,85405.02,85516.9,422856.75607065
1791333900000,85516.9,85571.62,85506.55,85545.07,469607.07867683
1791334800000,85545.07,85545.07,85410.32,85454.5,829868.64102118
1791335700000,85454.5,85454.5,85256.49,85271,2236456.03819212
1791336600000,85271,85353.5,85194,85309.12,1853328.73997773
1791337500000,85309.12,85351.46,84390,84390,12365881.53213717
1791338400000,84390,84554.42,83581.77,83956.01,12531774.62062623
1791339300000,83956.01,84114.6,83713.79,83861.26,6558304.13281817
1791340200000,83861.26,84010.09,83800.53,83820.41,2218419.94557318
1791341100000,83820.41,83957.05,83808.02,83868.44,1903193.51921197
1791342000000,83868.44,84119.27,83868.44,83964.69,2129309.96398796
1791342900000,83964.69,84127.79,83964.69,83988.13,1285282.94655945
1791343800000,83988.13,84165.43,83988.12,84148.03,664575.13234111
1791344700000,84148.03,84247.8,84127.89,84162.86,1585900.70357317
1791345600000,84162.86,84227.9,84096,84152.48,1532771.5850249
1791346500000,84152.48,84188.42,84055.58,84153.62,915287.31815539
1791347400000,84153.62,84153.63,84039,84126.93,1909247.47639319
1791348300000,84126.93,84182.91,84087.01,84102.94,754353.21763091
1791349200000,84102.94,84225.59,84079.66,84176.27,1031825.99829758
1791350100000,84176.27,84249.22,84171.54,84198.83,557705.4161241
1791351000000,84198.83,84254.55,84177,84233.31,531002.25954478
1791351900000,84233.31,84349.38,84228.76,84334.22,1005269.87616558
1791352800000,84334.22,84363.64,84262.18,84298.05,1913481.89393584
1791353700000,84298.05,84300.28,84147.92,84193.17,2114405.20866271
1791354600000,84193.17,84382.35,84180,84329.42,2444934.37696152
1791355500000,84329.42,84359.8,84226.3,84229.01,1011699.23616503
1791356400000,84229.01,84267.6,84153.8,84267.6,859525.15176904
1791357300000,84267.6,84268.02,84172.68,84234.91,1337515.12067949
1791358200000,84234.91,84310.42,84225.1,84301.38,1617320.19385191
1791359100000,84301.38,84301.38,84090.79,84142.92,1889710.3126494
1791360000000,84142.92,84153.92,84016.35,84052.78,9658397.76349928
1791360900000,84052.78,84074.21,83970.53,84051.29,2433532.79265755
1791361800000,84051.29,84189.39,83980,84010.34,1298898.62461844
1791362700000,84010.34,84041.97,83955.01,83959.26,1269474.62786965
1791363600000,83959.26,84009.81,83908.33,83941.36,1936879.98088825
1791364500000,83941.36,83968.35,83784.39,83860.55,3457151.71995174
1791365400000,83860.55,83882.54,83653.66,83794.81,3091047.61113664
1791366300000,83794.81,83844.41,83700.75,83810.11,1770455.01021639
1791367200000,83810.11,83925.89,83453.99,83851.89,10794289.57872266
1791368100000,83851.89,83946.48,83798.33,83885.76,2977738.76983523
1791369000000,83885.76,83934.42,83648.01,83648.01,1993193.08246112
1791369900000,83648.01,83845.39,83648.01,83752.73,1797218.53850954
1791370800000,83752.73,83844.34,83693.13,83838.55,1158439.81111073
1791371700000,83838.55,83838.55,83606.7,83730.3,1590068.728451
1791372600000,83730.3,83735.2,83589.05,83660.28,1878920.98720559
1791373500000,83660.28,83752.06,83538.16,83740.92,1769344.15451603
1791374400000,83740.92,83769.47,83600,83663.45,2199204.75384014
1791375300000,83663.45,83686.56,83442.42,83482.95,2079804.62864076
1791376200000,83482.95,83736.73,83456.29,83521.06,5097178.84559617
1791377100000,83521.06,83528.1,83423.29,83505.61,2528534.71499183
1791378000000,83505.61,83564.85,83327.07,83393.66,9796254.60166015
1791378900000,83393.66,83497.91,83266.05,83325.61,3082464.849219
1791379800000,83325.61,83487.83,83082.14,83102.59,6262588.37750587
1791380700000,83102.59,83416.67,82771.72,83194,9741315.11163423
1791381600000,83194,83321.82,83071,83183.17,6181038.01934256
1791382500000,83183.17,83267.08,82995.01,83089.83,3305195.95223517
1791383400000,83089.83,83212.57,82970.61,82989.12,1350368.6128534
1791384300000,82989.12,83064.16,82933.32,83017.71,1266009.52266246
1791385200000,83017.71,83164.69,82818.18,83095.92,4316489.29219159
1791386100000,83095.92,83175.53,82906.35,83074.11,3522061.55712178
1791387000000,83074.11,83352.94,83065.35,83317.75,1460305.09083304
1791387900000,83317.75,83463.41,83298.41,83459.15,1623435.21961301
1791388800000,83459.15,83624.63,83343.99,83519.25,5666800.65856916
1791389700000,83519.25,83658,83463.74,83566.51,1393259.59360218
1791390600000,83566.51,83681.83,83400,83459.15,3395462.78472901
1791391500000,83459.15,83503.2,83367.8,83388.09,1439062.96906809
1791392400000,83388.09,83624.56,83359,83530,3313751.56560872
1791393300000,83530,83533.33,83211.01,83214.39,1549938.38937868
1791394200000,83214.39,83304.48,83066.68,83124,4956746.11640073
1791395100000,83124,83211.6,83068.01,83167,924451.73248605
1791396000000,83167,83475.93,83166.25,83356.64,2014299.88999704
1791396900000,83356.64,83400.68,83247.01,83375.75,786150.5889933
1791397800000,83375.75,83388.55,83296.74,83323.85,389957.69612751
1791398700000,83323.85,83493.98,83318.99,83422.74,1225178.98219995
1791399600000,83422.74,83500,83355.02,83400.96,456906.49852743
1791400500000,83400.96,83518.99,83400.96,83461.35,405430.95842535
