1782330300000,293.015,293.33,292.94,293.3,1679218172.725657
1782331200000,293.156,294.888,293.125,294.45,113056981.3615952
1782332100000,294.45,294.644,293.51,293.989,136133173.16578048
1782333000000,293.963,294.1,293.066,293.198,17704644.06167126
1782333900000,293.198,293.429,292.659,293.198,37057676.65016661
1782334800000,293.198,293.32,293.01,293.18,11123375.657183453
1782335700000,293.18,293.645,293.18,293.644,3339744.2048723954
1782336600000,293.644,293.7,293.45,293.45,18310365.10148427
1782337500000,293.45,293.534,293.12,293.39,4376895.787662831
1782338400000,293.39,293.608,293.09,293.201,6913083.15093125
1782339300000,293.197,293.297,293.05,293.053,4920673.923534221
1782340200000,293.052,293.052,292.375,292.606,4300475.995237954
1782341100000,292.607,292.615,292.001,292.175,5973536.913037731
1782342000000,292.175,292.214,291.306,291.519,6863814.71858073
1782342900000,291.524,291.999,291.524,291.881,4748063.947231804
1782343800000,291.88,292.093,290.726,290.964,13322588.879674155
1782344700000,290.97,291.489,290.951,290.97,8100523.213455827
1782345600000,291.01,291.43,290.49,291.06,895038.37
1782346500000,291.09,291.23,291.04,291.14,259983.67
1782347400000,291.17,291.21,291.02,291.04,531586.19
1782348300000,291.03,291.41,290.94,291.17,827641.17
1782349200000,291.26,291.63,291.17,291.51,1348234.71
1782350100000,291.56,291.77,291.45,291.45,691746.32
1782351000000,291.54,291.55,291.35,291.37,1500470.5
1782351900000,291.42,291.51,291.35,291.35,275401.24
1782352800000,291.38,291.5,291.32,291.35,877868.2
1782353700000,291.47,291.51,291.36,291.4,252367.82
1782354600000,291.43,291.59,291.36,291.48,690384.39
1782355500000,291.53,291.53,290.97,291.16,2218698.16
1782356400000,291.24,291.32,291.14,291.31,243200.1
1782357300000,291.24,291.33,291.05,291.33,434465.67
1782358200000,291.31,291.51,291.19,291.23,514698.36
1782359100000,291.34,291.34,291.1,291.11,659413.02
1782360000000,291.19,291.26,290.84,290.84,793888.72
1782360900000,290.84,291.1,290.65,290.81,536263.91
1782361800000,290.85,290.94,290.69,290.77,524609.38
1782362700000,290.79,291.26,290.79,291.01,1271395.02
1782363600000,291.19,291.19,290.73,290.86,934924.1
1782364500000,290.86,290.99,290.79,290.86,295233.87
1782365400000,290.84,291.01,290.78,290.86,593060.16
1782366300000,290.96,290.97,290.59,290.64,1497653.65
1782367200000,290.67,291.13,290.57,291.06,1049752.8
1782368100000,291.18,291.2,290.96,291.14,593227.86
1782369000000,291.15,291.28,291.0,291.17,512146.63
1782369900000,291.22,291.37,291.0,291.35,1697549.09
1782370800000,291.37,291.79,291.32,291.34,1419877.15
1782371700000,291.42,293.01,291.31,292.77,2086720.14
1782372600000,292.73,292.97,292.4,292.6,1390743.37
1782373500000,292.6,292.6,292.14,292.22,1326229.34
1782374400000,291.173,292.59,291.173,291.84,28755341.217814907
1782375300000,291.84,292.019,291.685,291.685,991255.320570337
1782376200000,291.685,291.85,291.685,291.685,548530.4776787627
1782377100000,291.685,292.03,291.685,291.685,209817.5598
1782378000000,291.685,291.79,291.44,291.44,2246675.4289812804
1782378900000,291.44,291.59,291.44,291.53,739391.3486741056
1782379800000,291.532,291.59,291.532,291.59,421187.5721840689
1782380700000,291.59,291.671,291.59,291.671,316226.8798505139
1782381600000,291.702,291.88,291.702,291.88,684874.14322858
1782382500000,291.882,291.89,291.55,291.55,1257251.243845392
1782383400000,291.55,291.55,291.42,291.425,902464.2167758688
1782384300000,291.425,291.61,291.315,291.595,1161563.911195821
1782385200000,291.593,291.593,291.13,291.47,6369288.595649342
1782386100000,291.47,291.635,291.426,291.475,3793788.4221140356
1782387000000,291.496,291.63,291.1,291.446,5327550.718508303
1782387900000,291.437,291.442,290.8,291.055,9786932.819968753
1782388800000,291.055,291.593,291.055,291.06,6422114.929515755
1782389700000,291.06,291.47,291.024,291.205,1223398.1238068
1782390600000,291.205,293.94,290.74,291.043,76653769.79943307
1782391500000,291.047,291.5,290.78,291.045,14204891.884835104
1782392400000,291.045,291.067,290.108,290.345,21127640.891084034
1782393300000,290.345,290.573,287.31,287.5,51755672.30189405
1782394200000,287.51,288.715,277.88,278.13,2470661153.1211114
1782395100000,278.145,279.93,277.67,278.96,1553851007.7415392
1782396000000,278.95,280.16,277.97,278.46,1080459793.28918
1782396900000,278.455,279.77,277.495,279.651,1038847634.8100544
1782397800000,279.62,280.11,278.59,279.668,690619806.4731879
1782398700000,279.74,279.98,277.48,277.595,690665524.5806035
1782399600000,277.655,278.085,276.78,277.01,687898556.7800491
1782400500000,277.03,277.99,276.44,277.634,743788283.9122686
1782401400000,277.64,279.47,277.59,279.284,581121954.4749345
1782402300000,279.28,279.64,277.64,277.847,495850625.55978096
1782403200000,277.863,278.18,276.32,276.47,602090171.7287316
1782404100000,276.48,276.64,274.46,274.56,858963920.318762
1782405000000,274.565,275.0,273.78,274.701,836722461.7387825
1782405900000,274.765,275.145,274.11,275.12,862376886.2791384
1782406800000,275.14,277.54,275.009,277.181,1095169829.6815865
1782407700000,277.18,278.39,277.04,277.991,953564478.32137
1782408600000,278.05,278.1,276.985,277.067,452583860.2102624
1782409500000,277.075,277.075,276.2,276.79,671382048.0886413
1782410400000,276.727,278.855,276.22,278.28,607196009.6059003
1782411300000,278.285,280.155,278.075,279.374,613661348.3080977
1782412200000,279.375,280.19,278.81,279.757,528451128.56778324
1782413100000,279.74,279.746,279.03,279.435,390229344.1792912
1782414000000,279.41,279.426,276.3,276.52,827373394.6923854
1782414900000,276.52,278.07,276.04,276.72,859242758.4430996
1782415800000,276.72,277.03,275.34,275.401,1223873585.952946
1782416700000,274.31,275.22,274.13,275.22,3079181834.3238907
1782417600000,274.921,275.231,274.207,274.943,389536498.4390993
1782418500000,274.942,275.672,274.94,275.598,31180965.029255155
1782419400000,275.599,275.653,275.106,275.25,64296719.387061946
1782420300000,275.25,275.355,275.096,275.324,7292711.117511333
1782421200000,275.322,275.443,275.29,275.29,5080776.383915388
1782422100000,275.29,275.42,275.29,275.385,5009707.88361602
1782423000000,275.387,275.394,275.08,275.15,12790567.03644018
1782423900000,275.15,275.15,275.115,275.115,5911666.07867012
1782424800000,275.115,275.31,274.918,275.204,8980411.203751283
1782425700000,275.199,275.36,275.06,275.324,4586931.148668829
1782426600000,275.325,275.615,275.325,275.429,10127043.22290567
1782427500000,275.426,275.6,275.4,275.461,2031446.458724688
1782428400000,275.459,276.189,275.452,276.189,5015299.04521829
1782429300000,276.191,277.81,276.031,277.73,17959360.579969127
1782430200000,277.73,277.84,276.62,276.65,9613297.642758347
1782431100000,276.65,276.809,275.985,276.285,7956718.221360632
1782432000000,276.76,277.34,276.37,277.34,825464.6
1782432900000,277.3,277.36,276.64,277.28,1072662.1
1782433800000,277.28,277.28,276.53,277.2,1249158.61
1782434700000,277.19,277.2,276.89,276.99,434970.36
1782435600000,276.9,276.99,276.1,276.68,1830572.27
1782436500000,276.65,277.12,276.61,276.78,606031.41
1782437400000,276.77,276.77,275.95,275.99,752187.25
1782438300000,275.98,276.12,275.57,275.66,1199282.45
1782439200000,275.72,276.01,275.63,275.94,990627.66
1782440100000,275.94,277.01,275.74,276.74,1866864.78
1782441000000,276.76,276.76,275.82,276.04,741543.56
1782441900000,276.02,276.02,275.3,275.3,1770393.04
1782442800000,275.31,275.38,274.69,274.95,3076489.38
1782443700000,274.86,275.4,274.77,275.21,1058384.24
1782444600000,275.26,275.26,274.79,275.15,460739.66
1782445500000,275.12,275.38,274.97,275.12,1747174.4
1782446400000,275.29,275.3,274.12,274.21,1799530.85
1782447300000,274.29,274.47,274.19,274.47,1491014.6
1782448200000,274.48,274.5,273.58,273.75,2014797.19
1782449100000,273.76,273.9,273.32,273.89,4323197.81
1782450000000,273.87,274.38,273.75,274.19,1160603.13
1782450900000,274.16,274.44,273.9,274.41,480285.95
1782451800000,274.45,274.72,273.96,274.0,1099993.73
1782452700000,274.0,274.24,273.82,274.06,564951.91
1782453600000,274.0,274.07,273.63,273.93,902387.93
1782454500000,273.93,274.49,273.8,274.49,1251334.12
1782455400000,274.48,275.05,274.4,275.02,1101743.61
1782456300000,275.05,275.5,274.97,275.24,1190165.2
1782457200000,275.28,275.3,274.55,274.75,1587765.08
1782458100000,274.96,275.12,274.66,274.91,626671.04
1782459000000,274.97,275.46,274.9,275.04,901894.45
1782459900000,275.13,275.51,275.02,275.49,541888.5
1782460800000,275.44,276.137,275.256,276.01,42324838.54531105
1782461700000,276.36,276.36,275.456,275.72,2828363.664865113
1782462600000,275.68,275.735,275.406,275.65,1193598.0941689974
1782463500000,275.393,275.543,275.1,275.1,2088147.4196612292
1782464400000,275.1,275.323,274.91,275.323,2219363.728109332
1782465300000,275.324,275.325,274.915,275.155,1014764.821342944
1782466200000,275.153,276.366,275.045,276.029,5062404.442578519
1782467100000,275.77,276.254,275.76,275.8,2518298.3321081353
1782468000000,275.884,276.53,275.805,276.46,7136419.421088994
1782468900000,276.46,277.204,276.34,277.18,6220631.656623703
1782469800000,276.88,277.21,276.645,276.88,4346687.409633189
1782470700000,276.48,276.735,276.48,276.48,875975.3971837361
1782471600000,276.59,276.669,276.53,276.587,18138711.202889036
1782472500000,276.34,276.8,276.3,276.61,12089250.022295073
1782473400000,276.65,276.77,275.918,276.16,16901282.335482996
1782474300000,276.03,276.409,275.865,276.24,5411699.602725223
1782475200000,276.23,277.7,276.23,277.61,14080757.791060308
1782476100000,277.68,278.1,277.46,277.51,20331793.91827591
1782477000000,277.62,277.707,277.498,277.62,45028490.81323172
1782477900000,277.51,277.62,276.905,277.07,18022249.27292048
1782478800000,276.7,276.915,275.76,275.87,22294971.99309213
1782479700000,275.929,276.064,274.49,275.098,37754259.86306887
1782480600000,275.13,278.18,274.25,276.9,1749930595.1841946
1782481500000,276.95,277.26,275.45,275.75,1058719750.5264097
1782482400000,275.72,278.34,275.555,278.21,870227183.5946286
1782483300000,278.155,278.92,276.94,278.28,742885634.12554
1782484200000,278.3,280.0,278.09,279.318,903551819.0120702
1782485100000,279.36,280.23,278.945,279.835,678126433.3926026
1782486000000,279.86,280.45,279.17,279.59,646895976.1358422
1782486900000,279.59,280.01,278.41,279.0,674094276.3109156
1782487800000,279.03,279.44,277.55,278.16,1120595468.552814
1782488700000,278.145,278.36,277.0,277.16,800221099.1675597
1782489600000,277.18,277.33,275.59,275.99,736895559.8526299
1782490500000,275.98,276.605,275.24,275.89,1008705166.5494552
1782491400000,275.92,278.145,275.882,278.1,567458755.0398054
1782492300000,278.105,279.35,277.95,278.9,681426855.1071849
1782493200000,278.89,279.34,278.435,278.86,466896982.5921322
1782494100000,278.87,279.305,278.6,279.23,503406586.3461686
1782495000000,279.22,279.86,279.02,279.45,415156488.5085668
1782495900000,279.4,279.73,278.66,279.21,437906035.4781479
1782496800000,279.21,281.27,278.9,281.046,795668283.4766785
1782497700000,281.055,281.29,279.83,280.185,662247161.1434761
1782498600000,280.21,281.81,280.09,281.18,905203695.8622727
1782499500000,281.155,281.325,280.265,280.705,922247080.0810765
1782500400000,280.735,281.83,280.39,281.42,1077639476.9393852
1782501300000,281.46,281.83,279.43,280.176,1469222471.5369074
1782502200000,280.14,281.42,280.095,281.23,1548642591.708095
1782503100000,281.23,285.96,280.99,281.86,5119963657.206474
1782504000000,281.28,283.448,281.28,282.95,5824234953.698582
1782504900000,282.44,282.736,282.407,282.52,24387719.475620657
1782505800000,282.26,282.573,282.188,282.28,38802309.738999456
1782506700000,282.29,282.523,282.146,282.29,24209579.373820025
1782507600000,282.325,282.435,282.26,282.35,10600053.242302235
1782508500000,282.15,282.449,282.15,282.31,10729833.54624145
1782509400000,282.375,282.397,281.5,281.747,7432522.590701345
1782510300000,281.749,282.134,281.645,281.755,21928351.360095818
1782511200000,281.718,282.24,281.535,282.24,1582297.4840829547
1782512100000,282.24,282.374,281.827,282.275,2758705.839881976
1782513000000,282.65,282.8,282.289,282.65,5916678.617285268
1782513900000,282.8,282.973,282.325,282.425,5133297.956226034
1782514800000,282.425,282.425,282.205,282.328,674847.1087763521
1782515700000,282.335,282.485,282.175,282.48,2170462.2794667925
1782516600000,282.48,282.724,282.235,282.325,3706819.1330067418
1782517500000,282.308,282.8,282.283,282.621,1950923.8927328137
1782518400000,282.609,282.609,282.552,282.552,123.35589
1782519300000,285.22,285.27,285.22,285.27,217.816737
1782520200000,285.31,285.31,285.31,285.31,20.998816
1782540900000,285.39,285.43,285.18,285.18,381.758204
1782541800000,285.11,285.11,285.07,285.07,36.778074
1782542700000,285.07,285.07,285.07,285.07,19.042676
1782545400000,285.07,285.07,284.89,284.89,120.946852
1782564300000,285.47,285.57,285.04,285.04,413.141376
1782565200000,284.79,284.99,281.31,281.93,943.139162
1782570600000,282.19,282.67,281.72,281.72,2580.336474
1782572400000,281.93,282.43,281.63,281.63,622.838129
1782573300000,281.8,281.96,281.56,281.84,640.754293
1782574200000,281.83,282.02,281.83,282.02,3579.725441
1782575100000,282.02,282.14,281.83,282.14,23993.152682
1782576000000,281.83,281.83,281.83,281.83,82.29436
1782576900000,282.15,282.15,281.83,281.83,70.892286
1782577800000,282.15,282.2,282.15,282.15,79.94012
1782579600000,282.2,283.25,282.15,282.68,4359.149392
1782590400000,283.29,283.29,283.29,283.29,99.973041
1782603000000,283.29,283.29,283.08,283.08,22.371615
1782609300000,283.29,283.29,282.99,282.99,872.503291
1782625500000,283.3,283.3,283.3,283.3,25.58199
1782626400000,283.0,283.0,283.0,283.0,9.6503
1782641700000,283.33,283.39,283.33,283.39,149.976655
1782650700000,283.39,283.42,283.39,283.42,104.972345
1782655200000,283.42,283.53,283.42,283.53,192.962934
1782658800000,283.25,283.25,283.25,283.25,46.368025
1782660600000,283.16,283.16,283.13,283.13,123.42201
1782662400000,283.57,283.57,283.33,283.33,50.96431
1782665100000,283.59,283.59,283.3,283.3,70.86558
1782683100000,283.3,283.3,283.12,283.12,27.92237
1782686700000,283.59,283.59,283.23,283.23,49.951342
1782691200000,285.15,285.15,282.49,284.56,3192289.3
1782692100000,284.53,284.56,283.83,283.88,1682143.74
1782693000000,283.88,286.0,283.8,285.49,2615825.36
1782693900000,285.51,285.51,284.73,285.04,520020.36
1782694800000,285.03,285.15,284.64,284.69,993796.97
1782695700000,284.69,284.74,284.38,284.43,797894.9
1782696600000,284.4,285.5,284.37,285.16,1558589.25
1782697500000,285.18,285.37,284.92,285.11,347810.73
1782698400000,285.01,285.03,283.77,283.77,1096928.92
1782699300000,283.89,284.69,283.8,284.66,518213.3
1782700200000,284.65,285.14,284.3,285.03,510072.07
1782701100000,285.13,285.23,284.79,284.85,457863.48
1782702000000,284.85,285.61,284.85,285.3,1117837.34
1782702900000,285.29,285.32,284.9,285.11,290484.62
1782703800000,285.04,285.04,284.52,284.62,189065.03
1782704700000,284.63,285.65,284.6,285.5,1044036.48
1782705600000,285.48,285.5,285.04,285.1,223034.3
1782706500000,285.16,285.41,284.69,284.69,385168.93
1782707400000,284.74,284.78,284.59,284.59,203839.05
1782708300000,284.6,285.24,284.6,284.91,551696.88
1782709200000,284.8,285.21,284.61,285.19,451143.72
1782710100000,285.17,285.18,284.99,285.18,100341.87
1782711000000,285.14,285.36,285.08,285.26,296610.64
1782711900000,285.3,285.35,284.98,285.14,225851.56
1782712800000,285.12,285.12,284.8,285.0,399735.62
1782713700000,285.04,285.11,284.91,285.09,158460.01
1782714600000,285.0,285.29,284.99,285.1,1013971.6
1782715500000,285.06,285.06,284.57,284.86,804226.46
1782716400000,284.81,284.81,284.12,284.3,822460.78
1782717300000,284.33,284.57,284.33,284.5,420099.41
1782718200000,284.5,284.56,284.19,284.54,1152226.18
1782719100000,284.49,284.58,284.3,284.3,794938.1
1782720000000,282.915,284.727,282.915,283.773,24889228.41686778
1782720900000,283.26,283.769,283.148,283.25,4016098.050100822
1782721800000,283.9,283.965,283.276,283.51,1759176.7997821183
1782722700000,283.485,283.574,282.93,282.93,1592756.793882327
1782723600000,282.942,283.4,282.942,283.4,3475784.576626123
1782724500000,283.4,283.84,283.368,283.84,2158186.6408681516
1782725400000,284.01,284.01,283.485,283.74,3137746.2003846224
1782726300000,283.469,284.05,283.385,283.875,1485634.1005203763
1782727200000,284.01,284.145,283.875,284.035,3233581.6023576963
1782728100000,283.88,284.135,283.8,283.88,1863207.0300500474
1782729000000,283.884,284.075,283.731,283.731,2001691.781579736
1782729900000,283.74,283.85,283.73,283.74,1787190.7220363962
1782730800000,284.21,284.3,283.532,284.16,9776525.480876967
1782731700000,284.2,284.22,283.826,284.055,7517663.934423435
1782732600000,284.0,284.4,284.0,284.19,7323303.759579536
1782733500000,284.205,284.4,284.19,284.38,6140150.967207864
1782734400000,284.22,284.55,284.195,284.49,6159238.583263603
1782735300000,284.3,284.453,283.84,283.84,6768748.571655382
1782736200000,283.81,283.935,283.04,283.04,9842876.020237258
1782737100000,283.42,283.778,283.161,283.53,3850541.9421626837
1782738000000,283.67,284.833,283.619,284.79,9271141.527361162
1782738900000,284.78,286.757,284.456,286.67,47805300.03215132
1782739800000,286.7,288.34,283.74,284.025,1036307248.2952619
1782740700000,284.05,285.21,283.535,283.97,753870531.9375871
1782741600000,283.985,284.02,281.82,281.82,530518468.298973
1782742500000,281.75,282.37,280.45,280.785,531920659.36105245
1782743400000,280.661,282.29,280.335,281.506,809863163.8705193
1782744300000,281.585,282.82,281.28,281.81,510178230.50159913
1782745200000,281.83,282.15,280.72,281.94,581954889.7305974
1782746100000,281.96,282.43,281.645,282.36,315642511.34547967
1782747000000,282.39,282.74,281.88,282.67,471201343.8364995
1782747900000,282.699,283.0,281.485,281.527,732956597.3229139
1782748800000,281.54,281.62,280.35,280.41,480275841.56517094
1782749700000,280.43,281.3,280.22,280.6,555178715.8846503
1782750600000,280.58,280.79,279.94,280.13,333172266.6775304
1782751500000,280.19,280.76,279.865,280.3,383697031.06264585
1782752400000,280.32,280.49,279.86,280.075,374891122.2179419
1782753300000,280.11,281.55,280.095,281.47,373437778.20576096
1782754200000,281.47,281.89,281.33,281.51,292899927.80129427
1782755100000,281.5,282.29,281.44,282.02,386755900.3136612
1782756000000,282.035,282.036,280.995,281.451,225074759.05820215
1782756900000,281.42,281.68,280.86,281.545,255260542.2007411
1782757800000,281.55,282.345,281.49,282.14,438817684.9480948
1782758700000,282.14,282.29,281.46,282.055,334341935.26673573
1782759600000,282.075,283.04,281.93,282.63,398257441.473033
1782760500000,282.63,282.89,282.3,282.69,424334047.346082
1782761400000,282.69,282.74,281.66,281.835,762353523.3111712
1782762300000,281.8,282.41,281.5,281.7,1080507374.8266025
1782763200000,281.79,281.881,281.197,281.45,4715854258.187203
1782764100000,281.67,281.7,281.467,281.7,3004843.341129135
1782765000000,281.717,281.798,281.615,281.654,4191526.21257465
1782765900000,281.55,281.7,281.36,281.56,19893349.11770474
1782766800000,281.511,281.583,281.39,281.42,62031515.26613742
1782767700000,281.42,281.544,281.42,281.431,958189.08260636
1782768600000,281.51,281.529,281.376,281.51,1565363.27094932
1782769500000,281.41,281.53,281.41,281.525,501206773.0971326
1782770400000,281.27,281.583,281.123,281.5,2047668.18076446
1782771300000,281.45,281.585,281.156,281.27,1620724.43310682
1782772200000,281.156,281.255,281.07,281.25,2755710.54133217
1782773100000,281.25,281.25,281.083,281.115,2541034.63698788
1782774000000,281.17,281.35,281.1,281.17,1044314.55214162
1782774900000,281.35,281.35,281.136,281.175,2491773.06888842
1782775800000,281.175,281.225,281.157,281.224,2120126.0861381562
1782776700000,281.24,281.359,281.036,281.24,3599059.2770027
1782777600000,281.25,281.55,280.75,281.06,482279.83
1782778500000,281.05,281.14,280.85,280.88,427979.09
1782779400000,280.87,280.88,280.59,280.63,555783.04
1782780300000,280.63,281.2,280.63,281.14,314711.28
1782781200000,281.1,281.1,280.89,280.99,242468.62
1782782100000,280.98,281.47,280.82,281.39,316008.08
1782783000000,281.45,281.48,281.14,281.44,114210.74
1782783900000,281.43,281.45,281.23,281.42,52045.8
1782784800000,281.43,281.43,281.19,281.19,62999.8
1782785700000,281.19,281.39,281.08,281.37,224134.5
1782786600000,281.37,281.37,281.07,281.1,256184.54
1782787500000,281.11,281.24,280.96,280.98,280801.42
1782788400000,280.97,281.16,280.82,281.0,110148.94
1782789300000,281.04,281.18,280.87,280.93,224808.69
1782790200000,281.02,281.18,280.87,281.08,187455.09
1782791100000,281.09,281.29,281.09,281.1,359337.62
1782792000000,281.16,281.4,281.16,281.19,283509.81
1782792900000,281.19,281.34,281.15,281.27,116983.45
1782793800000,281.25,281.6,281.14,281.53,341301.04
1782794700000,281.53,281.59,281.41,281.5,159876.55
1782795600000,281.57,281.68,281.52,281.57,224423.56
1782796500000,281.57,281.66,281.51,281.58,88137.87
1782797400000,281.57,281.57,281.34,281.52,174501.48
1782798300000,281.52,281.62,281.43,281.56,242978.99
1782799200000,281.64,281.66,281.51,281.57,186970.33
1782800100000,281.57,281.69,281.4,281.55,262159.98
1782801000000,281.55,281.55,281.36,281.43,157600.36
1782801900000,281.43,281.58,281.38,281.57,236402.56
1782802800000,281.58,281.59,281.46,281.58,433250.66
1782803700000,281.55,281.67,281.49,281.56,452226.94
1782804600000,281.57,281.7,281.52,281.59,654470.32
1782805500000,281.54,281.54,281.21,281.25,330652.3
1782806400000,281.42,281.42,281.158,281.42,10898719.95011319
1782807300000,281.41,281.41,281.045,281.41,882604.72706144
1782808200000,280.98,281.27,280.722,280.98,2053499.86192331
1782809100000,280.89,280.905,280.65,280.89,883636.7755538
1782810000000,280.895,280.96,280.895,280.96,290360.00704883
1782810900000,280.91,280.96,280.901,280.945,1085371.40119852
1782811800000,280.975,281.152,280.96,281.15,631550.84540274
1782812700000,281.15,281.415,281.08,281.28,1032923.18173593
1782813600000,281.32,281.32,281.24,281.32,676859.4309499
1782814500000,281.4,281.425,281.24,281.4,680291.12562147
1782815400000,281.52,281.72,281.425,281.55,2429082.34737592
1782816300000,281.655,281.72,281.615,281.64,954382.64460672
1782817200000,281.655,281.855,281.6,281.8,2700151.96224338
1782818100000,281.69,281.8,281.459,281.69,4809283.63413401
1782819000000,281.5,281.91,281.37,281.91,4935759.3075479
1782819900000,281.85,282.045,281.5,281.85,5103178.78112358
1782820800000,281.4,281.649,281.228,281.45,2329581.81510032
1782821700000,281.44,281.49,281.179,281.4,1763581.2159632
1782822600000,281.2,281.849,281.025,281.2,4983371.76606554
1782823500000,281.88,282.201,281.605,282.01,4095802.99229758
1782824400000,282.15,282.389,282.06,282.06,5260564.32308118
1782825300000,282.05,282.207,280.321,281.4,19605592.23644568
1782826200000,281.145,284.83,280.71,283.28,987409834.8466947
1782827100000,283.34,285.32,282.845,285.32,574125320.1315016
1782828000000,285.29,285.98,284.75,285.855,519643484.46762866
1782828900000,285.85,286.285,285.52,285.99,428500927.4708277
1782829800000,285.99,286.26,285.28,285.55,305405383.41953886
1782830700000,285.585,287.07,285.415,286.98,576725935.7940003
1782831600000,286.99,287.335,286.65,286.94,326222175.605076
1782832500000,286.955,288.635,286.62,288.27,446101423.71819496
1782833400000,288.265,289.15,288.18,288.46,383559599.21353734
1782834300000,288.47,289.38,288.414,288.745,370776104.0605281
1782835200000,288.76,289.175,287.82,288.25,314102505.017207
1782836100000,288.25,288.48,287.955,288.17,208850152.58376414
1782837000000,288.16,288.745,288.14,288.71,227961975.22814146
1782837900000,288.71,289.22,288.63,289.185,265486796.3961464
1782838800000,289.2,289.67,288.945,288.98,270879689.7427454
1782839700000,288.96,288.974,288.343,288.44,209927720.39353558
1782840600000,288.49,288.58,288.23,288.38,218418835.62452516
1782841500000,288.42,288.7,288.2,288.4,200122198.4795415
1782842400000,288.4,289.19,288.09,288.95,346068315.0800432
1782843300000,288.92,289.0,287.85,288.115,245381247.37161243
1782844200000,288.09,288.18,287.17,287.45,291265319.159996
1782845100000,287.51,287.51,286.68,286.97,238706147.94129097
1782846000000,286.98,287.7,286.978,287.55,337603444.3422164
1782846900000,287.55,288.13,287.26,287.505,381053414.10009706
1782847800000,287.55,288.075,287.49,287.895,413983958.55799687
1782848700000,287.935,289.9,287.44,289.23,2002091588.8527632
1782849600000,288.97,289.46,288.844,289.46,7397943602.201605
1782850500000,288.815,289.343,288.815,288.84,49398828.57281391
1782851400000,288.87,288.9,288.795,288.87,75112424.51660413
1782852300000,288.835,289.496,288.71,288.835,27152722.58349387
1782853200000,288.971,289.5,288.885,289.375,3038794.47913163
1782854100000,289.375,289.375,289.064,289.1,26056764.96033317
1782855000000,289.092,289.092,288.842,288.945,656065.32052198
1782855900000,288.945,289.1,288.945,288.999,27136524.0068044
1782856800000,288.997,289.179,288.931,289.14,1039596.92827464
1782857700000,289.122,289.2,289.03,289.07,484639.17792873
1782858600000,289.075,289.1,288.985,289.07,508397.24578814
1782859500000,289.07,289.179,289.009,289.145,1221776.2079665
1782860400000,289.1,289.22,289.07,289.1,9047202.14269774
1782861300000,289.195,289.265,289.195,289.195,988120.5519685
1782862200000,289.18,289.229,289.001,289.08,2098399.12504138
1782863100000,288.99,289.144,288.9,288.99,1954849.27810301
1782864000000,288.85,289.16,288.82,288.99,227400.2
1782864900000,288.92,289.21,288.79,289.19,200806.6
1782865800000,289.2,289.37,289.19,289.28,24879.59
1782866700000,289.28,289.39,289.24,289.35,125569.9
1782867600000,289.35,289.51,289.0,289.51,952970.75
1782868500000,289.49,289.85,289.43,289.72,434424.93
1782869400000,289.58,289.59,289.36,289.41,140381.02
1782870300000,289.4,289.44,289.23,289.23,363639.75
1782871200000,289.17,290.01,289.11,289.96,1298530.21
1782872100000,289.73,289.79,289.46,289.47,135240.7
1782873000000,289.48,289.52,289.38,289.52,113760.29
1782873900000,289.52,289.72,289.51,289.72,143638.69
1782874800000,289.79,289.8,289.65,289.68,183109.68
1782875700000,289.76,289.76,289.55,289.59,176422.4
1782876600000,289.58,289.73,289.47,289.63,252471.19
1782877500000,289.68,289.77,289.67,289.7,99079.44
1782878400000,289.71,289.73,289.61,289.61,45190.56
1782879300000,289.59,289.64,289.54,289.62,117576.43
1782880200000,289.59,289.68,289.42,289.68,553343.89
1782881100000,289.68,289.71,289.6,289.6,250858.72
1782882000000,289.59,289.68,289.59,289.68,55316.6
1782882900000,289.67,289.67,289.61,289.65,180726.43
1782883800000,289.61,289.68,289.61,289.63,67487.93
1782884700000,289.65,289.71,289.64,289.67,149475.64
1782885600000,289.67,289.7,289.54,289.57,266149.8
1782886500000,289.57,289.64,289.49,289.59,251334.82
1782887400000,289.58,289.69,289.58,289.68,289379.65
1782888300000,289.68,289.68,289.5,289.51,240357.09
1782889200000,289.52,289.52,288.6,288.84,1650751.15
1782890100000,288.83,289.49,288.83,289.34,503694.57
1782891000000,289.34,289.52,289.34,289.41,145901.43
1782891900000,289.4,289.72,289.34,289.72,241717.5
1782892800000,288.95,289.48,288.95,289.48,12759732.21741843
1782893700000,289.48,289.69,289.39,289.445,638846.97949951
1782894600000,289.39,289.445,289.13,289.39,1092424.94957606
1782895500000,289.31,289.39,289.15,289.2,1270004.19146292
1782896400000,289.2,289.275,289.055,289.27,918546.71192147
1782897300000,289.27,289.275,289.17,289.17,557147.53853422
1782898200000,289.17,289.17,289.115,289.115,380807.55879969
1782899100000,289.29,289.29,289.115,289.29,478511.44714421
1782900000000,289.15,289.33,289.056,289.056,991470.5690738
1782900900000,289.054,289.35,289.05,289.35,846182.85098128
1782901800000,289.28,289.48,289.205,289.38,1770331.90946337
1782902700000,289.39,289.54,289.325,289.325,628585.57030195
1782903600000,289.325,289.399,289.101,289.2,3798502.74010134
1782904500000,289.49,289.57,289.2,289.57,5317000.03734209
1782905400000,289.349,289.475,289.26,289.26,1273468.50656785
1782906300000,288.97,289.37,288.97,288.97,3507816.74175024
1782907200000,288.88,289.018,288.805,288.85,5927128.28106094
1782908100000,288.963,289.2,288.891,289.075,2275366.46879894
1782909000000,288.58,289.44,288.58,289.44,16502291.84261459
1782909900000,289.62,293.722,289.179,293.46,38122588.66545456
1782910800000,293.36,293.73,292.046,293.63,32444848.75842674
1782911700000,294.0,294.3,293.105,293.38,53156126.5581549
1782912600000,293.43,293.43,290.38,291.106,721431711.2709901
1782913500000,291.03,292.63,289.195,292.438,412516596.5107598
1782914400000,292.5,293.15,291.68,292.95,434979388.91479737
1782915300000,292.945,293.46,291.98,293.06,405346907.59078085
1782916200000,293.05,294.8,292.73,294.79,457782891.93639266
1782917100000,294.79,295.05,294.0,294.68,648175177.7521269
1782918000000,294.53,295.35,294.27,294.61,324139863.9017558
1782918900000,294.61,296.58,294.503,295.78,564084946.5218383
1782919800000,295.78,295.78,294.73,294.915,335025130.6130702
1782920700000,294.95,295.41,294.64,295.245,256963545.0328381
1782921600000,295.245,295.71,295.05,295.284,191925434.9441051
1782922500000,295.25,295.47,294.95,294.96,193793378.47314388
1782923400000,294.985,295.05,294.29,294.56,231310900.59579122
1782924300000,294.58,294.83,294.12,294.21,287382750.35016733
1782925200000,294.22,294.59,293.91,294.43,311656683.322167
1782926100000,294.45,294.45,293.95,294.08,219387879.163187
1782927000000,294.07,294.59,293.93,294.11,194133896.60919207
1782927900000,294.11,294.99,293.1,293.75,591658817.681354
1782928800000,293.73,294.82,292.79,294.5,539977365.7200935
1782929700000,294.565,295.08,294.34,294.81,292601136.91589415
1782930600000,294.8,295.52,294.735,295.37,341852795.28473914
1782931500000,295.355,295.45,294.66,294.725,304624579.23289984
1782932400000,294.73,294.95,294.42,294.57,291127691.98081726
1782933300000,294.58,294.81,294.0,294.03,361464067.3892883
1782934200000,293.985,294.35,293.94,294.235,444295597.56858003
1782935100000,294.22,295.51,293.76,294.28,1387851025.2951436
1782936000000,293.8,294.444,293.254,294.35,3032301049.0641427
1782936900000,294.11,294.225,293.863,294.19,280529831.5024654
1782937800000,293.91,294.271,293.79,293.84,31462061.21190492
1782938700000,293.99,294.13,293.99,293.99,16352035.93358008
1782939600000,294.106,294.215,294.03,294.1,1910065.66833226
1782940500000,293.82,294.167,293.7,293.8,11118926.0567175
1782941400000,293.92,293.937,293.75,293.75,2151941.83398192
1782942300000,293.75,293.897,293.75,293.897,1400709.51756342
1782943200000,293.88,294.108,293.802,293.891,1935260.52703318
1782944100000,293.91,294.03,293.89,293.91,856729.46276289
1782945000000,294.025,294.025,293.902,294.025,646156.83231368
1782945900000,294.025,294.045,293.9,294.045,425919.83940488
1782946800000,294.045,294.045,293.925,294.0,8108010.52666303
1782947700000,294.0,294.098,293.995,293.995,695552.31197143
1782948600000,294.24,294.24,293.995,294.24,1994321.28763899
1782949500000,294.49,294.545,294.165,294.49,3341694.50977856
1782950400000,294.25,294.89,294.01,294.43,484979.86
1782951300000,294.49,295.87,294.43,295.81,1426774.81
1782952200000,295.81,295.81,295.26,295.32,651042.25
1782953100000,295.27,296.07,295.24,295.59,1730569.9
1782954000000,295.59,295.9,295.58,295.88,334774.37
1782954900000,295.88,295.88,295.23,295.31,710838.15
1782955800000,295.29,295.35,294.99,295.33,366067.53
1782956700000,295.31,295.31,295.06,295.13,482957.05
1782957600000,295.07,295.32,295.06,295.21,646231.09
1782958500000,295.22,295.24,294.9,295.04,337609.46
1782959400000,295.1,295.11,294.98,295.08,191504.63
1782960300000,295.05,295.19,295.05,295.15,134862.14
1782961200000,295.15,296.12,295.1,296.12,1971023.89
1782962100000,296.06,296.2,295.68,296.2,1773928.84
1782963000000,296.2,296.45,296.11,296.15,545188.19
1782963900000,296.12,296.49,296.04,296.42,434045.96
1782964800000,296.43,296.59,296.24,296.24,379452.65
1782965700000,296.2,296.56,296.0,296.27,2214153.72
1782966600000,296.25,296.35,295.92,296.18,457095.97
1782967500000,296.01,296.24,295.96,296.02,627498.46
1782968400000,296.02,296.15,295.74,296.12,354567.83
1782969300000,296.11,296.48,295.99,296.35,859286.65
1782970200000,296.35,296.36,295.85,295.99,1051068.36
1782971100000,295.96,296.41,295.82,296.25,1258184.77
1782972000000,296.25,296.66,296.04,296.63,1870490.58
1782972900000,296.62,296.8,296.45,296.51,1269719.04
1782973800000,296.51,296.64,296.01,296.12,778681.28
1782974700000,296.07,296.86,295.89,296.7,2192782.36
1782975600000,296.77,296.86,296.36,296.68,1738966.95
1782976500000,296.63,297.56,296.55,297.34,2770405.69
1782977400000,297.08,297.31,297.06,297.19,490694.0
1782978300000,297.25,297.32,296.65,296.71,836295.68
1782979200000,297.2,297.375,294.805,297.2,29560100.97189243
1782980100000,297.375,297.485,297.167,297.167,1820824.77460507
1782981000000,297.01,297.166,296.925,297.01,1286820.05446017
1782981900000,296.925,297.063,296.799,296.85,1467619.80564996
1782982800000,296.85,296.85,296.425,296.425,1698947.34993789
1782983700000,296.425,296.68,296.365,296.68,692784.19960133
1782984600000,296.68,296.945,296.365,296.913,3290603.59297521
1782985500000,296.918,296.944,295.84,295.987,2150258.482642792
1782986400000,295.986,296.195,295.4,296.195,3231737.86770297
1782987300000,296.195,296.195,295.495,295.77,2671088.35635474
1782988200000,295.9,295.9,295.75,295.76,2403846.44791146
1782989100000,295.78,296.295,295.78,296.295,1099655.61102373
1782990000000,296.246,296.246,295.23,295.5,5598471.38168112
1782990900000,295.5,295.7,295.411,295.609,3289615.77156354
1782991800000,295.608,295.7,295.049,295.096,3627181.72582081
1782992700000,295.097,295.11,294.74,294.9,2839316.8997597
1782993600000,294.9,295.079,294.006,294.3,7124290.537923953
1782994500000,294.57,294.865,294.25,294.25,5964413.65555844
1782995400000,294.81,295.375,294.4,294.99,12635701.96820851
1782996300000,294.67,295.053,294.537,294.64,7787161.91610593
1782997200000,294.6,294.808,293.956,294.06,10717529.30087648
1782998100000,294.0,294.79,293.968,294.01,11398666.28396857
1782999000000,294.085,301.14,293.88,300.365,1260199221.030999
1782999900000,300.48,302.86,300.392,302.86,1430418683.9926429
1783000800000,302.86,304.515,302.645,303.71,987626682.8847437
1783001700000,303.8,305.33,303.597,305.106,684721271.7033468
1783002600000,305.06,306.61,304.9,306.42,984002566.0407405
1783003500000,306.43,307.015,305.33,306.9,853069060.5096176
1783004400000,306.89,307.8,305.41,307.395,956653683.62557
1783005300000,307.365,307.446,305.28,305.425,674403535.6102598
1783006200000,305.465,306.88,305.428,305.696,342818400.74815094
1783007100000,305.75,306.1,305.295,305.615,398979707.7201225
1783008000000,305.675,307.085,305.62,307.06,504029698.1219617
1783008900000,307.06,308.44,306.985,308.095,809724720.7253308
1783009800000,308.1,308.475,307.05,307.51,571068813.1273847
1783010700000,307.45,308.52,306.66,308.274,488678092.78625464
1783011600000,308.31,308.425,306.3,308.22,543511912.1008768
1783012500000,308.185,308.31,307.28,307.81,392529294.28305185
1783013400000,307.805,308.15,307.425,308.15,401971256.5247323
1783014300000,308.21,308.3,307.115,307.32,485116285.9752267
1783015200000,307.275,307.8,307.16,307.645,411328690.1659433
1783016100000,307.65,307.79,306.86,307.32,408944662.1879692
1783017000000,307.345,307.89,307.13,307.53,483322134.4568336
1783017900000,307.53,308.09,307.345,307.635,344170504.35905176
1783018800000,307.65,308.32,307.395,307.817,366670365.9723899
1783019700000,307.78,308.04,307.27,307.44,439172940.9748778
1783020600000,307.46,308.5,307.36,307.985,659657440.5863718
1783021500000,308.01,309.405,307.19,308.35,2010894610.4914076
1783022400000,308.36,308.591,308.01,308.31,4186274520.837566
1783023300000,308.065,308.264,307.871,308.14,320028289.698447
1783024200000,308.02,308.309,308.02,308.02,57373517.45536937
1783025100000,308.0,308.225,307.845,307.99,11193038.31286422
1783026000000,307.845,308.005,307.845,307.941,2722250.12477656
1783026900000,307.952,308.09,307.952,308.09,2244844.537699888
1783027800000,308.06,308.09,308.001,308.06,1170685.69445298
1783028700000,308.01,308.072,308.0,308.04,27488987.04849903
1783029600000,308.11,308.259,308.02,308.105,6352438.57029867
1783030500000,308.08,308.189,307.97,308.08,2661702.37922268
1783031400000,308.158,308.16,308.045,308.045,1314723.30348327
1783032300000,308.01,308.207,307.96,308.01,2879055.82759458
1783033200000,308.15,308.294,308.08,308.15,1142658.84657546
1783034100000,307.93,308.177,307.93,307.93,2318787.22626526
1783035000000,308.121,308.275,308.102,308.268,1347887.4426268528
1783035900000,308.267,308.47,308.135,308.47,2851078.8739977595
1783048500000,308.51,308.51,308.51,308.51,14.993586
1783055700000,308.1,308.1,308.01,308.01,109.562892
1783060200000,308.24,308.24,308.01,308.01,21.383921
1783062900000,308.01,308.25,308.0,308.0,30.774474
1783076400000,308.25,308.26,308.0,308.0,25.944326
1783079100000,308.26,308.26,308.26,308.26,6.411808
1783081800000,308.35,308.35,308.35,308.35,13.32072
1783082700000,308.0,308.0,308.0,308.0,13.2748
1783083600000,308.0,308.0,307.96,307.96,85.067924
1783084500000,307.96,307.96,307.96,307.96,11.024968
1783088100000,307.96,307.96,306.29,306.29,12812.391
1783089000000,306.23,306.23,306.23,306.23,10.350574
1783089900000,306.23,306.23,306.23,306.23,20.915509
1783090800000,306.2,306.2,306.2,306.2,115.5905
1783094400000,306.29,306.29,305.9,305.9,207.886084
1783095300000,306.12,306.12,305.88,305.88,20.104212
1783097100000,305.88,305.88,305.88,305.88,114.582648
1783110600000,306.13,306.13,305.86,305.86,71.305718
1783111500000,306.17,306.17,305.82,305.82,25.536565
1783117800000,306.17,306.17,305.8,305.8,63.553103
1783120500000,306.07,306.07,306.07,306.07,11.997944
1783134900000,305.78,305.78,305.78,305.78,20.823618
1783138500000,306.04,306.04,305.72,305.72,34.166812
1783139400000,306.17,306.17,306.17,306.17,39.220377
1783167300000,305.72,305.72,305.72,305.72,108.714032
1783172700000,305.69,305.69,305.69,305.69,110.415228
1783180800000,305.69,306.0,305.66,305.66,416.354134
1783181700000,306.0,306.18,305.48,305.48,1215.320949
1783182600000,305.88,305.88,305.88,305.88,10.430508
1783183500000,306.0,306.02,305.48,305.48,99.837955
1783184400000,305.69,305.82,305.46,305.46,81.350817
1783187100000,305.72,305.72,305.46,305.46,20.16894
1783190700000,305.46,305.46,305.43,305.43,67.810566
1783215000000,305.72,305.82,305.72,305.82,19.079938
1783215900000,305.43,305.87,305.43,305.43,108.712833
1783223100000,305.67,305.93,305.43,305.43,145.419551
1783237500000,305.59,305.65,305.24,305.24,103.857154
1783242000000,305.4,305.51,305.13,305.13,49.943026
1783256400000,305.13,305.13,305.13,305.13,13.608798
1783268100000,305.45,305.59,305.02,305.02,286.035141
1783277100000,305.33,305.82,305.33,305.82,188.443174
1783285200000,305.02,305.02,305.0,305.0,60.972778
1783289700000,305.35,305.93,305.35,305.93,73.259907
1783291500000,305.92,305.94,304.97,304.97,102.301266
1783294200000,305.43,306.03,305.43,306.03,67.180089
1783296000000,308.91,309.09,305.2,305.45,5769739.72
1783296900000,305.39,306.2,305.32,305.94,1934945.17
1783297800000,305.84,306.09,305.71,305.98,1914142.15
1783298700000,306.05,306.33,305.97,306.13,681521.21
1783299600000,306.09,306.6,305.78,306.47,1137068.47
1783300500000,306.39,306.39,305.76,306.02,989456.04
1783301400000,306.1,306.35,306.05,306.05,786700.22
1783302300000,306.05,306.18,305.81,306.12,1052029.89
1783303200000,306.07,306.25,305.97,306.07,372481.63
1783304100000,305.97,306.94,305.9,306.86,1254743.3
1783305000000,306.81,307.36,306.71,306.88,2145238.64
1783305900000,306.93,307.16,306.63,306.7,824101.8
1783306800000,306.87,306.96,306.71,306.71,212341.89
1783307700000,306.74,306.77,306.53,306.67,391572.83
1783308600000,306.75,306.76,306.15,306.27,208739.86
1783309500000,306.25,306.4,306.16,306.33,55440.46
1783310400000,306.39,306.68,306.36,306.68,98365.14
1783311300000,306.68,306.72,306.52,306.64,190113.03
1783312200000,306.63,306.71,306.36,306.43,779109.78
1783313100000,306.43,306.48,306.39,306.47,186925.56
1783314000000,306.47,306.52,306.35,306.52,170694.86
1783314900000,306.52,307.14,306.31,306.66,679302.25
1783315800000,306.58,306.58,306.43,306.48,335936.96
1783316700000,306.48,306.49,306.21,306.32,172476.98
1783317600000,306.33,306.39,306.05,306.09,417063.88
1783318500000,306.02,306.27,306.02,306.23,497554.71
1783319400000,306.22,306.51,306.12,306.38,1581575.63
1783320300000,306.39,306.41,305.68,305.7,1821553.64
1783321200000,305.71,306.05,305.45,306.0,944823.19
1783322100000,305.76,305.99,305.76,305.89,399198.8
1783323000000,305.91,306.18,305.91,306.12,420707.87
1783323900000,306.27,306.28,306.01,306.01,226249.48
1783324800000,306.22,308.101,305.585,306.22,18783533.41524732
1783325700000,305.585,305.585,305.31,305.55,1581224.64494099
1783326600000,305.55,305.55,305.225,305.225,2118932.31160477
1783327500000,305.225,306.125,305.225,306.125,2529708.8301468156
1783328400000,306.125,306.125,305.325,305.325,4895707.56713393
1783329300000,305.32,305.465,305.32,305.32,1612456.83269966
1783330200000,305.336,305.465,305.31,305.31,4066236.45563117
1783331100000,305.53,305.76,305.31,305.73,3086223.25408453
1783332000000,305.75,305.84,305.75,305.75,1948568.5386285
1783332900000,305.66,305.75,305.66,305.66,1944882.86577071
1783333800000,305.745,305.778,305.655,305.655,1214376.18468504
1783334700000,305.655,305.84,305.655,305.84,8196175.92538721
1783335600000,306.0,306.885,305.84,306.0,8828940.36287441
1783336500000,306.56,306.864,306.333,306.56,4026517.9819472
1783337400000,306.62,306.991,306.53,306.77,2843265.21339525
1783338300000,306.62,307.15,306.595,306.98,6680097.90953545
1783339200000,307.045,307.6,306.79,307.2,15090903.30504273
1783340100000,307.44,307.44,306.8,307.41,155005880.80423176
1783341000000,307.52,307.99,307.4,307.91,15098609.91024334
1783341900000,307.76,307.888,307.4,307.46,8785202.55246437
1783342800000,307.23,307.6,307.2,307.23,10627277.60059467
1783343700000,307.29,307.515,306.0,307.42,27429938.33854633
1783344600000,307.37,309.86,307.01,309.29,1016467728.789196
1783345500000,309.26,309.945,308.43,309.595,548745098.2486712
1783346400000,309.575,309.98,308.875,309.855,508383550.36815715
1783347300000,309.88,311.74,309.47,311.673,737777693.4665298
1783348200000,311.71,311.84,311.23,311.41,536362430.8982144
1783349100000,311.39,312.57,311.29,312.56,439590828.1054581
1783350000000,312.54,313.21,312.46,312.865,453184814.6408559
1783350900000,312.89,313.6,312.685,313.58,523337943.2622475
1783351800000,313.57,314.11,313.37,314.1,416501657.66909295
1783352700000,314.105,314.19,313.4,313.7,352651196.8398377
1783353600000,313.64,313.79,312.82,313.025,476351808.4545679
1783354500000,313.02,313.02,312.23,312.23,264069903.43698093
1783355400000,312.245,312.74,311.89,312.615,1236694347.044459
1783356300000,312.57,312.97,312.48,312.54,222680390.7079915
1783357200000,312.52,312.91,312.33,312.74,206003650.9031051
1783358100000,312.765,312.88,312.36,312.36,233019959.6442263
1783359000000,312.39,312.58,312.13,312.395,218447355.31527072
1783359900000,312.42,312.745,312.305,312.703,152577562.78345224
1783360800000,312.76,312.965,312.43,312.94,187297561.1877624
1783361700000,312.945,313.15,312.79,313.06,208551210.14392295
1783362600000,313.09,313.48,312.925,313.275,261179045.99252048
1783363500000,313.3,313.47,313.06,313.28,220143247.7541705
1783364400000,313.31,313.39,312.98,313.19,295066581.5079871
1783365300000,313.215,313.55,313.02,313.42,304908290.31741256
1783366200000,313.42,313.735,313.34,313.63,320833628.3222486
1783367100000,313.61,313.69,312.17,312.755,1236965050.7268753
1783368000000,312.739,312.922,312.595,312.83,4524066321.55966
1783368900000,312.62,312.83,312.61,312.62,23622629.32289969
1783369800000,312.62,312.755,312.605,312.696,7923706.20424809
1783370700000,312.74,312.785,312.617,312.74,3580993.797248
1783371600000,312.6,312.785,312.551,312.6,2445975.51711288
1783372500000,312.615,312.88,312.6,312.696,7229148.64002826
1783373400000,312.698,312.81,312.63,312.653,971473.89642735
1783374300000,312.654,312.8,312.653,312.653,856884.79447149
1783375200000,312.76,312.78,312.625,312.76,139190778.59950575
1783376100000,312.78,312.83,312.705,312.8,1096627.0667917654
1783377000000,312.8,312.8,312.58,312.645,953263.16708763
1783377900000,312.648,312.69,312.435,312.69,3615865.74318496
1783378800000,312.7,312.75,312.65,312.7,1344148.33193939
1783379700000,312.7,312.7,312.5,312.59,1622053.21252337
1783380600000,312.77,312.86,312.576,312.86,2229680.30175601
1783381500000,312.83,312.84,312.665,312.84,2753909.73462529
1783382400000,312.87,313.01,312.64,313.01,578174.84
1783383300000,313.11,313.76,313.11,313.42,909207.87
1783384200000,313.48,313.58,313.25,313.49,857513.85
1783385100000,313.49,313.5,313.25,313.31,271403.3
1783386000000,313.25,313.48,313.19,313.34,931997.3
1783386900000,313.34,313.96,313.28,313.96,1248125.72
1783387800000,313.95,314.99,313.87,314.41,2255395.76
1783388700000,314.6,314.6,314.02,314.11,422116.01
1783389600000,314.02,314.29,314.02,314.11,235319.47
1783390500000,314.07,314.23,314.07,314.08,206703.7
1783391400000,314.08,314.11,313.65,313.73,678282.13
1783392300000,313.7,314.37,313.7,313.8,1290070.94
1783393200000,313.7,314.36,313.49,313.65,830034.33
1783394100000,313.67,313.7,313.44,313.59,499839.61
1783395000000,313.64,314.44,313.64,314.25,1151171.13
1783395900000,314.24,314.25,313.76,314.14,937381.83
1783396800000,314.2,314.37,314.01,314.27,979173.99
1783397700000,314.14,314.4,314.08,314.38,458217.19
1783398600000,314.36,314.51,314.18,314.23,743877.3
1783399500000,314.24,314.81,314.18,314.66,648007.44
1783400400000,314.65,315.94,314.6,315.65,4161458.1
1783401300000,315.65,315.94,314.85,314.98,1143454.39
1783402200000,314.99,315.04,314.23,314.24,1002194.55
1783403100000,314.2,314.26,313.25,313.4,1209697.16
1783404000000,313.41,313.41,312.97,313.16,970871.97
1783404900000,313.16,313.2,313.01,313.12,997902.52
1783405800000,313.08,313.19,313.0,313.03,434914.54
1783406700000,313.03,313.03,312.79,312.88,1243787.19
1783407600000,312.84,313.4,312.74,313.38,1400193.52
1783408500000,313.38,313.4,313.18,313.38,972881.14
1783409400000,313.36,313.69,313.17,313.69,371551.57
1783410300000,313.67,313.68,313.15,313.31,793072.05
1783411200000,313.84,313.85,312.75,313.71,37638656.3096132
1783412100000,313.848,314.376,313.845,314.295,950341.47919883
1783413000000,314.295,314.5,314.15,314.15,1516936.88226122
1783413900000,314.15,314.485,314.1,314.485,1103145.48841689
1783414800000,314.486,314.494,313.855,314.156,1838321.47649331
1783415700000,314.157,314.424,313.995,314.29,891879.68351592
1783416600000,314.52,314.97,314.29,314.97,6499878.39824329
1783417500000,315.03,315.15,314.455,314.93,3010947.28576406
1783418400000,315.08,315.45,314.54,315.19,10493574.56475684
1783419300000,314.9,314.908,314.417,314.417,5091781.43415089
1783420200000,314.416,314.841,314.415,314.725,836892.7105918
1783421100000,314.6,314.82,314.6,314.6,2276160.58108486
1783422000000,314.48,314.861,314.4,314.73,5258679.31848547
1783422900000,314.795,314.825,314.625,314.785,7405628.17054212
1783423800000,314.785,315.05,314.761,314.995,10507932.950591238
1783424700000,314.82,315.0,314.7,314.82,4264327.78009167
1783425600000,315.13,315.411,314.935,315.39,6799805.07857652
1783426500000,315.44,315.49,314.777,315.49,6802702.27848232
1783427400000,315.05,315.109,314.761,315.05,9376806.20789646
1783428300000,315.01,315.111,314.747,315.01,4222734.88272987
1783429200000,315.16,315.325,315.008,315.16,10264352.84713014
1783430100000,315.28,315.49,314.642,315.04,31803217.13166952
1783431000000,315.29,315.47,310.17,312.01,1097525587.0337598
1783431900000,312.06,312.775,311.13,311.475,336438969.30703115
1783432800000,311.465,312.54,311.125,311.89,565897423.3369571
1783433700000,311.8,312.205,311.21,311.485,544291775.0593086
1783434600000,311.43,313.425,311.0,312.53,680063354.0019991
1783435500000,312.53,313.0,312.04,312.82,282459840.541229
1783436400000,312.845,313.85,312.67,313.332,189908677.82421848
1783437300000,313.32,314.125,313.15,314.075,383672824.1767267
1783438200000,314.105,314.415,313.75,314.345,496238561.08482146
1783439100000,314.405,314.73,314.155,314.3,573155367.320549
1783440000000,314.29,314.37,313.14,313.14,362732967.3723065
1783440900000,313.13,314.03,312.69,313.13,431733117.4353086
1783441800000,313.2,313.91,312.78,313.61,227824757.18370408
1783442700000,313.64,313.99,313.591,313.62,193383275.49717695
1783443600000,313.61,313.643,312.27,312.77,263800370.33372748
1783444500000,312.789,313.23,312.7,312.852,168266346.55921552
1783445400000,312.84,312.98,312.58,312.72,177366829.47548836
1783446300000,312.78,312.93,311.886,311.92,185880059.02869433
1783447200000,311.86,312.41,311.86,312.19,266564480.0385817
1783448100000,312.16,312.71,311.96,312.62,195407540.47593924
1783449000000,312.6,313.16,312.4,313.056,217159459.3091517
1783449900000,313.04,313.07,311.855,312.01,310720266.7022362
1783450800000,312.03,312.5,311.565,311.87,362996618.8609493
1783451700000,311.86,312.26,311.56,311.88,419287698.7281423
1783452600000,311.9,312.31,311.57,311.725,314131723.980957
1783453500000,311.72,312.05,310.34,310.69,922819072.9865795
1783454400000,311.12,311.437,310.525,311.11,2561709225.235299
1783455300000,310.94,311.094,310.825,310.94,13331769.55840071
1783456200000,310.94,310.975,310.835,310.91,9994132.86157846
1783457100000,310.911,311.139,310.895,311.139,3251838.355357413
1783458000000,311.139,311.334,311.057,311.215,2775601.21782753
1783458900000,311.219,311.227,310.502,310.785,2502077.15257888
1783459800000,310.804,310.895,310.5,310.841,3392918.91583479
1783460700000,310.842,310.944,310.5,310.85,1050327.08816218
1783461600000,310.71,311.075,310.71,311.0,97025494.55968419
1783462500000,311.075,311.2,311.075,311.075,6644243.62661359
1783463400000,311.075,311.36,311.075,311.16,2343345.98229379
1783464300000,311.16,311.165,311.16,311.165,916565.32431227
1783465200000,311.165,311.588,311.11,311.4,3140292.813352476
1783466100000,311.4,312.39,311.4,312.39,3034160.47091793
1783467000000,312.39,312.39,311.59,311.59,1921772.04616345
1783467900000,311.59,311.8,311.37,311.37,1622278.41921637
1783468800000,311.54,311.96,311.12,311.57,169559.5
1783469700000,311.76,311.78,311.25,311.28,310925.31
1783470600000,311.51,311.9,311.27,311.89,195380.51
1783471500000,311.9,311.91,311.44,311.5,483869.08
1783472400000,311.59,311.79,311.5,311.62,80390.61
1783473300000,311.64,311.64,311.26,311.34,56385.79
1783474200000,311.34,311.39,311.21,311.39,243765.05
1783475100000,311.32,311.38,311.2,311.26,367027.69
1783476000000,311.27,311.35,311.06,311.16,363480.63
1783476900000,311.15,311.2,310.63,310.63,1301946.06
1783477800000,310.62,310.88,309.88,310.76,1972900.17
1783478700000,310.86,310.91,310.71,310.76,219113.37
1783479600000,310.8,311.03,310.8,310.86,236608.14
1783480500000,310.89,311.02,310.87,310.93,196214.53
1783481400000,310.94,311.0,310.58,310.73,242086.4
1783482300000,310.67,310.67,310.51,310.58,236656.9
1783483200000,310.57,310.6,310.43,310.6,398432.84
1783484100000,310.49,310.97,310.47,310.92,493914.39
1783485000000,310.89,310.91,310.71,310.79,340614.26
1783485900000,310.72,310.75,310.49,310.49,299758.58
1783486800000,310.5,310.79,310.5,310.78,315888.92
1783487700000,310.76,311.08,310.59,310.91,390491.5
1783488600000,310.91,311.21,310.85,311.07,275902.85
1783489500000,311.06,311.17,310.88,311.03,152122.98
1783490400000,311.03,311.26,310.91,311.2,300540.43
1783491300000,311.17,311.44,311.14,311.23,520694.56
1783492200000,311.33,311.39,311.11,311.14,254926.14
1783493100000,311.15,311.69,311.06,311.19,1034935.09
1783494000000,311.19,311.26,310.98,311.17,215923.51
1783494900000,311.04,311.16,310.96,311.15,417472.2
1783495800000,311.19,311.48,311.19,311.37,229791.18
1783496700000,311.38,311.44,311.27,311.34,178087.37
1783497600000,311.287,311.287,310.14,310.69,19559766.84558954
1783498500000,310.54,310.69,309.5,310.24,9944351.20124801
1783499400000,309.02,309.849,309.02,309.02,12243314.01885433
1783500300000,309.27,309.637,309.08,309.42,5511650.29731264
1783501200000,309.42,309.558,308.711,309.44,6252327.16167734
1783502100000,309.83,310.15,309.345,309.79,4627491.37212295
1783503000000,309.74,309.74,309.25,309.25,4104461.90163294
1783503900000,309.25,309.55,309.095,309.115,1443216.73170527
1783504800000,308.82,309.115,308.82,308.95,2857203.58870619
1783505700000,308.845,309.026,308.835,308.865,2173312.23555608
1783506600000,308.82,309.63,308.82,308.82,3368281.66785464
1783507500000,309.455,309.7,309.455,309.7,1225433.43936858
1783508400000,309.67,309.8,309.41,309.51,12644174.01865892
1783509300000,309.33,309.6,309.22,309.22,5956223.3844292
1783510200000,309.4,309.8,309.4,309.654,4717559.29319553
1783511100000,309.84,309.9,309.6,309.84,4756271.46632115
1783512000000,309.74,309.999,309.526,309.83,4698294.83416941
1783512900000,309.86,310.324,309.714,310.196,2529350.32136069
1783513800000,310.25,310.529,309.9,310.3,7985565.55615412
1783514700000,309.87,309.984,309.605,309.91,8297519.18443387
1783515600000,309.93,310.608,309.782,310.56,79659436.77278745
1783516500000,310.63,311.912,309.96,311.84,24364176.65989816
1783517400000,311.9,311.92,307.815,307.92,882682462.8824604
1783518300000,307.91,309.62,307.1,309.15,433826617.33651465
1783519200000,309.089,310.23,308.45,309.912,317197376.56541353
1783520100000,309.95,310.65,308.83,308.85,418747691.07234
1783521000000,308.8,310.43,308.795,310.27,340854800.56040734
1783521900000,310.19,310.545,308.725,308.91,334323329.5418425
1783522800000,308.9,310.25,308.75,309.98,305287237.16822225
1783523700000,309.93,310.835,309.89,310.08,304779527.9236959
1783524600000,310.13,310.13,309.3,309.545,242082923.12640104
1783525500000,309.55,310.44,309.46,310.24,230076973.8013505
1783526400000,310.25,311.2,310.075,310.475,273795327.03307176
1783527300000,310.52,311.77,310.514,311.659,301013248.54026407
1783528200000,311.615,312.26,311.335,312.19,342954807.47799194
1783529100000,312.19,313.32,312.13,313.11,366806739.6298919
1783530000000,313.12,314.08,313.02,313.88,403680312.33580506
1783530900000,313.865,314.18,313.245,314.1,335366633.20382625
1783531800000,314.13,314.56,313.93,314.487,405263755.5657868
1783532700000,314.47,314.63,314.21,314.37,392449824.87078077
1783533600000,314.39,314.815,314.21,314.565,303683083.8418828
1783534500000,314.59,314.62,314.105,314.105,231057618.7383705
1783535400000,314.13,314.22,313.75,313.95,262843361.1275409
1783536300000,313.94,314.405,313.85,313.899,237875870.11566895
1783537200000,313.91,314.19,313.73,313.93,293248444.803532
1783538100000,313.93,314.08,313.65,313.815,281856178.0970999
1783539000000,313.835,314.21,313.09,313.09,364902621.77802175
1783539900000,313.1,313.96,312.75,313.34,1132182452.6724124
1783540800000,313.304,313.44,313.062,313.205,2749350717.8494744
1783541700000,313.11,313.345,313.11,313.28,10085681.89249234
1783542600000,313.32,313.32,313.095,313.23,3879332.035878
1783543500000,313.38,313.38,313.19,313.38,1259155.31064011
1783544400000,313.37,313.7,313.2,313.38,1121426.69247097
1783545300000,313.22,313.4,313.195,313.2,1955330.06308664
1783546200000,313.4,313.544,313.4,313.54,13681127.13404906
1783547100000,313.54,313.54,313.44,313.44,912449.70104395
1783548000000,313.44,313.44,313.065,313.35,979837.69428696
1783548900000,313.348,313.38,313.141,313.2,420579.74708654
1783549800000,313.33,313.348,313.11,313.33,1152458.04269446
1783550700000,313.255,313.255,313.202,313.225,1108178.25610503
1783551600000,313.225,313.278,313.225,313.251,737563.3426046
1783552500000,313.03,313.251,312.952,313.03,1162391.81376034
1783553400000,312.947,313.397,312.91,313.227,1623120.20798293
1783554300000,313.226,313.25,313.14,313.205,1281161.15620517
1783555200000,313.24,313.51,313.05,313.39,286652.3
1783556100000,313.24,313.29,312.88,313.0,201910.51
1783557000000,313.14,313.15,312.92,312.94,171865.7
1783557900000,312.94,313.03,312.73,312.84,251563.91
1783558800000,312.8,313.11,312.66,313.05,746645.62
1783559700000,313.0,313.27,312.96,313.03,86744.71
1783560600000,313.04,313.07,312.86,312.88,155528.83
1783561500000,312.94,313.02,312.73,312.77,218743.21
1783562400000,312.75,313.37,312.72,313.34,279561.44
1783563300000,313.21,313.69,313.21,313.41,215036.52
1783564200000,313.42,313.49,313.2,313.21,46055.94
1783565100000,313.21,313.32,313.02,313.3,208273.82
1783566000000,313.31,313.61,313.28,313.51,267398.39
1783566900000,313.51,313.69,313.29,313.65,161455.54
1783567800000,313.61,313.96,313.48,313.71,224368.38
1783568700000,313.82,314.2,313.82,314.05,587826.68
1783569600000,314.03,314.03,313.82,313.82,135296.08
1783570500000,313.83,313.9,313.58,313.74,211175.96
1783571400000,313.73,314.11,313.72,314.05,222909.56
1783572300000,314.12,314.49,314.06,314.27,346914.19
1783573200000,314.24,314.94,314.22,314.73,1003024.6
1783574100000,314.73,314.73,314.26,314.31,342961.46
1783575000000,314.28,314.39,314.21,314.26,212456.14
1783575900000,314.34,314.6,314.34,314.51,1140382.65
1783576800000,314.53,314.61,314.46,314.57,185583.66
1783577700000,314.52,314.61,314.42,314.42,521753.14
1783578600000,314.45,314.46,314.03,314.05,777984.36
1783579500000,314.07,314.07,313.4,313.49,957471.9
1783580400000,313.49,313.5,313.1,313.21,1390050.85
1783581300000,313.31,313.38,313.03,313.13,863049.74
1783582200000,313.12,313.16,312.9,312.96,812688.91
1783583100000,312.96,313.15,312.82,313.12,135802.7
1783584000000,313.215,313.44,312.697,312.77,29639668.299748342
1783584900000,312.77,313.08,312.77,313.08,1833403.70507026
1783585800000,313.08,313.08,312.715,312.805,991884.2708221
1783586700000,312.805,312.805,312.74,312.74,566373.85819661
1783587600000,312.29,312.74,312.272,312.29,1109614.51428963
1783588500000,312.37,312.41,312.27,312.41,750387.67444535
1783589400000,312.275,312.275,312.22,312.27,1137141.66575542
1783590300000,312.39,312.55,312.27,312.53,1753928.91760116
1783591200000,312.395,312.395,312.35,312.35,465939.7187125
1783592100000,312.35,312.45,312.35,312.367,895413.6936355
1783593000000,312.12,312.375,312.12,312.18,3175131.75400241
1783593900000,312.29,312.45,312.14,312.29,3038947.59207831
1783594800000,312.47,312.6,312.26,312.43,4803755.1578954
1783595700000,312.545,312.545,312.1,312.1,5089011.639186847
1783596600000,312.02,312.26,311.881,311.99,6476101.17499493
1783597500000,312.15,312.43,312.105,312.41,3926419.7075308
1783598400000,312.36,312.38,312.02,312.38,5182100.46944345
1783599300000,312.38,312.4,311.835,312.315,7650400.95614545
1783600200000,312.37,312.65,312.315,312.35,7310491.492399
1783601100000,311.94,312.485,311.208,311.55,14080058.64511059
1783602000000,311.46,311.97,311.442,311.85,13928114.5892523
1783602900000,311.89,312.1,310.195,310.54,55099860.51753171
1783603800000,310.45,312.05,308.16,310.753,984220039.5267906
1783604700000,310.92,311.84,310.68,310.99,474216865.57169926
1783605600000,310.99,311.935,310.195,310.87,416124687.83150065
1783606500000,310.86,312.27,310.43,312.08,347265858.9935173
1783607400000,312.11,312.39,311.57,311.61,341662153.9862133
1783608300000,311.635,311.7,310.73,311.529,301301739.26879877
1783609200000,311.53,312.45,311.53,312.445,259246357.36018863
1783610100000,312.43,314.83,312.418,314.45,442610757.98742634
1783611000000,314.45,315.02,314.33,314.61,327115191.3428082
1783611900000,314.58,314.925,314.48,314.79,1698160285.2480328
1783612800000,314.84,315.21,314.255,314.52,332445857.75956285
1783613700000,314.49,315.205,314.09,314.86,313313131.6279776
1783614600000,314.9,315.51,314.88,315.0,294270078.1363749
1783615500000,315.01,315.1,314.435,314.71,407848747.3016107
1783616400000,314.714,315.18,314.61,315.02,766807694.2544466
1783617300000,315.065,315.065,314.31,314.74,260724930.1928676
1783618200000,314.74,314.86,314.42,314.86,588098034.8008
1783619100000,314.875,315.08,314.62,314.98,184122943.02034774
1783620000000,314.98,315.305,314.5,314.785,292565694.0346879
1783620900000,314.79,314.88,314.24,314.56,221799877.18283156
1783621800000,314.585,314.785,314.38,314.725,242478420.41975096
1783622700000,314.65,314.76,314.275,314.48,194710741.80917087
1783623600000,314.42,315.15,314.4,315.15,202707055.22405782
1783624500000,315.145,315.7,315.145,315.434,387574247.5436263
1783625400000,315.42,316.19,315.39,316.13,387008607.82703334
1783626300000,316.11,316.53,315.66,316.16,924296365.0293367
1783627200000,316.02,316.272,315.85,315.88,3745610332.8764663
1783628100000,315.8,316.175,315.655,315.74,3519821.63893834
1783629000000,315.745,315.87,315.697,315.87,7140610.304566001
1783629900000,315.86,315.92,315.475,315.5,19270594.95338825
1783630800000,315.63,315.845,315.59,315.845,1029050.27144431
1783631700000,315.845,316.0,315.795,315.8,15761750.97839789
1783632600000,315.79,315.819,315.72,315.79,1522275.92837814
1783633500000,315.75,315.75,315.75,315.75,20669209.80630375
1783634400000,315.75,315.83,315.6,315.695,2040696.05989148
1783635300000,315.695,315.798,315.491,315.57,2041362.96495119
1783636200000,315.572,315.585,315.485,315.515,1788951.86054498
1783637100000,315.515,315.515,315.38,315.4,1655522.0702209994
1783638000000,315.4,315.55,315.4,315.505,1415796.79168071
1783638900000,315.505,315.725,315.505,315.61,1667651.33435264
1783639800000,315.61,315.645,315.48,315.48,1728675.13997297
1783640700000,315.471,315.494,315.13,315.256,3037144.86758667
1783641600000,315.34,315.77,315.0,315.22,180392.42
1783642500000,315.17,315.68,315.17,315.37,222057.28
1783643400000,315.43,315.53,315.24,315.24,203740.83
1783644300000,315.24,315.32,315.02,315.1,167035.27
1783645200000,315.1,315.2,315.02,315.05,222764.2
1783646100000,315.11,315.11,315.01,315.02,67735.68
1783647000000,315.08,315.09,314.84,315.02,724715.01
1783647900000,314.93,315.14,314.93,315.04,46947.49
1783648800000,315.03,315.1,315.02,315.03,75925.31
1783649700000,315.03,315.04,314.69,314.88,564206.08
1783650600000,314.88,315.05,314.86,314.99,64883.75
1783651500000,315.01,315.31,314.98,315.27,356130.65
1783652400000,315.24,315.3,315.09,315.18,264115.09
1783653300000,315.2,315.36,315.13,315.23,407339.69
1783654200000,315.24,315.45,315.12,315.4,174324.73
1783655100000,315.4,315.4,315.13,315.23,58006.23
1783656000000,315.25,315.34,315.07,315.07,220902.23
1783656900000,315.09,315.11,315.0,315.0,106794.57
1783657800000,315.0,315.1,314.97,315.0,465279.11
1783658700000,315.0,315.01,314.95,314.96,333900.14
1783659600000,314.89,314.95,314.83,314.94,85018.71
1783660500000,314.94,315.1,314.94,315.02,369213.71
1783661400000,315.0,315.03,314.92,314.94,69924.78
1783662300000,315.0,315.06,314.85,315.05,358131.02
1783663200000,315.03,315.15,314.95,315.05,348791.93
1783664100000,315.03,315.23,315.03,315.17,442756.42
1783665000000,315.16,315.18,315.03,315.12,52939.43
1783665900000,315.17,315.3,315.06,315.15,161354.91
1783666800000,315.12,315.47,315.01,315.39,609380.44
1783667700000,315.38,315.51,315.35,315.5,223358.22
1783668600000,315.45,315.45,315.25,315.41,587566.17
1783669500000,315.39,315.42,315.32,315.39,197103.91
1783670400000,315.45,315.847,315.291,315.45,11024364.22167791
1783671300000,315.375,315.7,315.365,315.7,1839883.86677195
1783672200000,315.7,315.7,315.585,315.585,437929.22973666
1783673100000,315.584,315.584,315.305,315.305,730397.4309966
1783674000000,315.305,315.305,315.015,315.285,1643768.00477198
1783674900000,315.302,315.7,315.302,315.385,1328881.69974612
1783675800000,315.377,315.385,315.286,315.292,906366.9670576
1783676700000,315.291,315.384,315.06,315.169,500336.70424897
1783677600000,315.17,315.515,315.16,315.49,769221.34551674
1783678500000,315.49,315.525,315.37,315.391,2492409.79629284
1783679400000,315.39,315.39,315.385,315.385,1939561.7811998774
1783680300000,315.385,315.385,315.155,315.225,2946107.61843599
1783681200000,314.56,315.387,314.4,314.56,8609645.89374999
1783682100000,314.5,314.799,314.469,314.575,6993034.55446642
1783683000000,314.38,314.75,314.38,314.38,5855254.24481389
1783683900000,314.71,314.72,314.29,314.29,9478994.637861693
1783684800000,314.11,314.489,313.636,313.74,15855020.18237391
1783685700000,313.88,314.27,313.61,314.01,10608331.34618604
1783686600000,313.99,314.6,313.95,314.38,8781787.38815962
1783687500000,314.63,314.8,314.296,314.51,7264158.95430441
1783688400000,314.725,315.193,314.535,314.8,13233035.003475977
1783689300000,314.76,314.883,313.756,314.14,22392106.02416031
1783690200000,314.73,316.39,313.22,314.77,842355841.386169
1783691100000,314.755,315.14,314.015,314.34,382518394.88243943
1783692000000,314.29,314.75,313.37,313.76,322742853.60855865
1783692900000,313.758,313.95,312.94,313.14,395567589.9977686
1783693800000,313.12,313.35,312.16,312.975,523730783.1159909
1783694700000,312.925,313.92,312.69,313.78,292243707.0356774
1783695600000,313.77,314.11,313.01,313.865,275657253.43684965
1783696500000,313.91,314.11,313.33,313.34,214647046.7286129
1783697400000,313.37,313.82,312.945,313.16,245521221.37595308
1783698300000,313.17,313.45,312.32,313.25,222321511.21893162
1783699200000,313.27,314.25,313.09,314.185,191419031.1524497
1783700100000,314.21,314.52,314.08,314.32,152055244.09669843
1783701000000,314.38,314.63,314.005,314.41,157451556.8563291
1783701900000,314.49,314.78,314.39,314.69,127132220.64084432
1783702800000,314.73,314.73,314.15,314.28,126713226.412493
1783703700000,314.26,314.54,314.22,314.48,123765449.16090547
1783704600000,314.475,314.555,313.93,313.96,115031904.3727664
1783705500000,313.915,314.45,313.915,314.12,104174386.36769849
1783706400000,314.12,314.35,314.015,314.175,130503293.85943127
1783707300000,314.18,314.88,314.155,314.86,131292272.83861548
1783708200000,314.855,314.985,314.74,314.95,128596735.33224744
1783709100000,314.96,315.405,314.925,315.26,427575018.06375337
1783710000000,315.28,316.15,315.23,316.005,267564897.69488177
1783710900000,316.0,316.46,315.92,316.185,366749095.59258723
1783711800000,316.16,316.915,316.05,316.645,483613394.7332614
1783712700000,316.61,316.755,314.79,315.32,774887075.8480608
1783713600000,315.28,315.372,314.5,314.5,2182320615.7936535
1783714500000,315.15,315.224,314.99,314.99,3399310.91003022
1783715400000,315.1,315.105,314.98,315.08,8275795.53478705
1783716300000,315.16,315.16,315.015,315.16,507334199.46066505
1783717200000,315.08,315.14,315.044,315.14,1712067.25612096
1783718100000,315.08,315.209,315.041,315.2,14228099.10653974
1783719000000,315.17,315.17,315.11,315.12,759741.4631589598
1783719900000,315.12,315.12,315.12,315.12,711442.69360944
1783720800000,315.01,315.12,314.987,315.01,1331872.43622278
1783721700000,315.06,315.061,314.985,315.06,505408.52544864
1783722600000,315.062,315.065,314.905,314.905,1271025.76049591
1783723500000,314.905,315.05,314.905,315.02,1293614.95592214
1783724400000,315.02,315.08,314.9,315.059,1672889.76754028
1783725300000,315.06,315.06,314.9,315.025,272511.39801445
1783726200000,315.025,315.025,314.99,314.99,555964.48292152
1783727100000,314.99,314.99,314.891,314.975,2126329.157790752
1783728000000,314.973,314.973,314.971,314.971,0.0
1783730700000,314.91,314.91,313.96,313.96,25.249178
1783737900000,314.38,315.07,314.38,315.07,410.058063
1783744200000,314.92,314.92,314.92,314.92,54.985032
1783745100000,313.96,313.96,313.96,313.96,54.817416
1783764900000,314.39,314.75,314.39,314.75,157.930052
1783772100000,314.96,314.96,314.96,314.96,10.330688
1783774800000,313.95,313.95,313.93,313.93,114.967516
1783777500000,314.14,314.63,313.93,313.93,330.853586
1783783800000,314.09,314.09,313.9,313.9,23.20424
1783785600000,314.09,314.14,314.09,314.14,23.999406
1783796400000,314.14,314.14,313.9,313.9,29.926118
1783797300000,314.14,314.16,314.14,314.16,10.995228
1783798200000,313.9,313.9,313.9,313.9,10.95511
1783804500000,313.9,313.9,313.83,313.83,684.265077
1783805400000,313.8,313.8,313.7,313.7,1069.918264
1783825200000,313.64,313.64,313.64,313.64,108.801716
1783826100000,313.81,313.81,313.81,313.81,10.98335
1783828800000,313.81,313.81,313.81,313.81,104.843921
1783829700000,313.99,313.99,313.99,313.99,105.751832
1783832400000,313.99,313.99,313.99,313.99,100.068613
1783835100000,313.6,313.6,313.55,313.55,211.381835
1783866600000,313.84,313.84,313.84,313.84,10.796096
1783870200000,313.53,313.53,313.53,313.53,10.754079
1783875600000,313.53,313.53,313.53,313.53,10.252431
1783890000000,313.84,313.84,313.84,313.84,29.97172
1783900800000,314.94,314.94,313.69,314.53,1803455.46
1783901700000,314.54,314.62,314.04,314.12,277807.77
1783902600000,314.12,314.24,313.76,313.84,315988.48
1783903500000,313.91,313.98,313.44,313.64,973857.76
1783904400000,313.66,313.9,313.65,313.73,574631.2
1783905300000,313.73,314.11,313.71,314.11,601377.15
1783906200000,314.08,314.46,314.02,314.15,512830.87
1783907100000,314.34,314.65,314.09,314.54,738611.28
1783908000000,314.73,314.93,314.59,314.93,760531.53
1783908900000,314.79,314.89,314.69,314.86,195159.01
1783909800000,314.88,314.93,314.64,314.67,180385.27
1783910700000,314.61,314.71,314.56,314.69,257685.64
1783911600000,314.66,314.99,314.33,314.99,1564455.71
1783912500000,314.97,315.01,314.75,314.91,2139487.78
1783913400000,314.91,315.01,314.69,314.77,630029.19
1783914300000,314.77,315.0,314.77,315.0,1229931.05
1783915200000,315.0,316.1,314.97,316.1,1153481.73
1783916100000,316.07,316.15,315.72,315.74,620531.97
1783917000000,315.72,315.95,315.3,315.31,369875.26
1783917900000,315.33,315.45,315.19,315.45,312133.13
1783918800000,315.37,315.53,315.23,315.36,424857.51
1783919700000,315.37,315.37,314.8,314.88,326066.35
1783920600000,314.88,315.46,314.88,315.4,559702.36
1783921500000,315.4,315.4,315.0,315.3,310820.65
1783922400000,315.3,315.3,314.72,314.87,805395.37
1783923300000,314.87,315.97,314.77,315.97,1479744.46
1783924200000,315.97,316.17,315.46,315.75,1315262.65
1783925100000,315.79,315.91,315.5,315.76,1596729.64
1783926000000,315.77,316.13,315.5,315.6,580458.02
1783926900000,315.65,315.7,315.54,315.55,188115.95
1783927800000,315.54,315.78,315.43,315.78,238876.97
1783928700000,315.56,315.86,315.56,315.86,292620.19
1783929600000,314.999,316.22,314.999,316.22,22967078.37153065
1783930500000,316.19,316.19,315.41,316.05,2034014.19149539
1783931400000,316.17,316.195,316.055,316.16,1858827.3098025
1783932300000,316.055,316.055,315.31,315.31,1848737.43749541
1783933200000,315.31,315.31,315.31,315.31,1049570.21946914
1783934100000,315.31,315.84,315.31,315.84,929491.76078568
1783935000000,315.84,315.84,315.19,315.61,938245.73752682
1783935900000,315.61,315.738,315.377,315.611,1397994.70001013
1783936800000,315.61,315.615,315.42,315.56,1098661.33864923
1783937700000,315.56,315.56,315.425,315.56,808657.49284695
1783938600000,315.56,315.94,315.56,315.94,753115.99188607
1783939500000,317.0,317.015,315.94,317.0,10733632.04372647
1783940400000,316.51,316.513,315.685,316.51,8494528.06751012
1783941300000,315.88,316.07,315.651,315.88,4131178.51647417
1783942200000,315.69,316.335,315.675,315.9,4396248.07988912
1783943100000,315.9,316.059,315.8,315.851,4760863.16569274
1783944000000,315.72,315.973,315.685,315.74,6244946.65565727
1783944900000,315.78,315.982,315.672,315.78,3508211.33216545
1783945800000,315.92,316.192,315.844,316.08,9051177.68658401
1783946700000,316.35,316.72,315.9,316.72,11727793.24520718
1783947600000,317.01,317.458,316.689,317.26,23202337.86578749
1783948500000,317.22,317.42,316.285,316.49,22590698.33553906
1783949400000,322.391,322.391,322.391,322.391,1941408166.0863888
1783950300000,322.41,323.42,320.52,321.15,891018870.3166056
1783951200000,321.23,321.76,320.64,321.13,490618608.2111183
1783952100000,321.25,321.43,319.39,320.195,500596533.0447764
1783953000000,320.21,320.3,318.67,318.82,328906816.756182
1783953900000,318.78,319.512,318.36,319.06,358682856.42450035
1783954800000,319.13,319.23,317.91,317.97,279629726.63972235
1783955700000,317.88,318.15,316.87,317.22,305316310.67461723
1783956600000,317.22,317.243,316.11,316.45,326743737.5604602
1783957500000,316.43,317.23,316.43,317.148,378019319.8036419
1783958400000,317.09,317.88,316.79,317.65,374781240.25079244
1783959300000,317.66,317.7,316.87,317.385,240946234.71640882
1783960200000,317.31,317.401,315.96,316.52,326051711.36630034
1783961100000,316.515,316.79,316.19,316.595,164601138.72825935
1783962000000,316.59,316.705,316.015,316.105,168174689.558569
1783962900000,316.11,316.58,315.78,316.42,485286048.47364
1783963800000,316.47,316.66,316.155,316.38,204690746.09577358
1783964700000,316.385,316.73,316.04,316.16,269877076.2816733
1783965600000,316.14,316.52,315.99,316.335,185444058.83988836
1783966500000,316.26,316.83,316.15,316.819,200558113.99894518
1783967400000,316.8,317.09,316.645,316.94,194802836.34300318
1783968300000,316.97,317.47,316.936,317.16,535568766.5531763
1783969200000,317.21,317.49,316.18,316.28,301968227.64751023
1783970100000,316.27,317.12,316.23,316.28,276134218.2694931
1783971000000,316.33,316.94,316.08,316.85,302081917.87171453
1783971900000,316.895,317.76,316.725,317.48,973578615.1479956
1783972800000,317.44,317.623,317.32,317.44,2885421157.1936593
1783973700000,317.34,317.45,316.15,316.15,14655592.30411216
1783974600000,317.29,317.5,317.075,317.29,5650002.54337642
1783975500000,317.355,317.41,317.14,317.14,2076409.6603623
1783976400000,317.14,317.3,317.14,317.25,2984395.13353025
1783977300000,317.425,317.499,317.25,317.425,6689174.32822658
1783978200000,317.25,317.38,317.216,317.25,890594.46329975
1783979100000,317.215,317.29,317.215,317.29,4771139.09135612
1783980000000,317.36,317.56,317.29,317.56,1163253.89756817
1783980900000,317.485,317.58,317.45,317.485,679306.94228884
1783981800000,317.485,317.485,317.325,317.325,1230854.79520745
1783982700000,317.14,317.404,317.102,317.14,1244047.51973583
1783983600000,317.28,317.305,317.1,317.29,1714395.64781453
1783984500000,317.2,317.2,317.065,317.177,1484772.83873123
1783985400000,317.24,317.25,317.145,317.24,1706680.56219182
1783986300000,317.22,317.823,317.135,317.45,5552274.29458556
1783987200000,318.03,318.26,317.39,317.72,580006.23
1783988100000,317.81,317.9,317.34,317.44,200397.15
1783989000000,317.37,317.61,317.02,317.02,352616.71
1783989900000,317.18,317.73,317.18,317.62,319429.73
1783990800000,317.53,317.57,317.31,317.33,397990.57
1783991700000,317.21,317.27,316.8,317.01,603977.53
1783992600000,316.98,317.12,316.79,316.83,264693.75
1783993500000,316.84,317.04,316.64,316.88,211665.03
1783994400000,316.9,316.99,316.49,316.57,448385.22
1783995300000,316.57,316.8,316.5,316.7,246385.38
1783996200000,316.75,316.87,316.63,316.8,221758.95
1783997100000,316.77,316.85,316.3,316.34,731716.89
1783998000000,316.35,316.36,314.99,315.26,1920813.5
1783998900000,315.25,316.05,314.92,316.05,2136019.48
1783999800000,316.03,316.33,315.6,315.92,461009.87
1784000700000,315.94,316.08,315.81,316.08,114075.56
1784001600000,316.08,316.48,316.08,316.17,251730.47
1784002500000,316.17,316.33,316.17,316.31,47759.62
1784003400000,316.27,316.28,315.94,315.95,513596.93
1784004300000,315.95,316.56,315.92,316.55,997230.91
1784005200000,316.51,316.68,316.31,316.32,2125895.33
1784006100000,316.32,316.32,315.95,316.05,834266.08
1784007000000,316.07,316.21,315.7,315.7,685657.87
1784007900000,315.7,315.72,315.05,315.41,2505254.4
1784008800000,315.42,315.65,315.42,315.65,266942.15
1784009700000,315.65,315.77,315.59,315.7,890845.03
1784010600000,315.71,315.89,315.65,315.7,662357.71
1784011500000,315.69,315.71,315.01,315.01,1618165.94
1784012400000,315.0,315.32,314.88,314.89,1189745.37
1784013300000,314.87,315.1,314.62,314.73,841178.22
1784014200000,314.75,314.86,314.02,314.03,1306522.91
1784015100000,314.03,314.76,313.91,314.5,1416352.23
1784016000000,313.8,317.151,312.565,313.29,40485413.7510185
1784016900000,313.66,314.235,313.122,313.66,7527166.6523951
1784017800000,313.285,313.285,313.18,313.18,3138519.79999535
1784018700000,313.2,314.155,313.18,313.3,2532405.8452676
1784019600000,312.85,314.155,312.615,312.85,7824844.94615303
1784020500000,313.2,313.455,313.17,313.31,2801555.4153243
1784021400000,313.455,313.875,313.455,313.875,953041.93660273
1784022300000,313.72,313.95,313.72,313.72,1189593.82344462
1784023200000,313.68,313.875,313.482,313.66,1624229.73413887
1784024100000,313.83,313.93,313.83,313.93,839087.62812948
1784025000000,313.74,313.972,313.616,313.74,1527379.60382067
1784025900000,313.76,313.89,313.675,313.7,1149248.38829772
1784026800000,313.82,315.335,313.623,314.58,19358816.20183776
1784027700000,314.63,315.774,314.56,314.56,10183429.05491747
1784028600000,314.76,315.058,314.585,314.6,5740667.76665429
1784029500000,315.12,315.196,314.5,314.9,6707815.60869501
1784030400000,314.52,315.01,314.202,315.01,9552535.97984402
1784031300000,314.8,315.368,314.5,315.26,11066204.78834563
1784032200000,316.0,316.649,314.854,315.13,29498976.51999507
1784033100000,314.79,314.94,313.85,314.0,23048573.14093207
1784034000000,313.89,314.203,313.544,313.95,11307742.74034889
1784034900000,313.5,314.366,312.975,313.8,37179850.59195988
1784035800000,313.76,315.64,311.95,314.8,850958157.6819417
1784036700000,314.81,315.575,313.05,314.5,386609228.3535594
1784037600000,314.445,314.518,313.06,314.26,437470957.77013105
1784038500000,314.23,315.14,313.365,314.97,272907215.0584133
1784039400000,314.96,316.14,314.76,315.45,737560351.3594016
1784040300000,315.44,315.515,314.02,314.97,265010810.11183143
1784041200000,315.015,316.04,314.81,315.74,230226203.62735984
1784042100000,315.68,315.755,314.25,314.305,221496699.4477054
1784043000000,314.33,314.79,313.81,314.435,277233762.15498906
1784043900000,314.48,314.5,313.19,313.26,264764103.71960527
1784044800000,313.24,314.23,312.88,314.095,248621112.86143613
1784045700000,314.04,314.12,312.88,313.25,203627458.74099153
1784046600000,313.27,313.87,313.11,313.44,146377433.69030994
1784047500000,313.485,314.2,313.415,314.07,88104858.95459303
1784048400000,314.125,314.96,313.89,314.43,248224197.31163055
1784049300000,314.45,314.95,314.24,314.88,166117528.67795077
1784050200000,314.88,315.0,314.62,314.76,154052039.4290656
1784051100000,314.81,315.24,314.61,315.17,153315375.33952007
1784052000000,315.23,315.355,315.06,315.27,140081938.1897852
1784052900000,315.275,315.275,314.855,315.22,160236341.97592527
1784053800000,315.21,315.45,314.81,315.2,171113478.132758
1784054700000,315.165,315.6,315.04,315.48,163808908.30034658
1784055600000,315.49,315.86,315.12,315.41,204282042.0069466
1784056500000,315.42,315.86,315.315,315.7,162573161.63378224
1784057400000,315.68,315.74,315.14,315.33,268037693.9472646
1784058300000,315.315,315.66,314.6,314.89,681130830.8605016
1784059200000,315.0,315.03,314.44,314.92,3134680598.993198
1784060100000,314.75,314.8,314.685,314.75,3220009.5789683
1784061000000,314.61,314.86,313.95,314.83,511823283.4592555
1784061900000,314.5,315.047,314.313,314.78,20374256.32813003
1784062800000,314.715,314.89,314.6,314.681,401109.62647884
1784063700000,314.85,314.88,314.68,314.85,4723549.04964651
1784064600000,314.715,314.78,314.715,314.78,4455040.3864225
1784065500000,314.92,315.0,314.784,314.92,10818219.84587212
1784066400000,314.9,314.9,314.69,314.9,1376495.39185541
1784067300000,314.69,314.845,314.601,314.725,827335.62645239
1784068200000,314.99,314.99,314.725,314.99,6937653.85490012
1784069100000,314.795,314.82,314.575,314.65,472043.86304241
1784070000000,314.65,314.86,314.6,314.775,508724.78915644
1784070900000,314.775,315.2,314.427,315.16,5427947.15912355
1784071800000,315.16,315.399,315.0,315.225,2384847.5042686
1784072700000,315.59,315.689,315.18,315.59,4080145.40062748
1784073600000,315.4,315.77,315.02,315.6,867756.89
1784074500000,315.4,315.42,315.14,315.2,212799.38
1784075400000,315.12,315.58,314.81,314.9,527533.61
1784076300000,315.0,315.24,315.0,315.1,257474.21
1784077200000,315.1,315.15,314.96,315.05,119080.36
1784078100000,315.02,315.13,315.0,315.13,77503.52
1784079000000,315.11,315.15,315.02,315.03,118153.0
1784079900000,315.02,315.28,315.01,315.28,172694.65
1784080800000,315.2,315.39,315.16,315.38,466908.92
1784081700000,315.37,315.49,315.28,315.32,268731.11
1784082600000,315.31,315.59,315.31,315.57,285559.72
1784083500000,315.58,315.58,315.45,315.55,250219.28
1784084400000,315.54,315.57,315.31,315.44,119874.96
1784085300000,315.44,315.44,315.29,315.32,131179.34
1784086200000,315.33,315.45,315.31,315.39,157375.66
1784087100000,315.42,315.6,315.41,315.41,243851.46
1784088000000,315.4,315.46,315.26,315.36,94911.71
1784088900000,315.35,315.55,315.29,315.36,192093.18
1784089800000,315.37,315.56,315.37,315.45,204435.6
1784090700000,315.45,315.55,315.41,315.44,157108.82
1784091600000,315.45,315.79,315.45,315.49,692338.68
1784092500000,315.49,315.74,315.4,315.59,1025472.95
1784093400000,315.58,315.7,315.44,315.66,843493.73
1784094300000,315.64,315.81,315.42,315.65,521368.94
1784095200000,315.67,315.79,315.39,315.41,809056.28
1784096100000,315.38,315.4,315.27,315.3,176582.87
1784097000000,315.3,315.35,315.18,315.29,180322.57
1784097900000,315.29,315.29,315.1,315.12,255943.82
1784098800000,315.2,315.2,314.61,314.78,2371226.75
1784099700000,314.75,314.82,314.56,314.69,718518.0
1784100600000,314.69,315.04,314.69,315.0,357728.64
1784101500000,314.98,315.02,314.83,314.83,318980.59
1784102400000,315.01,317.111,314.64,316.76,43134915.20538475
1784103300000,316.78,317.12,316.05,317.09,5779995.64201225
1784104200000,316.88,317.27,316.66,316.88,1903557.99527143
1784105100000,317.55,319.434,316.74,318.77,17333437.25760937
1784106000000,317.46,318.395,317.364,317.67,3887215.73022674
1784106900000,317.76,317.76,317.545,317.76,1023630.5233985
1784107800000,317.545,317.7,317.545,317.7,1132146.34207322
1784108700000,317.7,317.7,317.51,317.51,2263991.25329143
1784109600000,317.37,317.506,317.34,317.37,1173664.53050139
1784110500000,317.34,317.34,317.315,317.318,2322115.68431241
1784111400000,317.319,317.49,317.319,317.49,882463.28943783
1784112300000,317.69,317.745,317.1,317.69,5422608.62666894
1784113200000,317.147,317.435,316.495,316.695,13521667.31915481
1784114100000,316.51,317.045,316.2,316.51,7800313.42476382
1784115000000,316.8,317.246,316.73,316.916,2665391.72047647
1784115900000,316.85,317.05,316.4,316.72,4585965.44154638
1784116800000,316.4,316.532,316.2,316.478,3434463.069720405
1784117700000,316.479,316.644,316.2,316.35,1743459.97633343
1784118600000,316.64,317.67,316.35,317.67,9741649.14612188
1784119500000,317.04,317.475,316.835,317.04,5258933.84767231
1784120400000,316.914,317.18,316.695,317.088,3404157.04800802
1784121300000,317.12,317.406,316.645,316.9,13143321.68075619
1784122200000,317.47,321.22,317.4,321.13,947667516.9110821
1784123100000,321.16,321.79,319.93,320.75,1041382104.3719099
1784124000000,320.8,324.97,320.685,324.77,1174082776.1803496
1784124900000,324.73,325.675,324.24,324.746,1322682297.3012247
1784125800000,324.222,324.222,324.222,324.222,1067352776.2055584
1784126700000,324.165,325.41,323.69,323.9,513136246.85826844
1784127600000,323.9,324.34,323.54,324.235,350240445.00669056
1784128500000,324.2,325.67,324.045,325.57,445307115.65296227
1784129400000,325.612,327.11,325.16,326.557,827730451.3760828
1784130300000,326.58,327.015,325.24,326.29,451468509.42925245
1784131200000,326.34,327.34,326.31,327.13,483272101.7418707
1784132100000,327.16,328.53,327.12,328.175,801878446.6211104
1784133000000,328.16,328.51,327.345,328.205,690997993.6801785
1784133900000,328.212,328.29,327.39,327.951,576456380.3382198
1784134800000,327.985,328.06,326.47,326.63,420608835.48381764
1784135700000,326.64,327.21,326.01,326.99,390175559.534992
1784136600000,327.02,327.99,326.655,327.21,372035646.6744244
1784137500000,327.235,327.7,327.21,327.58,336170142.6972207
1784138400000,327.61,327.665,327.2,327.61,342263744.7185959
1784139300000,327.61,327.86,327.2,327.775,288784992.3443061
1784140200000,327.75,327.835,327.48,327.66,235209757.48441458
1784141100000,327.63,327.71,327.09,327.52,324144378.3240197
1784142000000,327.49,328.73,327.49,327.795,515467729.3020316
1784142900000,327.818,327.975,326.88,327.012,588979227.2396508
1784143800000,327.045,327.07,325.86,325.885,948012672.7240655
1784144700000,325.91,328.34,325.72,327.57,1670957251.0176485
1784145600000,327.69,327.7,327.36,327.43,3630122634.292296
1784146500000,327.6,327.69,327.36,327.61,8100922.66321927
1784147400000,327.56,327.56,327.413,327.56,28722076.84718941
1784148300000,327.44,327.53,327.291,327.44,5594154.3183042
1784149200000,327.48,327.545,327.48,327.499,4596750.34525285
1784150100000,327.49,327.699,327.41,327.41,15350963.66940229
1784151000000,327.49,327.49,327.41,327.41,2292682.1725343196
1784151900000,327.41,327.484,327.405,327.415,1358528.13537453
1784152800000,327.49,327.653,327.409,327.5,11282544.94760682
1784153700000,327.56,327.625,327.54,327.61,2656522.83342219
1784154600000,327.66,327.77,327.587,327.66,1513871.27091857
1784155500000,327.615,327.999,327.561,327.886,6374927.734217844
1784156400000,327.825,327.985,327.775,327.85,2527485.41334286
1784157300000,327.891,327.927,327.8,327.862,2050684.23291368
1784158200000,327.89,327.95,327.702,327.75,6833368.57147054
1784159100000,327.805,327.895,327.789,327.8,4470155.15929156
1784160000000,327.51,328.32,327.26,328.23,327428.66
1784160900000,328.31,328.32,327.87,328.12,334692.32
1784161800000,328.11,328.33,328.0,328.14,185408.48
1784162700000,328.17,328.48,328.07,328.14,584194.89
1784163600000,328.1,328.17,328.0,328.0,221789.52
1784164500000,327.94,327.95,327.51,327.86,438165.41
1784165400000,327.83,327.98,327.58,327.77,642137.09
1784166300000,327.73,328.0,327.65,327.85,580915.17
1784167200000,327.85,327.94,327.5,327.5,686043.27
1784168100000,327.59,327.79,327.54,327.64,364990.4
1784169000000,327.64,327.75,327.61,327.72,173661.48
1784169900000,327.71,327.88,327.69,327.72,520902.65
1784170800000,327.76,327.84,327.74,327.81,165862.93
1784171700000,327.81,327.81,327.67,327.69,421110.8
1784172600000,327.73,327.87,327.7,327.74,606118.93
1784173500000,327.76,327.99,327.75,327.97,667944.16
1784174400000,327.96,328.14,327.92,328.14,249621.75
1784175300000,328.1,328.23,328.03,328.23,294323.27
1784176200000,328.21,328.39,328.18,328.31,667099.22
1784177100000,328.31,328.31,328.13,328.24,293724.29
1784178000000,328.25,328.42,328.24,328.4,528935.8
1784178900000,328.43,328.45,328.29,328.33,245293.32
1784179800000,328.38,328.41,327.73,327.8,1509962.01
1784180700000,327.81,327.9,327.7,327.85,363894.32
1784181600000,327.85,327.9,327.53,327.7,577743.36
1784182500000,327.76,327.76,327.27,327.49,1345145.01
1784183400000,327.5,327.52,327.33,327.51,1253889.52
1784184300000,327.52,327.79,327.51,327.67,99586.0
1784185200000,327.72,327.72,327.44,327.58,524808.16
1784186100000,327.58,327.91,327.53,327.89,780058.84
1784187000000,327.89,327.98,327.68,327.91,507477.66
1784187900000,327.91,328.04,327.38,327.41,1228205.05
1784188800000,327.52,329.228,327.52,329.0,28279615.20050255
1784189700000,328.83,329.0,328.301,328.83,10424770.76030879
1784190600000,328.695,329.222,328.695,329.222,3072528.776943
1784191500000,329.225,329.47,329.225,329.25,9144752.530337771
1784192400000,328.86,329.25,328.86,328.86,6914240.0381487
1784193300000,328.99,328.99,328.35,328.99,5243985.64832079
1784194200000,328.34,328.84,328.25,328.34,7134804.53836327
1784195100000,328.87,328.956,328.4,328.87,2343248.68583043
1784196000000,328.01,328.595,326.893,327.51,8799262.94053796
1784196900000,327.763,328.15,327.72,327.72,1118736.66720547
1784197800000,327.65,327.72,327.65,327.65,1425484.0416395
1784198700000,327.77,327.88,327.72,327.83,1287974.0099523
1784199600000,327.77,328.99,327.77,328.75,45994122.47577609
1784200500000,328.751,329.141,328.619,328.676,10313586.53916206
1784201400000,328.28,328.705,328.179,328.28,5923833.43318815
1784202300000,328.35,328.729,327.942,328.49,18575358.89781525
1784203200000,328.87,328.988,328.416,328.59,18081260.38441508
1784204100000,328.416,328.453,328.216,328.304,13346585.838549962
1784205000000,328.4,328.99,328.232,328.79,26068639.87799134
1784205900000,328.895,328.902,328.361,328.42,13938632.26122141
1784206800000,328.52,328.768,328.32,328.35,11781882.05220425
1784207700000,328.48,328.689,327.6,327.6,30496423.75613477
1784208600000,328.135,328.99,326.8,327.845,1268381618.2619314
1784209500000,327.905,331.11,327.86,331.11,1296925461.3823345
1784210400000,331.105,331.365,327.91,328.7,877214653.3296514
1784211300000,328.68,330.6,328.36,330.37,500660172.91699296
1784212200000,330.37,331.16,330.21,330.637,701431444.7368816
1784213100000,330.69,330.86,329.775,330.2,370465573.2033233
1784214000000,330.17,330.6,329.365,330.485,356552902.71036726
1784214900000,330.44,330.91,329.815,330.64,500655808.79124564
1784215800000,330.6,331.62,330.5,331.29,356398189.42920977
1784216700000,331.288,332.25,331.26,331.771,514714377.6945044
1784217600000,331.88,331.96,330.63,330.66,451149632.5839924
1784218500000,330.62,331.455,330.45,331.16,303736017.40836453
1784219400000,331.18,331.4,329.86,330.43,327506040.3595493
1784220300000,330.41,332.075,330.36,332.075,773986826.928657
1784221200000,332.11,332.38,331.74,331.779,429813426.708539
1784222100000,331.78,332.96,331.74,332.9,428129191.80125415
1784223000000,332.92,333.545,332.34,332.39,529150892.22309494
1784223900000,332.37,332.5,330.845,331.61,616302745.0613703
1784224800000,331.65,331.82,329.59,329.78,483391123.38894975
1784225700000,329.68,331.99,329.39,331.247,858274840.3705401
1784226600000,331.2,332.09,330.93,331.96,356680106.50403106
1784227500000,331.94,333.52,331.83,333.205,672849547.6632819
1784228400000,333.18,334.65,333.01,334.21,799714004.8376207
1784229300000,334.18,334.36,332.98,333.0,830042751.8190937
1784230200000,333.02,333.115,332.1,332.264,1043261063.6484127
1784231100000,332.25,333.695,330.77,333.24,1943024819.5479531
1784232000000,333.015,333.231,332.651,332.87,3727996841.337472
1784232900000,332.76,333.09,332.702,332.76,41055771.36162848
1784233800000,332.78,332.969,332.7,332.87,28667817.44607574
1784234700000,332.935,332.985,332.6,332.66,7066159.66463468
1784235600000,332.821,332.821,332.775,332.8,1410844.09685816
1784236500000,332.78,332.825,332.635,332.75,3478214.42003561
1784237400000,332.99,333.049,332.745,332.99,3489758.18226934
1784238300000,333.049,333.15,333.049,333.125,4020731.6497411104
1784239200000,333.24,333.535,333.125,333.3,9030146.5721562
1784240100000,333.48,333.88,333.255,333.75,14565481.36840909
1784241000000,333.73,333.795,333.542,333.73,11928763.66631099
1784241900000,333.99,334.628,333.715,334.3,14662605.96414462
1784242800000,334.335,334.664,334.172,334.658,8849411.876725975
1784243700000,334.705,334.726,334.336,334.705,4738429.17549461
1784244600000,334.89,335.186,334.614,335.02,21816795.2142878
1784245500000,334.929,335.0,334.658,334.738,5791484.41536261
1784246400000,334.62,335.09,333.79,334.6,1507419.24
1784247300000,334.73,334.93,334.43,334.86,956923.61
1784248200000,334.89,336.78,334.6,335.61,3492890.48
1784249100000,335.51,335.92,334.91,335.1,1778687.12
1784250000000,335.1,335.42,334.69,334.73,945057.75
1784250900000,334.68,334.81,334.57,334.79,884237.31
1784251800000,334.79,337.0,334.68,336.87,6472525.3
1784252700000,336.87,339.21,336.87,337.99,11001176.2
1784253600000,337.98,338.73,337.03,337.39,3776569.87
1784254500000,337.08,338.85,336.99,338.52,4109545.06
1784255400000,338.54,338.91,338.19,338.71,5796481.14
1784256300000,338.64,338.64,336.22,336.98,3659519.56
1784257200000,336.9,336.96,335.6,335.75,2548110.6
1784258100000,335.74,336.51,335.07,336.23,2369654.82
1784259000000,336.06,336.1,335.05,335.05,680903.05
1784259900000,335.06,335.67,335.06,335.09,1000187.95
1784260800000,335.09,335.25,334.21,334.31,1910653.33
1784261700000,334.55,335.69,334.08,335.67,1374388.44
1784262600000,335.67,335.68,334.51,334.8,717963.46
1784263500000,334.84,335.26,334.22,334.39,987514.0
1784264400000,334.39,335.01,334.29,335.01,1117629.58
1784265300000,335.0,335.97,334.6,335.6,1337515.94
1784266200000,335.6,336.37,335.03,335.81,4486803.75
1784267100000,335.96,336.5,335.52,335.86,3865103.88
1784268000000,335.86,336.09,334.99,335.39,1786267.0
1784268900000,335.22,335.38,334.6,335.1,2635106.89
1784269800000,335.1,335.41,334.78,335.11,1713360.0
1784270700000,335.31,335.59,334.84,334.95,2814738.92
1784271600000,334.98,335.61,334.6,335.49,5708869.18
1784272500000,335.49,337.38,335.49,337.18,5466360.25
1784273400000,337.07,337.26,336.87,336.91,2225471.78
1784274300000,336.73,336.91,336.2,336.72,722369.49
1784275200000,336.19,337.455,334.73,335.72,79042447.1971915
1784276100000,336.22,336.44,335.378,335.76,12755138.59774103
1784277000000,335.53,335.53,335.165,335.255,6188493.05748284
1784277900000,335.16,335.425,334.836,334.99,5724146.41902385
1784278800000,335.0,335.115,334.12,334.19,6865306.62357581
1784279700000,334.55,334.649,333.301,333.4,16483414.71042572
1784280600000,333.387,333.39,333.162,333.227,11267895.751423456
1784281500000,333.24,333.325,332.785,333.0,10551282.82825507
1784282400000,333.09,333.257,332.455,332.48,14005303.08653669
1784283300000,332.38,333.49,332.38,333.49,16988442.50718224
1784284200000,332.64,333.45,332.389,332.64,7002839.62498277
1784285100000,332.65,333.468,332.245,333.05,11581873.4128718
1784286000000,332.43,333.389,332.315,332.43,19439371.06347742
1784286900000,332.477,333.05,332.401,332.627,5858778.49824953
1784287800000,332.9,333.082,332.46,332.65,5531237.32973861
1784288700000,333.036,333.435,332.853,332.927,26494036.574384257
1784289600000,333.08,333.27,332.66,332.66,9623126.79445679
1784290500000,332.99,333.273,332.734,332.99,8990161.31391592
1784291400000,333.28,333.51,333.025,333.51,17767565.48267317
1784292300000,333.42,333.55,333.06,333.06,11925327.3355127
1784293200000,333.088,333.725,332.872,333.376,39178895.820352726
1784294100000,333.41,333.562,330.0,332.01,80174648.71589416
1784295000000,331.99,334.97,331.305,333.89,2770271766.568463
1784295900000,333.85,334.41,330.89,330.95,933665467.1162025
1784296800000,330.95,330.95,329.01,330.462,879734852.0693496
1784297700000,330.48,331.81,329.85,331.749,661440233.9644182
1784298600000,331.88,333.96,331.776,333.05,781433051.5362382
1784299500000,333.06,333.57,331.93,333.15,474719601.9858474
1784300400000,333.22,333.98,332.51,333.66,444003770.7600155
1784301300000,333.66,334.725,333.37,334.645,476798015.2782862
1784302200000,334.67,334.85,333.24,333.71,556498153.8623707
1784303100000,333.735,333.735,332.02,332.425,504743110.17355746
1784304000000,332.365,332.365,330.02,330.335,714129449.7702274
1784304900000,330.325,331.885,330.308,331.75,391132833.6795242
1784305800000,331.71,332.335,331.49,332.24,308010426.49380505
1784306700000,332.195,333.51,330.44,330.529,785671195.7524132
1784307600000,330.5,330.78,329.46,329.47,582344816.5372238
1784308500000,329.48,330.86,329.17,330.5,545519760.8678229
1784309400000,330.49,330.94,330.12,330.88,278910625.76506144
1784310300000,330.85,331.91,330.52,331.78,384932081.09629095
1784311200000,331.77,333.21,331.54,332.615,581935814.5054821
1784312100000,332.5,332.71,332.1,332.35,272766063.0720805
1784313000000,332.36,333.7,332.115,333.63,485402061.2146822
1784313900000,333.58,334.665,333.515,333.935,533096534.4252942
1784314800000,333.969,334.64,333.64,333.736,546890089.6521975
1784315700000,333.713,333.965,332.37,332.737,627704099.9717422
1784316600000,332.78,334.05,332.28,333.91,692783663.8895783
1784317500000,333.89,334.39,333.45,333.74,1430239377.7748818
1784318400000,333.58,333.828,333.461,333.675,3622845608.494079
1784319300000,333.66,333.92,333.623,333.79,20883398.66811288
1784320200000,333.85,333.976,333.78,333.9,6866302.7373854
1784321100000,333.89,334.33,333.84,334.33,15292154.62466443
1784322000000,334.1,334.1,333.768,333.93,4727158.95410137
1784322900000,333.794,333.82,333.72,333.82,2291904.20872947
1784323800000,333.82,333.83,333.675,333.83,2148591.16264136
1784324700000,333.935,334.047,333.802,333.92,4114508.56814494
1784325600000,333.95,334.075,333.865,333.95,2004479.02799371
1784326500000,333.87,334.01,333.81,333.83,1098350.44256348
1784327400000,333.875,333.95,333.87,333.87,1712260.45501569
1784328300000,333.87,333.959,333.86,333.86,1533386.52581294
1784329200000,333.873,333.939,333.805,333.805,1022158.34047523
1784330100000,333.805,333.805,333.74,333.74,2020062.30756946
1784331000000,333.74,333.805,333.645,333.71,764618.84012094
1784331900000,333.71,333.825,333.615,333.625,6876097.369073431
1784336400000,332.47,332.47,332.1,332.1,21.93081
1784337300000,332.41,332.41,332.1,332.1,30.733603
1784340900000,332.47,332.47,332.09,332.09,20.435239
1784350800000,332.47,332.47,332.09,332.09,25.552351
1784354400000,332.47,332.47,332.47,332.47,104.994026
1784355300000,332.09,332.53,332.09,332.53,115.9719
1784356200000,332.53,332.53,332.05,332.05,22.130514
1784365200000,332.05,332.05,332.05,332.05,29.8845
1784367000000,332.23,332.23,332.23,332.23,10.099792
1784367900000,332.23,332.23,332.04,332.04,21.987337
1784376000000,332.23,332.23,332.23,332.23,29.967146
1784377800000,332.23,332.65,332.04,332.04,65.897441
1784379600000,332.04,332.04,332.04,332.04,16.137144
1784380500000,332.53,332.53,332.04,332.04,22.495719
1784381400000,332.53,332.53,332.04,332.04,31.99907
1784382300000,332.04,332.04,332.04,332.04,48.876288
1784390400000,332.53,332.53,332.03,332.03,98.180215
1784391300000,332.45,332.45,332.03,332.03,24.452864
1784393100000,332.45,332.45,332.45,332.45,10.006745
1784405700000,332.44,332.66,332.44,332.66,166.280832
1784408400000,332.03,332.03,332.03,332.03,165.915391
1784409300000,332.43,332.66,332.43,332.66,287.053273
1784416500000,332.67,332.67,332.66,332.66,21.95589
1784421900000,332.67,332.67,332.67,332.67,104.990652
1784428200000,332.67,332.67,332.66,332.66,21.656492
1784434500000,332.67,332.67,332.66,332.66,20.126233
1784435400000,332.67,332.67,331.99,331.99,101.919982
1784439000000,332.2,332.34,331.95,331.95,82.64953
1784439900000,332.15,332.35,331.88,331.88,79.918705
1784447100000,332.32,332.32,331.88,331.88,23.97762
1784448000000,332.11,332.27,331.88,331.88,45.621809
1784466000000,331.89,331.89,331.88,331.88,112.939674
1784470500000,332.11,332.75,332.11,332.75,179.276332
1784472300000,332.65,332.65,331.85,331.85,55.35285
1784476800000,332.56,332.56,332.56,332.56,5.088168
1784498400000,332.56,332.56,332.56,332.56,99.768
1784502900000,331.82,331.82,331.82,331.82,108.471958
1784503800000,332.02,332.82,332.02,332.82,4522.43147
1784505600000,333.74,335.74,333.5,333.6,3682348.49
1784506500000,333.81,334.0,333.28,333.3,957658.56
1784507400000,333.29,333.29,332.35,332.83,925067.97
1784508300000,332.73,333.14,332.68,333.14,283206.48
1784509200000,333.12,333.2,332.67,332.67,458371.5
1784510100000,332.67,332.76,332.36,332.36,485909.19
1784511000000,332.4,333.01,332.4,333.01,1017439.81
1784511900000,332.95,334.3,332.86,334.24,1676388.71
1784512800000,334.23,335.41,334.22,334.55,939582.91
1784513700000,334.37,334.51,334.24,334.28,229719.85
1784514600000,334.29,335.5,334.29,334.56,1932956.69
1784515500000,334.7,335.49,334.43,334.84,861472.93
1784516400000,334.85,334.96,334.6,334.63,281939.38
1784517300000,334.63,334.83,334.41,334.43,476478.95
1784518200000,334.45,334.64,334.39,334.64,144501.87
1784519100000,334.71,334.78,334.21,334.35,366710.43
1784520000000,334.33,334.33,334.2,334.2,138046.95
1784520900000,334.2,334.23,333.95,334.23,125254.78
1784521800000,333.99,334.04,333.88,334.04,65799.62
1784522700000,334.04,334.08,333.7,333.72,224655.41
1784523600000,333.71,333.93,333.62,333.77,368225.09
1784524500000,333.69,333.69,333.11,333.38,248647.09
1784525400000,333.31,333.31,333.17,333.22,105968.53
1784526300000,333.2,333.29,333.03,333.17,196234.59
1784527200000,333.17,333.26,333.17,333.18,231905.41
1784528100000,333.18,333.23,333.01,333.09,425725.84
1784529000000,333.09,333.19,332.91,333.07,199148.15
1784529900000,333.08,333.16,333.01,333.1,57955.22
1784530800000,333.09,333.16,332.97,333.06,279449.28
1784531700000,333.06,333.22,332.98,333.11,305487.9
1784532600000,333.07,333.35,333.03,333.24,723318.23
1784533500000,333.23,333.37,333.08,333.33,405560.26
1784534400000,333.29,334.088,333.29,333.29,17940637.91383587
1784535300000,334.095,334.13,333.395,333.435,1632120.64966768
1784536200000,333.435,333.75,333.38,333.415,1533384.085317958
1784537100000,333.415,333.56,333.325,333.56,502569.00850944
1784538000000,333.56,333.56,333.292,333.33,1253551.34468074
1784538900000,333.24,333.61,333.24,333.24,1707615.52909996
1784539800000,333.565,333.565,333.495,333.495,1165901.58725189
1784540700000,333.495,333.515,333.255,333.38,1542975.35234852
1784541600000,333.367,333.715,332.847,332.895,2937572.30954042
1784542500000,332.895,332.895,332.711,332.766,1440492.4442196
1784543400000,333.22,334.285,332.765,333.22,15590858.85742649
1784544300000,333.015,333.015,332.65,332.895,2166882.8992557256
1784545200000,332.11,333.036,332.043,332.11,13312993.02725215
1784546100000,332.12,332.4,331.43,331.49,10426810.94604626
1784547000000,332.45,332.963,331.781,332.51,13223639.57250139
1784547900000,332.08,332.08,331.545,331.6,8109527.49037086
1784548800000,331.36,331.649,331.308,331.44,14556395.49590511
1784549700000,331.59,332.489,331.394,332.19,7618856.26867994
1784550600000,332.07,332.498,332.0,332.03,251206954.90855446
1784551500000,332.12,332.635,332.11,332.59,7491652.68002557
1784552400000,332.5,332.634,332.092,332.495,9537339.138133828
1784553300000,332.36,333.54,332.11,332.11,20512951.27998132
1784554200000,332.245,333.63,330.03,330.46,1111656543.5831017
1784555100000,330.56,330.87,328.42,328.94,679393296.8890082
1784556000000,328.87,328.98,327.12,327.16,678377298.6726108
1784556900000,327.17,327.42,326.125,326.98,813606851.3365788
1784557800000,326.93,328.02,326.59,327.98,511483229.3059736
1784558700000,327.93,327.93,326.05,326.425,444029075.7575083
1784559600000,326.46,327.005,324.83,324.96,654247641.4412831
1784560500000,324.98,325.35,324.43,324.915,921294868.0670667
1784561400000,324.99,326.53,324.91,326.04,386612496.8500692
1784562300000,325.99,326.54,325.13,326.0,396403675.6648005
1784563200000,325.975,326.03,324.93,325.24,375025885.62314236
1784564100000,325.23,325.64,324.86,325.0,372458876.29543096
1784565000000,324.98,325.08,323.7,324.4,564167491.0933957
1784565900000,324.41,324.855,324.0,324.25,269590716.8400017
1784566800000,324.275,325.14,323.93,324.78,289130559.8466953
1784567700000,324.78,324.95,324.42,324.705,215982788.9978514
1784568600000,324.731,325.04,324.21,324.349,653826333.690714
1784569500000,324.345,325.1,324.325,324.77,248221039.54664615
1784570400000,324.8,325.795,324.76,325.45,373809658.1276053
1784571300000,325.49,326.495,325.42,325.98,436372956.7825098
1784572200000,325.95,326.91,325.33,325.49,514233985.9951183
1784573100000,325.479,327.355,325.46,326.77,507095969.0755907
1784574000000,326.76,328.565,326.76,328.2,485436180.3670413
1784574900000,328.19,329.1,327.775,329.01,490246950.6871182
1784575800000,329.02,329.75,327.97,328.055,680536464.4662555
1784576700000,326.69,326.82,326.52,326.64,9074809.49000001
1784577600000,326.658,326.859,326.58,326.675,3068728497.1893535
1784578500000,326.6,327.352,326.451,326.64,51225360.85090739
1784579400000,326.97,327.355,326.735,326.97,25895975.70741731
1784580300000,326.98,327.19,326.735,326.98,6698381.31157579
1784581200000,326.899,327.135,326.805,326.805,1923415.0428433896
1784582100000,326.805,326.93,326.748,326.748,2129143.27468407
1784583000000,326.79,326.835,326.681,326.79,43798164.14432843
1784583900000,326.725,326.805,326.696,326.725,877702.3714397
1784584800000,326.44,326.725,325.981,326.2,6642796.57300526
1784585700000,326.07,326.415,325.782,326.07,2248456.2831991
1784586600000,325.96,325.96,325.525,325.81,2859276.8599685
1784587500000,325.6,325.62,325.28,325.3,2830219.22998815
1784588400000,325.35,325.899,325.35,325.6,4632736.57030818
1784589300000,325.6,326.364,325.6,326.364,2998553.458142038
1784590200000,326.366,326.445,326.232,326.232,1580017.81374464
1784591100000,326.0,326.588,325.82,325.98,6951267.18906798
1784592000000,325.96,326.01,325.68,325.69,232039.19
1784592900000,325.82,325.93,325.28,325.81,325016.61
1784593800000,325.86,326.54,325.86,326.39,78284.35
1784594700000,326.33,326.6,326.29,326.59,126321.93
1784595600000,326.58,326.58,326.19,326.46,317864.76
1784596500000,326.41,326.41,326.05,326.05,178092.45
1784597400000,326.08,326.09,325.83,325.86,324054.89
1784598300000,325.85,326.04,325.85,325.96,129087.63
1784599200000,326.05,326.32,326.01,326.17,245906.34
1784600100000,326.16,326.33,326.02,326.21,181038.7
1784601000000,326.15,326.59,326.15,326.36,630502.11
1784601900000,326.36,326.59,326.36,326.45,114909.97
1784602800000,326.39,326.46,326.39,326.46,22525.22
1784603700000,326.4,326.66,326.36,326.62,238983.1
1784604600000,326.66,326.83,326.21,326.21,727038.95
1784605500000,326.24,326.37,326.23,326.25,161840.0
1784606400000,326.24,326.62,326.24,326.62,139367.24
1784607300000,326.63,326.85,326.54,326.85,260749.61
1784608200000,326.78,326.82,326.43,326.5,407051.49
1784609100000,326.51,326.51,326.3,326.4,170395.2
1784610000000,326.44,326.79,326.44,326.69,744152.0
1784610900000,326.68,326.72,326.42,326.72,272042.08
1784611800000,326.68,326.72,326.49,326.6,193687.67
1784612700000,326.6,326.65,326.54,326.6,280211.13
1784613600000,326.61,326.71,326.31,326.31,869673.3
1784614500000,326.31,326.43,326.29,326.42,266616.36
1784615400000,326.43,326.48,326.22,326.24,864443.03
1784616300000,326.25,326.36,326.25,326.3,634666.77
1784617200000,326.26,326.49,326.15,326.15,498249.34
1784618100000,326.15,326.15,325.91,325.95,529147.17
1784619000000,325.95,325.99,325.65,325.65,746526.14
1784619900000,325.61,325.64,325.38,325.56,553427.57
1784620800000,324.81,326.095,324.5,324.81,20703268.16602258
1784621700000,324.868,325.109,324.545,324.625,2171445.54155194
1784622600000,324.68,325.01,324.333,325.01,9772795.38501387
1784623500000,324.49,324.879,324.379,324.49,2516968.76303331
1784624400000,324.595,324.725,324.45,324.593,3374815.5893032886
1784625300000,325.06,325.06,324.605,325.06,2666323.32072049
1784626200000,324.959,325.079,324.725,324.929,719744.53689787
1784627100000,324.94,325.09,324.87,324.95,2933688.73164101
1784628000000,325.01,325.53,324.965,325.32,2322597.91033444
1784628900000,325.3,325.63,325.132,325.26,1335423.63878412
1784629800000,324.95,325.131,324.95,324.95,1307249.37343438
1784630700000,324.955,325.085,324.935,324.935,1266216.41323311
1784631600000,324.95,325.21,324.74,324.95,7894224.98452037
1784632500000,324.835,325.114,324.8,325.114,7602568.042539429
1784633400000,325.34,325.4,325.105,325.31,3385158.85854676
1784634300000,325.31,325.399,324.976,325.0,6161280.96905093
1784635200000,325.0,325.13,324.975,325.13,6074352.92926225
1784636100000,325.1,325.165,324.556,324.62,8160561.79706557
1784637000000,324.9,325.41,324.545,325.36,10869114.82663533
1784637900000,325.11,325.264,324.86,325.11,4969447.81621851
1784638800000,325.3,325.46,324.975,325.46,6082714.70830049
1784639700000,325.49,325.569,322.19,322.19,58023207.75042124
1784640600000,323.355,325.6,322.59,324.896,921821706.763965
1784641500000,324.81,324.881,322.23,324.025,685915982.2179195
1784642400000,324.03,326.15,323.98,326.075,603871350.3341404
1784643300000,326.06,327.025,325.7,326.72,404199579.76702535
1784644200000,326.7,327.33,326.26,327.31,306933572.89458233
1784645100000,327.3,327.45,326.73,327.125,332144139.1453972
1784646000000,327.125,327.97,326.1,327.44,400666086.3186535
1784646900000,327.51,328.44,327.215,328.355,345358752.1307287
1784647800000,328.36,328.69,327.75,328.475,318804099.5961381
1784648700000,328.455,328.98,328.01,328.71,258517855.41836312
1784649600000,328.71,329.59,328.58,329.59,263443148.0535479
1784650500000,329.565,329.58,328.59,328.59,315353841.532629
1784651400000,328.61,328.82,327.6,327.93,290121071.6000736
1784652300000,327.965,328.48,327.41,328.44,326366259.5824818
1784653200000,328.45,328.77,327.725,328.24,470726927.2599618
1784654100000,328.2,328.441,327.0,327.04,319568002.99342644
1784655000000,327.06,327.29,326.753,326.89,527255920.5424184
1784655900000,326.96,327.87,326.91,327.76,222741910.27596608
1784656800000,327.65,327.79,327.225,327.49,191362619.44151762
1784657700000,327.52,327.63,326.94,327.26,236442114.38582543
1784658600000,327.24,328.34,327.2,328.3,219198311.54484302
1784659500000,328.19,328.385,327.985,328.18,214242321.93491185
1784660400000,328.15,328.48,327.605,327.71,254010731.19596437
1784661300000,327.699,328.1,327.52,327.931,381347460.9026788
1784662200000,327.93,328.1,327.6,327.84,342660032.79629034
1784663100000,327.76,328.1,327.405,327.66,862848215.6696092
1784664000000,327.0,327.853,325.22,325.22,3101291721.5928473
1784664900000,325.54,326.019,325.176,325.51,104662359.68526833
1784665800000,325.691,325.8,325.51,325.652,11259929.628922025
1784666700000,325.5,325.651,325.26,325.49,10059978.27336949
1784667600000,325.22,325.374,325.21,325.36,4303503.5257568
1784668500000,325.25,325.375,325.107,325.2,3220689.67822545
1784669400000,325.19,325.445,325.1,325.19,13694554.4141725
1784670300000,325.415,325.515,325.285,325.515,2603160.55919849
1784671200000,325.32,325.545,325.165,325.32,3578086.0309252
1784672100000,325.01,325.275,324.923,325.01,5320461.29867523
1784673000000,324.49,325.0,324.35,324.35,5733497.8096196
1784673900000,324.85,324.86,324.34,324.852,3705615.7399624665
1784674800000,324.39,324.86,324.37,324.42,2337697.07281739
1784675700000,324.41,324.555,324.321,324.47,2892129.07095447
1784676600000,324.3,324.926,324.3,324.3,3422375.28979299
1784677500000,324.19,324.557,324.188,324.19,4272429.47538911
1784678400000,324.83,324.84,323.99,324.19,1331953.4
1784679300000,324.19,324.34,323.74,324.04,782557.81
1784680200000,324.07,324.2,323.73,324.15,773206.94
1784681100000,324.0,324.4,323.99,324.3,1096836.83
1784682000000,324.35,324.62,324.23,324.49,1304288.98
1784682900000,324.49,324.52,324.41,324.5,121349.4
1784683800000,324.48,324.82,324.48,324.76,584702.82
1784684700000,324.78,324.92,324.76,324.89,118232.02
1784685600000,324.82,324.89,324.77,324.89,347872.07
1784686500000,324.89,324.94,324.83,324.94,134494.32
1784687400000,324.91,325.23,324.91,325.23,646882.69
1784688300000,325.23,326.21,325.19,326.21,1989309.47
1784689200000,326.21,326.89,326.2,326.89,1497742.09
1784690100000,326.98,327.36,326.43,326.75,794027.54
1784691000000,326.56,326.73,326.0,326.0,531341.68
1784691900000,326.01,326.31,325.78,326.16,592731.71
1784692800000,325.92,326.54,325.91,326.35,440467.45
1784693700000,326.35,326.56,326.16,326.16,390623.73
1784694600000,326.16,326.4,326.11,326.13,227724.04
1784695500000,326.06,326.21,326.06,326.07,273322.09
1784696400000,326.17,326.66,326.08,326.66,839307.64
1784697300000,326.64,327.61,326.56,327.01,760086.02
1784698200000,327.32,327.41,327.09,327.16,145294.22
1784699100000,327.14,327.6,327.12,327.42,1544155.5
1784700000000,327.41,327.75,327.32,327.38,1089343.42
1784700900000,327.4,327.42,327.05,327.05,153136.26
1784701800000,327.14,327.14,326.79,326.84,1146179.12
1784702700000,326.77,326.84,326.33,326.36,179279.76
1784703600000,326.56,326.99,326.29,326.68,1772121.71
1784704500000,326.58,327.01,326.51,326.96,917743.33
1784705400000,326.76,326.89,326.44,326.45,858157.08
1784706300000,326.59,326.96,326.42,326.9,309023.92
1784707200000,324.896,327.27,324.896,327.0,29598904.39878906
1784708100000,327.0,327.0,326.375,326.585,2353229.97084939
1784709000000,326.585,327.215,326.585,327.215,1279980.71144695
1784709900000,327.215,327.745,327.066,327.255,4581284.423039029
1784710800000,327.254,327.745,327.25,327.455,1692896.75777138
1784711700000,327.455,327.475,326.595,327.122,2500332.88371021
1784712600000,327.104,327.37,327.015,327.225,815900.22198184
1784713500000,327.225,327.445,326.87,326.87,2836844.06598587
1784714400000,326.87,326.969,326.87,326.87,1613228.10490042
1784715300000,327.19,327.425,326.94,327.19,1340602.06570742
1784716200000,326.97,327.286,326.97,326.97,1951141.86334814
1784717100000,326.985,327.215,326.96,326.96,1359880.40086368
1784718000000,326.76,327.043,326.645,326.99,5027928.829307
1784718900000,327.09,327.495,326.863,327.3,5431413.0906035
1784719800000,327.24,327.559,327.18,327.35,5595434.49546445
1784720700000,327.11,327.515,326.99,326.99,5040703.83355231
1784721600000,327.515,327.949,327.4,327.759,8358261.621110369
1784722500000,327.76,327.912,327.525,327.75,4841341.66603741
1784723400000,327.96,328.05,327.36,327.63,9869494.46456804
1784724300000,327.609,327.739,327.16,327.739,3752102.54150364
1784725200000,327.67,327.824,327.315,327.73,6508271.3964219
1784726100000,327.51,327.775,326.866,327.741,15769621.264058163
1784727000000,327.89,328.92,325.74,326.22,787652592.0181544
1784727900000,326.32,327.31,325.74,325.92,424082250.33853775
1784728800000,325.92,326.11,324.92,324.98,362914787.92836756
1784729700000,325.006,325.37,324.345,324.444,540311252.8130437
1784730600000,324.39,325.01,324.1,324.79,336144122.94060504
1784731500000,324.77,325.62,324.73,325.58,349743533.34102505
1784732400000,325.58,325.62,324.14,324.27,265967505.97674838
1784733300000,324.33,325.815,324.24,325.75,250121230.74161437
1784734200000,325.78,325.88,325.23,325.346,507737688.224032
1784735100000,325.37,325.515,324.94,325.09,217395224.88919252
1784736000000,325.04,325.059,324.39,324.47,235264569.06779048
1784736900000,324.45,325.04,324.45,324.87,430894509.6890639
1784737800000,324.87,324.95,323.83,324.495,301928202.98699945
1784738700000,324.53,324.63,324.08,324.22,205898540.47434607
1784739600000,324.205,324.255,323.64,323.96,286033812.83604693
1784740500000,323.94,324.115,323.365,323.68,176797504.42131412
1784741400000,323.66,324.005,323.57,323.9,144745120.81229666
1784742300000,323.87,323.955,323.72,323.93,147539279.4438062
1784743200000,323.93,324.01,323.61,323.875,160468904.81804803
1784744100000,323.905,324.0,323.73,323.94,118075635.43729386
1784745000000,323.92,324.5,323.86,324.42,210880134.61715913
1784745900000,324.43,324.7,324.2,324.28,204380437.90817413
1784746800000,324.3,324.51,324.18,324.42,193459889.72039905
1784747700000,324.455,324.57,324.265,324.39,212659002.31530598
1784748600000,324.44,324.595,323.97,324.46,371183650.17926955
1784749500000,324.47,326.89,324.41,325.85,1408694712.6081145
1784750400000,325.999,326.685,325.89,326.054,3787119083.5777025
1784751300000,326.053,326.053,325.4,325.4,8956031.098719697
1784752200000,325.4,325.9,325.4,325.9,6464244.37018435
1784753100000,326.0,326.0,325.755,326.0,5030830.99048765
1784754000000,325.802,325.973,325.287,325.568,5395652.17924213
1784754900000,325.558,325.945,325.425,325.9,23448653.177060764
1784755800000,325.9,325.989,325.75,325.911,4961390.61786418
1784756700000,325.99,325.99,325.52,325.99,3869185.05485936
1784757600000,325.529,325.925,325.501,325.88,4146583.8579134
1784758500000,326.03,326.099,325.01,325.01,6501208.40211466
1784759400000,325.546,325.546,325.05,325.304,4618173.83598609
1784760300000,325.36,325.445,325.11,325.36,2565418.71231369
1784761200000,325.26,325.59,325.23,325.59,2212833.82275252
1784762100000,325.542,326.0,325.308,325.565,1404685.87436237
1784763000000,325.565,325.655,325.495,325.586,874911.17910101
1784763900000,325.587,325.798,325.587,325.63,2021666.29379012
1784764800000,325.73,325.88,325.45,325.58,209399.42
1784765700000,325.54,325.71,325.04,325.45,250202.59
1784766600000,325.4,325.67,325.29,325.58,121378.76
1784767500000,325.59,326.08,325.52,325.99,491587.04
1784768400000,325.97,325.97,325.63,325.63,94800.46
1784769300000,325.63,325.72,325.41,325.69,301427.25
1784770200000,325.7,325.86,325.59,325.67,238450.99
1784771100000,325.83,326.0,325.69,325.69,229111.45
1784772000000,325.7,326.01,325.61,325.75,426462.47
1784772900000,325.84,326.11,325.84,325.91,95498.61
1784773800000,326.0,326.0,325.49,325.61,2218535.74
1784774700000,325.6,325.75,325.56,325.56,235819.63
1784775600000,325.61,325.61,325.28,325.28,63466.39
1784776500000,325.28,325.39,325.26,325.29,80674.96
1784777400000,325.38,325.51,325.32,325.35,113888.6
1784778300000,325.41,325.42,325.39,325.41,73541.11
1784779200000,325.41,325.5,325.24,325.5,76442.96
1784780100000,325.45,325.72,325.41,325.62,144576.83
1784781000000,325.73,325.89,325.69,325.88,120871.32
1784781900000,325.73,325.79,325.62,325.73,40387.59
1784782800000,325.71,325.71,325.46,325.51,72274.5
1784783700000,325.5,325.6,325.45,325.49,19531.24
1784784600000,325.53,325.69,325.44,325.44,144863.73
1784785500000,325.44,325.46,325.0,325.18,294366.81
1784786400000,325.18,325.2,324.58,324.9,987667.49
1784787300000,324.9,325.62,324.79,324.9,3472884.5
1784788200000,324.89,324.91,324.29,324.51,674858.6
1784789100000,324.5,324.69,324.09,324.44,475714.49
1784790000000,324.41,324.52,323.84,324.33,924893.99
1784790900000,324.24,324.27,324.02,324.23,229166.31
1784791800000,324.14,324.14,323.61,323.63,1048200.81
1784792700000,323.65,324.54,323.61,324.51,1138360.48
1784793600000,325.63,325.63,324.135,324.85,19563532.18571104
1784794500000,324.85,324.85,324.336,324.355,498620.03181027
1784795400000,324.355,324.355,324.23,324.23,302069.04941233
1784796300000,324.23,324.29,324.155,324.261,508486.09479724
1784797200000,324.26,324.29,323.786,324.08,2209933.57571834
1784798100000,324.08,324.265,324.08,324.265,715740.77582457
1784799000000,324.249,324.265,324.17,324.265,862786.03640755
1784799900000,324.06,324.265,323.98,324.06,1119236.11747852
1784800800000,323.98,323.98,323.895,323.895,885975.77161985
1784801700000,323.94,323.94,323.84,323.94,944346.44192576
1784802600000,323.895,324.03,323.895,324.03,443831.16064906
1784803500000,324.08,324.08,324.03,324.08,893459.99051752
1784804400000,324.02,324.08,323.276,323.77,10962089.17485272
1784805300000,324.09,324.18,323.275,324.01,8225144.15206468
1784806200000,323.6,323.973,323.0,323.28,9163014.95357112
1784807100000,323.1,323.409,322.461,323.38,17113593.64965515
1784808000000,322.71,323.925,322.71,323.73,12551157.69313456
1784808900000,323.89,324.0,323.591,323.73,32786444.00776398
1784809800000,323.94,324.43,323.679,324.12,12185861.65932828
1784810700000,323.89,324.19,323.191,323.24,24375851.87605182
1784811600000,323.38,324.15,323.319,324.15,14350801.86815115
1784812500000,323.93,324.266,320.79,320.95,64432670.48044414
1784813400000,321.72,323.25,320.82,320.907,578573916.9968951
1784814300000,320.85,321.02,319.355,320.07,623406707.237049
1784815200000,320.215,321.925,319.845,320.825,450662039.5714401
1784816100000,320.655,321.755,320.255,321.535,298753096.46351033
1784817000000,321.47,322.88,321.47,321.92,285304896.36714524
1784817900000,321.9,322.01,320.83,321.265,336046918.127532
1784818800000,321.33,322.01,320.715,321.87,381622191.1701869
1784819700000,321.835,322.27,321.18,321.25,333351624.28810126
1784820600000,321.23,321.3,320.59,320.87,238428063.8129555
1784821500000,320.81,321.07,320.44,320.91,183131568.8167368
1784822400000,320.9,321.52,320.39,321.468,224930062.29079694
1784823300000,321.45,321.51,320.12,320.33,929348054.3867222
1784824200000,320.325,320.56,320.0,320.56,217044696.461355
1784825100000,320.53,320.84,320.301,320.67,196779625.62759155
1784826000000,320.545,321.01,320.36,320.65,172278039.15198654
1784826900000,320.63,321.04,320.305,320.87,132481403.55908974
1784827800000,320.88,321.03,320.38,320.67,168257927.92544812
1784828700000,320.615,321.39,320.38,320.53,181396170.25060707
1784829600000,320.525,320.63,319.99,320.14,297006525.90934277
1784830500000,320.15,320.44,320.035,320.265,201444000.1822976
1784831400000,320.27,320.5,319.77,319.98,477636142.9064166
1784832300000,320.08,320.725,319.992,320.71,176239792.78798875
1784833200000,320.76,321.01,320.36,320.72,268561102.02235824
1784834100000,320.74,321.2,320.35,320.41,281810523.4165291
1784835000000,320.402,321.21,320.07,321.136,435616297.6454929
1784835900000,321.08,321.99,320.46,321.575,1038864120.7816691
1784836800000,321.37,321.828,320.518,320.64,3354418107.945868
1784837700000,320.69,320.861,320.545,320.69,4305299.78618923
1784838600000,321.01,321.405,320.735,321.01,9239414.16769401
1784839500000,320.765,320.92,320.62,320.623,591448631.166462
1784840400000,320.622,320.85,320.62,320.849,2098674.85184431
1784841300000,320.93,321.105,320.85,320.93,2532821.54000351
1784842200000,321.105,321.105,320.855,320.978,2257616.09985046
1784843100000,320.979,321.0,320.809,320.999,736782.80427255
1784844000000,321.0,321.145,320.801,321.01,1523203.51779994
1784844900000,321.26,321.315,321.091,321.26,1549780.93085409
1784845800000,321.225,321.629,321.204,321.375,2718948.22457555
1784846700000,321.375,321.61,321.275,321.578,1854975.11230288
1784847600000,321.585,321.638,321.38,321.446,1566074.1695001405
1784848500000,321.3,321.655,321.3,321.3,804071.02643905
1784849400000,321.22,321.43,321.161,321.22,1019282.96349712
1784850300000,321.33,321.33,321.152,321.21,740249.6953413
1784851200000,321.51,321.53,321.0,321.0,8029.8
1784852100000,320.98,321.24,320.97,321.08,84113.57
1784853000000,320.93,321.6,320.87,321.6,419331.04
1784853900000,321.61,321.61,321.14,321.49,30861.98
1784854800000,321.49,321.49,321.19,321.33,31485.67
1784855700000,321.27,321.34,321.09,321.21,56526.27
1784856600000,321.14,321.39,321.13,321.39,66827.04
1784857500000,321.39,321.47,320.76,321.0,415849.75
1784858400000,320.91,321.04,320.83,321.03,51033.06
1784859300000,320.96,321.1,320.95,321.09,244926.97
1784860200000,321.04,321.05,320.74,320.75,396265.41
1784861100000,320.73,320.98,320.73,320.94,370294.21
1784862000000,320.78,321.14,320.74,320.99,182646.61
1784862900000,321.01,321.1,320.86,320.9,82799.9
1784863800000,320.91,320.94,320.54,320.54,414794.47
1784864700000,320.54,320.8,320.54,320.7,134677.15
1784865600000,320.75,321.34,320.64,321.08,540181.15
1784866500000,321.05,321.15,320.85,321.09,74805.53
1784867400000,321.1,321.14,320.92,320.98,62921.81
1784868300000,320.93,321.21,320.93,321.09,177261.55
1784869200000,321.11,321.11,320.8,320.88,600964.57
1784870100000,320.77,320.97,320.75,320.97,92396.25
1784871000000,320.94,320.95,320.78,320.95,43323.23
1784871900000,320.92,321.07,320.79,320.89,298513.24
1784872800000,320.9,320.9,320.41,320.46,367678.2
1784873700000,320.52,320.82,320.47,320.68,628750.56
1784874600000,320.64,320.64,320.24,320.35,425916.33
1784875500000,320.28,320.62,319.81,320.62,1089367.98
1784876400000,320.28,321.06,320.28,321.06,475331.37
1784877300000,321.01,321.48,320.98,321.42,266676.3
1784878200000,321.39,321.5,321.38,321.5,289269.39
1784879100000,321.45,321.84,321.45,321.54,835213.18
1784880000000,321.96,322.05,320.687,322.05,22462181.03285637
1784880900000,322.0,322.6,321.99,322.48,2305210.80621305
1784881800000,322.405,322.85,321.85,321.893,1382556.27406949
1784882700000,321.894,321.895,321.894,321.895,229742.52213906
1784883600000,321.895,322.065,321.84,321.84,614607.20424374
1784884500000,321.85,322.375,321.471,321.64,5265735.90762316
1784885400000,322.375,322.425,322.045,322.414,876869.12651641
1784886300000,322.415,322.415,322.005,322.291,659919.64195233
1784887200000,322.291,322.291,321.955,321.955,188542.95363224
1784888100000,321.955,322.179,321.936,321.955,444246.50695603
1784889000000,321.955,322.355,321.851,322.354,1977114.40925754
1784889900000,322.354,322.795,322.155,322.355,1627986.08936988
1784890800000,322.355,322.898,322.261,322.682,2773021.30755905
1784891700000,322.704,322.81,322.59,322.6,958398.11604628
1784892600000,322.6,322.625,322.4,322.4,1131427.8488574
1784893500000,322.39,322.635,322.246,322.5,2713468.25281925
1784894400000,322.51,322.768,322.395,322.51,1691006.2406968
1784895300000,322.79,322.79,322.326,322.63,2637766.46969979
1784896200000,322.23,322.617,322.006,322.23,1178655.75101624
1784897100000,322.08,322.163,321.591,321.78,4707128.6636899
1784898000000,321.795,321.795,321.57,321.57,2028460.12953969
1784898900000,321.57,322.118,321.57,321.623,15754325.566976076
1784899800000,321.86,325.985,321.622,325.71,791660474.4036227
1784900700000,325.525,327.74,325.525,326.795,751236208.1642414
1784901600000,326.865,328.62,326.847,328.025,668054063.6034634
1784902500000,328.02,329.435,327.85,328.8,518389097.5329806
1784903400000,328.83,329.79,328.7,329.36,492482076.93168074
1784904300000,329.42,330.225,329.19,329.96,572303700.6718981
1784905200000,329.91,331.39,329.72,331.31,511131182.5697404
1784906100000,331.29,331.93,331.03,331.775,495020093.9796825
1784907000000,331.785,333.26,331.71,332.815,619286706.9520218
1784907900000,332.82,333.63,332.76,333.0,561597081.3398905
1784908800000,333.05,334.1,332.68,333.2,589443407.915107
1784909700000,333.22,334.35,332.97,333.675,435766163.9493958
1784910600000,333.72,333.93,333.365,333.6,311174613.1032277
1784911500000,333.54,333.7,332.69,333.19,276065816.99714357
1784912400000,333.225,334.05,332.39,332.49,394451448.52309394
1784913300000,332.515,332.745,332.16,332.4,299287950.75923026
1784914200000,332.42,333.17,332.35,332.94,270758754.5328208
1784915100000,332.955,333.09,332.67,332.67,190490833.61479288
1784916000000,332.655,333.155,332.42,332.42,208430119.9810187
1784916900000,332.45,332.745,332.14,332.26,255501548.4983928
1784917800000,332.35,332.6,332.07,332.225,373868289.8677833
1784918700000,332.22,333.17,332.22,332.93,278916606.10346043
1784919600000,333.01,333.23,332.54,332.78,1079900697.6172323
1784920500000,332.735,333.08,332.47,332.524,451825119.19647604
1784921400000,332.49,332.77,332.26,332.765,578765997.5113891
1784922300000,332.75,333.43,331.86,333.06,1143368417.2071092
1784923200000,333.07,333.49,332.964,333.49,2729594349.8069477
1784924100000,333.51,333.68,333.288,333.59,11326936.00355643
1784925000000,333.3,333.625,333.185,333.49,34857497.62351421
1784925900000,333.6,333.65,333.28,333.49,4789239.71363547
1784926800000,333.395,333.43,333.282,333.365,1918810.45976141
1784927700000,333.365,333.474,333.365,333.474,2826423.84859987
1784928600000,333.61,334.0,333.466,333.84,6162110.79291264
1784929500000,333.765,333.88,333.47,333.88,1725143.99605156
1784930400000,333.88,333.88,333.69,333.733,1282004.78830246
1784931300000,333.734,333.734,333.567,333.645,1077689.40477224
1784932200000,333.55,333.645,333.463,333.55,2751383.75825293
1784933100000,333.41,333.519,333.38,333.44,1859949.28152824
1784934000000,333.43,333.582,333.395,333.505,1890843.22176956
1784934900000,333.505,333.615,333.505,333.595,1261234.12379978
1784935800000,333.595,333.629,333.552,333.552,3470754.7920895237
1784936700000,333.56,333.8,333.54,333.67,3545341.17020138
1784937600000,332.62,332.62,332.62,332.62,66.524
1784938500000,332.8,333.81,332.8,333.81,881.070447
1784941200000,333.75,333.78,332.59,332.59,603.391848
1784942100000,332.56,332.56,332.56,332.56,198.139248
1784951100000,332.8,332.94,332.8,332.94,174.4047
1784952000000,332.5,332.5,332.5,332.5,90.573
1784953800000,332.78,332.86,332.47,332.47,171.149343
1784954700000,332.71,332.93,332.28,332.28,854.252393
1784959200000,332.27,332.27,332.27,332.27,21.664004
1784964600000,332.55,332.64,332.55,332.64,101.830581
1784965500000,332.23,332.23,332.23,332.23,200.235021
1784966400000,332.58,332.64,332.18,332.18,220.50299
1784967300000,332.14,332.14,332.14,332.14,69.815828
1784968200000,332.36,332.4,332.09,332.09,404.561059
1784975400000,332.28,332.3,332.06,332.06,410.23474
1784984400000,331.93,331.93,331.93,331.93,46.735744
1784989800000,331.91,331.91,331.91,331.91,48.226523
1784991600000,332.29,332.29,332.16,332.16,64.822512
1784995200000,332.16,332.16,332.16,332.16,23.981952
1784997000000,332.16,332.16,332.16,332.16,19.996032
1785006900000,332.29,332.47,331.79,331.79,413.174045
1785015900000,331.75,331.75,331.75,331.75,11.445375
1785048300000,332.03,332.15,331.75,331.75,225.232252
1785055500000,332.06,332.37,332.06,332.37,199.9799
1785059100000,331.75,331.75,331.74,331.74,199.712731
1785068100000,331.7,331.7,331.7,331.7,24.67848
1785072600000,331.7,331.7,331.7,331.7,20.13419
1785074400000,332.12,332.12,332.12,332.12,15.742488
1785087000000,332.12,332.15,331.67,331.67,325.09679
1785093300000,331.98,332.86,331.98,332.86,270.305931
1785108600000,332.62,332.62,332.62,332.62,19.990462
1785110400000,333.8,339.0,333.67,337.8,8060712.55
1785111300000,337.93,337.93,335.85,336.13,1774362.48
1785112200000,336.12,336.12,335.29,335.51,922854.42
1785113100000,335.6,336.18,335.36,335.77,1849262.32
1785114000000,335.62,336.22,335.34,335.54,2424913.93
1785114900000,335.55,336.59,335.35,336.59,3364484.86
1785115800000,336.59,336.73,335.78,336.26,1776393.63
1785116700000,336.2,336.45,335.88,335.88,617404.4
1785117600000,335.94,336.14,335.74,335.87,294886.99
1785118500000,335.81,336.11,335.61,335.98,1002414.48
1785119400000,335.86,336.1,335.6,335.66,698206.95
1785120300000,335.7,335.8,335.59,335.69,702766.85
1785121200000,335.68,335.77,335.61,335.72,125544.25
1785122100000,335.76,335.99,335.64,335.99,2319297.74
1785123000000,336.01,336.01,335.74,335.92,363435.5
1785123900000,335.91,336.14,335.85,335.92,209317.17
1785124800000,335.91,335.99,335.85,335.91,133030.62
1785125700000,335.93,335.96,335.49,335.49,1165894.82
1785126600000,335.48,335.51,334.98,335.0,1253385.23
1785127500000,335.0,335.13,334.35,334.49,1629148.16
1785128400000,334.49,334.89,334.26,334.38,956851.44
1785129300000,334.37,334.48,333.99,334.0,1433270.18
1785130200000,334.19,334.21,333.47,333.99,733298.12
1785131100000,334.01,334.32,333.98,334.2,688719.13
1785132000000,334.19,334.49,334.02,334.08,908342.03
1785132900000,334.03,334.47,334.0,334.4,991296.55
1785133800000,334.27,334.3,334.09,334.22,784056.34
1785134700000,334.22,334.29,333.91,333.97,503795.53
1785135600000,333.99,334.9,333.99,334.56,2064448.86
1785136500000,334.79,334.81,334.55,334.6,460952.73
1785137400000,334.72,334.97,334.58,334.59,1809262.6
1785138300000,334.59,334.59,334.45,334.55,388390.4
1785139200000,334.3,334.624,333.78,334.3,35376573.76582787
1785140100000,334.5,334.5,334.261,334.46,2134102.94403902
1785141000000,334.46,334.46,334.26,334.26,3521428.35478153
1785141900000,334.26,334.26,333.77,333.77,5702566.1423807815
1785142800000,333.86,334.081,333.725,333.83,1024331.74174952
1785143700000,333.98,333.98,333.9,333.95,3466669.61448564
1785144600000,333.9,333.9,333.257,333.4,3909202.26140068
1785145500000,333.4,333.65,333.4,333.547,1584233.91793847
1785146400000,333.522,333.522,333.4,333.4,1982864.94994104
1785147300000,333.4,333.649,333.4,333.5,1376962.67568663
1785148200000,333.5,333.595,333.4,333.595,4478396.01995117
1785149100000,333.61,333.65,333.466,333.61,2402427.83175226
1785150000000,333.65,334.383,333.65,333.776,34917593.4012263
1785150900000,333.98,334.355,333.62,333.62,11175224.40299679
1785151800000,333.54,333.951,333.04,333.7,18990585.21911791
1785152700000,334.06,334.309,333.68,334.24,6162009.8824247
1785153600000,334.6,334.749,334.185,334.53,7402230.31015665
1785154500000,334.45,334.56,334.203,334.31,8633714.65400184
1785155400000,334.25,334.295,333.835,333.92,14544681.78640045
1785156300000,334.0,334.132,333.8,334.0,6551163.78734642
1785157200000,333.98,334.368,333.901,333.98,17741558.33519474
1785158100000,334.08,334.99,333.409,334.706,93844807.8075626
1785159000000,335.72,337.065,334.11,335.04,1246436576.9387202
1785159900000,335.025,336.77,334.035,335.53,737713821.29116
1785160800000,335.72,336.91,335.335,336.645,654605656.8553848
1785161700000,336.62,338.12,336.57,337.72,852622973.0196751
1785162600000,337.695,337.86,336.23,336.35,1064961199.5218053
1785163500000,336.36,338.33,336.13,338.23,660085483.4820989
1785164400000,338.24,339.46,338.18,339.04,698948537.1193192
1785165300000,339.06,339.21,338.27,338.7,368241623.82480085
1785166200000,338.72,339.55,337.09,338.218,1185866835.7114305
1785167100000,338.29,338.54,336.74,337.072,1048002553.9867465
1785168000000,337.09,337.53,336.945,337.335,258809480.99236733
1785168900000,337.32,337.99,337.185,337.485,273538278.82170236
1785169800000,337.45,338.12,336.585,336.745,262175517.0850361
1785170700000,336.731,336.775,336.01,336.669,408846258.03106797
1785171600000,336.66,336.8,335.91,336.25,287033837.6348082
1785172500000,336.34,336.75,335.67,336.04,259384351.4318443
1785173400000,336.06,336.79,336.03,336.235,198508165.6091505
1785174300000,336.27,336.29,335.31,335.49,365525628.7453661
1785175200000,335.54,335.87,335.075,335.674,368153835.4814812
1785176100000,335.6,336.01,335.09,335.14,225759791.53637332
1785177000000,335.165,335.165,334.73,335.04,315655443.4730281
1785177900000,335.05,336.22,335.01,335.84,221550503.65835547
1785178800000,335.805,335.848,335.255,335.59,220928038.10284674
1785179700000,335.6,335.94,335.53,335.71,410734244.57837015
1785180600000,335.74,336.399,335.67,336.235,336521995.88889253
1785181500000,336.22,337.22,335.75,336.92,876782089.8810604
1785182400000,336.863,337.075,336.788,336.972,2727834011.006983
1785183300000,336.971,336.971,336.55,336.726,685884734.5992309
1785184200000,336.87,337.0,336.677,336.7,67286511.32645498
1785185100000,336.9,336.995,336.604,336.604,7509368.34706154
1785186000000,336.602,336.602,336.149,336.485,9451315.83381151
1785186900000,336.483,336.485,336.335,336.444,9733076.25715997
1785187800000,336.446,336.455,336.446,336.455,3293910.2590612858
1785188700000,336.455,336.955,336.455,336.665,1809931.98632735
1785189600000,336.94,336.99,336.56,336.99,3004732.90743817
1785190500000,336.81,336.953,336.665,336.685,656104.71297456
1785191400000,336.685,336.685,336.342,336.342,1755583.13462562
1785192300000,336.339,336.8,336.325,336.5,868319.44384975
1785193200000,336.96,336.96,336.5,336.96,2798832.98213345
1785194100000,336.98,336.998,336.566,336.98,4368604.76032846
1785195000000,336.77,336.95,336.77,336.775,1230856.295196
1785195900000,336.788,337.425,336.788,337.333,6867282.555725683
1785196800000,337.21,337.343,336.8,336.91,491666.59
1785197700000,336.9,337.19,336.73,337.04,346339.02
1785198600000,337.04,337.4,336.82,337.36,749413.75
1785199500000,337.33,337.36,336.97,337.32,348296.49
1785200400000,337.29,337.51,336.65,336.88,1559535.68
1785201300000,336.8,337.49,336.79,337.49,1411396.33
1785202200000,337.47,337.52,336.9,337.52,818396.92
1785203100000,337.51,337.61,337.31,337.33,238575.34
1785204000000,337.32,337.6,337.26,337.31,687658.39
1785204900000,337.31,338.12,337.31,337.96,1628122.06
1785205800000,337.91,338.13,337.83,338.11,664159.19
1785206700000,338.1,338.49,337.88,338.2,1233809.26
1785207600000,338.2,338.44,338.05,338.33,641261.02
1785208500000,338.28,338.67,338.0,338.09,930668.41
1785209400000,338.09,338.36,338.0,338.22,487691.15
1785210300000,338.22,338.5,338.13,338.2,626100.47
1785211200000,338.19,338.32,337.93,337.94,507207.15
1785212100000,337.9,337.9,337.64,337.64,704299.87
1785213000000,337.65,337.85,337.61,337.75,263406.54
1785213900000,337.8,337.93,337.34,337.51,1038265.16
1785214800000,337.62,337.69,337.49,337.56,191753.18
1785215700000,337.56,337.59,337.36,337.43,287872.59
1785216600000,337.4,337.43,337.12,337.21,1450951.74
1785217500000,337.21,337.41,337.21,337.33,244907.0
1785218400000,337.4,337.75,337.21,337.62,1119557.13
1785219300000,337.58,337.74,337.26,337.26,724242.61
1785220200000,337.29,337.53,337.27,337.44,512854.37
1785221100000,337.44,337.52,337.29,337.37,330009.13
1785222000000,337.37,337.7,337.2,337.63,793627.72
1785222900000,337.51,337.72,337.4,337.57,815190.33
1785223800000,337.55,337.88,337.54,337.85,515366.57
1785224700000,337.88,338.11,337.81,338.05,270351.05
1785225600000,338.18,338.31,337.362,338.31,23043792.0665992
1785226500000,338.13,338.33,337.935,338.19,1381489.12956943
1785227400000,338.27,338.318,338.145,338.23,2891896.55326449
1785228300000,338.13,338.535,338.025,338.34,2784938.36833658
1785229200000,338.53,338.739,338.136,338.25,5520371.91163049
1785230100000,338.34,338.588,338.175,338.4,2231805.2318039
1785231000000,338.48,338.845,338.405,338.55,3059625.66323055
1785231900000,338.87,339.24,338.776,338.87,3610664.29579408
1785232800000,338.88,339.005,338.775,338.83,2693930.26279996
1785233700000,338.97,339.005,338.825,338.95,4732545.036773
1785234600000,338.99,339.025,338.726,338.96,6345174.22020827
1785235500000,338.84,339.025,338.55,338.95,4014721.58982749
1785236400000,338.55,339.0,338.471,338.75,13513512.02138406
1785237300000,339.01,339.01,338.617,338.835,16058895.23974789
1785238200000,338.43,338.731,338.293,338.34,10328504.18128451
1785239100000,338.595,338.6,338.129,338.59,5099761.57331274
1785240000000,338.41,338.615,338.193,338.42,11057551.8096412
1785240900000,338.81,338.945,338.21,338.85,15418433.41849014
1785241800000,338.99,339.389,338.76,339.27,15560100.79685827
1785242700000,339.34,339.4,338.99,339.05,13174260.38523897
1785243600000,338.57,339.74,338.2,339.74,38580461.62307009
1785244500000,339.41,340.265,338.09,340.11,71409825.27469687
1785245400000,340.02,342.88,337.77,338.44,2076604652.9106798
1785246300000,338.41,339.59,337.19,337.54,963616769.4770517
1785247200000,337.58,338.11,335.59,336.87,774110463.3837538
1785248100000,336.96,338.255,336.912,337.99,606007530.1967586
1785249000000,337.99,338.79,337.21,338.165,531847349.4093786
1785249900000,338.17,338.385,336.92,337.07,487861670.5127443
1785250800000,337.08,339.47,336.62,339.07,539822817.5392551
1785251700000,339.1,339.64,338.63,339.25,401658246.27924776
1785252600000,339.23,339.89,339.01,339.67,455211086.94137996
1785253500000,339.71,339.87,339.04,339.67,318618192.61889654
1785254400000,339.65,339.99,339.46,339.82,264779801.20373556
1785255300000,339.83,340.14,339.515,339.81,358588275.7381566
1785256200000,339.825,340.58,339.4,339.45,342364693.88690865
1785257100000,339.474,339.965,338.94,339.79,382516008.9335432
1785258000000,339.805,339.885,339.035,339.1,220795399.54317522
1785258900000,339.12,339.51,338.93,339.05,199261492.58067083
1785259800000,339.01,339.79,339.0,339.52,237529329.03269863
1785260700000,339.5,340.01,339.47,339.76,264597795.15913272
1785261600000,339.755,339.83,339.42,339.57,324136918.65346277
1785262500000,339.56,340.155,339.445,339.83,268467630.13987035
1785263400000,339.88,339.89,338.265,338.4,333983968.9286459
1785264300000,338.42,339.55,338.403,339.37,279703733.4440382
1785265200000,339.37,339.685,339.17,339.175,300028827.7778437
1785266100000,339.15,339.495,339.04,339.195,303868082.13305014
1785267000000,339.17,340.14,339.1,340.015,812304314.6690478
1785267900000,340.0,340.54,339.14,340.015,1359574247.673518
1785268800000,340.0,340.452,339.84,340.19,3753952727.0004635
1785269700000,340.16,340.34,340.101,340.16,5755564.30426843
1785270600000,340.14,340.184,339.75,339.81,112026429.85648467
1785271500000,339.8,339.9,339.74,339.8,157302945.4031463
1785272400000,339.91,340.065,339.804,339.91,1957735.9624073
1785273300000,339.79,339.895,339.79,339.79,28823417.32441415
1785274200000,339.8,339.909,339.8,339.909,1470883.80361583
1785275100000,339.91,339.96,339.91,339.92,7592287.94430223
1785276000000,340.01,340.01,339.7,339.81,3039522.53761199
1785276900000,339.837,339.84,339.425,339.82,2509799.56595984
1785277800000,339.33,339.82,339.255,339.33,2094301.97333601
1785278700000,340.25,340.54,339.255,340.32,13091002.41922365
1785279600000,340.054,340.569,339.925,340.569,6797161.44062186
1785280500000,340.35,340.715,340.06,340.69,7262269.41723434
1785281400000,340.23,340.751,340.125,340.75,6515531.44984112
1785282300000,340.81,341.555,340.429,341.42,15566515.43126786
1785283200000,341.01,341.5,340.38,340.5,3199504.62
1785284100000,340.49,341.15,340.47,341.15,1098131.54
1785285000000,340.96,341.21,340.82,341.0,709654.05
1785285900000,341.03,341.12,340.72,340.75,515495.55
1785286800000,340.75,340.77,340.48,340.58,604959.97
1785287700000,340.57,341.38,340.54,341.16,1222772.06
1785288600000,341.07,341.13,340.64,340.89,515075.96
1785289500000,340.76,340.96,340.55,340.81,953234.85
1785290400000,340.65,341.49,340.6,341.31,1379468.79
1785291300000,341.29,341.35,341.07,341.08,402658.92
1785292200000,341.1,341.33,341.05,341.22,255889.38
1785293100000,341.2,341.77,341.2,341.73,711541.64
1785294000000,341.72,342.65,341.6,342.27,2650604.18
1785294900000,342.28,343.4,342.24,343.26,2708656.61
1785295800000,343.13,343.33,342.34,342.59,1835844.89
1785296700000,342.57,342.92,342.22,342.66,906373.84
1785297600000,342.65,343.7,342.34,342.58,3127227.36
1785298500000,342.59,344.67,342.58,344.09,3904128.04
1785299400000,344.09,344.15,342.48,342.49,4088088.36
1785300300000,342.49,342.51,341.6,341.8,2802605.73
1785301200000,342.0,342.17,341.58,341.67,1298246.75
1785302100000,341.67,341.67,340.97,340.97,1765938.94
1785303000000,341.09,341.13,340.28,340.48,2181800.91
1785303900000,340.48,340.69,340.4,340.57,437568.61
1785304800000,340.54,340.71,340.07,340.11,2764062.14
1785305700000,340.14,340.34,339.99,340.31,2492508.05
1785306600000,340.31,341.59,340.31,341.4,3753542.8
1785307500000,341.42,341.42,340.79,341.33,2295796.76
1785308400000,341.36,341.51,340.96,340.96,1903414.98
1785309300000,341.08,341.35,340.99,341.15,485155.37
1785310200000,341.11,341.57,341.1,341.56,924399.7
1785311100000,341.52,341.82,341.52,341.82,1018562.32
1785312000000,341.62,342.1,341.296,341.62,66743798.9830003
1785312900000,341.59,341.675,341.347,341.59,1789954.91195535
1785313800000,341.6,341.615,341.3,341.3,2025723.524153536
1785314700000,341.3,341.375,341.3,341.35,1363266.22208154
1785315600000,341.21,341.35,340.31,341.02,6109320.50773647
1785316500000,340.81,340.81,340.626,340.63,1473208.82737168
1785317400000,339.56,340.79,339.415,339.56,4491051.67816759
1785318300000,339.55,339.89,338.895,339.55,6253978.57970082
1785319200000,339.75,339.825,339.27,339.48,3095005.09639763
1785320100000,339.68,339.76,339.6,339.74,2793215.84283753
1785321000000,340.02,340.269,339.689,340.02,3544047.74252478
1785321900000,340.269,341.25,340.269,341.245,8027985.63185898
1785322800000,341.17,341.45,340.652,340.78,15721479.17916335
1785323700000,340.71,341.0,340.6,340.859,3587311.01282408
1785324600000,340.98,341.053,340.5,340.99,4229589.82852426
1785325500000,341.03,341.126,340.665,341.03,3942601.27652263
1785326400000,340.75,340.802,340.212,340.5,7099123.9709647
1785327300000,340.31,340.394,339.53,339.54,12465228.46346673
1785328200000,338.89,339.75,338.01,339.36,51205301.33930513
1785329100000,339.3,339.456,338.664,338.89,11838152.56619254
1785330000000,338.975,339.047,338.503,339.047,13114604.016395014
1785330900000,339.0,339.791,338.51,339.21,21654349.14117713
1785331800000,340.43,342.1,339.668,341.585,1223687912.74375
1785332700000,341.67,343.68,341.53,342.78,977205989.3421556
1785333600000,342.815,343.47,341.71,341.84,769405680.2855693
1785334500000,341.835,342.06,340.735,341.185,670874906.7187812
1785335400000,341.14,341.73,340.91,341.54,407607641.1667512
1785336300000,341.57,341.71,340.16,340.38,472691633.09040946
1785337200000,340.425,340.55,339.52,339.98,498367742.7588806
1785338100000,339.98,340.305,339.68,339.831,367882034.7289083
1785339000000,339.834,340.67,339.79,340.075,431734411.5607477
1785339900000,340.07,341.23,340.05,341.05,341319946.7955884
1785340800000,341.075,341.16,340.655,340.83,222213660.92773315
1785341700000,340.815,341.56,340.685,341.33,283702516.2073068
1785342600000,341.285,341.39,340.07,340.542,290983285.5922108
1785343500000,340.51,341.32,340.33,341.291,263661571.44550103
1785344400000,341.34,342.28,341.12,342.25,379057205.0221761
1785345300000,342.32,343.44,342.13,342.7,503365308.5320116
1785346200000,342.71,343.39,342.365,343.055,330936247.3938344
1785347100000,343.082,343.3,342.67,343.237,393143351.4291365
1785348000000,343.205,344.545,343.205,343.62,68827382.53640118
1785348900000,343.695,344.01,343.19,343.6,364959928.19869494
1785349800000,343.57,343.93,342.98,343.69,424905240.4413807
1785350700000,343.67,343.86,342.76,342.89,361323572.8324979
1785351600000,342.91,343.01,341.92,342.401,482052790.2339216
1785352500000,342.395,342.87,341.34,341.53,403488864.22247887
1785353400000,341.49,341.52,339.33,339.58,580252403.8705208
1785354300000,339.595,340.34,337.36,338.33,2314129843.56143
1785355200000,337.56,338.399,337.51,337.51,4593945576.859805
1785356100000,338.04,338.599,337.97,338.26,25123485.48620676
1785357000000,338.42,339.18,338.295,338.48,17063423.62369491
1785357900000,338.617,339.095,338.187,339.095,18395623.44773307
1785358800000,339.1,339.967,339.025,339.6,83041230.7066481
1785359700000,339.91,340.154,339.29,340.09,47893554.29720785
1785360600000,339.355,339.355,338.955,338.955,11332236.32463745
1785361500000,338.955,339.513,338.955,339.4,13079590.24454098
1785362400000,339.89,340.74,339.393,339.79,15140483.8606465
1785363300000,339.58,339.737,338.946,339.01,13331189.05763363
1785364200000,339.29,339.365,338.94,339.1,5600034.97441302
1785365100000,339.25,339.543,339.025,339.25,4173389.49537536
1785366000000,339.78,340.19,339.375,340.19,8253407.15493478
1785366900000,340.05,340.1,339.425,340.05,7303242.24701751
1785367800000,339.91,340.099,339.625,339.91,6969289.92462374
1785368700000,340.4,340.48,339.875,340.4,7903830.03431437
1785369600000,339.64,340.86,339.64,340.04,1292006.16
1785370500000,340.04,340.16,339.24,339.45,786002.81
1785371400000,339.47,339.68,339.29,339.68,508540.17
1785372300000,339.68,340.11,339.38,339.86,897097.51
1785373200000,339.63,340.27,339.62,340.0,786664.49
1785374100000,339.94,340.21,339.49,339.51,1544264.81
1785375000000,339.5,339.56,338.02,338.44,1569143.58
1785375900000,338.43,338.54,338.11,338.2,1286577.18
1785376800000,338.27,338.48,338.2,338.48,718199.13
1785377700000,338.53,339.36,338.53,339.07,2124966.12
1785378600000,339.07,339.2,338.98,338.98,715408.95
1785379500000,338.97,339.04,338.7,338.79,700066.71
1785380400000,338.89,339.08,338.66,338.8,280277.98
1785381300000,338.75,338.77,338.57,338.62,766705.99
1785382200000,338.57,338.63,338.43,338.46,297535.74
1785383100000,338.53,338.72,338.46,338.65,259035.74
1785384000000,338.69,338.85,338.61,338.7,391533.18
1785384900000,338.67,338.79,338.61,338.65,427465.02
1785385800000,338.69,338.85,338.65,338.67,272349.97
1785386700000,338.67,338.94,338.62,338.88,343514.12
1785387600000,338.89,338.89,338.6,338.75,664534.78
1785388500000,338.76,338.93,338.63,338.68,641674.96
1785389400000,338.62,338.65,338.16,338.21,442669.63
1785390300000,338.21,338.22,337.52,337.52,817237.81
1785391200000,337.5,337.94,337.5,337.81,451209.47
1785392100000,337.7,338.36,337.58,338.27,990540.67
1785393000000,338.27,338.27,337.82,338.16,607146.65
1785393900000,338.0,338.29,338.0,338.28,185281.42
1785394800000,338.26,338.77,338.08,338.28,1006947.19
1785395700000,338.18,338.3,337.72,337.92,654683.3
1785396600000,337.91,338.5,337.8,338.48,980542.44
1785397500000,338.47,338.6,338.2,338.49,397604.15
1785398400000,339.42,340.05,338.6,339.27,27930868.47239255
1785399300000,339.04,339.475,339.04,339.04,1670097.36810005
1785400200000,339.175,339.175,338.835,338.835,1198571.57331442
1785401100000,338.835,338.835,338.635,338.795,1524818.895212
1785402000000,338.795,338.795,338.55,338.634,1979284.13204787
1785402900000,338.635,338.855,338.605,338.855,809946.82094112
1785403800000,338.855,338.855,338.676,338.676,678661.37598332
1785404700000,338.34,338.763,338.34,338.34,1657924.65527361
1785405600000,338.478,338.543,337.965,337.97,5015710.901779732
1785406500000,337.33,337.969,336.69,337.33,7887603.32460466
1785407400000,336.76,337.2,335.553,336.76,9923564.38599184
1785408300000,336.68,337.33,336.428,336.66,5721085.17709527
1785409200000,336.5,336.945,335.611,336.81,23523205.28612468
1785410100000,336.49,336.749,336.014,336.44,11801566.12920165
1785411000000,336.44,336.72,336.0,336.12,8559088.36868588
1785411900000,336.26,336.38,335.974,336.25,84984530.47722268
1785412800000,336.5,336.847,336.113,336.49,24856338.92295418
1785413700000,336.111,336.5,335.692,335.729,32746985.804687254
1785414600000,335.726,336.295,334.795,335.249,58031888.67302825
1785415500000,335.26,335.33,334.85,335.12,27545455.05992037
1785416400000,335.14,335.905,334.876,335.04,29175933.6049821
1785417300000,335.81,336.588,333.16,333.91,101186053.4787436
1785418200000,332.83,334.46,330.8,332.18,1654925809.0456243
1785419100000,332.18,333.15,331.25,332.17,949298812.2454216
1785420000000,332.01,332.86,330.35,331.309,990961755.243929
1785420900000,331.42,332.31,331.12,331.3,570962825.3435203
1785421800000,331.255,332.19,329.59,332.085,811325216.5677046
1785422700000,332.07,332.61,331.505,332.27,490049456.81163627
1785423600000,332.27,333.04,331.4,331.536,640256348.6978995
1785424500000,331.46,332.06,331.05,331.239,483002814.5184261
1785425400000,331.22,332.34,331.17,332.16,769398091.0973586
1785426300000,332.15,332.39,331.38,331.725,360642867.81475705
1785427200000,331.745,331.785,330.65,331.19,455436190.08983445
1785428100000,331.195,332.59,331.11,332.1,425218543.7313091
1785429000000,332.1,332.24,331.42,332.115,378067230.5746455
1785429900000,332.115,332.37,331.555,331.6,383287159.691249
1785430800000,331.635,332.845,331.606,332.71,283907134.01454705
1785431700000,332.69,332.76,331.995,332.07,306435500.63959384
1785432600000,332.099,332.78,331.73,332.644,335775568.2745495
1785433500000,332.647,333.32,332.465,333.272,360937676.02297217
1785434400000,333.33,333.98,333.0,333.27,381029464.7089918
1785435300000,333.28,333.75,332.77,333.18,313724419.25553995
1785436200000,333.11,333.76,332.92,333.52,285013601.91473615
1785437100000,333.56,334.06,333.425,333.75,323722009.14045227
1785438000000,333.72,334.01,333.405,333.64,421523188.0972165
1785438900000,333.73,333.96,333.12,333.185,560522270.1672572
1785439800000,333.16,333.58,332.79,333.02,672021661.5856267
1785440700000,332.98,334.13,332.3,333.08,1334655030.5294702
1785441600000,333.558,335.6,333.34,334.48,5127823497.679613
1785442500000,334.37,335.65,334.15,335.36,302358587.3216788
1785443400000,335.8,338.99,319.0,320.23,1112945132.641154
1785444300000,319.99,321.07,317.66,318.19,661169689.2392576
1785445200000,317.93,320.01,316.97,319.01,266537978.97216582
1785446100000,319.25,320.75,305.84,307.333,919769551.9257473
1785447000000,308.36,310.79,305.1,309.99,572575934.7950805
1785447900000,309.51,312.07,307.98,311.52,534675545.9421848
1785448800000,311.39,312.422,310.79,311.01,136171246.82976186
1785449700000,311.21,312.17,311.01,311.73,97110259.21227837
1785450600000,311.719,313.776,311.719,313.776,146084599.1336833
1785451500000,313.73,313.784,312.705,313.23,58890334.15814077
1785452400000,313.25,314.01,313.2,313.81,41689148.06518059
1785453300000,313.99,315.01,313.44,314.49,54058948.25499977
1785454200000,314.45,314.664,312.16,312.2,60303445.88998695
1785455100000,312.82,313.332,312.332,312.4,38546038.25978133
1785456000000,313.7,313.96,312.03,313.39,6472734.71
1785456900000,313.39,314.61,313.26,313.84,7548020.19
1785457800000,313.84,314.22,312.99,314.1,4940877.1
1785458700000,314.09,314.11,313.29,313.41,3507769.04
1785459600000,313.41,313.41,312.43,313.08,7003716.04
1785460500000,313.09,313.99,313.06,313.89,4828552.55
1785461400000,314.0,314.7,313.57,314.5,7680205.05
1785462300000,314.49,315.1,314.29,314.56,6301730.23
1785463200000,314.61,315.21,314.3,315.08,3135033.23
1785464100000,315.11,315.11,314.09,314.3,3641160.19
1785465000000,314.36,314.51,313.46,313.49,3162975.54
1785465900000,313.49,313.98,313.43,313.83,5237517.29
1785466800000,313.84,314.06,313.59,313.73,2402313.51
1785467700000,313.67,314.15,313.64,314.03,2026679.43
1785468600000,313.98,314.39,313.91,313.98,1898005.08
1785469500000,313.98,314.07,313.8,313.98,2768004.8
1785470400000,314.0,314.19,313.61,313.71,2425206.86
1785471300000,313.69,313.71,313.25,313.28,1854693.47
1785472200000,313.3,313.33,312.78,313.03,2802291.21
1785473100000,313.08,313.51,313.04,313.4,1424745.75
1785474000000,313.39,313.5,312.93,313.11,1660333.86
1785474900000,313.11,313.29,312.27,312.3,3504812.25
1785475800000,312.34,312.78,311.64,312.34,9568344.41
1785476700000,312.34,312.34,311.87,312.01,2467710.14
1785477600000,312.05,312.55,311.71,312.39,5153472.73
1785478500000,312.41,312.47,311.69,311.95,4005141.6
1785479400000,311.91,312.89,311.91,312.61,4975767.2
1785480300000,312.67,312.73,312.12,312.23,2957698.53
1785481200000,312.23,312.31,311.65,311.83,3269077.03
1785482100000,311.83,311.83,310.72,310.72,7139926.85
1785483000000,310.72,311.4,310.71,311.33,2857097.0
1785483900000,311.66,311.72,310.92,311.02,2266958.75
1785484800000,311.07,312.326,308.59,308.6,142234488.74022815
1785485700000,309.55,309.89,308.26,308.5,24924356.55742277
1785486600000,309.51,310.414,308.306,310.39,15326165.93423838
1785487500000,310.01,310.611,309.16,309.5,17270741.47104872
1785488400000,309.54,310.4,308.968,310.4,26079272.16632078
1785489300000,309.77,310.25,309.416,309.77,15996463.1337084
1785490200000,308.75,309.775,308.69,309.74,14225054.21726505
1785491100000,309.67,309.81,308.86,308.86,16203815.96781088
1785492000000,308.99,309.664,308.901,309.52,16952960.44668109
1785492900000,309.86,309.87,308.935,309.87,14070716.27662103
1785493800000,309.18,309.873,308.501,308.79,31727455.45688292
1785494700000,309.02,309.18,307.51,308.24,41076798.2677621
1785495600000,308.71,309.25,307.0,307.01,106516163.285435
1785496500000,307.01,307.76,306.5,307.49,65657733.39344394
1785497400000,307.26,308.199,306.63,308.19,49392571.85826533
1785498300000,308.12,308.44,307.655,308.08,81872587.8838411
1785499200000,307.8,308.49,307.08,307.13,157588127.87511095
1785500100000,307.08,308.25,307.08,307.53,87428832.00596844
1785501000000,307.49,308.01,306.719,307.23,167392292.50008637
1785501900000,307.23,308.63,306.61,308.35,126335432.59751812
1785502800000,308.0,308.249,306.94,307.1,86281316.91563202
1785503700000,307.0,307.63,304.0,305.41,493976884.8400824
1785504600000,304.775,306.87,300.33,304.79,6174702990.498967
1785505500000,304.79,305.89,302.51,302.77,2326372792.999391
1785506400000,302.72,303.31,301.37,302.24,1694443776.250261
1785507300000,302.12,303.56,301.675,302.75,947673128.4370743
1785508200000,302.8,303.0,301.705,302.46,727868531.0146688
1785509100000,302.41,303.16,301.965,303.121,949716388.7572718
1785510000000,303.15,303.19,302.335,302.99,820412878.3397375
1785510900000,302.94,304.25,301.65,301.72,954061149.1475412
1785511800000,301.75,302.805,301.44,301.95,923266510.4317296
1785512700000,301.97,302.34,300.41,301.356,1013992157.177035
1785513600000,301.27,302.11,300.91,302.105,470349357.524174
1785514500000,302.03,302.35,300.48,300.55,661314159.8601096
1785515400000,300.585,301.005,300.0,300.355,847918723.3526483
1785516300000,300.315,301.535,300.23,300.855,565850712.3594712
1785517200000,300.87,301.825,300.85,301.52,489528634.3104083
1785518100000,301.53,301.81,301.05,301.195,448050908.1592798
1785519000000,301.21,301.705,301.125,301.3,395944065.483347
1785519900000,301.31,301.425,300.49,300.625,1382463509.3244038
1785520800000,300.66,302.095,300.6,302.0,660336137.8004189
1785521700000,301.995,302.405,301.63,301.735,446489518.43671966
1785522600000,301.75,302.34,301.749,302.315,502189174.95705354
1785523500000,302.335,303.0,302.05,302.82,629125493.7016585
1785524400000,302.82,304.87,302.78,304.56,1262781033.6385753
1785525300000,304.65,305.715,304.54,305.665,1421247340.768461
1785526200000,305.64,306.625,305.05,306.525,1472167288.4627008
1785527100000,306.53,310.64,306.13,308.725,4877661653.564254
1785528000000,309.09,309.54,308.587,309.19,5771163071.144816
1785528900000,308.89,309.166,308.616,308.65,35635841.7163611
1785529800000,308.62,308.665,308.126,308.49,56487163.69280689
1785530700000,308.01,308.174,306.865,306.99,35186816.52933304
1785531600000,306.65,307.163,306.565,307.15,30792280.56151958
1785532500000,306.918,306.982,306.3,306.405,25248944.9805451
1785533400000,306.405,306.518,306.322,306.465,24554301.16260765
1785534300000,306.56,306.585,306.432,306.49,9071575.48716629
1785535200000,306.51,307.12,306.5,307.01,7275725.11330278
1785536100000,307.026,307.055,306.787,306.929,6638617.35297721
1785537000000,307.27,307.369,306.931,307.27,27731935.42438411
1785537900000,307.083,307.314,307.035,307.24,4158723.18961617
1785538800000,307.32,307.735,307.24,307.64,5744491.73438363
1785539700000,307.66,307.85,307.3,307.3,5298621.59041803
1785540600000,307.675,307.85,307.501,307.675,6431774.00582678
1785541500000,307.773,307.773,307.316,307.35,11998137.01623411
1785542400000,307.348,307.348,307.342,307.342,61.077169
1785544200000,307.11,307.27,306.95,307.27,640.478827
1785549600000,306.87,306.87,306.79,306.79,739.477571
1785550500000,306.97,306.97,306.74,306.96,255.370718
1785553200000,306.96,307.0,306.96,306.96,255.338264
1785554100000,307.0,307.0,306.96,306.96,107.076536
1785555000000,307.0,307.03,306.96,306.96,149.970424
1785557700000,306.96,306.96,306.96,306.96,442.114488
1785558600000,306.96,306.96,306.96,306.96,102.586032
1785559500000,307.03,307.08,306.96,306.96,205.693942
1785562200000,307.08,307.12,306.96,306.96,130.732956
1785564000000,307.12,307.19,306.96,306.96,272.322759
1785564900000,307.19,307.28,306.96,306.96,616.936799
1785565800000,307.28,307.38,306.96,307.38,545.716698
1785567600000,307.38,307.73,306.96,306.96,337.782138
1785568500000,307.44,307.44,307.44,307.44,16.355808
1785571200000,307.59,307.59,307.44,307.44,27.399594
1785572100000,307.59,307.59,307.44,307.44,75.249018
1785576600000,307.59,307.59,307.59,307.59,10.427301
1785579300000,307.59,307.59,306.96,306.96,215.935479
1785583800000,306.96,306.96,306.96,306.96,56.695512
1785585600000,307.59,307.73,307.59,307.73,246.542961
1785589200000,306.96,306.96,306.96,306.96,25.723248
1785592800000,307.73,307.73,306.81,306.81,529.173541
1785597300000,307.01,307.01,306.73,306.8,93.846789
1785598200000,307.05,307.21,307.05,307.21,146.704205
1785601800000,307.24,307.24,307.24,307.24,11.36788
1785603600000,307.24,307.24,307.24,307.24,19.9706
1785618900000,306.72,306.72,306.72,306.72,11.317968
1785620700000,306.72,306.72,306.72,306.72,30.641328
1785628800000,307.2,307.52,307.2,307.52,155.488701
1785629700000,307.52,307.52,307.52,307.52,10.517184
1785631500000,307.44,307.44,307.44,307.44,10.084032
1785632400000,306.71,306.71,306.71,306.71,191.295027
1785633300000,306.88,306.88,306.57,306.57,21.930853
1785640500000,306.57,306.57,306.57,306.57,101.78124
1785646800000,306.9,306.9,306.9,306.9,23.87682
1785649500000,306.95,306.95,306.95,306.95,28.48496
1785653100000,307.03,307.52,307.03,307.52,417.721939
1785654000000,307.1,307.1,307.1,307.1,1295.86987
1785654900000,307.1,308.18,307.1,308.18,21509.860712
1785655800000,308.42,308.52,308.42,308.52,920.573336
1785656700000,308.58,309.08,308.58,309.08,1788.80639
1785657600000,309.09,309.59,309.09,309.59,1687.088405
1785658500000,309.62,309.69,309.62,309.69,799.15698
1785659400000,309.41,309.78,309.41,309.78,938.29288
1785663900000,309.92,310.08,309.92,310.08,443.392498
1785667500000,309.68,309.68,309.68,309.68,10.126536
1785671100000,309.68,309.68,309.58,309.6,630.463874
1785672000000,309.6,310.09,309.02,309.02,3061.726599
1785672900000,309.92,309.92,309.92,309.92,11.188112
1785673800000,309.92,309.92,309.92,309.92,10.010416
1785678300000,309.33,309.33,308.88,308.88,95.027733
1785682800000,309.92,309.92,309.92,309.92,211.923296
1785684600000,309.92,310.05,309.92,310.05,1210.977125
1785686400000,310.16,310.16,310.16,310.16,23.975368
1785689100000,310.17,310.19,310.17,310.19,720.199249
1785690000000,310.01,310.32,310.01,310.32,342.874407
1785693600000,310.33,310.33,310.33,310.33,10.085725
1785694500000,310.33,310.33,310.33,310.33,255.805019
1785699000000,310.38,310.38,310.21,310.21,203.801773
1785702600000,310.21,310.21,309.07,310.21,3362.870788
1785708000000,310.31,310.39,310.31,310.39,444.400889
1785711600000,310.17,310.17,306.77,306.77,3631.269538
1785713400000,309.75,309.75,309.75,309.75,19.978875
1785714300000,309.35,309.35,307.16,308.56,6239.410797
1785715200000,309.99,309.99,308.36,308.8,8637184.69000001
1785716100000,308.8,308.84,308.12,308.4,3116798.71
1785717000000,308.33,308.35,307.99,308.15,3344853.92
1785717900000,308.1,308.41,307.91,308.39,2695127.61
1785718800000,308.39,308.44,308.02,308.04,2394455.68
1785719700000,308.04,308.1,307.89,307.91,2286968.69
1785720600000,307.91,308.36,307.83,308.2,1656294.81
1785721500000,308.2,308.3,308.04,308.21,1339033.76
1785722400000,308.23,308.48,308.23,308.4,1291937.8
1785723300000,308.4,308.65,308.31,308.58,2144655.09
1785724200000,308.59,308.76,308.43,308.64,2788742.65
1785725100000,308.63,308.89,308.51,308.8,1922235.46
1785726000000,308.79,309.08,308.79,309.07,1418405.38
1785726900000,309.07,309.3,309.06,309.24,2234340.52
1785727800000,309.24,309.24,308.96,309.06,678060.19
1785728700000,309.09,309.11,308.65,308.69,1611475.31
1785729600000,308.69,308.73,308.64,308.71,866171.21
1785730500000,308.7,309.01,308.7,309.01,726059.92
1785731400000,309.01,309.01,308.71,308.78,589961.23
1785732300000,308.77,308.98,308.71,308.91,795264.13
1785733200000,308.9,308.9,308.6,308.66,825430.08
1785734100000,308.65,308.66,308.6,308.63,245665.91
1785735000000,308.66,308.73,308.49,308.59,927366.39
1785735900000,308.59,308.61,308.51,308.51,421479.9
1785736800000,308.51,308.91,308.46,308.8,1673150.41
1785737700000,308.82,308.98,308.7,308.95,979175.13
1785738600000,308.97,308.97,308.69,308.92,872226.69
1785739500000,308.87,308.95,308.87,308.94,444506.67
1785740400000,308.91,308.94,308.54,308.78,1630018.55
1785741300000,308.71,308.83,308.53,308.71,927371.8
1785742200000,308.68,308.78,308.62,308.74,634438.37
1785743100000,308.71,308.94,308.71,308.93,784148.94
1785744000000,307.663,309.205,307.642,307.684,40942801.944538735
1785744900000,307.675,307.95,307.425,307.9,10061837.08055539
1785745800000,307.99,307.99,307.73,307.93,4084593.21389419
1785746700000,307.73,307.94,307.73,307.92,2208930.10215779
1785747600000,307.92,307.973,307.92,307.943,2843143.59544761
1785748500000,307.96,307.965,307.905,307.93,3574983.11421687
1785749400000,308.01,308.01,307.85,307.85,4504146.84825231
1785750300000,307.92,308.39,307.845,308.02,4084649.10642445
1785751200000,308.37,309.77,308.305,309.7,13941520.54921026
1785752100000,309.36,310.23,309.125,309.9,21899895.149121244
1785753000000,309.9,310.656,309.835,310.36,21417851.12757906
1785753900000,309.73,310.576,309.626,309.9,19302003.56868552
1785754800000,310.01,310.22,309.667,309.7,28742970.05461266
1785755700000,309.86,310.909,309.791,310.8,34585528.41975747
1785756600000,310.795,311.677,310.795,311.569,43011540.16485397
1785757500000,311.59,311.919,311.124,311.68,47244225.00249212
1785758400000,311.44,312.71,311.308,311.8,46057800.47554729
1785759300000,311.39,311.536,311.032,311.4,27072412.59067433
1785760200000,311.3,311.545,310.65,310.65,25945273.96105642
1785761100000,310.779,311.12,310.522,310.522,29615548.922945973
1785762000000,310.83,310.839,310.092,310.52,30774832.26782166
1785762900000,310.59,310.79,309.068,309.15,53557576.50363527
1785763800000,309.59,311.77,305.21,306.19,1780117384.743896
1785764700000,306.125,308.25,305.545,305.91,885450364.4617391
1785765600000,305.91,306.67,304.365,306.54,958498320.5996324
1785766500000,306.5,307.2,305.53,305.57,542957274.7439562
1785767400000,305.55,306.15,305.245,305.75,601445908.7687507
1785768300000,305.89,306.41,305.02,305.36,679524321.0552083
1785769200000,305.335,305.645,304.6,305.187,940902861.4952713
1785770100000,305.14,305.785,303.92,304.194,1144499409.5591078
1785771000000,304.225,304.39,303.125,303.175,641219327.9735725
1785771900000,303.165,303.77,302.55,303.77,513636471.8084985
1785772800000,303.785,305.03,303.716,304.04,664467012.0771722
1785773700000,304.04,306.34,304.04,306.34,616449747.0847377
1785774600000,306.37,307.19,306.055,306.665,674351951.5924984
1785775500000,306.67,306.755,305.91,306.62,447342065.6713693
1785776400000,306.615,307.065,306.365,306.715,454403112.7253863
1785777300000,306.69,307.53,306.665,307.21,542313708.0671842
1785778200000,307.22,307.244,306.19,306.795,474504541.55719537
1785779100000,306.78,306.785,305.54,306.09,391281297.5669371
1785780000000,306.085,306.445,305.865,305.94,408150631.50680184
1785780900000,306.015,306.39,305.495,305.515,303388044.5561018
1785781800000,305.525,305.855,305.01,305.09,410597249.0960344
1785782700000,305.085,305.56,304.91,305.22,403810065.90853393
1785783600000,305.23,305.97,305.145,305.915,420830742.74869984
1785784500000,305.92,305.955,304.79,305.045,483593823.2717734
1785785400000,305.045,305.08,304.455,304.825,536014897.9006115
1785786300000,304.829,304.829,302.68,303.344,3041486994.5070105
1785787200000,303.14,303.569,302.997,303.54,3597002037.6554413
1785788100000,303.57,303.707,303.469,303.53,490368719.212738
1785789000000,303.32,303.55,303.32,303.41,27241455.54679798
1785789900000,303.44,303.594,303.434,303.49,12384080.7702036
1785790800000,303.545,303.693,303.49,303.693,15723245.936072387
1785791700000,303.76,303.856,303.694,303.77,9066814.01681983
1785792600000,303.835,303.95,303.7,303.7,286505525.7128688
1785793500000,303.695,303.83,303.695,303.83,7281720.75215984
1785794400000,303.82,303.82,303.506,303.64,8146340.42162997
1785795300000,303.505,303.685,303.505,303.605,11556237.570201082
1785796200000,303.65,303.738,303.605,303.63,7230949.81002307
1785797100000,303.64,303.775,303.525,303.59,8342163.79126924
1785798000000,303.67,303.768,303.655,303.7,8482067.14670299
1785798900000,303.77,303.855,303.731,303.8,8651802.80288343
1785799800000,303.86,303.861,303.62,303.71,12532695.79778267
1785800700000,303.61,303.685,303.5,303.5,14275431.51129564
1785801600000,303.6,304.1,303.58,304.1,2139533.31
1785802500000,304.1,304.7,304.08,304.59,5894775.31
1785803400000,304.59,305.0,304.51,304.68,3936819.49
1785804300000,304.6,304.62,304.2,304.48,3392840.19
1785805200000,304.51,304.67,304.32,304.6,1961211.26
1785806100000,304.61,304.64,304.42,304.42,1751244.07
1785807000000,304.44,304.57,304.14,304.17,1701562.65
1785807900000,304.15,304.61,304.14,304.54,1788074.36
1785808800000,304.58,304.76,304.52,304.63,1238787.46
1785809700000,304.65,304.82,304.59,304.59,804101.65
1785810600000,304.59,304.76,304.59,304.74,630084.05
1785811500000,304.77,304.8,304.65,304.74,347977.83
1785812400000,304.73,304.74,304.49,304.5,755820.72
1785813300000,304.5,304.64,304.39,304.64,521004.64
1785814200000,304.64,304.76,304.58,304.73,944809.93
1785815100000,304.73,304.73,304.56,304.56,990370.09
1785816000000,304.65,304.76,304.57,304.74,561907.98
1785816900000,304.71,304.82,304.65,304.74,1320498.52
1785817800000,304.73,304.74,304.4,304.59,1264455.28
1785818700000,304.62,304.77,304.6,304.72,550576.84
1785819600000,304.72,304.72,304.59,304.63,736650.52
1785820500000,304.67,304.76,304.63,304.63,2789468.51
1785821400000,304.64,304.75,304.49,304.51,1861696.02
1785822300000,304.52,304.62,304.32,304.37,1452048.29
1785823200000,304.38,304.51,304.11,304.24,2503985.42
1785824100000,304.24,304.25,303.44,303.79,8092342.93
1785825000000,303.87,304.08,303.86,303.92,2327248.44
1785825900000,303.95,304.0,303.7,303.75,2257803.34
1785826800000,303.73,303.81,303.57,303.76,2532271.64
1785827700000,303.78,304.07,303.71,304.02,2214059.0
1785828600000,304.03,304.05,303.8,303.95,2120271.03
1785829500000,303.97,304.19,303.83,304.05,1698436.22
1785830400000,303.65,303.819,303.316,303.45,59180849.31624914
1785831300000,303.575,303.758,303.285,303.285,8398226.606603874
1785832200000,303.31,303.596,303.225,303.31,4810561.84319411
1785833100000,303.56,303.6,303.505,303.57,2196828.63830122
1785834000000,303.53,303.715,303.35,303.715,2993440.58208686
1785834900000,303.65,303.905,303.58,303.8,3384561.33484862
1785835800000,303.79,303.915,303.776,303.85,2929016.01203485
1785836700000,303.93,304.17,303.865,304.17,5569800.43645586
1785837600000,304.18,304.21,304.092,304.21,5695900.82014137
1785838500000,303.99,304.105,303.386,303.51,8147780.30655408
1785839400000,303.479,303.945,302.99,303.159,19765184.659514494
1785840300000,303.159,303.16,302.544,302.852,11360162.56613889
1785841200000,302.45,302.852,302.11,302.3,35882369.69938889
1785842100000,302.19,302.909,302.14,302.65,21799690.14924795
1785843000000,302.6,303.199,302.51,302.91,470247440.1000246
1785843900000,302.71,303.053,302.4,302.49,24521081.47816496
1785844800000,302.7,302.97,302.476,302.64,20565303.7414633
1785845700000,302.5,302.74,302.445,302.5,14588282.2864341
1785846600000,302.75,303.0,302.74,302.9,12463804.80302445
1785847500000,302.902,302.972,302.5,302.68,35553213.77229526
1785848400000,302.67,302.88,302.19,302.28,26228900.36289194
1785849300000,302.43,303.8,302.26,302.87,45676900.21110371
1785850200000,302.73,304.47,301.38,303.795,1792243284.7165377
1785851100000,303.83,305.4,303.69,305.31,932742651.0614386
1785852000000,305.295,305.86,304.42,305.76,772509402.6525947
1785852900000,305.74,307.13,305.725,306.83,793376307.3754053
1785853800000,306.78,306.87,305.24,305.48,538158446.4651766
1785854700000,305.52,306.49,305.41,306.25,473854168.8231155
1785855600000,306.215,306.495,305.91,306.24,386794305.08944476
1785856500000,306.26,306.56,305.605,305.651,475704175.19675237
1785857400000,305.7,306.74,305.49,306.26,320498943.278072
1785858300000,306.28,306.67,306.09,306.34,364903300.3795262
1785859200000,306.29,306.438,305.675,306.34,332415622.61654603
1785860100000,306.327,306.715,305.83,306.508,385938406.25230205
1785861000000,306.509,307.81,306.355,307.761,520541908.9966196
1785861900000,307.73,308.59,307.42,308.24,534791423.4057983
1785862800000,308.25,310.415,308.21,310.13,647531508.112488
1785863700000,310.13,310.25,308.88,308.905,429806412.95310265
1785864600000,308.89,309.6,308.675,309.577,445933234.5076965
1785865500000,309.585,310.11,309.335,309.335,502814454.76589
1785866400000,309.33,310.078,309.26,310.015,529526466.4480144
1785867300000,310.03,310.12,309.2,309.3,298232644.21474755
1785868200000,309.29,309.5,308.65,308.81,269223824.6025311
1785869100000,308.81,309.26,308.48,308.535,424239696.7184922
1785870000000,308.532,308.88,308.28,308.73,512167012.6068871
1785870900000,308.73,309.81,308.58,309.53,465295960.00319856
1785871800000,309.59,310.3,309.55,310.27,495502384.53241557
1785872700000,310.25,310.43,308.91,309.335,1267217448.0757296
1785873600000,309.394,309.869,309.01,309.37,6386620203.184962
1785874500000,310.1,310.823,308.963,310.65,44740276.74832257
1785875400000,310.4,311.0,310.1,310.87,138536123.94108185
1785876300000,310.99,311.544,310.56,311.45,217292848.11986193
1785877200000,310.89,311.127,310.291,310.53,12869157.69626301
1785878100000,310.486,310.859,310.48,310.745,9995041.888273515
1785879000000,310.34,310.745,310.202,310.34,5584041.59248272
1785879900000,310.199,310.21,310.076,310.076,3226468.9281921
1785880800000,310.17,310.671,310.075,310.19,5302260.41182929
1785881700000,310.52,310.65,310.4,310.52,12199991.86551057
1785882600000,310.41,310.6,310.41,310.49,4955726.43598487
1785883500000,310.49,310.574,310.327,310.46,2603864.52436188
1785884400000,310.75,310.799,310.361,310.68,4525327.09851117
1785885300000,310.62,310.9,310.519,310.62,3703203.25186015
1785886200000,310.49,310.675,310.075,310.43,6123230.53843648
1785887100000,310.288,310.768,310.265,310.45,3953209.83885758
1785888000000,310.58,310.66,310.0,310.08,1645569.64
1785888900000,310.06,310.39,309.6,309.83,2156203.17
1785889800000,309.83,310.09,309.54,310.03,1848433.85
1785890700000,310.02,310.45,309.91,310.3,1525005.89
1785891600000,310.23,310.8,310.2,310.68,1797263.57
1785892500000,310.56,310.93,310.47,310.5,2380698.53
1785893400000,310.52,311.2,310.52,311.17,1864970.96
1785894300000,311.18,311.54,311.05,311.47,1542056.47
1785895200000,311.48,311.6,311.24,311.25,752774.04
1785896100000,311.29,311.43,310.92,310.92,757625.46
1785897000000,310.97,311.15,310.93,311.13,600639.58
1785897900000,311.15,311.44,311.14,311.35,647253.34
1785898800000,311.3,311.3,310.94,311.04,1124802.99
1785899700000,311.03,311.08,310.83,310.91,847711.28
1785900600000,310.86,311.28,310.8,311.13,754614.29
1785901500000,311.14,311.23,311.09,311.23,306504.19
1785902400000,311.23,311.59,311.21,311.54,1050797.2
1785903300000,311.54,311.54,311.29,311.41,345663.02
1785904200000,311.41,311.46,311.12,311.2,357063.4
1785905100000,311.26,311.5,311.26,311.39,385786.74
1785906000000,311.42,311.5,311.09,311.38,1187263.56
1785906900000,311.33,311.51,311.11,311.15,1317739.32
1785907800000,311.16,311.37,311.1,311.34,1129691.57
1785908700000,311.37,311.4,310.68,310.81,2127922.97
1785909600000,310.83,310.96,310.77,310.92,852063.73
1785910500000,310.87,311.0,310.52,310.58,1265385.99
1785911400000,310.59,310.9,310.58,310.9,597682.75
1785912300000,310.89,311.09,310.85,310.89,537576.18
1785913200000,310.92,311.11,310.79,311.0,1245388.22
1785914100000,310.86,311.06,310.79,310.97,1319863.02
1785915000000,310.97,311.21,310.93,311.16,1349739.19
1785915900000,311.16,311.27,311.02,311.12,1142360.0
1785916800000,311.0,311.336,310.411,310.9,30052333.85399589
1785917700000,310.696,311.754,310.684,311.623,6839853.35608609
1785918600000,312.17,313.459,311.638,312.99,14801671.36974102
1785919500000,312.59,312.875,311.803,312.38,6684329.97906939
1785920400000,311.89,312.365,311.49,312.265,4876071.549773588
1785921300000,312.23,313.22,312.115,313.09,11076718.80450052
1785922200000,312.83,312.95,312.033,312.3,5738824.6544221
1785923100000,311.96,312.35,311.87,311.87,4714727.71326242
1785924000000,311.82,312.305,311.547,312.08,4454202.01199635
1785924900000,312.298,312.298,311.375,311.375,9242507.640538737
1785925800000,311.54,311.71,311.305,311.54,3099020.1209379
1785926700000,311.48,311.879,311.305,311.71,5770578.83548246
1785927600000,310.69,311.592,310.1,310.81,21495907.47243332
1785928500000,310.46,310.819,310.386,310.386,5294075.06442411
1785929400000,310.386,310.59,307.918,307.918,38597885.7149259
1785930300000,306.99,308.424,305.15,307.49,72372044.39852495
1785931200000,307.5,308.879,306.712,308.25,36762568.45064708
1785932100000,308.48,308.716,308.221,308.65,11356128.3914768
1785933000000,308.61,308.99,308.211,308.79,19970437.59725313
1785933900000,308.883,309.098,307.765,308.415,28947665.845701694
1785934800000,308.423,310.39,308.364,310.341,44692394.39978318
1785935700000,310.1,310.768,308.763,308.93,42203963.95587424
1785936600000,309.26,309.26,305.66,308.21,1337919055.2359886
1785937500000,308.14,308.21,306.93,307.98,567540179.855603
1785938400000,307.99,308.505,307.36,308.4,454852168.91920024
1785939300000,306.778,306.778,306.778,306.778,555410730.9160733
1785940200000,306.71,308.87,306.29,308.86,545055852.6395514
1785941100000,308.845,311.37,308.793,311.335,728256359.9952341
1785942000000,311.36,311.71,310.57,310.57,536570320.93595237
1785942900000,310.51,310.6,308.435,308.61,490049459.9289256
1785943800000,308.608,308.98,308.15,308.265,358553994.353475
1785944700000,308.25,308.51,307.81,307.94,346360521.5425604
1785945600000,307.995,309.45,307.98,309.08,383065942.3643937
1785946500000,309.1,309.34,308.61,308.62,189925658.00346652
1785947400000,308.64,309.33,308.46,309.28,248687739.57150385
1785948300000,309.27,309.34,308.75,308.806,205906368.94424286
1785949200000,308.811,309.77,308.811,309.71,249906772.18821776
1785950100000,309.73,309.98,309.59,309.74,182764511.83504108
1785951000000,309.76,310.22,309.425,309.66,228887819.18431383
1785951900000,309.6,309.639,308.74,308.93,187885461.74229
1785952800000,308.95,308.97,308.35,308.5,189572879.4292585
1785953700000,308.507,308.675,308.105,308.182,287130147.82114744
1785954600000,308.2,308.73,308.08,308.62,441998155.40449446
1785955500000,308.69,309.105,308.48,308.95,186418158.12547207
1785956400000,308.955,309.12,308.71,308.91,326283112.6644851
1785957300000,308.955,309.88,308.927,309.645,295782193.3752125
1785958200000,309.62,310.05,309.41,309.927,448577181.4878683
1785959100000,309.92,311.555,309.835,310.95,1522267112.0955186
1785960000000,310.65,312.143,310.65,312.0,3845219551.666007
1785960900000,311.84,312.71,311.644,312.3,62984516.0676073
1785961800000,311.64,311.872,311.36,311.75,130447097.78602032
1785962700000,311.624,312.0,311.459,311.459,20645713.36264015
1785963600000,311.458,311.749,311.318,311.375,9437460.73755524
1785964500000,311.77,312.002,311.375,311.98,6743933.3066614
1785965400000,311.99,312.09,311.74,311.99,512746655.0644674
1785966300000,311.883,312.15,311.875,312.095,3571616.31081406
1785967200000,312.2,312.669,312.095,312.45,12936098.46577087
1785968100000,312.7,312.855,312.503,312.71,40496791.92520586
1785969000000,313.01,313.153,312.67,313.08,11250343.10466244
1785969900000,313.01,313.119,312.626,312.82,7925535.30273158
1785970800000,312.76,312.76,312.48,312.494,3803806.89140181
1785971700000,312.494,313.14,312.494,312.691,9864470.574159784
1785972600000,312.69,312.795,312.24,312.55,11143397.050593082
1785973500000,312.55,312.55,312.225,312.5,2759144.20641951
1785974400000,312.36,312.41,311.71,311.98,1036532.9
1785975300000,311.92,312.09,311.46,312.03,773516.9
1785976200000,312.03,312.67,312.02,312.47,1106376.04
1785977100000,312.45,312.58,312.22,312.34,667247.03
1785978000000,312.36,312.56,312.16,312.46,1107464.66
1785978900000,312.52,313.33,312.37,313.33,2036009.28
1785979800000,313.34,313.86,313.04,313.13,1839981.67
1785980700000,313.12,313.47,312.98,313.24,1798151.22
1785981600000,313.27,313.51,313.11,313.16,599754.29
1785982500000,313.15,313.49,313.05,313.4,1134042.23
1785983400000,313.38,313.51,313.24,313.51,758676.6
1785984300000,313.49,313.56,313.33,313.41,845683.08
1785985200000,313.37,313.48,313.22,313.42,668686.7
1785986100000,313.39,313.4,313.06,313.16,467049.47
1785987000000,313.16,313.29,313.02,313.28,443396.19
1785987900000,313.28,313.48,313.12,313.43,788239.97
1785988800000,313.44,313.45,313.18,313.42,369059.63
1785989700000,313.42,313.52,313.37,313.42,244821.34
1785990600000,313.46,313.46,313.13,313.18,343051.64
1785991500000,313.17,313.2,312.99,313.2,1197727.73
1785992400000,313.21,313.33,313.08,313.33,362407.32
1785993300000,313.27,313.33,313.1,313.19,573452.71
1785994200000,313.16,313.29,313.1,313.16,854938.48
1785995100000,313.22,313.24,313.05,313.19,243019.7
1785996000000,313.14,313.18,312.49,312.55,930332.08
1785996900000,312.62,312.99,312.4,312.99,1260936.29
1785997800000,312.99,313.13,312.69,313.12,2631516.33
1785998700000,313.15,313.66,313.09,313.64,3309486.84
1785999600000,313.63,313.86,313.49,313.81,2598241.4
1786000500000,313.87,313.87,313.47,313.55,1535155.51
1786001400000,313.58,313.58,313.14,313.32,947692.6
1786002300000,313.33,313.47,313.24,313.25,372204.11
1786003200000,313.21,314.27,312.628,313.21,38733964.13089668
1786004100000,314.18,314.54,314.09,314.23,6608606.28863627
1786005000000,314.45,314.54,313.85,314.41,8123587.88984424
1786005900000,313.9,314.13,313.895,313.9,5297270.61493033
1786006800000,313.57,314.144,313.5,314.09,6028987.31812833
1786007700000,314.26,314.321,314.12,314.26,3538338.4471396
1786008600000,314.16,314.21,314.08,314.21,2287945.89610939
1786009500000,314.25,314.325,314.02,314.25,3727602.78747734
1786010400000,313.95,314.191,313.95,313.95,3603025.46124425
1786011300000,313.99,314.0,313.83,314.0,2484071.91402385
1786012200000,313.865,313.979,313.609,313.609,1558035.81663648
1786013100000,313.61,313.842,313.52,313.73,2832956.1959687
1786014000000,313.751,314.74,313.75,314.595,24748155.21434597
1786014900000,314.61,314.66,314.099,314.36,8986992.96902469
1786015800000,314.36,314.399,313.74,313.74,10923960.89441399
1786016700000,313.91,314.04,313.797,313.91,8098189.18997632
1786017600000,313.7,313.866,313.65,313.79,10402778.49188894
1786018500000,313.94,314.465,313.605,314.39,14144482.59303508
1786019400000,314.41,314.41,313.846,314.32,8592319.70833877
1786020300000,314.01,314.01,313.715,313.79,10764123.71893866
1786021200000,313.89,314.131,313.651,313.89,12861588.31217029
1786022100000,313.654,314.91,313.51,314.316,42133067.640881166
1786023000000,314.55,316.12,313.49,314.741,260459511.05574986
1786023900000,314.75,316.28,314.57,314.89,756720126.8087939
1786024800000,314.81,315.2,312.72,313.36,567281339.8684746
1786025700000,313.32,313.465,312.135,312.76,667680956.3999509
1786026600000,312.82,313.3,311.79,312.425,575807053.0539672
1786027500000,312.424,313.63,312.25,313.349,562337514.6674893
1786028400000,313.34,313.354,312.02,312.19,348954984.00008345
1786029300000,312.19,312.26,309.66,310.12,556190798.1074431
1786030200000,310.12,310.415,309.79,310.099,403952040.65489805
1786031100000,310.094,310.25,309.24,309.53,360086475.7159018
1786032000000,309.55,310.07,309.25,310.016,336930932.8748124
1786032900000,309.98,311.25,309.8,311.13,268356309.8711671
1786033800000,311.16,311.66,311.139,311.35,220406227.99007896
1786034700000,311.37,311.755,311.29,311.668,242661429.60593614
1786035600000,311.665,311.76,310.71,310.884,915900594.58639
1786036500000,310.91,311.24,310.88,311.211,338083814.90861386
1786037400000,311.23,311.58,311.18,311.58,160708858.7505804
1786038300000,311.55,312.16,311.46,312.15,191989462.27694207
1786039200000,312.128,312.24,312.0,312.043,244900326.74596816
1786040100000,312.0,312.425,311.8,312.23,271131429.43398345
1786041000000,312.24,312.46,311.89,311.98,164660848.99309826
1786041900000,311.96,312.33,311.93,312.255,150785459.83027858
1786042800000,312.25,312.5,312.085,312.423,232290117.35666674
1786043700000,312.422,312.81,312.18,312.575,525533656.684801
1786044600000,312.578,312.92,312.39,312.79,429480581.6376277
1786045500000,312.78,312.84,311.79,312.44,820978403.2164071
1786046400000,312.88,312.883,311.936,312.88,3866288371.312397
1786047300000,312.35,312.795,312.125,312.34,5441221.8970853
1786048200000,312.28,312.322,312.052,312.28,9244099.93763791
1786049100000,312.029,312.183,311.61,311.852,6420713.584406482
1786050000000,311.851,311.96,311.73,311.761,4462589.35383455
1786050900000,311.88,311.999,311.73,311.88,1122741.54133384
1786051800000,311.8,311.96,311.752,311.8,13173162.81553085
1786052700000,311.81,311.96,311.81,311.81,1543041.11030495
1786053600000,311.92,312.269,311.92,312.231,176329290.70594037
1786054500000,312.231,312.231,312.006,312.015,2089104.27624807
1786055400000,311.86,312.124,311.86,311.86,1624977.6030438
1786056300000,312.01,312.025,311.911,312.01,2282463.6391611
1786057200000,312.01,312.185,311.975,312.13,3186181.8617999
1786058100000,312.05,312.455,312.05,312.455,2535102.19276157
1786059000000,312.46,312.464,312.355,312.46,1963534.61279398
1786059900000,312.51,312.51,312.355,312.51,5781771.4289575
1786060800000,312.68,312.74,312.36,312.45,260021.46
1786061700000,312.42,312.42,312.11,312.15,268534.52
1786062600000,312.18,312.55,312.17,312.41,185572.36
1786063500000,312.39,312.5,312.32,312.47,196492.65
1786064400000,312.42,312.46,312.12,312.2,357951.55
1786065300000,312.25,312.33,312.13,312.14,450556.92
1786066200000,312.16,312.27,311.89,312.16,1845695.97
1786067100000,312.08,312.43,312.08,312.4,203293.94
1786068000000,312.35,312.44,312.28,312.36,872499.43
1786068900000,312.38,312.38,312.18,312.2,142065.54
1786069800000,312.17,312.24,312.12,312.16,315311.48
1786070700000,312.14,312.32,312.12,312.32,299408.94
1786071600000,312.36,312.42,312.32,312.34,215544.69
1786072500000,312.38,312.4,312.28,312.38,44665.01
1786073400000,312.37,312.38,312.25,312.31,60585.1
1786074300000,312.3,312.31,312.13,312.23,266324.34
1786075200000,312.2,312.22,312.13,312.13,42140.69
1786076100000,312.13,312.27,311.82,312.1,997571.54
1786077000000,312.08,312.22,312.08,312.21,74918.63
1786077900000,312.17,312.44,312.14,312.29,152400.81
1786078800000,312.29,312.31,312.2,312.2,106798.81
1786079700000,312.23,312.24,312.13,312.21,50888.65
1786080600000,312.2,312.2,312.01,312.09,180389.17
1786081500000,312.08,312.24,312.04,312.19,235336.8
1786082400000,312.24,312.52,312.24,312.52,152466.48
1786083300000,312.49,312.5,312.41,312.45,305263.49
1786084200000,312.4,312.47,312.24,312.28,525656.84
1786085100000,312.3,312.45,312.3,312.45,19057.06
1786086000000,312.45,313.01,312.22,312.34,850566.53
1786086900000,312.27,312.37,312.19,312.27,383762.29
1786087800000,312.27,312.41,312.23,312.31,145847.8
1786088700000,312.36,312.37,312.17,312.18,688445.67
1786089600000,311.73,312.455,311.247,311.73,13808183.32209584
1786090500000,310.81,311.235,310.635,310.75,8687596.46991399
1786091400000,310.98,311.13,310.545,310.8,4762939.94369161
1786092300000,311.42,311.52,311.13,311.42,2485149.44086279
1786093200000,311.52,311.52,311.18,311.52,1046410.79583382
1786094100000,311.52,311.769,311.435,311.536,1501190.17166953
1786095000000,311.536,311.93,311.27,311.585,968901.50974318
1786095900000,311.585,312.12,311.585,312.12,4067754.7470979695
1786096800000,311.97,312.184,311.905,311.97,2293729.86772192
1786097700000,311.72,311.99,311.57,311.72,2181332.20942233
1786098600000,311.77,311.846,311.685,311.77,986283.41458626
1786099500000,311.795,311.795,311.75,311.75,504916.95624332
1786100400000,311.87,311.935,311.562,311.59,7380440.98485123
1786101300000,311.58,311.8,311.523,311.58,2984431.95233664
1786102200000,311.71,311.998,311.631,311.85,4809126.30626241
1786103100000,311.775,312.26,311.775,312.256,4251045.6917168
1786104000000,312.255,312.46,312.07,312.26,10172949.043468513
1786104900000,312.25,312.339,311.951,312.24,4867730.02238077
1786105800000,312.77,313.32,311.815,312.77,24463126.99152649
1786106700000,312.91,312.91,312.15,312.25,15232856.76470162
1786107600000,312.29,312.56,311.571,311.64,18375131.70299195
1786108500000,311.612,312.135,311.4,311.651,28815302.255144805
1786109400000,311.385,313.82,310.75,311.716,203803605.25736487
1786110300000,311.73,312.17,311.03,311.711,23835422.11500001
1786111200000,311.75,312.55,311.705,312.16,364921692.28846186
1786112100000,312.14,314.14,311.79,314.085,433890809.47090745
1786113000000,314.085,314.8,313.915,314.23,377579021.0288009
1786113900000,314.222,314.375,313.66,314.338,675436441.2148538
1786114800000,314.336,314.336,313.55,313.909,188247538.02025405
1786115700000,313.93,313.95,312.99,313.34,320270155.02707934
1786116600000,313.39,313.42,312.425,312.59,270804435.54050887
1786117500000,312.61,312.61,312.02,312.17,312576506.63769466
1786118400000,312.14,312.435,311.58,311.833,239131776.1379382
1786119300000,311.81,311.96,311.57,311.652,230624304.53526822
1786120200000,311.7,312.26,311.61,312.195,178374540.05116272
1786121100000,312.17,312.48,312.12,312.205,155873444.2978444
1786122000000,312.21,312.55,312.18,312.476,182682547.67723763
1786122900000,312.47,312.9,312.285,312.76,232782991.64858848
1786123800000,312.758,313.06,312.585,312.997,191185078.43249136
1786124700000,313.025,313.26,312.91,312.97,195543773.12745005
1786125600000,313.0,313.04,312.31,312.38,209004839.29331684
1786126500000,312.36,312.365,311.84,311.92,176383947.10581604
1786127400000,311.915,312.055,311.69,311.876,193162683.15926173
1786128300000,311.881,312.41,311.825,312.36,169953474.3841778
1786129200000,312.47,312.915,312.245,312.865,215079682.6580687
1786130100000,312.85,313.4,312.85,313.29,292601028.8414491
1786131000000,313.285,313.34,313.015,313.258,374786848.4873783
1786131900000,313.23,314.17,312.93,313.298,944101378.4237179
1786132800000,313.289,313.46,312.926,313.235,2593302802.9205923
1786133700000,313.1,313.329,313.002,313.1,3223095.36155723
1786134600000,313.1,313.215,312.865,313.1,7513814.90133661
1786135500000,313.102,313.105,312.835,313.04,5666795.39275754
1786136400000,313.04,313.075,312.975,313.0,3872283.19641282
1786137300000,313.0,313.065,312.97,313.059,1533662.77686666
1786138200000,313.11,313.148,313.05,313.11,15765935.14800802
1786139100000,313.1,313.13,313.02,313.1,1533676.92269166
1786140000000,313.06,313.11,313.05,313.11,1248370.48190872
1786140900000,313.11,313.13,313.052,313.109,2206135.7411928745
1786141800000,313.109,313.11,313.109,313.11,1834284.53284272
1786142700000,313.11,313.15,313.11,313.142,1460648.04694372
1786143600000,313.139,313.16,313.125,313.16,650802.71890038
1786144500000,313.16,313.24,313.125,313.24,829313.11484535
1786145400000,313.24,313.27,313.115,313.115,1533913.8393980118
1786146300000,313.13,313.221,313.05,313.13,1742012.07167054
1786147200000,313.16,313.213,313.16,313.213,0.0
1786148100000,313.43,313.43,313.43,313.43,49.992085
1786151700000,313.32,313.32,312.42,312.49,4761.579335
1786155300000,312.53,312.53,312.53,312.53,19.783149
1786162500000,312.53,312.6,312.37,312.47,719.055021
1786164300000,312.47,312.47,312.47,312.47,84.460641
1786168800000,312.47,312.59,312.47,312.59,538.119206
1786169700000,312.39,312.39,312.39,312.39,33.769359
1786176000000,312.57,312.57,312.57,312.57,207.54648
1786180500000,312.57,312.57,312.57,312.57,149.564745
1786185900000,312.57,312.57,312.57,312.57,50.480055
1786186800000,312.57,312.57,312.57,312.57,23.036409
1786189500000,312.4,312.4,312.4,312.4,28.24096
1786190400000,312.36,312.36,312.36,312.36,74.685276
1786193100000,312.29,312.29,312.27,312.27,447.401997
1786194000000,312.23,312.34,312.17,312.17,717.301552
1786195800000,312.34,312.34,312.34,312.34,10.088582
1786197600000,312.34,312.34,312.34,312.34,355.13058
1786198500000,312.34,312.34,312.17,312.17,31.940975
1786200300000,312.15,312.15,312.15,312.15,47.228295
1786202100000,312.12,312.34,312.09,312.09,103.481462
1786203000000,312.34,312.34,312.02,312.02,101.199892
1786206600000,312.34,312.34,312.01,312.01,47.856444
1786208400000,312.34,312.34,312.34,312.34,69.932926
1786210200000,312.38,312.38,312.34,312.34,28.550436
1786226400000,312.34,312.34,312.34,312.34,4.747568
1786231800000,312.01,312.01,312.01,312.01,36.536371
1786239000000,312.34,312.38,312.34,312.38,24.990164
1786248900000,312.01,312.01,312.01,312.01,115.381298
1786249800000,312.38,312.39,312.38,312.39,249.938236
1786256100000,312.42,312.42,312.42,312.42,210.008724
1786257900000,312.42,313.92,312.42,313.92,3403.948005
1786258800000,313.38,313.38,312.93,313.07,1270.837564
1786260600000,313.18,313.18,313.18,313.18,41.997438
1786262400000,313.05,313.05,313.05,313.05,10.048905
1786263300000,313.18,313.25,313.18,313.25,199.988075
1786265100000,313.05,313.05,313.05,313.05,10.08021
1786267800000,313.05,313.05,313.05,313.05,95.29242
1786273200000,313.04,313.04,312.88,312.88,1661.43297
1786275900000,313.07,313.07,313.07,313.07,38.726759
1786291200000,312.9,312.9,312.9,312.9,22.5288
1786293000000,313.07,313.07,313.07,313.07,19.973866
1786296600000,313.07,313.07,313.07,313.07,19.973866
1786298400000,312.9,312.9,312.9,312.9,10.04409
1786300200000,313.07,313.07,313.07,313.07,27.800616
1786305600000,312.9,312.9,312.83,312.83,853.453188
1786312800000,313.06,313.06,313.06,313.06,20.568042
1786313700000,313.06,313.06,312.56,312.56,1592.693988
1786315500000,312.55,312.55,312.55,312.55,198.28172
1786318200000,312.66,312.66,312.66,312.66,61.969212
1786320000000,313.01,313.51,312.6,312.77,1383593.05
1786320900000,312.82,313.0,312.55,312.77,970863.43
1786321800000,312.74,313.1,312.67,312.74,391751.33
1786322700000,312.76,312.84,312.48,312.61,1392391.18
1786323600000,312.62,312.89,312.62,312.84,637179.83
1786324500000,312.81,313.13,312.81,313.05,733004.97
1786325400000,313.01,313.09,312.88,312.99,196233.05
1786326300000,313.06,313.31,312.99,313.16,245198.09
1786327200000,313.06,313.06,312.9,312.95,420054.76
1786328100000,312.95,313.13,312.95,313.1,177194.76
1786329000000,313.12,313.2,313.05,313.2,171261.29
1786329900000,313.13,313.15,313.04,313.06,93924.48
1786330800000,313.07,313.1,312.94,313.03,76372.38
1786331700000,313.04,313.05,312.99,313.01,108299.33
1786332600000,313.01,313.1,313.01,313.03,382248.11
1786333500000,313.06,313.13,313.05,313.07,49156.77
1786334400000,313.09,313.12,312.98,312.98,513669.04
1786335300000,312.98,313.08,312.98,313.06,537507.06
1786336200000,313.07,313.08,312.96,313.04,181546.51
1786337100000,313.03,313.1,313.0,313.07,103627.23
1786338000000,313.1,313.23,313.07,313.14,528976.69
1786338900000,313.2,313.39,313.2,313.38,382823.14
1786339800000,313.41,313.56,313.33,313.42,975906.96
1786340700000,313.41,313.5,313.29,313.49,324966.52
1786341600000,313.46,313.48,313.39,313.48,177726.69
1786342500000,313.48,313.48,313.27,313.38,519263.22
1786343400000,313.37,313.39,313.26,313.31,367195.28
1786344300000,313.28,313.31,313.24,313.24,152250.67
1786345200000,313.24,313.24,313.0,313.06,948610.27
1786346100000,313.06,313.07,312.9,313.07,1688607.68
1786347000000,313.07,313.24,313.02,313.22,268637.7
1786347900000,313.2,313.27,313.13,313.18,314133.43
1786348800000,313.12,313.273,312.875,313.12,16229274.75597478
1786349700000,313.01,313.37,312.875,313.1,4375327.06370208
1786350600000,313.135,313.37,313.135,313.145,1840285.62869668
1786351500000,313.145,313.199,313.125,313.195,908418.89133414
1786352400000,313.195,313.595,313.195,313.576,4710549.75899246
1786353300000,313.52,313.61,313.52,313.52,1181663.71958319
1786354200000,313.545,313.57,313.545,313.545,1371502.50569849
1786355100000,313.545,313.648,313.525,313.648,1002708.98366492
1786356000000,313.645,313.76,313.625,313.689,1950555.5908959461
1786356900000,313.66,313.7,313.635,313.66,767512.90999101
1786357800000,313.66,313.69,308.25,309.43,59490481.71690363
1786358700000,308.57,309.596,308.416,309.46,26964969.09343809
1786359600000,309.55,309.646,308.875,308.91,33424460.96895434
1786360500000,309.112,309.593,308.647,309.375,34990206.26596191
1786361400000,309.31,310.01,309.29,310.01,36769428.08909867
1786362300000,310.15,310.4,309.73,309.85,25023696.66614559
1786363200000,309.756,309.82,309.545,309.82,17533066.05240549
1786364100000,310.01,310.19,309.566,309.65,18624259.28007351
1786365000000,309.6,309.638,309.255,309.31,26541891.02545094
1786365900000,309.34,309.422,309.054,309.17,477310118.9982478
1786366800000,309.19,309.28,308.925,309.01,24433589.875124
1786367700000,309.16,309.264,305.25,306.35,120505210.5114558
1786368600000,306.73,307.43,304.63,305.88,1611506603.121991
1786369500000,305.865,307.38,305.68,306.99,791140110.1225672
1786370400000,306.99,307.41,305.96,306.51,582526874.6277733
1786371300000,306.54,307.46,306.3,306.86,450238385.3165286
1786372200000,306.935,307.21,306.46,306.733,373287964.92692673
1786373100000,306.745,307.2,306.225,307.131,438592517.522083
1786374000000,307.135,307.135,306.4,306.4,274026645.5266154
1786374900000,306.35,306.86,306.29,306.545,202867088.64914483
1786375800000,306.524,306.76,306.32,306.557,265048216.0242454
1786376700000,306.555,307.22,306.54,307.124,277204816.5287919
1786377600000,307.13,307.26,305.44,305.543,615023082.1486101
1786378500000,305.53,305.975,305.04,305.515,364451478.6761464
1786379400000,305.545,305.765,305.16,305.63,279284780.3662685
1786380300000,305.613,306.285,305.613,306.272,263376369.37986466
1786381200000,306.28,306.625,306.21,306.461,301022528.30282533
1786382100000,306.475,306.773,306.26,306.475,187496541.0488741
1786383000000,306.5,306.84,306.36,306.71,155223723.94213465
1786383900000,306.705,306.8,305.99,306.71,291534664.51648486
1786384800000,306.75,306.985,306.58,306.616,198948262.00165522
1786385700000,306.63,306.78,306.53,306.735,213187474.9594336
1786386600000,306.68,306.97,306.605,306.82,210004578.31625733
1786387500000,306.82,307.26,306.725,307.04,190721275.04270616
1786388400000,307.055,307.46,307.052,307.42,260476159.11654708
1786389300000,307.429,307.66,307.205,307.23,386048968.73309875
1786390200000,307.217,307.43,306.98,307.292,429768288.84015846
1786391100000,307.245,308.2,306.86,308.16,1043880156.0202209
1786392000000,307.89,308.211,307.0,307.0,2529154542.225416
1786392900000,307.542,307.574,307.435,307.435,6157373.06866502
1786393800000,307.435,307.555,307.375,307.475,92697789.98766129
1786394700000,307.475,307.475,307.305,307.38,4858884.0272144405
1786395600000,307.4,307.475,307.25,307.4,3557522.22911575
1786396500000,307.76,307.76,307.475,307.76,311741757.013064
1786397400000,307.71,307.809,307.705,307.71,2264944.98491303
1786398300000,307.71,307.826,307.68,307.805,2416372.78388861
1786399200000,307.98,307.991,307.801,307.99,4253897.55345807
1786400100000,307.85,307.85,307.725,307.815,3061320.38095119
1786401000000,307.815,307.815,307.62,307.659,1095635.90363067
1786401900000,307.659,307.76,307.656,307.71,756940.53836559
1786402800000,307.71,307.76,307.656,307.759,1164158.0083057082
1786403700000,307.61,307.76,307.605,307.61,966152.94040375
1786404600000,307.65,307.655,307.547,307.65,1446131.49579074
1786405500000,307.59,307.62,307.51,307.55,2942682.34830125
1786406400000,307.51,307.68,307.27,307.61,573192.17
1786407300000,307.59,307.78,307.49,307.68,267916.58
1786408200000,307.67,307.74,307.54,307.74,291952.83
1786409100000,307.72,307.81,307.69,307.74,419150.25
1786410000000,307.74,307.99,307.68,307.93,500210.52
1786410900000,307.93,307.95,307.8,307.9,466160.9
1786411800000,307.87,309.46,307.87,308.86,3116409.15
1786412700000,308.84,309.25,308.84,308.91,2408990.5
1786413600000,308.96,308.98,308.73,308.87,412001.64
1786414500000,308.89,308.89,308.79,308.89,346215.23
1786415400000,308.92,309.28,308.84,308.95,963470.88
1786416300000,308.99,309.06,308.8,308.8,546463.02
1786417200000,308.83,308.97,308.83,308.87,262866.55
1786418100000,308.87,309.07,308.87,308.99,615752.51
1786419000000,308.98,308.99,308.8,308.84,399675.69
1786419900000,308.86,309.04,308.75,308.97,348399.83
1786420800000,309.0,309.0,308.7,308.77,174199.41
1786421700000,308.75,308.9,308.75,308.89,290623.86
1786422600000,308.91,308.91,308.75,308.78,214324.88
1786423500000,308.76,308.99,308.76,308.9,779799.78
1786424400000,308.92,309.15,308.9,309.15,422052.72
1786425300000,309.13,309.14,308.91,308.95,185997.41
1786426200000,308.93,309.07,308.89,308.96,435662.87
1786427100000,308.98,309.17,308.89,308.99,405665.32
1786428000000,308.93,309.03,308.89,308.92,474238.92
1786428900000,308.97,308.97,308.69,308.72,647265.12
1786429800000,308.78,308.79,308.57,308.71,522233.36
1786430700000,308.71,308.71,308.54,308.65,628682.57
1786431600000,308.67,308.67,308.58,308.59,154005.79
1786432500000,308.59,308.85,308.44,308.73,1345228.74
1786433400000,308.72,308.77,308.54,308.68,1731018.33
1786434300000,308.63,308.67,308.52,308.54,293159.5
1786435200000,308.2,308.426,307.68,308.11,16390464.61047099
1786436100000,308.55,308.68,308.15,308.55,1803372.0423629
1786437000000,308.493,308.615,308.492,308.615,1843399.40356683
1786437900000,308.614,308.635,308.61,308.635,479040.04221306
1786438800000,308.635,308.885,308.635,308.744,1159726.42078277
1786439700000,308.74,308.925,308.74,308.74,1056346.80351247
1786440600000,308.925,308.935,308.796,308.885,1328965.80688885
1786441500000,308.885,308.9,308.8,308.849,1181607.50735237
1786442400000,308.849,309.105,308.716,309.097,2624477.229512
1786443300000,309.094,309.148,309.001,309.075,2125147.74050664
1786444200000,309.075,309.085,309.0,309.085,685860.25715926
1786445100000,309.085,309.085,308.97,308.97,3092602.4177743127
1786446000000,309.01,309.535,308.955,309.3,22287983.491536472
1786446900000,309.3,309.3,308.995,309.006,4145901.0646382
1786447800000,309.01,309.099,309.005,309.06,5702052.4166115
1786448700000,309.11,309.174,308.852,308.99,3207381.45579312
1786449600000,309.095,309.205,308.876,309.118,8486057.93007138
1786450500000,309.0,309.107,308.52,308.61,9242957.94752424
1786451400000,308.79,309.049,308.502,308.99,8827216.82562779
1786452300000,308.49,308.595,308.327,308.33,6265688.89268424
1786453200000,308.19,308.556,307.751,307.99,732051168.3406163
1786454100000,307.793,308.682,307.549,307.734,31596400.04219901
1786455000000,307.6,309.91,306.28,306.455,709842291.7644466
1786455900000,306.47,306.6,305.69,306.29,397880454.2326855
1786456800000,306.34,306.69,306.065,306.35,280840537.28379244
1786457700000,306.365,306.69,305.885,306.2,238196216.21335468
1786458600000,306.227,306.94,306.125,306.674,213126406.72093108
1786459500000,306.625,306.94,306.52,306.61,163840909.46504164
1786460400000,306.615,306.69,306.05,306.17,168630484.0749941
1786461300000,306.24,306.752,306.185,306.72,237090139.99251744
1786462200000,306.706,307.36,306.49,307.229,234770712.61783934
1786463100000,307.22,307.6,307.01,307.23,218007166.8390595
1786464000000,307.24,307.37,306.66,306.805,212268306.18985307
1786464900000,306.855,307.12,306.455,306.565,191449415.2580784
1786465800000,306.565,306.585,305.805,305.86,237218803.91961142
1786466700000,305.86,306.37,305.7,306.237,236094864.3510329
1786467600000,306.24,306.305,305.955,305.992,186961859.64230436
1786468500000,306.01,306.305,305.985,306.195,128791185.84853898
1786469400000,306.17,306.51,306.15,306.41,169547681.31758836
1786470300000,306.41,306.51,305.8,306.035,228066642.56325266
1786471200000,306.028,306.028,304.8,304.958,490449126.88768405
1786472100000,304.96,304.99,302.85,303.282,683809725.3249056
1786473000000,303.285,303.79,302.98,303.49,411044336.42718613
1786473900000,303.475,304.58,303.14,304.35,257258607.61169645
1786474800000,304.335,304.79,304.01,304.73,257330393.88053355
1786475700000,304.755,305.2,304.745,305.172,321854144.7925217
1786476600000,305.09,305.285,304.38,304.573,399681381.84652454
1786477500000,304.61,305.09,303.96,304.875,1069556099.4375963
1786478400000,304.89,304.971,304.451,304.92,2432201457.641161
1786479300000,305.0,305.125,304.875,305.09,18574797.23263029
1786480200000,305.09,305.125,304.985,305.09,3856127.68079526
1786481100000,305.05,305.05,304.85,304.946,5813132.441918494
1786482000000,304.944,305.065,304.939,305.055,2563752.08958937
1786482900000,304.96,305.055,304.83,304.96,270002503.9720653
1786483800000,304.97,305.05,304.888,305.05,2334223.28805936
1786484700000,305.01,305.01,304.957,304.957,1371301.34231922
1786485600000,304.957,304.965,304.925,304.955,1716421.40243703
1786486500000,304.97,304.975,304.955,304.97,880303.76132489
1786487400000,304.975,304.984,304.955,304.955,1883296.08222053
1786488300000,305.05,305.075,304.955,305.05,1442776.68541
1786489200000,305.05,305.065,304.965,305.04,19370542.451152742
1786490100000,304.99,305.04,304.99,304.99,992566.69652609
1786491000000,305.05,305.05,305.015,305.05,2101678.75780535
1786491900000,305.01,305.084,304.99,304.99,4919607.02656289
1786492800000,305.06,305.16,304.85,304.91,692989.05
1786493700000,304.88,305.16,304.84,305.01,309935.13
1786494600000,305.01,305.02,304.85,304.93,603724.38
1786495500000,304.93,305.04,304.92,305.0,412655.82
1786496400000,304.98,305.03,304.96,304.99,211975.09
1786497300000,304.99,305.11,304.97,305.1,445084.99
1786498200000,305.11,305.15,305.07,305.09,486038.93
1786499100000,305.1,305.14,304.99,304.99,391101.58
1786500000000,305.04,305.08,304.96,305.01,495949.39
1786500900000,304.99,305.08,304.99,305.08,180591.74
1786501800000,305.08,305.14,304.72,304.85,1867280.41
1786502700000,304.85,305.0,304.85,304.99,192411.43
1786503600000,304.99,305.08,304.89,305.05,678013.42
1786504500000,305.05,305.05,304.76,304.94,496921.48
1786505400000,304.93,304.98,304.89,304.9,170765.66
1786506300000,304.9,305.01,304.82,304.83,329893.63
1786507200000,304.84,304.9,304.73,304.88,375216.37
1786508100000,304.9,304.93,304.78,304.79,317931.15
1786509000000,304.81,304.87,304.71,304.84,315793.37
1786509900000,304.84,304.95,304.84,304.9,221675.49
1786510800000,304.91,305.01,304.85,304.97,382405.23
1786511700000,304.97,305.0,304.77,304.9,1401892.15
1786512600000,304.94,305.07,304.94,304.99,321178.9
1786513500000,304.99,305.14,304.98,305.06,489348.35
1786514400000,305.05,305.13,305.03,305.09,192813.26
1786515300000,305.04,305.12,304.88,304.99,646244.18
1786516200000,304.96,305.18,304.96,305.06,523551.71
1786517100000,305.05,305.15,305.02,305.07,217526.49
1786518000000,305.09,305.09,304.93,305.07,321809.7
1786518900000,305.07,305.08,304.97,305.07,534362.81
1786519800000,305.06,305.06,304.96,305.0,171728.35
1786520700000,304.98,305.03,304.79,304.79,407059.53
1786521600000,305.085,305.085,304.466,304.64,15140701.97348971
1786522500000,304.64,304.64,304.43,304.44,2465384.15887827
1786523400000,304.44,304.49,304.39,304.4,1374576.4559164
1786524300000,304.4,304.545,304.285,304.5,1487114.088844
1786525200000,304.505,304.6,304.44,304.445,2271630.35030032
1786526100000,304.99,305.06,304.425,304.99,3544617.45931993
1786527000000,304.94,305.02,304.735,304.94,2584533.50324725
1786527900000,304.86,304.901,304.682,304.83,1367188.97906394
1786528800000,304.98,304.98,304.71,304.98,1234731.47543649
1786529700000,305.13,305.2,304.972,305.13,1653457.13934126
1786530600000,305.04,305.159,304.796,304.91,1376477.91244776
1786531500000,304.85,304.85,304.656,304.661,2532408.65723823
1786532400000,304.88,304.925,304.505,304.88,5751961.61785753
1786533300000,304.837,305.0,304.641,304.732,1713031.62028868
1786534200000,304.731,304.8,304.691,304.796,8633350.01568684
1786535100000,304.65,304.8,304.41,304.41,401076973.6673466
1786536000000,304.93,304.94,304.554,304.76,10848698.24046504
1786536900000,304.51,304.84,304.436,304.51,9321747.4362283
1786537800000,304.66,304.947,303.865,304.34,34501110.50131484
1786538700000,303.915,304.215,303.819,303.974,284294214.9397455
1786539600000,303.975,304.346,303.96,304.175,19264393.079899084
1786540500000,304.0,305.14,303.852,304.99,40338248.0850096
1786541400000,305.085,305.62,302.2,303.4,736922802.1761526
1786542300000,303.35,303.61,302.59,303.36,424867720.8085676
1786543200000,303.385,304.31,302.27,302.49,522729824.75173205
1786544100000,302.469,302.79,302.3,302.35,362161920.5472904
1786545000000,302.355,302.94,302.32,302.924,260016492.71766126
1786545900000,302.93,303.19,302.06,302.47,421532940.1004315
1786546800000,302.41,302.82,301.57,301.72,324812337.7924006
1786547700000,301.69,301.74,301.03,301.08,383402615.8585403
1786548600000,301.094,301.29,300.575,300.858,423330405.3345409
1786549500000,300.853,301.25,300.625,301.217,257372082.28163743
1786550400000,301.17,301.81,301.01,301.74,286526955.7035052
1786551300000,301.77,301.771,301.285,301.5,200676786.03053927
1786552200000,301.48,301.91,301.415,301.868,267643134.798579
1786553100000,301.874,302.24,301.635,302.179,278620939.35093874
1786554000000,302.179,302.51,302.05,302.447,183354422.3440827
1786554900000,302.4,302.5,302.08,302.175,193062158.1292137
1786555800000,302.16,302.29,301.745,301.785,214943344.03533602
1786556700000,301.79,301.791,301.28,301.5,267715015.30143312
1786557600000,301.516,301.78,301.505,301.567,277533823.11842465
1786558500000,301.566,301.57,301.06,301.138,312268998.87855715
1786559400000,301.11,301.535,301.04,301.43,409681068.149209
1786560300000,301.45,302.015,301.345,301.415,412561930.9550507
1786561200000,301.42,301.595,301.195,301.287,307484375.3740035
1786562100000,301.285,301.7,301.16,301.695,351393576.4361166
1786563000000,301.68,302.01,301.0,301.567,691888682.0635915
1786563900000,301.62,302.22,301.15,302.2,1104302615.5264037
1786564800000,302.06,302.27,301.895,301.98,2041332407.1990695
1786565700000,301.9,302.06,301.746,302.06,8363313.03696004
1786566600000,302.06,302.205,301.975,302.06,310143590.67445076
1786567500000,302.148,302.175,301.75,302.0,8324171.364502969
1786568400000,302.0,302.133,302.0,302.06,514722958.8370463
1786569300000,302.21,302.21,302.06,302.21,7215590.92642294
1786570200000,302.16,302.252,302.082,302.082,6183253.35292882
1786571100000,302.02,302.073,301.865,302.02,3509691.7070046
1786572000000,302.055,302.055,301.8,301.873,3187650.935948471
1786572900000,301.874,301.956,301.816,301.855,301306301.68413585
1786573800000,301.855,301.855,301.625,301.65,3448680.74801281
1786574700000,301.68,301.68,301.65,301.68,2667100.83511677
1786575600000,301.68,301.8,301.585,301.625,2021875.85081259
1786576500000,301.67,301.7,301.505,301.61,3862143.08214854
1786577400000,301.526,301.63,301.4,301.475,3111662.33464742
1786578300000,301.36,301.825,301.318,301.36,6090398.95009759
1786579200000,301.5,301.77,301.38,301.77,1118977.22
1786580100000,301.7,301.91,301.67,301.77,1028007.69
1786581000000,301.75,301.93,301.71,301.93,526657.46
1786581900000,301.88,301.89,301.72,301.73,210968.61
1786582800000,301.74,301.91,301.65,301.91,678312.61
1786583700000,301.91,302.05,301.84,302.04,463806.9
1786584600000,302.06,302.13,302.03,302.05,264023.52
1786585500000,302.06,302.19,302.02,302.17,568560.75
1786586400000,302.15,302.28,302.09,302.28,357495.82
1786587300000,302.25,302.28,302.09,302.09,415785.87
1786588200000,302.1,302.24,302.03,302.2,165878.54
1786589100000,302.21,302.21,302.08,302.08,405768.91
1786590000000,302.09,302.16,302.05,302.13,117213.39
1786590900000,302.13,302.24,301.99,302.24,402987.09
1786591800000,302.24,302.37,302.17,302.17,886690.01
1786592700000,302.24,302.24,302.16,302.18,139313.1
1786593600000,302.18,302.21,301.98,302.14,832851.2
1786594500000,302.14,302.21,302.07,302.17,313923.5
1786595400000,302.21,302.4,302.17,302.38,365193.52
1786596300000,302.37,302.46,302.26,302.26,479285.94
1786597200000,302.26,302.42,302.26,302.37,805778.44
1786598100000,302.37,302.62,302.37,302.59,1235907.84
1786599000000,302.58,302.68,302.47,302.67,739237.32
1786599900000,302.66,302.66,302.55,302.57,438460.19
1786600800000,302.57,302.63,302.43,302.56,972547.4
1786601700000,302.62,302.72,302.61,302.65,486709.26
1786602600000,302.65,302.65,302.45,302.48,1112585.25
1786603500000,302.5,302.5,302.24,302.49,813684.56
1786604400000,302.53,302.63,302.36,302.58,451338.53
1786605300000,302.65,303.32,302.63,303.12,3927876.14
1786606200000,303.1,303.39,302.99,303.26,1808713.32
1786607100000,303.27,303.38,303.16,303.19,689239.77
1786608000000,303.21,303.638,301.399,303.54,30765549.94158254
1786608900000,303.46,303.505,303.261,303.4,5080903.23512744
1786609800000,303.42,303.42,303.245,303.278,3314280.25657783
1786610700000,303.279,303.515,303.26,303.34,4769467.881889055
1786611600000,303.15,303.34,303.053,303.11,3145996.60107979
1786612500000,303.19,303.385,303.19,303.19,3831979.41411444
1786613400000,303.49,303.56,303.385,303.49,2896185.28138733
1786614300000,303.51,303.649,303.45,303.51,3009303.55109129
1786615200000,303.49,303.53,303.31,303.49,2191687.27979388
1786616100000,303.445,303.66,303.445,303.575,1465028.49555648
1786617000000,303.582,303.695,303.582,303.685,2036392.56909813
1786617900000,303.685,303.685,303.385,303.386,1640919.86902808
1786618800000,303.376,303.376,302.951,303.074,12302178.250885658
1786619700000,303.19,303.22,303.05,303.08,6421367.06878422
1786620600000,303.121,303.2,303.016,303.04,4132319.24711684
1786621500000,303.05,303.255,303.03,303.14,6897297.67694731
1786622400000,303.24,303.29,303.114,303.24,6222036.07509006
1786623300000,303.265,303.425,303.144,303.393,7488177.077949999
1786624200000,303.1,303.394,303.055,303.1,6392872.19828091
1786625100000,303.29,303.35,303.131,303.3,8536444.28806989
1786626000000,303.26,303.3,303.105,303.21,837553162.5686523
1786626900000,303.36,304.52,303.23,304.03,64387561.81750619
1786627800000,304.205,304.75,302.06,303.431,373208974.2201883
1786628700000,303.475,304.625,302.9,304.6,478143931.08010787
1786629600000,304.54,305.44,304.18,305.44,559197170.9992198
1786630500000,305.5,305.95,304.18,305.65,462610979.66131437
1786631400000,305.635,306.0,304.855,304.992,410702729.2683377
1786632300000,304.99,305.155,304.54,305.122,305111252.64944375
1786633200000,305.105,305.18,304.08,304.225,297779443.0202112
1786634100000,304.24,304.345,303.54,303.75,332149149.554335
1786635000000,303.73,303.99,302.95,303.46,291928717.8182777
1786635900000,303.461,303.53,302.77,302.811,182339435.50066283
1786636800000,302.795,303.42,302.585,303.398,244796153.22689784
1786637700000,303.43,303.855,303.26,303.435,184476447.0880809
1786638600000,303.42,303.461,303.06,303.22,165168232.66417432
1786639500000,303.235,303.76,303.01,303.01,193416651.23004237
1786640400000,303.037,303.18,302.84,303.048,187001981.70782673
1786641300000,303.08,303.39,302.955,303.328,175106503.9819246
1786642200000,303.35,303.8,303.08,303.565,187441707.81905857
1786643100000,303.56,303.91,303.39,303.42,115055158.02607203
1786644000000,303.45,303.49,302.94,303.46,178369304.17124465
1786644900000,303.435,303.52,303.225,303.305,143311976.70404577
1786645800000,303.33,303.945,303.16,303.81,293439973.07717746
1786646700000,303.79,303.85,303.155,303.185,223080263.93951198
1786647600000,303.19,303.65,303.045,303.485,259108544.690963
1786648500000,303.49,304.615,303.46,304.39,379721990.0157538
1786649400000,304.401,304.64,303.985,304.097,426214361.67325795
1786650300000,304.065,305.305,304.02,305.295,790475559.476989
1786651200000,305.04,305.278,304.875,304.95,2488121501.131768
1786652100000,304.9,304.99,304.6,304.83,274967614.5979877
1786653000000,304.67,304.715,304.514,304.6,16992861.03758266
1786653900000,304.527,304.804,304.521,304.751,20044277.24942781
1786654800000,304.751,304.918,304.72,304.918,6598056.541797445
1786655700000,304.76,305.03,304.726,304.75,230032991.6329178
1786656600000,304.86,304.93,304.76,304.93,2099317.40625689
1786657500000,304.93,304.93,304.8,304.915,1547987.67515829
1786658400000,304.91,305.017,304.825,304.91,6692023.8159991
1786659300000,304.845,305.0,304.84,304.845,1876153.0165911461
1786660200000,304.845,305.044,304.845,304.85,1119977.40816315
1786661100000,304.85,304.96,304.85,304.95,1677100.64918528
1786662000000,304.97,304.97,304.925,304.97,858622.17400596
1786662900000,304.87,304.95,304.87,304.87,1342320.28080733
1786663800000,304.85,304.9,304.837,304.85,1737559.02692622
1786664700000,304.855,304.875,304.65,304.65,1834649.31928935
1786665600000,304.87,305.0,304.58,304.68,472290.58
1786666500000,304.68,304.76,304.54,304.64,235817.75
1786667400000,304.61,304.72,304.51,304.6,223890.7
1786668300000,304.6,304.71,304.49,304.57,305155.2
1786669200000,304.59,304.66,304.45,304.66,445814.77
1786670100000,304.68,304.83,304.6,304.71,300162.46
1786671000000,304.72,304.79,304.61,304.73,305957.7
1786671900000,304.74,304.78,304.64,304.75,193174.05
1786672800000,304.74,304.77,304.63,304.65,252928.93
1786673700000,304.66,304.7,304.57,304.68,398165.02
1786674600000,304.68,304.71,304.62,304.7,163611.95
1786675500000,304.7,304.9,304.69,304.9,360602.4
1786676400000,304.9,304.96,304.59,304.59,586013.6
1786677300000,304.61,304.73,304.58,304.58,346109.12
1786678200000,304.68,304.7,304.6,304.67,41127.83
1786679100000,304.71,304.76,304.63,304.74,97196.29
1786680000000,304.73,304.96,304.69,304.94,164014.08
1786680900000,304.86,304.93,304.74,304.87,388675.58
1786681800000,304.89,305.01,304.86,305.01,555024.17
1786682700000,305.05,305.48,305.05,305.41,660215.89
1786683600000,305.39,305.49,305.31,305.49,585150.71
1786684500000,305.48,305.89,305.48,305.63,874116.59
1786685400000,305.66,305.92,305.64,305.92,700260.6
1786686300000,305.9,305.93,305.81,305.89,370122.54
1786687200000,305.91,305.97,305.75,305.83,826495.75
1786688100000,305.83,305.86,305.54,305.64,507138.37
1786689000000,305.64,305.64,305.49,305.52,245995.99
1786689900000,305.51,305.84,305.51,305.78,552409.06
1786690800000,305.81,305.81,305.59,305.74,406251.58
1786691700000,305.74,305.74,305.4,305.42,422354.56
1786692600000,305.42,305.54,305.4,305.54,513482.37
1786693500000,305.53,305.53,305.41,305.47,536430.53
1786694400000,304.784,305.48,304.784,305.373,23476753.81866168
1786695300000,305.58,305.58,305.374,305.58,758765.38312313
1786696200000,305.375,305.772,305.375,305.49,1105181.000798675
1786697100000,305.49,305.825,305.49,305.752,990529.80785554
1786698000000,305.751,305.82,305.75,305.771,788239.23955086
1786698900000,305.73,305.784,305.531,305.73,1477583.45590841
1786699800000,305.531,305.6,305.515,305.56,1138498.41665618
1786700700000,305.56,305.65,305.505,305.605,1683498.11362651
1786701600000,305.43,305.605,305.15,305.43,3049183.28272809
1786702500000,305.21,305.514,305.21,305.23,1195646.64909537
1786703400000,305.23,305.274,305.07,305.07,1572893.83758744
1786704300000,305.07,305.175,305.0,305.08,5051380.661649956
1786705200000,304.82,305.08,304.746,304.88,5428489.89271714
1786706100000,304.79,304.97,304.765,304.79,3361258.42789012
1786707000000,305.27,305.39,304.945,305.31,17414075.72757526
1786707900000,305.174,305.405,305.06,305.405,266840361.20192236
1786708800000,305.405,305.57,305.328,305.38,186463251.94611856
1786709700000,305.46,305.608,305.355,305.52,3801567.8939243
1786710600000,305.36,305.628,305.26,305.26,8529350.42831854
1786711500000,305.445,305.53,305.42,305.529,20901397.53537319
1786712400000,305.3,305.516,305.04,305.13,11798213.28331661
1786713300000,305.144,305.799,304.99,305.799,24064095.391776
1786714200000,305.94,307.46,305.595,306.25,688587656.7166576
1786715100000,306.24,307.02,305.74,306.11,332699306.4440783
1786716000000,306.12,306.32,305.665,305.735,237011729.90671125
1786716900000,305.725,305.91,304.77,305.01,357948135.02914625
1786717800000,305.012,305.175,304.67,304.936,250584537.55212802
1786718700000,304.92,305.41,304.85,305.175,184643485.6739526
1786719600000,305.18,305.26,304.31,304.74,211140349.91200823
1786720500000,304.73,305.95,304.708,305.57,245230132.50535837
1786721400000,305.551,305.9,305.425,305.75,180946290.9061348
1786722300000,305.745,305.84,305.54,305.676,141588228.4070865
1786723200000,305.635,305.71,305.21,305.28,111830558.0873001
1786724100000,305.27,305.46,304.99,305.455,131461030.26966415
1786725000000,305.445,305.49,305.17,305.31,110793779.20940007
1786725900000,305.331,305.5,305.135,305.438,328508266.20476425
1786726800000,305.438,305.56,305.28,305.476,116656077.72068042
1786727700000,305.53,305.53,305.095,305.21,92768591.89891145
1786728600000,305.21,305.53,305.05,305.39,128397978.94379947
1786729500000,305.4,306.16,305.397,306.03,205686133.14342788
1786730400000,306.045,306.15,305.59,306.122,514615025.52934885
1786731300000,306.123,306.24,305.905,305.98,167288410.0835603
1786732200000,306.005,306.175,305.65,305.71,142021041.39196712
1786733100000,305.72,305.88,305.57,305.58,146687872.88899076
1786734000000,305.58,305.7,305.275,305.46,152700152.07249656
1786734900000,305.474,306.032,305.45,305.97,188572477.4247909
1786735800000,305.93,305.98,305.51,305.602,317307200.0696128
1786736700000,305.575,306.04,305.54,305.93,593242209.3702377
1786737600000,305.8,305.936,305.665,305.79,2387446383.868042
1786738500000,305.78,305.87,305.736,305.78,4085618.53790298
1786739400000,305.735,305.91,305.7,305.803,5734334.25620601
1786740300000,305.802,305.85,305.775,305.775,40621816.829222344
1786741200000,305.8,305.8,305.755,305.8,1221437.39932289
1786742100000,305.775,305.802,305.67,305.67,3453495.67402011
1786743000000,305.67,305.778,305.67,305.76,1684052.79219213
1786743900000,305.73,305.77,305.715,305.76,3046697.79680865
1786744800000,305.73,305.77,305.72,305.73,852701.83487998
1786745700000,305.7,305.735,305.625,305.7,2768419.86606037
1786746600000,305.6,305.755,305.6,305.6,1867766.34068827
1786747500000,305.755,305.755,305.656,305.675,1032713.64708547
1786748400000,305.675,305.685,305.675,305.676,1948969.0255069658
1786749300000,305.71,305.773,305.675,305.71,2385322.37985082
1786750200000,305.75,305.755,305.725,305.75,1394765.00040033
1786751100000,305.749,305.795,305.735,305.787,2160347.27693422
1786752000000,305.786,305.786,305.782,305.782,54.889109
1786752900000,306.13,306.13,305.87,305.87,77.949309
1786753800000,306.13,306.13,306.13,306.13,32.878362
1786754700000,306.13,306.14,306.07,306.14,73.710948
1786755600000,306.14,306.14,306.14,306.14,21.919624
1786756500000,306.14,306.14,306.14,306.14,10.959812
1786757400000,306.14,306.14,306.14,306.14,21.919624
1786765500000,306.14,306.14,306.14,306.14,99.985324
1786768200000,306.15,306.15,306.07,306.07,72.11991
1786769100000,306.17,306.17,306.17,306.17,6.337719
1786770900000,306.07,306.07,305.99,305.99,41.984364
1786771800000,305.99,305.99,305.97,305.97,10.005589
1786773600000,305.97,305.97,305.97,305.97,10.005219
1786783500000,305.97,305.97,305.42,305.42,119.80556
1786789800000,306.39,306.39,306.39,306.39,4.59585
1786795200000,306.39,306.39,306.39,306.39,4.90224
1786796100000,306.39,306.39,306.39,306.39,4.59585
1786797000000,306.07,306.07,306.07,306.07,10.008489
1786798800000,306.07,306.07,305.97,305.97,129.051277
1786799700000,305.95,305.95,305.93,305.93,39.160364
1786800600000,306.02,306.08,306.02,306.08,26.99229
1786806000000,305.93,305.93,305.42,305.42,860.59376
1786806900000,305.42,305.42,304.74,304.74,1446.678714
1786807800000,304.68,304.75,304.66,304.75,99.878601
1786808700000,304.64,304.75,304.64,304.75,79.773661
1786809600000,304.58,304.95,304.58,304.95,305.126017
1786810500000,304.66,305.0,304.6,304.6,191.726614
1786811400000,304.77,304.92,304.55,304.69,273.886487
1786812300000,304.92,304.96,304.92,304.96,37.50698
1786813200000,304.65,304.83,304.65,304.83,54.792252
1786814100000,304.59,304.96,304.59,304.96,54.759116
1786815000000,304.9,304.9,304.68,304.9,89.85746
1786815900000,304.73,304.88,304.73,304.88,54.773466
1786816800000,304.66,304.88,304.66,304.88,54.797646
1786817700000,304.58,304.96,304.58,304.96,54.73426
1786818600000,304.72,304.91,304.72,304.91,54.775265
1786819500000,304.67,304.84,304.67,304.84,54.794949
1786820400000,304.77,304.97,304.77,304.97,54.775035
1786821300000,304.74,304.97,304.74,304.97,54.812929
1786822200000,304.75,304.97,304.75,304.97,54.783353
1786823100000,304.73,305.0,304.66,305.0,104.966734
1786824000000,304.66,304.71,304.66,304.71,54.721431
1786824900000,304.67,304.95,304.67,304.95,54.804838
1786825800000,304.7,305.0,304.7,305.0,54.77849
1786826700000,304.58,304.82,304.58,304.82,54.78506
1786827600000,304.66,304.83,304.56,304.83,91.64777
1786828500000,304.59,304.71,304.59,304.71,54.77607
1786829400000,304.54,304.71,304.54,304.71,54.771575
1786830300000,304.63,304.78,304.63,304.78,54.754019
1786831200000,304.51,304.78,304.51,304.78,85.330563
1786832100000,304.48,304.95,304.48,304.95,54.719929
1786833000000,304.64,304.8,304.64,304.8,54.758192
1786833900000,304.62,304.8,304.62,304.8,54.756396
1786834800000,304.64,304.9,304.64,304.9,54.795496
1786835700000,304.55,304.84,304.55,304.84,54.723222
1786836600000,304.58,304.95,304.58,304.95,54.760899
1786837500000,304.55,304.97,304.55,304.97,54.765351
1786838400000,304.66,304.92,304.66,304.92,54.709818
1786839300000,304.5,304.73,304.5,304.73,54.736155
1786840200000,304.42,304.78,304.42,304.78,54.723759
1786841100000,304.62,304.85,304.62,304.85,54.789838
1786842000000,304.46,304.85,304.46,304.85,54.716038
1786842900000,304.45,304.87,304.45,304.87,54.716936
1786843800000,304.55,304.85,304.55,304.85,54.692723
1786844700000,304.58,304.85,304.58,304.85,54.757299
1786845600000,304.51,304.85,304.5,304.5,191.62298
1786846500000,304.72,304.72,304.72,304.72,27.394328
1786847400000,304.55,304.91,304.43,304.55,276.009914
1786848300000,304.78,304.78,304.41,304.71,88.482623
1786849200000,304.56,304.79,304.44,304.75,311.257804
1786850100000,304.58,304.67,304.48,304.67,109.501914
1786851000000,304.4,304.74,304.4,304.74,50.15349
1786851900000,304.73,304.88,304.73,304.88,92.19431
1786852800000,304.88,307.1,304.88,306.91,3849.479453
1786859100000,306.91,306.91,306.81,306.81,371.514657
1786866300000,306.99,307.12,306.94,306.94,473.883808
1786867200000,307.12,307.13,307.12,307.13,306.974065
1786869000000,307.15,307.15,307.15,307.15,230.147495
1786871700000,307.17,307.17,307.17,307.17,99.983835
1786872600000,306.94,306.94,306.94,306.94,195.858414
1786873500000,307.2,307.2,307.2,307.2,19.99872
1786878000000,307.2,307.2,307.2,307.2,26.97216
1786878900000,307.2,307.2,306.92,306.92,109.898162
1786881600000,306.91,306.91,306.91,306.91,26.916007
1786885200000,306.91,306.91,306.91,306.91,18.690819
1786887000000,307.21,307.21,307.21,307.21,43.040121
1786889700000,307.21,307.21,307.21,307.21,204.60186
1786893300000,307.13,307.26,306.91,306.91,694.967536
1786894200000,306.91,306.91,306.91,306.91,10.250794
1786895100000,307.13,307.13,307.13,307.13,24.969669
1786896000000,307.15,307.15,306.75,306.75,1974.943591
1786901400000,307.26,307.26,307.26,307.26,24.980238
1786902300000,307.28,307.38,307.04,307.17,3353.726063
1786904100000,307.24,307.24,307.24,307.24,39.9412
1786905900000,307.13,307.13,307.13,307.13,10.13529
1786910400000,307.13,307.36,307.13,307.36,46.12273
1786911300000,307.41,307.41,307.41,307.41,11.005278
1786913100000,307.35,307.35,307.13,307.13,82.301643
1786914000000,306.96,306.96,306.96,306.96,10.12968
1786923000000,307.02,307.02,306.96,306.96,118.060722
1786924800000,305.45,305.58,305.11,305.47,2158161.94
1786925700000,305.45,305.85,305.31,305.31,842860.45
1786926600000,305.35,305.46,305.23,305.4,482421.04
1786927500000,305.4,305.46,305.26,305.46,495568.9
1786928400000,305.44,305.55,305.4,305.42,352264.45
1786929300000,305.42,305.43,305.29,305.43,182597.36
1786930200000,305.39,305.79,305.21,305.33,1630234.4
1786931100000,305.37,305.52,305.36,305.46,388816.85
1786932000000,305.49,305.58,305.23,305.48,455071.22
1786932900000,305.5,305.54,305.38,305.49,247746.4
1786933800000,305.48,305.61,305.36,305.36,445157.15
1786934700000,305.35,305.41,305.12,305.26,935459.98
1786935600000,305.27,305.49,305.19,305.28,598615.22
1786936500000,305.29,305.41,305.22,305.25,178603.58
1786937400000,305.26,305.49,305.23,305.49,532365.51
1786938300000,305.49,305.65,305.47,305.51,405750.37
1786939200000,305.52,305.6,305.45,305.51,275877.23
1786940100000,305.52,305.53,305.37,305.44,301174.84
1786941000000,305.44,305.47,305.36,305.4,215012.25
1786941900000,305.44,305.46,305.19,305.23,879240.44
1786942800000,305.25,305.46,305.23,305.44,308698.96
1786943700000,305.44,306.18,305.32,306.05,1128581.04
1786944600000,306.05,307.26,306.04,307.19,4127739.74
1786945500000,307.17,307.39,307.09,307.19,2342550.83
1786946400000,307.09,307.3,306.81,306.97,1267849.72
1786947300000,306.96,306.96,306.65,306.82,1048846.39
1786948200000,306.86,307.08,306.77,306.9,1431270.58
1786949100000,306.91,307.15,306.82,307.12,2602481.87
1786950000000,307.13,307.34,307.07,307.33,2458705.34
1786950900000,307.18,307.33,307.06,307.23,1079434.67
1786951800000,307.24,307.46,307.22,307.35,838018.43
1786952700000,307.35,307.35,307.13,307.15,246738.06
1786953600000,306.98,307.0,304.672,306.51,39231453.7850143
1786954500000,306.87,307.149,306.87,307.1,5355723.88963379
1786955400000,307.1,307.245,306.97,307.015,7130650.8543685
1786956300000,307.0,307.04,306.91,307.0,3174081.62933196
1786957200000,307.04,307.218,307.04,307.099,1773439.75389386
1786958100000,307.103,307.23,307.04,307.04,2249752.07361842
1786959000000,307.036,307.12,307.02,307.12,1286290.72563683
1786959900000,307.0,307.12,306.9,307.0,1840269.22916202
1786960800000,306.9,306.9,306.535,306.65,4395847.59171881
1786961700000,306.68,306.702,306.455,306.69,4246713.42293279
1786962600000,306.57,306.71,306.53,306.64,2338861.53111264
1786963500000,306.65,306.73,306.63,306.65,3962609.12305499
1786964400000,306.74,306.99,306.62,306.99,10915433.65024887
1786965300000,306.79,307.055,306.7,307.0,669482434.3543031
1786966200000,306.829,307.451,306.829,307.451,16606172.496819682
1786967100000,307.44,307.47,307.064,307.44,5671577.46942396
1786968000000,307.28,307.51,307.19,307.4,10013842.5476797
1786968900000,307.56,307.56,307.05,307.05,6913714.93299693
1786969800000,307.03,307.085,306.6,306.63,8491577.70193923
1786970700000,306.655,306.655,306.272,306.473,9749729.39801075
1786971600000,306.39,306.54,306.375,306.54,5417223.99888164
1786972500000,306.52,306.829,305.806,305.93,16603343.3722555
1786973400000,306.2,307.6,304.05,305.16,731045771.4922504
1786974300000,305.12,306.32,305.12,305.41,391452188.82093126
1786975200000,305.404,305.55,304.64,304.922,303524712.8972869
1786976100000,304.92,305.09,304.455,304.5,236525375.09745526
1786977000000,304.43,304.82,304.13,304.57,294696637.56651235
1786977900000,304.58,304.72,303.65,304.15,372810502.20390725
1786978800000,304.122,304.74,303.79,304.569,450326245.4978739
1786979700000,304.655,304.9,304.435,304.53,258280389.52603567
1786980600000,304.52,304.59,303.3,303.3,304973389.20307195
1786981500000,303.29,303.509,303.055,303.19,212327181.8995618
1786982400000,303.186,303.56,303.07,303.547,259746087.71684283
1786983300000,303.55,303.8,303.415,303.558,205814516.15337643
1786984200000,303.558,304.045,303.558,303.766,200929774.06006894
1786985100000,303.76,303.84,302.93,303.03,241244365.14425296
1786986000000,303.02,303.93,303.02,303.88,191046763.26632556
1786986900000,303.86,304.425,303.82,304.404,231829726.96669617
1786987800000,304.409,304.645,304.11,304.55,196524253.56667125
1786988700000,304.51,304.64,304.16,304.31,121725704.79644182
1786989600000,304.3,304.67,303.99,304.6,173584208.0050977
1786990500000,304.582,304.94,304.57,304.685,394450831.4754143
1786991400000,304.687,305.52,304.687,305.479,243796200.20573795
1786992300000,305.51,305.99,305.42,305.655,352463472.79404944
1786993200000,305.685,305.965,305.6,305.81,164279899.5981121
1786994100000,305.79,306.15,305.64,306.14,234890596.93253684
1786995000000,306.15,306.33,305.53,305.65,256310510.92189917
1786995900000,305.64,305.77,305.04,305.649,1000049744.3157681
1786996800000,305.61,305.661,305.2,305.26,3084374741.5997486
1786997700000,305.3,305.3,305.078,305.12,282624678.0747058
1786998600000,305.2,305.2,305.1,305.2,6520818.13738016
1786999500000,305.2,305.4,305.165,305.39,7188860.36639234
1787000400000,305.31,305.31,305.232,305.249,1787628.7009471324
1787001300000,305.251,305.319,305.19,305.215,2064410.7976785826
1787002200000,305.215,305.234,305.215,305.23,165866888.15957904
1787003100000,305.23,305.23,305.152,305.152,1305663.00558842
1787004000000,305.19,305.24,304.921,305.0,9235717.8050217
1787004900000,304.921,305.013,304.899,304.944,1910813.87609144
1787005800000,304.945,304.945,304.816,304.824,1538287.60194218
1787006700000,304.825,304.998,304.82,304.875,1009535.75072513
1787007600000,304.875,305.05,304.875,305.05,822659.15649091
1787008500000,305.051,305.1,304.99,304.99,761097.73519685
1787009400000,304.99,305.109,304.941,305.001,2336334.1148403003
1787010300000,305.09,305.159,305.0,305.08,2231640.8246166
1787011200000,305.67,305.67,305.07,305.23,499945.41
1787012100000,305.22,305.29,305.16,305.24,164211.53
1787013000000,305.26,305.36,305.16,305.18,489333.48
1787013900000,305.18,305.24,305.13,305.18,297550.55
1787014800000,305.21,305.23,305.13,305.16,158997.67
1787015700000,305.18,305.37,305.18,305.3,324188.89
1787016600000,305.32,305.57,305.29,305.56,362581.59
1787017500000,305.57,305.78,305.38,305.49,1291533.3
1787018400000,305.49,305.51,305.26,305.42,582702.8
1787019300000,305.42,305.97,305.37,305.97,1685553.65
1787020200000,305.94,306.07,305.8,306.03,2718129.83
1787021100000,306.08,306.36,305.76,305.91,2163810.24
1787022000000,305.96,306.23,305.79,306.23,1062461.57
1787022900000,306.25,306.26,305.93,305.94,1338590.03
1787023800000,305.89,306.11,305.67,305.75,1208425.17
1787024700000,305.68,305.78,305.43,305.63,1236058.82
1787025600000,305.64,305.86,305.47,305.54,792548.69
1787026500000,305.52,305.52,305.34,305.44,499961.01
1787027400000,305.42,305.67,305.32,305.56,393126.68
1787028300000,305.61,305.66,305.5,305.53,328434.78
1787029200000,305.51,305.65,305.51,305.59,396899.59
1787030100000,305.63,305.66,305.43,305.49,317167.58
1787031000000,305.54,305.59,305.41,305.41,1078887.61
1787031900000,305.41,305.55,305.35,305.45,305128.72
1787032800000,305.44,305.44,304.86,305.15,2790788.28
1787033700000,305.11,305.39,305.11,305.38,237473.16
1787034600000,305.36,305.48,305.27,305.27,82455.09
1787035500000,305.29,305.29,305.15,305.29,143772.34
1787036400000,305.19,305.35,305.09,305.26,510610.33
1787037300000,305.24,305.39,305.22,305.27,153570.66
1787038200000,305.25,305.35,305.25,305.28,319331.26
1787039100000,305.34,305.37,305.25,305.35,326379.93
1787040000000,305.72,306.402,305.15,306.18,28823078.94200013
1787040900000,305.89,306.56,305.835,306.36,7461286.3480425
1787041800000,306.38,306.6,306.298,306.44,3231884.55777847
1787042700000,306.57,306.77,306.56,306.71,5803201.0618304
1787043600000,306.96,307.4,306.669,307.33,8233341.71213074
1787044500000,307.082,307.51,307.082,307.453,11774207.727101594
1787045400000,307.77,308.342,307.45,308.31,20029741.83781843
1787046300000,308.09,308.15,307.906,308.11,5241351.26559104
1787047200000,308.038,308.049,307.895,308.0,3524070.74514929
1787048100000,308.0,308.355,307.5,308.27,4545319.12399172
1787049000000,308.01,308.35,307.768,308.06,3374617.69293636
1787049900000,308.022,308.105,307.501,307.75,4075539.69338274
1787050800000,307.55,307.75,307.063,307.09,20082128.70423167
1787051700000,307.35,307.654,307.257,307.59,9073511.87142019
1787052600000,307.558,307.95,307.41,307.738,30289988.20393591
1787053500000,307.17,307.8,307.17,307.4,20241358.97214746
1787054400000,307.48,307.495,307.22,307.22,6947497.45633529
1787055300000,307.34,307.67,307.265,307.41,6055192.96528914
1787056200000,307.3,307.4,307.176,307.3,5751365.77873739
1787057100000,307.353,307.53,307.215,307.265,9676242.67324317
1787058000000,307.17,307.394,306.697,307.01,441302158.7819949
1787058900000,306.8,307.596,306.488,307.55,29911761.87170262
1787059800000,307.85,307.93,305.98,306.95,855162923.5920187
1787060700000,306.983,307.335,305.73,307.225,565558441.4118538
1787061600000,307.275,310.11,307.175,309.94,851420522.8304256
1787062500000,309.93,310.26,308.81,309.65,574033193.7798119
1787063400000,309.61,311.49,309.61,310.8,609974436.6321708
1787064300000,310.785,311.23,310.23,310.4,494915046.9746107
1787065200000,310.41,311.11,309.92,310.537,427754376.31604767
1787066100000,310.532,310.93,310.09,310.361,314923892.80281913
1787067000000,310.372,310.49,309.765,309.85,290973918.78063095
1787067900000,309.89,310.03,309.355,309.55,337146096.91674864
1787068800000,309.53,310.45,309.03,310.25,319021423.1928841
1787069700000,310.282,310.64,309.98,310.609,297519124.2590454
1787070600000,310.62,310.75,310.27,310.464,259477801.55465245
1787071500000,310.41,310.76,310.215,310.75,213967332.81302524
1787072400000,310.74,310.92,310.54,310.57,441998429.87859106
1787073300000,310.575,310.76,310.29,310.415,161857542.36138615
1787074200000,310.44,310.44,309.905,310.031,623656302.2966698
1787075100000,310.04,310.27,310.03,310.14,222795900.39574268
1787076000000,310.12,310.58,309.75,310.538,275094554.50189316
1787076900000,310.47,310.64,310.3,310.62,186491161.3613802
1787077800000,310.61,311.19,310.33,311.06,334983520.04181325
1787078700000,311.071,311.23,310.39,310.434,262130459.45265543
1787079600000,310.37,310.44,309.66,309.674,314847148.777067
1787080500000,309.665,309.97,309.37,309.702,426241906.51114833
1787081400000,309.73,310.5,309.6,310.465,368699564.2773902
1787082300000,310.46,311.06,309.95,310.149,998615199.8655312
1787083200000,310.152,310.195,309.635,309.839,3840360817.4632683
1787084100000,309.848,309.89,309.71,309.71,196175429.04984963
1787085000000,309.71,309.951,309.71,309.891,13271935.70225442
1787085900000,309.83,309.89,309.643,309.83,2370660.08119817
1787086800000,309.642,309.724,309.565,309.565,470771102.92149514
1787087700000,309.565,309.825,309.565,309.825,42766795.94781378
1787088600000,309.87,309.92,309.701,309.87,6224234.98628446
1787089500000,309.83,309.914,309.7,309.9,904781.38070581
1787090400000,309.9,310.09,309.88,310.09,2857977.44237767
1787091300000,309.964,310.059,309.89,310.043,1645612.77992953
1787092200000,309.82,310.044,309.715,309.82,1992181.45003398
1787093100000,309.715,309.85,309.65,309.807,4613075.437310444
1787094000000,309.808,310.095,309.808,309.984,1475560.61265145
1787094900000,309.988,310.2,309.9,310.2,1984850.03393587
1787095800000,310.2,310.334,310.126,310.195,2911976.48444111
1787096700000,310.29,310.345,310.195,310.29,3176274.45720809
1787097600000,310.14,310.25,309.89,310.2,1013329.39
1787098500000,310.14,310.54,310.11,310.44,1312306.4
1787099400000,310.46,310.64,310.39,310.46,530420.94
1787100300000,310.48,310.58,310.26,310.44,416265.26
1787101200000,310.45,310.58,310.29,310.46,671539.21
1787102100000,310.43,310.43,310.26,310.3,135623.02
1787103000000,310.35,310.35,309.95,310.1,1149810.75
1787103900000,310.06,310.11,310.0,310.07,241843.04
1787104800000,310.06,310.21,310.06,310.12,271670.09
1787105700000,310.12,310.24,310.0,310.03,490021.15
1787106600000,310.06,310.13,309.98,310.11,347552.81
1787107500000,310.15,310.57,310.14,310.51,1733249.2
1787108400000,310.48,310.56,310.43,310.49,298073.56
1787109300000,310.45,310.55,310.45,310.51,179793.9
1787110200000,310.5,310.68,310.5,310.53,584263.62
1787111100000,310.52,310.58,310.46,310.52,274808.21
1787112000000,310.51,310.54,310.37,310.49,383725.72
1787112900000,310.46,310.76,310.46,310.71,537089.49
1787113800000,310.71,310.75,310.64,310.69,212210.79
1787114700000,310.7,310.76,310.5,310.76,664628.43
1787115600000,310.78,310.91,310.7,310.82,370527.77
1787116500000,310.8,310.99,310.8,310.96,910034.84
1787117400000,310.92,310.97,310.77,310.88,210775.23
1787118300000,310.88,310.9,310.81,310.81,336968.17
1787119200000,310.85,310.87,310.62,310.72,1147169.36
1787120100000,310.73,311.26,310.73,311.14,1109999.98
1787121000000,311.1,311.32,310.88,310.89,1087441.98
1787121900000,310.89,310.89,310.15,310.3,2442310.36
1787122800000,310.3,310.46,310.17,310.17,2043403.47
1787123700000,310.22,310.22,309.8,309.92,1757050.03
1787124600000,309.97,310.12,309.88,310.12,575999.5
1787125500000,310.11,310.12,309.77,309.87,1393874.69
1787126400000,309.8,310.308,307.697,307.87,49475202.37915148
1787127300000,308.302,308.915,308.135,308.561,3332355.80036671
1787128200000,308.77,309.265,308.505,309.01,2945148.546803
1787129100000,309.265,309.265,308.67,308.823,768585.30824282
1787130000000,308.824,308.825,308.615,308.715,2070337.56136541
1787130900000,309.02,309.325,308.65,309.02,1467725.88997665
1787131800000,308.75,309.373,308.606,308.75,1649974.72836546
1787132700000,309.29,309.728,309.265,309.36,3930005.41356103
1787133600000,309.68,310.0,309.53,310.0,3223349.57542245
1787134500000,309.649,309.729,309.395,309.54,2586536.89526852
1787135400000,309.54,309.695,309.54,309.695,2889179.327009
1787136300000,309.695,309.82,309.695,309.765,668567.92433775
1787137200000,309.95,309.95,309.25,309.38,4466168.7032389
1787138100000,309.7,309.854,309.505,309.7,3980191.07741861
1787139000000,309.85,310.5,309.85,310.3,6369185.24840336
1787139900000,310.5,310.792,310.251,310.425,8390713.295587512
1787140800000,310.425,310.5,309.91,310.299,664447868.3528427
1787141700000,310.0,310.3,309.498,309.81,10082097.26823161
1787142600000,309.92,310.18,309.724,310.01,9682198.88345125
1787143500000,310.49,310.85,309.83,310.3,16607457.08112115
1787144400000,309.82,310.367,309.73,310.13,13528983.94292825
1787145300000,310.375,311.091,309.99,310.115,36161401.29521311
1787146200000,310.14,312.36,309.72,311.834,250552068.4939599
1787147100000,311.65,316.37,311.65,316.319,49574685.91500002
1787148000000,316.33,317.5,316.08,317.12,69821171.54500003
1787148900000,317.12,317.81,315.38,316.0,32986680.055
1787149800000,316.03,317.055,315.76,315.86,27819587.76000001
1787150700000,315.875,318.315,315.873,317.882,24701745.14
1787151600000,317.88,319.26,317.876,318.785,27954449.42500001
1787152500000,318.805,318.97,318.0,318.158,29183184.435
1787153400000,318.163,318.23,316.29,316.431,22519617.67500001
1787154300000,316.436,316.87,315.96,316.272,14355703.8
1787155200000,316.26,317.3,316.01,317.241,16211082.095
1787156100000,317.247,317.41,316.6,316.602,12098270.52
1787157000000,316.55,316.588,315.06,315.27,314979662.8107633
1787157900000,315.25,315.31,314.65,315.09,381117649.78467214
1787158800000,315.109,315.16,314.5,314.901,9899201.7
1787159700000,314.86,315.16,314.71,315.047,125152385.79161772
1787160600000,315.049,315.8,314.95,315.366,223797343.1546367
1787161500000,315.41,315.48,315.17,315.204,181855141.542848
1787162400000,315.2,315.71,315.03,315.44,195261429.96444002
1787163300000,315.43,315.445,314.78,314.78,271978169.9379043
1787164200000,314.844,315.03,314.32,314.832,249446222.08919147
1787165100000,314.836,315.23,314.8,314.909,569220649.6612092
1787166000000,314.875,315.96,314.765,315.789,294368967.2895307
1787166900000,315.82,316.7,315.7,316.675,400389861.68466514
1787167800000,316.66,316.668,315.39,315.68,328146609.53245556
1787168700000,315.665,316.9,315.21,316.9,817880248.5015277
1787169600000,316.733,316.878,316.518,316.781,3872988770.426486
1787170500000,316.781,316.875,316.4,316.4,5524283.817734052
1787171400000,316.4,316.575,316.253,316.575,20912950.869245876
1787172300000,316.575,316.575,316.201,316.38,84910457.7882828
1787173200000,316.435,316.595,316.37,316.435,1917441.23236571
1787174100000,316.52,316.52,316.285,316.341,301665190.4421257
1787175000000,316.39,316.44,316.34,316.39,1143270.94978298
1787175900000,316.395,316.405,316.395,316.405,1593563.6785801754
1787176800000,316.97,317.113,316.395,316.97,4821783.41418301
1787177700000,317.0,317.2,316.735,317.0,5552505.07994883
1787178600000,316.96,316.975,316.878,316.975,1227443.70931803
1787179500000,316.87,316.975,316.715,316.87,2390755.50045051
1787180400000,316.84,317.135,316.745,316.84,2922259.64851281
1787181300000,317.122,317.135,316.981,317.065,1070134.99680541
1787182200000,317.12,317.615,317.046,317.12,6130850.99593572
1787183100000,316.99,317.615,316.99,316.99,3579972.74717902
1787184000000,317.052,317.29,316.63,317.0,858293.43
1787184900000,317.0,317.0,316.82,316.96,546675.43
1787185800000,316.98,317.0,316.68,316.77,421351.2
1787186700000,316.77,316.84,316.64,316.71,266679.48
1787187600000,316.75,316.93,316.65,316.69,685837.54
1787188500000,316.73,317.23,316.6,317.15,846723.47
1787189400000,317.1,317.13,316.92,316.92,274503.14
1787190300000,316.87,316.93,316.58,316.63,490927.17
1787191200000,316.65,316.78,316.47,316.68,900957.23
1787192100000,316.62,316.62,316.18,316.32,617095.38
1787193000000,316.32,316.45,316.22,316.44,230294.18
1787193900000,316.44,316.5,316.35,316.47,206317.42
1787194800000,316.49,316.56,316.32,316.47,315092.95
1787195700000,316.46,316.68,316.46,316.55,238085.35
1787196600000,316.49,316.5,315.9,316.15,2007655.89
1787197500000,316.16,316.2,315.87,315.98,680042.95
1787198400000,315.88,316.01,315.85,315.85,315262.21
1787199300000,315.89,316.05,315.82,315.96,461524.98
1787200200000,316.02,316.05,315.7,315.78,738699.71
1787201100000,315.87,315.87,315.69,315.69,219778.76
1787202000000,315.78,315.81,315.6,315.64,493973.89
1787202900000,315.63,315.9,315.63,315.9,130126.95
1787203800000,315.9,315.94,315.77,315.93,108958.85
1787204700000,315.91,316.07,315.8,315.85,429955.89
1787205600000,315.91,316.26,315.85,316.24,203573.76
1787206500000,316.19,316.19,315.96,316.15,378014.68
1787207400000,316.1,316.17,315.99,316.09,308504.74
1787208300000,316.08,316.22,315.99,316.0,472960.36
1787209200000,315.95,316.04,315.58,315.74,1486003.27
1787210100000,315.74,315.76,315.51,315.63,479470.3
1787211000000,315.56,315.65,315.49,315.65,446808.94
1787211900000,315.65,315.96,315.62,315.86,700625.51
1787212800000,315.49,316.852,315.191,315.43,16251789.38415035
1787213700000,315.43,316.145,315.405,315.86,2340197.3596102
1787214600000,315.86,316.028,315.723,315.84,1669685.71155391
1787215500000,315.84,316.0,315.44,315.85,1405171.0220620662
1787216400000,315.897,316.16,315.81,315.954,884901.3952628
1787217300000,315.99,315.995,315.896,315.99,998399.01173902
1787218200000,315.96,315.96,315.81,315.81,1117817.79376746
1787219100000,315.81,315.935,315.81,315.845,276109.65324342
1787220000000,315.849,315.939,315.37,315.79,1813037.6565333537
1787220900000,315.801,316.009,315.67,316.009,1423743.92948039
1787221800000,316.01,316.063,315.86,315.86,1085110.24141599
1787222700000,315.86,316.16,315.86,316.16,1046360.97532861
1787223600000,316.07,316.612,315.945,316.45,7015288.48538685
1787224500000,316.65,316.89,316.53,316.75,4051344.32076171
1787225400000,316.65,316.9,316.455,316.66,4263562.05824878
1787226300000,316.78,317.084,316.57,317.06,299286615.4808051
1787227200000,316.98,318.197,316.835,317.81,14228180.01859821
1787228100000,318.095,318.359,317.731,318.224,76150120.68519697
1787229000000,318.223,318.223,316.341,316.505,25091060.156232964
1787229900000,316.33,316.76,316.172,316.26,8607321.17649787
1787230800000,316.79,316.875,316.681,316.71,12105266.16086575
1787231700000,316.09,317.576,315.99,315.99,19967228.05680053
1787232600000,317.465,320.28,316.76,318.432,58269449.77499999
1787233500000,318.5,318.52,316.99,317.186,23290391.595
1787234400000,317.18,317.615,316.37,316.676,29833748.22
1787235300000,316.7,317.055,316.25,316.41,251270659.484911
1787236200000,316.43,316.67,316.16,316.435,138296495.19107032
1787237100000,316.409,317.45,316.361,317.419,6644710.885
1787238000000,317.445,317.77,316.29,316.547,9982660.44
1787238900000,316.537,317.225,316.01,317.198,13685936.705
1787239800000,317.203,317.235,316.23,316.529,5974912.335
1787240700000,316.526,316.96,315.96,316.913,17539250.175
1787241600000,316.87,317.061,316.23,316.24,127878112.33246893
1787242500000,316.23,316.795,316.065,316.48,146936899.12267587
1787243400000,316.466,317.41,316.312,317.406,34534481.81073897
1787244300000,317.41,317.54,316.9,317.222,174143824.84787324
1787245200000,317.22,317.61,317.15,317.262,126876604.44043523
1787246100000,317.267,317.56,316.67,316.693,184450130.03621536
1787247000000,316.687,316.86,316.5,316.608,161835738.84671003
1787247900000,316.585,316.635,316.27,316.325,143890919.30574846
1787248800000,316.335,316.335,315.09,315.45,295195148.86791956
1787249700000,315.428,315.7,314.86,314.86,240738614.70740122
1787250600000,314.851,315.69,314.795,315.622,176953229.16694516
1787251500000,315.62,315.622,315.1,315.13,228683922.0984879
1787252400000,315.127,315.127,314.5,314.546,176006215.3078232
1787253300000,314.535,314.547,313.315,313.36,417594667.0687234
1787254200000,313.375,313.63,312.91,312.947,448417430.4330173
1787255100000,313.0,313.08,310.66,311.28,1323000409.949283
1787256000000,311.232,311.545,311.095,311.365,3818069086.5991287
1787256900000,311.81,311.89,311.365,311.79,6906892.83000867
1787257800000,311.94,311.988,311.563,311.89,28642016.68785811
1787258700000,311.99,312.112,311.83,311.99,4938208.01507046
1787259600000,311.91,311.975,311.785,311.91,504888738.50414294
1787260500000,311.785,311.95,311.785,311.85,3838592.019000076
1787261400000,311.85,311.9,311.826,311.9,831947.5228584274
1787262300000,311.94,312.2,311.9,312.2,295845831.23760986
1787263200000,312.09,312.2,311.975,312.1,1705437.56471454
1787264100000,312.128,312.7,312.09,312.517,10938809.61065565
1787265000000,312.516,312.749,312.365,312.389,877643.01090232
1787265900000,312.389,312.604,312.311,312.604,2550363.84391659
1787266800000,312.46,312.605,312.46,312.46,897274.60771189
1787267700000,312.565,312.605,312.403,312.5,711703.5612094
1787268600000,312.5,312.5,312.176,312.176,2467723.22875476
1787269500000,312.175,312.175,311.99,312.15,2078050.6683681533
1787270400000,312.01,312.36,311.95,312.26,612333.76
1787271300000,312.29,312.29,312.03,312.03,358345.65
1787272200000,312.06,312.13,311.99,312.01,334824.62
1787273100000,312.12,312.27,312.06,312.16,740446.28
1787274000000,312.15,312.25,311.81,311.81,899639.08
1787274900000,311.85,311.98,311.63,311.7,672529.97
1787275800000,311.72,311.85,311.59,311.82,307987.78
1787276700000,311.82,311.82,311.42,311.64,1609862.4
1787277600000,311.68,311.91,311.68,311.91,404115.4
1787278500000,311.95,311.95,311.84,311.91,446639.27
1787279400000,311.92,311.95,311.66,311.74,901435.84
1787280300000,311.81,311.91,311.74,311.81,165884.23
1787281200000,311.82,311.88,311.74,311.75,269072.13
1787282100000,311.75,311.82,311.73,311.74,471058.85
1787283000000,311.8,312.03,311.8,312.03,337893.28
1787283900000,312.02,312.06,311.93,312.04,221824.65
1787284800000,312.03,312.1,311.96,312.04,166635.29
1787285700000,312.05,312.05,311.93,312.0,215916.86
1787286600000,312.02,312.02,311.81,311.82,162821.92
1787287500000,311.85,312.0,311.85,312.0,80165.88
1787288400000,312.0,312.01,311.87,311.95,189974.01
1787289300000,311.89,311.92,311.83,311.86,62064.04
1787290200000,311.84,312.02,311.84,312.01,154720.77
1787291100000,312.0,312.01,311.94,311.95,105447.05
1787292000000,311.97,311.99,311.8,311.93,272303.59
1787292900000,311.91,312.0,311.89,311.99,232078.39
1787293800000,311.92,312.02,311.91,311.91,180934.99
1787294700000,311.9,312.07,311.88,312.03,196212.82
1787295600000,312.02,312.09,311.77,311.83,856255.97
1787296500000,311.83,311.83,311.08,311.26,2492179.34
1787297400000,311.22,311.3,311.1,311.15,1041846.13
1787298300000,311.15,311.3,311.11,311.21,744308.15
1787299200000,310.9,312.064,310.9,310.9,23306914.25102611
1787300100000,311.158,311.35,311.124,311.2,5335195.100308954
1787301000000,311.2,311.298,311.06,311.078,1699087.78169845
1787301900000,311.11,311.11,310.84,311.11,1730800.17881888
1787302800000,310.84,311.905,310.84,311.766,4260010.55856599
1787303700000,311.767,311.775,311.375,311.375,2306089.791314131
1787304600000,311.375,311.545,311.375,311.545,1588930.3616941
1787305500000,311.43,311.545,311.375,311.43,822447.49988663
1787306400000,311.475,311.823,311.475,311.691,1721457.03133867
1787307300000,311.66,311.779,311.66,311.66,999331.81872596
1787308200000,311.74,311.74,311.44,311.59,616596.06244584
1787309100000,311.602,311.833,311.602,311.775,1488523.94994569
1787310000000,311.67,311.9,311.603,311.67,6665323.89613892
1787310900000,311.39,311.77,311.39,311.39,3200772.74505467
1787311800000,312.31,312.396,311.404,312.31,6637160.53203856
1787312700000,312.275,312.275,311.86,311.86,6093523.285192148
1787313600000,311.91,312.267,311.83,311.91,2673559.77792332
1787314500000,312.02,312.283,311.94,312.1,3101325.82848331
1787315400000,312.25,312.495,311.801,312.03,6036496.97256017
1787316300000,311.99,312.342,311.825,311.99,292930442.8151263
1787317200000,312.377,312.545,311.813,311.846,9763845.256422766
1787318100000,311.78,312.67,310.626,312.67,107898351.59829623
1787319000000,311.415,312.39,307.48,308.14,2244848619.9471636
1787319900000,308.1,308.3,307.01,307.36,371999833.33055216
1787320800000,307.34,308.05,307.09,307.726,536406061.6710025
1787321700000,307.715,308.18,307.45,307.763,1151547302.8553522
1787322600000,307.805,308.73,307.6,308.585,394727287.5112843
1787323500000,308.52,309.5,308.328,309.44,268748351.8467456
1787324400000,309.46,309.93,309.275,309.69,1225439718.486397
1787325300000,309.71,310.64,309.6,310.62,248376542.0597015
1787326200000,310.62,311.6,310.42,311.284,858546279.47799
1787327100000,311.3,311.91,310.935,311.53,209096347.5965303
1787328000000,311.535,311.8,311.206,311.23,290743322.39770216
1787328900000,311.203,311.43,311.02,311.207,187236330.05832475
1787329800000,311.206,311.225,310.27,310.707,305238236.3903985
1787330700000,310.73,311.03,310.595,310.98,156190345.54949498
1787331600000,311.05,311.63,310.92,311.545,185981422.3886147
1787332500000,311.525,311.64,311.02,311.07,209431688.91159374
1787333400000,311.065,311.15,309.86,309.986,259275515.22616312
1787334300000,310.01,310.11,309.44,309.544,243756754.0660973
1787335200000,309.545,309.6,309.0,309.182,517180620.37103707
1787336100000,309.18,309.184,308.42,308.47,163932100.70449764
1787337000000,308.5,308.975,308.46,308.535,172398188.63457903
1787337900000,308.543,308.845,308.195,308.779,295193047.1383342
1787338800000,308.765,308.89,308.41,308.684,237935536.5686447
1787339700000,308.686,309.84,308.686,309.76,388558266.12215483
1787340600000,309.79,310.02,309.44,309.53,316062845.8771346
1787341500000,309.55,310.18,309.165,309.27,783097401.4882387
1787342400000,309.37,309.625,309.247,309.36,2281061323.32388
1787343300000,309.625,309.64,309.365,309.365,446076806.67262065
1787344200000,309.365,309.525,309.365,309.455,8578189.269030103
1787345100000,309.42,309.59,309.4,309.42,44599948.42671066
1787346000000,309.415,309.53,309.415,309.475,931956.35262039
1787346900000,309.467,309.53,309.375,309.465,449042253.68359345
1787347800000,309.465,309.504,309.441,309.5,220398314.02864915
1787348700000,309.5,309.6,309.481,309.6,2136889.8441848727
1787349600000,309.6,309.6,309.6,309.6,658011.9742704
1787350500000,309.6,309.6,309.58,309.58,1184096.75050055
1787351400000,309.65,309.655,309.58,309.65,27311589.9866085
1787352300000,309.585,309.585,309.583,309.585,502668.63743855
1787353200000,309.585,309.585,309.585,309.585,884769.91084777
1787354100000,309.585,309.585,309.585,309.585,643548.87699243
1787355000000,309.585,309.585,309.51,309.524,1157979.48766576
1787355900000,309.524,309.61,309.524,309.61,1777815.65690475
1787356800000,309.61,309.61,309.61,309.61,0.0
1787358600000,309.77,309.79,309.77,309.79,209.933813
1787359500000,309.81,310.28,309.66,309.84,525.540695
1787364000000,310.0,310.0,310.0,310.0,299.987
1787364900000,310.06,310.06,310.06,310.06,104.366196
1787365800000,310.01,310.09,309.88,309.88,520.759157
1787367600000,309.88,309.88,309.79,309.79,153.345331
1787369400000,309.91,309.91,309.79,309.79,77.899326
1787373900000,309.96,310.41,309.9,310.3,2686.19778
1787374800000,310.3,310.3,309.02,309.02,5536.963966
1787375700000,308.97,308.97,308.88,308.88,392.510913
1787382900000,308.92,308.92,308.92,308.92,251.708016
1787385600000,309.09,309.09,308.85,308.85,106.811157
1787386500000,308.8,308.8,308.8,308.8,10.808
1787391900000,308.85,308.85,308.8,308.8,50.279125
1787392800000,308.96,308.96,308.9,308.9,255.440352
1787394600000,308.9,309.04,308.45,308.45,4802.658515
1787395500000,308.53,308.99,307.95,307.95,4777.806398
1787397300000,308.02,308.86,308.02,308.86,129.368989
1787400000000,308.74,308.81,308.55,308.55,398.505656
1787403600000,308.55,308.81,308.55,308.81,236.880738
1787404500000,308.81,309.71,308.81,309.71,2213.870044
1787405400000,309.46,309.46,309.46,309.46,46.976028
1787408100000,309.46,309.46,309.46,309.46,67.77174
1787410800000,309.46,309.46,309.46,309.46,442.001718
1787411700000,309.46,309.46,309.12,309.12,657.375032
1787412600000,309.18,309.18,309.18,309.18,10.97589
1787413500000,309.47,309.47,309.47,309.47,35.27958
1787414400000,309.47,309.47,309.47,309.47,35.619997
1787415300000,309.18,309.18,309.18,309.18,35.5557
1787417100000,309.47,309.47,309.47,309.47,22.869833
1787418000000,309.51,309.65,309.47,309.47,459.287385
1787419800000,309.65,309.65,309.65,309.65,29.97412
1787421600000,309.65,309.65,309.65,309.65,61.341665
1787429700000,309.65,309.69,309.65,309.69,10.095046
1787435100000,309.47,309.47,309.07,309.07,290.733306
1787436900000,309.04,309.04,309.04,309.04,202.946568
1787444100000,309.03,309.03,309.03,309.03,29.326947
1787448600000,309.02,309.02,309.02,309.02,10.475778
1787452200000,309.09,309.09,309.09,309.09,10.972695
1787454900000,309.09,309.09,309.02,309.02,31.956287
1787457600000,309.09,309.09,309.09,309.09,75.943413
1787458500000,309.09,309.09,309.02,309.02,21.35555
1787460300000,309.02,309.02,308.89,308.89,419.020536
1787461200000,308.87,308.87,308.78,308.78,406.396178
1787469300000,308.84,308.84,308.7,308.7,273.308579
1787470200000,308.84,308.84,308.84,308.84,10.469676
1787472900000,308.84,308.9,308.68,308.68,89.390262
1787474700000,308.99,308.99,308.99,308.99,144.236532
1787481900000,308.99,309.12,308.76,308.76,67.294606
1787484600000,309.12,309.13,309.12,309.13,136.012975
1787489100000,308.76,308.93,308.76,308.93,147.356843
1787490900000,309.08,309.46,309.08,309.27,845.661577
1787491800000,309.42,309.47,309.42,309.47,19.989824
1787498100000,309.13,309.13,309.13,309.13,215.525436
1787499900000,309.2,309.86,309.2,309.8,667.488495
1787503500000,309.85,309.85,309.85,309.85,21.658515
1787505300000,309.76,309.76,309.76,309.76,77.378048
1787510700000,309.76,309.76,309.76,309.76,47.950848
1787511600000,309.71,309.71,309.69,309.69,169.223708
1787512500000,309.68,309.68,309.68,309.68,36.913856
1787513400000,309.65,309.65,309.53,309.53,130.797201
1787514300000,309.47,309.47,309.47,309.47,39.61216
1787515200000,309.4,309.4,309.4,309.4,319.95054
1787517000000,309.45,309.56,309.45,309.56,62.237655
1787520600000,309.56,309.56,309.34,309.34,73.719834
1787521500000,309.6,309.61,309.22,309.22,288.225316
1787526000000,309.61,309.61,309.2,309.2,31.792935
1787527800000,309.4,309.4,309.4,309.4,19.98724
1787529600000,310.0,310.34,309.7,309.82,1005528.8
1787530500000,309.96,309.96,309.53,309.62,1066316.4
1787531400000,309.54,309.67,309.17,309.52,520049.5
1787532300000,309.61,309.89,309.56,309.89,137511.58
1787533200000,309.99,310.08,309.57,309.63,922494.19
1787534100000,309.64,309.89,309.55,309.89,622957.55
1787535000000,309.92,309.98,309.66,309.73,297129.54
1787535900000,309.67,309.77,309.4,309.4,398060.25
1787536800000,309.43,309.57,309.4,309.41,407533.65
1787537700000,309.48,309.69,309.41,309.66,335245.97
1787538600000,309.68,309.86,309.59,309.86,283352.01
1787539500000,309.87,310.01,309.79,309.95,173541.18
1787540400000,309.9,309.96,309.66,309.67,323742.96
1787541300000,309.71,309.91,309.66,309.89,393112.1
1787542200000,309.84,310.12,309.82,310.0,735852.06
1787543100000,309.89,310.03,309.89,310.03,173596.82
1787544000000,310.01,310.08,309.99,309.99,184152.52
1787544900000,309.97,309.99,309.8,309.83,176312.72
1787545800000,309.88,309.9,309.64,309.82,269475.89
1787546700000,309.77,309.83,309.66,309.77,103777.69
1787547600000,309.73,309.86,309.73,309.74,286863.06
1787548500000,309.74,309.74,309.56,309.61,269053.02
1787549400000,309.63,309.92,309.63,309.92,735957.05
1787550300000,309.91,309.97,309.8,309.86,460757.88
1787551200000,309.9,309.92,309.51,309.51,1023631.45
1787552100000,309.64,309.64,309.16,309.36,1253680.73
1787553000000,309.36,309.51,309.35,309.38,1068035.33
1787553900000,309.38,309.58,309.27,309.5,621599.43
1787554800000,309.49,309.65,309.31,309.62,561773.89
1787555700000,309.64,309.75,309.54,309.54,213339.55
1787556600000,309.57,309.73,309.21,309.21,425620.31
1787557500000,309.29,309.49,309.04,309.34,1202331.63
1787558400000,309.61,309.97,309.32,309.82,16544768.043292208
1787559300000,310.11,310.11,309.82,310.11,1499970.62928221
1787560200000,309.85,310.497,309.85,310.497,2309405.65841951
1787561100000,310.29,310.5,310.25,310.29,1767270.86476105
1787562000000,310.3,310.38,310.193,310.37,1769747.05641709
1787562900000,310.37,310.478,310.37,310.415,556222.31573563
1787563800000,310.57,310.79,310.415,310.57,2035135.09199409
1787564700000,310.575,310.7,310.517,310.517,1137345.00936898
1787565600000,310.516,310.516,310.45,310.515,1151331.66246628
1787566500000,310.515,310.573,310.365,310.515,1732696.504104133
1787567400000,310.515,310.54,310.3,310.395,1276591.6703766002
1787568300000,310.395,310.395,310.178,310.178,728725.91535311
1787569200000,310.171,310.619,310.144,310.366,4494412.15092412
1787570100000,310.45,310.6,310.365,310.51,1557582.61924866
1787571000000,310.49,310.64,309.856,309.88,7876239.34999497
1787571900000,310.169,310.4,310.169,310.4,3218975.1095378
1787572800000,310.5,310.62,310.38,310.53,3511724.48055632
1787573700000,310.68,310.8,310.62,310.68,3154193.69578345
1787574600000,310.47,310.824,310.351,310.51,4616750.21307977
1787575500000,310.735,311.11,310.46,311.095,16708241.643928127
1787576400000,311.17,311.235,310.91,310.99,4296752.98330647
1787577300000,310.85,311.87,310.795,311.25,19368771.40692933
1787578200000,311.46,312.3,309.99,311.1,734015351.3754438
1787579100000,311.085,311.86,310.56,311.825,414503754.6657065
1787580000000,311.77,312.91,311.69,312.208,581153919.482083
1787580900000,312.135,313.19,312.13,312.91,345525087.76812416
1787581800000,312.94,313.31,312.815,313.08,241114846.92312053
1787582700000,313.11,313.28,312.5,312.992,700263706.8099468
1787583600000,312.97,313.125,311.54,311.822,473536109.70564806
1787584500000,311.89,312.44,311.675,312.272,565117631.639291
1787585400000,312.24,312.35,311.72,312.14,183803254.98960483
1787586300000,312.3,312.31,311.59,311.715,160043856.75941744
1787587200000,311.678,311.86,311.37,311.421,147207301.91471463
1787588100000,311.422,312.025,311.4,311.953,176993177.57118806
1787589000000,311.89,312.3,311.87,312.27,150705591.70967263
1787589900000,312.27,313.36,312.23,312.95,238704979.92252526
1787590800000,312.925,312.95,312.165,312.47,214112844.94177946
1787591700000,312.468,312.47,311.89,312.123,189005748.6783477
1787592600000,312.12,312.36,311.74,311.891,176857618.97495475
1787593500000,311.891,312.28,311.76,312.026,202186600.27055568
1787594400000,311.99,312.09,311.51,311.7,154177363.526823
1787595300000,311.74,311.89,311.62,311.73,171288665.95247886
1787596200000,311.73,311.85,310.715,310.939,242608595.0506439
1787597100000,310.94,311.79,310.94,311.601,237873370.67504707
1787598000000,311.585,311.66,311.05,311.24,149359225.74096423
1787598900000,311.21,311.551,311.16,311.22,169465227.50658804
1787599800000,311.2,311.255,310.68,310.68,346024288.82112336
1787600700000,310.665,311.0,310.19,310.391,863718008.7922436
1787601600000,310.386,310.635,310.215,310.379,3114371936.3932853
1787602500000,310.378,310.634,310.376,310.585,3954872.3358832956
1787603400000,310.585,310.77,310.416,310.695,7778753.36322266
1787604300000,310.695,310.891,310.49,310.695,572517193.6240273
1787605200000,310.75,310.92,310.695,310.92,6264420.46492551
1787606100000,310.93,310.93,310.71,310.88,1854807.96159794
1787607000000,311.0,311.068,310.785,311.0,75693713.41703933
1787607900000,310.785,310.925,310.775,310.848,242668.26513696
1787608800000,311.09,311.4,310.851,311.06,1621140.45914387
1787609700000,311.05,311.088,310.75,310.75,1024733.24353366
1787610600000,310.75,310.853,310.75,310.755,1252741.00616701
1787611500000,310.755,310.905,310.755,310.87,692360.3025285
1787612400000,310.87,310.87,310.655,310.75,817890.6799107
1787613300000,310.75,310.75,310.7,310.7,164997.75077881
1787614200000,310.7,310.8,310.516,310.582,1135287.87722178
1787615100000,310.58,310.8,310.535,310.725,1107504.15881573
1787616000000,310.55,310.6,310.54,310.58,219567.85
1787616900000,310.5,310.68,310.35,310.68,296469.7
1787617800000,310.66,310.84,310.54,310.84,209378.35
1787618700000,310.74,310.84,310.7,310.81,265056.7
1787619600000,310.81,310.88,310.77,310.82,77395.2
1787620500000,310.82,310.89,310.62,310.67,248594.18
1787621400000,310.67,311.0,310.67,310.96,302502.44
1787622300000,310.96,311.23,310.88,311.06,613769.35
1787623200000,311.04,311.08,310.87,310.91,107601.91
1787624100000,310.87,310.91,310.69,310.77,168460.39
1787625000000,310.79,310.91,310.77,310.87,54709.36
1787625900000,310.87,310.92,310.8,310.86,115953.39
1787626800000,310.86,311.01,309.08,309.29,5030547.64
1787627700000,309.4,309.52,308.09,308.82,7223243.1
1787628600000,308.71,310.45,307.99,309.11,6074309.02
1787629500000,309.24,309.39,309.11,309.35,451441.94
1787630400000,309.38,309.4,308.43,308.9,2080074.56
1787631300000,308.87,309.08,308.76,308.98,1092262.36
1787632200000,309.06,309.24,308.99,309.14,984495.71
1787633100000,309.14,309.27,309.0,309.2,492196.66
1787634000000,309.23,309.32,308.99,308.99,493632.03
1787634900000,308.99,309.01,308.74,308.92,405543.61
1787635800000,308.93,309.16,308.87,309.0,722200.33
1787636700000,309.0,309.23,308.97,309.1,259301.78
1787637600000,309.1,309.45,309.1,309.24,429902.77
1787638500000,309.41,309.68,309.4,309.53,889149.66
1787639400000,309.51,309.58,309.42,309.53,1173078.98
1787640300000,309.56,309.56,309.35,309.48,649522.03
1787641200000,309.49,309.51,309.36,309.42,1344298.03
1787642100000,309.43,309.44,309.24,309.35,997277.5
1787643000000,309.32,309.39,309.3,309.36,128698.27
1787643900000,309.41,309.41,309.09,309.09,172537.18
1787644800000,310.725,310.725,309.23,309.415,22516639.16420763
1787645700000,309.415,309.667,309.321,309.555,1523976.2040522
1787646600000,309.555,310.089,309.4,310.089,9436487.61606558
1787647500000,310.09,310.1,310.047,310.075,1646012.61514061
1787648400000,310.075,310.075,309.69,309.785,1256575.96526649
1787649300000,309.785,310.045,309.705,309.705,1791916.15944406
1787650200000,309.96,310.05,309.705,309.96,1187372.00768152
1787651100000,309.955,310.09,309.502,309.95,5181251.734220397
1787652000000,309.95,309.95,309.4,309.825,6896924.68150213
1787652900000,309.825,310.535,309.825,309.985,1728846.10218909
1787653800000,309.985,310.43,309.985,310.35,2960017.53530222
1787654700000,309.05,310.435,309.05,309.45,10952881.41232939
1787655600000,309.571,310.504,309.571,310.305,8793066.265150813
1787656500000,310.305,310.634,310.126,310.27,2850582.03397313
1787657400000,310.29,310.375,309.891,310.29,4340270.17136138
1787658300000,310.254,310.374,310.17,310.349,4098635.85332236
1787659200000,309.85,310.455,309.72,309.85,5752868.45251964
1787660100000,310.08,310.174,309.721,310.0,5127902.96841946
1787661000000,309.931,309.931,309.7,309.731,4332122.86087727
1787661900000,309.99,310.06,309.685,310.06,4869048.50872989
1787662800000,310.41,312.0,310.0,311.03,34208019.03451734
1787663700000,310.84,310.982,310.41,310.917,21894961.212283626
1787664600000,310.945,313.56,310.26,310.52,621876062.2114593
1787665500000,310.49,311.37,310.045,310.485,354169255.5407827
1787666400000,310.47,310.71,309.66,310.09,342000186.82798684
1787667300000,310.085,310.72,309.925,310.132,247726299.76463926
1787668200000,310.126,310.795,309.66,309.834,318442781.7956403
1787669100000,309.845,309.95,309.06,309.08,247463479.45812714
1787670000000,309.11,309.395,308.4,309.36,265508545.43151295
1787670900000,309.4,309.475,308.89,309.31,141566359.17952368
1787671800000,309.299,309.83,309.25,309.765,276520301.2131436
1787672700000,309.78,309.83,309.22,309.615,200942132.46728
1787673600000,309.595,309.72,309.314,309.56,108836242.05823435
1787674500000,309.53,310.18,309.45,309.925,139561018.4824842
1787675400000,309.975,310.05,309.5,309.753,158355512.00796947
1787676300000,309.757,310.11,309.58,310.035,124367660.92777966
1787677200000,310.036,310.038,309.595,309.834,116018978.29338524
1787678100000,309.84,310.005,309.585,309.66,99322587.93206844
1787679000000,309.69,309.83,309.535,309.69,105607429.15988883
1787679900000,309.695,309.81,309.355,309.475,150792722.4809794
1787680800000,309.475,309.475,308.63,309.3,206976323.99964333
1787681700000,309.28,309.725,309.19,309.549,325050492.20921326
1787682600000,309.58,309.62,309.04,309.215,122951730.36884175
1787683500000,309.2,309.29,308.41,308.57,185406504.7353948
1787684400000,308.576,308.765,308.22,308.685,232951458.28543353
1787685300000,308.69,309.4,308.687,308.968,209679003.15095294
1787686200000,308.985,309.075,308.63,308.946,227195830.73502204
1787687100000,308.96,310.3,308.805,309.8,690424187.1663483
1787688000000,309.79,309.905,309.601,309.69,2027834141.4421747
1787688900000,309.68,309.825,309.6,309.76,5643886.80205055
1787689800000,309.84,309.84,309.71,309.83,3362367.3242501
1787690700000,309.74,309.745,309.348,309.43,27335034.314735707
1787691600000,309.42,309.599,309.365,309.42,1715161.25713291
1787692500000,309.365,309.49,309.365,309.49,718662.06830924
1787693400000,309.49,309.548,309.49,309.548,43817903.87716763
1787694300000,309.549,309.66,309.505,309.66,1234736.05407855
1787695200000,309.66,309.695,309.45,309.561,7341192.08152792
1787696100000,309.66,309.725,309.579,309.66,908978.47939633
1787697000000,309.76,309.78,309.66,309.76,1809277.07189433
1787697900000,309.78,309.78,309.615,309.62,803483.12246209
1787698800000,309.624,309.725,309.555,309.635,1254840.00934498
1787699700000,309.636,309.64,309.436,309.495,1398786.1924840284
1787700600000,309.24,309.495,309.24,309.35,791976.09605691
1787701500000,309.362,309.475,309.052,309.323,2053392.27856537
1787702400000,309.23,309.39,308.81,309.19,1320951.4
1787703300000,309.28,309.28,309.15,309.16,285392.63
1787704200000,309.2,309.2,308.82,308.93,329703.58
1787705100000,308.93,309.06,308.63,308.68,357575.25
1787706000000,308.68,308.83,308.43,308.49,927949.21
1787706900000,308.56,308.67,308.33,308.35,988900.44
1787707800000,308.42,308.8,308.37,308.8,280260.97
1787708700000,308.76,308.96,308.76,308.9,957601.64
1787709600000,308.92,308.98,308.82,308.83,175435.78
1787710500000,308.89,308.97,308.76,308.89,327968.58
1787711400000,308.95,308.98,308.84,308.91,204158.57
1787712300000,308.88,309.13,308.86,309.12,342392.12
1787713200000,309.08,309.1,309.01,309.1,125470.37
1787714100000,309.08,309.27,309.08,309.19,258481.63
1787715000000,309.2,309.2,309.1,309.14,124588.7
1787715900000,309.2,309.37,309.2,309.22,310207.5
1787716800000,309.28,309.35,309.19,309.28,275250.66
1787717700000,309.34,309.4,309.0,309.04,1134383.34
1787718600000,309.06,309.12,308.87,309.01,469318.48
1787719500000,309.02,309.1,308.9,309.0,238553.14
1787720400000,309.01,309.23,309.01,309.22,250059.53
1787721300000,309.09,309.14,308.99,309.09,119609.29
1787722200000,309.15,309.25,309.09,309.2,136645.02
1787723100000,309.19,309.3,309.16,309.3,120596.47
1787724000000,309.22,309.33,309.05,309.22,375320.79
1787724900000,309.24,309.36,309.05,309.21,1252678.24
1787725800000,309.19,309.31,309.14,309.3,587334.07
1787726700000,309.3,309.64,309.29,309.54,518260.49
1787727600000,309.38,309.48,309.32,309.44,398546.83
1787728500000,309.46,309.56,309.19,309.4,741119.99
1787729400000,309.37,309.39,309.31,309.37,141053.83
1787730300000,309.39,309.46,309.19,309.2,324795.44
1787731200000,309.87,309.89,309.257,309.89,13894788.01612279
1787732100000,309.67,309.7,309.645,309.645,5471401.430314114
1787733000000,309.54,309.7,309.54,309.62,607871.22893623
1787733900000,309.7,309.725,309.7,309.725,484367.74176226
1787734800000,309.725,309.725,309.585,309.585,221181.98358249
1787735700000,309.585,309.585,309.525,309.525,455376.72402652
1787736600000,309.525,309.565,309.35,309.355,1136220.060126402
1787737500000,309.355,309.355,309.355,309.355,403018.46006261
1787738400000,309.355,309.538,309.355,309.477,172922.47841989
1787739300000,309.476,309.476,309.475,309.475,417305.88890693
1787740200000,309.475,309.475,309.475,309.475,1036485.43084707
1787741100000,309.475,309.475,309.475,309.475,1311165.60108945
1787742000000,309.475,309.475,309.335,309.474,2282877.32849513
1787742900000,309.66,309.805,309.474,309.66,2411298.57507956
1787743800000,309.611,309.823,309.61,309.746,3898105.70573037
1787744700000,309.745,309.955,309.735,309.81,3346993.143823289
1787745600000,309.9,310.459,309.805,310.45,9167703.07962183
1787746500000,310.41,310.47,310.342,310.4,6969951.49534772
1787747400000,310.32,310.56,310.14,310.56,7648050.39251739
1787748300000,310.6,310.76,310.34,310.73,7782301.66488176
1787749200000,310.329,310.529,309.788,310.2,10356869.574006645
1787750100000,310.12,310.319,309.48,309.48,9618264.31694912
1787751000000,310.28,311.67,308.84,311.365,548131309.123893
1787751900000,311.365,312.68,311.08,312.495,426036258.13560545
1787752800000,312.475,313.41,311.72,312.834,480133950.2563394
1787753700000,312.83,313.27,311.795,311.795,389673938.6803983
1787754600000,311.8,312.56,311.665,312.5,219462416.8347657
1787755500000,312.48,312.86,312.125,312.805,177847294.74218857
1787756400000,312.825,313.45,312.485,313.065,357944532.79772806
1787757300000,313.045,313.19,312.54,312.563,247926542.5385355
1787758200000,312.556,313.49,312.18,313.423,306549477.40154105
1787759100000,313.435,313.61,312.84,312.9,180417267.0367039
1787760000000,312.895,313.96,312.38,313.42,254849659.32203197
1787760900000,313.44,313.605,313.16,313.306,190244878.52329832
1787761800000,313.26,313.48,312.505,312.694,188588667.84538093
1787762700000,312.74,313.21,312.615,313.04,219016923.5721006
1787763600000,312.985,313.095,312.535,312.61,149169664.2758295
1787764500000,312.63,313.28,312.616,313.135,147675380.53988034
1787765400000,313.159,313.25,312.65,312.781,156467114.6491131
1787766300000,312.782,313.11,312.705,312.939,306599963.8385378
1787767200000,312.96,313.155,312.815,312.825,303889674.7596629
1787768100000,312.8,313.17,312.75,313.105,112835612.58853593
1787769000000,313.0,313.695,312.96,313.695,164031094.28937465
1787769900000,313.695,315.09,313.67,314.577,625484446.9534851
1787770800000,314.574,315.25,314.445,315.07,357515589.9497006
1787771700000,315.08,315.22,314.835,314.909,400184944.2475471
1787772600000,314.845,315.43,314.708,315.25,405571088.5042594
1787773500000,315.235,315.315,313.18,313.475,968107353.0105433
1787774400000,313.45,314.01,313.207,314.01,3147607335.780226
1787775300000,313.782,314.277,313.403,313.55,12877167.33502784
1787776200000,313.55,313.623,313.415,313.415,33436405.61456247
1787777100000,313.28,313.415,313.058,313.28,24358864.8621194
1787778000000,312.99,313.35,311.33,311.88,28208266.99549354
1787778900000,312.14,312.729,312.041,312.37,18112704.0107521
1787779800000,312.06,312.459,311.754,311.86,9197068.07812583
1787780700000,311.915,311.93,310.964,310.964,35104100.63661565
1787781600000,310.98,311.48,310.74,311.47,14094012.09715601
1787782500000,311.47,311.51,311.426,311.51,11486258.24883779
1787783400000,311.46,312.223,311.46,312.001,7490317.74249838
1787784300000,312.01,312.161,311.751,312.01,3974897.67202716
1787785200000,312.05,312.241,311.76,311.76,8127737.643127983
1787786100000,311.74,311.875,311.7,311.74,1549313.57283489
1787787000000,311.71,311.999,311.71,311.71,3785322.58724338
1787787900000,311.63,311.825,311.62,311.77,4036989.11153944
1787788800000,312.2,312.21,311.826,312.05,992782.34
1787789700000,312.04,312.07,311.59,311.66,971624.69
1787790600000,311.64,311.82,311.05,311.2,2624718.46
1787791500000,311.1,311.18,310.75,310.98,1712451.92
1787792400000,311.0,311.13,310.66,310.82,1974922.16
1787793300000,310.86,311.04,310.72,310.86,1147800.85
1787794200000,310.93,311.01,310.59,310.61,1050525.11
1787795100000,310.62,310.91,310.49,310.58,1807285.47
1787796000000,310.7,310.95,310.5,310.9,996828.02
1787796900000,310.93,311.02,310.73,310.96,298761.28
1787797800000,310.96,311.12,310.87,311.12,337112.38
1787798700000,311.14,311.22,310.91,311.04,409066.52
1787799600000,311.01,311.23,310.9,311.0,746298.47
1787800500000,311.06,311.21,310.91,310.91,493038.69
1787801400000,310.93,311.05,310.85,310.91,601374.24
1787802300000,310.91,311.11,310.82,310.96,821951.3
1787803200000,310.98,311.31,310.91,311.31,811775.5
1787804100000,311.3,311.37,311.2,311.27,995520.52
1787805000000,311.29,311.29,311.02,311.06,611686.57
1787805900000,311.08,311.12,311.0,311.02,406235.11
1787806800000,310.99,311.01,310.55,310.9,1022759.71
1787807700000,310.89,310.89,310.49,310.63,1159683.47
1787808600000,310.6,310.71,310.45,310.51,1347827.97
1787809500000,310.51,310.67,310.26,310.53,1748629.09
1787810400000,310.57,310.71,310.19,310.45,3227877.28
1787811300000,310.37,310.69,310.35,310.69,625127.08
1787812200000,310.67,310.74,310.56,310.73,1548710.3
1787813100000,310.73,310.83,310.55,310.63,1368919.54
1787814000000,310.66,310.85,310.5,310.62,1059093.06
1787814900000,310.71,310.74,310.57,310.66,1095116.23
1787815800000,310.61,310.87,310.61,310.73,662489.45
1787816700000,310.72,310.86,310.64,310.86,291494.56
1787817600000,310.52,311.698,310.51,310.86,40484188.33089575
1787818500000,310.63,310.8,310.63,310.63,4530223.05627089
1787819400000,310.63,310.64,310.573,310.63,3896030.27331301
1787820300000,310.51,310.63,310.165,310.51,4788497.36040033
1787821200000,310.26,310.342,309.853,310.0,9542828.38241895
1787822100000,310.01,310.315,309.939,310.1,6793386.98284849
1787823000000,310.24,310.315,310.136,310.24,2005159.72027802
1787823900000,310.315,310.319,310.022,310.04,3448976.5855867
1787824800000,310.08,310.14,309.98,310.14,3438911.63936845
1787825700000,310.28,310.307,310.082,310.29,4568854.42283135
1787826600000,310.305,310.409,310.305,310.409,4081493.441561385
1787827500000,310.17,310.41,310.155,310.25,2976399.28192909
1787828400000,310.23,310.4,310.08,310.2,12008098.11024359
1787829300000,310.36,310.625,310.345,310.49,6642796.42396945
1787830200000,310.46,310.55,310.45,310.47,9341763.54612446
1787831100000,310.4,310.571,310.165,310.205,11649608.15752954
1787832000000,310.61,310.64,310.458,310.54,8066827.35102395
1787832900000,310.46,310.575,310.255,310.26,6702206.40924405
1787833800000,310.24,310.305,309.926,309.93,13911175.85516833
1787834700000,309.98,310.43,309.92,310.35,15776084.540865932
1787835600000,310.41,310.57,310.047,310.14,11003062.86753986
1787836500000,310.0,310.579,310.0,310.01,17740449.6872321
1787837400000,310.435,312.035,309.43,310.82,840533447.589958
1787838300000,310.88,312.075,310.873,311.6,344156280.3682959
1787839200000,311.57,311.965,310.175,310.24,464437405.52976364
1787840100000,310.23,310.92,309.665,310.8,484864399.6412618
1787841000000,310.8,313.51,310.63,312.9,466929444.5122478
1787841900000,312.86,313.76,312.66,313.4,236264805.44968712
1787842800000,313.46,314.705,313.38,314.696,375430659.20616955
1787843700000,314.7,315.155,314.555,314.623,311165039.86297655
1787844600000,314.68,315.06,314.29,314.745,223102134.8007174
1787845500000,314.77,314.83,314.185,314.81,271799367.14222616
1787846400000,314.825,314.96,314.31,314.7,306124090.145697
1787847300000,314.7,314.73,314.13,314.549,159013674.42468536
1787848200000,314.551,314.82,314.27,314.763,153791547.63274324
1787849100000,314.76,315.19,314.53,314.96,183702777.54040614
1787850000000,315.05,315.34,314.74,314.94,140471877.8985638
1787850900000,314.944,315.39,314.84,315.239,206192678.06473342
1787851800000,315.27,315.325,314.48,314.68,165263167.65332243
1787852700000,314.679,315.04,314.62,314.817,192188629.34121057
1787853600000,314.84,314.9,314.11,314.314,149994477.00504458
1787854500000,314.33,314.395,314.005,314.19,130028489.117714
1787855400000,314.205,314.47,313.85,314.25,116684428.40952086
1787856300000,314.238,314.58,313.6,313.875,207730917.9227031
1787857200000,313.878,314.36,313.66,314.234,165427029.58264753
1787858100000,314.27,314.31,313.45,313.57,176317262.43666437
1787859000000,313.59,313.9,313.37,313.9,169414228.07925126
1787859900000,313.89,315.11,313.8,314.71,990923051.5776745
1787860800000,314.553,314.62,314.05,314.05,2807340312.140958
1787861700000,314.05,314.284,313.846,314.024,23668198.046636827
1787862600000,314.025,314.342,313.92,314.031,7777890.060004653
1787863500000,314.16,314.17,313.8,314.17,224572478.35218194
1787864400000,314.09,314.23,314.015,314.23,1561625.02812772
1787865300000,314.23,314.39,314.195,314.345,25188772.68381244
1787866200000,314.11,314.345,314.11,314.11,2062410.30833411
1787867100000,314.307,314.415,314.275,314.414,5993791.44063467
1787868000000,314.415,314.415,314.2,314.2,1445783.26299161
1787868900000,314.2,314.43,314.2,314.429,1095061.50442973
1787869800000,314.429,314.559,314.345,314.43,685421.7864329
1787870700000,314.423,314.636,314.391,314.456,17469550.81069361
1787871600000,314.455,314.695,314.455,314.5,1357516.2796914
1787872500000,314.5,314.65,314.5,314.6,861342.98873612
1787873400000,314.6,314.66,314.6,314.66,1565396.72185733
1787874300000,314.7,314.9,314.65,314.7,2817726.22211723
1787875200000,314.7,315.11,314.54,315.04,698666.25
1787876100000,315.04,315.2,314.95,315.09,238500.61
1787877000000,315.09,315.1,314.78,314.92,749648.29
1787877900000,314.84,314.85,314.7,314.75,171558.81
1787878800000,314.77,314.92,314.76,314.86,287431.77
1787879700000,314.86,314.86,314.72,314.73,176902.96
1787880600000,314.71,314.83,314.65,314.68,285467.81
1787881500000,314.8,315.16,314.79,315.11,344911.65
1787882400000,315.13,315.2,315.1,315.2,114717.92
1787883300000,315.17,315.21,315.03,315.03,488149.16
1787884200000,315.0,315.07,314.9,315.0,366922.91
1787885100000,314.92,315.07,314.82,314.96,129448.93
1787886000000,314.96,315.38,314.92,315.37,844645.96
1787886900000,315.25,315.44,315.25,315.41,236229.43
1787887800000,315.4,315.43,315.22,315.28,142835.99
1787888700000,315.23,315.25,315.13,315.19,243955.5
1787889600000,315.19,315.22,315.06,315.16,163218.8
1787890500000,315.19,315.19,315.08,315.12,47586.52
1787891400000,315.1,315.2,315.04,315.2,92969.04
1787892300000,315.14,315.18,315.08,315.08,110921.3
1787893200000,315.05,315.06,314.88,314.95,162834.92
1787894100000,314.92,315.16,314.92,315.15,217058.6
1787895000000,315.16,315.54,315.11,315.52,728967.29
1787895900000,315.52,315.57,315.37,315.39,218009.86
1787896800000,315.4,315.55,315.34,315.54,273821.41
1787897700000,315.49,315.55,315.19,315.24,398247.0
1787898600000,315.25,315.5,315.23,315.46,656573.85
1787899500000,315.42,315.83,315.42,315.8,1169475.63
1787900400000,315.83,315.85,315.44,315.48,1093065.53
1787901300000,315.53,315.62,315.45,315.57,605807.67
1787902200000,315.6,315.69,315.44,315.49,710036.17
1787903100000,315.48,315.65,314.99,314.99,803747.73
1787904000000,315.29,315.57,314.928,315.47,16006680.30156059
1787904900000,315.57,315.69,315.375,315.69,2901111.7552034967
1787905800000,315.69,315.945,315.371,315.836,1971476.66905499
1787906700000,315.835,315.835,315.51,315.71,2432142.43493811
1787907600000,315.71,315.78,315.707,315.78,1538459.23298301
1787908500000,315.71,315.715,315.495,315.495,2081850.54329546
1787909400000,315.495,315.52,315.295,315.295,2566738.02735528
1787910300000,315.37,315.425,315.29,315.37,2111144.9469078
1787911200000,315.415,315.455,315.32,315.455,2033401.42667591
1787912100000,315.41,315.574,315.327,315.41,1446045.43840383
1787913000000,315.326,315.464,315.32,315.355,2595298.1044142535
1787913900000,315.31,315.355,315.22,315.31,1923986.55925842
1787914800000,315.26,315.439,315.157,315.26,3267450.65615683
1787915700000,315.51,315.51,315.235,315.51,2474436.72071011
1787916600000,315.61,315.79,315.4,315.61,3007693.7159801
1787917500000,315.49,316.474,315.49,316.367,134127807.75966775
1787918400000,316.5,316.55,316.279,316.33,7545194.06083658
1787919300000,316.51,316.564,316.231,316.51,6811991.83730182
1787920200000,316.18,316.303,316.02,316.18,104658113.21202226
1787921100000,316.2,316.265,316.08,316.08,5493441.17311392
1787922000000,316.08,316.13,315.735,316.07,12221408.411630556
1787922900000,316.24,316.982,315.965,316.77,21529624.73563764
1787923800000,316.865,318.11,315.51,317.31,684633152.8095489
1787924700000,317.26,317.31,315.515,316.79,395620846.96971834
1787925600000,316.7,317.11,316.09,316.415,270911963.6727389
1787926500000,316.438,317.146,316.18,316.715,454400057.0337149
1787927400000,316.72,319.55,316.56,319.535,554978138.9627042
1787928300000,319.5,320.74,318.6,320.73,735577007.3504145
1787929200000,320.67,321.32,320.075,320.812,726984906.1720353
1787930100000,320.816,322.03,320.816,321.918,537582752.3668206
1787931000000,321.923,322.35,321.33,321.797,588852163.3960602
1787931900000,321.81,322.37,321.105,321.44,373067179.7203134
1787932800000,321.57,321.835,321.14,321.615,288007328.36806667
1787933700000,321.63,321.84,320.55,320.937,348001920.80151844
1787934600000,320.955,321.515,320.615,320.669,222655325.67577127
1787935500000,320.625,321.325,320.625,320.882,219655362.3945879
1787936400000,320.8,320.875,320.29,320.71,213615175.14586958
1787937300000,320.8,320.8,319.59,319.735,203962645.00761235
1787938200000,319.766,320.04,319.395,319.415,230496195.39574847
1787939100000,319.415,319.71,319.38,319.684,226744744.3740332
1787940000000,319.689,320.04,319.44,319.678,198479287.23745933
1787940900000,319.665,319.787,319.4,319.55,157472675.92587838
1787941800000,319.55,319.74,319.455,319.585,142476170.58370134
1787942700000,319.6,319.79,319.05,319.767,508262155.299073
1787943600000,319.775,319.9,319.25,319.663,290174485.53262764
1787944500000,319.66,319.972,319.54,319.556,293508695.3459142
1787945400000,319.55,320.18,319.51,319.825,373701555.16564643
1787946300000,319.85,320.32,319.515,319.627,772973940.8327729
1787947200000,319.63,320.24,319.63,319.9,2834041063.171225
1787948100000,319.9,319.998,319.75,319.751,13651141.934324581
1787949000000,319.75,320.0,319.75,320.0,28629874.394722205
1787949900000,320.0,320.199,319.93,320.05,83785895.21109436
1787950800000,320.05,320.05,319.941,319.99,2529747.183886
1787951700000,319.99,320.015,319.99,320.0,4262616.92018753
1787952600000,320.0,320.0,319.78,319.873,1095856.68182638
1787953500000,319.874,319.951,319.874,319.935,52724566.40493229
1787954400000,319.935,319.935,319.935,319.935,457786.7563731
1787955300000,319.935,319.985,319.935,319.985,1052784.54671555
1787956200000,320.01,320.05,319.94,320.01,1672643.44921472
1787957100000,320.05,320.055,319.935,319.985,1664866.75242455
1787958000000,319.985,320.1,319.985,320.1,3409139.006196836
1787958900000,320.06,320.104,320.042,320.05,918731.09992414
1787959800000,320.1,320.125,320.02,320.049,2006109.39016787
1787960700000,320.049,320.09,319.925,320.015,5625033.763430615
1787964300000,319.61,319.61,319.61,319.61,19.847781
1787965200000,320.3,320.52,320.3,320.33,140.980716
1787967000000,320.59,321.06,320.59,320.8,1483.911653
1787969700000,321.06,321.22,321.06,321.22,704.312442
1787970600000,321.26,324.66,321.26,324.66,13465.925282
1787971500000,324.26,324.26,324.18,324.19,354.53613
1787972400000,324.16,324.16,324.16,324.16,99.970944
1787973300000,324.16,324.16,324.0,324.0,597.158082
1787976900000,324.0,324.0,323.92,323.92,80.471664
1787980500000,323.92,323.92,323.9,323.9,122.278744
1787981400000,323.86,323.86,323.86,323.86,42.393274
1787985000000,323.94,323.94,323.94,323.94,291.157272
1787990400000,323.9,324.0,323.65,323.65,1572.546583
1787995800000,324.0,324.0,323.64,323.74,182.768601
1788001200000,324.0,324.0,323.64,323.64,166.247298
1788005700000,323.64,323.64,323.64,323.64,32.364
1788010200000,324.0,324.0,324.0,324.0,19.9908
1788011100000,324.0,324.0,324.0,324.0,87.6096
1788012000000,323.64,323.64,323.6,323.6,348.593508
1788013800000,323.84,323.84,323.84,323.84,23.996544
1788014700000,323.59,323.59,322.98,322.98,424.218821
1788015600000,323.0,323.0,322.75,322.75,712.62514
1788016500000,322.75,323.07,322.73,322.73,818.042946
1788017400000,322.73,322.73,322.73,322.73,27.012501
1788018300000,323.02,323.07,322.7,323.07,376.161767
1788019200000,323.08,323.08,322.7,322.7,129.261086
1788021000000,323.09,323.09,323.09,323.09,19.999271
1788023700000,322.7,322.7,322.56,322.56,134.558634
1788024600000,323.09,323.11,322.82,322.82,129.634925
1788026400000,323.11,323.11,323.11,323.11,108.985003
1788028200000,323.13,323.13,323.13,323.13,14.088468
1788043500000,323.13,323.13,323.13,323.13,189.968127
1788052500000,322.96,322.96,322.96,322.96,32.296
1788064200000,322.96,322.96,322.96,322.96,32.296
1788066900000,322.96,322.96,322.82,322.82,102.235248
1788068700000,323.07,323.07,322.81,322.81,199.8663
1788069600000,322.81,322.81,322.81,322.81,52.553468
1788072300000,322.81,322.81,322.81,322.81,67.822381
1788073200000,322.98,322.98,322.98,322.98,39.984924
1788083100000,322.81,322.81,322.79,322.79,40.60754
1788084000000,323.01,323.2,323.01,323.2,1189.317584
1788087600000,323.24,323.24,323.1,323.1,107.93878
1788093000000,323.25,323.27,323.25,323.27,300.432018
1788096600000,323.28,323.28,323.28,323.28,19.978704
1788100200000,323.28,323.28,323.28,323.28,23.987376
1788102900000,323.1,323.1,323.1,323.1,92.0835
1788103800000,323.1,323.29,323.1,323.29,40.211253
1788104700000,323.34,323.4,323.34,323.4,47.373948
1788105600000,323.42,323.43,323.1,323.43,285.330764
1788111900000,323.46,323.46,323.28,323.28,96.220872
1788112800000,323.5,323.5,323.28,323.28,23.93086
1788116400000,323.5,323.51,323.25,323.25,437.932468
1788117300000,323.51,323.51,323.22,323.22,580.946248
1788119100000,323.37,323.51,323.11,323.51,1076.620665
1788120000000,323.11,323.56,323.11,323.21,543.691442
1788121800000,323.56,323.56,323.56,323.56,9.998004
1788129000000,323.56,323.56,322.38,322.38,1785.921082
1788130800000,322.66,322.66,322.65,322.65,103.186602
1788131700000,322.65,322.65,319.8,319.8,13667.846243
1788133500000,319.75,319.75,319.7,319.7,509.77672
1788134400000,319.0,319.47,318.5,319.17,2557886.9
1788135300000,319.13,319.34,319.12,319.28,314743.79
1788136200000,319.29,319.5,319.23,319.45,333451.24
1788137100000,319.44,319.46,319.12,319.12,272992.63
1788138000000,319.15,319.56,319.12,319.35,640158.64
1788138900000,319.34,319.37,319.16,319.27,280625.24
1788139800000,319.24,319.26,319.12,319.19,229497.96
1788140700000,319.2,319.29,319.12,319.14,409228.31
1788141600000,319.11,319.28,319.11,319.16,245792.48
1788142500000,319.21,319.21,318.86,319.06,551247.09
1788143400000,319.04,319.04,318.76,318.76,170905.42
1788144300000,318.81,319.05,318.79,319.03,505679.59
1788145200000,318.99,319.18,318.99,319.04,267093.95
1788146100000,319.11,319.11,318.97,319.04,402639.33
1788147000000,319.05,319.11,318.95,319.04,1146377.66
1788147900000,319.04,319.43,319.03,319.36,314440.28
1788148800000,319.4,319.42,319.28,319.28,487380.18
1788149700000,319.3,319.3,319.24,319.3,53638.85
1788150600000,319.3,319.59,319.26,319.35,402136.56
1788151500000,319.47,319.81,319.4,319.59,327304.75
1788152400000,319.6,320.05,319.6,319.89,1362624.56
1788153300000,319.83,319.95,319.71,319.73,565070.19
1788154200000,319.7,319.7,319.5,319.56,953704.52
1788155100000,319.57,319.69,319.55,319.55,120487.15
1788156000000,319.59,319.61,319.43,319.59,619844.77
1788156900000,319.48,319.54,319.31,319.36,686745.75
1788157800000,319.33,319.33,319.14,319.18,361695.81
1788158700000,319.2,319.26,319.01,319.07,665345.43
1788159600000,319.04,319.18,318.98,318.98,1105212.54
1788160500000,319.02,319.12,318.85,318.85,553768.31
1788161400000,318.94,318.94,318.69,318.69,701978.2
1788162300000,318.71,320.015,318.68,319.09,715095.27
1788163200000,319.03,319.864,318.62,318.64,20836832.14213547
1788164100000,318.89,319.448,318.62,319.27,2589653.3825311
1788165000000,319.4,319.494,319.325,319.41,2611256.89431327
1788165900000,319.451,319.625,319.261,319.305,3255145.48776478
1788166800000,319.305,319.495,319.305,319.43,3747782.27476701
1788167700000,319.43,319.46,319.31,319.435,2089019.1730799263
1788168600000,319.435,319.555,319.435,319.555,2096523.53476522
1788169500000,319.52,319.905,319.52,319.52,3877549.74403818
1788170400000,319.64,319.65,319.487,319.56,771762.63514964
1788171300000,319.6,319.6,319.335,319.42,3386814.86638163
1788172200000,319.371,319.57,319.371,319.56,1245725.37785546
1788173100000,319.562,319.6,319.403,319.403,1417314.03328913
1788174000000,319.43,319.485,319.245,319.43,6278622.65979548
1788174900000,319.09,319.345,318.6,319.09,3626440.38165786
1788175800000,319.09,319.164,318.706,319.09,3591492.03465604
1788176700000,318.92,319.032,318.906,319.005,100841025.16238476
1788177600000,318.79,319.045,318.49,318.8,6965934.5343161
1788178500000,318.724,318.83,318.47,318.474,4644803.329458
1788179400000,318.475,318.738,318.461,318.685,7289224.575486576
1788180300000,318.87,319.09,318.685,319.07,5981362.80212249
1788181200000,319.1,320.356,319.027,320.26,24318764.71528527
1788182100000,320.16,320.595,319.499,319.51,27153512.49638376
1788183000000,319.7,321.205,317.09,317.365,786501141.6328167
1788183900000,317.31,318.09,316.77,317.23,552404155.4549365
1788184800000,317.23,317.274,315.79,316.52,364886403.9035804
1788185700000,316.485,316.87,315.44,315.71,256929131.9155712
1788186600000,315.69,315.703,314.37,314.965,314838389.9732355
1788187500000,314.96,315.63,314.752,315.45,251331876.16372913
1788188400000,315.435,315.79,315.045,315.305,219799676.6950905
1788189300000,315.37,315.43,314.91,315.045,256181706.62318754
1788190200000,315.06,315.21,314.61,314.9,180607200.21800333
1788191100000,314.905,315.14,314.605,314.67,158024079.54277602
1788192000000,314.67,314.71,313.96,314.443,309945288.739462
1788192900000,314.448,314.87,314.0,314.668,266747584.02854493
1788193800000,314.62,315.89,312.87,313.465,687216580.2764354
1788194700000,313.49,313.91,313.41,313.78,182133721.579754
1788195600000,313.78,314.04,313.41,314.035,162652188.96032798
1788196500000,314.02,314.24,313.76,313.89,191127719.08982396
1788197400000,313.84,314.25,313.385,314.16,186504322.36741397
1788198300000,314.185,315.18,314.167,315.085,212047210.95422244
1788199200000,315.09,315.71,314.905,315.365,239483129.34741658
1788200100000,315.34,316.02,315.15,315.665,210687170.15383
1788201000000,315.682,315.92,315.02,315.28,221125534.41684312
1788201900000,315.26,315.475,315.21,315.395,125942721.51732764
1788202800000,315.45,316.07,315.396,316.025,187058283.1279039
1788203700000,316.03,316.155,315.665,316.07,221670007.4205254
1788204600000,316.04,316.525,315.76,316.45,351163090.26901746
1788205500000,316.41,317.66,315.72,317.14,1392576784.2495184
1788206400000,316.87,316.957,316.535,316.87,4269516435.8088446
1788207300000,316.695,316.769,316.435,316.575,79622709.23910213
1788208200000,316.575,317.075,316.545,316.731,38404509.13084406
1788209100000,316.71,316.87,316.606,316.87,261085469.52117053
1788210000000,316.835,317.05,316.835,317.05,161595902.6247687
1788210900000,317.05,317.079,317.05,317.072,8537303.94244432
1788211800000,317.08,317.275,317.06,317.06,1837127.21799484
1788212700000,317.275,317.275,317.06,317.06,597805.11104671
1788213600000,317.06,317.135,317.06,317.07,1423534.47620323
1788214500000,317.07,317.07,317.065,317.07,1747677.97871517
1788215400000,317.07,317.085,317.055,317.055,1277620.05473654
1788216300000,317.055,317.085,316.736,316.895,2435684.9447351
1788217200000,316.895,316.919,316.83,316.87,1659784.30089112
1788218100000,316.87,316.87,316.786,316.807,507139.9929631556
1788219000000,316.818,316.96,316.818,316.935,1129013.3477842421
1788219900000,316.935,316.975,316.92,316.975,1383608.99398013
1788220800000,317.11,317.41,317.07,317.12,200774.59
1788221700000,317.16,317.22,316.92,316.99,352627.48
1788222600000,317.02,317.15,316.93,317.05,403656.61
1788223500000,317.03,317.03,316.91,316.92,88753.22
1788224400000,316.91,316.93,316.79,316.85,290862.93
1788225300000,316.84,316.85,316.64,316.7,234071.62
1788226200000,316.74,316.92,316.65,316.72,148892.9
1788227100000,316.78,316.87,316.75,316.83,78566.64
1788228000000,316.83,316.94,316.78,316.91,257932.5
1788228900000,316.9,316.94,316.8,316.82,52283.3
1788229800000,316.85,316.94,316.82,316.82,226265.86
1788230700000,316.83,316.89,316.73,316.81,129895.38
1788231600000,316.82,316.91,316.8,316.83,166977.56
1788232500000,316.84,316.91,316.78,316.79,124204.37
1788233400000,316.8,316.83,316.75,316.78,132731.59
1788234300000,316.79,316.88,316.64,316.73,713650.63
1788235200000,316.8,316.81,316.62,316.66,77587.66
1788236100000,316.74,316.79,316.59,316.67,156135.03
1788237000000,316.64,316.77,316.62,316.74,142523.82
1788237900000,316.75,316.79,316.45,316.5,756213.97
1788238800000,316.44,316.46,316.39,316.43,91448.87
1788239700000,316.48,316.48,316.28,316.42,532420.13
1788240600000,316.48,316.6,316.14,316.39,816380.9
1788241500000,316.36,317.04,316.21,316.95,1239406.92
1788242400000,316.88,316.89,316.68,316.82,662691.18
1788243300000,316.79,316.81,316.71,316.71,360468.36
1788244200000,316.69,316.72,316.26,316.32,1342770.31
1788245100000,316.31,316.62,316.31,316.62,94645.25
1788246000000,316.6,316.71,316.47,316.71,729410.2
1788246900000,316.68,316.68,316.57,316.68,25649.56
1788247800000,316.64,316.64,316.12,316.2,421042.68
1788248700000,316.17,316.28,316.0,316.0,771821.67
1788249600000,316.49,316.898,316.09,316.09,18774667.78653134
1788250500000,316.14,316.148,315.795,316.049,4323852.53448107
1788251400000,316.05,316.14,315.64,315.675,3386937.68426999
1788252300000,315.61,315.71,315.395,315.61,1971628.03085448
1788253200000,315.76,316.08,315.7,315.73,5052890.70067044
1788254100000,315.85,316.325,315.745,315.93,2557193.99799369
1788255000000,316.07,316.225,315.747,315.87,4661156.04724392
1788255900000,315.77,315.9,315.77,315.77,3055318.41584177
1788256800000,315.71,315.85,315.4,315.58,6985097.67313815
1788257700000,315.5,315.985,315.5,315.985,1255993.21070488
1788258600000,316.01,316.194,315.9,315.91,1538123.24815749
1788259500000,315.83,315.927,315.75,315.83,2147520.54330704
1788260400000,315.928,316.242,315.801,316.242,6460163.88217106
1788261300000,316.25,316.684,316.101,316.29,6503128.70796287
1788262200000,316.33,316.693,316.22,316.66,2982419.34168368
1788263100000,316.69,317.0,316.6,316.78,6175504.48901828
1788264000000,316.76,317.075,316.595,316.76,115351881.2869744
1788264900000,316.64,316.828,316.597,316.64,6562388.73540103
1788265800000,316.85,317.624,316.541,317.6,10313359.37549458
1788266700000,317.05,317.395,316.508,317.12,11963377.08060352
1788267600000,316.28,316.587,316.092,316.2,12791901.12217407
1788268500000,316.21,317.207,315.801,316.965,19806779.21846203
1788269400000,316.97,319.33,314.72,319.095,1207464651.9637575
1788270300000,319.14,322.76,319.05,322.571,1508542703.8318396
1788271200000,322.695,323.53,321.48,323.41,1049487640.2698239
1788272100000,323.4,325.37,323.03,325.345,1048326193.498814
1788273000000,325.355,325.85,324.25,324.68,819785785.6681418
1788273900000,324.71,325.26,324.265,324.39,424890218.14447194
1788274800000,324.31,324.385,322.74,323.357,575575844.6444552
1788275700000,323.365,325.43,323.35,324.556,628818737.4845493
1788276600000,324.615,325.27,324.01,325.19,326549593.9935155
1788277500000,325.15,327.19,324.88,326.35,759944379.5015156
1788278400000,326.36,326.52,325.545,325.545,311556902.1122091
1788279300000,325.53,327.3,325.34,326.67,395366387.700222
1788280200000,326.63,326.86,325.43,325.49,400922297.1301652
1788281100000,325.5,326.245,325.33,325.88,319790552.9270539
1788282000000,325.85,325.96,324.95,325.11,464617016.28927636
1788282900000,325.06,325.33,324.5,324.66,279450474.2111046
1788283800000,324.676,324.89,324.33,324.871,290707323.9466186
1788284700000,324.895,325.215,324.526,325.19,262427985.48351997
1788285600000,325.215,325.76,324.76,324.91,258145308.17595562
1788286500000,324.92,325.51,324.63,325.23,269520336.7873614
1788287400000,325.205,325.235,324.427,324.64,215332231.86981112
1788288300000,324.62,325.85,324.46,325.56,335818008.75694036
1788289200000,325.51,325.85,325.08,325.78,294351116.12907946
1788290100000,325.79,325.915,325.385,325.55,292776386.99729764
1788291000000,325.62,325.71,325.155,325.39,338433845.9126255
1788291900000,325.36,325.88,324.12,325.13,1517725893.570867
1788292800000,325.154,325.236,324.905,324.905,2813645680.2962847
1788293700000,324.905,325.152,324.75,324.75,9838398.458673526
1788294600000,324.79,324.95,324.566,324.79,6059092.32106124
1788295500000,324.841,325.055,324.781,324.855,24503619.52797873
1788296400000,324.855,324.985,324.796,324.81,195691100.1735529
1788297300000,324.81,324.81,324.601,324.64,2781022.97978798
1788298200000,324.64,324.72,324.64,324.72,8202803.69280328
1788299100000,324.65,324.72,324.6,324.65,7100750.63242557
1788300000000,324.675,324.924,324.67,324.675,9615475.38927596
1788300900000,324.78,324.87,324.602,324.79,1585321.65766083
1788301800000,324.87,324.87,324.6,324.87,1917885.4821893407
1788302700000,324.87,324.95,324.754,324.87,1618385.43273599
1788303600000,324.812,324.984,324.812,324.925,1372907.98665573
1788304500000,324.925,324.925,324.75,324.858,3090806.10450808
1788305400000,324.879,325.005,324.879,324.99,2072595.41487766
1788306300000,324.99,325.148,324.99,325.12,4440455.1700952
1788307200000,324.86,325.08,324.77,324.89,403523.08
1788308100000,324.88,324.96,324.74,324.79,195219.64
1788309000000,324.77,324.91,324.56,324.83,291288.41
1788309900000,324.92,325.05,324.79,324.95,268404.33
1788310800000,324.95,324.98,324.72,324.72,612052.23
1788311700000,324.73,324.86,324.71,324.74,53913.24
1788312600000,324.74,324.74,324.45,324.51,682563.76
1788313500000,324.53,324.71,324.47,324.69,324573.64
1788314400000,324.66,324.68,324.5,324.6,90559.09
1788315300000,324.58,324.76,324.49,324.76,686528.12
1788316200000,324.65,324.68,324.62,324.68,47073.96
1788317100000,324.68,324.82,324.68,324.82,502056.61
1788318000000,324.84,324.85,324.73,324.83,289100.96
1788318900000,324.79,324.84,324.74,324.81,103931.86
1788319800000,324.82,324.9,324.68,324.69,541988.6
1788320700000,324.7,324.76,324.69,324.69,105208.04
1788321600000,324.68,324.68,324.43,324.43,445543.72
1788322500000,324.51,324.6,324.42,324.49,163889.39
1788323400000,324.54,324.58,324.47,324.55,179143.63
1788324300000,324.55,324.71,324.54,324.71,156150.33
1788325200000,324.71,324.71,324.58,324.69,228872.75
1788326100000,324.67,324.8,324.6,324.75,122095.34
1788327000000,324.76,324.9,324.47,324.61,387292.43
1788327900000,324.6,324.65,324.53,324.6,161653.27
1788328800000,324.63,324.66,324.19,324.46,694132.49
1788329700000,324.43,324.43,324.06,324.07,522500.55
1788330600000,324.12,324.61,324.02,324.6,890332.25
1788331500000,324.57,324.79,324.44,324.71,352815.88
1788332400000,324.71,325.47,324.71,325.04,993485.05
1788333300000,325.05,325.16,324.84,324.84,372452.13
1788334200000,324.91,324.97,324.86,324.87,168629.28
1788335100000,324.96,325.0,324.7,325.0,335300.22
1788336000000,325.14,325.394,324.786,324.786,12056651.2063393
1788336900000,324.65,325.225,324.6,324.84,1314905.4242069
1788337800000,324.785,325.035,324.785,324.83,948096.31832525
1788338700000,324.83,324.83,324.355,324.555,2797632.30994867
1788339600000,324.555,324.83,324.555,324.745,1003092.84385809
1788340500000,324.54,324.745,324.54,324.55,3898675.9842347
1788341400000,324.61,324.765,324.555,324.61,2960700.06391043
1788342300000,324.74,324.914,324.65,324.77,2399242.54081306
1788343200000,324.7,324.775,324.655,324.73,2576125.104217556
1788344100000,324.73,324.789,324.631,324.76,2425299.587137999
1788345000000,324.76,324.875,324.66,324.66,3290857.20103122
1788345900000,324.87,325.292,324.66,324.96,2749953.25151132
1788346800000,325.12,326.305,325.045,325.87,17832190.39524575
1788347700000,325.74,325.912,325.229,325.59,5623011.10838797
1788348600000,325.805,326.3,325.663,326.3,10894812.341043817
1788349500000,326.19,326.513,326.035,326.39,8811527.4954546
1788350400000,326.29,326.632,326.111,326.55,27032213.12889628
1788351300000,326.61,326.8,326.546,326.73,16705931.66306604
1788352200000,326.68,326.935,326.524,326.53,40984456.04263752
1788353100000,326.523,326.906,326.49,326.85,36203527.959123336
1788354000000,326.95,327.035,326.735,326.77,22703065.69040915
1788354900000,326.72,327.38,326.144,326.86,33496074.43143833
1788355800000,327.02,328.36,324.085,325.42,954422207.6308677
1788356700000,325.465,325.57,324.45,325.22,524511830.54804724
1788357600000,325.15,325.201,323.56,324.019,758243968.2289575
1788358500000,324.013,324.94,323.63,324.569,389691808.72033095
1788359400000,324.59,324.83,324.0,324.71,251344906.62223288
1788360300000,324.69,325.07,324.175,324.63,274000959.76188207
1788361200000,324.645,324.945,324.1,324.475,178335846.3104357
1788362100000,324.51,326.545,324.434,326.53,339076361.1637979
1788363000000,326.57,327.055,324.94,325.12,650673192.4560806
1788363900000,325.12,325.48,323.965,325.03,416528222.5267398
1788364800000,325.05,326.18,324.95,325.32,473665176.562287
1788365700000,325.31,325.327,324.125,324.65,301473544.6218386
1788366600000,324.655,325.67,324.63,325.39,238398777.22982076
1788367500000,325.435,326.225,325.37,326.15,243956120.72480676
1788368400000,326.155,326.49,325.465,325.59,230381226.26377824
1788369300000,325.55,325.985,325.08,325.08,163964818.84985626
1788370200000,325.07,325.455,324.705,325.35,173497104.12417063
1788371100000,325.32,326.195,325.32,325.97,209736152.1647477
1788372000000,325.965,326.33,325.74,326.0,235259741.5264109
1788372900000,325.98,326.47,325.96,326.3,210632454.39740166
1788373800000,326.298,326.45,325.25,325.31,256307766.37120152
1788374700000,325.36,325.39,324.865,324.97,195190422.76382807
1788375600000,324.985,325.805,324.67,325.53,269767357.82205343
1788376500000,325.46,325.72,325.29,325.66,243395758.8879571
1788377400000,325.62,325.955,324.98,325.2,320489912.83720815
1788378300000,325.19,325.51,324.665,325.02,663194047.4665757
1788379200000,324.93,325.03,324.825,324.93,1778743888.8248167
1788380100000,324.83,325.05,324.8,324.83,11079139.51739949
1788381000000,324.98,325.05,324.98,324.995,9832312.657397
1788381900000,324.997,325.034,324.925,324.95,22243890.07850603
1788382800000,324.95,324.98,324.95,324.98,1550275.45143075
1788383700000,324.6,324.98,324.01,324.09,6572108.02177571
1788384600000,324.63,324.829,324.412,324.63,15348438.37657122
1788385500000,324.74,324.802,324.74,324.74,2163163.94043817
1788386400000,324.31,324.718,324.18,324.18,2391945.56257516
1788387300000,324.51,324.66,324.446,324.51,2368135.72673911
1788388200000,324.591,324.8,324.59,324.6,1400559.11982881
1788389100000,324.6,324.75,324.6,324.67,815811.75995332
1788390000000,324.67,324.747,324.665,324.665,1469614.74830926
1788390900000,324.665,324.739,324.6,324.739,658672.33055678
1788391800000,324.66,324.8,324.6,324.69,661977.25929153
1788392700000,324.645,324.955,324.645,324.756,2079643.67955447
1788393600000,324.79,324.92,324.49,324.49,355071.53
1788394500000,324.48,324.86,324.31,324.66,492709.13
1788395400000,324.64,324.65,324.51,324.63,309018.84
1788396300000,324.62,324.73,324.51,324.61,303880.64
1788397200000,324.6,324.65,324.51,324.65,555602.54
1788398100000,324.66,324.72,324.43,324.49,254141.12
1788399000000,324.6,324.68,324.49,324.54,397858.18
1788399900000,324.49,324.56,324.2,324.28,427589.41
1788400800000,324.29,324.54,324.27,324.54,47037.91
1788401700000,324.53,324.58,324.49,324.51,131755.5
1788402600000,324.53,324.58,324.46,324.48,88920.91
1788403500000,324.51,324.55,324.45,324.53,155110.2
1788404400000,324.53,324.77,324.53,324.77,203555.49
1788405300000,324.73,324.97,324.67,324.89,602236.88
1788406200000,324.89,324.97,324.88,324.96,206314.35
1788407100000,324.94,324.94,324.77,324.85,222520.55
1788408000000,324.81,324.89,324.66,324.78,89963.69
1788408900000,324.81,324.89,324.8,324.8,282969.92
1788409800000,324.82,324.82,324.71,324.76,135741.7
1788410700000,324.76,324.85,324.72,324.78,272510.28
1788411600000,324.74,324.75,324.4,324.42,442075.19
1788412500000,324.42,324.47,323.99,324.07,934790.88
1788413400000,324.15,324.32,324.13,324.32,255130.28
1788414300000,324.3,324.51,324.29,324.51,48340.79
1788415200000,324.58,324.71,324.55,324.63,162664.83
1788416100000,324.63,324.65,324.52,324.62,53558.04
1788417000000,324.56,324.58,324.48,324.58,22392.55
1788417900000,324.57,324.57,324.46,324.53,24987.92
1788418800000,324.57,325.23,324.57,324.97,1366165.97
1788419700000,324.92,325.1,324.86,325.01,185578.34
1788420600000,325.1,325.5,325.06,325.41,1774433.52
1788421500000,325.39,325.46,325.31,325.46,1009047.45
1788422400000,324.808,325.572,324.808,325.34,33382254.759187248
1788423300000,325.342,325.35,325.19,325.35,2238821.900618667
1788424200000,325.333,325.39,325.25,325.35,1015805.9741555976
1788425100000,325.35,325.358,325.152,325.181,935938.5735900194
1788426000000,325.177,325.295,325.02,325.15,2016775.3012876245
1788426900000,325.15,325.15,324.925,325.022,2542062.853800174
1788427800000,325.023,325.15,324.9,324.999,1830955.6360437854
1788428700000,325.0,325.0,324.62,324.735,3359913.4584808764
1788429600000,324.735,324.902,324.6,324.6,2039794.0020800007
1788430500000,324.6,324.85,324.6,324.655,1633187.5213130368
1788431400000,324.655,324.689,324.54,324.54,3255189.676617848
1788432300000,324.54,324.54,324.25,324.25,5358465.905076184
1788433200000,324.25,324.404,324.0,324.08,10930224.38047476
1788434100000,324.08,324.355,324.08,324.15,8585261.541372314
1788435000000,324.15,324.4,323.815,324.151,6625760.824423354
1788435900000,324.149,324.202,323.63,323.63,14070578.091198498
1788436800000,323.63,324.05,323.394,323.8,15292734.90346143
1788437700000,323.799,324.0,323.625,323.999,12626912.854111323
1788438600000,323.988,324.524,323.865,324.026,11180744.740906892
1788439500000,324.025,324.71,323.78,324.67,24102286.878933977
1788440400000,324.67,324.697,323.836,324.195,19001751.55917109
1788441300000,324.195,324.881,323.762,324.838,18628982.722293295
1788442200000,324.91,327.44,324.165,326.454,860026293.5223733
1788443100000,326.4,326.96,325.59,326.68,451590224.809338
1788444000000,326.58,328.09,326.045,328.066,415524464.4213616
1788444900000,328.076,330.32,328.01,329.8,1037475622.7823446
1788445800000,329.76,330.68,327.95,328.356,738271491.5494918
1788446700000,328.351,328.91,327.685,327.98,496230018.39963275
1788447600000,328.04,330.8,328.02,330.419,523460668.8584293
1788448500000,330.427,330.76,329.51,329.83,620022032.056436
1788449400000,329.837,330.48,329.28,329.691,355560124.15369326
1788450300000,329.66,329.87,329.29,329.787,202058723.30963346
1788451200000,329.784,330.02,329.45,329.979,278215378.4586419
1788452100000,330.02,330.57,329.554,330.057,368186954.2532609
1788453000000,330.04,330.23,329.75,329.846,245168812.33287802
1788453900000,329.845,329.847,328.9,328.949,205014880.09966657
1788454800000,328.951,329.005,328.09,328.141,207444383.12791693
1788455700000,328.137,328.32,327.485,327.756,349268582.47960854
1788456600000,327.753,328.01,326.76,326.941,351585777.4351466
1788457500000,326.925,327.295,326.68,326.899,280777547.0321037
1788458400000,326.9,327.45,326.899,327.321,307171073.6408322
1788459300000,327.37,327.56,326.945,327.111,239297076.0492694
1788460200000,327.118,327.285,326.907,326.907,270294376.07258207
1788461100000,326.905,327.255,326.55,327.2,331722758.27130675
1788462000000,327.197,327.625,327.1,327.374,240806398.6636349
1788462900000,327.35,327.83,327.26,327.794,327327065.73690975
1788463800000,327.78,327.84,327.42,327.773,371230374.0006665
1788464700000,327.8,328.73,327.72,328.23,1060817795.2351938
1788465600000,328.091,328.155,327.879,328.005,2634838425.231963
1788466500000,328.005,328.005,327.655,327.965,153487492.6768693
1788467400000,327.965,328.105,327.94,327.965,63045677.46829391
1788468300000,327.965,328.015,327.965,327.97,34411423.8753855
1788469200000,327.97,327.975,327.9,327.925,190616849.01328346
1788470100000,327.925,327.98,327.925,327.926,1799313.606909009
1788471000000,327.925,328.01,327.921,328.01,7777112.698620188
1788471900000,328.01,328.02,327.925,327.998,1291640.3178481306
1788472800000,327.999,328.015,327.852,327.993,2107499.477623389
1788473700000,327.997,328.015,327.8,327.8,2290555.92426679
1788474600000,327.8,327.994,327.8,327.84,2279725.2608238617
1788475500000,327.84,328.0,327.84,327.865,778272.4156053273
1788476400000,327.865,327.885,327.865,327.885,1088578.7112398883
1788477300000,327.885,327.885,327.866,327.88,600007.8323687076
1788478200000,327.88,327.899,327.876,327.89,943207.5891184364
1788479100000,327.89,327.9,327.795,327.795,3660485.9879137697
1788480000000,327.7,328.27,327.7,328.27,289334.0
1788480900000,328.19,328.25,327.97,328.04,322557.24
1788481800000,328.06,328.15,327.93,328.09,322765.57
1788482700000,328.07,328.29,328.01,328.19,633667.08
1788483600000,328.11,328.29,328.1,328.15,179845.78
1788484500000,328.17,328.36,328.17,328.2,111942.19
1788485400000,328.26,328.34,328.21,328.27,98483.76
1788486300000,328.27,328.28,328.08,328.18,224120.36
1788487200000,328.18,328.24,328.1,328.19,332787.28
1788488100000,328.18,328.27,328.03,328.2,193273.66
1788489000000,328.2,328.37,328.2,328.33,209793.03
1788489900000,328.34,328.34,328.22,328.3,174973.49
1788490800000,328.3,328.39,328.3,328.37,153017.22
1788491700000,328.38,328.49,328.35,328.35,188524.57
1788492600000,328.39,328.49,328.39,328.41,163243.59
1788493500000,328.35,328.44,328.29,328.29,134296.78
1788494400000,328.29,328.32,328.2,328.29,189731.7
1788495300000,328.31,328.35,328.26,328.35,115892.45
1788496200000,328.3,328.39,328.22,328.22,228520.53
1788497100000,328.23,328.33,328.17,328.17,200892.83
1788498000000,328.15,328.21,328.13,328.21,123716.44
1788498900000,328.19,328.25,328.14,328.16,134889.91
1788499800000,328.16,328.16,328.06,328.11,187346.23
1788500700000,328.1,328.18,328.05,328.16,148303.08
1788501600000,328.19,328.25,327.53,327.78,1306548.86
1788502500000,327.76,327.76,327.26,327.26,1013503.23
1788503400000,327.28,327.34,326.35,327.04,1948262.85
1788504300000,326.89,327.28,326.87,327.04,537405.31
1788505200000,327.15,327.3,326.81,327.04,640719.9
1788506100000,326.99,327.08,326.85,326.89,618990.97
1788507000000,326.89,327.15,326.88,327.14,257720.89
1788507900000,327.17,327.24,327.0,327.0,633643.39
1788508800000,327.618,328.08,326.871,327.146,24443581.935753025
1788509700000,327.145,327.235,326.985,327.235,3667693.2556995396
1788510600000,327.235,327.495,327.16,327.484,2011247.4547455106
1788511500000,327.485,327.485,327.054,327.325,5041592.034992255
1788512400000,327.325,327.365,327.01,327.1,6071259.5583013445
1788513300000,327.1,327.145,326.875,326.875,3099170.03533646
1788514200000,326.92,327.208,326.612,327.17,1298723.8272997586
1788515100000,327.17,327.175,325.92,326.079,14509019.339723537
1788516000000,326.077,326.435,325.992,326.165,2930883.8894369183
1788516900000,326.165,326.61,325.786,326.48,15230157.894790618
1788517800000,326.48,326.74,326.48,326.69,2019270.144367869
1788518700000,326.69,326.74,326.492,326.492,2796221.116068946
1788519600000,326.51,327.426,326.455,326.455,11865269.397067543
1788520500000,326.455,326.905,326.386,326.805,8814281.50751217
1788521400000,326.805,327.16,326.805,327.123,16598158.001758866
1788522300000,327.124,327.85,327.03,327.406,6222900.92932439
1788523200000,327.407,327.588,326.33,326.497,17531626.321499467
1788524100000,326.498,326.86,326.15,326.82,12179982.829125542
1788525000000,326.82,327.437,326.444,327.43,33436167.409614343
1788525900000,327.43,328.238,327.326,327.624,28559870.489014637
1788526800000,327.625,327.899,327.3,327.703,10549772.09579082
1788527700000,327.699,328.423,327.36,328.29,20376036.62767878
1788528600000,328.305,328.93,324.28,324.82,1043699014.4946157
1788529500000,324.89,324.89,323.06,323.695,843546532.6178299
1788530400000,323.62,323.66,321.21,321.21,764976864.276258
1788531300000,321.2161,321.89,320.44,320.71,898954816.4982253
1788532200000,320.73,321.16,319.88,320.03,638929414.1767218
1788533100000,320.04,320.23,318.3,318.44,739402466.3460778
1788534000000,318.44,319.4,317.86,319.285,770016655.7590808
1788534900000,319.285,319.51,318.57,319.47,444118666.84117156
1788535800000,319.47,320.59,319.11,320.34,559159337.6029341
1788536700000,320.33,321.28,320.16,321.01,484492573.3942313
1788537600000,321.025,321.269,320.66,321.0499,371137237.3250561
1788538500000,321.04,321.3292,320.42,320.5,368101320.77893907
1788539400000,320.5174,321.14,320.4101,320.84,260947740.05262893
1788540300000,320.85,321.24,320.7701,321.03,255815359.91201502
1788541200000,321.045,321.59,320.93,321.2092,309041639.0625
1788542100000,321.2005,321.9,321.1901,321.685,338900463.1898735
1788543000000,321.68,321.68,320.74,320.965,237828310.67861003
1788543900000,320.96,321.44,320.88,321.015,215485795.86690292
1788544800000,321.02,321.31,320.93,321.27,185013219.41641316
1788545700000,321.27,321.31,320.87,320.88,194397509.26941082
1788546600000,320.88,321.3613,320.86,321.35,202939037.53268957
1788547500000,321.355,321.83,321.33,321.665,307722987.49061906
1788548400000,321.66,322.1,321.38,321.99,322745362.4655571
1788549300000,322.0,322.04,321.645,321.785,355312862.6564016
1788550200000,321.77,321.8091,320.64,320.68,403188834.3530775
1788551100000,320.66,320.84,319.68,319.97,1089849137.4576237
1788552000000,319.77,320.05,319.62,319.98,2236671980.5095887
1788552900000,319.97,320.05,319.94,320.0423,23185418.245217204
1788553800000,320.04,320.12,319.69,319.8,53093736.4044772
1788554700000,319.8,319.95,319.6,319.7562,59412031.6259946
1788555600000,319.78,319.96,319.6165,319.87,5740352.901912666
1788556500000,319.86,320.0195,319.8436,319.93,406127354.4160244
1788557400000,319.95,319.99,319.86,319.96,3523482.34843404
1788558300000,319.95,319.98,319.9115,319.98,2859095.2515887474
1788559200000,319.9224,320.1,319.9224,320.09,5991815.075250823
1788560100000,320.09,320.24,320.01,320.1,4370493.545710473
1788561000000,320.1975,320.2,320.1,320.13,3312311.3715621084
1788561900000,320.16,320.2,320.1,320.19,3884075.323333339
1788562800000,320.18,320.2,320.1542,320.19,2769611.161602396
1788563700000,320.1831,320.21,320.1,320.16,3649903.872594701
1788564600000,320.158,320.16,320.01,320.1,3566231.9098408315
1788565500000,320.0993,320.15,320.0017,320.0224,5546698.81199198
1788566400000,319.89,320.01,319.89,320.01,48.754176
1788568200000,320.01,320.07,320.01,320.07,14.722638
1788570000000,320.11,320.11,320.11,320.11,14.981148
1788570900000,320.11,320.35,319.64,319.64,35.072251
1788572700000,320.35,320.35,319.65,320.28,73.252578
1788574500000,320.03,320.03,320.03,320.03,230.069567
1788575400000,320.05,320.05,319.91,319.91,127.098389
1788576300000,320.05,320.05,320.05,320.05,19.97112
1788579000000,319.91,319.91,319.91,319.91,10.684994
1788580800000,320.07,320.07,319.84,319.84,303.866464
1788581700000,320.08,320.08,319.83,319.83,208.713631
1788583500000,320.18,320.18,319.51,319.74,2786.733984
1788584400000,319.74,319.74,319.45,319.45,54.495718
1788585300000,319.74,319.74,319.45,319.74,147.550034
1788590700000,319.81,319.81,319.81,319.81,246.989263
1788595200000,319.83,319.83,319.74,319.74,109.686255
1788599700000,319.83,319.86,319.83,319.86,137.083258
1788600600000,319.86,319.86,319.86,319.86,35.98425
1788602400000,319.86,319.86,319.86,319.86,105.87366
1788603300000,319.87,320.5,319.87,320.5,1020.515535
1788604200000,320.39,320.39,320.39,320.39,59.176033
1788606000000,320.42,320.44,320.42,320.44,549.104428
1788607800000,320.44,320.44,320.31,320.31,62.088675
1788611400000,320.31,320.54,320.26,320.26,176.487863
1788615000000,320.44,320.44,320.26,320.26,128.239012
1788618600000,320.56,320.57,320.4,320.4,125.892118
1788620400000,320.4,320.4,320.4,320.4,36.87804
1788621300000,320.49,320.49,320.4,320.4,66.366351
1788623100000,320.55,320.55,320.55,320.55,24.970845
1788624000000,320.88,320.9,320.41,320.41,442.359168
1788629400000,320.57,320.66,320.57,320.66,402.152708
1788631200000,320.71,320.71,320.71,320.71,3.688165
1788639300000,320.71,320.71,320.71,320.71,15.009228
1788642900000,320.71,320.71,320.71,320.71,118.6627
1788647400000,320.48,320.48,320.48,320.48,73.101488
1788653700000,320.72,320.72,320.72,320.72,317.897664
1788657300000,320.75,320.75,320.75,320.75,29.70145
1788664500000,320.78,320.78,320.72,320.72,201.9442
1788669900000,320.72,320.72,320.72,320.72,18.024464
1788670800000,320.72,320.72,320.72,320.72,158.018744
1788672600000,320.84,320.84,320.84,320.84,29.99854
1788679800000,320.72,320.72,320.72,320.72,120.558648
1788682500000,320.88,320.88,320.88,320.88,51.116184
1788685200000,320.89,320.89,320.89,320.89,99.989324
1788688800000,320.91,320.91,320.91,320.91,15.788772
1788701400000,320.91,320.91,320.91,320.91,19.992693
1788702300000,320.72,320.72,320.72,320.72,10.808264
1788704100000,320.91,320.91,320.91,320.91,381.8829
1788705000000,320.99,320.99,320.99,320.99,23.977953
1788706800000,320.72,320.72,320.69,320.69,538.656526
1788707700000,320.69,320.69,320.64,320.64,553.306894
1788709500000,320.64,320.84,320.64,320.84,55.293916
1788710400000,320.9,320.9,320.9,320.9,59.97621
1788717600000,320.89,320.89,320.89,320.89,299.967972
1788721200000,320.93,320.93,320.93,320.93,21.438124
1788723000000,320.92,320.92,320.92,320.92,39.986632
1788731100000,320.79,320.79,320.79,320.79,186.69978
1788734700000,320.92,320.92,320.92,320.92,24.999668
1788737400000,320.99,320.99,320.99,320.99,39.995354
1788740100000,320.79,320.79,320.79,320.79,130.304898
1788742800000,320.99,321.3,320.81,320.81,3504.34718
1788745500000,320.88,320.88,320.88,320.88,172.825968
1788750000000,320.66,320.79,320.54,320.54,748.374967
1788756300000,320.77,320.77,320.54,320.54,109.407486
1788766200000,320.8,320.8,320.54,320.54,51.222634
1788768900000,320.81,320.81,320.81,320.81,10.426325
1788769800000,320.54,320.54,320.54,320.54,307.39786
1788771600000,320.54,320.54,320.54,320.54,29.97049
1788772500000,320.81,320.81,320.54,320.54,126.9873
1788776100000,320.81,320.81,320.54,320.54,30.428075
1788777000000,320.81,320.81,320.54,320.54,262.876562
1788777900000,320.83,320.83,320.83,320.83,24.992657
1788778800000,320.54,320.54,320.52,320.52,97.246752
1788781500000,320.84,320.84,320.84,320.84,94.96864
1788784200000,320.52,320.52,320.52,320.52,39.936792
1788787800000,320.85,320.85,320.85,320.85,19.988955
1788791400000,320.85,320.85,320.85,320.85,23.99958
1788795900000,320.86,320.86,320.86,320.86,24.994994
1788796800000,320.88,320.88,320.69,320.69,150.476982
1788797700000,320.88,320.89,320.59,320.59,203.31655
1788798600000,320.44,320.44,320.3,320.3,797.864458
1788799500000,320.3,320.3,320.12,320.12,419.464877
1788803100000,320.38,320.38,320.38,320.38,40.175652
1788804000000,320.44,320.44,320.22,320.22,335.220128
1788810300000,320.47,320.53,320.15,320.22,491.090822
1788816600000,320.22,320.22,320.22,320.22,51.843618
1788821100000,320.53,320.53,320.53,320.53,24.969287
1788825600000,320.16,320.24,318.6,318.87,6046246.47
1788826500000,318.88,318.88,318.15,318.23,3351317.69
1788827400000,318.13,318.8,318.1,318.4,1279406.68
1788828300000,318.45,318.64,318.37,318.41,827370.91
1788829200000,318.45,318.86,318.44,318.75,1513598.77
1788830100000,318.75,318.98,318.69,318.94,947714.4
1788831000000,318.93,319.04,318.68,318.68,1546875.86
1788831900000,318.69,318.77,318.56,318.71,1490598.4
1788832800000,318.76,318.89,318.64,318.69,1517554.79
1788833700000,318.7,318.78,318.6,318.68,1621998.61
1788834600000,318.69,318.73,318.6,318.61,415217.39
1788835500000,318.6,318.68,318.37,318.37,2117728.54
1788836400000,318.38,318.52,318.21,318.49,896557.12
1788837300000,318.43,318.91,318.38,318.79,667600.17
1788838200000,318.95,319.13,318.72,319.09,1749090.56
1788839100000,319.09,319.32,319.03,319.25,925931.43
1788840000000,319.2,319.27,319.03,319.27,671074.35
1788840900000,319.17,319.4,319.17,319.34,650766.96
1788841800000,319.34,319.58,319.31,319.58,528978.57
1788842700000,319.57,319.57,319.06,319.1,861106.92
1788843600000,319.1,319.32,319.05,319.2,778964.7
1788844500000,319.2,319.43,319.2,319.2,488256.63
1788845400000,319.11,319.15,318.5,318.5,2603376.57
1788846300000,318.56,318.65,318.4,318.46,768597.5
1788847200000,318.5,318.83,318.33,318.7,715474.31
1788848100000,318.75,318.98,318.62,318.7,1013997.62
1788849000000,318.65,318.88,318.59,318.84,512787.95
1788849900000,318.87,319.07,318.84,318.9,893249.46
1788850800000,318.88,319.18,318.88,318.96,1625159.79
1788851700000,318.99,319.31,318.88,319.03,880688.12
1788852600000,319.03,319.03,318.5,318.52,913146.43
1788853500000,318.52,318.68,318.25,318.49,494820.54
1788854400000,318.92,319.6322,318.25,318.74,33141941.969862532
1788855300000,318.7,318.82,318.49,318.55,3848467.3221713547
1788856200000,318.4094,318.6308,318.38,318.6088,2804729.536089586
1788857100000,318.4047,318.6488,318.38,318.51,2868224.1008771914
1788858000000,318.5273,318.88,318.52,318.55,1359213.6780658807
1788858900000,318.55,318.69,318.52,318.54,2646450.413609418
1788859800000,318.53,318.706,318.5,318.6,7659427.0865388755
1788860700000,318.5983,319.13,318.5299,318.76,6227945.3947689
1788861600000,318.76,318.9788,318.59,318.75,1786469.1137086186
1788862500000,318.8,319.16,318.5912,318.63,5678533.106274101
1788863400000,318.63,318.9288,318.52,318.55,4607570.290330072
1788864300000,318.63,318.7832,318.5,318.6,3489419.4887601696
1788865200000,318.73,319.97,318.49,318.65,16182005.879252099
1788866100000,318.69,318.83,318.52,318.53,6158326.456272563
1788867000000,318.52,318.6,318.1,318.2499,8462417.04436249
1788867900000,318.15,318.54,318.06,318.47,8355314.770091562
1788868800000,318.49,318.79,318.05,318.05,8702997.876151383
1788869700000,318.08,318.28,317.93,318.14,19997526.969553772
1788870600000,318.139,318.2888,318.0,318.08,41461779.20048928
1788871500000,318.143,318.3285,317.62,317.78,15199634.260343557
1788872400000,317.73,318.0788,317.3,318.057,27794130.914548222
1788873300000,318.07,318.29,316.59,317.19,24549341.74518122
1788874200000,317.12,320.7,315.7,317.5183,1078157864.3600006
1788875100000,317.5,317.65,315.98,316.9,420161078.888014
1788876000000,316.875,317.26,315.73,315.885,427380516.45096576
1788876900000,315.8705,316.0,315.292,315.67,417105061.00225365
1788877800000,315.67,316.27,315.27,316.09,315412657.89663893
1788878700000,316.09,316.38,315.62,315.9746,271027599.75099444
1788879600000,316.0,316.57,315.7152,316.2,336494774.28364915
1788880500000,316.205,316.78,315.75,316.245,268094613.89607203
1788881400000,316.24,316.81,316.02,316.415,250492566.187568
1788882300000,316.41,316.6,316.0,316.0799,208536633.0435479
1788883200000,316.065,316.268,315.54,315.595,237833606.17997316
1788884100000,315.59,316.14,315.46,316.085,229175926.8614626
1788885000000,316.1,316.1799,315.88,316.09,169222420.1904569
1788885900000,316.08,316.18,315.75,315.99,200450027.38771978
1788886800000,315.99,316.56,315.95,316.185,169247178.9451117
1788887700000,316.17,316.28,315.79,316.27,157721608.71953684
1788888600000,316.272,316.33,316.04,316.26,186744851.233733
1788889500000,316.26,316.3,315.941,316.03,171157513.47995073
1788890400000,316.025,316.52,315.97,316.325,152469639.56022042
1788891300000,316.33,316.74,315.95,316.39,214612514.64197382
1788892200000,316.395,316.53,315.38,315.47,287436520.68044746
1788893100000,315.4688,315.98,314.92,315.53,383413854.62519974
1788894000000,315.52,316.53,315.35,316.09,260076319.91725463
1788894900000,316.09,316.09,315.525,315.8,220968843.90894252
1788895800000,315.8001,316.36,315.525,316.18,272072085.1738845
1788896700000,316.2,316.69,315.7,316.22,833405613.8335971
1788897600000,316.3,316.75,315.85,316.21,2866218571.521145
1788898500000,316.21,316.36,316.1001,316.1636,6253876.591446816
1788899400000,316.22,316.33,316.0277,316.29,13698483.963582648
1788900300000,316.21,316.4,316.21,316.35,22125546.678428218
1788901200000,316.35,316.49,316.23,316.3086,2837541.161586668
1788902100000,316.31,316.4,314.7232,316.3852,15802344.441279251
1788903000000,316.39,316.45,314.7232,316.4257,100230129.380407
1788903900000,316.38,316.43,316.3,316.3027,1901356.662321433
1788904800000,316.34,316.43,316.02,316.34,9939865.776139576
1788905700000,316.32,316.37,316.05,316.3,1951344.4517439173
1788906600000,316.2,316.37,316.1147,316.3352,2216887.8092689733
1788907500000,316.35,316.45,316.3,316.4499,4113284.9514019187
1788908400000,316.39,316.49,316.35,316.43,2834388.247714749
1788909300000,316.4,316.46,316.1075,316.25,3086924.713904557
1788910200000,316.29,316.4,316.22,316.3012,1596261.2388856888
1788911100000,316.3,316.4,316.12,316.34,2161464.9453823976
1788912000000,316.29,316.64,316.2,316.58,1098384.58
1788912900000,316.58,316.84,316.58,316.8,1271258.27
1788913800000,316.82,316.83,316.71,316.78,672516.53
1788914700000,316.75,317.09,316.73,316.98,1427049.96
1788915600000,316.98,317.13,316.9,317.1,734615.3
1788916500000,317.07,317.28,317.06,317.22,942670.55
1788917400000,317.24,317.49,317.2,317.41,1806230.15
1788918300000,317.43,317.57,317.35,317.36,545716.78
1788919200000,317.4,317.65,317.34,317.4,933164.22
1788920100000,317.4,317.43,317.14,317.25,1038925.06
1788921000000,317.28,317.32,317.15,317.16,611335.37
1788921900000,317.17,317.25,316.99,317.18,945324.39
1788922800000,317.24,317.28,317.16,317.28,318506.36
1788923700000,317.29,317.46,317.29,317.43,505596.1
1788924600000,317.42,317.43,317.28,317.4,443038.52
1788925500000,317.4,317.44,317.35,317.37,510996.51
1788926400000,317.37,317.5,317.35,317.45,726275.15
1788927300000,317.39,317.46,317.29,317.32,318001.33
1788928200000,317.32,317.42,317.28,317.41,95206.14
1788929100000,317.43,317.6,317.43,317.6,611474.91
1788930000000,317.63,317.69,317.56,317.59,811213.42
1788930900000,317.58,317.58,317.41,317.54,367359.25
1788931800000,317.55,317.95,317.42,317.86,1203753.95
1788932700000,317.91,317.94,317.68,317.71,675956.94
1788933600000,317.69,317.97,317.67,317.93,907969.87
1788934500000,317.93,317.97,317.8,317.8,576972.14
1788935400000,317.84,317.94,317.47,317.47,840582.27
1788936300000,317.55,317.55,317.18,317.2,1915727.44
1788937200000,317.14,317.31,316.89,317.26,1716253.36
1788938100000,317.24,317.29,317.01,317.03,1310632.82
1788939000000,317.07,317.07,316.86,316.9,1621140.24
1788939900000,316.91,317.03,316.76,316.92,1728693.32
1788940800000,316.89,317.98,316.22,316.5055,28430811.434691954
1788941700000,316.6,316.76,316.38,316.49,6909326.273395632
1788942600000,316.41,316.61,316.18,316.46,6497443.678743617
1788943500000,316.25,316.3388,316.0,316.11,6658944.813729452
1788944400000,316.07,316.31,316.02,316.24,5521137.917731775
1788945300000,316.22,316.25,315.99,316.0547,4725166.558379746
1788946200000,316.1377,316.1377,315.7035,315.802,6751936.248424544
1788947100000,315.81,316.0888,315.42,315.7964,3165569.3738113516
1788948000000,315.75,316.0788,315.7,316.0,5971046.198580501
1788948900000,316.0,316.6897,315.9426,316.09,4303338.486137475
1788949800000,316.06,316.13,315.55,315.68,6191665.460775603
1788950700000,315.68,315.8607,315.23,315.4,6350309.315476481
1788951600000,315.4,316.22,315.01,315.1312,11566071.004996318
1788952500000,315.17,315.76,315.05,315.5732,6567075.130923746
1788953400000,315.54,315.65,315.1775,315.2896,6421966.372275296
1788954300000,315.29,315.66,315.08,315.26,4735688.799980776
1788955200000,315.17,315.45,314.95,314.95,15512761.753388455
1788956100000,314.91,315.28,314.71,315.0563,10572333.074217645
1788957000000,315.08,315.5,314.94,315.37,5555767.529717317
1788957900000,315.2,315.37,314.85,315.1399,11225302.38266206
1788958800000,315.1,315.42,315.0,315.245,11173705.889704293
1788959700000,315.22,315.71,314.81,315.5688,15952531.178969653
1788960600000,315.4106,316.21,315.055,315.8501,707687886.3775616
1788961500000,315.85,318.0,315.5,317.8749,544924373.7273
1788962400000,317.86,318.13,315.51,315.535,502524302.6476
1788963300000,315.46,315.69,314.33,314.75,507825951.20637065
1788964200000,314.69,314.7101,312.95,313.24,561687686.4148
1788965100000,313.22,313.75,313.11,313.375,356749428.75126004
1788966000000,313.39,313.4225,312.17,312.22,464218321.6261741
1788966900000,312.225,312.7634,312.11,312.5026,329385858.1911108
1788967800000,312.51,313.589,312.22,313.29,454175262.89277667
1788968700000,313.2496,313.6,312.9201,313.175,334792889.1274
1788969600000,313.17,313.5,312.8601,313.38,215629276.2774184
1788970500000,313.37,313.71,313.242,313.665,236903385.64375997
1788971400000,313.68,314.38,313.44,314.34,283619985.09891945
1788972300000,314.3563,314.365,313.58,314.01,308969159.2183584
1788973200000,314.005,315.0,312.31,312.86,954889843.0937188
1788974100000,312.835,313.11,310.97,311.705,1060786308.8613033
1788975000000,311.72,313.34,311.05,312.5176,855311661.355262
1788975900000,312.51,314.36,312.13,313.255,993333743.9377327
1788976800000,313.255,313.79,310.05,310.05,923335578.221366
1788977700000,310.065,313.43,309.9,312.13,1653517228.2603946
1788978600000,312.135,314.28,311.95,314.1203,619476439.9672033
1788979500000,314.1103,319.15,313.76,316.66,2565620559.3428
1788980400000,316.68,317.2,315.14,315.8601,1029245025.8964137
1788981300000,315.8727,316.36,315.16,315.57,542368707.4587928
1788982200000,315.56,315.89,314.88,315.77,507534931.80541223
1788983100000,315.76,315.9439,315.02,315.34,1152940091.783558
1788984000000,315.43,316.08,315.05,315.95,2183298524.5632668
1788984900000,315.81,316.11,315.34,315.946,38139718.24219963
1788985800000,315.9485,316.0,315.34,315.86,32191744.210312765
1788986700000,315.8607,316.0,315.86,315.92,15585551.371744446
1788987600000,315.9292,315.98,315.863,315.92,6174813.117903536
1788988500000,315.921,315.98,315.85,315.86,57110769.150859125
1788989400000,315.86,316.1797,315.85,316.1797,13367185.029551756
1788990300000,316.18,317.62,316.1648,317.39,66581856.0169495
1788991200000,317.3,317.5,316.91,317.0487,17055284.163024038
1788992100000,317.03,317.54,316.78,317.4801,11530905.111144783
1788993000000,317.53,317.68,317.2995,317.39,14245287.345030174
1788993900000,317.39,317.65,317.2553,317.65,11911978.198530719
1788994800000,317.6323,317.69,317.2,317.31,7732519.144060524
1788995700000,317.33,317.99,317.25,317.95,6749960.109849492
1788996600000,317.9,318.2,317.7732,318.1549,22481178.910946164
1788997500000,318.1262,318.16,317.68,318.0,10062954.22490052
1788998400000,317.23,318.18,317.11,317.55,2929292.09
1788999300000,317.56,317.71,317.28,317.4,1994032.8
1789000200000,317.4,317.58,317.11,317.17,1851046.5
1789001100000,317.16,317.29,316.8,317.29,2350813.33
1789002000000,317.32,317.34,316.83,316.9,1764276.18
1789002900000,316.89,317.07,316.71,316.9,1329637.8
1789003800000,316.93,317.04,316.75,317.04,1774459.74
1789004700000,317.0,317.13,316.92,317.0,929229.52
1789005600000,317.01,317.01,316.71,316.8,922996.62
1789006500000,316.8,316.96,316.66,316.8,710805.35
1789007400000,316.84,317.0,316.69,316.99,854216.25
1789008300000,317.0,317.08,316.86,316.98,748379.17
1789009200000,316.97,317.06,316.93,317.06,1329188.6
1789010100000,317.06,317.23,317.01,317.01,463646.06
1789011000000,317.0,317.34,317.0,317.34,899295.28
1789011900000,317.34,317.38,317.25,317.38,1180721.79
1789012800000,317.38,317.49,317.37,317.48,1138220.88
1789013700000,317.49,317.52,317.39,317.44,530783.44
1789014600000,317.44,317.45,317.18,317.2,994405.43
1789015500000,317.23,317.31,317.16,317.2,231570.12
1789016400000,317.25,317.37,317.2,317.32,448953.65
1789017300000,317.27,317.28,316.89,316.99,1800645.99
1789018200000,317.0,317.26,316.93,317.2,637907.57
1789019100000,317.22,317.48,317.18,317.45,1079872.24
1789020000000,317.46,317.47,317.11,317.13,1669952.57
1789020900000,317.13,317.15,316.8,317.01,1755031.98
1789021800000,317.02,317.24,316.96,317.21,922478.78
1789022700000,317.24,317.29,316.95,316.98,795284.15
1789023600000,316.96,317.06,316.75,317.0,2553627.72
1789024500000,317.01,317.15,317.01,317.14,627141.04
1789025400000,317.14,317.19,317.04,317.06,849918.06
1789026300000,317.12,317.23,317.0,317.05,875366.49
1789027200000,317.6,318.1,315.34,318.0992,39721082.54074528
1789028100000,318.12,318.88,317.8673,318.7,11082314.642545763
1789029000000,318.7932,318.95,318.5003,318.7,13930501.717129288
1789029900000,318.71,319.55,318.71,319.53,17543964.221346684
1789030800000,319.54,319.54,318.5912,318.88,11847722.689522257
1789031700000,318.98,319.0242,318.305,318.475,5857874.16565687
1789032600000,318.475,319.0,318.33,318.96,5835284.900022064
1789033500000,319.0,319.1755,318.62,318.9,7387568.3203257825
1789034400000,318.9404,319.1588,318.7915,318.9988,4753061.624538918
1789035300000,318.99,319.18,318.7168,319.12,4735799.28405981
1789036200000,319.12,320.0,318.88,319.62,18207914.572707556
1789037100000,319.62,319.6788,319.02,319.0381,25513134.436209343
1789038000000,319.02,319.31,318.52,318.84,19051456.850906663
1789038900000,318.85,318.9,318.2597,318.32,11416050.921800647
1789039800000,318.32,318.6988,318.03,318.1,17311068.931069624
1789040700000,318.1,318.23,317.06,317.6,30614217.914037473
1789041600000,317.69,318.32,317.52,318.07,20748618.421064842
1789042500000,318.07,318.3,317.3803,317.85,18819747.155116655
1789043400000,317.8923,317.9,316.4,316.52,54955598.28176436
1789044300000,316.54,317.45,316.2,316.655,55052082.698977694
1789045200000,316.65,317.5,316.64,317.1948,32758437.8940919
1789046100000,317.26,317.68,316.0,316.6,42445786.810276665
1789047000000,316.79,323.129,316.57,319.94,2742374214.5824
1789047900000,319.94,321.18,317.84,318.929,1264601939.2159
1789048800000,318.77,320.0,318.11,319.34,710108816.0771
1789049700000,319.3331,320.0,318.7511,318.955,397225664.29355603
1789050600000,319.01,320.85,318.88,320.065,575756117.8339033
1789051500000,320.125,323.19,319.79,323.0101,846082714.6743032
1789052400000,323.04,323.37,321.77,321.94,874035824.5114
1789053300000,321.9201,323.82,321.6,323.71,627592571.9311
1789054200000,323.67,324.35,322.38,322.49,945418897.4982148
1789055100000,322.4656,322.63,319.22,319.57,991708603.7871926
1789056000000,319.565,320.49,319.21,320.135,686877831.7019
1789056900000,320.135,321.92,319.96,321.905,699016076.738
1789057800000,321.855,324.73,321.26,324.475,975555416.6248
1789058700000,324.485,324.83,323.03,323.35,882616625.7945
1789059600000,323.3543,323.99,322.85,323.55,481781406.7044
1789060500000,323.565,324.865,323.42,324.822,554410610.8289
1789061400000,324.84,325.68,324.35,325.44,893260666.9993813
1789062300000,325.44,325.65,324.95,325.01,511977713.1363
1789063200000,325.0299,325.19,323.45,323.65,568919819.2019333
1789064100000,323.65,324.47,323.38,324.12,427300402.0429036
1789065000000,324.1101,324.555,323.63,324.4,312588789.06127954
1789065900000,324.4,325.5,324.21,325.38,463867907.7881
1789066800000,325.38,325.885,324.94,325.8,591236127.4964
1789067700000,325.79,326.12,325.19,325.285,544998578.2375433
1789068600000,325.27,325.835,325.17,325.3999,496875039.51173
1789069500000,325.37,326.68,325.17,326.57,1424657616.154059
1789070400000,326.64,326.71,326.2603,326.48,2915069979.5676327
1789071300000,326.5,326.57,326.42,326.42,22201396.549510866
1789072200000,326.44,326.57,326.0,326.2888,43449358.51454741
1789073100000,326.14,326.1984,325.9,325.9,30849870.644538533
1789074000000,325.9016,326.0,325.85,325.86,7328747.681346762
1789074900000,325.85,326.0,325.85,325.9018,6123731.369323388
1789075800000,325.9487,326.1,325.85,326.05,6065966.206558625
1789076700000,326.03,326.3288,325.95,326.23,17368197.438366663
1789077600000,326.23,326.45,326.21,326.3512,4312745.744869087
1789078500000,326.35,326.48,326.21,326.23,4692077.816349004
1789079400000,326.21,326.3,326.05,326.0717,2480982.3775800974
1789080300000,326.1,326.2855,326.0,326.02,2701943.6526888814
1789081200000,326.03,326.15,326.0,326.01,2707940.0520885843
1789082100000,326.01,326.1,325.74,325.7494,4742248.9846142335
1789083000000,325.75,325.92,325.67,325.92,3026016.5982721327
1789083900000,325.85,325.98,325.75,325.8,6275505.743261111
1789084800000,326.35,326.35,325.75,325.9,881530.62
1789085700000,325.88,325.99,325.44,325.56,1396403.72
1789086600000,325.58,326.19,325.51,325.98,1140273.32
1789087500000,325.77,326.05,325.73,325.86,1260940.67
1789088400000,325.89,325.9,325.61,325.65,1009892.26
1789089300000,325.66,325.74,325.57,325.68,264086.26
1789090200000,325.65,325.8,325.54,325.58,563015.73
1789091100000,325.56,325.61,325.46,325.49,1126630.23
1789092000000,325.49,325.6,325.49,325.53,532250.11
1789092900000,325.54,325.68,325.46,325.68,518240.24
1789093800000,325.68,325.7,325.5,325.5,416091.1
1789094700000,325.5,325.67,325.47,325.51,368826.57
1789095600000,325.51,325.61,325.42,325.59,586528.69
1789096500000,325.59,325.6,325.48,325.54,333335.43
1789097400000,325.51,325.74,325.27,325.68,948438.25
1789098300000,325.65,325.7,325.43,325.64,658278.64
1789099200000,325.63,326.0,325.62,325.9,1393059.02
1789100100000,325.91,326.2,325.8,325.96,977556.29
1789101000000,325.97,326.09,325.82,325.88,964844.82
1789101900000,325.87,325.92,325.67,325.74,479910.98
1789102800000,325.64,325.86,325.58,325.86,780640.84
1789103700000,325.86,325.92,325.75,325.8,228733.21
1789104600000,325.83,325.94,325.78,325.91,171394.26
1789105500000,325.91,326.2,325.79,326.15,1093282.15
1789106400000,326.19,326.19,325.84,325.96,541376.71
1789107300000,325.89,325.89,325.67,325.67,686399.29
1789108200000,325.67,325.75,325.6,325.72,541605.39
1789109100000,325.71,326.2,325.71,326.2,1239697.48
1789110000000,326.14,326.5,326.02,326.41,2170586.65
1789110900000,326.37,326.56,326.23,326.36,2088216.77
1789111800000,326.3,326.44,326.19,326.35,1041083.5
1789112700000,326.37,326.7,326.33,326.7,841069.68
1789113600000,326.0,326.723,325.5067,325.8368,34138091.83502794
1789114500000,325.9588,326.49,325.8112,326.0283,2091770.48880436
1789115400000,326.01,326.2,325.1312,325.2,5921116.154734272
1789116300000,325.21,326.15,325.135,326.0,2574495.0899297516
1789117200000,326.08,326.2488,325.51,325.7342,1979531.5350560688
1789118100000,325.7988,325.7988,325.237,325.59,7180787.0472297575
1789119000000,325.41,325.7,325.32,325.5326,1264694.5752753734
1789119900000,325.5181,326.0,325.5181,325.82,2512450.444255577
1789120800000,325.82,325.99,325.5283,325.7996,1956311.4335264964
1789121700000,325.8042,325.9888,325.5882,325.77,1924103.1918412484
1789122600000,325.73,326.3225,325.68,326.28,4628871.238598303
1789123500000,326.2832,326.3288,326.0012,326.18,1541111.3419173597
1789124400000,326.13,326.57,326.1,326.42,14512883.911604661
1789125300000,326.4092,326.57,326.26,326.5688,5088864.430720601
1789126200000,326.55,326.75,326.4,326.7207,9291007.124269282
1789127100000,326.7352,326.8,326.5612,326.6542,3660603.2401487357
1789128000000,326.689,326.77,326.0,326.5,11448660.912919398
1789128900000,326.4988,326.57,325.8,326.36,13495285.3711284
1789129800000,326.5,326.57,324.4997,325.31,41861733.789086774
1789130700000,325.35,326.29,325.31,326.1038,16281866.5108007
1789131600000,326.0603,326.8,326.06,326.3,21341380.037055667
1789132500000,326.3308,327.77,325.77,327.35,21437568.013092365
1789133400000,327.66,334.27,326.3,333.35,2264271077.1497
1789134300000,333.39,333.75,331.01,332.47,925161175.7617
1789135200000,332.405,332.93,331.6601,331.7,472067891.8281031
1789136100000,331.74,334.59,331.6601,334.0851,853843894.1300411
1789137000000,334.09,334.9099,332.42,334.7,980317500.4953
1789137900000,334.71,335.43,334.21,334.96,987007777.6053
1789138800000,335.02,336.22,334.94,335.54,673970112.6406122
1789139700000,335.515,336.16,335.0835,335.57,520832348.1161
1789140600000,335.54,335.54,334.62,334.78,518217864.5027
1789141500000,334.79,334.85,333.69,333.9175,508853079.8566
1789142400000,333.94,334.77,333.63,334.71,399167889.2187486
1789143300000,334.67,334.84,333.9604,334.17,361866299.99
1789144200000,334.19,334.4408,333.93,334.13,239878791.46636644
1789145100000,334.15,334.83,333.93,334.745,246139170.905
1789146000000,334.745,334.85,334.125,334.34,188262269.2904
1789146900000,334.36,334.47,333.83,333.95,187206667.2838614
1789147800000,333.96,334.3,333.13,333.2195,317018327.7957
1789148700000,333.22,333.47,332.74,333.38,378492460.31486577
1789149600000,333.375,333.8299,332.58,332.795,361520167.8174201
1789150500000,332.82,333.06,332.55,332.855,228257822.1918824
1789151400000,332.86,333.179,332.73,332.905,241162688.2829641
1789152300000,332.9,333.05,332.39,332.52,316357926.57572126
1789153200000,332.5114,333.0,332.4,332.56,263432484.6513786
1789154100000,332.555,332.92,332.48,332.6401,552496234.9639462
1789155000000,332.68,333.07,332.46,332.645,337764783.2296
1789155900000,332.65,332.89,332.07,332.27,1038578962.4135
1789156800000,332.24,332.6374,332.24,332.55,2622959355.9775333
1789157700000,332.5,332.68,332.27,332.5077,18905389.764946993
1789158600000,332.5487,332.6,332.27,332.46,33722121.29300094
1789159500000,332.46,332.82,332.43,332.67,16364219.119710764
1789160400000,332.6785,332.7,332.45,332.524,2508783.8223792915
1789161300000,332.5012,332.6552,332.4615,332.481,69528412.24560204
1789162200000,332.48,332.52,332.45,332.4576,1960148.8852436047
1789163100000,332.48,332.52,332.45,332.519,948194.2285396383
1789164000000,332.48,332.75,332.48,332.5025,2705678.1836770987
1789164900000,332.5988,332.726,332.5,332.51,1277435.3944117632
1789165800000,332.6855,332.7,332.5,332.62,4463254.125889141
1789166700000,332.6,332.6988,332.51,332.55,1447031.313686215
1789167600000,332.55,332.6,332.5,332.54,753175.1562566126
1789168500000,332.54,332.5988,332.5162,332.52,2628857.9987554704
1789169400000,332.52,332.55,332.51,332.54,2560290.22191568
1789170300000,332.5212,332.6,332.51,332.55,4040393.273299117
1789172100000,332.76,332.76,332.57,332.57,200.663528
1789175700000,332.57,332.57,332.57,332.57,33.257
1789176600000,332.57,332.57,332.51,332.51,197.379754
1789183800000,332.82,332.82,332.48,332.48,49.8975
1789184700000,332.76,332.76,332.47,332.47,20.62213
1789187400000,332.76,332.76,332.48,332.48,28.871416
1789189200000,332.48,332.48,332.48,332.48,10.606112
1789191000000,332.76,332.76,332.48,332.48,58.88634
1789191900000,332.76,332.76,332.47,332.47,65.586163
1789194600000,332.5,332.5,332.5,332.5,36.80775
1789195500000,332.47,332.47,332.43,332.43,329.706419
1789197300000,332.39,332.82,332.33,332.33,1490.193382
1789198200000,332.82,332.82,332.82,332.82,46.861056
1789200000000,332.83,332.84,332.29,332.29,1446.601396
1789201800000,332.84,332.84,332.29,332.29,20.752056
1789204500000,332.29,332.29,332.29,332.29,10.600051
1789207200000,332.84,332.87,332.29,332.29,56.33868
1789209000000,332.87,332.88,332.87,332.88,591.113398
1789210800000,332.77,332.77,332.29,332.29,99.892012
1789211700000,332.77,332.77,332.28,332.28,355.735245
1789212600000,332.77,332.77,332.77,332.77,51.546073
1789214400000,332.77,332.77,332.77,332.77,22.661637
1789217100000,332.88,332.88,332.77,332.77,39.939
1789219800000,332.88,332.88,332.88,332.88,19.9728
1789221600000,332.88,332.88,332.77,332.77,31.9512
1789222500000,332.88,332.88,332.88,332.88,174.961728
1789223400000,332.88,332.88,332.88,332.88,23.96736
1789224300000,332.88,332.91,331.76,331.76,5274.943083
1789225200000,331.77,331.77,331.53,331.53,216.977685
1789226100000,331.53,331.64,331.45,331.45,342.672433
1789227000000,331.45,331.45,331.45,331.45,11.435025
1789228800000,332.85,333.67,332.32,332.32,7845.4652
1789231500000,332.34,332.34,332.34,332.34,11.233092
1789232400000,332.71,332.81,331.45,331.45,1531.61348
1789233300000,332.81,332.81,331.39,332.81,177.296087
1789236900000,332.81,332.81,332.81,332.81,112.622904
1789238700000,332.84,332.84,331.98,331.98,589.547848
1789250400000,332.04,332.04,332.04,332.04,112.362336
1789254000000,332.84,332.84,331.98,331.98,29.917532
1789254900000,332.84,332.84,331.98,331.98,21.673132
1789255800000,332.84,332.84,332.81,332.81,216.377484
1789256700000,332.81,332.81,331.98,332.81,92.87656
1789261200000,332.81,332.81,331.95,331.95,39.8856
1789263000000,331.95,331.95,331.95,331.95,173.67624
1789264800000,332.81,332.81,331.9,331.9,50.252076
1789265700000,332.81,332.81,332.81,332.81,19.9686
1789266600000,331.89,331.89,331.89,331.89,24.626238
1789279200000,331.88,331.88,331.88,331.88,14.735472
1789287300000,331.88,331.88,331.88,331.88,52.138348
1789289100000,332.81,332.81,331.88,331.88,21.237822
1789290000000,331.88,332.78,331.88,332.78,13.675368
1789290900000,331.86,331.86,331.08,331.08,5162.053956
1789292700000,332.78,332.78,331.12,331.12,31.8672
1789293600000,331.12,331.12,331.12,331.12,10.231608
1789294500000,331.12,332.78,330.72,331.4,626.96547
1789295400000,332.78,332.78,332.78,332.78,16.738834
1789296300000,332.78,332.78,331.02,332.78,120.786496
1789297200000,332.78,332.78,331.02,331.02,21.17522
1789299000000,331.02,332.78,331.02,332.78,156.990664
1789299900000,332.78,332.78,332.78,332.78,34.309618
1789305300000,332.81,332.81,330.98,330.98,45.461746
1789306200000,332.81,332.81,332.81,332.81,19.9686
1789307100000,331.03,332.86,331.03,332.86,277.597628
1789308000000,332.79,332.81,332.79,332.81,311.958454
1789309800000,332.81,332.81,332.81,332.81,23.995601
1789310700000,332.04,332.04,332.04,332.04,49.872408
1789312500000,332.81,332.81,332.73,332.73,228.46989
1789313400000,332.73,332.73,331.03,331.03,62.861613
1789315200000,332.73,332.73,332.73,332.73,59.991219
1789320600000,332.73,332.73,331.03,331.03,26.948656
1789324200000,332.73,332.73,332.73,332.73,10.64736
1789326000000,332.73,332.73,332.73,332.73,21.427812
1789333200000,331.03,331.03,331.02,331.02,348.900308
1789335900000,332.73,332.73,330.96,330.96,85.61601
1789342200000,332.73,332.73,332.73,332.73,19.997073
1789344000000,331.42,331.85,330.2,330.25,3733803.67
1789344900000,330.25,330.81,330.11,330.19,2116744.76
1789345800000,330.11,330.33,329.99,330.33,941758.41
1789346700000,330.27,330.5,329.85,329.91,1667292.74
1789347600000,329.91,330.63,329.91,330.45,3648601.59
1789348500000,330.48,331.01,330.36,330.88,2868932.57
1789349400000,330.96,331.12,330.61,330.61,2493355.99
1789350300000,330.6,330.8,330.29,330.76,1909652.54
1789351200000,330.74,330.74,330.11,330.14,1779288.77
1789352100000,330.12,330.41,329.61,329.69,2049620.07
1789353000000,329.71,329.93,328.73,328.85,6452129.44
1789353900000,328.82,329.21,328.73,328.91,1060981.19
1789354800000,328.8,329.3,328.8,328.8,229017.44
1789355700000,328.83,328.99,328.41,328.59,1021383.56
1789356600000,328.57,328.68,328.53,328.53,259599.53
1789357500000,328.55,328.99,328.52,328.77,417868.27
1789358400000,328.79,329.1,328.75,328.99,680593.59
1789359300000,328.97,329.31,328.84,329.29,739055.37
1789360200000,329.3,329.5,329.25,329.42,766621.09
1789361100000,329.43,329.72,329.39,329.69,788261.03
1789362000000,329.69,329.93,329.56,329.75,436584.05
1789362900000,329.58,329.77,329.34,329.48,1505859.19
1789363800000,329.56,329.78,329.39,329.45,931593.73
1789364700000,329.45,329.56,329.41,329.52,711501.41
1789365600000,329.61,329.64,329.41,329.53,1126947.4
1789366500000,329.53,329.61,329.46,329.59,668927.96
1789367400000,329.59,329.72,329.34,329.72,1485673.84
1789368300000,329.79,329.96,329.7,329.7,685252.1
1789369200000,329.71,329.71,329.18,329.32,1887514.68
1789370100000,329.33,330.0,329.15,329.99,1585241.86
1789371000000,329.85,330.12,329.75,329.91,1614654.83
1789371900000,329.91,330.12,329.69,330.12,2609979.5
1789372800000,330.36,332.0,328.66,331.8,34362942.22428608
1789373700000,331.7112,331.97,331.008,331.17,3982090.47890988
1789374600000,331.05,331.13,330.2793,330.405,5187762.330730835
1789375500000,330.45,331.0,330.06,330.99,4078968.636630094
1789376400000,331.2288,331.26,330.21,330.26,3774881.203730428
1789377300000,330.2191,330.998,330.1,330.8673,3720632.7970376825
1789378200000,330.6958,331.39,330.6958,331.16,3524972.8003975963
1789379100000,331.24,331.6032,331.023,331.17,3400511.397776187
1789380000000,331.29,331.65,331.11,331.2572,2724945.056920541
1789380900000,331.41,331.9,331.35,331.76,4652674.767064481
1789381800000,331.736,331.81,331.35,331.3532,1459485.6503115655
1789382700000,331.42,332.89,331.2,332.51,16225809.419852631
1789383600000,332.5,334.0,332.27,333.39,28703795.995902136
1789384500000,333.3,334.3,333.01,333.42,28474341.781951062
1789385400000,333.55,333.89,333.3057,333.84,12586339.1520989
1789386300000,333.67,333.89,333.23,333.26,6800986.5991861215
1789387200000,333.3092,333.32,332.1465,332.54,20896948.565924764
1789388100000,332.5487,333.27,332.33,332.33,11402766.866778646
1789389000000,332.41,332.59,331.8,332.44,15585953.054068053
1789389900000,332.42,333.7,332.3512,333.67,19427154.413405582
1789390800000,333.69,334.0,333.2,333.85,20546236.097659536
1789391700000,333.84,335.35,333.5,334.94,39918321.66833401
1789392600000,334.83,334.83,331.34,332.5,1221241347.0272803
1789393500000,332.46,335.08,332.03,333.935,984748274.3129
1789394400000,334.01,334.63,333.41,333.51,430592236.5874
1789395300000,333.52,333.56,332.48,333.195,428243275.3106
1789396200000,333.18,333.467,332.4201,332.97,446409851.6868
1789397100000,332.98,333.2,332.118,332.933,581726197.6186
1789398000000,332.98,333.46,332.42,332.715,307128056.4769
1789398900000,332.7151,333.13,332.33,332.66,263563244.4071
1789399800000,332.655,334.65,332.65,334.39,450522644.878239
1789400700000,334.405,335.5,334.4,335.04,532564521.3813
1789401600000,335.06,335.49,334.45,334.901,332344107.2186
1789402500000,334.91,335.04,334.31,334.585,265863480.6195804
1789403400000,334.59,334.988,334.1,334.89,239157670.32474446
1789404300000,334.885,335.26,334.54,334.86,288775482.2340569
1789405200000,334.855,335.18,334.19,334.795,290996736.1248
1789406100000,334.78,334.8099,334.0,334.62,199031954.2235
1789407000000,334.62,334.715,334.265,334.56,135680266.39928618
1789407900000,334.555,334.66,333.8101,333.875,214354534.4559
1789408800000,333.87,334.158,333.57,334.1415,188278313.75976232
1789409700000,334.15,334.54,334.04,334.49,146392348.5003
1789410600000,334.49,334.61,333.48,334.5334,362314833.0102
1789411500000,334.54,334.75,334.12,334.14,223302830.9980083
1789412400000,334.17,335.38,333.8427,335.25,397937809.1602842
1789413300000,335.24,335.42,334.29,334.4,378421375.537
1789414200000,334.3999,334.59,333.93,333.932,298749441.7104647
1789415100000,333.935,334.41,333.0,333.08,1275846154.8488991
1789416000000,333.08,333.3,332.88,333.03,2231153149.349537
1789416900000,333.03,333.08,332.82,332.91,48172476.10781587
1789417800000,332.91,333.08,332.82,333.08,9889653.500631433
1789418700000,332.88,333.0,332.82,332.9,290768788.3285977
1789419600000,332.8912,333.0,332.71,332.93,19787303.161258474
1789420500000,332.9007,332.98,332.81,332.81,1355135.5118094236
1789421400000,332.8135,332.95,332.76,332.78,12617727.763082199
1789422300000,332.761,332.94,332.75,332.8012,147027353.57016918
1789423200000,332.89,332.94,332.6,332.7,1511376.671416708
1789424100000,332.6805,332.6805,332.38,332.53,2834022.8239286253
1789425000000,332.53,332.6,332.37,332.37,671468.2382313668
1789425900000,332.38,332.5,332.37,332.4415,1387750.1012719502
1789426800000,332.47,332.5,332.37,332.5,2152879.0257899472
1789427700000,332.373,332.49,332.08,332.28,1677191.7751965942
1789428600000,332.2193,332.4888,332.11,332.2301,1584426.844666019
1789429500000,332.2,332.39,332.11,332.23,1902890.9712942913
1789430400000,332.1,332.5,331.81,332.16,592776.25
1789431300000,332.16,332.17,331.9,331.9,325696.71
1789432200000,331.89,332.07,331.81,332.05,288128.92
1789433100000,332.0,332.1,331.8,332.02,584547.76
1789434000000,332.02,332.14,331.97,332.08,79701.2
1789434900000,332.08,332.18,332.02,332.02,86023.3
1789435800000,332.03,332.04,331.81,331.85,516830.22
1789436700000,331.85,331.91,331.74,331.85,429710.52
1789437600000,331.85,331.87,331.74,331.74,296968.33
1789438500000,331.75,331.76,331.69,331.71,111792.92
1789439400000,331.76,331.77,331.66,331.66,284945.4
1789440300000,331.66,331.73,331.63,331.7,183756.41
1789441200000,331.69,331.74,331.62,331.65,164842.33
1789442100000,331.69,331.69,331.63,331.65,78931.37
1789443000000,331.63,331.66,331.53,331.56,699283.6
1789443900000,331.57,331.64,331.46,331.49,497307.61
1789444800000,331.51,331.67,331.5,331.65,533894.92
1789445700000,331.65,331.66,331.55,331.56,350515.29
1789446600000,331.56,331.59,331.18,331.28,484781.34
1789447500000,331.26,331.26,330.5,330.81,1708794.57
1789448400000,330.82,330.82,330.42,330.45,603244.47
1789449300000,330.45,330.73,330.36,330.66,1608702.33
1789450200000,330.72,330.84,330.56,330.72,490151.18
1789451100000,330.73,330.98,330.73,330.89,394700.21
1789452000000,330.86,331.06,330.75,330.77,971279.15
1789452900000,330.77,330.9,330.66,330.68,618952.9
1789453800000,330.68,330.68,330.4,330.61,790702.38
1789454700000,330.61,330.74,330.47,330.53,420868.52
1789455600000,330.51,330.64,330.45,330.45,769397.55
1789456500000,330.45,330.88,330.45,330.64,738066.18
1789457400000,330.75,330.83,330.3,330.34,766999.42
1789458300000,330.34,330.34,330.09,330.29,1666889.54
1789459200000,330.23,333.08,330.09,331.31,25421167.02118719
1789460100000,331.2202,331.38,330.64,330.96,3990212.5207262374
1789461000000,331.1988,331.1988,330.95,330.99,710989.5718393496
1789461900000,330.8,331.083,330.7522,330.8377,896971.861384788
1789462800000,330.8377,330.8388,330.46,330.57,2804542.359043427
1789463700000,330.4682,330.7888,330.4682,330.7865,1626754.6976173527
1789464600000,330.6535,331.0688,330.6427,330.7961,3006166.4828086547
1789465500000,330.67,330.82,330.6,330.8188,1818817.1024264484
1789466400000,330.7171,330.8188,330.3712,330.53,1708110.5162532984
1789467300000,330.45,330.6945,330.01,330.57,13261824.600247592
1789468200000,330.5838,330.6527,330.1612,330.6188,785908.1062689726
1789469100000,330.47,331.1,330.4212,331.1,2592967.985808785
1789470000000,331.0,333.08,330.51,331.09,7918012.2943590805
1789470900000,330.9765,331.23,330.79,331.06,3333853.40821005
1789471800000,330.9793,331.19,330.8,331.06,1741887.9901735054
1789472700000,331.1175,331.47,330.9001,331.33,3999643.650720839
1789473600000,331.3,331.7997,331.1212,331.6485,4891531.310236656
1789474500000,331.6482,331.65,331.2001,331.38,4030079.557950554
1789475400000,331.28,331.3988,331.0412,331.2012,3971924.875513896
1789476300000,331.2195,331.55,331.0365,331.402,4104899.5510203764
1789477200000,331.44,331.6491,331.1,331.355,7925410.897476107
1789478100000,331.39,331.81,329.76,330.0,12765468.862925086
1789479000000,330.26,331.5,328.35,330.305,709261941.4200652
1789479900000,330.33,331.59,330.022,330.71,463814861.3592201
1789480800000,330.7,330.735,329.41,329.7556,503592668.45676196
1789481700000,329.73,330.27,329.29,329.54,261303006.30921984
1789482600000,329.5301,329.98,328.88,329.53,325706731.43655497
1789483500000,329.525,330.3,329.42,329.76,352640730.4825948
1789484400000,329.79,330.085,329.05,329.52,216547140.3866122
1789485300000,329.51,330.33,329.26,329.91,628652111.942637
1789486200000,329.92,330.01,329.34,329.905,181792585.82619247
1789487100000,329.9,330.04,329.285,329.6,165227523.2459684
1789488000000,329.605,330.43,329.5,330.115,163096635.21550572
1789488900000,330.1,330.87,330.0,330.4191,179560437.27265933
1789489800000,330.4002,330.6292,329.77,329.9225,168696598.7994325
1789490700000,329.93,330.19,329.42,329.53,152278683.8677632
1789491600000,329.52,329.96,329.475,329.84,212255387.19025728
1789492500000,329.815,330.055,329.65,330.03,108490906.39886582
1789493400000,330.04,330.575,330.04,330.52,142744203.19245368
1789494300000,330.52,330.78,330.2345,330.42,129614210.52190113
1789495200000,330.42,330.83,330.325,330.675,128488161.32262649
1789496100000,330.675,330.74,330.15,330.41,140786646.6748871
1789497000000,330.4,330.5,330.09,330.28,143577062.93655217
1789497900000,330.3,330.55,330.05,330.52,144096627.44804704
1789498800000,330.51,330.59,330.11,330.18,144761011.9844695
1789499700000,330.2,330.29,329.83,330.24,207537214.286282
1789500600000,330.24,330.37,329.85,330.256,305576898.6061963
1789501500000,330.27,331.76,330.07,331.34,1217838846.7824502
1789502400000,331.32,331.78,331.05,331.69,2578968513.620856
1789503300000,331.6,331.74,331.34,331.55,2828832.171240897
1789504200000,331.59,331.71,331.34,331.64,4553132.6745596
1789505100000,331.6895,331.78,331.55,331.72,1882579.1856076352
1789506000000,331.7277,331.77,331.66,331.694,2912934.04675604
1789506900000,331.74,331.76,331.55,331.6012,2872472.3488074625
1789507800000,331.6012,331.65,331.55,331.5512,73499404.16320556
1789508700000,331.6475,331.7,331.55,331.5732,5829534.272158875
1789509600000,331.7,331.8988,331.5501,331.7,4762866.757799023
1789510500000,331.7452,331.85,331.56,331.7955,1052657.2162566246
1789511400000,331.79,331.88,331.6245,331.82,3493002.691598783
1789512300000,331.73,331.9,331.7,331.7,2774758.1672670743
1789513200000,331.8788,331.88,331.7,331.8099,3418602.0823
1789514100000,331.77,331.88,331.7501,331.8775,600119.8239444
1789515000000,331.88,332.1,331.77,332.02,2131325.455035
1789515900000,331.9895,332.0988,331.9,332.08,1347042.957248822
1789516800000,332.14,332.14,331.7,331.71,522362.78
1789517700000,331.81,331.87,331.73,331.82,83945.62
1789518600000,331.83,331.89,331.72,331.89,237920.88
1789519500000,331.88,331.93,331.8,331.83,269822.01
1789520400000,331.83,331.96,331.56,331.92,383867.27
1789521300000,331.86,331.92,331.68,331.86,142667.1
1789522200000,331.77,331.78,331.58,331.71,249738.5
1789523100000,331.71,331.79,331.51,331.54,212561.25
1789524000000,331.72,331.84,331.51,331.6,187053.15
1789524900000,331.59,331.66,331.54,331.65,186359.54
1789525800000,331.67,331.74,331.5,331.59,303388.2
1789526700000,331.61,331.64,331.58,331.59,59359.14
1789527600000,331.63,331.72,331.6,331.72,111761.16
1789528500000,331.67,331.89,331.67,331.82,379252.6
1789529400000,331.74,331.88,331.69,331.88,86262.22
1789530300000,331.84,331.88,331.74,331.78,164904.85
1789531200000,331.78,331.86,331.73,331.73,232589.37
1789532100000,331.73,331.8,331.5,331.56,554458.71
1789533000000,331.56,331.64,331.56,331.59,174748.56
1789533900000,331.59,331.66,331.59,331.66,91862.42
1789534800000,331.65,331.77,331.64,331.68,239815.69
1789535700000,331.71,331.72,331.65,331.7,199332.1
1789536600000,331.67,331.74,331.66,331.67,133340.81
1789537500000,331.67,331.72,331.5,331.68,784971.44
1789538400000,331.61,331.69,331.52,331.66,215531.54
1789539300000,331.66,331.66,331.55,331.58,374081.24
1789540200000,331.58,331.63,331.5,331.57,126653.04
1789541100000,331.51,331.55,331.47,331.49,292723.81
1789542000000,331.48,331.5,331.0,331.25,2080523.18
1789542900000,331.28,331.36,331.09,331.25,753249.1
1789543800000,331.19,331.31,330.8,331.17,1153417.51
1789544700000,331.17,331.23,330.96,331.11,308951.54
1789545600000,331.3,331.8945,330.751,331.22,13196006.980161913
1789546500000,331.2997,331.87,331.1155,331.39,2741533.775835449
1789547400000,331.42,331.5697,331.15,331.4825,1919818.1694072026
1789548300000,331.2326,331.5795,331.1562,331.4818,496537.9894502784
1789549200000,331.38,331.5188,331.1512,331.18,890419.8901584327
1789550100000,331.1685,331.4817,331.05,331.1372,542607.3696521058
1789551000000,331.1435,331.4888,331.05,331.206,503490.9663554295
1789551900000,331.054,331.2088,330.8,331.2088,2793752.641790254
1789552800000,330.8767,331.4988,330.8767,331.4655,1095205.2613748668
1789553700000,331.4937,331.5,331.1512,331.2888,674359.9714913286
1789554600000,331.2827,331.49,331.1512,331.2032,416494.1991707723
1789555500000,331.23,331.71,331.2,331.66,760102.7684285165
1789556400000,331.73,331.87,331.3777,331.6051,5634641.214891261
1789557300000,331.5945,331.91,331.3752,331.91,4906409.612050469
1789558200000,331.8982,331.971,331.4,331.6,6078650.342078048
1789559100000,331.787,331.8,331.35,331.51,4353484.222731111
1789560000000,331.5012,331.61,331.31,331.4,2903996.9842273104
1789560900000,331.43,331.6,331.19,331.45,4171577.098002424
1789561800000,331.39,331.4888,331.3,331.3988,2975336.078626943
1789562700000,331.34,331.49,331.3,331.49,2358369.433320562
1789563600000,331.49,333.84,330.95,332.6572,84643523.57525925
1789564500000,332.6,333.5,332.0512,332.45,17129955.68626577
1789565400000,332.42,335.48,331.87,333.69,1156748713.5279
1789566300000,333.58,334.97,332.25,334.1216,678608746.4521
1789567200000,334.16,334.26,333.25,333.5067,364352039.9604
1789568100000,333.5699,333.83,332.71,333.2656,313002727.0099
1789569000000,333.32,334.28,333.19,333.92,310488162.0789
1789569900000,333.9001,334.13,333.485,334.03,162535567.68959612
1789570800000,334.03,334.07,333.46,333.67,180602177.2697
1789571700000,333.65,333.77,332.2751,332.7,240821282.2386723
1789572600000,332.7001,333.145,332.58,333.145,206460610.9346
1789573500000,333.11,333.57,332.4919,332.78,220605027.6105971
1789574400000,332.78,333.46,332.67,332.82,142143645.0009
1789575300000,332.8,332.97,332.33,332.72,144450579.75678322
1789576200000,332.71,332.88,332.29,332.84,200238704.3577
1789577100000,332.84,332.98,332.3301,332.6208,144722014.9601
1789578000000,332.61,332.9799,332.38,332.89,115397862.611
1789578900000,332.9199,333.28,332.81,333.27,144313497.5931
1789579800000,333.28,333.45,333.0,333.15,192265518.33281606
1789580700000,333.15,333.41,333.0301,333.32,175528823.78085235
1789581600000,333.34,334.33,333.08,334.1,357478976.8839
1789582500000,334.08,334.79,334.08,334.59,287791404.955
1789583400000,334.6299,334.69,332.645,333.93,424903621.3014
1789584300000,333.92,334.28,332.05,332.11,324695873.5126
1789585200000,332.11,332.6399,330.7,330.815,506316330.8119
1789586100000,330.83,331.6899,330.77,331.61,324136380.0878
1789587000000,331.6,332.45,331.495,331.65,336121680.2814
1789587900000,331.63,332.59,331.5901,332.41,898539937.1195
1789588800000,332.51,332.89,332.41,332.75,353945559.722
1789589700000,332.75,332.83,332.41,332.43,3695473.2960095704
1789590600000,332.478,332.71,332.0012,332.52,3662817.6034472827
1789591500000,332.42,332.61,332.08,332.52,69203367.43239272
1789592400000,332.41,332.61,332.4052,332.482,1362143.5554676317
1789593300000,332.4801,332.61,332.44,332.4815,813597.8851493006
1789594200000,332.4955,332.7288,332.48,332.65,571636.843575
1789595100000,332.66,332.73,332.48,332.57,8033048.298375958
1789596000000,332.5,332.5402,332.0,332.3,4544072.849974903
1789596900000,332.3,332.59,332.3,332.42,2098092.998389795
1789597800000,332.41,332.7,332.41,332.42,1023965.454853841
1789598700000,332.427,332.6899,332.41,332.5,1488090.6821669317
1789599600000,332.48,332.65,332.4332,332.59,3017638.299337346
1789600500000,332.522,332.9488,332.522,332.93,3595096.496486004
1789601400000,332.8,333.49,332.79,333.2,2275733.17311631
1789602300000,333.158,333.65,333.158,333.39,5296505.308885538
1789603200000,333.31,333.68,332.9,333.53,618583.74
1789604100000,333.52,333.56,333.24,333.24,167694.18
1789605000000,333.24,333.67,333.2,333.67,676962.01
1789605900000,333.66,333.66,333.41,333.64,352540.6
1789606800000,333.55,333.55,333.37,333.38,258079.28
1789607700000,333.39,333.51,333.36,333.5,277742.23
1789608600000,333.48,333.6,333.26,333.38,278720.05
1789609500000,333.38,333.43,333.27,333.32,162002.61
1789610400000,333.32,333.57,333.3,333.46,190364.66
1789611300000,333.46,333.54,333.43,333.52,132402.4
1789612200000,333.51,333.6,333.42,333.43,446836.89
1789613100000,333.43,333.44,333.27,333.36,646377.09
1789614000000,333.42,333.49,333.38,333.38,298092.4
1789614900000,333.38,333.62,333.35,333.55,168748.92
1789615800000,333.55,333.68,333.52,333.68,397648.72
1789616700000,333.69,333.7,333.42,333.48,549516.93
1789617600000,333.5,333.52,333.43,333.51,137392.32
1789618500000,333.51,333.51,333.35,333.36,524497.3
1789619400000,333.36,333.74,333.36,333.72,1841691.47
1789620300000,333.72,333.77,333.55,333.58,343044.48
1789621200000,333.62,333.68,333.36,333.39,215428.67
1789622100000,333.36,333.49,333.33,333.48,292389.06
1789623000000,333.42,333.47,333.2,333.34,917356.29
1789623900000,333.22,333.53,333.21,333.24,849448.06
1789624800000,333.36,333.65,333.22,333.33,380186.45
1789625700000,333.3,333.5,333.2,333.5,459114.58
1789626600000,333.5,333.5,333.48,333.5,268800.57
1789627500000,333.5,333.6,333.39,333.41,597588.23
1789628400000,333.42,333.98,333.4,333.92,1257477.9
1789629300000,333.89,334.0,333.68,334.0,931817.15
1789630200000,333.99,334.4,333.99,334.21,1928052.55
1789631100000,334.05,334.2,333.81,334.1,858616.72
1789632000000,333.3,334.391,332.41,333.8037,18420360.95970835
1789632900000,333.6975,333.9888,333.6,333.79,806128.5565658399
1789633800000,333.68,334.0,333.6352,333.9447,2440345.511227419
1789634700000,334.0,334.2088,333.8075,334.1,2893576.9113596897
1789635600000,334.2,334.4988,334.0469,334.4,3697162.6697365046
1789636500000,334.11,334.45,334.11,334.1953,1422588.4119941713
1789637400000,334.11,334.2,334.11,334.14,538754.5098767568
1789638300000,334.1112,334.2,334.1,334.14,405264.56817563
1789639200000,334.14,334.2988,334.1025,334.24,1139101.4742255164
1789640100000,334.24,334.3462,334.15,334.2975,1023250.8717594212
1789641000000,334.25,334.35,334.07,334.12,3377977.424128899
1789641900000,334.1225,334.2488,334.09,334.1112,1618800.4052564593
1789642800000,334.1212,334.25,334.0,334.1988,4832234.622869412
1789643700000,334.1,334.195,333.81,333.98,3339628.755430072
1789644600000,334.19,334.19,333.74,333.834,5216071.505793133
1789645500000,333.95,334.04,333.73,334.04,5569147.370844603
1789646400000,334.2288,334.4,333.9267,334.0975,9759359.273181435
1789647300000,334.1,334.5182,333.92,334.51,5063764.851401961
1789648200000,334.48,334.6,333.96,334.33,17996726.832400396
1789649100000,334.3554,334.3788,334.01,334.15,3846996.8078886564
1789650000000,334.16,334.5,333.81,333.81,9860106.01466212
1789650900000,333.8117,335.17,333.58,334.97,13801089.748861019
1789651800000,334.755,335.58,331.3501,331.995,797783283.7336
1789652700000,331.9878,332.2,330.1937,330.825,477719321.2428
1789653600000,330.83,333.45,330.75,333.16,531630015.9191
1789654500000,333.17,333.88,333.07,333.445,360201614.10299367
1789655400000,333.53,333.85,332.5001,332.65,514804576.3162696
1789656300000,332.675,332.96,332.2,332.72,192900937.3936
1789657200000,332.8,333.1299,332.02,332.055,179681406.9371874
1789658100000,332.04,333.19,332.01,333.14,172544111.7566054
1789659000000,333.13,333.75,332.87,333.48,240892506.938
1789659900000,333.505,334.92,333.44,334.89,320135515.9012
1789660800000,334.9,335.79,334.84,335.78,400917907.3427574
1789661700000,335.775,336.4,335.55,336.09,325190581.9737
1789662600000,336.03,336.2,335.66,335.85,164312570.968
1789663500000,335.875,336.12,335.26,336.11,195800610.9149
1789664400000,336.1,336.47,335.45,335.5373,226340708.2224
1789665300000,335.55,335.87,335.28,335.45,112055346.10294685
1789666200000,335.44,335.95,335.4,335.865,119763593.92804272
1789667100000,335.87,336.19,335.7201,335.9301,161166404.85663345
1789668000000,335.96,336.0932,335.66,335.79,117153571.58454032
1789668900000,335.795,335.89,335.46,335.7999,102080259.21137795
1789669800000,335.8,336.3999,335.65,336.3,218092370.3282721
1789670700000,336.31,336.405,336.06,336.2331,151585767.8434892
1789671600000,336.25,337.47,336.24,337.26,566159723.9362551
1789672500000,337.25,337.31,336.77,337.005,316906792.6817966
1789673400000,337.005,338.34,336.975,337.415,482611747.69519436
1789674300000,337.41,338.08,336.83,337.0,837941921.0187
1789675200000,337.06,337.18,336.81,336.94,252292599.5499
1789676100000,337.0,337.0,336.79,336.9899,1460999.6514835297
1789677000000,336.82,336.9788,334.47,336.84,3482586.005184769
1789677900000,336.84,337.0,336.7012,336.74,73080139.84258164
1789678800000,336.74,336.85,336.72,336.83,1273641.7424841737
1789679700000,336.83,336.85,336.76,336.84,865015.9013987788
1789680600000,336.84,336.9962,336.78,336.8512,58242179.0844836
1789681500000,336.9768,337.2,336.92,337.1374,2724398.944096203
1789682400000,337.01,337.01,336.33,336.5628,4188660.5266240044
1789683300000,336.54,336.6,336.3,336.3,2331696.698653292
1789684200000,336.3,336.4288,336.117,336.25,8075639.683924201
1789685100000,336.2999,336.4888,336.2,336.3,1771511.5035074793
1789686000000,336.3,336.45,336.25,336.25,809028.8381132452
1789686900000,336.27,336.43,336.22,336.3,454062.9887666317
1789687800000,336.32,336.4188,336.18,336.18,865498.6298131868
1789688700000,336.18,336.2899,336.0355,336.13,3349975.2001860305
1789689600000,336.13,336.5,336.1,336.16,672722.59
1789690500000,336.16,336.4,336.16,336.34,178592.06
1789691400000,336.34,336.43,336.25,336.43,408949.83
1789692300000,336.27,336.3,336.1,336.19,199671.6
1789693200000,336.19,336.34,336.11,336.22,485868.72
1789694100000,336.22,336.26,336.13,336.16,158005.87
1789695000000,336.15,336.29,336.05,336.19,796052.98
1789695900000,336.19,336.2,336.06,336.2,405032.68
1789696800000,336.2,336.22,336.11,336.13,101516.42
1789697700000,336.18,336.61,336.17,336.54,1978195.57
1789698600000,336.54,336.54,336.32,336.32,166174.7
1789699500000,336.28,336.34,336.17,336.24,253526.36
1789700400000,336.24,336.43,336.24,336.4,496852.43
1789701300000,336.31,336.35,336.16,336.18,475803.88
1789702200000,336.21,336.29,336.1,336.29,168087.68
1789703100000,336.29,336.36,336.05,336.05,682031.97
1789704000000,336.08,336.13,336.0,336.01,668131.14
1789704900000,336.06,336.06,335.9,335.94,582226.26
1789705800000,336.02,336.16,335.95,336.14,305141.11
1789706700000,336.15,336.25,336.15,336.21,173486.96
1789707600000,336.21,336.22,336.07,336.17,291435.67
1789708500000,336.2,336.28,336.14,336.27,243101.86
1789709400000,336.24,336.46,336.24,336.43,209228.2
1789710300000,336.46,336.54,336.34,336.54,443422.8
1789711200000,336.5,336.5,336.39,336.46,763688.37
1789712100000,336.48,336.88,336.47,336.81,1272634.73
1789713000000,336.85,337.28,336.82,337.07,2340776.39
1789713900000,337.1,337.37,337.07,337.28,1404993.86
1789714800000,337.28,337.31,336.97,337.19,650769.24
1789715700000,337.16,337.45,337.0,337.33,1029729.4
1789716600000,337.34,337.4,337.11,337.21,1014805.69
1789717500000,337.2,337.31,337.15,337.19,261681.43
1789718400000,336.93,337.4717,335.807,336.65,23921386.563152395
1789719300000,336.63,336.68,336.2212,336.25,3148169.834994789
1789720200000,336.27,336.45,336.22,336.33,1477612.4144551016
1789721100000,336.369,336.4937,336.2235,336.493,2365784.7677203696
1789722000000,336.31,336.5615,336.227,336.3212,633575.973614457
1789722900000,336.3421,336.4,336.23,336.28,777593.7131142016
1789723800000,336.28,336.36,336.005,336.1988,1696420.1530161484
1789724700000,336.09,336.1988,335.9012,335.95,574185.6509454907
1789725600000,335.91,336.0,335.8,335.96,1525084.4965980013
1789726500000,335.98,336.0,335.8,335.808,1721104.3626027014
1789727400000,335.7765,339.1,335.7765,337.65,44862576.145627074
1789728300000,337.4957,337.6097,336.92,337.05,1744774.1002475629
1789729200000,336.85,337.46,336.5,337.15,8078190.926730352
1789730100000,337.3,337.6,337.1801,337.465,4296408.384065105
1789731000000,337.4688,337.47,336.9,337.3,3634100.746120108
1789731900000,337.3,337.4,337.1,337.18,5181875.611414909
1789732800000,337.19,338.0,336.76,336.925,14988790.804600365
1789733700000,336.91,337.35,336.76,336.95,5354209.113586834
1789734600000,336.8983,337.36,336.77,336.8669,4183527.269912586
1789735500000,336.87,337.25,336.81,337.1667,3855767.702198417
1789736400000,337.04,337.193,336.8063,336.9562,5475937.383386992
1789737300000,336.95,338.4207,336.7,337.59,51305215.31309953
1789738200000,337.99,338.49,335.39,335.76,3261509906.696869
1789739100000,335.785,336.65,334.81,334.99,487622240.9848
1789740000000,334.97,335.5,333.4475,333.5434,525463941.26696223
1789740900000,333.54,333.6683,333.0,333.49,465373269.175
1789741800000,333.4999,333.5,332.53,332.675,366347820.8714939
1789742700000,332.66,334.11,332.655,333.945,428570343.187
1789743600000,333.94,335.3,333.6502,334.86,390501950.62302256
1789744500000,334.855,335.81,334.855,334.995,319459562.4393
1789745400000,334.9801,335.225,334.31,334.71,252861977.3342
1789746300000,334.705,334.9587,334.535,334.78,163447620.07733896
1789747200000,334.82,334.93,334.46,334.63,147162600.78110024
1789748100000,334.62,334.82,334.2307,334.6,190547822.841
1789749000000,334.63,334.94,334.42,334.555,158650396.6235
1789749900000,334.555,334.77,334.46,334.565,144044404.2509
1789750800000,334.56,335.14,334.5,334.84,168021203.5416
1789751700000,334.83,335.46,334.6804,335.215,158392308.8033
1789752600000,335.2,335.74,335.0601,335.425,164898222.5325
1789753500000,335.425,335.85,335.27,335.6,134699672.5502152
1789754400000,335.6,335.7291,335.4201,335.47,133889433.692
1789755300000,335.475,335.75,335.22,335.71,190223312.91877347
1789756200000,335.72,335.92,335.4,335.86,177373484.8122
1789757100000,335.8267,336.29,335.68,335.755,354792910.7512592
1789758000000,335.76,336.31,335.6,336.175,254131674.6672
1789758900000,336.18,336.48,336.0,336.22,299654898.689
1789759800000,336.24,336.5,335.78,336.08,305952500.869218
1789760700000,336.055,336.94,335.58,336.13,1620191007.3386
1789761600000,335.59,336.1434,334.71,336.13,16377652389.016962
1789762500000,335.79,336.13,335.35,335.59,185096023.36463782
1789763400000,335.57,336.13,335.35,335.4588,20693617.16079064
1789764300000,335.44,335.5,334.602,335.41,70296668.42214395
1789765200000,335.5,335.5,335.05,335.15,2394979.9997483944
1789766100000,335.1,335.2,335.05,335.1988,4790926.112658212
1789767000000,335.15,335.19,334.9,334.92,49079647.2749811
1789767900000,334.92,334.98,334.7501,334.77,2899803.6054856824
1789768800000,334.7792,335.06,334.75,334.9405,4572447.90441309
1789769700000,334.96,334.96,334.9013,334.95,41035928.583543815
1789770600000,334.9003,334.95,334.9,334.95,1810329.312185826
1789771500000,334.9074,334.95,334.8502,334.88,506441.9724041221
1789772400000,334.8825,335.14,334.88,335.1365,2023480.3547645004
1789773300000,335.0035,335.19,334.9072,335.19,993704.0057325248
1789774200000,335.08,335.1882,334.86,334.9155,1617499.0513329739
1789775100000,334.9017,335.0,334.75,334.8,2204048.746015182
1789776000000,334.77,334.77,334.77,334.77,120.215907
1789776900000,334.99,335.08,334.68,334.68,2037.136674
1789782300000,335.05,335.05,335.05,335.05,1.47422
1789784100000,335.05,335.05,335.05,335.05,1.641745
1789785000000,335.05,335.05,335.05,335.05,3.316995
1789786800000,335.05,335.05,335.05,335.05,99.97892
1789787700000,334.67,334.67,334.67,334.67,44.109506
1789790400000,335.05,335.05,335.05,335.05,1.67525
1789794900000,335.05,335.05,334.67,334.67,70.419937
1789799400000,334.66,334.66,334.66,334.66,205.180046
1789801200000,335.05,335.05,334.58,334.58,1306.44813
1789804800000,334.58,334.58,334.58,334.58,41.354088
1789807500000,335.05,335.1,334.26,334.26,1263.35077
1789824600000,334.98,334.98,334.98,334.98,19.998306
1789828200000,334.99,334.99,334.99,334.99,23.985284
1789830000000,334.99,334.99,334.51,334.51,49.0074
1789830900000,334.99,334.99,334.51,334.51,43.5007
1789833600000,334.99,335.09,334.38,334.38,565.713524
1789836300000,335.09,335.09,334.38,334.38,260.691618
1789839000000,335.1,335.1,335.1,335.1,33.97914
1789841700000,335.09,335.09,334.38,334.38,25.707648
1789845300000,335.1,335.1,335.1,335.1,1.47444
1789848000000,335.09,335.1,334.38,334.38,111.534755
1789857000000,335.1,335.1,335.1,335.1,1.47444
1789857900000,335.1,335.12,335.1,335.12,22.117576
1789858800000,334.38,334.38,334.31,334.31,1094.911663
1789861500000,334.28,334.28,334.28,334.28,10.19554
1789863300000,334.28,335.12,334.28,335.12,12.70726
1789868700000,335.12,335.12,334.28,334.28,31.93038
1789875000000,335.12,335.12,334.27,334.27,41.702997
1789875900000,335.12,335.12,335.12,335.12,16.856536
1789883100000,334.27,334.27,334.22,334.22,1002.735173
1789885800000,334.23,334.23,334.23,334.23,30.0807
1789891200000,334.16,334.16,334.16,334.16,15.471608
1789895700000,335.12,335.12,335.12,335.12,11.963784
1789896600000,334.16,334.16,334.16,334.16,11.929512
1789900200000,334.16,335.12,334.16,335.12,44.901488
1789904700000,335.12,335.12,335.12,335.12,180.361584
1789906500000,335.12,335.12,334.14,334.14,33.424094
1789908300000,334.19,334.19,334.19,334.19,55.14135
1789911000000,335.12,335.12,335.12,335.12,19.973152
1789911900000,335.12,335.12,334.31,334.31,23.426
1789913700000,334.31,334.31,334.31,334.31,16.448052
1789914600000,335.12,335.12,335.12,335.12,23.994592
1789916400000,335.12,335.12,333.57,333.57,959.658269
1789917300000,333.57,333.57,333.39,333.39,1357.460494
1789918200000,333.39,333.39,333.39,333.39,93.582573
1789919100000,335.12,335.12,335.12,335.12,60.288088
1789920000000,333.99,333.99,333.99,333.99,198.72405
1789920900000,335.12,335.12,335.12,335.12,1.709112
1789925400000,335.1,335.1,335.1,335.1,33.97914
1789926300000,335.1,335.1,335.1,335.1,10.08651
1789930800000,335.1,335.1,335.1,335.1,21.4464
1789933500000,335.1,335.1,335.1,335.1,110.04684
1789947000000,335.13,335.13,335.13,335.13,263.680284
1789948800000,335.3,335.77,334.95,335.15,1803440.49
1789949700000,335.12,335.48,335.11,335.14,1177499.65
1789950600000,335.12,335.15,334.9,334.94,809726.97
1789951500000,334.94,335.05,334.88,335.0,554377.23
1789952400000,335.05,335.09,334.7,334.91,1095016.09
1789953300000,334.97,334.97,334.82,334.83,294681.47
1789954200000,334.83,335.0,334.74,334.8,822688.16
1789955100000,334.81,334.96,334.72,334.9,342552.85
1789956000000,334.9,334.9,334.55,334.55,326996.71
1789956900000,334.61,334.61,334.41,334.55,343860.24
1789957800000,334.52,334.56,334.28,334.28,304303.02
1789958700000,334.28,334.46,334.28,334.41,85937.41
1789959600000,334.41,334.84,334.4,334.78,485197.51
1789960500000,334.78,334.84,334.71,334.77,326746.4
1789961400000,334.77,334.97,334.56,334.76,1078249.14
1789962300000,334.76,334.79,334.5,334.5,543694.92
1789963200000,334.51,334.54,334.37,334.53,488354.92
1789964100000,334.53,334.56,334.47,334.47,386711.77
1789965000000,334.45,334.45,334.02,334.03,750671.62
1789965900000,334.29,334.43,334.15,334.15,532472.31
1789966800000,334.14,334.3,334.14,334.29,266697.8
1789967700000,334.31,334.49,334.29,334.29,408954.86
1789968600000,334.36,334.95,334.36,334.95,908583.53
1789969500000,334.95,334.97,334.75,334.95,549197.1
1789970400000,334.93,335.14,334.9,335.13,1099451.71
1789971300000,335.1,335.23,334.93,334.95,489983.05
1789972200000,334.93,334.98,334.83,334.92,180858.61
1789973100000,334.9,335.1,334.67,335.09,528822.14
1789974000000,335.0,335.36,334.97,335.34,931833.17
1789974900000,335.34,335.48,335.23,335.48,373901.37
1789975800000,335.45,335.56,335.3,335.34,701100.96
1789976700000,335.4,335.74,335.31,335.72,629932.68
1789977600000,335.36,335.9788,334.03,335.42,19621187.089944668
1789978500000,335.5,335.6,335.05,335.05,2590237.78823096
1789979400000,335.05,335.4,335.03,335.15,2015231.0927530846
1789980300000,335.15,335.35,335.0757,335.2,3401870.599839892
1789981200000,335.19,335.2952,334.9,335.06,2138376.5940988814
1789982100000,335.06,335.3,335.0,335.1813,2946239.9729929348
1789983000000,335.1512,335.4988,335.1512,335.27,1042870.0510462931
1789983900000,335.32,335.5,335.27,335.47,2799125.383955497
1789984800000,335.33,335.5,335.33,335.49,1517318.186631136
1789985700000,335.45,335.45,335.31,335.39,1142940.074123385
1789986600000,335.34,335.43,335.13,335.21,1399276.9150188486
1789987500000,335.2015,335.5987,335.2015,335.5025,2371007.800841533
1789988400000,335.52,336.13,335.35,335.5015,3433942.682688941
1789989300000,335.5488,335.99,335.462,335.896,4455651.51038865
1789990200000,335.78,336.4,335.744,336.2817,8073731.718505159
1789991100000,336.2817,336.3614,336.0,336.01,3078039.3460414778
1789992000000,336.1757,336.18,335.8995,336.0501,7253974.114191233
1789992900000,336.1,336.6,336.05,336.24,9326485.376638127
1789993800000,336.0612,336.3988,336.0612,336.23,7785076.936867259
1789994700000,336.14,336.25,335.9,336.0988,7668313.392671112
1789995600000,336.06,336.24,335.71,335.8845,18411390.746763986
1789996500000,335.8988,335.9588,334.98,335.33,31917214.661961243
1789997400000,335.2,335.6302,333.05,333.89,1001901017.8710189
1789998300000,333.87,336.32,333.62,335.85,734602252.0279
1789999200000,335.84,337.8,335.69,336.78,579849481.62
1790000100000,336.79,337.46,336.395,337.3,331972663.2669336
1790001000000,337.2001,338.215,336.6,337.005,330984017.2545
1790001900000,337.0123,337.39,336.31,336.98,377797320.8054858
1790002800000,336.98,337.45,336.75,337.3501,211159800.1213
1790003700000,337.37,337.9397,336.9,337.04,295071577.1639
1790004600000,337.03,337.94,336.905,337.875,202435907.9653
1790005500000,337.89,338.488,337.68,337.73,318167489.0400793
1790006400000,337.73,338.71,337.54,338.5,282350070.9079
1790007300000,338.52,339.0,338.355,338.53,222486570.52894458
1790008200000,338.5399,339.11,338.41,339.0055,175902518.79754293
1790009100000,339.0,339.26,338.51,338.7107,158958285.12920982
1790010000000,338.71,339.13,338.6,339.0106,123575725.65097813
1790010900000,339.03,339.11,338.43,338.76,114689455.29892534
1790011800000,338.76,338.78,338.19,338.4301,133676706.6226005
1790012700000,338.43,338.73,338.1,338.19,161964789.7776579
1790013600000,338.21,338.52,337.75,337.91,197135178.1806
1790014500000,337.855,339.12,337.8525,338.92,207387010.6759
1790015400000,338.915,339.06,338.49,338.86,181552254.35274863
1790016300000,338.86,339.13,338.49,338.675,217703289.4244
1790017200000,338.69,338.965,338.19,338.94,217820360.16517588
1790018100000,338.93,339.56,338.68,339.4384,268963675.38488805
1790019000000,339.45,339.46,339.0,339.205,243549938.8772
1790019900000,339.19,339.64,338.81,338.98,764131425.4831
1790020800000,338.98,339.08,338.282,338.65,377743108.6804
1790021700000,338.73,338.9,338.61,338.7712,21217823.838171255
1790022600000,338.77,338.98,338.614,338.64,23065718.265773628
1790023500000,338.64,338.8,338.6,338.6012,159599435.0031
1790024400000,338.605,338.8,338.6,338.777,1679017.7603653143
1790025300000,338.69,338.8,338.66,338.78,1759667.9552568716
1790026200000,338.72,338.78,338.62,338.681,2711580.922997266
1790027100000,338.7199,338.78,338.69,338.71,5401997.19024536
1790028000000,338.7793,338.96,338.71,338.85,1271074.8215731063
1790028900000,338.83,338.85,338.75,338.85,1513987.3553373185
1790029800000,338.76,338.85,338.67,338.78,6078988.118272276
1790030700000,338.78,338.85,338.69,338.78,401791.0007269394
1790031600000,338.8495,338.85,338.71,338.8,709874.362462212
1790032500000,338.84,338.84,338.66,338.661,794557.1624860205
1790033400000,338.67,338.7988,338.6,338.61,601209.1509
1790034300000,338.7855,338.85,338.61,338.71,2068021.7447334027
1790035200000,338.8,338.91,338.68,338.7,1099569.39
1790036100000,338.8,338.8,338.6,338.66,101605.33
1790037000000,338.66,338.72,338.39,338.52,283701.35
1790037900000,338.54,338.57,338.44,338.53,213260.49
1790038800000,338.53,338.75,338.49,338.75,194373.79
1790039700000,338.78,338.96,338.7,338.75,203639.28
1790040600000,338.87,339.2,338.75,339.06,442053.98
1790041500000,339.14,339.21,338.75,338.87,453355.63
1790042400000,338.91,339.02,338.5,338.57,444755.51
1790043300000,338.64,338.81,338.57,338.58,420670.26
1790044200000,338.63,338.67,338.53,338.62,100229.84
1790045100000,338.61,338.67,338.53,338.53,157111.4
1790046000000,338.57,338.65,338.45,338.65,376839.45
1790046900000,338.64,338.73,338.64,338.66,61638.06
1790047800000,338.66,338.79,338.66,338.7,97551.82
1790048700000,338.76,338.77,338.6,338.62,138172.23
1790049600000,338.63,338.95,338.61,338.71,349597.96
1790050500000,338.74,338.98,338.71,338.97,206011.99
1790051400000,338.96,339.25,338.96,339.22,623574.93
1790052300000,339.19,339.21,339.0,339.19,918588.41
1790053200000,339.18,339.18,338.91,339.01,248802.84
1790054100000,339.04,339.61,338.96,339.61,737601.94
1790055000000,339.59,339.8,339.41,339.59,1190393.97
1790055900000,339.66,339.68,339.56,339.57,541360.36
1790056800000,339.56,339.59,339.4,339.51,237296.7
1790057700000,339.51,339.69,339.43,339.5,176208.64
1790058600000,339.51,339.51,339.22,339.31,415364.95
1790059500000,339.27,339.57,339.23,339.47,335364.0
1790060400000,339.48,339.68,339.42,339.63,708950.39
1790061300000,339.65,339.84,339.6,339.62,502054.97
1790062200000,339.65,339.77,339.61,339.69,359381.36
1790063100000,339.69,339.79,339.61,339.79,315580.21
1790064000000,339.65,339.9688,338.5052,339.74,18606761.840306133
1790064900000,339.7,340.24,339.7,339.8757,6286824.938435559
1790065800000,339.8,339.8757,339.4212,339.7659,913661.4900522927
1790066700000,339.7046,339.9942,339.69,339.846,725142.8183245384
1790067600000,339.77,339.85,339.3037,339.3037,1078409.6163882306
1790068500000,339.3,339.6157,339.3,339.6157,1370150.03064076
1790069400000,339.4504,339.62,339.44,339.618,781318.8892705613
1790070300000,339.6053,339.8488,339.3797,339.64,2016849.3640942741
1790071200000,339.4985,339.65,339.1412,339.35,1790821.6650706667
1790072100000,339.266,339.46,339.2132,339.266,826241.1144659226
1790073000000,339.4942,339.5,339.26,339.3425,272304.71410759236
1790073900000,339.4064,339.4388,339.26,339.26,455641.6229949496
1790074800000,339.3432,339.4488,338.98,339.37,3969446.317612849
1790075700000,339.37,339.69,339.35,339.6,2372438.911724082
1790076600000,339.59,339.7388,339.36,339.4901,1618480.4797647682
1790077500000,339.555,339.94,339.49,339.8706,2598005.98606499
1790078400000,339.85,340.1,339.7357,339.9578,16326261.798632422
1790079300000,339.9558,340.05,339.8342,340.04,3752312.544541643
1790080200000,339.9987,340.66,339.95,340.4783,21415792.8761359
1790081100000,340.4197,340.6,340.02,340.32,9755736.160259767
1790082000000,340.2639,340.34,340.11,340.19,6400844.729303375
1790082900000,340.11,340.89,338.99,340.0,40966119.23942378
1790083800000,340.33,345.34,339.8,341.46,1104355467.6318
1790084700000,341.42,342.07,340.26,340.775,576626547.1888
1790085600000,340.8,340.9,338.75,339.39,661689997.6203
1790086500000,339.37,340.8599,338.84,340.435,493273041.9886
1790087400000,340.39,340.6,339.43,340.41,434020225.7469
1790088300000,340.41,342.89,340.38,342.795,728465144.9572066
1790089200000,342.8499,343.6499,342.65,343.24,551091624.9522
1790090100000,343.23,343.85,342.51,343.4307,483201840.33732635
1790091000000,343.43,343.635,342.46,342.84,397268719.977
1790091900000,342.85,343.62,341.88,342.15,261411006.63701877
1790092800000,342.14,343.0,341.75,342.65,192590112.8991
1790093700000,342.62,343.25,342.16,342.54,254658079.29253918
1790094600000,342.5287,342.87,342.33,342.49,197270660.4015
1790095500000,342.49,342.63,342.14,342.155,115912340.1089
1790096400000,342.18,342.49,341.63,341.86,253519869.9022
1790097300000,341.9,341.98,341.2,341.56,204290374.0705
1790098200000,341.545,341.6,341.23,341.3949,114769076.0441
1790099100000,341.392,341.59,340.5,341.0614,244810068.2914
1790100000000,341.055,341.29,340.56,341.21,173460265.5528
1790100900000,341.24,341.5899,340.945,341.015,203963166.71255326
1790101800000,341.03,341.48,340.9,341.15,146204810.53078353
1790102700000,341.165,341.27,340.02,340.265,244749764.99589404
1790103600000,340.3002,340.43,340.05,340.23,213462218.82047325
1790104500000,340.22,340.34,339.88,340.11,214723829.83219185
1790105400000,340.1,340.63,339.8032,339.895,301217302.2472
1790106300000,339.9099,340.12,339.27,339.75,805940071.7142669
1790107200000,339.8,340.12,339.55,340.0,419713135.7162
1790108100000,339.87,340.12,339.75,340.0017,4159327.005540637
1790109000000,340.0012,340.07,339.75,340.07,5700394.293464446
1790109900000,339.9348,340.01,339.75,340.0,364886492.25436634
1790110800000,339.88,340.0,339.85,339.9964,846836.3385466837
1790111700000,339.99,340.0,339.75,339.96,940756.4924464609
1790112600000,339.93,339.9745,339.78,339.84,714743.1950843292
1790113500000,339.84,339.96,339.84,339.8541,18128427.66850918
1790114400000,339.87,340.07,339.84,340.0,1340302.227539342
1790115300000,339.89,340.0,339.84,339.96,1160666.6600488499
1790116200000,339.94,340.0,339.9,339.91,854694.5142101301
1790117100000,339.9,340.0,339.84,339.98,1448829.2577772846
1790118000000,339.98,340.0,339.9,339.91,1896089.4778297194
1790118900000,340.0,340.0,339.87,339.92,1031817.8300859845
1790119800000,339.92,339.96,339.84,339.9,724241.327198845
1790120700000,339.9173,339.93,339.8,339.891,2339488.7355183363
1790121600000,339.93,339.99,339.71,339.78,482954.46
1790122500000,339.78,339.81,339.49,339.55,227874.43
1790123400000,339.55,339.72,339.55,339.7,108350.68
1790124300000,339.71,339.73,339.64,339.71,212993.13
1790125200000,339.74,339.94,339.72,339.84,342573.42
1790126100000,339.76,339.87,339.76,339.86,65584.25
1790127000000,339.86,340.5,339.86,340.2,1429264.16
1790127900000,340.2,340.36,340.17,340.36,660458.72
1790128800000,340.38,340.49,340.25,340.39,392769.99
1790129700000,340.36,340.4,340.27,340.39,192642.04
1790130600000,340.35,340.44,340.29,340.44,222282.57
1790131500000,340.44,340.45,340.3,340.3,349543.94
1790132400000,340.35,340.36,340.22,340.23,109901.98
1790133300000,340.23,340.5,340.23,340.45,124585.8
1790134200000,340.47,340.64,340.44,340.46,424932.17
1790135100000,340.51,340.58,340.42,340.49,268658.35
1790136000000,340.47,340.53,340.45,340.52,390215.19
1790136900000,340.52,340.52,340.27,340.39,194686.19
1790137800000,340.28,340.28,340.11,340.26,256158.88
1790138700000,340.19,340.19,340.09,340.15,172104.85
1790139600000,340.15,340.33,340.1,340.33,322853.54
1790140500000,340.33,340.42,340.15,340.4,432469.99
1790141400000,340.39,340.46,340.33,340.44,230115.78
1790142300000,340.42,340.44,340.32,340.32,98702.89
1790143200000,340.35,340.61,340.33,340.61,1062942.15
1790144100000,340.6,340.68,340.55,340.59,519461.0
1790145000000,340.6,340.63,340.56,340.59,320499.11
1790145900000,340.58,340.6,340.47,340.47,477496.0
1790146800000,340.47,340.54,340.22,340.43,201521.74
1790147700000,340.49,340.55,340.43,340.5,133142.26
1790148600000,340.51,340.63,340.51,340.6,151550.75
1790149500000,340.61,340.66,340.52,340.59,734079.31
1790150400000,340.63,340.81,339.75,340.55,12227696.56260668
1790151300000,340.55,340.803,340.31,340.31,1005203.349114102
1790152200000,340.5,340.7988,340.3185,340.43,1176254.9495827125
1790153100000,340.6797,340.7988,340.05,340.1689,747681.3823912204
1790154000000,340.15,340.7988,340.0245,340.4522,624056.0574224525
1790154900000,340.28,340.4,340.1604,340.3,145122.447786698
1790155800000,340.28,340.4,339.8679,340.21,498414.7921412322
1790156700000,339.99,340.2088,339.8102,340.2088,533818.9377054
1790157600000,340.0,340.4,339.937,340.21,683260.2495189412
1790158500000,340.2,340.4,340.1,340.26,628021.5300966261
1790159400000,340.23,340.5322,339.81,340.19,2624801.1373948934
1790160300000,340.14,340.4,340.0195,340.1308,694167.0659263503
1790161200000,340.1,340.9,340.1,340.5888,5332945.348617129
1790162100000,340.562,340.7853,340.271,340.45,3232646.16438439
1790163000000,340.4763,340.65,340.36,340.42,4227757.164438888
1790163900000,340.51,340.7,340.255,340.68,2815284.302912455
1790164800000,340.67,341.5,340.26,340.81,7766095.866731695
1790165700000,340.6209,341.0015,340.505,340.74,5719384.279490289
1790166600000,340.7788,341.1028,340.51,341.1028,5236651.491481387
1790167500000,341.1,343.34,341.0,343.11,46153590.486645386
1790168400000,343.23,344.38,342.8,342.8008,87285859.85303414
1790169300000,342.81,342.88,340.46,340.89,36458389.92107121
1790170200000,340.99,341.8,336.9785,337.33,907208702.6281447
1790171100000,337.3492,338.72,337.3,337.48,542182040.0578
1790172000000,337.44,338.25,337.06,337.0605,450996196.0087
1790172900000,337.1,337.58,336.41,337.32,423646115.80340725
1790173800000,337.338,338.05,336.82,337.4793,253574518.9087922
1790174700000,337.55,338.51,337.46,338.165,292178679.1321
1790175600000,338.17,338.61,337.85,338.1294,225281066.1872
1790176500000,338.14,338.23,335.911,336.17,399645105.4987
1790177400000,336.17,336.61,335.97,336.5279,263260419.87411535
1790178300000,336.52,337.1599,336.21,336.97,238706686.851
1790179200000,336.975,337.24,336.62,336.92,157987582.01107633
1790180100000,336.89,337.07,336.62,336.75,104741845.39495121
1790181000000,336.7325,337.06,336.56,336.67,190078928.3383
1790181900000,336.68,337.0692,336.56,336.85,106114840.9807818
1790182800000,336.84,337.785,336.765,337.63,128869466.9232
1790183700000,337.63,337.94,336.8,336.83,166567886.84463674
1790184600000,336.825,337.38,336.736,337.3501,126133750.83642134
1790185500000,337.36,337.675,337.13,337.56,226636418.5374
1790186400000,337.56,337.6,337.15,337.2,121730079.29545896
1790187300000,337.195,337.1999,336.5801,337.05,172085360.8533
1790188200000,337.055,337.1999,336.75,336.88,117230963.1472838
1790189100000,336.89,337.39,336.87,337.1141,124793854.08391696
1790190000000,337.13,337.2656,336.41,336.74,168876846.3977
1790190900000,336.745,336.775,336.2,336.33,282304644.8612
1790191800000,336.33,336.71,336.0,336.37,403555239.5816
1790192700000,336.37,337.14,335.61,337.02,1074940949.2907944
1790193600000,337.02,337.09,336.5,336.8,2739688860.536603
1790194500000,336.82,337.02,336.78,336.85,112617174.31177354
1790195400000,336.89,336.97,336.82,336.93,1573883.6543754516
1790196300000,336.91,337.02,336.85,336.9003,40944022.16135405
1790197200000,336.8312,336.97,336.83,336.9165,507318.5439332806
1790198100000,336.93,336.97,336.86,336.9,26950937.395859096
1790199000000,336.9467,336.95,336.85,336.9137,965023.2986124649
1790199900000,336.911,337.1,336.911,337.0423,2541457.7476136484
1790200800000,337.05,337.33,337.0,337.25,3592244.306933308
1790201700000,337.2482,337.25,337.02,337.1102,788386.7850753962
1790202600000,337.1124,337.2,337.1,337.1822,6981989.55621272
1790203500000,337.1155,337.1822,337.1,337.12,1002802.587772872
1790204400000,337.12,337.17,337.1,337.1273,333823.66856489
1790205300000,337.1273,337.198,337.1,337.15,1096226.2418321804
1790206200000,337.15,337.33,336.85,336.85,4199418.4452288225
1790207100000,337.0181,337.19,336.8,336.9361,2140018.893005427
1790208000000,337.02,337.02,336.12,336.57,841465.67
1790208900000,336.68,336.71,336.45,336.59,430458.89
1790209800000,336.59,336.6,336.46,336.51,87158.79
1790210700000,336.54,336.64,336.46,336.55,262494.65
1790211600000,336.55,336.73,336.35,336.45,263147.38
1790212500000,336.36,336.59,336.33,336.59,124804.67
1790213400000,336.64,336.69,336.58,336.63,31982.41
1790214300000,336.63,337.11,336.58,336.81,402749.49
1790215200000,336.86,336.91,336.72,336.76,182872.72
1790216100000,336.82,336.91,336.82,336.91,135083.85
1790217000000,336.88,336.88,336.67,336.67,352854.54
1790217900000,336.7,336.7,336.47,336.52,791833.58
1790218800000,336.53,336.53,336.3,336.36,259687.9
1790219700000,336.43,336.43,335.93,336.05,979651.25
1790220600000,336.05,336.26,336.02,336.22,108566.74
1790221500000,336.23,336.29,336.0,336.03,976169.03
1790222400000,336.07,336.11,335.79,336.0,478498.24
1790223300000,336.07,336.4,336.0,336.4,83042.26
1790224200000,336.39,336.39,336.18,336.18,5716.32
1790225100000,336.32,336.32,336.0,336.29,208094.93
1790226000000,336.28,336.33,336.28,336.29,47081.57
1790226900000,336.28,336.33,336.26,336.33,268040.71
1790227800000,336.35,336.36,336.17,336.2,432461.74
1790228700000,336.22,336.22,335.84,335.96,457355.89
1790229600000,335.97,336.35,335.97,336.23,239974.86
1790230500000,336.22,336.31,336.06,336.13,109253.32
1790231400000,336.06,336.2,336.06,336.19,697883.13
1790232300000,336.19,336.27,336.06,336.06,382159.73
1790233200000,336.06,336.15,335.74,336.04,546347.73
1790234100000,336.04,336.21,336.0,336.11,189867.14
1790235000000,336.17,336.34,336.17,336.22,325186.14
1790235900000,336.2,336.2,335.61,335.66,309685.84
1790236800000,335.96,337.02,335.3,335.43,11788633.069993274
1790237700000,335.36,335.61,335.0952,335.2604,3172938.3417234765
1790238600000,335.2778,335.72,334.87,335.66,5928227.946204935
1790239500000,335.74,335.9607,335.3587,335.52,2159271.5061598667
1790240400000,335.56,335.9633,335.35,335.9,2605996.4056723104
1790241300000,335.8695,336.4088,335.6712,336.37,4186602.3845693883
1790242200000,336.26,336.318,335.33,335.76,2604337.7716411743
1790243100000,335.7,336.13,335.5312,336.07,1059407.1468938568
1790244000000,336.05,336.4488,336.0,336.39,1107494.676227931
1790244900000,336.42,336.4988,336.0095,336.3217,2207686.420465083
1790245800000,336.009,337.0,336.0,336.87,2725775.3952900874
1790246700000,336.81,336.98,336.76,336.8337,1350571.6244345065
1790247600000,336.955,337.35,336.8,336.95,6302546.077470373
1790248500000,337.0,337.21,336.81,337.13,3234576.7336320104
1790249400000,337.005,337.2,336.8,337.0012,5459124.545799673
1790250300000,337.05,337.3,336.57,336.9,93016870.8408383
1790251200000,336.82,337.0312,336.6617,336.81,2938344.102471098
1790252100000,336.81,337.03,336.4,336.95,4031509.1510081827
1790253000000,336.98,337.3645,336.86,337.1688,6367712.298628902
1790253900000,337.0381,337.1,336.61,336.88,4812616.848366208
1790254800000,336.8988,336.98,336.65,336.7,2882455.322305255
1790255700000,336.8,336.83,335.73,336.77,9403279.995890576
1790256600000,336.32,337.1,334.3,334.949,450974274.1013
1790257500000,334.95,337.5,334.7,337.35,536067541.1956
1790258400000,337.32,338.26,336.75,337.33,449739903.4819
1790259300000,337.35,337.84,337.3,337.435,194607748.79554015
1790260200000,337.47,337.57,336.13,336.3,227841903.8443
1790261100000,336.24,336.78,336.0405,336.2371,130836617.8363
1790262000000,336.26,336.44,335.65,335.8,198475559.5066
1790262900000,335.8,336.62,335.78,336.055,149616781.40985456
1790263800000,336.055,336.38,335.9101,336.12,130895438.6718
1790264700000,336.11,336.69,335.84,336.5,187505552.1106
1790265600000,336.525,337.93,336.51,337.925,224446208.44797745
1790266500000,337.925,338.91,337.41,337.83,246393925.987
1790267400000,337.82,338.58,337.49,338.17,217906148.11327767
1790268300000,338.16,338.58,337.9,338.46,172735290.92029533
1790269200000,338.46,338.51,337.86,338.41,131420342.9391
1790270100000,338.3901,338.51,337.75,338.145,315396001.1843
1790271000000,338.155,338.29,336.855,336.88,211474701.24527735
1790271900000,336.89,337.35,336.6158,337.21,318202854.84246075
1790272800000,337.18,337.41,336.66,337.285,154557934.6077
1790273700000,337.28,337.835,337.195,337.5,160530054.43399248
1790274600000,337.53,337.8,337.27,337.38,98100613.21207458
1790275500000,337.39,337.5799,337.14,337.28,94442488.53352706
1790276400000,337.2578,337.8299,336.9513,337.55,103324360.8874
1790277300000,337.55,338.04,337.5301,337.64,215995553.3142
1790278200000,337.65,337.665,336.776,336.8075,206401183.05848372
1790279100000,336.79,337.43,335.86,335.92,793496861.4938356
1790280000000,335.92,336.2,335.63,335.7698,1757932827.7365675
1790280900000,335.82,335.92,334.97,335.6897,5785565.568123665
1790281800000,335.5,335.92,335.36,335.55,4531146.941652524
1790282700000,335.7,336.09,335.55,335.75,34364205.85697827
1790283600000,335.84,335.85,335.5575,335.8441,749114.6934174901
1790284500000,335.8441,335.85,335.8,335.81,705951.1612549681
1790285400000,335.8107,336.14,335.81,335.92,1741961.9291092583
1790286300000,335.9467,335.95,335.82,335.9388,101048399.95972548
1790287200000,335.9,336.12,335.82,335.98,1629109.6530185114
1790288100000,335.999,336.0,335.82,335.92,7816476.657227341
1790289000000,335.8212,336.09,335.82,336.0755,184803.43974366703
1790289900000,335.9,336.08,335.9,335.9,308846.878326585
1790290800000,335.91,335.9988,335.82,335.82,935576.6111409436
1790291700000,335.8217,336.0,335.82,335.9201,362274.4957672196
1790292600000,335.92,336.0,335.8,335.97,480797.88541350566
1790293500000,335.81,335.97,335.55,335.91,3397939.7891472285
1790294400000,335.78,335.91,335.58,335.58,67807.09
1790295300000,335.58,336.06,335.44,335.81,284520.8
1790296200000,335.8,335.8,335.44,335.48,152340.8
1790297100000,335.56,335.69,335.56,335.69,71495.99
1790298000000,335.65,335.91,335.45,335.91,182648.35
1790298900000,335.93,336.1,335.68,335.72,312056.65
1790299800000,335.61,336.33,335.53,335.99,595152.76
1790300700000,335.99,336.03,335.72,335.85,94394.93
1790301600000,335.86,335.86,335.67,335.84,87966.64
1790302500000,335.84,336.0,335.67,335.78,389165.6
1790303400000,335.78,335.89,335.64,335.89,116489.94
1790304300000,335.85,335.87,335.69,335.87,16451.75
1790305200000,335.85,335.95,335.85,335.89,46688.6
1790306100000,335.89,335.89,335.8,335.89,59783.48
1790307000000,335.89,335.89,335.39,335.42,1235643.81
1790307900000,335.51,335.51,335.28,335.51,670343.68
1790308800000,335.51,335.53,334.9,335.16,912033.53
1790309700000,335.0,335.15,335.0,335.0,113918.01
1790310600000,335.0,335.12,335.0,335.03,72372.92
1790311500000,335.05,335.16,335.0,335.07,45232.42
1790312400000,335.07,335.47,335.07,335.47,207872.61
1790313300000,335.42,335.49,335.26,335.49,57362.11
1790314200000,335.48,335.83,335.48,335.82,319515.06
1790315100000,335.73,335.76,335.49,335.55,68125.59
1790316000000,335.53,335.68,335.48,335.62,257718.82
1790316900000,335.62,336.14,335.52,335.82,3425448.18
1790317800000,335.71,335.8,335.6,335.61,347467.31
1790318700000,335.69,335.69,335.53,335.6,341635.75
1790319600000,335.74,335.86,335.64,335.86,405302.32
1790320500000,335.86,335.98,335.8,335.98,242517.28
1790321400000,335.89,335.93,335.81,335.9,135706.63
1790322300000,335.91,336.19,335.91,336.14,325936.84
1790323200000,335.92,336.1382,334.9065,335.79,6910914.1013
1790324100000,335.67,336.15,335.66,335.98,1404897.9212676648
1790325000000,335.95,336.3,335.844,336.11,1746668.393065658
1790325900000,336.12,336.4988,335.95,336.16,763316.5178623145
1790326800000,336.1537,336.2988,335.85,335.85,952243.9249005899
1790327700000,335.9,336.1538,335.8112,336.0388,967541.8213737735
1790328600000,335.82,335.9988,335.6312,335.8517,985249.3986871721
1790329500000,335.91,336.45,335.8512,336.0,1229465.4001121705
1790330400000,335.8512,336.0988,335.7162,335.955,1744239.8754317788
1790331300000,336.0147,336.0188,335.81,335.86,796930.0332044815
1790332200000,335.86,335.98,335.6012,335.7988,856800.595655196
1790333100000,335.7988,336.1895,335.6612,336.03,778987.6190242541
1790334000000,336.07,336.5,335.92,336.445,9485323.566661092
1790334900000,336.41,336.645,336.06,336.24,3097984.922539401
1790335800000,336.2,336.4,335.94,336.14,6707086.743076275
1790336700000,336.1888,336.2688,336.01,336.08,866152.1223677906
1790337600000,336.2,336.34,335.96,336.33,6461166.955907817
1790338500000,336.3,336.54,336.25,336.29,2881013.6054302873
1790339400000,336.4,336.4,336.0,336.2655,1930261.1317326673
1790340300000,336.17,336.3,335.71,336.1767,2170024.948999508
1790341200000,336.0672,336.21,335.46,335.48,10107335.812375091
1790342100000,335.56,336.39,335.5045,336.0,10634645.252798373
1790343000000,336.04,336.8,334.53,335.78,436640962.2207
1790343900000,335.775,336.2869,335.65,336.05,243311759.8088403
1790344800000,335.97,336.03,334.75,334.98,233074117.6861379
1790345700000,335.0057,336.505,334.62,336.36,242442246.4349
1790346600000,336.3301,337.47,336.2025,336.815,360523630.0499878
1790347500000,336.81,337.7295,336.68,337.56,236156885.92
1790348400000,337.54,337.86,337.0,337.82,242836462.4652
1790349300000,337.84,338.64,337.63,338.415,290238229.08
1790350200000,338.45,339.07,338.14,338.3393,325684111.9479732
1790351100000,338.335,339.516,338.15,339.51,237202832.69112343
1790352000000,339.485,340.24,339.375,339.725,358183900.5536
1790352900000,339.72,340.1024,339.17,340.0716,195295236.0859975
1790353800000,340.04,340.2,339.35,339.3601,204468617.11291754
1790354700000,339.375,339.3999,338.9,339.245,130763410.88577524
1790355600000,339.24,339.8922,339.2201,339.786,171671348.3935
1790356500000,339.79,340.11,339.58,340.11,123334136.0962
1790357400000,340.11,340.46,339.77,340.0358,193922677.310582
1790358300000,340.04,340.14,339.82,339.96,120811353.4583871
1790359200000,339.96,340.255,339.86,340.11,143674229.22799352
1790360100000,340.115,340.23,339.6,339.8599,157355703.4297153
1790361000000,339.84,340.415,339.81,340.295,203785242.73694614
1790361900000,340.3,340.4,340.01,340.22,561118130.3103
1790362800000,340.22,340.48,340.11,340.4,179662280.1371
1790363700000,340.405,340.45,339.88,340.02,252623326.4427679
1790364600000,340.01,340.94,339.9,340.85,315235025.1893263
1790365500000,340.85,341.67,340.63,341.07,935669691.9584
1790366400000,341.025,341.07,340.82,340.88,2306621267.747061
1790367300000,341.0,341.07,340.74,340.88,58179924.20451842
1790368200000,340.9587,341.15,340.8,341.05,15139376.155717991
1790369100000,341.04,341.25,340.98,341.23,10146412.372314962
1790370000000,341.2475,341.25,341.11,341.11,5575597.434520822
1790370900000,341.11,341.53,340.9,341.3,86092416.0045993
1790371800000,341.01,341.4877,341.01,341.116,1475678.50920349
1790372700000,341.09,341.2,341.09,341.1,5986613.969077506
1790373600000,341.116,341.2,341.1,341.145,722152.3623332117
1790374500000,341.16,341.19,341.1,341.14,349588.4735561989
1790375400000,341.13,341.25,341.08,341.19,1274777.9458822869
1790376300000,341.16,341.25,341.1,341.19,1217978.2272548
1790377200000,341.19,341.4535,341.14,341.4535,2598908.0100599146
1790378100000,341.2539,341.49,341.18,341.3606,2731060.9073849176
1790379000000,341.39,341.4952,341.2003,341.3512,2501239.6340964753
1790379900000,341.3512,341.5,341.3507,341.43,3436550.994278833
1790380800000,341.59,341.59,341.36,341.36,31.96206
1790382600000,341.59,341.59,341.36,341.36,23.561775
1790387100000,341.36,341.36,341.36,341.36,96.400064
1790388000000,341.59,341.59,341.33,341.33,205.044939
1790389800000,341.33,341.33,341.33,341.33,10.990826
1790390700000,341.24,341.24,341.12,341.12,1374.114966
1790394300000,341.07,341.07,341.07,341.07,10.402635
1790395200000,341.1,341.1,341.1,341.1,130.43664
1790396100000,341.07,341.07,341.07,341.07,10.2321
1790397900000,341.1,341.1,341.1,341.1,10.02834
1790405100000,341.07,341.07,340.82,340.82,1124.804385
1790406000000,340.77,340.77,340.21,340.21,3811.607023
1790411400000,340.18,340.18,340.18,340.18,235.302506
1790414100000,340.13,340.13,340.13,340.13,106.358651
1790416800000,341.1,341.1,341.1,341.1,449.43336
1790423100000,340.01,340.01,340.01,340.01,20.978617
1790429400000,341.5,341.5,341.5,341.5,19.97775
1790431200000,341.5,341.59,341.5,341.59,96.855502
1790433000000,341.59,341.59,341.59,341.59,23.979618
1790433900000,340.1,340.1,340.1,340.1,218.85435
1790438400000,341.59,341.59,340.01,340.01,31.89888
1790443800000,341.59,341.59,341.59,341.59,33.988205
1790445600000,341.59,341.59,341.59,341.59,24.970229
1790450100000,340.01,340.01,339.93,339.93,1352.086419
1790461800000,339.9,339.9,339.9,339.9,14.92161
1790485200000,339.9,339.9,339.9,339.9,115.566
1790486100000,340.03,340.03,340.03,340.03,15.64138
1790493300000,339.89,340.03,339.87,339.87,164.580378
1790496900000,339.87,339.87,339.87,339.87,160.690536
1790497800000,340.11,340.11,340.11,340.11,128.697624
1790511300000,340.11,340.11,340.11,340.11,7.346376
1790512200000,339.86,339.86,339.86,339.86,28.922086
1790514900000,340.11,340.11,340.11,340.11,60.097437
1790515800000,340.11,340.11,339.86,339.86,233.403962
1790519400000,340.01,340.01,340.01,340.01,23.970705
1790523000000,340.01,340.01,339.73,339.73,1751.94063
1790523900000,339.94,339.94,339.94,339.94,49.937186
1790525700000,339.69,339.69,339.64,339.64,879.827536
1790530200000,339.77,339.77,339.77,339.77,33.977
1790533800000,339.77,339.77,339.77,339.77,10.023215
1790535600000,339.77,339.77,339.77,339.77,21.439487
1790539200000,339.61,339.61,339.61,339.61,119.88233
1790550000000,339.77,339.77,339.77,339.77,23.987762
1790550900000,339.77,339.77,339.77,339.77,20.080407
1790551800000,339.77,339.77,339.77,339.77,19.978476
1790553600000,340.32,340.49,339.75,340.15,3732072.35
1790554500000,340.11,340.11,339.8,339.89,1282975.03
1790555400000,339.91,340.13,339.56,339.92,1063460.18
1790556300000,340.0,340.29,339.94,340.11,513643.48
1790557200000,340.17,340.59,340.13,340.49,757955.73
1790558100000,340.48,340.56,340.23,340.34,219590.01
1790559000000,340.35,340.52,340.25,340.36,522214.59
1790559900000,340.41,340.47,340.33,340.33,174284.36
1790560800000,340.25,340.47,340.23,340.43,654839.13
1790561700000,340.41,340.84,340.34,340.6,2576555.81
1790562600000,340.55,340.56,339.98,340.09,1070057.33
1790563500000,340.09,340.25,339.76,340.24,479509.27
1790564400000,340.25,340.38,340.0,340.0,263281.33
1790565300000,339.99,340.05,339.91,340.05,162508.67
1790566200000,340.06,340.27,339.97,340.1,509169.35
1790567100000,340.1,340.4,340.1,340.2,304581.69
1790568000000,340.16,340.27,340.11,340.21,111576.43
1790568900000,340.21,340.37,340.17,340.28,46615.35
1790569800000,340.27,340.27,340.1,340.14,317346.53
1790570700000,340.19,340.28,340.18,340.19,101727.45
1790571600000,340.26,340.3,340.17,340.21,270504.74
1790572500000,340.2,340.58,340.16,340.49,542675.17
1790573400000,340.46,340.51,340.26,340.42,506906.86
1790574300000,340.33,340.6,340.33,340.51,606069.4
1790575200000,340.59,340.8,340.46,340.72,1201823.86
1790576100000,340.68,340.84,340.4,340.49,657993.86
1790577000000,340.54,340.68,340.5,340.65,1110289.62
1790577900000,340.62,340.83,340.57,340.65,1071136.44
1790578800000,340.64,340.8,340.48,340.49,905391.72
1790579700000,340.48,340.61,340.31,340.5,792819.1
1790580600000,340.5,340.65,340.46,340.53,287740.29
1790581500000,340.53,340.71,340.51,340.71,632178.12
1790582400000,340.43,341.4875,339.8725,340.6,19297608.057179958
1790583300000,340.6657,340.9825,340.3012,340.73,453747.9392488394
1790584200000,340.62,340.901,340.3112,340.4012,1157798.5742643452
1790585100000,340.4012,340.7288,340.3512,340.54,1252406.2225543023
1790586000000,340.53,340.7628,340.3112,340.7,1816835.6830610943
1790586900000,340.69,341.0,340.45,340.7145,1072778.5565189186
1790587800000,340.7188,340.72,340.5012,340.642,752083.55137321
1790588700000,340.67,340.8642,340.5012,340.53,1608321.7074283229
1790589600000,340.5487,340.6,340.4,340.49,1786184.8815841242
1790590500000,340.427,340.5988,340.3,340.3273,1368374.6162604636
1790591400000,340.3235,340.6,340.322,340.4273,723010.221094326
1790592300000,340.5,340.5588,340.32,340.3212,860745.0151910896
1790593200000,340.41,341.07,339.47,339.63,10417015.43251022
1790594100000,339.747,340.16,339.6,340.0,3444032.0456472505
1790595000000,340.0,340.1488,339.55,339.96,3107894.6243726565
1790595900000,339.9007,340.0,339.5412,339.671,2914274.7220921465
1790596800000,339.68,340.1245,339.46,339.8,6283173.06897241
1790597700000,339.98,340.08,339.7025,339.81,1391279.0668927869
1790598600000,339.8,340.17,339.7,339.84,3551940.075151729
1790599500000,339.88,340.5,339.8052,340.31,3488958.922868388
1790600400000,340.33,340.82,340.2115,340.25,6142395.174578781
1790601300000,340.29,341.15,339.8,340.45,9679042.458575128
1790602200000,340.37,342.89,340.17,341.849,839493177.6776
1790603100000,341.83,342.988,341.36,342.22,473134992.1107
1790604000000,342.16,342.7778,341.725,342.29,405641884.5054
1790604900000,342.29,342.389,340.72,340.87,369445086.5809
1790605800000,340.8643,341.3799,340.3,340.34,413960651.1335
1790606700000,340.34,340.36,339.32,339.49,402539636.7484
1790607600000,339.46,340.65,339.42,340.62,342837977.2175
1790608500000,340.64,341.45,340.46,341.27,231059361.6539
1790609400000,341.275,341.5524,340.8,341.075,203356405.5457
1790610300000,341.05,341.49,340.945,341.185,206976987.72472492
1790611200000,341.2,341.34,340.18,340.25,216543969.9324
1790612100000,340.25,341.775,340.195,341.31,297300978.8335138
1790613000000,341.29,341.445,340.37,340.53,134675109.5923516
1790613900000,340.515,341.01,340.36,340.86,139013175.4799
1790614800000,340.85,340.93,340.02,340.76,184702814.9433
1790615700000,340.76,340.76,339.77,339.97,186034603.468
1790616600000,339.985,340.24,339.82,339.82,120088914.57195811
1790617500000,339.81,339.88,339.42,339.44,139941206.5555
1790618400000,339.4301,340.06,339.405,339.955,168437159.0121
1790619300000,339.95,340.14,339.6901,339.795,133359276.1693
1790620200000,339.8,340.0,339.5901,339.86,183151549.50219047
1790621100000,339.87,340.04,339.1505,339.22,190264174.3344
1790622000000,339.2299,339.31,338.61,338.63,230156433.07018182
1790622900000,338.63,338.75,338.21,338.35,288151650.5433
1790623800000,338.3401,338.48,338.04,338.38,325045059.743
1790624700000,338.4,338.93,338.21,338.4,766376970.077
1790625600000,338.39,340.6458,338.2,338.46,3076016052.6553583
1790626500000,338.4,338.4683,338.21,338.3077,1267559.0173
1790627400000,338.3012,338.4,338.2512,338.31,5049424.356819626
1790628300000,338.31,338.41,338.25,338.3313,1052542.4123261499
1790629200000,338.3995,338.5,338.3212,338.35,3519601.2400941597
1790630100000,338.4,338.4,338.33,338.3995,73415128.09623526
1790631000000,338.39,338.4,338.33,338.36,215244.8895002743
1790631900000,338.38,338.58,338.3317,338.4,7172306.669853243
1790632800000,338.46,338.65,338.3,338.6229,2913765.6196198137
1790633700000,338.5447,338.68,338.533,338.68,1123017.6631708066
1790634600000,338.6712,338.68,338.61,338.6485,23571325.085977066
1790635500000,338.649,338.74,338.61,338.7375,626621.3071160909
1790636400000,338.74,338.74,338.55,338.58,1493932.643502872
1790637300000,338.58,338.68,338.51,338.6485,133597.732904341
1790638200000,338.6,338.6661,338.45,338.4504,844497.0641744735
1790639100000,338.4546,338.58,338.25,338.5,1443174.87849998
1790640000000,338.5,338.51,338.29,338.29,174620.41
1790640900000,338.3,338.3,338.0,338.14,190024.99
1790641800000,338.01,338.13,337.9,338.08,108839.71
1790642700000,338.07,338.26,337.71,338.17,641297.95
1790643600000,338.05,338.1,337.93,337.93,116282.19
1790644500000,337.97,338.01,337.79,337.86,290948.71
1790645400000,337.94,338.08,337.94,338.01,185235.85
1790646300000,338.01,338.21,337.86,338.21,361703.01
1790647200000,338.16,338.28,338.01,338.28,444018.41
1790648100000,338.28,338.3,338.14,338.14,190384.98
1790649000000,338.15,338.15,337.73,337.82,177434.52
1790649900000,337.82,337.89,337.52,337.75,267399.33
1790650800000,337.75,337.75,337.27,337.38,736348.44
1790651700000,337.38,337.8,337.38,337.8,60086.23
1790652600000,337.73,337.76,337.51,337.7,232252.23
1790653500000,337.61,337.69,337.43,337.49,246037.93
1790654400000,337.41,337.56,337.27,337.56,358992.93
1790655300000,337.56,337.84,337.56,337.69,751392.46
1790656200000,337.69,337.78,337.59,337.59,231979.75
1790657100000,337.62,337.62,337.4,337.4,129598.32
1790658000000,337.43,337.54,337.28,337.36,68481.16
1790658900000,337.36,337.43,337.16,337.17,111299.44
1790659800000,337.17,337.54,337.0,337.46,725260.04
1790660700000,337.46,337.54,337.45,337.53,242303.14
1790661600000,337.51,337.59,337.3,337.46,326314.33
1790662500000,337.44,337.5,337.01,337.5,210434.49
1790663400000,337.49,337.82,337.41,337.68,366287.73
1790664300000,337.64,337.64,337.54,337.55,379112.76
1790665200000,337.54,337.55,337.33,337.37,427212.44
1790666100000,337.41,337.6,337.32,337.6,628470.75
1790667000000,337.6,337.6,337.49,337.49,569425.58
1790667900000,337.48,337.6,337.33,337.6,221730.24
1790668800000,337.3,338.4,336.7927,336.86,3598891.0917453035
1790669700000,336.9,337.1309,336.71,337.04,3958879.4036183907
1790670600000,336.9772,337.34,336.8612,337.25,1038988.3099788848
1790671500000,337.36,337.4352,336.87,337.43,2477168.5821272293
1790672400000,337.33,337.4288,337.0612,337.0612,478697.5459205484
1790673300000,337.24,337.3888,336.8612,337.02,977624.191532872
1790674200000,337.15,337.2788,336.89,337.18,2142419.3587663714
1790675100000,337.13,337.2422,336.6312,336.85,3791780.9249550197
1790676000000,336.77,337.2188,336.6772,336.74,2328363.9662839463
1790676900000,336.74,336.787,336.04,336.148,4130355.7552545685
1790677800000,336.32,336.5817,336.1012,336.5817,1464250.5249316187
1790678700000,336.5,336.88,336.2212,336.5512,5218493.512432586
1790679600000,336.8,337.23,336.0,336.5671,10766989.567341775
1790680500000,336.43,337.05,336.43,336.84,5697704.156937001
1790681400000,336.7673,337.1888,336.7673,337.0,3942450.7163525494
1790682300000,337.01,337.53,336.9052,337.25,5477770.483042906
1790683200000,337.28,337.2943,337.08,337.2,3069309.118609228
1790684100000,337.26,337.38,336.8,337.07,4150094.667729917
1790685000000,337.11,337.3125,336.7412,337.0,2685431.2586673386
1790685900000,336.9,337.16,336.51,336.7474,3520004.0775907533
1790686800000,336.83,337.18,336.69,337.07,2989865.536143456
1790687700000,337.01,338.4,336.0497,336.95,9927715.977222422
1790688600000,337.06,337.06,332.06,332.5251,1005553097.1640483
1790689500000,332.5,333.6299,332.5,332.85,484210368.4026
1790690400000,332.84,333.45,332.73,333.155,349102761.0697714
1790691300000,333.1632,333.18,331.63,332.07,383174804.61980116
1790692200000,332.065,332.55,331.71,331.9605,352600214.24463975
1790693100000,331.975,332.78,331.855,332.42,278045614.5316
1790694000000,332.43,332.88,331.55,332.57,341162455.93102634
1790694900000,332.5432,332.94,331.51,331.75,320098493.8701996
1790695800000,331.79,332.59,331.55,332.0101,189672676.295705
1790696700000,332.06,332.3235,330.98,331.35,258600259.95121595
1790697600000,331.36,331.36,330.58,331.185,278188398.6428876
1790698500000,331.185,331.37,330.55,330.925,319103600.7794983
1790699400000,330.9106,331.41,330.7101,331.183,198034896.20826533
1790700300000,331.17,331.4544,330.95,331.215,148481415.41092473
1790701200000,331.19,331.33,330.8,331.09,115646340.7743
1790702100000,331.07,331.73,331.07,331.57,187831151.8601004
1790703000000,331.56,332.29,331.46,332.21,176885734.66511413
1790703900000,332.23,332.34,331.01,331.64,214369310.2333499
1790704800000,331.64,332.05,331.01,331.595,191747254.79095793
1790705700000,331.615,331.79,331.12,331.71,169948712.69718143
1790706600000,331.705,331.85,331.26,331.52,163631634.03111082
1790707500000,331.5323,331.59,330.7,330.93,205721923.12474024
1790708400000,330.95,331.06,330.12,330.62,280856303.41805506
1790709300000,330.63,330.73,330.34,330.365,228301021.694016
1790710200000,330.365,330.6049,329.1,329.395,437876017.3394849
1790711100000,329.3983,329.86,328.7,329.4,1248915743.3883145
1790712000000,329.59,331.2135,329.11,329.5821,3117268304.300586
1790712900000,329.53,329.78,329.4,329.74,7051630.929797221
1790713800000,329.73,329.89,329.4,329.83,20263503.131714296
1790714700000,329.82,329.89,329.649,329.71,8526956.2725686
1790715600000,329.6112,329.889,329.61,329.8563,746046.3123110349
1790716500000,329.85,329.9792,329.83,329.93,138827438.4364937
1790717400000,329.93,329.98,329.88,329.95,5900944.275864051
1790718300000,329.9498,329.98,329.92,329.9799,63024739.76987735
1790719200000,329.96,330.2,329.93,330.12,3495882.120968937
1790720100000,330.13,330.2557,330.02,330.13,2461936.846394611
1790721000000,330.1107,330.1462,330.0,330.1,2205742.4202750903
1790721900000,330.14,330.15,330.0,330.0,1130937.354182914
1790722800000,330.01,330.1,330.0,330.0304,974655.8446134101
1790723700000,330.03,330.15,330.02,330.091,594572.1394993635
1790724600000,330.11,330.18,330.05,330.1785,925318.8560195792
1790725500000,330.15,330.35,330.1117,330.21,3043227.558405496
1790726400000,330.2,330.49,330.06,330.4,306222.74
1790727300000,330.4,330.47,330.28,330.4,506794.25
1790728200000,330.37,330.42,330.26,330.26,149306.88
1790729100000,330.25,330.25,330.03,330.21,954977.95
1790730000000,330.19,330.21,329.64,329.8,802597.77
1790730900000,329.85,329.85,329.65,329.72,720114.3
1790731800000,329.72,329.98,329.66,329.92,232205.12
1790732700000,329.92,330.0,329.85,330.0,387670.33
1790733600000,330.0,330.04,329.58,329.69,625862.81
1790734500000,329.75,329.8,329.5,329.74,431854.94
1790735400000,329.67,329.74,329.46,329.53,606650.63
1790736300000,329.53,329.72,329.52,329.6,652140.38
1790737200000,329.61,329.71,329.61,329.67,87693.31
1790738100000,329.71,329.8,329.56,329.73,314523.28
1790739000000,329.7,329.92,329.7,329.92,57388.6
1790739900000,329.95,329.98,329.87,329.95,305831.86
1790740800000,329.96,329.99,329.94,329.97,77870.96
1790741700000,329.97,330.11,329.97,330.11,183818.36
1790742600000,330.09,330.12,330.09,330.1,169672.85
1790743500000,330.1,330.1,330.0,330.03,265374.23
1790744400000,330.06,330.09,329.91,329.91,310526.95
1790745300000,329.92,329.97,329.74,329.9,329512.58
1790746200000,329.86,329.88,329.65,329.72,592272.32
1790747100000,329.75,329.83,329.5,329.78,375148.09
1790748000000,329.78,329.83,329.59,329.73,397335.9
1790748900000,329.6,329.78,329.54,329.58,907001.75
1790749800000,329.6,329.69,329.23,329.52,1502673.99
1790750700000,329.44,329.74,329.23,329.65,334674.23
1790751600000,329.71,329.88,329.6,329.84,1139292.0
1790752500000,329.87,330.36,329.86,330.13,1059354.98
1790753400000,330.08,330.33,330.02,330.28,326233.62
1790754300000,330.3,330.49,330.27,330.49,250068.87
1790755200000,330.6735,330.6735,329.12,330.03,3873685.4907472446
1790756100000,330.0147,330.4707,330.0112,330.2354,1261589.650685422
1790757000000,330.21,330.3235,330.0377,330.0392,739073.0999969244
1790757900000,330.1967,330.1967,329.78,329.78,1601821.9567012198
1790758800000,329.82,329.9602,329.4012,329.6012,2152437.6253980487
1790759700000,329.97,330.0659,329.6,329.7,563689.7203351522
1790760600000,329.7562,329.84,329.47,329.53,2017344.0179436617
1790761500000,329.54,329.8488,329.45,329.69,1363252.80834443
1790762400000,329.7088,329.7088,329.31,329.38,1109456.7464983142
1790763300000,329.3509,329.7217,329.3509,329.49,1163475.5014066673
1790764200000,329.478,329.5935,329.3012,329.47,2554659.1452850252
1790765100000,329.47,329.5267,329.21,329.24,1421045.7283426633
1790766000000,329.2,329.4,328.8,328.95,7106530.713119706
1790766900000,328.9267,329.34,328.75,329.2288,4942469.265867379
1790767800000,329.23,329.5,329.12,329.42,3224743.9559983625
1790768700000,329.41,329.78,329.15,329.71,3850379.8388735442
1790769600000,329.74,330.25,329.5,330.195,6898388.535655773
1790770500000,330.16,330.56,329.96,330.44,7170825.722958123
1790771400000,330.45,331.2,330.1772,330.69,22781653.46193286
1790772300000,330.65,330.8752,330.3,330.6,9898681.638850646
1790773200000,330.6353,330.8748,330.3612,330.82,7954476.047202632
1790774100000,330.84,331.02,329.62,330.87,17109480.257776164
1790775000000,330.8,333.08,330.1401,332.45,584722139.5522066
1790775900000,332.41,335.9,332.08,335.77,758670951.4163
1790776800000,335.77,339.5,335.72,337.42,1592934950.2377
1790777700000,337.42,338.2299,336.83,338.15,516825994.0616
1790778600000,338.19,339.28,337.76,338.48,603961554.0222
1790779500000,338.49,339.28,338.34,338.405,362614126.3288
1790780400000,338.39,338.49,337.44,337.46,295329617.8703
1790781300000,337.465,337.76,336.98,337.36,225864414.62568402
1790782200000,337.35,338.39,337.16,337.785,361979853.77250683
1790783100000,337.77,338.37,337.23,337.545,261774094.1115
1790784000000,337.5486,337.748,336.81,336.825,197652328.6333841
1790784900000,336.82,336.91,336.49,336.74,186132955.9039
1790785800000,336.765,336.89,336.42,336.85,172164392.81606275
1790786700000,336.8246,336.86,335.972,336.44,174475551.6699
1790787600000,336.44,336.4999,335.91,335.98,170697565.04272747
1790788500000,335.975,335.975,335.37,335.786,143325205.8647
1790789400000,335.8,336.5328,335.66,336.195,182795060.6287
1790790300000,336.195,336.91,336.08,336.45,160900997.52304208
1790791200000,336.4476,336.6793,335.91,336.64,150082823.22
1790792100000,336.6401,336.67,336.07,336.33,176592772.1674733
1790793000000,336.345,336.775,335.91,336.7075,164330066.0900052
1790793900000,336.715,337.1099,336.155,336.38,204123478.98895967
1790794800000,336.375,336.7,336.01,336.065,181677845.6603
1790795700000,336.075,336.09,335.24,335.635,305603214.6409
1790796600000,335.62,335.6936,334.965,335.24,364606776.98915887
1790797500000,335.24,335.31,332.47,333.02,2112548125.1509588
1790798400000,333.06,333.3999,332.18,333.15,5158858018.111968
1790799300000,333.1,333.75,332.91,333.22,14211483.602214128
1790800200000,333.22,333.3417,332.9,332.9995,9008651.493189676
1790801100000,332.9976,333.02,332.6,332.7025,258231140.4189606
1790802000000,332.77,333.05,332.7,333.0,3263671.223790749
1790802900000,333.0017,333.05,332.7,333.03,5301201.283278081
1790803800000,333.0246,333.2,333.0,333.1092,2018979.57471717
1790804700000,333.08,333.2,333.08,333.1975,1164274.9593795177
1790805600000,333.18,333.46,333.1,333.34,2858627.4702441413
1790806500000,333.34,333.45,333.25,333.33,5861239.310023152
1790807400000,333.2792,333.75,333.2792,333.66,3158204.431526608
1790808300000,333.66,333.75,333.42,333.7,564077.0734642348
1790809200000,333.6,333.75,333.51,333.516,675249.9551568351
1790810100000,333.55,334.0,333.5355,333.95,1011985.6119018464
1790811000000,333.88,334.66,333.8437,334.33,3427140.7838581377
1790811900000,334.5,334.54,334.2,334.25,1153016.7802755067
1790812800000,334.26,334.26,333.88,333.88,225110.19
1790813700000,333.89,333.97,333.69,333.85,242659.37
1790814600000,333.79,333.79,333.37,333.78,516721.73
1790815500000,333.8,334.03,333.7,334.03,152896.24
1790816400000,334.05,334.15,334.05,334.11,161700.18
1790817300000,334.1,334.16,334.01,334.16,44101.24
1790818200000,334.13,334.23,334.1,334.16,187819.78
1790819100000,334.13,334.13,333.96,334.04,260539.48
1790820000000,334.1,334.12,334.01,334.04,299365.46
1790820900000,334.03,334.1,333.92,334.06,157671.01
1790821800000,334.04,334.09,334.0,334.08,183061.08
1790822700000,334.08,334.2,334.08,334.12,203484.75
1790823600000,334.15,334.17,333.93,334.07,455954.48
1790824500000,334.06,334.08,333.87,333.91,136265.45
1790825400000,333.93,334.02,333.91,334.0,131930.5
1790826300000,334.02,334.16,333.93,334.09,169691.45
1790827200000,334.17,334.45,334.09,334.31,698043.1
1790828100000,334.32,334.37,334.23,334.28,261391.26
1790829000000,334.29,334.41,334.25,334.41,93615.23
1790829900000,334.45,334.5,334.33,334.38,766163.36
1790830800000,334.42,334.63,334.42,334.63,278690.11
1790831700000,334.61,334.64,334.41,334.55,508789.85
1790832600000,334.54,334.7,334.43,334.7,629328.31
1790833500000,334.65,334.65,334.29,334.29,1987101.37
1790834400000,334.43,334.84,334.27,334.59,3149819.05
1790835300000,334.59,334.7,334.15,334.3,1052976.49
1790836200000,334.3,334.31,333.86,333.9,832310.04
1790837100000,333.9,334.07,333.62,333.62,958253.43
1790838000000,333.6,333.67,333.01,333.07,2367939.04
1790838900000,333.0,333.07,332.18,332.25,1230421.56
1790839800000,332.25,332.65,332.17,332.5,940012.55
1790840700000,332.53,332.65,332.1,332.1,720747.44
1790841600000,331.99,334.9685,331.5355,331.85,11021950.0271
1790842500000,331.88,332.273,331.7815,331.92,2518200.9594185124
1790843400000,331.92,332.7488,331.8212,332.53,4587613.289923262
1790844300000,332.53,332.93,332.0612,332.82,2301584.1031729677
1790845200000,332.95,333.1,332.6675,332.92,3683545.9505928373
1790846100000,332.9,333.03,332.7012,333.0252,5560143.618630066
1790847000000,332.8642,333.035,332.835,333.0,772514.3430239076
1790847900000,333.0,333.327,332.8442,332.99,1777264.1882966363
1790848800000,332.88,333.0088,332.227,332.72,2223579.597742959
1790849700000,332.635,332.9905,332.14,332.3122,1262832.3680363507
1790850600000,332.44,332.6993,331.1,331.37,3567706.7032081373
1790851500000,331.47,332.2988,331.33,331.69,9682167.613522852
1790852400000,331.69,333.02,331.48,331.57,8408794.322581198
1790853300000,331.56,331.78,331.2323,331.49,3621952.889972612
1790854200000,331.54,332.48,331.3512,332.32,3431295.381539104
1790855100000,332.34,333.0,332.16,332.3745,10668682.093568461
1790856000000,332.3269,332.62,331.3,331.61,8517350.774069604
1790856900000,331.65,332.69,331.6279,332.4,8304524.446081253
1790857800000,332.28,333.02,331.4,331.58,5895583.410992304
1790858700000,331.57,331.7,331.17,331.31,6566295.449036444
1790859600000,331.2,331.3988,330.84,331.12,17998107.5146329
1790860500000,331.16,331.75,330.0106,330.07,15660222.748688769
1790861400000,330.17,332.4816,328.37,331.915,937353520.9238548
1790862300000,331.89,332.3195,330.03,330.44,419705502.8671109
1790863200000,330.5,330.555,328.63,329.93,473011480.9379794
1790864100000,329.94,331.225,329.56,330.92,273858703.6842014
1790865000000,330.91,331.2354,330.0706,330.9852,281389210.8025
1790865900000,331.005,331.17,329.77,330.15,205888136.1474191
1790866800000,330.145,330.435,328.38,329.74,358081298.544
1790867700000,329.72,329.72,328.53,328.54,276780813.0719
1790868600000,328.58,328.63,326.67,326.78,438030035.0151
1790869500000,326.75,327.29,325.81,327.265,661716704.695563
1790870400000,327.25,328.24,326.94,328.076,361620602.0273
1790871300000,328.09,328.81,327.94,328.4634,197996050.1052
1790872200000,328.44,328.63,327.87,327.91,155718739.19305217
1790873100000,327.91,328.2899,327.66,327.84,153227644.2283798
1790874000000,327.82,328.4397,327.77,328.175,142395012.7331
1790874900000,328.19,329.29,328.13,328.89,251097133.2241195
1790875800000,328.91,329.735,328.9,329.5,182533480.2054
1790876700000,329.5,329.6799,328.56,328.71,154834261.27692035
1790877600000,328.74,329.7075,328.69,329.51,196045598.4664
1790878500000,329.51,329.85,329.15,329.69,169477056.60490426
1790879400000,329.695,329.89,329.06,329.82,183835374.7189
1790880300000,329.85,329.94,329.45,329.81,157793617.90179867
1790881200000,329.82,329.99,329.54,329.79,296673717.0948
1790882100000,329.8,329.94,329.2001,329.79,230642987.54662114
1790883000000,329.705,329.8699,328.76,329.747,275119602.3688535
1790883900000,329.745,330.75,329.4001,330.32,1006258571.0066
1790884800000,330.49,330.68,330.01,330.35,2674136720.828094
1790885700000,330.35,330.6,330.25,330.4512,4826485.709056249
1790886600000,330.54,330.5461,330.2022,330.3,6841954.3408
1790887500000,330.34,330.4,330.01,330.06,2706111.6262828815
1790888400000,330.07,330.32,330.02,330.25,168876407.5028
1790889300000,330.25,330.3,330.1,330.2,277518.942089
1790890200000,330.2,330.2,330.1,330.2,692006.2095104918
1790891100000,330.2,330.2,330.1,330.1845,232042143.2955
1790892000000,330.11,330.4781,330.1012,330.26,1556877.2225687664
1790892900000,330.2514,330.46,330.15,330.3488,1036907.9333
1790893800000,330.1901,330.4,330.1901,330.3,616531.311585199
1790894700000,330.2988,330.6,330.26,330.4563,1514261.5238
1790895600000,330.4,330.73,330.4,330.7187,7830945.356547347
1790896500000,330.73,330.73,330.65,330.69,1804161.0307862274
1790897400000,330.6831,330.73,330.4,330.569,1145971.6089996113
1790898300000,330.595,330.8,330.4,330.7999,2677661.1992899184
1790899200000,330.5,331.05,330.49,330.95,520387.79
1790900100000,330.95,331.59,330.94,331.22,973984.29
1790901000000,331.13,331.17,330.76,330.87,277663.51
1790901900000,330.91,330.97,330.8,330.8,75766.55
1790902800000,330.81,330.82,330.61,330.7,209334.69
1790903700000,330.7,330.74,330.5,330.64,237404.24
1790904600000,330.56,330.6,330.51,330.6,248911.64
1790905500000,330.61,330.83,330.61,330.7,246368.4
1790906400000,330.73,330.94,330.7,330.91,41678.99
1790907300000,330.9,331.0,330.73,330.73,290169.39
1790908200000,330.8,330.94,330.54,330.85,592657.34
1790909100000,330.83,331.26,330.78,331.26,471766.58
1790910000000,331.19,331.26,331.11,331.19,42723.52
1790910900000,331.17,331.24,331.06,331.17,153325.41
1790911800000,331.2,331.23,331.14,331.22,81475.47
1790912700000,331.22,331.27,331.07,331.14,266246.16
1790913600000,331.14,331.32,331.14,331.32,271612.17
1790914500000,331.31,331.41,331.26,331.41,66594.89
1790915400000,331.4,331.41,331.21,331.27,230892.62
1790916300000,331.26,331.41,331.19,331.41,395912.47
1790917200000,331.41,331.59,331.39,331.4,513774.81
1790918100000,331.41,331.43,331.39,331.4,115987.51
1790919000000,331.39,331.4,331.3,331.35,35123.24
1790919900000,331.35,331.35,331.13,331.14,159641.79
1790920800000,331.18,331.29,331.16,331.25,125532.81
1790921700000,331.25,331.25,331.03,331.16,327816.63
1790922600000,331.12,331.12,330.88,330.89,175749.23
1790923500000,330.88,330.88,330.54,330.88,250008.56
1790924400000,330.8,331.37,330.8,331.27,580058.87
1790925300000,331.33,331.34,330.94,331.04,241373.32
1790926200000,331.03,331.21,330.95,331.11,23836.98
1790927100000,331.15,331.45,331.13,331.38,481971.46
1790928000000,331.0782,332.1517,330.32,331.4122,13132128.571939837
1790928900000,331.46,331.5385,331.0692,331.12,2466614.5954362485
1790929800000,331.12,331.4888,331.0,331.4681,2507155.7072240515
1790930700000,331.47,331.5,331.3483,331.47,1774803.6731484076
1790931600000,331.46,331.46,330.9075,331.2475,2689850.7113096807
1790932500000,331.25,331.25,331.0012,331.06,1348158.968929075
1790933400000,331.06,331.12,330.98,330.9896,820094.7967883901
1790934300000,330.932,331.02,330.5,330.7,1733655.2440822267
1790935200000,330.68,330.77,330.3377,330.49,2430006.118170368
1790936100000,330.49,330.8188,330.2346,330.8188,1216926.45038181
1790937000000,330.81,330.99,330.5,330.73,469123.6212412983
1790937900000,330.8988,330.8988,330.4065,330.6855,1185122.7766651143
1790938800000,330.6,330.95,330.1567,330.84,4508695.903910972
1790939700000,330.894,331.25,330.55,331.09,3994707.338798656
1790940600000,331.08,332.14,331.006,331.4254,10758980.267737478
1790941500000,331.4647,331.63,331.02,331.36,2931578.1501056785
1790942400000,331.493,331.6,331.22,331.3907,3657337.71875927
1790943300000,331.4307,331.829,331.25,331.803,3716272.77292313
1790944200000,331.7,332.67,331.7,332.01,21095207.607794527
1790945100000,332.2,332.5,331.905,332.47,7322666.111156283
1790946000000,332.48,332.98,332.27,332.69,14762989.08310338
1790946900000,332.66,334.4,332.11,333.23,15631707.872687545
1790947800000,333.205,333.42,330.61,331.64,547051023.578
1790948700000,331.655,332.4,330.67,332.2,354050055.021
1790949600000,332.23,334.14,332.01,333.9251,529793752.6396
1790950500000,333.92,334.54,333.89,334.3099,380013268.4916
1790951400000,334.285,334.45,333.625,333.845,254674682.7749
1790952300000,333.83,333.9479,332.85,332.96,194227169.3493
1790953200000,332.97,333.0862,331.26,331.395,659319973.1095
1790954100000,331.36,332.38,331.08,332.3493,322410612.7197
1790955000000,332.335,332.48,331.82,332.22,240298117.31364897
1790955900000,332.23,332.515,331.62,332.4,227983708.57373965
1790956800000,332.445,333.45,332.26,332.97,236956982.1124
1790957700000,332.97,333.1099,332.61,332.865,129592899.70437458
1790958600000,332.865,333.74,332.831,333.22,388329135.426498
1790959500000,333.2,333.63,333.1,333.375,144817785.97319862
1790960400000,333.395,333.89,333.395,333.606,130094368.95770508
1790961300000,333.5999,333.77,333.2401,333.4136,165750198.58314952
1790962200000,333.41,333.62,333.22,333.495,140765641.4260053
1790963100000,333.495,333.7,333.18,333.325,116454079.656674
1790964000000,333.35,333.5,332.7801,333.0,137418987.0055
1790964900000,333.0065,333.04,332.72,332.99,127287100.59666753
1790965800000,333.0,333.7399,332.95,333.66,152663539.0095
1790966700000,333.66,334.13,333.57,333.7,199275904.52667072
1790967600000,333.71,333.87,333.21,333.22,139026144.64147815
1790968500000,333.22,333.5285,333.11,333.27,148372586.4835834
1790969400000,333.26,334.08,333.18,333.6,188071381.30893922
1790970300000,333.61,333.88,332.71,333.69,762527282.024689
1790971200000,333.69,333.79,333.22,333.6708,2785066694.143834
1790972100000,333.69,333.7,333.4,333.55,7851647.420246755
1790973000000,333.4,333.6925,333.4,333.53,5863535.686191412
1790973900000,333.53,333.6188,333.2,333.3035,1788256.3106523321
1790974800000,333.35,333.52,333.3,333.5145,118572909.29455025
1790975700000,333.3365,333.5157,333.3,333.3018,61344760.63983757
1790976600000,333.3035,333.35,333.3,333.31,443407.32728141017
1790977500000,333.35,333.35,333.3,333.35,273361159.4110243
1790978400000,333.314,333.35,333.2,333.3487,547368140.2115
1790979300000,333.3071,333.3482,333.0732,333.11,1255389.180887411
1790980200000,333.0884,333.28,333.07,333.25,535977.7317429009
1790981100000,333.25,333.3,333.1,333.3,4103912.2401855
1790982000000,333.29,333.3,333.28,333.28,460088.4989617232
1790982900000,333.3,333.44,333.28,333.33,888467.8226827845
1790983800000,333.35,333.4,333.29,333.3899,374026.4066
1790984700000,333.29,333.66,333.29,333.54,762763.6445439892
1790996400000,333.69,333.69,333.69,333.69,99.973524
1791000000000,333.74,333.74,333.74,333.74,3.604392
1791009000000,333.75,333.75,333.75,333.75,29.97075
1791010800000,333.77,333.77,333.77,333.77,61.647319
1791014400000,333.78,333.83,333.78,333.83,140.739583
1791033300000,333.54,333.54,333.49,333.49,21.34487
1791034200000,333.57,333.57,333.57,333.57,19.980843
1791035100000,333.5,333.5,333.37,333.37,410.631221
1791040500000,333.51,333.51,333.51,333.51,7.203816
1791043200000,333.37,333.37,333.31,333.31,568.989959
1791048600000,333.83,333.83,333.83,333.83,33.983894
1791054000000,333.51,333.51,333.51,333.51,20.077302
1791062100000,333.36,333.36,333.3,333.3,31.933014
1791074700000,333.3,333.3,333.3,333.3,106.62267
1791095400000,333.33,333.33,333.33,333.33,29.9997
1791103500000,333.83,333.83,333.23,333.23,59.431123
1791114300000,333.83,333.83,333.83,333.83,6.6766
1791120600000,333.83,333.83,333.83,333.83,19.996417
1791130500000,333.83,333.83,333.83,333.83,49.974351
1791140400000,333.83,333.83,333.83,333.83,21.431886
1791145800000,333.83,333.83,333.83,333.83,72.407727
1791156600000,333.23,333.23,333.15,333.15,1042.150303
1791158400000,333.48,333.6,333.15,333.26,658176.82
1791159300000,333.3,333.56,333.3,333.55,231385.59
1791160200000,333.54,333.76,333.49,333.63,673351.63
1791161100000,333.71,333.82,333.64,333.75,180221.55
1791162000000,333.69,333.79,333.59,333.65,142813.15
1791162900000,333.71,333.71,333.48,333.48,211479.19
1791163800000,333.58,333.75,333.46,333.51,383946.66
1791164700000,333.54,333.59,333.4,333.51,361811.39
1791165600000,333.54,333.59,333.41,333.45,169748.55
1791166500000,333.53,333.54,333.46,333.53,219437.31
1791167400000,333.52,333.55,333.4,333.48,325144.95
1791168300000,333.53,333.53,333.18,333.23,539672.14
1791169200000,333.31,333.43,333.24,333.27,288027.05
1791170100000,333.31,333.35,333.11,333.23,232593.32
1791171000000,333.27,333.27,333.0,333.05,140571.53
1791171900000,333.17,333.22,333.0,333.1,190186.97
1791172800000,333.1,333.1,332.86,332.91,473521.42
1791173700000,332.88,332.95,332.74,332.74,50257.33
1791174600000,332.87,333.03,332.8,333.02,60254.91
1791175500000,333.02,333.02,332.86,332.87,96539.51
1791176400000,332.87,332.9,332.72,332.72,80872.85
1791177300000,332.7,332.72,332.57,332.58,153352.14
1791178200000,332.58,332.63,332.52,332.55,215846.6
1791179100000,332.53,332.62,332.51,332.51,42230.29
1791180000000,332.56,332.74,332.48,332.71,210185.23
1791180900000,332.73,332.86,332.5,332.5,326625.84
1791181800000,332.5,332.55,332.26,332.47,289883.43
1791182700000,332.47,332.53,332.05,332.36,487028.28
1791183600000,332.42,332.54,332.21,332.28,502677.29
1791184500000,332.32,332.48,332.15,332.25,355863.31
1791185400000,332.36,332.54,332.33,332.47,67153.56
1791186300000,332.57,332.62,332.31,332.31,316834.74
1791187200000,332.78,333.489,331.551,332.852,7241177.1707
1791188100000,332.8517,333.48,332.5377,332.99,976776.5486905529
1791189000000,332.91,333.2317,332.5512,332.68,1482611.12412211220018013
1791189900000,332.67,333.0988,332.5537,333.08,792217.7846959032
1791190800000,333,333.1952,332.8757,333.03,444203.6549362822
1791191700000,333.0012,333.0788,332.72,332.7925,819638.5294467598
1791192600000,332.895,333.0755,332.6,332.6462,776396.1641841175
1791193500000,332.9,332.9388,332.67,332.9388,414192.0873588318
1791194400000,332.8824,332.9388,332.73,332.8488,708698.4709462332
1791195300000,332.7812,332.94,332.7342,332.78,842952.640219775
1791196200000,332.78,332.9355,332.5,332.67,1195290.1676168896
1791197100000,332.67,333.0594,332.5185,332.9563,912477.4844215696
1791198000000,333.02,333.69,332.82,333.12,2509173.9506914647
1791198900000,333.0265,333.35,333.0265,333.2173,1258128.7821937235
1791199800000,333.3465,333.35,333.03,333.1479,1495562.57702772493326592
1791200700000,333.12,333.35,332.62,332.88,5709220.6222615830329299
1791201600000,332.9,332.9714,332.81,332.95,3457034.7172497859341812
1791202500000,332.95,333,332.2642,332.47,4007697.5464062405
1791203400000,332.38,332.6875,331.8,331.8761,7543196.547444661
1791204300000,331.84,332.15,331.5,331.85,3032770.0505219687
1791205200000,331.86,332.36,331.8,332.1707,5521469.4540139156
1791206100000,332.1705,333.17,332,332.98,5571008.5776153165
1791207000000,332.795,336.19,331.65,335.225,650655940.4159
1791207900000,335.2,336.08,333.6,333.8805,468770338.1658
1791208800000,333.87,334.0972,332.84,333.845,363068942.5752
1791209700000,333.845,334.2898,333.36,333.4141,201949134.2169232805
1791210600000,333.4101,334.31,333.06,333.82,221515140.609701198004052
1791211500000,333.87,334.44,333.5322,333.552,210202720.7092
1791212400000,333.545,334.14,333.27,334.1,245334948.0920935109
1791213300000,334.1,334.15,333.2,333.3951,176810164.175215830621955
1791214200000,333.39,333.83,333.19,333.53,142602140.8154015136
1791215100000,333.53,333.87,333.46,333.58,131918448.7142
1791216000000,333.58,333.7,333.27,333.6,154467642.6361
1791216900000,333.59,334.495,333.435,334.175,238843130.8206
1791217800000,334.199,334.61,334.12,334.49,140284074.7382
1791218700000,334.5,334.92,334.3101,334.61,174309840.371992294
1791219600000,334.64,334.77,333.49,333.535,203815530.1504
1791220500000,333.535,333.8797,333.205,333.5391,236466843.0602488076
1791221400000,333.55,333.64,333.08,333.44,209248115.135529483901835
1791222300000,333.45,333.4899,332.51,332.635,166834939.616
1791223200000,332.635,332.96,332.37,332.83,274195743.4893750832
1791224100000,332.85,333.2899,332.64,333.1315,163002354.6265
1791225000000,333.14,333.291,332.45,332.59,246726604.4388
1791225900000,332.5851,333.82,332.5274,333.72,233172720.615356578382947
1791226800000,333.71,334.02,333.46,333.935,234009968.5832
1791227700000,333.93,334.2299,333.575,333.955,227824278.9299
1791228600000,333.96,334.07,332.72,332.82,321223453.332122782060277
1791229500000,332.81,333.23,332.37,332.89,756485700.989686346
1791230400000,333.15,333.2477,332.89,333.16,3554670266.4796614881241
1791231300000,333.12,333.1899,315.76,333.05,1762780.6009713156
1791232200000,333.06,333.07,332.65,332.8967,719772463.2542127626
1791233100000,332.8967,333,332.77,332.92,2674068.6374476916
1791234000000,332.89,332.983,332.89,332.98,779827.43080262140012943
1791234900000,332.9875,332.99,332.8,332.91,1392857.0300204448
1791235800000,332.9,332.95,332.8,332.89,1163808.8902438800998859
1791236700000,332.9,332.9,332.8401,332.89,472834.0626162148
1791237600000,332.92,333.3,332.87,333.09,2190256.24609824856651305
1791238500000,333.1806,333.2,333.01,333.02,699327.0490752804
1791239400000,333.1713,333.19,332.68,332.71,5914861.9243999215
1791240300000,332.9003,333,332.62,332.9462,1087683.376781382
1791241200000,332.95,333.0657,332.82,332.95,537081.28457571856671234
1791242100000,332.96,333,332.8,332.96,403998.73022601253340434
1791243000000,332.9588,333.07,332.9,333.07,635550.0994483526
1791243900000,333,333.0499,332.58,332.85,3726382.52220838
1791244800000,332.69,332.98,332.69,332.79,456595.33
1791245700000,332.79,332.89,332.79,332.83,252625.55
1791246600000,332.8,332.98,332.76,332.94,232371.26
1791247500000,332.9,332.99,332.89,332.93,257707.96
1791248400000,332.93,333.32,332.93,333.19,300095.17
1791249300000,333.18,333.52,333.08,333.52,525514.95
1791250200000,333.22,333.26,333.07,333.12,163892.55
1791251100000,333.12,333.13,333.03,333.09,83598.73
1791252000000,333.1,333.1,333.01,333.01,184836.95
1791252900000,333.01,333.01,332.82,332.84,86221.18
1791253800000,332.85,332.9,332.75,332.8,502533.26
1791254700000,332.85,333.07,332.85,333.07,215432.06
1791255600000,333.08,333.09,332.98,332.99,123562.08
1791256500000,332.99,333.01,332.91,333.01,150169.79
1791257400000,333.01,333.04,332.97,332.97,66601.59
1791258300000,332.97,333.07,332.95,333.07,135198.54
1791259200000,333.06,333.09,333.02,333.02,131220.8
1791260100000,333.02,333.16,333.02,333.14,341097.46
1791261000000,333.16,333.17,333.12,333.13,76291.44
1791261900000,333.13,333.13,333.02,333.02,176860.1
1791262800000,333.06,333.1,333.04,333.1,35972.1
1791263700000,333.09,333.15,333.08,333.08,41971.36
1791264600000,333.08,333.1,333.04,333.06,19984.26
1791265500000,333.06,333.1,333.06,333.1,49296.42
1791266400000,333.1,333.27,333.06,333.16,299499.42
1791267300000,333.2,333.27,333.17,333.17,85972.01
1791268200000,333.17,333.21,333.03,333.08,162216.64
1791269100000,333.08,333.17,333.05,333.07,160884.34
1791270000000,333.06,333.16,332.87,333.16,327669.19
1791270900000,333.2,333.39,333.2,333.26,704915.62
1791271800000,333.28,333.28,333.01,333.24,378818.02
1791272700000,333.23,333.23,333.02,333.02,322438.15
1791273600000,333.441,333.45,332.82,332.93,2818703.7121639257
1791274500000,332.93,333.205,332.8,332.85,1369752.1763441422
1791275400000,332.9,333.2833,332.8047,333,1398797.21511616033365136
1791276300000,333.01,333.3,333,333.05,571174.69978831923331046
1791277200000,333.02,333.18,332.9,332.92,1001047.41781506
1791278100000,332.95,333.0462,332.9,332.98,801505.637763376
1791279000000,332.9788,333.2288,332.9332,333.15,938530.37964368509982694
1791279900000,333.0145,333.2288,332.9912,333.0031,695491.117550009
1791280800000,333.04,333.0597,332.9,332.91,2047327.125129841667051
1791281700000,332.92,333.1,332.7578,332.9297,2094955.818283711332867
1791282600000,332.97,333.06,332.7412,332.8383,4555728.280283069667002
1791283500000,332.93,333.06,332.7,332.7487,1496447.55415628870010684
1791284400000,332.74,333.29,332.7012,332.9812,4728252.8842159501342116
1791285300000,333.195,333.33,332.95,333.057,6466309.5324398884
1791286200000,333.09,333.1993,332.84,333.1993,5175851.6912214746659272
1791287100000,333.19,333.2,332.87,332.9382,4140555.869310062
1791288000000,332.94,333,332.39,332.7,91451052.3787718322
1791288900000,332.6997,332.71,332.3997,332.6291,5910875.1004349066
1791289800000,332.613,332.85,332.46,332.6,46274447.699994896252536
1791290700000,332.73,332.73,332.4,332.5,4427718.8785811098
1791291600000,332.5,332.98,332.41,332.9654,7487459.485599468
1791292500000,332.94,332.9788,332.22,332.5,9924001.6209028390654144
1791293400000,332.305,333.66,331.78,332.31,490170380.2224
1791294300000,332.29,332.45,330.62,331.51,555817290.6744677341
1791295200000,331.47,333.58,331.43,333.32,434432131.0882
1791296100000,333.42,334.38,333.19,333.425,370150877.10547384681558
1791297000000,333.425,334.09,333.01,333.935,192102788.5305
1791297900000,333.925,333.925,332.7,333.0502,188367521.7222652704
1791298800000,333.065,333.43,332.63,332.805,200450229.6138
1791299700000,332.79,333.63,332.575,333.32,185733369.4749
1791300600000,333.32,333.77,332.885,333.08,174033872.7342770862
1791301500000,333.07,333.5,333.005,333.02,179952898.10509038500229
1791302400000,333.045,333.3419,332.94,333.0357,99095965.3089
1791303300000,333.07,333.098,332.05,332.065,179111627.71580607
1791304200000,332.06,332.535,331.4,332.515,250790017.5991
1791305100000,332.49,332.725,332.315,332.54,146188239.4039
1791306000000,332.52,332.79,332.49,332.5616,92420348.7529695272
1791306900000,332.57,332.9,332.19,332.868,143771358.0461364519
1791307800000,332.88,333.08,332.8,332.95,162318813.748757243
1791308700000,332.95,333.14,332.2,332.595,161485039.4899515034
1791309600000,332.58,333.15,332.54,332.9552,134427616.3657581024
1791310500000,332.965,333.25,332.82,333.22,114369387.1700165976
1791311400000,333.2199,333.65,333.0806,333.4454,179637800.9368968943
1791312300000,333.44,333.48,333,333.095,148494134.2635281312
1791313200000,333.105,333.32,332.95,333.24,110304411.9991
1791314100000,333.24,333.68,332.86,333.62,192276043.9641301652
1791315000000,333.615,334.19,333.515,334.095,325776538.4142964007
1791315900000,334.09,334.38,333.09,333.63,722204237.769144860433176
1791316800000,333.66,333.87,333.33,333.7282,3394135175.590346534
1791317700000,333.63,333.85,333.63,333.633,2825792.326696492
1791318600000,333.732,333.75,333.5,333.5397,3810512.1651634335
1791319500000,333.5,334.0266,333.5,333.69,1806374.7035250567
1791320400000,333.5737,333.84,333.5612,333.8159,6592921.66461074
1791321300000,333.78,333.9499,333.73,333.9,274287337.7599085225
1791322200000,333.9,333.94,333.84,333.85,1873384.3870564555
1791323100000,333.8522,333.94,333.85,333.85,424148.6723949326
1791324000000,333.9,333.9,333.85,333.87,477293.7056893648330575
1791324900000,333.88,334,333.85,333.85,430279.4064500305666133
1791325800000,333.92,333.99,333.85,333.951,852207.5357582585001762
1791326700000,333.9705,334.1,333.73,333.85,1370499.7316822285001844
1791327600000,333.8042,333.97,333.8,333.8237,609705.810263867899856
1791328500000,333.8939,334,333.88,333.8827,396801.7471607721666065
1791329400000,333.9888,333.9888,333.81,333.9,461781.5089
1791330300000,333.95,333.99,333.87,333.99,1009297.0459174108666075
1791331200000,333.99,333.99,333.65,333.91,165535.8
1791332100000,333.91,333.91,333.73,333.81,76112.24
1791333000000,333.81,333.87,333.67,333.75,104797.62
1791333900000,333.75,333.75,333.65,333.7,84084.97
1791334800000,333.71,333.71,333.48,333.65,454962.24
1791335700000,333.64,333.7,333.6,333.65,32028.18
1791336600000,333.65,333.86,333.65,333.78,40050.01
1791337500000,333.78,333.78,333.68,333.75,121805.53
1791338400000,333.74,334.28,333.66,334.17,1044648.82
1791339300000,334.18,334.46,334.16,334.41,569379.27
1791340200000,334.41,334.46,334.13,334.17,75573.43
1791341100000,334.16,334.26,334.12,334.15,128997.12
1791342000000,334.1,334.15,334.06,334.15,199796.7
1791342900000,334.18,334.19,334,334.04,146321.06
1791343800000,334.03,334.04,334,334.04,11690.4
1791344700000,334.04,334.1,334.04,334.08,27059.04
1791345600000,334.09,334.1,334.09,334.09,23720.5
1791346500000,334.08,334.08,334.02,334.07,275258.63
1791347400000,334.06,334.07,333.94,333.97,102202.34
1791348300000,333.95,334.06,333.95,334.03,331336.29
1791349200000,334.04,334.06,333.99,334.03,47765.29
1791350100000,334.03,334.05,333.99,333.99,314322.38
1791351000000,334.01,334.03,333.92,334.01,183027.16
1791351900000,334.01,334.07,333.88,333.92,947002.3
1791352800000,333.93,333.93,333.83,333.83,41398.61
1791353700000,333.85,333.89,333.77,333.8,227674.37
1791354600000,333.82,333.86,333.78,333.81,286741.91
1791355500000,333.81,333.88,333.76,333.82,110488.12
1791356400000,333.82,334.08,333.82,333.92,393762.51
1791357300000,333.91,333.94,333.81,333.88,217033.37
1791358200000,333.91,334.08,333.88,334.08,213076.97
1791359100000,334.09,334.27,334.09,334.26,364253.92
1791360000000,334.145,334.8575,333.2425,334.31,2632283.3779127452
1791360900000,334.2312,334.6047,334.2112,334.28,848629.4970264056
1791361800000,334.21,334.45,334.21,334.44,399850.8218401479665707
1791362700000,334.44,334.7365,334.34,334.5112,803390.5445716442662398
1791363600000,334.58,335.34,334.5132,334.8891,3501899.0688304813652607
1791364500000,334.91,334.9485,334.5512,334.7988,1266032.9507979898995443
1791365400000,334.7242,335.2388,334.6578,335.15,2694900.17469846
1791366300000,335.15,335.24,334.9012,334.93,1677067.8824247364
1791367200000,334.92,335.1,334.8,335,1547333.83811344
1791368100000,334.98,335.1,334.7367,334.83,627330.1366238430994789
1791369000000,334.89,335.1788,334.7227,335.06,2282307.1938267284
1791369900000,335.1227,335.26,334.7612,335.26,2012860.5333469676
1791370800000,335.23,336.2,333.63,335.8399,20985278.9787523128
1791371700000,335.73,335.89,335.53,335.83,10190912.5411622435
1791372600000,335.84,335.85,335.0635,335.4,5335881.4214838052
1791373500000,335.38,336.33,335.3045,336.24,7165057.5481940918710556
1791374400000,336.2,337,336,336.74,29535999.1086844665
1791375300000,336.71,338.1505,336.41,336.92,40794651.2744089728
1791376200000,336.84,337.2,336.5,336.615,9480805.6789269194109739
1791377100000,336.65,336.8,336.21,336.6,11298217.9582390874
1791378000000,336.66,337.28,336.58,336.72,16102300.7315163688
1791378900000,336.6112,337.46,335.8,336.92,13509092.7350349669897638
1791379800000,337.015,338.67,332.79,334.82,1013039111.2961
1791380700000,334.82,336.09,334.2,334.7859,507128139.8994
1791381600000,334.94,335.57,334.6716,335.51,335847107.0467
1791382500000,335.5,336.06,335.2301,335.43,253366483.4591
1791383400000,335.43,335.87,334.53,334.73,216774702.8947
1791384300000,334.75,334.9499,333.86,334.42,324215966.5488
1791385200000,334.44,335.36,334.42,334.87,246721659.2799418574
1791386100000,334.885,335.6,334.61,335.3809,475768346.601039072
1791387000000,335.41,335.8899,335.1501,335.54,299101922.5775313174
1791387900000,335.5301,335.95,334.7744,334.865,205360702.77194628993506
1791388800000,334.84,335.05,334.03,334.82,181989438.0115
1791389700000,334.82,335.3282,334.71,335.165,130538555.7374
1791390600000,335.14,336.04,335.03,335.85,203948160.6730306228
1791391500000,335.88,336.3064,335.7448,335.835,175252196.6639911561
1791392400000,335.82,336.86,335.585,336.6,238727325.729
1791393300000,336.6,336.62,335.79,335.79,135896931.6179521572
1791394200000,335.785,336.525,335.6396,336.4,174717638.9724
1791395100000,336.385,336.95,336.38,336.74,343615234.6084663022
1791396000000,336.71,337.29,336.35,337.205,250745845.2315
1791396900000,337.205,337.29,336.83,336.86,148148871.1628
1791397800000,336.86,336.93,336.41,336.46,148817076.7986
1791398700000,336.455,336.955,336.1701,336.9,161853237.4093
1791399600000,336.91,337.45,336.76,337.26,226002270.7142349785
1791400500000,337.245,337.27,336.53,336.66,222194805.732050656
1791401400000,336.66,336.67,335.48,336.175,211965794.470237017
1791402300000,336.17,337,335.87,336.67,770977531.791297981777514
1791403200000,336.55,336.9,335.9161,336.5388,2815503933.3168254835284
1791404100000,336.6,336.67,336.33,336.5007,14376761.7240407120672962
1791405000000,336.503,336.67,336.41,336.4882,6307639.3170154460268266
1791405900000,336.4217,336.5999,336.41,336.5952,1264717.315272999
1791406800000,336.4537,336.58,336.41,336.5,345960.0497142004
1791407700000,336.41,336.6,336.41,336.5862,1003830.6022227558653963
1791408600000,336.4437,336.72,336.44,336.55,241579214.1148
1791409500000,336.473,336.61,336.47,336.59,6960467.4215296256
1791410400000,336.5985,336.84,336.54,336.64,1054414.411094706
1791411300000,336.8006,336.85,336.64,336.84,660468.507081553
1791412200000,336.8447,336.87,336.64,336.7774,706351.7527695042663276
1791413100000,336.68,336.8,336.64,336.796,398045.947268175
1791414000000,336.71,336.8,336.61,336.77,1279840.813145099
1791414900000,336.7967,336.7988,336.505,336.63,382895.2398461888
1791415800000,336.64,336.6999,336.5,336.6752,418983.0538884863663347
1791416700000,336.59,336.7,336.4,336.55,1079688.7427232833
1791417600000,336.59,336.67,336.36,336.5,195870.51
1791418500000,336.45,336.48,336.16,336.16,127788.97
1791419400000,336.16,336.22,336.1,336.17,106904.03
1791420300000,336.12,336.36,336.1,336.3,141554.54
1791421200000,336.3,336.38,336.2,336.25,92808.59
1791422100000,336.21,336.36,336.2,336.2,114653.69
1791423000000,336.2,336.5,336.19,336.49,290610.5
1791423900000,336.48,336.48,336.34,336.37,87458.89
1791424800000,336.39,336.46,336.31,336.45,371053.34
1791425700000,336.41,336.55,336.36,336.55,354000.79
1791426600000,336.55,336.65,336.24,336.49,141949.75
1791427500000,336.46,336.46,336.23,336.23,30941.26
1791428400000,336.24,336.38,336.13,336.17,370232.94
1791429300000,336.03,336.27,336,336.22,657003.18
1791430200000,336.21,336.21,336.15,336.19,30928.61
1791431100000,336.18,336.23,336.13,336.18,193990.35
1791432000000,336.19,336.23,336.12,336.16,673649.15
1791432900000,336.17,336.2,336.06,336.2,173432.36
1791433800000,336.19,336.19,336.1,336.19,106895.2
1791434700000,336.13,336.21,336.07,336.19,190929.37
1791435600000,336.19,336.19,336.11,336.19,31599.04
1791436500000,336.16,336.19,336.11,336.18,26558.18
1791437400000,336.18,336.25,336.07,336.07,392958.34
1791438300000,336.09,336.12,335.97,336,443883.22
1791439200000,336.03,336.13,336,336.04,45031
1791440100000,336.04,336.11,335.9,335.9,276155.24
1791441000000,335.99,336.35,335.99,336.17,1333554.88
1791441900000,336.17,336.3,336,336.18,335810.51
1791442800000,336.24,336.43,336,336.2,1102196.55
1791443700000,336.2,336.53,336.11,336.46,706665.4
1791444600000,336.49,336.92,336.49,336.91,639094.33
1791445500000,337,337.08,336.72,337.08,426148.97
1791446400000,337.18,337.7988,335.8355,337.512,4430185.2757
1791447300000,337.63,337.7,337.27,337.6,1670651.5178900889
1791448200000,337.66,337.7888,337.27,337.4288,1056617.892872813
1791449100000,337.426,337.5305,337.0465,337.4442,1461998.3542330213
1791450000000,337.31,337.4888,337.02,337.03,2200913.3793062585313772
1791450900000,337.14,337.2,336.85,337,926164.0805719235
1791451800000,337.1,337.2988,336.9012,337.0353,369959.7345804771662834
1791452700000,337.0353,337.2288,336.7092,336.8487,1583717.311094156
1791453600000,336.8904,337.2205,336.85,337.1,333569.2118690423
1791454500000,337.0525,337.15,336.74,336.9,755300.3012808619988834
1791455400000,336.74,337.01,336.6,336.6,2223159.7010280726
1791456300000,336.8,336.973,336.6104,336.9588,1032999.1572956984683937
1791457200000,336.75,336.9535,336.67,336.7025,3737972.4966266636
1791458100000,336.7,337,336.61,336.7,1699615.7360411197632353
1791459000000,336.71,337,336.71,336.9846,2557997.570312484202087
1791459900000,336.99,337.15,336.8,337.11,1764413.0318256848
1791460800000,336.8,337.6497,336.8,337.26,6523451.8744998133
1791461700000,337.34,337.4,337,337.2,2248639.9302654643
1791462600000,337.13,337.36,337.01,337.0212,2950112.2311429122
1791463500000,337.1019,337.13,336.81,337.01,7852078.5357760009
1791464400000,337.0212,337.4988,337.02,337.25,7760029.4050619985
1791465300000,337.27,338.5113,336.6397,336.73,17155407.3371054931
1791466200000,336.83,337.65,335.9,336.815,548470859.5070373746
1791467100000,336.74,337.51,336.36,337.27,312435756.4048
1791468000000,337.3,337.65,336.7601,336.91,423413879.3454
1791468900000,336.94,337.6599,336.52,337.62,264076926.1791
1791469800000,337.52,338.24,337.371,337.87,215967862.9967
1791470700000,337.89,338.34,337.52,337.78,161894130.9585948564
1791471600000,337.8,337.83,337.26,337.51,189872479.9306
1791472500000,337.525,337.88,337.17,337.86,172293654.001
1791473400000,337.87,338.18,337.59,338.01,230592870.9971977767
1791474300000,338.01,338.34,337.84,338.13,183541922.556897378
1791475200000,338.18,338.82,337.9309,338.67,243418182.1794
1791476100000,338.67,340.36,338.3,338.57,449678819.06316913351884
1791477000000,338.575,338.68,337.89,338.5505,155656820.3135
1791477900000,338.5999,339.63,338.3,339.2649,362317984.2868261512
1791478800000,339.23,339.642,338.58,338.68,319933335.16103105368468
1791479700000,338.67,339.15,337.93,338.015,221597323.7629837364
1791480600000,338.09,338.645,337.89,338.59,300675514.1631
1791481500000,338.5442,339.1,338.26,338.66,296406778.5063
1791482400000,338.66,339.31,338.65,339.28,222250337.497
1791483300000,339.26,340,339.21,339.68,293441914.63
1791484200000,339.66,340.235,339.51,340.13,308863950.9391
1791485100000,340.13,341.57,340.1252,341.28,511582968.0117
1791486000000,341.29,341.46,340.5565,341.12,338454293.7181
