1782331200000,150.102,152.269,149.894,152.24,22474666.967289295
1782332100000,152.213,153.292,151.815,152.802,5156408.864003836
1782333000000,152.801,153.341,152.562,153.311,1609457.071592581
1782333900000,153.311,153.748,152.905,153.25,2497936.947194854
1782334800000,153.25,153.25,152.7,152.7,2302408.2016450055
1782335700000,152.7,153.175,152.508,153.175,1717130.5740626545
1782336600000,153.175,153.375,153.12,153.265,18436251.6526384
1782337500000,153.265,153.817,153.265,153.5,1362401.7792049001
1782338400000,153.5,153.918,153.5,153.7,8595471.363907453
1782339300000,153.7,153.77,153.3,153.3,489234.89220552
1782340200000,153.3,153.449,153.001,153.1,517371.3
1782341100000,153.1,153.1,152.584,152.689,1096615.325646
1782342000000,152.687,152.9,152.601,152.9,210909.9106
1782342900000,152.9,153.103,152.75,153.05,443159.904791
1782343800000,153.05,153.23,152.89,153.23,170697.4402
1782344700000,153.23,153.366,152.99,153.17,573773.6962
1782345600000,152.73,153.68,152.63,153.41,133705.49
1782346500000,153.47,153.53,153.0,153.01,98153.18
1782347400000,153.15,153.15,152.24,152.24,354674.98
1782348300000,152.2,152.44,152.01,152.05,242772.84
1782349200000,152.28,152.51,152.1,152.25,196220.38
1782350100000,152.13,152.59,152.1,152.51,126194.83
1782351000000,152.53,152.85,152.44,152.8,51104.54
1782351900000,152.64,152.99,152.6,152.76,193411.94
1782352800000,152.75,153.17,152.61,152.61,120971.78
1782353700000,152.51,153.2,152.51,153.2,146977.15
1782354600000,152.93,152.98,152.58,152.6,35738.36
1782355500000,152.77,152.87,152.52,152.65,68696.51
1782356400000,152.9,153.1,152.59,152.62,72450.39
1782357300000,152.6,153.2,152.6,152.94,62893.98
1782358200000,152.91,153.08,152.64,153.03,165526.09
1782359100000,152.92,153.31,152.73,153.05,55293.19
1782360000000,153.02,153.19,153.02,153.16,6580.65
1782360900000,153.02,153.11,152.78,152.94,186904.52
1782361800000,152.93,153.12,152.71,153.1,22627.14
1782362700000,153.12,153.85,152.97,153.79,244105.31
1782363600000,153.77,154.78,153.4,154.43,697780.29
1782364500000,154.5,155.06,154.26,154.53,352749.04
1782365400000,154.16,154.92,154.16,154.76,114715.87
1782366300000,154.44,154.57,154.2,154.46,163199.37
1782367200000,154.48,154.52,154.18,154.49,454197.89
1782368100000,154.45,154.57,154.26,154.49,82789.18
1782369000000,154.34,154.62,154.34,154.43,124493.21
1782369900000,154.5,154.66,154.38,154.51,98570.79
1782370800000,154.49,154.7,154.35,154.5,243114.54
1782371700000,154.67,154.95,154.34,154.35,592653.36
1782372600000,154.36,154.48,154.17,154.31,466450.35
1782373500000,154.36,154.54,154.07,154.41,245368.41
1782374400000,153.17,154.745,153.17,153.485,8003650.802215232
1782375300000,153.485,153.5,153.485,153.5,439325.306315428
1782376200000,153.5,153.5,153.4,153.4,190079.425
1782377100000,153.4,153.935,153.4,153.935,714016.4514
1782378000000,153.935,154.415,153.796,154.035,468658.666245
1782378900000,154.035,154.04,153.848,153.848,339928.9374
1782379800000,153.838,154.015,153.578,153.98,782151.344
1782380700000,153.98,154.999,153.98,153.98,945336.957572487
1782381600000,153.98,154.19,153.667,154.115,59769.7586968932
1782382500000,154.115,154.115,154.105,154.105,175664.937
1782383400000,154.105,154.105,153.253,153.253,1947835.418244157
1782384300000,153.252,153.358,153.205,153.27,784609.4256
1782385200000,153.292,153.583,152.307,152.764,2019492.7975027547
1782386100000,152.765,152.947,152.725,152.76,640321.6776527016
1782387000000,152.76,153.458,152.6,152.98,858689.2569382073
1782387900000,152.98,153.198,152.6,152.6,707079.2871
1782388800000,152.6,153.363,152.6,152.705,793607.5711209272
1782389700000,152.705,153.184,152.101,152.101,289882.3494
1782390600000,152.1,153.79,152.1,152.63,2004084.1630804832
1782391500000,152.63,153.13,152.1,152.101,3044631.1765820645
1782392400000,152.1,152.804,152.01,152.3,221262.5844
1782393300000,152.377,152.76,150.159,150.159,3636508.158153521
1782394200000,150.211,151.772,146.526,146.598,94675886.81227702
1782395100000,146.617,146.88,144.145,144.226,86599001.44465283
1782396000000,144.234,149.155,144.234,148.031,68963614.39590208
1782396900000,148.024,148.924,146.824,148.619,33658404.6300117
1782397800000,148.62,150.2,147.664,147.978,28890524.45235139
1782398700000,148.009,148.632,147.29,147.529,23425131.986938365
1782399600000,147.548,147.787,145.588,145.588,30123885.738937564
1782400500000,145.581,146.34,144.942,146.192,39573577.52947709
1782401400000,146.212,146.412,145.302,145.748,18280999.80434624
1782402300000,145.749,146.396,145.642,146.057,14333388.053698711
1782403200000,146.064,147.874,145.78,147.161,17226366.00339096
1782404100000,147.18,147.277,146.584,146.662,17828497.378928583
1782405000000,146.679,146.715,144.96,145.243,20088753.964055292
1782405900000,145.243,145.497,144.88,145.164,15106426.299204255
1782406800000,145.163,145.39,144.549,144.579,16187958.778548934
1782407700000,144.58,145.184,144.42,144.66,17832496.745593954
1782408600000,144.66,145.274,144.63,144.63,15650694.694001526
1782409500000,144.63,145.264,144.368,145.261,15080485.033795087
1782410400000,145.264,145.586,144.215,144.302,16737505.786476517
1782411300000,144.303,144.841,144.05,144.827,22756641.041344766
1782412200000,144.826,144.826,142.91,142.956,42698728.03625339
1782413100000,142.956,143.66,142.701,143.17,25088080.644531116
1782414000000,143.138,143.146,141.918,142.131,39390820.67358048
1782414900000,142.127,142.203,141.7,142.201,31861164.2778707
1782415800000,142.2,142.265,141.763,141.792,38642140.41003653
1782416700000,141.787,142.68,141.49,142.579,126534798.25421238
1782417600000,142.577,143.023,142.205,142.407,6483710.964641554
1782418500000,142.406,142.759,142.36,142.735,1643485.919919146
1782419400000,142.735,142.753,142.2,142.331,1158360.6222632704
1782420300000,142.33,142.535,142.33,142.535,626345.6148
1782421200000,142.535,142.657,142.236,142.535,1223914.2138593146
1782422100000,142.535,142.7,142.207,142.7,331908.69167
1782423000000,142.7,142.925,142.7,142.925,520752.711
1782423900000,142.925,143.225,142.9,143.225,2160865.702274095
1782424800000,143.225,143.375,143.075,143.075,936464.1260659685
1782425700000,143.054,143.15,142.9,143.071,728710.9632
1782426600000,143.07,143.275,143.07,143.125,370795.9372
1782427500000,143.125,143.15,143.085,143.15,226717.928758769
1782428400000,143.15,143.25,143.125,143.149,460062.2049
1782429300000,143.15,143.6,143.023,143.6,450996.9776162775
1782430200000,143.6,143.75,143.225,143.4,871849.53092496
1782431100000,143.421,143.61,143.0,143.249,328111.2114
1782432000000,143.72,143.79,143.5,143.5,26723.82
1782432900000,143.79,143.79,143.03,143.35,150735.11
1782433800000,143.35,143.59,143.18,143.43,78401.22
1782434700000,143.32,143.44,142.97,142.99,133960.02
1782435600000,142.99,143.26,142.2,142.95,305071.37
1782436500000,142.76,142.98,142.2,142.37,59802.82
1782437400000,142.44,142.48,142.12,142.26,207004.4
1782438300000,142.15,142.63,141.82,142.17,416801.3
1782439200000,142.21,142.26,141.05,141.05,157895.92
1782440100000,141.15,141.56,140.01,141.17,860006.54
1782441000000,141.17,141.55,140.56,140.89,441338.17
1782441900000,140.87,140.87,139.56,139.78,891602.45
1782442800000,140.06,141.14,139.25,140.76,661751.98
1782443700000,140.58,141.22,140.36,141.11,176209.98
1782444600000,141.02,141.79,140.89,141.78,195690.53
1782445500000,141.66,143.01,141.61,143.01,421246.45
1782446400000,142.99,143.46,142.59,142.95,373559.42
1782447300000,142.75,143.43,142.27,142.56,191251.95
1782448200000,142.67,142.67,142.09,142.22,251005.72
1782449100000,142.4,142.45,141.82,142.01,161769.38
1782450000000,142.13,142.56,141.91,142.54,51632.09
1782450900000,142.56,142.76,142.15,142.74,127798.52
1782451800000,142.65,142.88,142.17,142.38,122520.85
1782452700000,142.51,142.76,142.27,142.51,58853.85
1782453600000,142.52,142.52,142.14,142.23,160857.78
1782454500000,142.29,143.12,142.28,142.93,191636.25
1782455400000,142.85,143.28,142.62,143.12,677615.25
1782456300000,143.3,143.58,143.11,143.38,541810.89
1782457200000,143.52,144.34,143.34,144.11,366636.13
1782458100000,144.08,144.5,143.92,144.5,371869.11
1782459000000,144.47,144.6,144.28,144.42,391335.89
1782459900000,144.47,144.47,143.91,144.23,416591.72
1782460800000,143.396,144.25,143.396,143.45,7460041.365983858
1782461700000,143.51,143.98,143.165,143.51,275955.6523016685
1782462600000,143.445,143.445,142.835,142.955,62831.850848
1782463500000,142.955,142.955,142.596,142.815,159788.3612
1782464400000,142.815,142.879,142.505,142.555,248315.6315775728
1782465300000,142.555,142.555,142.555,142.555,336093.1396062592
1782466200000,142.555,142.795,142.555,142.795,378344.5953
1782467100000,142.795,142.795,141.885,142.344,758577.9065342568
1782468000000,142.345,142.345,141.651,142.25,56884.96
1782468900000,142.25,142.355,142.175,142.175,17889.6312
1782469800000,142.175,142.175,141.895,141.895,189214.806315616
1782470700000,141.895,142.045,141.57,141.745,138554.8351
1782471600000,141.745,142.275,141.502,141.607,384445.7390035458
1782472500000,141.59,141.982,141.281,141.59,373889.6163
1782473400000,141.5,141.86,141.251,141.5,706482.816
1782474300000,141.4,141.675,140.941,141.21,1657959.1403595791
1782475200000,141.32,141.725,141.308,141.497,1556935.503
1782476100000,141.49,141.718,141.156,141.374,1865302.3966416933
1782477000000,141.381,141.414,140.364,140.863,2935097.6923064278
1782477900000,140.49,141.1,140.374,140.49,2024246.816585976
1782478800000,140.11,140.447,139.85,139.9,6288611.477672522
1782479700000,139.8,140.16,139.15,139.6,3506501.8205286767
1782480600000,139.85,144.174,139.195,143.96,106921811.12767836
1782481500000,143.88,147.01,143.433,146.81,73547104.02982742
1782482400000,147.01,147.74,145.549,145.69,39822090.12874383
1782483300000,145.61,147.399,145.347,147.075,45252417.97037541
1782484200000,146.896,147.025,145.105,145.387,37475111.09588052
1782485100000,145.389,146.458,144.885,145.879,29284323.774885587
1782486000000,146.03,147.314,145.616,146.66,19239097.551389646
1782486900000,146.79,147.41,146.489,147.41,27668877.498806946
1782487800000,147.55,149.232,147.371,148.95,42744272.68273845
1782488700000,148.93,149.195,147.731,148.405,45387706.396458544
1782489600000,148.58,149.16,147.745,147.79,15128559.917943398
1782490500000,147.905,148.484,147.775,148.3,16134699.936499864
1782491400000,148.51,149.12,148.305,148.32,24648365.525398
1782492300000,148.7,149.34,148.3,148.72,23051438.641612563
1782493200000,148.717,149.794,148.609,149.296,17237402.458434924
1782494100000,149.29,149.359,148.425,148.78,15980013.719024561
1782495000000,149.05,149.115,148.22,148.57,16887741.440110568
1782495900000,148.63,148.842,148.28,148.3,19726118.938095797
1782496800000,148.29,149.019,148.26,148.835,14430840.143802714
1782497700000,148.7,148.717,147.207,147.37,19486500.6101013
1782498600000,147.31,147.45,146.872,147.14,23737829.943366483
1782499500000,146.99,147.137,146.16,146.39,22223546.350486282
1782500400000,146.405,147.249,146.262,147.03,22359099.539615475
1782501300000,147.098,147.415,146.755,147.21,14961959.302507272
1782502200000,147.2,148.11,147.05,147.55,36284700.235149376
1782503100000,147.6,149.44,146.42,149.21,250309253.8677333
1782504000000,149.295,149.295,147.674,148.494,12031293.186665377
1782504900000,148.6,148.999,148.49,148.6,1019487.6859077598
1782505800000,148.55,148.55,147.26,147.96,2411510.07525
1782506700000,148.15,148.317,147.801,148.15,1537111.18662
1782507600000,148.021,148.188,146.96,147.542,841753.3770677965
1782508500000,147.545,148.11,147.339,147.7,66258.3951277368
1782509400000,147.736,148.165,147.736,148.165,376957.59
1782510300000,148.165,148.165,148.165,148.165,37637.6692
1782511200000,148.165,148.175,147.965,148.09,94777.119
1782512100000,148.09,148.425,148.0,148.415,112899.976
1782513000000,148.45,148.51,148.25,148.51,318399.2224
1782513900000,148.398,148.596,148.031,148.35,119561.176
1782514800000,148.79,148.79,148.35,148.79,295230.0425
1782515700000,148.421,148.925,148.421,148.925,178050.8772
1782516600000,148.925,148.925,148.65,148.9,46633.7448
1782517500000,148.9,148.904,148.8,148.8,417978.198183
1782691200000,150.01,150.01,148.22,148.53,397229.04
1782692100000,148.62,148.66,147.43,147.74,546140.02
1782693000000,147.7,147.81,147.08,147.81,326919.94
1782693900000,147.51,148.68,147.51,148.65,424910.17
1782694800000,148.49,148.77,148.12,148.37,69898.92
1782695700000,148.11,148.11,147.47,148.0,29441.81
1782696600000,147.76,148.43,147.76,148.37,34636.13
1782697500000,148.29,148.29,147.99,148.1,398181.14
1782698400000,148.1,148.19,146.35,146.57,463588.25
1782699300000,146.78,148.19,146.72,148.19,211100.13
1782700200000,148.01,148.4,148.01,148.37,52627.22
1782701100000,148.36,148.57,148.02,148.49,96991.66
1782702000000,148.72,149.7,148.72,149.4,219716.44
1782702900000,149.42,149.84,149.41,149.81,204190.22
1782703800000,149.51,149.51,149.18,149.29,34940.66
1782704700000,149.31,149.59,149.15,149.5,118074.57
1782705600000,149.5,149.61,149.33,149.33,95532.55
1782706500000,149.36,149.61,149.2,149.53,50656.03
1782707400000,149.25,149.34,149.0,149.05,89160.36
1782708300000,149.28,149.5,149.17,149.17,49135.45
1782709200000,149.19,149.19,148.49,148.5,348887.88
1782710100000,148.78,149.19,148.78,148.96,504653.32
1782711000000,148.95,149.52,148.94,149.52,231331.3
1782711900000,149.56,150.0,149.51,150.0,267288.1
1782712800000,150.0,150.19,149.75,150.19,266949.09
1782713700000,150.2,150.4,150.03,150.03,123054.32
1782714600000,150.26,150.36,149.99,150.31,138900.57
1782715500000,150.09,150.23,150.01,150.12,91558.6
1782716400000,150.1,150.13,149.74,150.02,255466.38
1782717300000,150.22,150.43,150.02,150.41,133319.59
1782718200000,150.37,150.41,150.21,150.27,389579.35
1782719100000,150.41,150.51,150.25,150.48,115522.67
1782720000000,149.115,150.69,149.115,150.47,6078095.957518739
1782720900000,150.47,150.47,150.47,150.47,179811.65
1782721800000,150.47,150.47,149.541,150.0,411260.472
1782722700000,149.919,150.21,149.515,149.53,438424.76411083277
1782723600000,149.53,149.53,149.466,149.466,259157.161692
1782724500000,149.466,149.82,149.465,149.78,357266.948374749
1782725400000,149.78,149.83,149.665,149.83,548346.5427435372
1782726300000,149.83,149.83,149.3,149.58,941950.7321762
1782727200000,149.58,149.715,149.58,149.715,626881.88153998
1782728100000,149.715,149.965,149.715,149.965,297665.14991054
1782729000000,149.965,149.965,149.595,149.84,848360.112609
1782729900000,149.84,149.84,149.426,149.735,132815.1224
1782730800000,149.735,149.735,149.421,149.48,1114261.017549458
1782731700000,149.48,149.48,148.906,149.27,1105453.963343942
1782732600000,149.53,149.733,149.151,149.53,2028452.3052001
1782733500000,149.5,149.977,149.195,149.637,315020.0646
1782734400000,149.99,152.01,149.375,152.01,9022270.837870799
1782735300000,151.922,151.956,151.006,151.61,4551343.991527611
1782736200000,151.61,151.808,150.4,150.576,1834410.7296169964
1782737100000,150.574,150.585,150.12,150.502,1237675.2430348375
1782738000000,150.501,151.402,150.501,151.25,2558832.1577864923
1782738900000,150.01,151.6,150.01,150.01,2591676.6856856393
1782739800000,151.09,152.35,148.68,149.158,98684616.318368
1782740700000,148.88,149.38,146.745,148.54,65035033.137385294
1782741600000,148.89,148.92,145.3,145.7,47985801.49377483
1782742500000,145.99,148.582,145.635,148.56,32557088.026664924
1782743400000,148.7,149.165,147.531,147.6,31625103.4322233
1782744300000,147.554,148.595,147.31,147.71,20993052.128638756
1782745200000,147.65,147.821,146.635,147.53,30322731.205361318
1782746100000,147.465,147.7,146.44,147.695,27664523.004002515
1782747000000,147.86,148.73,147.664,148.5,26303700.66922052
1782747900000,148.365,148.797,147.85,148.155,16659580.24462075
1782748800000,148.22,149.684,148.116,148.72,38298434.57594013
1782749700000,148.87,149.04,148.032,148.21,15321406.01172672
1782750600000,148.4,148.769,148.187,148.23,16823329.12484732
1782751500000,148.33,148.769,148.11,148.485,15893090.54674529
1782752400000,148.57,151.01,148.542,151.01,32958736.28048121
1782753300000,151.05,151.314,150.075,150.85,45693905.20032964
1782754200000,150.98,151.192,149.893,150.38,40469823.42214648
1782755100000,150.5,151.01,150.288,150.52,17250488.04470494
1782756000000,150.491,150.64,150.23,150.605,12711102.110423096
1782756900000,150.51,150.825,150.032,150.23,16942432.9763808
1782757800000,150.25,150.76,150.109,150.76,12655776.3039366
1782758700000,150.65,151.115,150.26,151.115,13007301.52930933
1782759600000,151.09,151.228,150.27,150.48,20314215.50514564
1782760500000,150.47,151.6,150.4,151.59,24949753.59721667
1782761400000,151.33,151.524,150.647,151.38,35683064.34739197
1782762300000,151.42,151.776,151.35,151.68,119482683.36598603
1782763200000,151.635,151.64,151.301,151.46,141609320.58101082
1782764100000,151.433,151.599,151.25,151.3,132203.7202891478
1782765000000,151.3,151.625,151.3,151.4,711562.58692781
1782765900000,151.4,151.498,151.25,151.498,3623730.7145
1782766800000,151.499,151.499,151.3,151.498,784388.448
1782767700000,151.499,151.549,151.303,151.46,205969.65498404
1782768600000,151.46,151.56,151.46,151.56,101944.77573515
1782769500000,151.543,151.7,151.46,151.7,5177351.031886
1782770400000,151.7,151.9,151.476,151.9,338181.982038
1782771300000,151.9,151.9,151.7,151.7,135293.451904
1782772200000,151.7,151.765,151.654,151.7,258562.0339
1782773100000,151.7,151.8,151.601,151.8,97401.5955261
1782774000000,151.8,151.8,151.425,151.425,167559.6585
1782774900000,151.425,151.425,151.25,151.25,338617.1507
1782775800000,151.25,151.49,151.22,151.275,236823.40445783
1782776700000,151.279,151.399,151.101,151.21,153219.3903
1782777600000,150.89,151.33,150.75,151.0,176117.83
1782778500000,150.91,151.16,150.0,150.37,125013.93
1782779400000,150.03,150.45,149.55,150.0,568474.39
1782780300000,149.9,150.43,149.9,150.13,332043.64
1782781200000,150.07,150.07,149.84,149.85,47383.66
1782782100000,150.05,150.82,149.99,150.81,206167.82
1782783000000,150.9,150.9,150.41,150.61,79422.07
1782783900000,150.6,150.72,150.41,150.7,116852.84
1782784800000,150.72,150.72,150.26,150.31,107819.55
1782785700000,150.35,150.88,150.35,150.87,105320.63
1782786600000,150.85,150.92,150.4,150.74,124759.58
1782787500000,150.98,151.23,150.69,150.69,130948.65
1782788400000,150.72,150.88,150.64,150.7,30138.6
1782789300000,150.75,151.13,150.75,150.77,61705.6
1782790200000,150.86,151.23,150.77,151.23,46959.99
1782791100000,150.79,150.79,150.45,150.45,104984.69
1782792000000,150.65,150.7,150.38,150.61,373959.68
1782792900000,150.45,150.74,150.41,150.74,37316.5
1782793800000,150.78,151.04,150.78,150.93,107464.14
1782794700000,150.96,150.96,150.6,150.61,42524.42
1782795600000,150.58,150.67,150.48,150.49,73465.67
1782796500000,150.64,150.82,150.27,150.27,273841.86
1782797400000,150.29,150.67,150.27,150.57,187972.53
1782798300000,150.67,150.93,150.49,150.63,309930.52
1782799200000,150.46,150.52,150.44,150.45,20764.01
1782800100000,150.26,150.39,150.25,150.25,27053.3
1782801000000,150.48,150.52,150.21,150.34,39234.1
1782801900000,150.41,150.55,150.25,150.55,131282.75
1782802800000,150.56,150.64,150.2,150.22,242161.45
1782803700000,150.37,150.53,150.2,150.29,76241.48
1782804600000,150.32,150.38,150.21,150.21,98002.3
1782805500000,150.31,151.201,150.1,150.15,38464.75
1782806400000,151.087,151.087,149.666,149.8,3992315.05579792
1782807300000,149.39,149.782,149.325,149.39,389394.48055109
1782808200000,149.66,149.66,148.91,148.91,546982.89244346
1782809100000,148.88,149.265,148.615,148.68,644724.80280181
1782810000000,148.935,149.36,148.935,149.195,369733.74637082
1782810900000,149.195,149.295,149.195,149.295,247127.65908694
1782811800000,149.21,149.305,149.115,149.2,396756.86332196
1782812700000,149.317,149.9,149.317,149.9,122957.6814
1782813600000,149.9,149.9,149.79,149.79,468885.51057995
1782814500000,149.0,149.79,149.0,149.0,723950.73083002
1782815400000,149.185,149.455,149.0,149.251,1340987.63220606
1782816300000,149.25,149.475,148.961,149.475,754831.37204617
1782817200000,149.475,149.724,149.191,149.4,1397706.22620602
1782818100000,149.4,149.625,148.84,149.4,1016833.11490445
1782819000000,148.69,148.89,148.606,148.69,812383.5267034
1782819900000,148.74,148.845,148.406,148.489,1192939.623444
1782820800000,147.9,148.547,147.611,147.9,3681763.46881787
1782821700000,147.0,148.13,146.602,147.0,2993949.94540213
1782822600000,146.69,147.518,146.536,146.69,1868172.99622597
1782823500000,146.71,147.489,146.081,146.71,3122167.08791592
1782824400000,146.31,146.783,146.068,146.77,2390432.81659491
1782825300000,146.493,148.298,146.157,148.298,3641138.9850845
1782826200000,148.54,148.85,144.35,145.41,120951693.73810168
1782827100000,145.56,147.12,144.376,146.83,72608304.07003272
1782828000000,146.74,147.568,146.3,146.65,40927562.55457568
1782828900000,146.34,147.95,146.296,147.91,35908427.66952922
1782829800000,148.01,148.093,145.912,146.21,42733674.86096408
1782830700000,145.73,145.968,142.59,143.04,91623188.97531374
1782831600000,143.11,143.832,142.415,143.7,60828708.43038248
1782832500000,143.69,144.725,142.958,144.725,49789729.6503449
1782833400000,144.72,145.655,144.29,144.74,35374979.0515949
1782834300000,145.42,145.515,144.663,145.04,24165776.28052078
1782835200000,145.095,145.861,144.69,144.96,36884197.33392448
1782836100000,144.87,145.161,144.629,145.035,16862528.61497928
1782837000000,144.76,145.18,144.647,144.78,23570384.85962089
1782837900000,144.91,145.768,144.854,145.18,18546456.08042254
1782838800000,145.24,145.5,144.47,144.62,28195243.67743631
1782839700000,144.62,144.7,144.125,144.305,21917728.16048966
1782840600000,144.275,145.025,144.191,144.27,29112714.88471904
1782841500000,144.26,144.693,144.02,144.59,17988154.55451267
1782842400000,144.65,144.765,144.13,144.395,20775947.83987114
1782843300000,144.29,145.217,144.288,144.74,24207845.71910184
1782844200000,144.74,144.868,144.49,144.84,14920310.0260612
1782845100000,144.78,145.198,144.59,144.95,18053043.40425835
1782846000000,144.91,146.09,144.69,146.09,34558373.4865461
1782846900000,146.05,146.396,145.84,146.33,29413930.49683525
1782847800000,146.24,146.699,146.168,146.27,39270304.41188012
1782848700000,146.21,146.35,145.72,146.28,118424325.29199684
1782849600000,146.207,146.375,145.56,145.56,157909718.30458984
1782850500000,145.56,145.93,145.558,145.93,7086220.21364943
1782851400000,145.87,145.93,145.795,145.86,398241.06825555
1782852300000,146.09,146.09,145.795,146.09,2153302.93566476
1782853200000,145.925,145.925,145.701,145.925,394904.79558871
1782854100000,145.925,145.925,145.7,145.835,548780.02027167
1782855000000,145.835,145.925,145.8,145.8,163346.176
1782855900000,145.8,145.803,145.7,145.779,947905.64850217
1782856800000,145.78,145.78,145.401,145.458,1713753.07633512
1782857700000,145.465,145.7,145.45,145.45,120414.49213262
1782858600000,145.45,145.45,145.205,145.385,999798.65164759
1782859500000,145.387,145.55,145.2,145.2,66021.815
1782860400000,145.218,145.325,145.2,145.225,345824.29177654
1782861300000,145.225,145.5,145.2,145.5,379715.13689741
1782862200000,145.5,145.5,145.301,145.37,95363.6384
1782863100000,145.37,145.599,145.37,145.599,307718.2429809
1782864000000,145.75,146.19,145.4,145.95,134496.86
1782864900000,146.0,146.01,145.34,145.34,57937.03
1782865800000,145.67,145.81,145.59,145.81,38620.51
1782866700000,145.79,146.11,145.79,145.93,52816.82
1782867600000,145.83,145.83,144.19,144.61,660870.07
1782868500000,144.42,144.82,143.82,144.63,1045622.36
1782869400000,144.71,145.8,144.49,145.79,359957.09
1782870300000,145.8,145.95,145.01,145.29,388261.41
1782871200000,145.04,145.04,144.51,144.85,172039.22
1782872100000,144.81,145.44,144.75,145.44,283676.02
1782873000000,145.69,146.31,145.41,146.27,626535.62
1782873900000,146.24,146.3,145.93,146.07,71034.94
1782874800000,146.16,146.42,145.89,145.9,210833.7
1782875700000,145.9,145.95,145.6,145.86,237217.96
1782876600000,145.88,146.29,145.61,146.14,140879.81
1782877500000,146.19,146.62,146.05,146.32,359775.45
1782878400000,146.28,146.43,146.22,146.22,97446.74
1782879300000,146.21,146.63,146.21,146.61,259421.96
1782880200000,146.55,146.66,146.2,146.66,219405.0
1782881100000,146.71,146.81,146.42,146.42,138190.44
1782882000000,146.43,146.65,146.41,146.59,164122.18
1782882900000,146.6,146.63,146.15,146.15,76835.97
1782883800000,146.29,146.29,145.79,145.79,30952.48
1782884700000,146.2,146.25,146.1,146.17,95897.3
1782885600000,146.03,146.03,145.64,145.64,100083.13
1782886500000,145.72,145.74,145.21,145.39,87392.55
1782887400000,145.38,145.5,144.68,145.0,345087.19
1782888300000,144.99,145.43,144.92,145.2,157472.11
1782889200000,145.21,145.21,144.7,144.85,387112.93
1782890100000,144.85,145.46,144.85,145.16,553023.35
1782891000000,144.8,145.37,144.78,145.31,413057.47
1782891900000,145.31,145.52,145.31,145.38,81016.96
1782892800000,145.97,146.475,145.545,145.97,5742288.17204241
1782893700000,146.195,146.195,145.595,145.595,271849.487
1782894600000,145.595,146.095,145.595,146.095,554542.29467443
1782895500000,146.095,146.665,146.095,146.665,455335.44078682
1782896400000,146.51,146.665,146.475,146.51,303045.1336
1782897300000,146.5,146.5,146.5,146.5,92731.57
1782898200000,146.5,146.5,146.321,146.321,259745.20122158
1782899100000,146.32,146.5,146.32,146.5,139613.60160551
1782900000000,146.5,146.5,146.339,146.339,590755.49437212
1782900900000,146.316,146.316,145.84,145.9,535431.846
1782901800000,145.79,145.9,145.5,145.74,1207594.167896
1782902700000,145.535,145.604,145.485,145.604,386027.1527
1782903600000,145.605,146.249,145.4,145.844,888830.7421433
1782904500000,145.845,145.845,145.8,145.8,307143.80646501
1782905400000,145.8,145.995,145.504,145.751,894830.207442
1782906300000,145.75,145.893,145.6,145.75,963857.88266888
1782907200000,145.75,145.785,145.4,145.749,963569.61853457
1782908100000,146.01,146.11,145.61,146.11,1028032.56193066
1782909000000,145.845,146.002,144.702,145.026,787854.94108106
1782909900000,144.78,145.251,144.316,144.78,2981381.45566957
1782910800000,145.21,145.4,144.715,145.21,2776454.57708968
1782911700000,146.01,146.801,144.74,146.01,3806742.75353046
1782912600000,147.31,151.16,146.508,151.16,100974585.76415268
1782913500000,151.09,153.66,150.2,153.561,66547645.820399456
1782914400000,153.79,156.99,153.205,156.72,102045700.15741342
1782915300000,156.51,157.38,155.97,156.15,85394977.08408858
1782916200000,156.16,156.44,155.14,155.85,58539453.10540677
1782917100000,155.61,156.58,154.878,156.58,41886607.919052
1782918000000,156.65,161.155,156.49,161.094,71000582.97218601
1782918900000,161.01,162.2,160.545,161.25,74915198.14545017
1782919800000,161.49,162.67,160.764,162.35,60681413.34224595
1782920700000,162.32,163.62,161.585,163.34,63003168.80779928
1782921600000,163.35,163.836,162.635,163.49,52452270.97221101
1782922500000,163.419,163.55,162.354,163.116,34033230.43034644
1782923400000,163.4,163.635,162.84,163.45,33193449.05298373
1782924300000,163.7,163.96,162.5,162.56,43553798.24507115
1782925200000,162.84,163.182,162.1,162.49,39856838.95077982
1782926100000,162.51,163.77,162.3,163.225,28090338.13937105
1782927000000,163.245,164.46,163.245,163.92,36374186.23089913
1782927900000,164.08,164.125,162.83,163.14,29423882.44305508
1782928800000,163.115,163.615,162.38,162.405,33886665.36262988
1782929700000,162.49,163.405,162.37,162.57,50783167.42778571
1782930600000,162.6,162.6,161.535,161.63,33796832.99322511
1782931500000,161.52,162.021,160.731,160.96,37633185.46462854
1782932400000,160.92,161.48,160.73,161.22,37924353.78672326
1782933300000,161.27,161.45,160.71,160.955,32175054.60469842
1782934200000,160.95,161.44,160.65,161.245,39605642.38313387
1782935100000,161.24,161.24,159.17,159.32,195867814.28459206
1782936000000,159.02,159.285,157.17,159.01,303194715.3947426
1782936900000,157.867,158.084,157.101,157.6,2654926.6671299
1782937800000,157.6,158.168,157.2,157.7,1523516.84342
1782938700000,157.7,158.708,157.7,158.615,4956514.14788087
1782939600000,159.7,159.7,158.504,159.7,1256241.47892877
1782940500000,159.6,159.996,158.846,159.788,1939674.164856
1782941400000,160.24,160.554,159.2,160.23,4322625.8283881
1782942300000,160.365,161.223,160.365,161.135,8554089.06341704
1782943200000,161.135,161.188,160.621,160.8,2043507.983583
1782944100000,161.41,162.521,160.8,161.41,2890912.68027392
1782945000000,161.0,161.425,160.2,161.0,1642288.80599782
1782945900000,160.7,160.85,160.2,160.85,590865.26465239
1782946800000,160.85,160.85,160.3,160.408,858234.56263394
1782947700000,160.407,160.602,160.305,160.439,427193.41265197
1782948600000,160.433,160.467,159.956,160.35,456302.67508293
1782949500000,159.29,160.397,159.154,159.29,1506612.2216593
1782950400000,159.11,159.75,158.25,159.7,508527.88
1782951300000,159.62,159.79,159.06,159.22,216242.71
1782952200000,159.23,159.23,158.17,158.35,218848.07
1782953100000,158.34,159.4,158.34,159.12,225330.29
1782954000000,159.07,160.0,158.95,159.65,572869.31
1782954900000,159.9,160.23,159.7,160.14,316916.96
1782955800000,160.17,160.99,160.17,160.58,555654.83
1782956700000,160.68,160.84,159.77,160.34,523070.17
1782957600000,160.16,160.28,159.88,160.09,145839.81
1782958500000,160.25,160.58,160.03,160.12,183291.9
1782959400000,160.31,160.57,160.31,160.56,181676.63
1782960300000,160.53,160.84,160.31,160.73,144093.61
1782961200000,160.72,160.8,160.57,160.62,186752.93
1782962100000,160.31,161.01,160.21,160.82,150082.46
1782963000000,160.65,161.4,160.65,161.4,152283.14
1782963900000,161.23,162.01,161.15,161.88,227143.56
1782964800000,161.89,161.89,161.42,161.49,35580.26
1782965700000,161.42,161.42,161.14,161.21,172913.44
1782966600000,161.09,161.09,160.64,160.64,183615.0
1782967500000,160.7,161.16,160.67,161.02,72597.42
1782968400000,160.89,161.27,160.65,161.19,94594.61
1782969300000,161.19,161.32,160.68,160.68,317616.91
1782970200000,160.66,160.66,160.19,160.31,67865.89
1782971100000,160.1,160.14,159.89,159.96,283140.71
1782972000000,159.84,159.9,159.31,159.42,247158.15
1782972900000,159.62,159.92,159.52,159.52,126102.84
1782973800000,159.52,160.1,159.52,159.69,66299.95
1782974700000,159.59,159.59,158.71,158.71,289071.51
1782975600000,158.62,158.85,158.26,158.26,342112.74
1782976500000,158.38,158.78,158.34,158.64,510769.81
1782977400000,158.6,159.56,158.59,159.55,816951.71
1782978300000,159.37,159.63,159.07,159.07,296610.22
1782979200000,159.63,160.615,159.161,160.025,9359752.54924846
1782980100000,160.025,160.974,160.025,160.76,1450960.05496139
1782981000000,160.76,161.095,160.58,161.095,296897.72365467
1782981900000,161.095,161.55,161.095,161.55,507498.71012028
1782982800000,161.55,161.55,160.915,161.01,680008.66407979
1782983700000,161.01,161.66,161.01,161.66,308014.0224
1782984600000,162.1,162.53,161.531,162.1,784804.47601299
1782985500000,162.53,164.11,162.487,162.907,2236906.82225443
1782986400000,163.39,163.821,162.905,163.39,1191337.61843361
1782987300000,163.826,163.915,162.87,163.53,862286.50861004
1782988200000,163.53,164.495,163.53,164.38,2517240.6995449
1782989100000,164.38,164.38,164.062,164.19,865241.2160557
1782990000000,164.225,164.811,164.2,164.811,3652115.366629504
1782990900000,164.99,165.579,164.25,165.25,4239229.43308508
1782991800000,165.294,165.344,164.925,165.201,2877963.24242006
1782992700000,164.21,165.2,163.946,164.21,2442479.65279674
1782993600000,164.492,164.685,164.149,164.685,1787754.9695
1782994500000,164.685,164.77,164.085,164.557,1560798.68686532
1782995400000,165.28,165.632,164.558,164.99,5359280.8128
1782996300000,164.81,165.134,164.781,164.94,3035604.58589275
1782997200000,165.48,166.0,164.811,165.51,6442913.12575628
1782998100000,165.618,166.53,164.609,165.145,6434236.2629967285
1782999000000,165.175,173.0,164.86,173.0,253254544.76368478
1782999900000,172.77,172.871,169.118,170.09,113412484.56177948
1783000800000,169.91,173.08,169.7,172.29,121491849.34819473
1783001700000,172.395,172.9,166.86,167.89,95255249.31392062
1783002600000,167.86,169.1,166.443,166.805,44557876.895659484
1783003500000,167.425,168.214,166.103,167.6,40380546.02977452
1783004400000,167.34,167.59,165.347,166.615,33336177.46385349
1783005300000,166.91,167.793,165.471,167.18,33261707.46737209
1783006200000,166.585,167.806,166.585,166.89,33795121.02715928
1783007100000,166.88,166.934,165.366,165.63,21106290.37454198
1783008000000,165.74,166.285,164.601,165.98,28285690.22946901
1783008900000,165.53,166.068,164.01,164.04,18528915.14915536
1783009800000,163.905,165.115,163.496,164.89,23055621.17400891
1783010700000,165.047,165.5,164.37,164.919,15449412.770029739
1783011600000,164.845,164.955,163.705,163.91,21378057.56922184
1783012500000,163.85,165.129,163.85,164.49,14775498.9448432
1783013400000,164.37,164.685,163.84,164.19,16989321.69264258
1783014300000,163.99,164.412,163.245,163.62,19967720.76982404
1783015200000,163.629,165.46,163.629,164.568,14578512.061858458
1783016100000,164.58,165.39,163.993,165.2,20824686.71793958
1783017000000,165.46,166.049,165.176,165.83,31901383.63856518
1783017900000,165.64,166.525,165.249,166.515,40558982.54044602
1783018800000,166.535,166.535,164.82,165.755,41517304.8856646
1783019700000,165.61,165.761,164.4,165.31,27803857.00258605
1783020600000,165.15,166.56,164.873,166.32,79672247.21330367
1783021500000,166.295,166.68,165.32,165.43,127114608.16194145
1783022400000,165.457,166.0,164.902,165.799,190194720.92725012
1783023300000,165.8,166.149,165.672,165.672,1045556.5840726928
1783024200000,165.671,165.84,165.6,165.601,3302058.31982259
1783025100000,165.6,165.899,165.6,165.775,424422.4
1783026000000,165.775,166.37,165.775,166.37,977213.2184
1783026900000,166.375,166.4,165.5,165.5,978301.317
1783027800000,165.5,165.754,165.4,165.499,4289640.66630525
1783028700000,165.5,165.5,165.4,165.499,1257975.9192
1783029600000,165.5,165.9,165.4,165.4,805300.220472
1783030500000,165.4,165.649,165.338,165.397,336424.06103314
1783031400000,165.398,165.9,165.29,165.502,569854.614
1783032300000,165.501,165.9,165.367,165.367,2538638.4089892
1783033200000,165.339,165.4,163.872,164.629,591885.92272678
1783034100000,164.628,164.897,164.379,164.897,321780.32522151
1783035000000,164.899,165.3,164.638,164.881,311597.0304
1783035900000,164.88,165.986,164.88,165.471,816767.175
1783036800000,165.472,165.473,165.472,165.473,0.0
1783296000000,171.67,174.45,170.02,170.59,1496391.41
1783296900000,170.6,171.18,169.75,169.75,1490946.53
1783297800000,169.57,170.86,169.49,170.72,1018232.39
1783298700000,170.72,170.81,170.49,170.68,627975.99
1783299600000,170.69,170.84,170.3,170.61,688532.02
1783300500000,170.64,170.79,169.76,170.27,478802.18
1783301400000,170.28,170.9,170.28,170.39,91053.97
1783302300000,170.27,170.33,169.18,169.62,380628.73
1783303200000,169.88,170.0,169.04,169.13,176996.95
1783304100000,169.1,170.01,169.1,169.46,461943.09
1783305000000,169.35,169.7,168.87,168.87,261010.16
1783305900000,169.01,169.45,168.74,169.43,329056.16
1783306800000,169.31,169.58,169.26,169.28,158917.24
1783307700000,169.32,169.49,168.71,168.75,314028.26
1783308600000,168.71,169.31,168.42,168.86,147216.58
1783309500000,168.84,168.99,168.66,168.99,76976.31
1783310400000,169.13,169.36,168.99,169.36,134636.4
1783311300000,169.39,169.46,169.21,169.29,75189.25
1783312200000,169.25,169.49,169.08,169.49,297533.37
1783313100000,169.56,169.56,169.28,169.31,21337.08
1783314000000,169.17,169.17,168.8,169.07,148751.23
1783314900000,169.05,169.05,168.29,168.29,95400.48
1783315800000,168.31,168.84,168.08,168.81,242876.58
1783316700000,168.76,168.95,168.48,168.77,52514.1
1783317600000,168.79,168.79,168.6,168.71,124651.67
1783318500000,168.84,168.86,168.64,168.71,202880.6
1783319400000,168.76,168.89,168.66,168.85,128947.36
1783320300000,168.89,168.89,168.43,168.54,194086.61
1783321200000,168.6,168.75,168.28,168.49,262391.34
1783322100000,168.66,168.87,168.66,168.82,50801.26
1783323000000,168.77,169.43,168.76,169.4,325657.12
1783323900000,169.42,169.55,169.26,169.41,133069.9
1783324800000,166.089,170.632,166.089,169.637,5829117.80475609
1783325700000,169.651,170.0,169.651,170.0,1125173.51742804
1783326600000,170.0,170.0,169.505,170.0,774567.28934004
1783327500000,170.0,170.114,169.8,170.0,646137.26268446
1783328400000,170.0,170.0,169.36,169.36,1036164.5552
1783329300000,169.36,169.875,168.92,169.245,1614638.29650286
1783330200000,169.245,169.245,168.755,168.78,491542.23131999
1783331100000,168.78,168.78,168.76,168.76,349056.17698541
1783332000000,168.76,169.06,168.726,169.06,383817.182213715
1783332900000,169.06,169.06,169.06,169.06,204394.18006116
1783333800000,169.06,169.705,168.906,168.906,272901.6279
1783334700000,168.905,168.905,168.326,168.326,816897.82297264
1783335600000,168.0,168.365,167.703,168.0,1896712.34179688
1783336500000,168.32,168.717,167.441,168.32,773240.8950441
1783337400000,168.18,168.2,168.017,168.17,1305611.03178334
1783338300000,168.187,168.503,166.94,166.951,2200912.3378566
1783339200000,165.47,167.24,165.26,166.11,5564919.72608931
1783340100000,166.197,166.297,165.781,165.9,2642473.8317465796
1783341000000,164.99,166.057,164.328,164.99,4038756.59783746
1783341900000,164.35,165.234,163.695,164.461,3483161.86121175
1783342800000,163.3,164.459,163.16,163.3,4374234.24586695
1783343700000,163.05,163.689,161.064,162.54,9735721.79236721
1783344600000,161.365,164.64,160.12,162.92,93256172.34343392
1783345500000,162.7,165.496,162.7,164.09,42627963.14969168
1783346400000,163.94,164.309,162.79,163.98,33221393.53806141
1783347300000,163.14,164.96,162.72,163.49,44646664.52925774
1783348200000,163.487,164.238,162.79,163.336,25502639.883924417
1783349100000,163.315,164.459,162.875,164.43,19393085.7806552
1783350000000,164.29,167.503,164.162,167.29,41663134.11104705
1783350900000,167.27,167.489,166.074,166.63,34090304.74745303
1783351800000,166.4,168.36,165.86,167.91,32058209.78842559
1783352700000,167.75,169.697,167.739,169.25,31167737.16158097
1783353600000,169.11,170.156,168.884,169.81,35674527.78796454
1783354500000,169.62,170.405,168.62,169.31,40496704.60998248
1783355400000,169.24,170.335,169.22,169.89,23319429.35010606
1783356300000,169.862,170.67,169.611,170.076,22050858.28572146
1783357200000,170.01,170.786,169.84,170.46,21252704.39735154
1783358100000,170.69,171.63,170.536,170.79,39161425.34824205
1783359000000,170.5,170.874,169.115,169.115,25869698.60647373
1783359900000,169.17,169.428,168.21,168.505,24787328.96572324
1783360800000,168.87,169.045,168.35,168.46,16532845.0685565
1783361700000,168.72,169.62,168.41,169.21,17816817.1509807
1783362600000,169.135,169.402,168.791,168.91,16673884.70721302
1783363500000,168.79,169.627,168.751,169.01,22834052.85036181
1783364400000,169.074,169.635,168.909,169.448,15994173.504048381
1783365300000,169.48,170.68,169.425,170.29,40005741.20230295
1783366200000,170.15,170.326,169.428,169.87,45233404.49891588
1783367100000,169.93,169.986,168.58,168.85,97735468.68567203
1783368000000,168.837,169.195,168.503,168.76,104829495.17892662
1783368900000,168.76,169.1,168.7,169.1,1078334.80925157
1783369800000,169.13,169.6,169.13,169.4,551091.9082
1783370700000,169.4,169.635,169.303,169.501,8584310.02046304
1783371600000,169.5,170.717,169.385,170.554,2073935.96251392
1783372500000,170.545,170.8,170.4,170.4,771934.3761707
1783373400000,170.4,170.599,170.375,170.5,573152.02148518
1783374300000,170.5,170.8,170.426,170.7,1757925.6781
1783375200000,170.667,170.667,170.375,170.4,2301007.268
1783376100000,170.4,170.757,170.278,170.278,948946.3204
1783377000000,170.277,170.5,170.2,170.4,607781.60003229
1783377900000,170.23,170.599,169.9,170.15,1292261.250504
1783378800000,169.984,170.1,169.785,170.043,528023.05981986
1783379700000,170.044,170.05,169.693,169.785,727525.421708
1783380600000,169.785,169.915,169.635,169.75,450556.3854
1783381500000,169.75,169.925,169.745,169.875,1105146.24456397
1783382400000,169.47,170.11,169.37,169.52,148850.03
1783383300000,169.46,170.31,169.38,169.44,367004.74
1783384200000,169.58,169.66,168.9,169.0,341764.26
1783385100000,169.23,169.7,169.2,169.47,88951.48
1783386000000,169.19,169.19,168.78,168.8,139130.94
1783386900000,168.72,168.85,168.46,168.46,66977.22
1783387800000,168.58,168.8,168.29,168.71,301011.55
1783388700000,168.96,168.99,168.29,168.29,48207.75
1783389600000,168.24,168.51,168.16,168.47,281693.58
1783390500000,168.49,168.49,168.0,168.12,397785.65
1783391400000,167.99,167.99,167.6,167.99,214184.15
1783392300000,168.0,168.0,167.33,167.34,176075.34
1783393200000,167.32,167.61,167.21,167.38,215933.78
1783394100000,167.39,167.39,166.6,166.82,272617.0
1783395000000,166.86,167.04,166.19,166.29,299259.34
1783395900000,166.19,166.29,165.73,165.9,292186.85
1783396800000,165.92,166.31,165.92,166.09,124759.74
1783397700000,165.92,166.19,165.92,166.1,136657.51
1783398600000,166.31,166.7,166.24,166.24,189610.68
1783399500000,166.13,166.13,165.79,166.09,226615.29
1783400400000,166.1,166.35,165.06,165.06,360778.67
1783401300000,165.23,165.83,165.2,165.67,132049.64
1783402200000,165.55,166.37,165.55,166.37,120611.47
1783403100000,166.41,167.01,166.36,166.64,120851.21
1783404000000,166.83,166.89,165.93,166.06,179847.38
1783404900000,165.96,166.61,165.81,166.61,301932.26
1783405800000,166.61,166.96,166.59,166.96,73987.18
1783406700000,166.98,167.08,166.9,167.0,114871.85
1783407600000,167.03,167.61,166.85,167.61,207381.06
1783408500000,167.37,167.46,167.08,167.17,192975.33
1783409400000,166.99,167.0,166.69,166.72,135030.26
1783410300000,166.98,167.07,166.2,166.21,159024.01
1783411200000,169.316,169.316,166.52,167.1,5666915.15771449
1783412100000,167.1,167.1,167.1,167.1,354257.7059637
1783413000000,167.1,167.1,167.1,167.1,345062.150019
1783413900000,167.1,167.1,165.328,166.19,3050341.67878009
1783414800000,166.158,166.998,166.0,166.99,881579.2099049
1783415700000,166.99,167.694,166.99,167.665,1236630.85521549
1783416600000,167.618,168.215,167.355,168.215,687250.92366615
1783417500000,168.215,168.264,167.935,168.09,175885.3630633
1783418400000,168.09,168.245,168.09,168.09,517441.30189436
1783419300000,168.064,168.1,167.935,167.955,167289.12230592
1783420200000,167.66,167.952,167.66,167.66,162190.4618
1783421100000,167.685,167.685,166.96,167.06,93496.7102927
1783422000000,167.26,167.6,166.947,167.25,955991.54299748
1783422900000,167.469,167.755,167.304,167.499,690020.77098254
1783423800000,167.5,167.5,167.2,167.5,379786.81139045
1783424700000,167.5,168.6,167.5,168.6,1120340.8377
1783425600000,168.6,169.8,168.315,169.8,1744917.72201278
1783426500000,169.8,169.8,168.322,168.996,1260181.20977385
1783427400000,168.98,169.065,168.366,168.6,563916.78945478
1783428300000,168.65,168.67,168.3,168.43,879231.51443332
1783429200000,168.425,168.425,167.995,168.095,732193.95240844
1783430100000,167.19,168.199,166.508,167.19,3059445.55591422
1783431000000,166.825,170.08,166.19,167.23,66793517.55973689
1783431900000,167.33,168.709,164.48,165.13,54056508.95863509
1783432800000,165.492,165.6,162.92,162.92,21765637.82053392
1783433700000,162.44,163.93,161.78,163.515,35717826.65361469
1783434600000,164.03,164.623,161.71,162.14,40022672.32060083
1783435500000,162.56,164.708,162.112,164.33,20336949.79727021
1783436400000,164.59,165.075,164.235,164.59,19120388.14774824
1783437300000,164.4,164.87,164.09,164.87,14140972.19870027
1783438200000,164.76,165.003,164.19,164.36,21904718.97570905
1783439100000,164.99,166.09,164.729,166.09,21646641.66762402
1783440000000,166.09,166.9,166.063,166.28,20458712.06750772
1783440900000,166.076,167.751,166.076,167.504,17751175.604349647
1783441800000,167.59,167.63,166.96,167.09,18653844.15607793
1783442700000,167.19,168.553,166.79,167.31,19896308.19350815
1783443600000,167.09,167.591,165.896,165.93,16023938.28790025
1783444500000,165.675,166.622,165.49,166.56,20787682.85368504
1783445400000,166.65,166.79,166.151,166.51,10203186.59021177
1783446300000,166.63,167.355,166.57,167.135,13141103.32181301
1783447200000,167.16,167.366,166.312,166.43,20504796.95007676
1783448100000,166.28,166.617,165.885,166.46,10934929.69151043
1783449000000,166.065,166.065,165.065,165.219,15702446.659005236
1783449900000,165.09,165.238,163.655,163.865,21504030.91178357
1783450800000,163.25,164.3,163.176,164.1,16990533.61216776
1783451700000,163.92,164.365,163.55,164.16,20658110.72596845
1783452600000,164.525,164.56,163.827,163.84,19308217.84908782
1783453500000,163.896,164.11,163.33,163.427,42245651.79226912
1783454400000,163.449,163.895,163.4,163.531,110674471.22690144
1783455300000,163.542,163.799,163.542,163.699,344043.99121269
1783456200000,163.7,163.8,163.59,163.755,641207.7045
1783457100000,163.755,163.9,163.725,163.824,553526.51965018
1783458000000,163.825,163.9,163.57,163.8,322409.1744
1783458900000,163.51,163.897,163.467,163.51,741920.6366
1783459800000,163.67,163.675,163.34,163.35,125375.5841
1783460700000,163.35,163.559,163.35,163.49,181298.78806211
1783461600000,163.491,163.6,162.954,163.199,3651874.979579
1783462500000,163.2,163.3,163.046,163.052,228420.80338373
1783463400000,163.53,163.542,162.996,163.53,310283.4969
1783464300000,163.5,163.6,163.126,163.51,303115.622376
1783465200000,163.51,163.6,163.145,163.446,128014.05409543
1783466100000,163.448,163.6,163.448,163.6,40553.83562662
1783467000000,163.6,163.6,163.3,163.391,166106.95773
1783467900000,163.392,163.4,162.686,162.686,402802.36977049
1783468800000,162.92,163.55,162.677,163.17,159593.28
1783469700000,163.3,163.98,163.3,163.7,77588.07
1783470600000,163.71,164.31,163.5,164.26,131624.74
1783471500000,164.32,164.32,164.01,164.17,185110.93
1783472400000,164.32,164.32,163.55,164.0,89539.17
1783473300000,163.99,164.13,163.39,163.52,31457.31
1783474200000,163.42,163.64,162.53,163.14,552600.74
1783475100000,163.27,163.27,162.52,162.85,159218.59
1783476000000,162.62,162.74,162.49,162.65,71052.35
1783476900000,162.55,162.89,162.54,162.6,82654.65
1783477800000,162.56,163.14,162.03,162.95,93164.22
1783478700000,163.3,163.3,163.0,163.0,26274.31
1783479600000,163.34,163.39,163.23,163.39,54231.52
1783480500000,163.49,163.62,163.17,163.62,32817.64
1783481400000,163.53,163.61,163.12,163.12,39373.21
1783482300000,163.02,163.1,162.54,162.69,42620.38
1783483200000,162.7,162.88,162.4,162.66,38208.59
1783484100000,162.63,162.74,162.46,162.63,133491.05
1783485000000,162.63,162.63,161.99,162.01,144437.26
1783485900000,162.01,162.48,161.89,162.48,145709.19
1783486800000,162.48,162.65,162.35,162.65,71505.72
1783487700000,162.44,162.44,161.95,162.04,93029.87
1783488600000,161.99,162.15,161.49,161.52,538899.23
1783489500000,161.51,161.72,161.02,161.38,455863.9
1783490400000,161.47,161.6,161.1,161.17,317185.47
1783491300000,161.24,161.47,161.0,161.47,62210.07
1783492200000,161.3,161.3,160.85,160.85,203928.02
1783493100000,160.79,161.52,160.79,161.04,103668.46
1783494000000,161.05,161.45,160.64,161.45,230471.96
1783494900000,161.27,161.98,161.05,161.61,87514.98
1783495800000,161.75,162.22,161.59,161.73,188733.59
1783496700000,161.9,162.01,161.61,161.97,83015.75
1783497600000,162.53,162.53,161.285,161.285,6828816.08537422
1783498500000,160.49,161.285,158.65,158.66,3269278.21484836
1783499400000,158.65,158.65,156.82,157.393,1674166.97888301
1783500300000,157.394,158.344,157.36,157.36,729320.92564983
1783501200000,156.4,157.555,156.199,156.4,723461.50277949
1783502100000,156.296,156.758,156.296,156.758,902007.7537663
1783503000000,156.76,158.145,156.76,157.785,1516185.39465919
1783503900000,157.785,158.278,157.513,158.099,474222.77308409
1783504800000,158.1,158.1,157.024,157.035,146935.1054
1783505700000,157.035,158.36,157.035,158.36,188516.03224252
1783506600000,158.403,158.62,158.245,158.34,226367.52821483
1783507500000,158.34,159.055,158.335,158.335,701245.70714116
1783508400000,158.66,158.8,158.2,158.49,1202770.602
1783509300000,158.533,158.745,158.0,158.434,611914.59
1783510200000,158.445,159.705,158.311,159.705,1244159.77896026
1783511100000,159.687,159.8,159.15,159.559,767908.52395032
1783512000000,159.564,160.193,158.99,159.746,1288314.86199436
1783512900000,159.726,159.75,159.03,159.5,853716.3942
1783513800000,159.5,159.771,159.0,159.5,830324.69187922
1783514700000,159.26,159.64,158.813,159.26,3029349.84978443
1783515600000,158.85,159.277,158.507,159.249,1959474.6885291983
1783516500000,159.25,159.686,158.502,159.686,2669233.722
1783517400000,159.42,161.47,158.459,160.27,52823259.7004679
1783518300000,160.0,160.638,158.4,159.995,34011528.78043669
1783519200000,159.84,160.677,158.935,159.23,27768213.74820089
1783520100000,159.249,160.0,157.42,159.321,26025588.654023528
1783521000000,159.12,159.373,157.915,157.97,26677937.35148077
1783521900000,158.09,158.65,156.28,158.2,56560256.85674482
1783522800000,158.34,158.425,157.228,157.76,20092540.57343648
1783523700000,157.4,158.203,156.99,157.95,18168549.53813317
1783524600000,157.915,159.01,157.7,158.52,14149119.39271831
1783525500000,158.42,158.602,158.119,158.23,9879164.39903952
1783526400000,159.27,160.323,158.575,160.02,23663663.1074206
1783527300000,159.875,160.28,159.66,159.78,11039315.42888426
1783528200000,159.906,160.24,158.91,160.015,17569457.673115868
1783529100000,159.96,160.246,159.72,160.03,13012715.36187745
1783530000000,159.88,160.046,159.277,159.4,9700924.2906123
1783530900000,159.39,160.79,159.249,160.79,11241588.65480769
1783531800000,160.85,161.07,160.391,160.76,12875794.69180669
1783532700000,160.09,160.429,159.273,159.31,13247769.50498871
1783533600000,159.49,160.406,159.35,160.05,14757023.72643096
1783534500000,160.06,160.098,159.11,159.16,15095835.89755801
1783535400000,159.29,159.795,159.136,159.64,13312528.72364549
1783536300000,159.67,160.09,159.4,159.648,9370128.09609598
1783537200000,159.97,160.184,159.65,159.65,12029519.9633435
1783538100000,159.61,160.929,159.6,160.89,20716482.43949881
1783539000000,160.87,161.062,160.6,160.87,20727461.95477274
1783539900000,160.855,160.865,159.2,159.36,88165500.80009355
1783540800000,158.98,159.755,158.847,159.21,110097489.47116499
1783541700000,159.705,159.72,158.971,159.491,300379.86615775
1783542600000,159.49,159.719,159.4,159.719,221473.8327144
1783543500000,159.84,159.924,159.349,159.87,6476687.743567
1783544400000,159.671,159.87,159.65,159.699,265300.76383907
1783545300000,159.717,159.8,159.4,159.4,5220153.63505735
1783546200000,159.4,159.4,159.4,159.4,91157.2087836
1783547100000,159.4,159.75,159.4,159.75,97009.85646512
1783548000000,159.741,159.849,159.506,159.849,2928461.2134276
1783548900000,159.85,159.95,159.625,159.795,297190.8
1783549800000,159.795,159.918,159.795,159.8,90002.5875
1783550700000,159.8,159.999,159.8,159.81,106464.9618
1783551600000,159.81,159.95,159.8,159.95,177854.268468
1783552500000,159.954,159.975,159.75,159.975,104863.896
1783553400000,159.975,160.0,159.8,159.95,395719.57757432
1783554300000,159.925,160.0,159.8,159.943,215717.61767628
1783555200000,159.82,160.1,159.46,160.1,76215.96
1783556100000,160.0,160.02,159.74,159.91,27499.62
1783557000000,160.27,160.27,159.36,160.02,466633.32
1783557900000,160.08,160.28,159.62,159.62,84176.38
1783558800000,160.57,160.94,160.56,160.58,41596.04
1783559700000,160.42,160.7,160.29,160.46,219566.11
1783560600000,160.39,160.5,159.85,160.02,95004.66
1783561500000,159.97,159.99,159.27,159.57,114947.29
1783562400000,159.38,160.12,159.2,160.12,110824.48
1783563300000,160.13,160.15,159.68,159.78,116866.53
1783564200000,159.8,159.8,159.36,159.44,58579.19
1783565100000,159.45,159.45,159.1,159.3,150262.65
1783566000000,159.21,159.3,158.99,159.01,79854.98
1783566900000,158.99,159.59,158.76,159.23,84773.8
1783567800000,159.53,159.99,159.48,159.59,157980.21
1783568700000,159.64,159.72,159.51,159.58,22189.04
1783569600000,159.61,159.63,159.61,159.63,4309.79
1783570500000,159.64,159.64,159.61,159.63,167451.8
1783571400000,159.87,160.07,159.82,160.0,149210.21
1783572300000,160.15,160.53,160.13,160.5,61894.35
1783573200000,160.52,160.85,160.14,160.75,105631.13
1783574100000,160.4,160.4,159.95,159.99,69166.55
1783575000000,159.95,160.43,159.85,160.34,119991.08
1783575900000,160.27,160.93,160.27,160.93,105060.11
1783576800000,160.94,161.2,160.61,160.78,197476.32
1783577700000,160.78,161.45,160.76,161.18,25777.91
1783578600000,161.31,161.31,160.03,160.89,352561.26
1783579500000,161.11,161.27,160.98,161.0,255713.36
1783580400000,161.19,161.6,161.19,161.45,277140.57
1783581300000,161.71,161.77,161.28,161.39,190540.04
1783582200000,161.25,161.33,160.88,161.33,337352.15
1783583100000,161.43,161.71,161.3,161.34,234206.0
1783584000000,160.198,161.395,160.198,160.896,6181976.27088188
1783584900000,160.895,161.02,160.415,161.02,681612.91893842
1783585800000,161.02,161.02,160.895,160.895,748917.1064
1783586700000,160.895,160.895,160.835,160.835,75220.01807253
1783587600000,160.835,160.835,160.835,160.835,53377.22547531
1783588500000,160.835,160.894,160.835,160.894,96859.04789143
1783589400000,160.895,160.895,160.895,160.895,152201.85634339
1783590300000,160.895,160.895,160.895,160.895,184060.94334446
1783591200000,160.82,160.82,160.445,160.47,281297.9498
1783592100000,160.47,160.47,160.47,160.47,86653.8
1783593000000,159.0,160.47,157.37,159.0,4897751.22364973
1783593900000,158.679,158.679,157.785,158.573,1131221.57185564
1783594800000,158.573,159.04,158.573,159.011,1146176.9864851
1783595700000,159.012,159.013,157.293,157.9,10042333.49209225
1783596600000,157.0,158.148,157.0,157.0,6036149.54900006
1783597500000,157.845,158.596,157.845,158.345,939503.71750658
1783598400000,158.345,159.021,158.227,158.801,644994.97314263
1783599300000,158.8,158.8,158.405,158.598,996791.72312777
1783600200000,158.599,159.0,158.2,158.2,1338680.925574434
1783601100000,158.2,158.545,158.2,158.321,536592.73993732
1783602000000,158.326,158.884,158.326,158.818,880061.38360216
1783602900000,157.79,158.846,156.451,157.51,4716198.80459864
1783603800000,156.24,159.11,154.99,159.05,67219950.97985977
1783604700000,158.95,159.476,157.743,159.08,39300264.26165535
1783605600000,158.89,159.173,157.89,158.42,25284948.51443931
1783606500000,158.21,158.481,156.39,157.885,34926666.34169478
1783607400000,157.575,158.337,157.11,157.94,19508795.04192632
1783608300000,157.969,159.879,157.937,159.671,19896373.870692763
1783609200000,159.665,160.977,159.645,160.164,25892455.170674663
1783610100000,159.8,160.452,159.24,159.71,17830926.96629846
1783611000000,159.01,159.91,158.78,159.885,25850814.92548847
1783611900000,159.86,160.412,159.345,159.5,16776642.28005377
1783612800000,159.89,160.71,159.779,159.79,11876206.67595262
1783613700000,159.89,160.28,159.096,159.26,12195865.46732319
1783614600000,159.41,159.817,159.336,159.44,11174296.78512885
1783615500000,159.34,159.794,159.17,159.69,6146493.04979398
1783616400000,159.99,160.025,159.275,159.38,10355544.02676918
1783617300000,159.393,160.19,159.393,159.772,18164569.72072067
1783618200000,159.37,159.82,159.37,159.59,11008512.99901311
1783619100000,159.53,159.851,159.31,159.56,11824733.88835094
1783620000000,159.49,160.71,158.997,160.415,20527335.41380324
1783620900000,160.58,160.74,159.903,160.085,16753902.48195695
1783621800000,160.38,160.398,159.825,159.95,10408138.04943551
1783622700000,160.01,160.095,159.208,159.28,14931694.08916658
1783623600000,159.33,159.642,159.15,159.37,10679452.0494864
1783624500000,159.22,159.37,158.632,158.93,16530225.31714299
1783625400000,158.883,159.158,158.686,159.158,23849804.964162037
1783626300000,159.155,159.164,158.22,158.41,54754540.3850077
1783627200000,158.51,158.64,158.163,158.51,151936905.53376466
1783628100000,158.5,158.59,158.0,158.59,5937019.88590399
1783629000000,158.59,158.8,158.367,158.599,1085807.5506
1783629900000,158.69,158.7,158.59,158.7,934812.9288962
1783630800000,158.69,158.9,158.69,158.9,226308.24
1783631700000,158.9,158.982,158.72,158.982,165475.331
1783632600000,158.985,159.0,158.649,158.75,110243.63559715
1783633500000,158.75,158.939,158.652,158.939,1434914.4666
1783634400000,158.94,158.97,158.8,158.94,517805.13397125
1783635300000,158.94,159.0,158.725,158.806,250326.405
1783636200000,158.805,159.0,158.75,158.847,117750.4575
1783637100000,158.846,158.997,158.75,158.997,288459.302112
1783638000000,158.998,159.144,158.7,158.8,230435.803616
1783638900000,158.8,158.999,158.7,158.999,200322.6866
1783639800000,159.0,159.145,158.8,158.805,37855.96740257
1783640700000,158.805,158.875,158.8,158.875,986126.4189
1783641600000,158.87,158.87,158.49,158.72,12224.2
1783642500000,158.66,158.81,158.35,158.37,157361.7
1783643400000,158.2,158.5,157.99,158.34,82820.22
1783644300000,158.33,158.63,158.0,158.63,212740.58
1783645200000,158.52,158.52,158.03,158.03,134286.11
1783646100000,158.97,159.21,158.53,158.9,327300.01
1783647000000,159.12,159.57,158.91,159.57,520737.73
1783647900000,159.42,160.58,159.42,159.8,1288163.82
1783648800000,159.95,160.36,159.9,160.12,161187.74
1783649700000,160.28,160.65,159.98,160.14,1225615.22
1783650600000,160.14,160.38,160.09,160.37,89698.37
1783651500000,160.32,160.66,160.32,160.66,229175.8
1783652400000,160.73,160.73,160.37,160.37,183536.57
1783653300000,160.54,160.54,160.37,160.38,33222.15
1783654200000,160.37,160.55,160.31,160.55,88997.7
1783655100000,160.54,160.77,160.36,160.45,119292.8
1783656000000,160.68,160.79,160.57,160.79,17194.24
1783656900000,160.75,160.75,160.5,160.5,192841.06
1783657800000,160.55,160.86,160.45,160.71,119830.34
1783658700000,160.88,160.94,160.53,160.53,91978.77
1783659600000,160.51,160.52,160.32,160.34,137452.83
1783660500000,160.5,160.54,160.36,160.54,6900.1
1783661400000,160.41,160.86,160.41,160.84,117618.19
1783662300000,160.83,160.89,160.59,160.59,87615.18
1783663200000,160.71,160.9,160.57,160.72,95475.58
1783664100000,160.57,160.66,160.16,160.18,83751.02
1783665000000,160.34,160.45,160.11,160.11,28376.5
1783665900000,160.14,160.29,160.13,160.26,82340.7
1783666800000,160.08,160.08,159.89,160.05,233077.49
1783667700000,160.2,160.34,160.2,160.23,71642.84
1783668600000,160.24,160.25,160.15,160.15,75607.09
1783669500000,160.01,160.23,159.81,160.23,342102.05
1783670400000,158.875,161.175,158.875,160.695,4403937.88463671
1783671300000,160.695,161.579,160.695,161.334,986195.15335635
1783672200000,161.337,161.755,161.29,161.585,517829.38825676
1783673100000,161.585,161.585,161.495,161.585,165922.4281
1783674000000,161.583,161.583,160.85,161.545,586418.30792979
1783674900000,161.545,162.68,161.545,162.68,936450.62247756
1783675800000,162.68,163.219,162.355,163.074,1573244.576428289
1783676700000,163.072,163.1,163.055,163.1,1443704.6202811
1783677600000,164.83,165.345,163.1,164.83,5316853.4927756
1783678500000,164.245,165.625,164.245,165.625,2691826.4112487
1783679400000,165.625,165.76,164.36,164.485,2321989.52957755
1783680300000,164.506,164.61,163.945,163.945,1553163.060153514
1783681200000,164.99,166.593,163.945,166.4,8155744.46602203
1783682100000,165.74,166.254,164.916,165.49,2380712.1968
1783683000000,165.27,166.1,165.16,166.0,5296368.32251521
1783683900000,165.98,166.324,165.64,165.64,3986802.41789831
1783684800000,165.64,166.279,165.017,165.6,5347053.1223
1783685700000,165.4,166.222,165.343,165.4,2196837.34385455
1783686600000,167.02,167.78,165.684,167.02,8309337.01499436
1783687500000,166.24,166.904,165.351,165.83,4560940.46394461
1783688400000,165.441,165.719,164.912,165.1,4302450.19968965
1783689300000,165.104,166.532,165.07,166.516,13616694.433452789
1783690200000,166.66,167.9,162.93,163.57,130537817.49496059
1783691100000,163.39,165.42,161.35,161.7,73384307.81389196
1783692000000,161.54,163.03,161.175,162.13,61452568.85153444
1783692900000,162.1,162.635,160.87,162.09,46250130.9117583
1783693800000,162.152,162.24,159.08,160.839,32412786.296788223
1783694700000,160.51,161.15,159.51,160.08,20784904.32099493
1783695600000,160.3,160.931,159.5,159.5,25094656.15461562
1783696500000,159.4,160.589,159.303,160.31,21607487.09463702
1783697400000,160.2,160.429,159.103,159.31,31539722.82436426
1783698300000,159.265,160.393,159.256,160.0,21022265.07362402
1783699200000,160.01,160.263,159.205,159.95,18575122.62588135
1783700100000,160.18,160.29,159.2,159.485,19104442.10472032
1783701000000,159.63,159.644,158.901,159.42,17867697.43777467
1783701900000,159.39,161.109,159.322,161.01,22049404.95618635
1783702800000,160.9,161.25,158.9,158.9,23037249.15604769
1783703700000,159.04,159.51,158.745,159.14,18770214.29653349
1783704600000,159.08,159.34,158.8,159.14,19480915.02365758
1783705500000,159.515,159.765,158.735,158.75,15553211.34520934
1783706400000,158.805,159.71,158.765,159.71,15787441.18698831
1783707300000,159.31,159.807,159.06,159.765,28466780.5244237
1783708200000,159.72,160.09,159.595,159.74,21704709.2218719
1783709100000,159.3,159.817,158.924,159.1,15547004.09351696
1783710000000,159.02,159.89,158.96,159.89,13055593.45669578
1783710900000,159.86,159.91,159.01,159.5,17693400.81358911
1783711800000,159.403,159.845,159.18,159.643,18608861.79545606
1783712700000,159.64,159.641,158.915,159.09,75928068.44699508
1783713600000,159.062,159.075,158.58,158.795,65291294.89882014
1783714500000,158.795,158.86,158.51,158.81,1031312.86128021
1783715400000,159.06,159.184,158.8,159.06,1735597.940616
1783716300000,159.0,159.185,158.86,159.0,288277.03982055
1783717200000,159.0,159.0,158.605,159.0,4782503.03105438
1783718100000,159.0,159.0,158.96,158.96,374415.42741546
1783719000000,159.04,159.059,158.96,159.04,2928150.7358
1783719900000,158.98,159.085,158.98,159.05,268760.706322
1783720800000,159.05,159.097,159.011,159.011,146159.8737
1783721700000,159.011,159.025,159.01,159.024,303713.53866126
1783722600000,159.025,159.319,159.025,159.31,687306.17939786
1783723500000,159.31,159.31,159.295,159.295,249444.42611697
1783724400000,159.295,159.295,159.265,159.265,295382.71084285
1783725300000,159.265,159.265,159.24,159.24,154000.2619
1783726200000,159.24,159.371,159.24,159.33,965320.104497
1783727100000,159.437,160.05,159.437,159.725,965641.716373
1783900800000,158.58,159.96,157.99,159.83,719845.27
1783901700000,160.0,160.12,159.67,159.68,393984.91
1783902600000,159.66,159.66,158.2,158.77,169673.47
1783903500000,158.87,159.18,158.84,158.99,135443.65
1783904400000,158.89,158.89,158.34,158.51,63112.26
1783905300000,158.68,158.68,158.43,158.46,77194.42
1783906200000,158.31,158.55,158.05,158.38,83795.57
1783907100000,158.11,158.11,157.47,157.66,279299.62
1783908000000,157.44,157.48,156.9,157.39,334245.62
1783908900000,157.37,158.02,157.37,157.73,256986.78
1783909800000,157.63,157.65,157.41,157.61,65691.47
1783910700000,157.49,157.55,157.35,157.35,25986.58
1783911600000,157.26,157.26,156.35,156.35,150748.57
1783912500000,156.74,156.74,156.16,156.16,10630.95
1783913400000,156.67,156.67,156.04,156.54,63159.42
1783914300000,156.28,156.3,156.05,156.2,38267.93
1783915200000,156.25,156.25,155.71,156.14,81260.66
1783916100000,156.25,156.4,156.06,156.17,42040.68
1783917000000,156.21,156.38,155.99,156.0,118317.83
1783917900000,156.14,156.39,155.99,156.21,234732.57
1783918800000,156.31,156.79,155.81,156.79,258877.26
1783919700000,156.73,156.73,156.0,156.0,34417.4
1783920600000,155.81,156.77,155.77,156.37,19085.1
1783921500000,156.34,156.35,156.12,156.12,127389.91
1783922400000,156.34,156.63,156.12,156.12,145443.12
1783923300000,156.23,156.43,156.19,156.41,146613.01
1783924200000,156.6,156.6,156.22,156.23,48126.17
1783925100000,156.56,156.71,156.36,156.36,132149.11
1783926000000,156.4,156.61,156.29,156.58,456296.45
1783926900000,156.56,156.8,156.17,156.74,293379.13
1783927800000,156.39,156.68,156.18,156.49,194845.7
1783928700000,156.56,156.61,156.35,156.61,86525.34
1783929600000,159.197,159.197,156.09,156.75,4714158.6599791
1783930500000,156.751,157.115,156.751,157.115,501814.864233
1783931400000,157.115,157.115,157.115,157.115,234501.70337283
1783932300000,157.115,157.725,157.115,157.616,465204.78376102
1783933200000,157.614,157.614,157.03,157.03,169247.44148458
1783934100000,157.03,157.605,157.03,157.605,191636.99
1783935000000,157.605,157.605,157.46,157.46,359922.88778399
1783935900000,157.46,157.46,156.87,156.909,115844.967
1783936800000,156.912,156.925,156.826,156.826,176969.70879644
1783937700000,156.825,156.87,156.825,156.87,343634.33778471
1783938600000,156.87,156.87,156.825,156.825,416338.2571051
1783939500000,156.825,156.825,156.825,156.825,369636.525
1783940400000,156.788,157.715,156.604,157.362,1407023.10056998
1783941300000,157.351,157.454,157.2,157.3,256509.26909634
1783942200000,157.3,157.4,157.075,157.4,627812.46658921
1783943100000,157.4,157.4,156.821,157.102,515462.04446623
1783944000000,157.103,157.35,156.752,157.204,2014786.75677882
1783944900000,157.15,157.292,156.973,157.15,699896.2152
1783945800000,156.977,157.0,156.336,156.555,1624670.77042
1783946700000,156.555,156.875,156.555,156.7,589631.0508
1783947600000,156.7,156.9,156.026,156.602,1240344.589894
1783948500000,156.601,156.65,155.85,156.025,1862059.35497921
1783949400000,155.79,161.03,155.648,156.25,80151560.19318533
1783950300000,156.821,157.482,155.91,157.341,42598875.94589251
1783951200000,157.37,158.71,157.04,158.7,36650550.74529883
1783952100000,158.81,161.01,156.875,159.185,81875803.10737945
1783953000000,160.01,160.68,157.686,157.88,34929274.75476981
1783953900000,157.71,158.699,157.68,158.46,21748698.38139886
1783954800000,158.25,158.893,157.125,157.125,11642091.68606623
1783955700000,157.16,158.588,157.135,158.53,19090552.34704977
1783956600000,158.19,158.61,157.49,158.1,22286840.52177087
1783957500000,158.09,158.393,157.66,157.78,8038896.14865973
1783958400000,157.913,158.043,157.333,157.498,8165975.79916987
1783959300000,157.4,157.504,155.87,156.3,23521711.21315621
1783960200000,156.1,156.475,155.307,156.2,18820475.091476
1783961100000,156.29,156.574,155.79,156.2,18381306.85375278
1783962000000,156.49,157.08,156.342,156.79,14949487.86681122
1783962900000,156.41,156.767,155.762,155.925,11240923.40826908
1783963800000,155.92,156.078,155.217,155.38,11852717.74183909
1783964700000,155.56,155.789,154.05,154.05,19596910.71445507
1783965600000,154.15,155.636,154.04,155.3,16397386.32586364
1783966500000,155.369,155.47,154.743,155.175,23985738.539293975
1783967400000,154.99,155.87,154.88,155.87,16793291.04308046
1783968300000,156.04,157.46,155.836,156.12,21064039.49820683
1783969200000,156.31,156.677,156.04,156.26,19246692.94518401
1783970100000,156.33,156.597,155.711,155.85,15344010.3711451
1783971000000,155.789,156.397,155.66,156.103,21351857.186261054
1783971900000,156.04,157.645,155.72,157.375,87158147.98189594
1783972800000,157.17,157.405,156.801,157.17,131596074.8394196
1783973700000,156.92,156.93,156.655,156.719,1194370.80173388
1783974600000,156.72,157.289,156.715,157.2,526518.44218404
1783975500000,157.154,157.233,156.681,156.815,2385134.3115
1783976400000,156.815,156.895,156.465,156.895,3554261.12270387
1783977300000,156.896,156.9,156.7,156.799,124600.7475
1783978200000,156.8,157.195,156.63,156.63,295237.998
1783979100000,156.63,156.72,156.5,156.6,261168.40275615
1783980000000,156.583,156.989,156.501,156.7,403749.44835432
1783980900000,156.7,156.799,156.691,156.7,176601.9143
1783981800000,156.683,156.699,156.5,156.5,72656.2752
1783982700000,156.5,156.6,156.265,156.4,271568.099
1783983600000,156.4,156.4,156.1,156.3,335543.02292503
1783984500000,156.3,156.809,156.201,156.7,536468.79547255
1783985400000,156.7,156.715,156.202,156.23,634848.68267328
1783986300000,156.241,157.099,156.206,157.099,399250.21779746
1783987200000,156.89,157.02,156.51,157.02,36677.3
1783988100000,156.86,156.86,156.55,156.65,70164.17
1783989000000,156.69,157.22,156.69,156.97,130474.14
1783989900000,157.25,158.01,157.25,158.0,376200.11
1783990800000,157.82,157.99,157.8,157.84,50223.99
1783991700000,157.82,158.02,157.62,157.62,187327.97
1783992600000,157.71,157.89,157.56,157.77,207309.44
1783993500000,157.58,157.71,157.4,157.4,56718.51
1783994400000,157.37,157.59,157.36,157.36,9923.45
1783995300000,157.19,157.33,156.78,156.79,80515.73
1783996200000,156.85,157.53,156.85,157.53,95135.57
1783997100000,157.61,157.61,157.18,157.33,77244.87
1783998000000,157.4,157.41,156.71,156.92,62763.23
1783998900000,156.84,156.84,156.21,156.54,434781.32
1783999800000,156.74,156.93,156.74,156.81,48148.89
1784000700000,156.9,157.01,156.9,156.99,8633.22
1784001600000,157.32,157.48,157.32,157.38,312251.05
1784002500000,157.27,157.55,157.27,157.47,80408.35
1784003400000,157.55,157.79,157.55,157.78,38780.05
1784004300000,157.75,158.07,157.75,158.07,60358.44
1784005200000,157.99,158.28,157.95,158.17,53454.48
1784006100000,158.21,158.43,158.21,158.33,80427.02
1784007000000,158.46,158.49,158.02,158.02,163285.49
1784007900000,158.02,158.22,158.02,158.1,33518.52
1784008800000,158.1,158.1,157.93,158.01,69680.56
1784009700000,157.98,158.08,157.98,158.06,63372.79
1784010600000,157.99,158.13,157.82,157.82,114191.58
1784011500000,157.76,157.76,157.75,157.75,25241.0
1784012400000,157.62,157.82,157.62,157.79,25865.72
1784013300000,157.81,157.81,157.51,157.63,165936.9
1784014200000,157.66,157.84,157.48,157.57,184182.57
1784015100000,157.4,157.7,157.36,157.61,88354.95
1784016000000,157.143,157.699,157.143,157.375,2860937.59515079
1784016900000,157.375,157.64,157.375,157.64,427526.1068
1784017800000,157.64,157.775,157.64,157.775,281435.0984
1784018700000,157.775,157.775,157.775,157.775,417157.1
1784019600000,157.775,158.32,157.775,158.32,105769.46449769
1784020500000,158.32,158.32,158.32,158.32,343308.0374564
1784021400000,158.32,158.32,157.82,157.82,308464.2144
1784022300000,157.82,158.44,157.82,158.44,69159.29930614
1784023200000,158.44,158.65,158.44,158.56,403202.822
1784024100000,158.56,158.56,157.86,157.86,454478.8469
1784025000000,157.86,158.33,157.82,157.821,516169.11773239
1784025900000,157.82,158.51,157.815,158.33,588295.3094
1784026800000,157.65,158.242,156.406,156.61,1692454.54730919
1784027700000,155.8,156.6,155.8,155.8,1273495.27452953
1784028600000,156.402,157.08,156.319,156.6,1504686.62075591
1784029500000,156.6,156.68,156.203,156.3,858872.07
1784030400000,156.3,156.4,156.175,156.28,339299.9454
1784031300000,156.51,158.586,156.2,156.92,2979636.57238656
1784032200000,160.0,160.26,158.321,159.51,6238802.84166344
1784033100000,159.71,161.82,159.061,161.82,10150607.87561567
1784034000000,161.43,161.669,160.324,161.36,6446726.75400152
1784034900000,161.0,161.88,159.63,160.21,6298975.72703547
1784035800000,159.79,161.81,157.43,158.99,58740763.09289203
1784036700000,158.56,160.756,157.43,160.61,35515265.37989666
1784037600000,160.165,160.46,157.53,158.485,34558945.8635128
1784038500000,158.57,159.5,158.426,159.28,22355288.46747298
1784039400000,158.2,159.54,157.459,157.72,29630683.39004968
1784040300000,158.22,160.2,157.742,160.2,33142195.3243681
1784041200000,160.185,160.185,157.785,157.86,49529740.63427966
1784042100000,158.27,158.384,157.49,157.915,31711031.58586836
1784043000000,157.71,158.695,157.367,158.19,44358574.78076176
1784043900000,158.53,159.77,157.947,158.035,37250404.74920314
1784044800000,158.63,159.572,158.483,159.405,60880298.52308702
1784045700000,159.47,160.703,159.155,160.57,44592124.03707107
1784046600000,160.58,161.173,160.555,160.8,18725817.87011812
1784047500000,160.85,162.01,160.695,162.01,17898503.23379091
1784048400000,161.97,162.002,160.32,160.675,22927170.06397749
1784049300000,160.61,162.0,160.3,161.81,26836314.07803644
1784050200000,162.0,162.246,161.328,161.74,23364897.15842357
1784051100000,161.69,161.995,160.96,160.98,24911416.63345926
1784052000000,160.955,162.225,160.943,162.06,29122095.47240264
1784052900000,161.68,162.25,161.61,161.67,26825457.42038977
1784053800000,161.57,161.871,160.58,160.78,22292966.89179731
1784054700000,160.96,161.274,160.49,160.49,15635389.94714393
1784055600000,160.725,161.398,160.542,161.2,16382888.56075205
1784056500000,161.16,161.325,160.533,160.615,26349302.2081012
1784057400000,160.48,160.623,159.46,159.79,22632759.5255424
1784058300000,159.98,161.625,159.893,161.6,101177477.35546388
1784059200000,161.57,161.695,160.945,161.695,189279155.08587804
1784060100000,161.695,161.745,161.425,161.425,554356.057915
1784061000000,161.425,161.425,161.2,161.2,38599074.14966279
1784061900000,161.2,161.3,161.2,161.285,838581.0234
1784062800000,161.285,161.299,161.205,161.24,266110.47543261
1784063700000,161.51,161.6,161.24,161.51,218279.33392069
1784064600000,161.6,161.6,161.285,161.499,453073.88675816
1784065500000,161.5,161.764,161.445,161.445,601294.995
1784066400000,161.445,161.48,161.4,161.419,966486.63778215
1784067300000,161.99,162.1,161.385,161.99,659711.11854547
1784068200000,162.26,162.285,161.899,162.26,729117.20860659
1784069100000,162.2,162.2,161.886,161.895,578303.44211835
1784070000000,161.895,162.524,161.69,162.524,799938.15868904
1784070900000,162.87,162.87,162.412,162.87,791070.71507233
1784071800000,162.8,163.245,162.8,163.232,1112121.15108982
1784072700000,163.233,163.25,162.704,162.898,936723.88125298
1784073600000,163.12,163.39,162.68,162.68,112934.78
1784074500000,162.97,163.02,162.51,162.63,176966.58
1784075400000,162.5,162.5,161.78,161.78,94675.74
1784076300000,162.02,162.49,162.02,162.49,335117.18
1784077200000,162.34,162.39,162.0,162.02,119436.83
1784078100000,162.12,162.22,162.06,162.18,22380.64
1784079000000,162.21,162.3,161.82,161.82,118599.47
1784079900000,161.97,162.11,161.89,162.1,47283.95
1784080800000,162.06,162.29,161.99,161.99,175407.39
1784081700000,161.92,161.92,161.59,161.59,167425.02
1784082600000,161.69,161.88,161.58,161.88,20052.34
1784083500000,161.89,161.9,161.78,161.83,79941.02
1784084400000,161.83,162.29,161.83,162.29,90618.18
1784085300000,162.29,162.31,162.06,162.27,169172.4
1784086200000,162.47,162.59,162.12,162.22,165133.37
1784087100000,162.3,162.71,162.26,162.52,231416.92
1784088000000,162.53,162.53,162.52,162.52,6175.87
1784088900000,162.59,162.75,162.58,162.75,43286.05
1784089800000,162.69,162.86,162.54,162.68,42792.15
1784090700000,162.78,162.91,162.31,162.36,409315.69
1784091600000,162.55,162.55,162.3,162.52,71132.35
1784092500000,162.46,162.6,162.42,162.54,122378.81
1784093400000,162.22,162.76,162.21,162.76,91169.61
1784094300000,162.66,163.33,162.59,163.28,495995.11
1784095200000,163.27,163.63,163.01,163.5,445862.83
1784096100000,163.5,163.66,163.25,163.5,281625.21
1784097000000,163.49,163.9,163.38,163.73,523734.82
1784097900000,163.73,163.73,163.27,163.34,136485.25
1784098800000,163.08,163.38,162.89,162.89,547834.29
1784099700000,163.22,163.22,162.22,162.49,150433.75
1784100600000,162.48,162.68,162.35,162.67,238555.59
1784101500000,162.42,162.69,162.37,162.37,157936.33
1784102400000,162.899,162.899,161.995,161.995,6851369.76866702
1784103300000,161.995,161.995,161.995,161.995,220657.7018069
1784104200000,161.995,161.995,161.995,161.995,250606.265
1784105100000,161.995,162.376,161.995,162.376,266540.87121489
1784106000000,162.383,162.855,162.383,162.855,240000.5020903
1784106900000,162.855,162.855,162.855,162.855,81906.21536675
1784107800000,162.855,162.855,162.47,162.47,202272.574544
1784108700000,162.47,162.47,162.47,162.47,466695.075
1784109600000,162.47,162.905,162.47,162.905,62814.3204
1784110500000,162.905,162.905,162.47,162.47,539486.21817503
1784111400000,162.47,162.47,161.928,161.95,154867.002
1784112300000,161.95,162.25,161.95,162.25,14579.748
1784113200000,162.25,162.44,162.091,162.091,1334404.5933
1784114100000,162.09,162.3,162.05,162.1,418863.2992
1784115000000,162.102,162.315,162.05,162.25,800564.57570072
1784115900000,162.25,162.25,162.25,162.25,42671.75
1784116800000,162.25,162.25,161.7,162.053,602304.4003249652
1784117700000,162.065,162.125,161.601,161.799,375763.1319691904
1784118600000,161.8,163.068,161.8,163.068,2091445.2758184
1784119500000,163.99,164.198,163.073,163.99,3391589.79332445
1784120400000,164.03,164.061,163.55,163.91,2729183.85955994
1784121300000,164.01,165.053,163.213,163.64,4283088.08035623
1784122200000,165.595,167.16,162.586,162.99,106954409.97705865
1784123100000,162.51,162.963,160.384,161.5,49676744.46026444
1784124000000,162.0,163.86,161.553,163.41,34349265.46298076
1784124900000,163.23,163.71,162.117,163.23,34574710.80758224
1784125800000,163.419,164.83,162.493,163.409,49263408.96049274
1784126700000,163.08,163.419,162.371,162.5,15118257.78666267
1784127600000,163.225,164.061,162.0,163.37,29379301.35082754
1784128500000,163.21,164.718,163.041,164.425,46286814.07787458
1784129400000,163.86,164.835,162.7,162.7,22545465.60294735
1784130300000,162.764,164.098,162.507,163.843,35097609.166043185
1784131200000,163.98,163.98,162.413,162.43,20882447.1357316
1784132100000,162.38,163.575,162.182,163.51,20926107.99412328
1784133000000,163.49,163.55,161.793,162.46,14551032.09963136
1784133900000,162.455,164.99,162.05,164.99,27639810.28148961
1784134800000,164.824,166.33,164.81,165.93,36382706.87242783
1784135700000,165.835,166.8,165.61,166.53,23746781.74622789
1784136600000,166.62,166.99,165.4,165.55,35326800.82372493
1784137500000,165.39,166.111,164.998,165.15,23775511.52788232
1784138400000,165.0,165.808,164.821,165.725,22710959.46495526
1784139300000,165.63,167.765,165.14,167.765,57459954.80294473
1784140200000,167.73,168.473,166.813,167.26,51406465.08018731
1784141100000,166.79,167.2,165.69,165.75,38504374.81396089
1784142000000,166.07,167.559,165.879,166.9,32769174.036645
1784142900000,167.054,167.261,165.78,165.951,29125591.554696526
1784143800000,165.88,167.64,165.68,167.635,30723758.34495464
1784144700000,167.76,167.844,166.7,167.18,81413152.57849976
1784145600000,167.21,167.361,166.9,167.052,282272451.6541722
1784146500000,167.06,167.3,166.72,166.8,1000722.7477842
1784147400000,166.8,167.146,166.605,166.86,458108.17711384
1784148300000,166.868,167.25,166.86,167.25,650542.04867764
1784149200000,167.25,167.3,166.9,166.9,1352624.7842
1784150100000,166.9,167.1,166.55,166.902,494135.54429596
1784151000000,166.901,166.901,166.796,166.8,202437.41726394
1784151900000,166.8,166.945,166.8,166.945,204274.7642
1784152800000,166.945,166.945,166.745,166.745,403834.36284716
1784153700000,166.754,166.995,166.682,166.773,245461.88440794
1784154600000,166.768,166.85,166.7,166.7,242527.69979069
1784155500000,166.7,166.85,166.7,166.85,135558.5950892
1784156400000,166.842,166.849,166.8,166.849,34039.71008343
1784157300000,166.85,167.2,166.8,166.8,42750.09216184
1784158200000,166.8,166.895,166.251,166.251,354233.25
1784159100000,166.25,166.585,166.1,166.37,391985.22466761
1784160000000,166.74,167.24,166.57,166.79,221112.27
1784160900000,166.75,166.83,166.21,166.34,110685.98
1784161800000,166.27,166.34,166.01,166.17,108043.06
1784162700000,166.17,166.34,166.04,166.31,115180.18
1784163600000,166.15,166.5,166.06,166.06,119197.64
1784164500000,166.09,166.23,165.58,166.23,594358.55
1784165400000,165.73,166.14,165.73,165.91,160567.16
1784166300000,165.91,166.58,165.9,166.4,182273.8
1784167200000,166.4,166.4,166.12,166.13,91265.45
1784168100000,166.38,166.65,166.36,166.62,69921.97
1784169000000,166.56,166.63,166.47,166.48,32481.27
1784169900000,166.49,166.71,166.47,166.71,34814.56
1784170800000,166.5,166.77,166.48,166.74,89977.53
1784171700000,166.72,166.72,166.35,166.58,42120.18
1784172600000,166.56,166.67,166.54,166.54,21818.9
1784173500000,166.78,166.87,166.78,166.87,9675.83
1784174400000,166.86,166.88,166.69,166.88,15012.19
1784175300000,166.86,166.87,166.61,166.61,19507.26
1784176200000,166.48,166.53,166.31,166.53,27623.56
1784177100000,166.36,166.39,166.2,166.21,168448.29
1784178000000,166.3,166.68,166.19,166.66,60073.36
1784178900000,166.73,167.36,166.73,167.29,145229.01
1784179800000,167.28,167.28,167.0,167.14,57668.5
1784180700000,167.01,167.03,166.94,166.95,10351.64
1784181600000,167.2,167.2,166.65,166.83,168694.19
1784182500000,166.6,166.6,166.5,166.5,4829.7
1784183400000,166.64,166.67,166.11,166.11,252559.73
1784184300000,166.25,166.97,166.25,166.8,178411.14
1784185200000,166.76,166.76,166.17,166.23,90124.32
1784186100000,166.1,166.2,165.62,165.76,205476.94
1784187000000,165.77,165.79,164.85,165.0,308847.71
1784187900000,165.01,165.02,164.53,164.88,202799.94
1784188800000,164.01,166.998,163.755,164.01,4846672.00474106
1784189700000,164.19,164.8,163.653,164.2,792500.98439933
1784190600000,164.8,164.8,164.8,164.8,389269.1124336
1784191500000,164.76,164.9,164.6,164.9,155504.28764323
1784192400000,164.77,164.77,164.77,164.77,311717.49823097
1784193300000,164.77,165.375,164.77,165.375,153953.54619264
1784194200000,165.375,165.375,165.345,165.345,107247.43330685
1784195100000,165.345,165.345,164.601,164.601,166041.30889665
1784196000000,164.6,164.6,164.6,164.6,289880.652395
1784196900000,164.6,164.6,164.6,164.6,161398.2008
1784197800000,164.6,164.75,164.6,164.75,213879.3108
1784198700000,164.75,164.75,164.75,164.75,105604.75
1784199600000,164.75,165.092,164.7,164.7,944823.14596188
1784200500000,164.7,164.9,164.366,164.6,1750110.00866033
1784201400000,164.583,164.583,164.26,164.265,621397.3498
1784202300000,164.265,164.355,163.385,164.2,1155239.77810058
1784203200000,164.2,164.2,163.5,163.5,447681.564
1784204100000,163.5,163.813,163.35,163.54,1437141.7563025202
1784205000000,163.541,163.625,162.984,162.984,1148612.2764059
1784205900000,162.982,163.67,162.9,163.1,1957178.29601384
1784206800000,163.1,163.858,163.1,163.704,885929.58000104
1784207700000,163.24,165.1,162.822,163.24,2570476.66025916
1784208600000,165.101,166.0,160.03,160.062,50082184.43988299
1784209500000,160.67,162.085,159.67,161.71,43812819.17885083
1784210400000,161.995,163.65,161.028,163.3,42085166.51408362
1784211300000,163.52,164.75,163.13,164.75,27011643.02792267
1784212200000,164.52,164.611,163.526,163.925,18558984.00352989
1784213100000,164.179,164.45,162.78,163.783,33208926.94256611
1784214000000,163.385,163.8,162.49,162.575,15886053.0160526
1784214900000,162.85,164.348,162.55,163.48,16615571.56902981
1784215800000,163.31,164.09,163.179,163.205,16813162.02222758
1784216700000,163.19,164.703,162.6,164.45,15589052.20654981
1784217600000,164.716,165.261,164.02,164.183,28091276.730395544
1784218500000,163.98,164.741,163.508,164.17,23266994.04791165
1784219400000,164.33,164.735,162.84,162.84,17990258.02169818
1784220300000,162.13,164.515,162.03,164.33,23493519.40506552
1784221200000,163.965,164.192,162.465,162.61,19872398.48997703
1784222100000,162.465,163.3,162.406,163.204,20648243.284120787
1784223000000,163.72,163.72,161.699,161.76,29197449.31463206
1784223900000,161.95,162.53,161.331,161.36,24753352.23316289
1784224800000,161.78,161.841,160.16,160.33,58741741.63930404
1784225700000,160.27,161.587,160.115,161.28,38513871.96108761
1784226600000,161.24,161.607,160.33,161.51,27004470.80510283
1784227500000,161.82,163.23,161.6,162.86,30409953.25812278
1784228400000,163.12,163.12,161.709,162.13,21256363.18810309
1784229300000,161.725,162.315,161.38,161.7,16253685.39697742
1784230200000,161.765,161.854,160.42,160.514,31096627.720546898
1784231100000,160.31,161.275,159.53,160.48,123954348.37489599
1784232000000,160.474,161.107,160.205,160.335,180723719.68896806
1784232900000,160.335,160.597,160.245,160.489,2337281.64339664
1784233800000,160.491,161.175,160.491,161.175,711965.05155603
1784234700000,161.163,161.175,160.245,160.35,1805365.324075
1784235600000,160.35,160.35,160.23,160.23,346528.83851592
1784236500000,160.23,160.28,160.125,160.28,8010873.5784
1784237400000,160.28,160.529,160.28,160.5,306132.0125
1784238300000,160.5,160.974,160.3,160.525,462124.777
1784239200000,160.525,161.0,160.2,160.8,185730.127052
1784240100000,160.46,160.875,160.46,160.46,213225.3084
1784241000000,160.875,160.875,160.4,160.849,72833.31306518
1784241900000,160.85,160.85,160.4,160.65,258760.56500549
1784242800000,160.65,160.65,160.102,160.102,145141.6375
1784243700000,160.101,160.24,159.855,160.0,333223.02535396
1784244600000,160.0,160.0,159.5,159.6,305271.32644429
1784245500000,159.6,159.975,159.503,159.7,235940.95027565
1784246400000,159.96,159.98,159.56,159.66,86927.16
1784247300000,159.57,159.93,159.44,159.53,279447.95
1784248200000,159.69,159.69,159.14,159.33,266921.4
1784249100000,159.65,160.13,159.6,160.13,165435.93
1784250000000,160.14,160.31,159.61,159.69,1018385.97
1784250900000,159.71,159.76,159.47,159.63,141777.2
1784251800000,159.78,159.78,159.0,159.0,276818.08
1784252700000,159.01,159.03,158.51,158.59,596215.26
1784253600000,158.6,158.96,158.47,158.96,138247.09
1784254500000,158.98,159.0,158.76,158.99,71011.75
1784255400000,158.86,158.87,158.17,158.49,365004.69
1784256300000,158.64,158.84,158.23,158.72,247384.35
1784257200000,158.77,159.2,158.72,158.99,285118.86
1784258100000,159.21,159.4,159.08,159.26,93516.53
1784259000000,159.12,159.39,158.81,158.95,145688.95
1784259900000,158.83,158.83,158.66,158.7,130453.97
1784260800000,158.47,158.53,158.25,158.37,109925.42
1784261700000,158.37,158.38,157.98,158.05,518471.33
1784262600000,158.03,158.37,157.86,158.37,164449.27
1784263500000,158.4,158.62,158.4,158.58,175693.3
1784264400000,158.58,158.59,158.1,158.21,129172.57
1784265300000,158.25,158.25,157.8,157.8,207431.89
1784266200000,157.81,157.88,157.01,157.28,440562.34
1784267100000,157.24,157.24,156.76,157.1,573553.14
1784268000000,157.11,157.22,156.71,157.05,531090.53
1784268900000,157.09,157.53,156.83,157.28,438489.76
1784269800000,157.42,157.52,157.14,157.21,183763.22
1784270700000,157.22,157.42,156.83,156.98,500758.92
1784271600000,157.09,157.17,156.94,157.03,130232.74
1784272500000,156.92,157.08,156.56,156.75,929746.21
1784273400000,156.73,156.96,156.5,156.63,487384.94
1784274300000,156.65,156.65,156.2,156.36,411739.13
1784275200000,159.162,159.162,154.601,154.601,11654634.81956578
1784276100000,154.6,154.6,154.285,154.42,1163765.20960156
1784277000000,154.401,154.401,153.625,153.945,1020493.48847104
1784277900000,153.945,154.895,153.945,154.895,1167239.8448875
1784278800000,154.871,155.194,154.25,155.194,803549.91816374
1784279700000,155.199,156.08,154.895,155.386,1643387.9293881
1784280600000,155.386,155.386,154.55,154.6,1186310.685725
1784281500000,154.6,155.3,154.6,155.24,1327037.4869
1784282400000,155.49,156.142,155.24,155.49,1400955.07627366
1784283300000,156.143,156.145,155.58,155.58,958013.13160015
1784284200000,155.82,156.0,155.58,155.81,775361.356956
1784285100000,155.843,155.895,155.58,155.58,204428.6038
1784286000000,155.58,155.998,155.401,155.401,1289681.59170763
1784286900000,155.24,155.56,155.24,155.24,1221838.89816061
1784287800000,155.4,155.76,155.3,155.6,625786.05234635
1784288700000,155.617,156.056,155.485,155.98,878166.46166179
1784289600000,155.967,155.967,154.8,155.205,2971096.87077332
1784290500000,155.154,155.205,154.501,154.52,1073354.80111683
1784291400000,154.2,154.854,154.2,154.2,1068124.04118808
1784292300000,154.01,154.5,154.01,154.01,1528950.00273452
1784293200000,154.372,154.375,153.662,153.799,1470317.64442936
1784294100000,154.01,154.225,153.002,154.01,2567722.43175606
1784295000000,153.41,156.05,152.99,153.13,106313182.05689362
1784295900000,152.91,158.88,152.868,158.46,75923802.2352835
1784296800000,157.54,158.443,157.17,157.68,31546907.2929398
1784297700000,157.699,159.052,157.17,157.322,128398558.3698507
1784298600000,157.321,158.81,156.66,157.37,33643769.37488442
1784299500000,157.335,157.963,156.51,156.74,27887943.16517458
1784300400000,156.51,157.019,155.37,155.37,34439201.43165145
1784301300000,155.31,155.57,154.62,155.19,31491941.42583664
1784302200000,155.66,155.96,155.176,155.21,23116252.53767069
1784303100000,155.06,156.896,154.99,156.69,19717236.19835422
1784304000000,157.275,157.841,156.645,157.8,22752070.92894213
1784304900000,157.62,157.709,156.606,157.62,14326804.36904682
1784305800000,157.82,157.865,156.771,157.41,14731939.21089497
1784306700000,157.542,159.004,157.505,158.592,18063998.153391983
1784307600000,158.594,160.145,158.578,159.57,32592940.81378727
1784308500000,159.62,160.562,159.273,160.53,24314165.80666345
1784309400000,160.39,160.781,160.01,160.035,22197010.00461079
1784310300000,159.99,160.72,159.749,159.915,17518212.71547943
1784311200000,159.61,159.874,158.52,158.52,20364192.93575304
1784312100000,158.535,158.571,157.739,157.925,19465186.51274655
1784313000000,157.91,158.322,156.57,157.085,15411022.85589534
1784313900000,157.2,158.034,156.945,157.95,28468768.81364489
1784314800000,157.64,157.958,157.14,157.67,17171551.21649442
1784315700000,157.51,157.753,156.51,157.117,35224649.98550706
1784316600000,157.18,157.468,156.607,156.784,26194063.479877602
1784317500000,156.78,157.505,156.575,157.1,107171356.86346063
1784318400000,156.69,157.137,156.661,156.69,109187908.67770208
1784319300000,156.9,156.924,156.65,156.924,216417.06799511
1784320200000,156.905,157.1,156.755,157.0,1014612.08261821
1784321100000,157.0,157.6,157.0,157.101,2236216.80850404
1784322000000,157.1,157.4,157.1,157.4,77938.09821448
1784322900000,157.383,157.4,157.3,157.4,659433.4592
1784323800000,157.4,157.418,157.071,157.319,53346.5316
1784324700000,157.32,157.32,157.146,157.146,41209.67776685
1784325600000,157.145,157.145,157.125,157.125,168305.02970552
1784326500000,157.125,157.125,157.125,157.125,241344.0
1784327400000,157.125,157.125,157.051,157.125,74953.33896978
1784328300000,157.125,157.125,157.125,157.125,72200.8399695
1784329200000,157.125,157.125,157.004,157.122,120048.55484019
1784330100000,157.123,157.3,156.975,157.3,159993.3592
1784331000000,157.3,157.36,157.06,157.155,169236.03583012
1784331900000,157.155,157.309,157.075,157.175,220340.084
1784505600000,159.39,159.39,157.75,158.86,1081460.62
1784506500000,158.87,158.88,158.39,158.44,249513.86
1784507400000,158.59,158.59,158.15,158.36,86193.93
1784508300000,158.15,158.19,157.52,157.67,325713.66
1784509200000,157.66,158.6,157.65,158.19,193407.39
1784510100000,158.26,158.6,158.06,158.46,103556.33
1784511000000,158.37,158.41,157.99,157.99,28792.41
1784511900000,158.01,158.01,157.49,157.72,90579.12
1784512800000,158.09,158.42,158.09,158.28,26579.81
1784513700000,158.19,158.19,157.74,157.74,45787.61
1784514600000,157.94,158.71,157.79,158.71,512969.04
1784515500000,158.71,158.83,158.6,158.61,256987.13
1784516400000,158.61,158.76,158.46,158.52,111212.53
1784517300000,158.58,158.61,158.42,158.42,21722.38
1784518200000,158.41,158.64,158.32,158.64,63229.53
1784519100000,158.68,158.8,158.56,158.63,55683.22
1784520000000,158.68,158.68,158.61,158.61,1427.91
1784520900000,158.42,158.45,158.31,158.43,14095.98
1784521800000,158.81,158.81,158.65,158.65,25706.04
1784522700000,158.77,158.78,158.42,158.43,107530.78
1784523600000,158.41,158.43,157.5,157.5,132750.0
1784524500000,158.1,158.1,157.61,157.61,26827.8
1784525400000,157.53,157.53,157.41,157.46,51491.87
1784526300000,157.46,157.46,157.23,157.23,49717.19
1784527200000,157.37,157.38,157.24,157.24,3145.9
1784528100000,157.38,157.4,157.13,157.13,63056.39
1784529000000,157.14,157.18,156.85,156.9,201617.92
1784529900000,156.9,157.03,156.9,156.96,32971.56
1784530800000,157.06,157.23,156.98,157.1,79971.67
1784531700000,157.09,157.7,156.96,157.7,163111.11
1784532600000,157.69,157.97,157.68,157.75,106382.77
1784533500000,157.97,158.28,157.97,158.27,36503.47
1784534400000,157.175,158.015,157.175,158.015,2447343.44856085
1784535300000,158.015,158.06,158.015,158.06,56268.21698627
1784536200000,158.06,158.06,157.06,157.18,341343.53100029
1784537100000,157.094,157.445,156.665,156.902,144946.99753704
1784538000000,156.901,157.275,156.895,157.275,58452.65385596
1784538900000,157.275,157.275,157.275,157.275,64392.354621
1784539800000,157.275,157.935,157.275,157.935,312912.34064026
1784540700000,157.935,157.935,157.49,157.49,72805.827
1784541600000,157.49,157.49,157.301,157.49,247573.55019784
1784542500000,157.539,158.005,157.539,158.005,61256.7804
1784543400000,158.005,158.005,157.594,157.785,275797.66033842
1784544300000,157.785,157.785,157.64,157.64,166526.8704
1784545200000,157.64,158.4,157.64,158.4,1315956.06
1784546100000,158.4,158.5,158.04,158.075,1398549.14317107
1784547000000,158.075,160.275,158.075,160.003,5146822.53247386
1784547900000,160.002,160.05,159.701,159.979,882966.64438953
1784548800000,159.978,159.978,158.48,159.24,1389358.12760462
1784549700000,159.24,159.24,158.9,159.125,550714.86791136
1784550600000,159.096,159.538,158.95,159.002,1328981.05835559
1784551500000,159.001,159.517,159.001,159.204,1197767.21635
1784552400000,159.205,159.215,158.97,158.97,564852.87705
1784553300000,157.99,159.035,157.573,157.99,3294504.54204746
1784554200000,158.29,159.126,156.81,157.97,61069723.88935408
1784555100000,157.89,159.36,155.755,156.43,45030198.65021586
1784556000000,156.315,157.124,155.335,155.55,24238557.88121358
1784556900000,155.749,157.88,155.15,157.762,25393824.261401124
1784557800000,157.71,158.026,157.07,157.26,15965389.10079697
1784558700000,157.41,158.12,156.83,158.12,13952322.90402698
1784559600000,158.3,159.9,158.047,159.57,22941218.06899349
1784560500000,159.77,160.33,159.22,160.33,26340217.42192862
1784561400000,160.35,160.6,159.261,160.6,15571397.41704206
1784562300000,160.78,162.595,160.535,162.42,40559950.96530054
1784563200000,162.61,162.82,161.994,162.79,22614048.70101956
1784564100000,162.25,162.58,161.73,161.98,28455439.42961449
1784565000000,162.224,163.145,161.59,161.661,37837973.90490567
1784565900000,161.76,162.29,161.621,161.91,12843051.23721732
1784566800000,162.08,162.306,161.571,162.01,12642347.6204081
1784567700000,161.74,162.85,161.601,162.68,16992712.75265215
1784568600000,162.82,163.087,162.382,162.675,17679446.89904203
1784569500000,162.676,163.9,162.665,163.82,25515062.677708752
1784570400000,163.99,164.68,163.678,164.4,24839997.38698861
1784571300000,164.125,164.321,162.713,162.78,26984104.45717947
1784572200000,162.62,163.01,161.164,161.23,35486367.60531656
1784573100000,160.91,161.14,160.253,160.485,23952687.99551986
1784574000000,160.64,160.734,159.334,159.4,19222605.55523407
1784574900000,159.24,159.776,159.105,159.665,18901047.78265471
1784575800000,159.82,160.17,159.348,160.17,26906423.25624654
1784576700000,160.16,160.76,160.09,160.57,80143389.16363178
1784577600000,160.553,160.76,159.887,160.407,188754690.44844943
1784578500000,160.406,160.724,160.251,160.498,715041.64135808
1784579400000,160.48,160.7,160.0,160.0,2779405.3908
1784580300000,160.3,160.5,160.3,160.5,350365.140448
1784581200000,160.5,161.09,160.37,160.7,688051.31079885
1784582100000,160.702,160.715,160.6,160.6,101947.73509085
1784583000000,160.6,160.755,160.49,160.755,355736.4426
1784583900000,160.755,161.11,160.703,160.98,339693.41754765
1784584800000,160.24,160.98,160.2,160.24,415788.08
1784585700000,160.383,160.865,160.3,160.3,36238.139
1784586600000,160.3,160.6,160.3,160.6,2362576.0095
1784587500000,160.6,160.842,160.6,160.717,248132.4075
1784588400000,160.714,161.207,160.6,161.1,319585.87927803
1784589300000,161.1,161.3,160.95,161.04,428933.1382
1784590200000,161.04,161.298,160.8,160.831,335407.92599936
1784591100000,160.842,161.1,160.7,161.016,248117.9772
1784592000000,161.03,161.25,160.51,160.74,358320.58
1784592900000,160.85,161.82,160.85,161.35,154004.26
1784593800000,161.83,162.24,161.83,161.93,87968.34
1784594700000,162.02,162.21,161.95,162.19,145653.05
1784595600000,162.0,162.51,162.0,162.4,228493.98
1784596500000,162.25,162.26,161.74,161.96,459171.41
1784597400000,161.82,161.96,161.58,161.6,106641.71
1784598300000,161.6,161.8,161.52,161.54,40574.51
1784599200000,161.58,161.9,161.49,161.49,347860.43
1784600100000,161.28,161.91,161.2,161.68,156539.7
1784601000000,161.95,162.11,161.94,162.07,72577.96
1784601900000,162.07,162.35,162.02,162.35,48183.41
1784602800000,162.27,162.46,162.17,162.44,423458.7
1784603700000,162.48,162.59,162.31,162.52,198393.14
1784604600000,162.52,162.73,162.52,162.67,17077.06
1784605500000,162.66,162.75,162.58,162.6,184177.56
1784606400000,162.75,163.0,162.75,162.95,222996.19
1784607300000,162.9,163.25,162.8,162.95,275621.96
1784608200000,162.89,163.19,162.88,162.88,155366.8
1784609100000,162.9,162.96,162.82,162.82,75087.28
1784610000000,162.9,163.09,162.82,162.88,192494.54
1784610900000,162.81,163.03,162.76,162.9,94640.36
1784611800000,162.98,163.08,162.83,163.02,95490.88
1784612700000,163.04,163.34,162.75,162.77,492971.09
1784613600000,162.96,163.12,162.52,163.04,1010797.1
1784614500000,163.07,163.19,162.95,163.19,60827.91
1784615400000,163.25,163.85,163.25,163.85,636044.17
1784616300000,163.81,163.97,163.6,163.72,670334.82
1784617200000,163.97,163.98,163.49,163.86,232219.84
1784618100000,163.88,163.99,163.62,163.62,67991.79
1784619000000,163.64,164.28,163.6,164.12,750630.04
1784619900000,164.03,164.61,164.0,164.3,383089.98
1784620800000,161.669,165.694,161.669,165.687,13715111.60772515
1784621700000,166.07,166.07,165.491,165.92,2764505.19871988
1784622600000,165.49,166.369,165.482,166.355,854692.0374
1784623500000,166.355,166.709,165.5,166.485,1873169.76359418
1784624400000,166.485,166.755,166.485,166.53,814893.62358291
1784625300000,166.53,166.675,166.53,166.675,564676.14811001
1784626200000,166.675,166.685,166.588,166.685,839403.5016
1784627100000,166.685,166.685,166.685,166.685,1286860.11420994
1784628000000,166.685,166.685,166.685,166.685,454793.0128957
1784628900000,166.685,166.685,166.685,166.685,432293.447049
1784629800000,166.685,166.685,166.595,166.595,1328613.32458582
1784630700000,166.595,166.595,165.615,165.82,1127473.88366649
1784631600000,165.69,165.82,165.0,165.69,2092895.85184362
1784632500000,164.99,165.495,164.99,164.99,920128.927716
1784633400000,165.036,165.682,165.002,165.682,808758.1592
1784634300000,165.3,165.7,165.3,165.3,3893709.831372
1784635200000,165.338,165.595,165.15,165.421,648510.96821247
1784636100000,165.418,165.6,165.201,165.501,1409152.6335
1784637000000,165.5,169.255,165.5,167.396,33033640.73836458
1784637900000,167.397,167.781,167.201,167.475,2635159.25534313
1784638800000,167.24,168.1,167.0,167.85,5037841.85139087
1784639700000,168.38,169.3,167.5,169.3,7540984.90003019
1784640600000,167.895,175.28,167.895,174.28,287437918.4137972
1784641500000,174.56,177.29,173.76,176.465,173333539.2085322
1784642400000,176.4,179.04,175.79,178.18,157499872.1952098
1784643300000,178.195,180.51,177.885,180.265,140886125.10832572
1784644200000,180.24,180.57,178.24,178.825,90772315.14677238
1784645100000,178.699,179.21,177.9,177.959,85218201.35749702
1784646000000,177.78,178.874,176.58,178.19,79631922.52614409
1784646900000,177.9,179.37,177.9,178.59,43735670.61078487
1784647800000,178.585,180.06,178.465,179.77,59356912.46298944
1784648700000,179.83,180.6,179.653,180.6,43475593.16282629
1784649600000,180.57,181.47,179.19,179.196,87250604.63100807
1784650500000,179.215,179.5,178.3,179.38,41684685.67914185
1784651400000,179.32,179.81,178.79,178.975,38562000.02127959
1784652300000,178.87,179.9,178.18,179.41,51205670.8899991
1784653200000,179.63,180.14,178.92,179.04,35529199.50246032
1784654100000,178.955,180.12,178.61,179.61,40363752.444281384
1784655000000,179.63,179.706,178.53,178.75,25593608.95623832
1784655900000,178.665,178.871,177.77,178.285,41584231.17660403
1784656800000,178.44,178.601,177.854,178.51,45168248.82507866
1784657700000,178.46,179.19,177.945,178.51,34129981.81226686
1784658600000,178.31,178.478,177.08,177.515,59336612.08814592
1784659500000,177.67,178.26,175.65,176.135,54962096.78788763
1784660400000,176.08,177.03,175.788,176.76,33733445.85676167
1784661300000,176.6,177.055,176.58,176.73,45476821.32600411
1784662200000,176.778,176.89,176.202,176.555,155692161.30742475
1784663100000,176.58,176.913,175.43,175.8,170478689.0351321
1784664000000,176.01,176.45,175.685,176.01,273257785.4384406
1784664900000,176.3,176.3,175.85,176.099,1484181.75577225
1784665800000,176.1,176.466,176.1,176.466,556181.14775175
1784666700000,176.472,176.775,176.472,176.775,9505427.54194641
1784667600000,176.775,176.798,176.501,176.6,1139331.8916
1784668500000,175.83,176.7,175.81,175.81,3266522.67256947
1784669400000,176.4,176.4,176.2,176.4,200490.22011911
1784670300000,176.4,176.566,176.31,176.37,839887.8284844256
1784671200000,176.37,176.499,175.98,176.106,1059046.3033038
1784672100000,176.108,176.4,176.105,176.105,255789.72311022
1784673000000,176.49,176.77,176.105,176.49,1432816.64434267
1784673900000,176.631,176.699,176.376,176.5,304494.93961767
1784674800000,176.479,176.639,176.375,176.523,253761.703
1784675700000,176.76,176.809,176.415,176.76,575842.7067
1784676600000,176.8,176.936,176.67,176.73,832453.53266712
1784677500000,176.733,177.751,176.733,177.71,1228361.76563348
1784678400000,177.71,177.91,177.04,177.91,291295.97
1784679300000,177.74,177.74,177.02,177.04,382731.03
1784680200000,177.19,177.49,177.12,177.49,164144.23
1784681100000,177.46,177.47,176.77,176.97,389449.79
1784682000000,177.15,177.18,176.75,176.79,191691.31
1784682900000,176.83,176.83,176.37,176.41,86693.9
1784683800000,176.39,176.39,175.99,176.12,130550.26
1784684700000,176.62,176.82,176.44,176.45,247877.58
1784685600000,176.59,176.63,176.46,176.62,100280.76
1784686500000,176.92,176.93,176.61,176.61,26865.22
1784687400000,176.49,176.62,176.14,176.38,307060.99
1784688300000,176.36,176.39,175.81,176.04,646711.06
1784689200000,175.94,176.06,175.68,175.73,206673.77
1784690100000,175.71,176.0,175.51,176.0,95393.68
1784691000000,175.85,175.98,175.81,175.89,30605.76
1784691900000,175.91,176.39,175.8,175.8,153908.04
1784692800000,175.81,176.28,175.81,176.28,97939.08
1784693700000,176.3,176.49,176.3,176.32,33163.24
1784694600000,176.31,176.31,176.08,176.08,326440.09
1784695500000,176.22,176.22,175.86,175.86,135794.79
1784696400000,176.13,176.13,175.5,175.57,195242.92
1784697300000,175.57,175.57,174.92,174.99,184832.99
1784698200000,174.91,175.01,174.34,174.36,660174.52
1784699100000,174.42,174.58,174.1,174.37,181000.4
1784700000000,174.31,174.47,174.03,174.23,317667.88
1784700900000,174.24,174.32,173.84,173.84,411973.8
1784701800000,173.88,174.3,173.73,174.18,431699.1
1784702700000,174.17,174.19,173.8,174.19,199758.15
1784703600000,174.17,174.38,173.94,174.2,823690.3
1784704500000,174.16,174.27,174.04,174.06,200269.37
1784705400000,174.07,174.07,173.0,173.45,706576.51
1784706300000,173.46,173.75,173.32,173.52,286398.82
1784707200000,174.49,177.094,174.006,174.39,9851012.53652653
1784708100000,174.236,174.835,174.235,174.835,1016688.75297106
1784709000000,174.835,174.835,174.835,174.835,228589.8175293
1784709900000,174.835,174.835,174.835,174.835,272395.36824891
1784710800000,174.835,174.835,174.835,174.835,401920.24154331
1784711700000,174.835,174.835,174.835,174.835,197549.12593767
1784712600000,174.835,174.835,173.935,173.935,264959.63850897
1784713500000,173.82,173.935,173.82,173.82,847105.15926513
1784714400000,174.31,174.46,173.935,174.32,547234.2787
1784715300000,174.155,174.775,174.06,174.481,230349.45164672
1784716200000,174.481,174.481,174.48,174.48,72758.16
1784717100000,174.48,175.175,174.48,174.48,735404.43576678
1784718000000,174.48,174.999,174.48,174.7,1077950.4297949304
1784718900000,174.7,174.7,174.4,174.405,781227.252575
1784719800000,174.18,174.6,173.466,174.18,2297034.39448906
1784720700000,173.5,174.399,173.4,173.603,1614926.74748969
1784721600000,173.599,173.845,172.824,173.201,1567266.15035496
1784722500000,173.2,173.2,172.6,173.103,1694351.35648563
1784723400000,173.104,173.26,172.991,173.04,796628.65171505
1784724300000,173.04,173.04,171.9,172.307,3119586.22011934
1784725200000,172.306,172.947,172.225,172.802,959070.6944
1784726100000,172.801,172.855,171.505,172.252,6082009.433761012
1784727000000,172.16,174.36,171.72,174.36,84568269.83626938
1784727900000,174.505,174.86,172.895,173.91,50455774.09695752
1784728800000,173.75,174.8,171.286,171.475,41603666.67212322
1784729700000,170.49,171.63,170.4,171.54,64005131.83784159
1784730600000,171.503,172.265,169.79,170.28,96069087.43127301
1784731500000,169.99,170.266,168.44,169.18,50296865.98059336
1784732400000,169.46,170.532,169.175,170.51,32674623.21411117
1784733300000,170.455,171.21,170.25,170.67,30610542.49983778
1784734200000,170.73,170.747,169.252,169.71,22972027.06824227
1784735100000,169.605,170.2,169.42,169.866,25409124.941895932
1784736000000,169.88,170.42,169.66,169.92,24791604.86618522
1784736900000,169.8,170.555,169.48,170.555,17997047.8439037
1784737800000,170.55,172.358,170.526,171.4,34269415.06444012
1784738700000,171.18,171.322,170.483,170.62,14626994.83688943
1784739600000,170.61,170.76,169.665,169.7,17149181.79575214
1784740500000,169.515,169.729,168.56,168.79,29096808.4153823
1784741400000,168.97,169.293,168.467,169.095,28017231.899228
1784742300000,169.1,169.446,167.99,168.02,32639712.67459671
1784743200000,168.024,168.165,167.58,167.644,30657511.55425304
1784744100000,167.52,168.03,166.626,166.805,30466890.58048828
1784745000000,166.57,167.4,166.362,167.15,28077448.37387967
1784745900000,167.66,167.85,167.127,167.3,17665982.57350493
1784746800000,167.255,167.728,166.17,166.36,38149653.91224391
1784747700000,166.36,167.201,166.075,167.11,45747775.7479402
1784748600000,166.99,167.075,166.49,166.77,31371938.14986103
1784749500000,166.58,166.738,166.06,166.06,102013417.58550538
1784750400000,166.51,166.729,165.929,166.5,158549102.29898748
1784751300000,166.557,167.194,166.476,166.826,2870278.927475201
1784752200000,166.825,166.999,166.75,166.999,490557.74732117
1784753100000,167.0,167.0,166.725,166.845,511133.574114
1784754000000,166.838,166.838,166.6,166.6,643576.90217823
1784754900000,166.6,166.8,166.44,166.8,1443130.560971
1784755800000,166.8,166.835,166.627,166.64,335834.143238
1784756700000,166.95,166.95,166.51,166.95,911663.31527928
1784757600000,166.85,167.1,166.757,166.9,465748.2896099
1784758500000,166.9,167.051,166.75,166.9,257646.14201906
1784759400000,166.9,166.9,166.7,166.75,999365.99
1784760300000,166.75,166.899,166.653,166.899,416682.0105
1784761200000,166.9,166.9,166.7,166.8,118985.85973998
1784762100000,166.8,166.8,166.6,166.6,149347.42521947
1784763000000,166.6,166.6,166.6,166.6,189830.4837548
1784763900000,167.01,167.02,166.605,167.01,827692.72803305
1784764800000,166.67,167.45,166.59,167.44,106168.78
1784765700000,167.29,167.7,167.29,167.51,127639.38
1784766600000,167.57,167.94,167.49,167.79,151444.49
1784767500000,167.9,167.91,167.7,167.77,52858.56
1784768400000,167.75,168.25,167.7,168.1,367313.39
1784769300000,168.13,168.17,167.75,167.89,283020.14
1784770200000,167.9,168.07,167.56,167.71,226333.97
1784771100000,167.72,168.06,167.54,167.92,466918.84
1784772000000,167.72,167.79,167.36,167.59,209578.61
1784772900000,167.5,167.51,167.12,167.14,184895.77
1784773800000,167.24,167.58,167.11,167.12,95825.36
1784774700000,167.22,167.74,167.22,167.74,147936.27
1784775600000,167.55,167.55,166.99,167.03,76582.54
1784776500000,166.96,167.18,166.96,167.11,66996.26
1784777400000,167.12,167.12,167.12,167.12,6684.8
1784778300000,167.53,167.7,167.43,167.68,349788.56
1784779200000,167.55,167.7,167.22,167.7,173633.98
1784780100000,167.66,168.06,167.66,167.88,134329.56
1784781000000,167.92,167.95,167.65,167.71,247175.62
1784781900000,167.88,168.1,167.74,167.74,48522.74
1784782800000,167.86,167.92,167.66,167.66,203160.41
1784783700000,167.86,168.03,167.86,167.95,160089.03
1784784600000,168.06,168.11,167.57,167.67,341063.74
1784785500000,167.65,167.65,167.34,167.34,144689.38
1784786400000,167.54,167.77,167.42,167.42,73228.88
1784787300000,167.43,167.81,167.42,167.81,37728.91
1784788200000,167.62,167.81,167.6,167.71,141224.62
1784789100000,167.81,167.9,167.51,167.51,81367.7
1784790000000,167.5,167.59,166.6,166.82,609730.81
1784790900000,166.96,167.14,166.85,167.14,145986.37
1784791800000,166.95,167.09,166.58,166.61,470413.98
1784792700000,166.59,167.01,166.58,166.62,344150.78
1784793600000,167.053,167.968,167.045,167.57,6349899.06915616
1784794500000,167.57,167.849,167.495,167.495,322965.0073
1784795400000,167.495,167.495,167.495,167.495,188570.04614787
1784796300000,167.495,167.62,166.975,167.57,1057496.19501704
1784797200000,167.57,167.62,167.57,167.58,281771.574959
1784798100000,167.578,167.578,167.57,167.57,180808.03
1784799000000,167.57,167.57,167.57,167.57,103893.4
1784799900000,167.23,167.57,167.23,167.23,182735.085
1784800800000,167.23,167.57,167.23,167.23,265933.59
1784801700000,167.57,167.57,167.57,167.57,323748.17348042
1784802600000,167.57,167.595,167.57,167.595,271807.6232
1784803500000,167.595,167.595,167.57,167.57,260417.28297673
1784804400000,167.57,167.57,166.909,166.963,825078.30700457
1784805300000,166.964,166.965,166.4,166.4,578677.36189728
1784806200000,165.98,166.479,165.878,165.98,774000.92210948
1784807100000,165.891,166.4,165.8,166.365,385259.81815103
1784808000000,166.365,166.722,165.9,166.35,468743.86562318
1784808900000,166.35,166.369,165.201,165.206,1696993.11806925
1784809800000,164.99,165.457,163.9,164.04,3349002.04089753
1784810700000,163.901,164.274,162.969,163.988,3147220.59807602
1784811600000,163.99,164.332,162.59,162.59,2628546.71844923
1784812500000,162.68,163.246,162.402,162.9,3730433.67288809
1784813400000,163.02,164.82,161.23,164.61,82296116.98371013
1784814300000,164.597,165.53,162.52,162.646,45066764.38291504
1784815200000,162.39,163.765,162.357,162.95,24086867.00492732
1784816100000,162.855,163.545,162.22,162.39,27241438.04366033
1784817000000,163.07,163.283,160.86,160.99,34918250.63737053
1784817900000,160.74,161.32,160.256,160.31,30831085.86414413
1784818800000,160.381,160.381,158.9,159.369,57253077.94325689
1784819700000,159.4,160.114,159.372,159.835,25238388.34559408
1784820600000,159.22,160.456,159.22,159.6,22810554.12191106
1784821500000,159.45,160.896,159.447,160.45,17247910.80519911
1784822400000,160.31,161.435,160.057,161.285,15082206.98039543
1784823300000,161.36,162.566,161.327,162.04,18139973.93670206
1784824200000,162.24,162.277,161.679,162.04,11744583.74137185
1784825100000,161.915,162.912,161.82,162.82,9941676.58517197
1784826000000,162.73,163.503,162.73,163.49,18084520.92801848
1784826900000,163.423,164.179,163.065,164.003,17026081.142454166
1784827800000,163.87,164.266,163.308,164.01,19515771.73385313
1784828700000,164.0,164.33,162.649,162.75,30275875.17073218
1784829600000,163.01,163.163,162.335,162.62,15621545.24935112
1784830500000,162.6,162.905,162.378,162.45,12014196.75756111
1784831400000,162.479,162.775,162.202,162.775,18562823.75833964
1784832300000,162.745,163.337,162.469,162.58,16687651.42630456
1784833200000,162.69,162.832,161.165,161.25,35107975.66145034
1784834100000,161.79,162.305,161.23,162.29,25322415.11304816
1784835000000,162.42,162.745,161.145,161.15,30034935.47119568
1784835900000,161.09,161.705,160.385,161.15,117938217.11906236
1784836800000,161.136,162.094,161.105,161.824,119034287.30446452
1784837700000,161.787,162.33,161.602,161.869,902961.86371135
1784838600000,161.87,162.585,161.87,162.201,2058698.18276177
1784839500000,162.183,162.183,161.901,162.03,169657.0992
1784840400000,162.03,162.26,162.03,162.1,254916.06907019
1784841300000,162.1,162.1,161.7,162.049,607082.3
1784842200000,162.05,162.05,161.736,161.75,427397.9255
1784843100000,161.792,162.055,161.75,162.055,248865.47511099
1784844000000,162.055,162.055,161.805,162.055,204679.24356636
1784844900000,162.055,162.055,161.8,162.005,231182.27638939
1784845800000,162.005,162.299,161.9,162.1,57722.374
1784846700000,162.1,162.175,161.802,162.175,266248.47856
1784847600000,162.175,162.175,162.0,162.0,307322.575
1784848500000,162.0,162.0,161.725,161.904,1836298.18548472
1784849400000,161.905,161.905,161.7,161.8,69980.15432595
1784850300000,161.8,161.9,161.8,161.9,193193.45767178
1784851200000,162.36,163.01,161.61,161.79,365009.26
1784852100000,161.82,162.46,161.69,161.69,154488.38
1784853000000,161.89,162.49,161.36,161.83,202920.98
1784853900000,161.95,162.24,161.9,162.24,55225.8
1784854800000,162.25,162.63,162.25,162.44,282557.11
1784855700000,162.6,162.64,162.36,162.45,62874.18
1784856600000,162.44,162.85,162.43,162.68,71246.95
1784857500000,162.68,162.68,162.52,162.52,8617.95
1784858400000,162.49,162.74,162.21,162.48,94729.8
1784859300000,162.45,162.52,162.29,162.31,68195.01
1784860200000,162.22,162.22,161.68,161.86,174042.31
1784861100000,161.85,161.85,161.64,161.76,356422.32
1784862000000,161.76,162.45,161.75,162.27,52955.11
1784862900000,162.43,162.54,162.29,162.5,314987.86
1784863800000,162.37,162.37,161.9,162.09,72485.55
1784864700000,162.31,162.35,162.07,162.35,170317.51
1784865600000,162.39,162.39,162.11,162.32,35538.23
1784866500000,162.26,162.31,162.26,162.31,10062.16
1784867400000,162.32,162.34,162.06,162.06,79003.73
1784868300000,162.06,162.21,162.05,162.21,11185.24
1784869200000,162.21,162.29,162.0,162.29,6809.03
1784870100000,162.21,162.3,162.16,162.23,36664.77
1784871000000,162.17,162.29,161.94,162.28,54834.2
1784871900000,162.35,162.37,162.09,162.09,37805.09
1784872800000,162.07,162.07,161.81,161.81,18291.59
1784873700000,162.1,162.35,161.95,161.98,289496.06
1784874600000,162.02,162.18,161.89,162.02,95452.14
1784875500000,162.02,162.2,162.02,162.2,18481.6
1784876400000,162.53,163.51,162.5,163.3,167977.45
1784877300000,163.47,163.7,163.28,163.47,196622.92
1784878200000,163.4,163.49,162.91,163.0,124660.76
1784879100000,162.96,163.05,162.94,162.95,73833.74
1784880000000,161.9,163.348,161.9,163.155,3137059.24147305
1784880900000,163.153,163.316,163.04,163.159,528687.0706
1784881800000,163.158,163.3,163.13,163.3,152760.0672
1784882700000,163.3,163.5,163.3,163.326,224152.03353575
1784883600000,163.325,163.325,162.97,163.029,212992.06345646
1784884500000,162.992,162.992,162.251,162.31,340990.27792986
1784885400000,162.31,163.014,162.31,163.014,151076.361
1784886300000,163.015,163.05,163.015,163.03,85504.59611552
1784887200000,163.03,163.03,162.947,162.947,126754.42610703
1784888100000,162.926,163.0,162.825,162.826,205400.53861823
1784889000000,162.825,162.825,162.825,162.825,228745.2379212
1784889900000,162.825,162.825,162.8,162.8,201229.2048
1784890800000,162.7,162.92,162.256,162.5,309144.9060566
1784891700000,162.5,162.92,162.2,162.3,625847.12364156
1784892600000,161.84,162.3,161.84,161.84,624446.80214731
1784893500000,162.0,162.796,162.0,162.704,282497.7938
1784894400000,162.687,162.711,162.2,162.6,256235.15197327
1784895300000,162.6,162.786,162.395,162.5,310565.41520941
1784896200000,162.36,162.68,161.3,162.36,1645770.21848463
1784897100000,161.3,161.545,160.865,161.285,2005617.10379609
1784898000000,160.25,161.285,160.0,160.0,1973034.28934839
1784898900000,160.6,161.5,160.4,161.09,2481277.984658
1784899800000,161.076,161.076,155.91,157.095,84633504.61698437
1784900700000,157.6,158.119,154.98,156.23,59532624.57089978
1784901600000,156.44,157.29,156.1,156.18,34705777.70019055
1784902500000,155.99,156.14,154.66,155.27,36096242.76867308
1784903400000,155.43,155.51,154.04,154.24,29968046.46717371
1784904300000,154.26,156.151,153.79,156.11,37263602.15327598
1784905200000,156.22,157.775,155.568,157.71,38934963.40089316
1784906100000,158.01,158.515,157.09,157.67,33751089.5559928
1784907000000,157.5,158.24,157.044,157.23,17197117.23959357
1784907900000,157.09,157.79,156.902,157.74,10958484.43904217
1784908800000,157.515,158.88,157.515,158.29,14253859.69016077
1784909700000,158.3,158.777,158.267,158.47,6900166.77900117
1784910600000,158.38,158.513,157.525,157.56,14502390.16438963
1784911500000,157.48,157.748,156.99,157.66,13862411.61841175
1784912400000,157.58,158.692,157.425,157.93,19773078.07892191
1784913300000,157.87,159.93,157.773,159.81,24718657.54189789
1784914200000,160.01,160.181,159.097,159.22,24995598.28755949
1784915100000,159.005,159.122,158.665,158.98,10427436.41994095
1784916000000,158.95,159.084,158.123,158.365,11011419.58124041
1784916900000,158.47,158.847,158.384,158.635,14275830.51675099
1784917800000,158.71,158.789,157.483,157.775,18492132.15661953
1784918700000,157.9,158.264,157.759,157.92,13098229.71168754
1784919600000,157.98,157.98,156.985,157.155,22495637.07272641
1784920500000,157.12,157.81,157.107,157.39,21757592.05186927
1784921400000,157.235,157.778,157.0,157.298,29505105.542078912
1784922300000,157.298,158.395,157.084,158.33,89625415.84006734
1784923200000,158.33,158.43,158.119,158.365,102622088.91700391
1784924100000,158.365,158.5,158.365,158.449,586442.74737019
1784925000000,158.45,158.483,158.19,158.345,736986.15377956
1784925900000,158.345,158.551,158.3,158.345,588362.595
1784926800000,158.345,158.385,158.345,158.385,488629.95859347
1784927700000,158.385,158.4,158.301,158.4,163141.906
1784928600000,158.4,158.4,158.385,158.385,299031.824
1784929500000,158.385,158.45,158.385,158.45,161929.54121054
1784930400000,158.45,158.45,158.385,158.385,258691.87267372
1784931300000,158.385,158.385,158.385,158.385,115033.25016254
1784932200000,158.385,158.385,158.26,158.275,32552.17076154
1784933100000,158.274,158.275,157.64,157.64,468198.797535
1784934000000,157.64,157.78,157.64,157.78,256244.96889435
1784934900000,158.01,158.125,157.576,158.01,166047.54267
1784935800000,157.6,157.6,157.575,157.575,507464.47751971
1784936700000,157.575,157.85,157.575,157.85,287737.34771968
1785110400000,162.53,162.59,160.67,161.79,1980552.76
1785111300000,161.75,161.96,161.49,161.75,495493.55
1785112200000,161.74,161.84,161.54,161.64,76651.46
1785113100000,161.64,161.72,161.24,161.34,138611.45
1785114000000,161.34,161.56,161.1,161.22,172921.89
1785114900000,161.02,161.12,160.54,160.55,361694.47
1785115800000,160.81,161.01,160.42,160.75,251724.07
1785116700000,160.9,161.1,160.72,161.1,148710.92
1785117600000,161.1,161.25,160.94,161.18,75563.8
1785118500000,161.04,161.47,161.02,161.45,97737.67
1785119400000,161.35,161.54,160.77,161.54,143752.62
1785120300000,161.34,161.34,160.95,161.12,56230.0
1785121200000,161.14,161.38,161.13,161.38,53708.47
1785122100000,161.57,161.61,161.31,161.41,41490.04
1785123000000,161.27,161.63,161.16,161.63,148100.47
1785123900000,161.45,161.73,161.43,161.49,88687.16
1785124800000,161.44,161.59,161.3,161.5,148557.24
1785125700000,161.56,161.95,161.56,161.8,18923.68
1785126600000,161.84,162.02,161.64,162.0,94530.11
1785127500000,162.12,162.12,161.79,161.88,55229.17
1785128400000,161.8,162.02,161.8,162.02,37394.2
1785129300000,162.13,162.47,162.13,162.31,129701.86
1785130200000,162.46,162.47,162.13,162.21,179477.86
1785131100000,162.19,162.48,162.19,162.48,77779.99
1785132000000,162.48,163.3,162.39,163.3,306360.7
1785132900000,163.29,163.32,163.0,163.0,39970.73
1785133800000,163.05,163.26,163.0,163.1,109257.5
1785134700000,163.1,163.12,162.87,162.91,116524.09
1785135600000,162.83,163.24,162.5,163.24,980677.18
1785136500000,162.97,163.19,162.96,163.17,118198.94
1785137400000,162.97,162.97,162.32,162.67,145184.97
1785138300000,162.68,162.79,162.48,162.48,150328.01
1785139200000,157.85,163.071,157.85,162.45,6546464.04595886
1785140100000,162.447,162.963,162.41,162.963,686014.8175064
1785141000000,162.964,162.965,162.964,162.965,324016.28342699
1785141900000,162.965,162.965,162.655,162.655,436183.4
1785142800000,162.655,162.655,162.33,162.33,830861.64234154
1785143700000,162.01,162.435,162.01,162.01,1419694.563069
1785144600000,162.435,162.435,162.435,162.435,254910.96926022
1785145500000,162.435,162.46,162.435,162.46,74258.89268363
1785146400000,162.46,162.46,162.375,162.375,774989.5612
1785147300000,162.64,162.64,162.375,162.64,205043.35464675
1785148200000,162.375,162.375,162.375,162.375,410579.76796313
1785149100000,162.375,162.375,162.375,162.375,177314.2540695
1785150000000,162.375,162.596,162.25,162.499,747877.15891611
1785150900000,162.01,162.479,161.54,162.01,1813995.69949136
1785151800000,161.513,161.799,161.35,161.618,1034404.3100555
1785152700000,161.619,162.0,161.5,161.646,1630850.8926595
1785153600000,161.94,162.33,161.601,162.0,943663.1249183
1785154500000,161.85,161.85,161.5,161.5,1362190.41808212
1785155400000,161.517,162.0,161.375,162.0,1037491.62448115
1785156300000,162.25,162.5,161.627,162.25,707521.63950637
1785157200000,162.115,162.2,161.907,162.0,1607797.91175678
1785158100000,162.34,163.093,161.415,162.34,46842382.21826332
1785159000000,163.057,167.8,163.057,167.306,105693884.03427312
1785159900000,167.28,167.55,165.355,165.475,56980595.17157685
1785160800000,165.155,166.815,164.99,165.61,39569393.53523731
1785161700000,166.51,167.01,163.01,163.01,41037223.98677061
1785162600000,162.825,163.076,160.57,161.01,43468389.26772453
1785163500000,161.68,162.584,160.815,162.515,28917965.03393474
1785164400000,162.53,163.75,162.27,163.51,44578585.70944881
1785165300000,163.45,163.815,162.042,162.53,29579800.26867095
1785166200000,162.495,162.98,161.636,162.4,32130838.37466124
1785167100000,162.265,162.62,161.98,162.48,16557499.522990048
1785168000000,162.58,164.4,162.17,163.73,22289035.6060524
1785168900000,163.11,164.79,162.981,164.77,21780869.41049081
1785169800000,164.91,166.39,164.779,165.88,29831047.59548773
1785170700000,165.84,166.055,164.838,165.01,23848197.34492176
1785171600000,165.115,165.373,164.632,165.163,18931726.560934477
1785172500000,165.09,166.115,164.65,165.73,20739972.51756212
1785173400000,165.79,166.745,165.554,166.54,25377298.18885445
1785174300000,166.32,167.29,166.226,167.23,25117663.85045034
1785175200000,167.27,167.443,165.754,165.84,23805287.40762614
1785176100000,165.797,165.88,165.428,165.768,21780641.072061967
1785177000000,165.74,166.46,165.37,166.1,21042407.51516394
1785177900000,165.96,166.98,165.815,166.795,20099138.96007058
1785178800000,166.93,167.56,166.145,167.15,37821722.24292705
1785179700000,167.04,167.625,166.84,167.37,30456699.19055096
1785180600000,167.45,167.72,167.135,167.43,37431629.34653144
1785181500000,167.33,167.64,166.913,167.51,85018489.29562192
1785182400000,167.548,167.632,167.04,167.1,152200259.72864935
1785183300000,167.102,167.685,167.102,167.55,827327.52844575
1785184200000,167.55,167.6,167.401,167.401,748013.6597
1785185100000,167.69,167.703,167.29,167.69,897981.41494603
1785186000000,167.475,167.7,167.301,167.301,571698.5394
1785186900000,167.3,167.54,167.215,167.54,599815.2132
1785187800000,167.54,167.54,167.215,167.249,170501.4606
1785188700000,167.258,167.3,167.116,167.25,296073.5751877
1785189600000,167.25,167.355,167.132,167.132,173756.09451632
1785190500000,167.0,167.2,166.4,167.0,593183.508228
1785191400000,166.699,166.883,165.701,165.947,527209.85760588
1785192300000,165.948,166.055,165.0,165.0,1081165.530648
1785193200000,165.0,165.075,164.272,164.534,807747.06694574
1785194100000,164.562,164.7,164.201,164.7,250488.63281393
1785195000000,164.7,165.0,164.4,164.4,409274.6552882
1785195900000,164.417,164.645,164.023,164.645,571649.74357339
1785196800000,164.51,165.13,164.02,164.06,180645.33
1785197700000,164.44,164.91,163.56,163.56,480455.55
1785198600000,163.79,164.2,163.09,163.96,158113.34
1785199500000,163.77,163.77,163.23,163.39,215188.08
1785200400000,163.3,163.41,161.88,162.25,633411.05
1785201300000,162.3,163.18,162.3,162.89,1050097.45
1785202200000,162.99,163.23,162.61,162.75,33234.05
1785203100000,162.76,163.05,162.53,162.55,42803.17
1785204000000,162.56,162.72,162.01,162.64,547509.23
1785204900000,162.51,162.72,162.46,162.53,73501.72
1785205800000,162.6,162.64,162.16,162.2,140946.73
1785206700000,162.26,162.58,162.01,162.42,188975.67
1785207600000,162.4,162.45,162.06,162.45,112490.75
1785208500000,162.67,163.05,162.67,162.84,120084.66
1785209400000,162.69,163.63,162.69,163.46,170324.19
1785210300000,163.64,163.67,162.82,163.07,96051.56
1785211200000,163.15,163.15,162.9,162.9,247952.14
1785212100000,163.0,163.01,162.91,162.91,120294.4
1785213000000,162.92,162.92,162.73,162.73,54536.39
1785213900000,162.7,162.77,162.58,162.73,33183.74
1785214800000,162.7,163.0,162.62,163.0,52469.49
1785215700000,163.0,163.0,162.7,162.77,244807.79
1785216600000,162.8,162.85,162.25,162.5,317868.15
1785217500000,162.82,162.92,162.55,162.55,98703.16
1785218400000,162.52,162.52,162.11,162.25,120057.59
1785219300000,162.24,162.7,162.17,162.6,482010.49
1785220200000,162.58,162.89,162.56,162.79,85442.79
1785221100000,162.83,163.3,162.74,162.99,144416.94
1785222000000,163.13,163.21,163.12,163.21,66416.21
1785222900000,163.21,163.36,163.02,163.2,68021.92
1785223800000,163.12,163.3,163.07,163.21,316570.55
1785224700000,162.9,163.24,162.72,162.89,152108.21
1785225600000,164.364,164.364,161.812,162.687,5081183.27864844
1785226500000,162.686,163.42,162.685,163.42,568589.27035055
1785227400000,163.22,163.42,163.22,163.23,470264.36783117
1785228300000,163.42,163.49,163.42,163.42,283031.94465209
1785229200000,163.22,163.525,163.22,163.22,493287.58530816
1785230100000,163.525,163.525,163.525,163.525,139977.4
1785231000000,163.525,163.525,162.776,162.776,63078.69982
1785231900000,162.775,162.859,162.105,162.33,136359.8919246
1785232800000,162.22,162.475,162.21,162.21,225051.56298768
1785233700000,162.475,162.475,161.91,161.91,305015.2714279
1785234600000,161.91,163.11,161.91,163.11,219292.486
1785235500000,163.11,163.11,162.975,162.975,255901.3896
1785236400000,162.896,162.896,161.9,161.9,624762.14877888
1785237300000,161.9,163.16,161.9,162.2,807083.06
1785238200000,162.167,162.974,162.0,162.198,693637.79362258
1785239100000,162.199,163.121,162.199,162.729,474064.4905668
1785240000000,162.75,163.088,162.4,162.75,444591.83409722
1785240900000,162.6,163.3,162.6,162.85,522609.0399466
1785241800000,162.849,163.0,162.35,162.815,1079302.43377705
1785242700000,162.829,163.383,162.815,163.059,816987.43723333
1785243600000,163.06,163.16,162.7,162.97,765216.7650102
1785244500000,162.97,162.97,161.64,162.2,2132089.12376133
1785245400000,162.48,163.293,159.345,159.83,80903474.2004393
1785246300000,159.91,161.759,158.867,161.18,51236911.76764002
1785247200000,161.84,163.947,161.255,161.31,45274787.05773621
1785248100000,161.41,163.46,160.8,163.05,37626236.81162483
1785249000000,163.06,164.12,162.63,163.715,27544104.09146316
1785249900000,163.665,165.193,163.325,163.7,29158271.01941456
1785250800000,163.67,163.889,162.47,163.19,15966950.97182815
1785251700000,163.145,167.328,163.107,167.12,41918911.90392778
1785252600000,167.14,168.13,167.01,167.44,22869303.97749509
1785253500000,167.39,167.81,165.705,165.705,20328188.33813898
1785254400000,166.26,166.629,165.969,166.18,18018261.39662619
1785255300000,166.12,166.496,165.639,165.8,23737529.0461475
1785256200000,166.0,167.081,165.329,166.92,15825421.0226981
1785257100000,167.04,168.055,166.8,168.03,17727393.59015673
1785258000000,167.97,168.05,166.847,167.04,16386901.09592681
1785258900000,167.27,167.462,166.581,166.64,10542574.80732643
1785259800000,166.44,166.568,165.928,166.47,17306243.13883555
1785260700000,166.6,167.13,166.35,166.67,15927045.30395944
1785261600000,167.01,167.373,165.392,165.49,20246902.81699061
1785262500000,165.45,166.037,165.378,165.64,13166717.31004882
1785263400000,165.715,165.78,165.15,165.34,17771790.47331934
1785264300000,165.34,165.65,164.89,165.275,15974267.06412498
1785265200000,165.305,165.675,165.05,165.12,19309056.7624809
1785266100000,165.22,165.749,165.158,165.71,20037990.24888518
1785267000000,165.8,166.176,165.64,165.96,25525643.40471716
1785267900000,166.04,167.98,165.976,167.87,88155865.19565092
1785268800000,168.01,168.01,166.945,168.01,83710158.82295036
1785269700000,167.645,167.945,166.975,167.695,616098.17956681
1785270600000,167.696,167.7,166.102,167.664,529609.87829949
1785271500000,167.665,167.665,167.565,167.615,334458.17304642
1785272400000,167.615,167.615,167.615,167.615,256471.6504525
1785273300000,167.538,167.538,167.166,167.46,472849.9952
1785274200000,167.46,167.46,167.46,167.46,25286.46
1785275100000,167.46,167.46,167.444,167.459,1271772.04460514
1785276000000,167.46,167.68,167.4,167.68,159124.62
1785276900000,167.68,167.68,167.5,167.5,188959.0632
1785277800000,167.35,167.5,167.0,167.35,244648.156
1785278700000,167.0,167.0,166.041,166.6,344461.9793476
1785279600000,166.6,166.6,165.97,166.0,340267.734774
1785280500000,166.62,167.059,166.0,166.62,365339.14128139
1785281400000,166.952,167.214,166.602,166.7,541730.89022249
1785282300000,167.88,167.88,166.751,167.88,400024.71559701
1785283200000,167.67,168.73,167.056,167.82,357186.01
1785284100000,167.76,168.21,167.61,167.88,113123.03
1785285000000,167.9,167.92,167.4,167.88,129032.31
1785285900000,167.91,168.3,167.64,167.74,246079.67
1785286800000,167.82,167.82,167.0,167.01,67435.45
1785287700000,167.03,167.54,167.0,167.54,66462.62
1785288600000,167.64,167.64,167.19,167.19,56945.54
1785289500000,167.11,167.18,166.46,166.47,415357.32
1785290400000,166.4,167.38,166.22,166.95,183533.25
1785291300000,166.96,167.01,166.07,167.01,297017.67
1785292200000,166.99,166.99,166.53,166.72,180171.38
1785293100000,166.49,166.49,165.76,165.76,268817.67
1785294000000,165.94,166.2,165.6,165.82,327415.81
1785294900000,165.74,165.87,165.28,165.28,256566.46
1785295800000,165.0,165.38,164.55,164.74,206077.06
1785296700000,164.72,164.89,163.84,164.12,959897.27
1785297600000,164.0,164.43,163.51,164.02,615572.35
1785298500000,164.05,164.79,163.4,164.42,593285.05
1785299400000,164.27,164.92,163.98,164.55,541465.82
1785300300000,164.37,165.4,164.07,165.4,554507.04
1785301200000,165.35,165.7,165.02,165.51,690156.3
1785302100000,165.5,166.11,165.27,165.85,241195.23
1785303000000,165.82,166.42,165.81,166.25,246923.87
1785303900000,166.23,166.36,166.01,166.14,211107.28
1785304800000,166.02,166.14,165.55,166.11,200461.45
1785305700000,165.98,166.94,165.98,166.94,262959.09
1785306600000,167.0,167.07,167.0,167.06,50115.3
1785307500000,167.08,167.47,167.08,167.42,238980.65
1785308400000,167.49,167.78,167.33,167.59,354524.78
1785309300000,167.59,168.17,167.59,168.01,612590.67
1785310200000,168.04,168.14,167.89,167.99,102498.04
1785311100000,167.96,168.08,167.72,168.05,379744.12
1785312000000,168.09,168.09,167.16,168.03,11955151.50517818
1785312900000,167.25,167.25,167.005,167.25,349884.9263
1785313800000,167.25,167.35,167.25,167.35,360074.82658151
1785314700000,168.11,168.11,167.35,168.11,1488046.72789569
1785315600000,168.075,168.075,168.075,168.075,92777.4
1785316500000,168.075,168.1,167.276,167.43,70459.57933323
1785317400000,167.43,168.609,167.43,168.609,1001905.79322495
1785318300000,168.611,168.62,167.875,168.62,759279.5204074448
1785319200000,168.62,168.7,168.035,168.035,841470.81765961
1785320100000,168.035,168.035,167.825,167.825,279843.62870923
1785321000000,167.825,168.525,167.645,168.525,131443.3302
1785321900000,168.519,168.519,167.301,167.695,512432.16713478
1785322800000,167.695,168.25,167.6,168.065,877092.9094
1785323700000,168.038,168.25,167.7,167.85,583786.47734899
1785324600000,167.85,168.247,167.2,167.3,480232.73567516
1785325500000,167.3,167.6,167.3,167.5,233285.22739301
1785326400000,167.517,167.66,166.746,166.908,904427.15862325
1785327300000,166.907,166.907,166.201,166.6,843320.0646
1785328200000,166.567,166.747,166.4,166.725,494153.13521449
1785329100000,166.725,166.989,166.3,166.403,605634.0818
1785330000000,166.402,166.5,165.8,166.095,1042221.55557527
1785330900000,166.095,166.273,165.066,165.899,2334505.149371247
1785331800000,166.23,169.52,165.952,167.79,84702315.60612312
1785332700000,167.6,168.57,166.23,168.095,43264447.03090032
1785333600000,168.41,169.49,166.771,166.84,47444851.0277772
1785334500000,167.065,167.215,164.812,165.13,41167552.55940596
1785335400000,165.107,165.56,164.496,164.498,83940041.11975513
1785336300000,164.6,165.889,164.31,165.49,38068553.40476379
1785337200000,165.41,165.96,164.85,165.17,23966580.33246944
1785338100000,165.0,165.57,163.907,163.975,46973817.83132679
1785339000000,164.05,164.91,163.82,163.82,17669903.58575017
1785339900000,164.08,164.378,163.17,164.056,25217804.334435005
1785340800000,164.26,164.289,163.37,163.54,15147850.69199951
1785341700000,163.38,164.745,163.18,164.57,18739606.20106934
1785342600000,164.75,164.93,163.516,163.6,12935225.7543881
1785343500000,163.53,164.597,163.525,164.59,11326330.17460121
1785344400000,164.715,165.132,164.33,164.64,13233838.68553874
1785345300000,164.465,165.012,164.153,164.2,10807980.22228821
1785346200000,164.04,164.809,163.795,163.94,13499781.52353752
1785347100000,163.995,164.549,163.89,164.11,16186416.6014068
1785348000000,164.592,166.55,164.592,165.259,18913222.948018584
1785348900000,165.47,165.78,163.01,163.17,22137749.72425278
1785349800000,163.21,165.05,162.823,165.05,32425107.12779204
1785350700000,164.815,166.614,164.661,166.26,33107154.41646887
1785351600000,166.13,166.44,163.62,164.31,35779671.65357515
1785352500000,164.231,164.67,161.745,162.357,33316955.76593631
1785353400000,162.35,162.57,159.295,159.37,46181857.8562581
1785354300000,159.395,160.4,158.766,160.26,145573249.305064
1785355200000,160.99,161.176,159.147,160.99,150431791.65772977
1785356100000,160.31,160.799,158.432,158.45,4418655.840476
1785357000000,158.7,159.58,157.81,157.81,2899380.69486785
1785357900000,158.0,158.96,157.802,158.0,868472.20711843
1785358800000,158.028,158.185,157.5,157.7,1017800.09001526
1785359700000,157.48,157.9,157.4,157.48,1444887.26619356
1785360600000,157.9,157.9,157.401,157.462,1105437.16989725
1785361500000,157.458,158.151,157.401,158.078,959539.999
1785362400000,158.097,159.5,158.097,159.1,901611.7411111
1785363300000,159.1,159.604,158.401,159.0,1377915.3939935
1785364200000,159.0,159.289,158.332,159.289,619675.60725
1785365100000,159.29,159.624,159.125,159.125,257041.9428237
1785366000000,159.129,159.75,159.129,159.601,851857.64751032
1785366900000,159.605,160.0,159.605,160.0,386612.34076628
1785367800000,160.016,160.444,159.715,159.999,335760.13010735
1785368700000,159.78,160.0,159.5,159.78,615767.195
1785369600000,160.05,161.05,159.38,160.39,159752.0
1785370500000,160.51,160.86,160.08,160.4,172157.46
1785371400000,160.41,160.43,159.53,159.62,242475.13
1785372300000,159.34,159.55,158.99,158.99,116129.34
1785373200000,159.53,160.38,159.48,159.72,332508.94
1785374100000,159.52,160.31,159.45,160.31,78412.74
1785375000000,160.37,161.11,160.35,160.95,362166.93
1785375900000,160.95,161.63,160.83,161.0,377747.74
1785376800000,161.09,161.39,160.99,160.99,165227.36
1785377700000,161.21,161.21,160.96,160.96,76997.85
1785378600000,160.78,160.78,160.37,160.51,67099.79
1785379500000,160.67,160.9,160.22,160.22,284506.51
1785380400000,160.27,160.33,160.11,160.29,92299.99
1785381300000,160.51,160.61,160.39,160.61,118748.82
1785382200000,160.37,160.37,160.19,160.19,1281.95
1785383100000,160.59,160.89,160.2,160.31,488526.75
1785384000000,160.43,160.43,160.03,160.03,10567.47
1785384900000,160.09,160.4,160.05,160.31,51594.04
1785385800000,160.2,160.47,160.08,160.08,267870.28
1785386700000,160.18,160.18,160.0,160.0,53171.85
1785387600000,159.83,159.95,159.77,159.92,44616.44
1785388500000,159.95,160.24,159.92,160.0,55198.4
1785389400000,160.4,160.53,160.27,160.45,57586.31
1785390300000,160.49,160.69,159.99,159.99,51815.56
1785391200000,160.11,160.56,160.11,160.54,158959.0
1785392100000,160.22,160.43,160.2,160.43,74859.12
1785393000000,160.4,160.4,160.15,160.16,91325.75
1785393900000,160.1,160.18,159.81,159.92,278749.11
1785394800000,160.17,160.79,160.17,160.48,255966.53
1785395700000,160.42,160.5,160.41,160.5,21822.61
1785396600000,160.01,160.28,159.82,160.28,149466.69
1785397500000,160.18,160.19,159.97,159.97,77649.31
1785398400000,159.751,160.71,159.751,160.71,3255365.30118128
1785399300000,160.71,162.015,160.71,162.015,481078.37641916
1785400200000,162.015,162.015,160.721,161.096,695190.10487174
1785401100000,161.1,161.5,161.1,161.5,259900.76913036
1785402000000,161.5,161.925,161.445,161.925,393077.69
1785402900000,161.928,162.205,161.755,162.205,201493.7746348
1785403800000,162.205,162.205,162.205,162.205,99328.80886304
1785404700000,162.205,162.205,161.56,161.56,253820.85815036
1785405600000,161.56,161.885,161.061,161.294,724530.9976
1785406500000,161.294,162.075,161.294,162.075,639522.19171649
1785407400000,162.075,162.565,162.075,162.495,461209.40631275
1785408300000,162.495,162.54,162.165,162.54,1313084.7314
1785409200000,162.54,163.022,162.305,162.55,973713.74217396
1785410100000,162.55,162.684,162.33,162.53,1403509.3847038867
1785411000000,162.53,162.69,162.3,162.301,1428238.07139433
1785411900000,162.301,162.495,162.3,162.301,696648.39921283
1785412800000,162.3,162.5,162.075,162.401,1291354.91128137
1785413700000,162.4,162.49,162.044,162.059,942397.5387755
1785414600000,162.06,162.649,161.824,162.001,1344872.2672174976
1785415500000,162.0,162.8,162.0,162.3,2667928.485705416
1785416400000,162.74,163.023,162.301,162.91,943502.13427045
1785417300000,162.01,162.896,161.013,161.46,2968954.7914
1785418200000,160.39,163.51,159.588,163.19,84443203.50699118
1785419100000,163.65,164.77,163.19,163.57,53899217.15227196
1785420000000,163.59,163.736,159.99,160.086,69670771.12910676
1785420900000,159.89,161.52,159.34,161.46,65984113.81851362
1785421800000,160.38,162.364,160.38,160.7,40109067.41264669
1785422700000,160.64,161.5,160.0,161.35,48178683.75654616
1785423600000,161.244,161.75,159.77,159.88,37813669.76786784
1785424500000,159.879,161.5,159.787,160.613,21898197.020731125
1785425400000,160.621,162.124,160.565,161.874,27556951.268404875
1785426300000,161.72,161.985,161.388,161.55,18313149.94156876
1785427200000,161.67,163.025,161.652,162.4,22688723.59761033
1785428100000,162.395,163.109,162.33,163.08,19781168.33241352
1785429000000,162.95,163.65,161.958,161.958,37370591.55093548
1785429900000,162.01,163.398,161.916,163.38,13979468.01646265
1785430800000,163.44,163.51,162.92,163.345,20304337.66366886
1785431700000,163.23,163.74,163.187,163.52,15715196.22313791
1785432600000,163.381,163.733,163.023,163.289,20590485.00578363
1785433500000,163.283,163.491,162.844,162.881,19856882.84020573
1785434400000,162.879,163.14,161.802,162.353,27107836.33666837
1785435300000,162.39,162.75,162.098,162.55,19436942.4567637
1785436200000,162.77,162.919,162.08,162.08,11445674.93697998
1785437100000,162.35,162.599,162.02,162.53,14269277.24357441
1785438000000,162.551,163.904,162.484,163.869,30757117.63175385
1785438900000,163.75,164.283,163.33,164.19,35146158.45774673
1785439800000,163.86,164.28,163.63,164.21,35518584.99031806
1785440700000,163.71,163.77,163.5,163.5,110436995.62111828
1785441600000,163.514,164.534,153.502,153.523,267752724.34934705
1785442500000,153.569,156.051,152.99,154.211,70610541.01440309
1785443400000,154.37,156.55,154.098,156.55,15603183.25833013
1785444300000,155.0,155.893,153.74,153.74,9969056.72626153
1785445200000,154.01,154.772,153.891,154.01,5156750.61482855
1785446100000,153.31,154.015,151.37,151.99,20538411.71260773
1785447000000,152.6,153.449,152.577,152.887,7960405.75753477
1785447900000,152.886,153.875,152.885,153.736,2343901.04510001
1785448800000,153.86,154.373,153.744,153.86,7885921.18207346
1785449700000,154.84,154.921,154.325,154.81,4243884.29683861
1785450600000,154.853,154.941,154.507,154.875,2779382.286218985
1785451500000,154.875,155.35,154.875,155.225,1329920.86315992
1785452400000,155.41,155.5,154.903,154.99,1520575.35761137
1785453300000,155.125,155.392,154.992,154.992,528745.77300655
1785454200000,154.991,155.306,154.99,155.138,2097987.437172
1785455100000,155.34,155.582,155.1,155.34,1139145.73627009
1785456000000,155.39,155.85,154.26,155.73,3877.5
1785456900000,155.73,155.86,155.56,155.61,246660.11
1785457800000,155.67,155.76,155.6,155.7,104599.98
1785458700000,155.62,156.01,155.6,155.98,213631.79
1785459600000,156.01,156.33,155.26,156.2,1355343.13
1785460500000,156.19,156.61,156.05,156.39,365977.8
1785461400000,156.41,156.42,155.56,155.71,723938.87
1785462300000,155.9,155.97,155.13,155.43,927668.21
1785463200000,155.57,155.6,155.25,155.45,331622.82
1785464100000,155.51,155.51,155.2,155.29,98796.21
1785465000000,155.16,155.39,154.88,155.08,543755.45
1785465900000,155.08,155.25,155.08,155.17,435264.39
1785466800000,155.16,155.2,154.96,154.96,96795.77
1785467700000,155.14,155.83,155.14,155.63,84128.68
1785468600000,155.78,155.78,155.5,155.58,126822.81
1785469500000,155.6,155.8,155.59,155.59,259842.31
1785470400000,155.59,155.64,155.4,155.47,67958.13
1785471300000,155.45,155.45,155.15,155.37,203166.46
1785472200000,155.39,155.39,155.03,155.19,100161.89
1785473100000,155.29,155.39,155.15,155.36,111701.19
1785474000000,155.4,155.73,155.39,155.66,377597.57
1785474900000,155.66,155.66,155.49,155.49,121510.61
1785475800000,155.61,155.73,155.32,155.46,122316.35
1785476700000,155.46,155.79,155.46,155.72,52943.14
1785477600000,155.79,156.19,155.79,156.19,185572.03
1785478500000,156.19,156.2,155.99,156.04,159660.24
1785479400000,156.02,156.16,155.44,155.45,182573.08
1785480300000,155.51,155.75,155.51,155.73,141493.36
1785481200000,155.73,156.11,155.7,156.06,383147.34
1785482100000,156.01,156.15,155.88,155.97,422576.24
1785483000000,156.02,156.11,155.95,156.11,49463.67
1785483900000,156.04,156.1,155.91,155.91,48993.41
1785484800000,155.74,156.398,155.1,155.74,5884950.045322
1785485700000,156.399,156.989,156.399,156.989,817861.75943712
1785486600000,156.99,157.228,156.69,156.846,1749657.13358114
1785487500000,156.845,156.985,156.46,156.46,674930.63330241
1785488400000,156.46,156.69,156.2,156.69,673590.24000583
1785489300000,156.69,156.95,156.551,156.95,2144466.15300751
1785490200000,156.95,156.95,156.33,156.33,2293867.11584457
1785491100000,156.33,156.33,155.211,155.211,931171.46137968
1785492000000,154.24,156.205,154.24,154.24,2919118.9434683
1785492900000,155.02,155.949,155.02,155.1,1370740.64576465
1785493800000,155.125,155.125,154.485,154.485,1895639.05157033
1785494700000,154.52,154.75,154.485,154.75,530128.54487876
1785495600000,154.23,155.379,154.004,154.02,4643934.57875845
1785496500000,155.24,155.433,154.722,155.24,3230277.19013053
1785497400000,155.41,155.668,155.251,155.44,1425852.97849007
1785498300000,155.04,155.65,154.65,155.04,1553753.92840832
1785499200000,153.49,154.755,153.05,153.05,6587626.23294911
1785500100000,153.219,153.852,152.928,153.445,3495319.61011983
1785501000000,153.5,153.75,152.954,153.16,3535407.90135387
1785501900000,152.91,153.762,152.838,152.99,5212764.79386756
1785502800000,153.47,154.332,153.47,154.1,2499637.00361825
1785503700000,155.28,155.389,153.101,155.28,8192418.24556536
1785504600000,152.78,153.47,144.79,146.77,374918853.1626965
1785505500000,146.51,146.92,142.5,142.86,182053043.14480558
1785506400000,142.804,143.49,139.72,140.113,251473935.10042185
1785507300000,140.14,141.53,139.12,140.355,137167551.46369871
1785508200000,140.66,140.91,140.11,140.61,85872109.43434758
1785509100000,140.51,142.57,140.27,142.295,115741362.14694814
1785510000000,142.297,142.67,140.0,140.44,147611452.47789475
1785510900000,140.37,141.032,139.94,140.08,87237640.83572608
1785511800000,140.08,141.5,139.85,141.38,81411572.6928315
1785512700000,141.442,141.904,140.23,141.489,60015106.83537363
1785513600000,141.39,143.1,141.37,142.439,69021919.75447196
1785514500000,142.425,143.71,142.17,143.59,62068607.28378806
1785515400000,143.67,144.34,143.516,143.63,54455182.05944797
1785516300000,143.642,144.31,143.6,144.083,54219601.18121092
1785517200000,144.06,146.312,144.05,146.3,88112889.69613962
1785518100000,146.28,147.0,145.72,146.96,63926285.48898679
1785519000000,146.915,148.14,146.71,147.48,65970543.54755048
1785519900000,147.311,148.565,146.91,147.939,65812436.91587998
1785520800000,147.92,149.29,147.92,148.46,63542497.20756623
1785521700000,148.44,150.245,148.24,149.89,74786203.8170855
1785522600000,149.735,150.25,149.02,150.03,85496952.40059984
1785523500000,150.131,151.01,149.74,150.447,69600029.49634713
1785524400000,150.446,151.6,150.446,150.932,78623434.63694412
1785525300000,150.939,151.33,150.28,150.828,74804174.20031977
1785526200000,150.31,150.86,149.244,149.51,93041252.44095825
1785527100000,149.515,149.68,146.06,146.265,280037209.9411873
1785528000000,145.21,146.543,144.502,146.2,222019088.0643427
1785528900000,145.99,146.79,145.946,145.99,3545241.02350382
1785529800000,146.29,146.705,146.212,146.29,2859245.92849804
1785530700000,146.676,146.7,146.194,146.198,2785797.0832054
1785531600000,146.199,146.34,145.95,146.2,2302509.05645688
1785532500000,146.26,146.31,146.0,146.26,559427.47539786
1785533400000,146.13,146.424,146.13,146.423,428462.479701252
1785534300000,146.424,146.425,145.725,145.933,1110172.127084
1785535200000,145.74,146.017,145.5,145.74,589876.40277512
1785536100000,145.784,145.85,145.642,145.679,630293.01985846
1785537000000,145.678,146.325,145.675,146.325,2689094.54372128
1785537900000,146.325,146.325,146.3,146.3,417512.90673484
1785538800000,146.3,146.3,145.56,146.14,472670.288
1785539700000,146.14,146.15,145.943,146.0,374854.77079075
1785540600000,146.0,146.133,145.66,145.66,434843.13879955
1785541500000,145.66,145.998,145.609,145.82,745022.3882
1785542400000,145.825,146.21,145.825,146.21,391.845026
1785548700000,146.11,146.11,145.49,145.49,395.644037
1785555000000,145.51,146.25,145.49,146.25,377.620816
1785557700000,146.25,146.25,146.25,146.25,499.9995
1785560400000,146.25,146.25,146.25,146.25,299.988
1785561300000,146.22,146.25,145.74,146.25,225.987783
1785567600000,146.25,146.25,146.25,146.25,989.951625
1785579300000,146.18,146.18,145.45,145.45,155.305597
1785582000000,145.66,145.78,145.66,145.78,20.630496
1785583800000,145.78,146.16,145.78,146.16,163.98455
1785589200000,145.86,146.08,145.22,145.22,1691.837475
1785591900000,145.29,145.29,145.26,145.26,228.0849
1785592800000,145.29,145.95,145.29,145.95,756.590721
1785593700000,145.73,145.79,145.73,145.79,173.213257
1785594600000,145.55,146.19,145.5,146.19,254.311315
1785596400000,146.2,146.25,146.2,146.25,874.28345
1785597300000,146.25,146.25,146.25,146.25,868.28625
1785601800000,146.25,146.25,146.25,146.25,510.4125
1785604500000,146.25,146.25,146.25,146.25,10.998
1785605400000,146.15,146.15,146.15,146.15,10.975865
1785606300000,146.15,146.15,145.43,145.43,579.304299
1785607200000,145.42,145.42,145.36,145.36,702.785321
1785608100000,145.34,145.34,145.09,145.09,1911.424903
1785609000000,145.01,145.01,144.61,144.61,2654.960972
1785609900000,144.58,144.58,144.16,144.16,1884.40235
1785613500000,144.33,144.45,144.33,144.45,144.335796
1785614400000,144.27,144.27,144.24,144.24,349.919688
1785619800000,144.35,144.35,144.35,144.35,128.947855
1785635100000,144.37,144.45,144.37,144.45,221.296697
1785636000000,144.35,144.97,144.35,144.97,3410.1923
1785636900000,145.04,145.25,145.04,145.25,1480.76837
1785638700000,145.34,145.42,145.34,145.42,689.652405
1785639600000,145.42,145.84,145.42,145.84,690.744148
1785640500000,144.77,146.34,144.52,146.14,3013.427026
1785643200000,146.18,146.18,146.18,146.18,173.164828
1785644100000,146.18,146.56,146.18,146.56,1725.809618
1785645000000,146.57,146.67,146.57,146.67,867.838184
1785645900000,146.69,146.73,146.69,146.73,347.379934
1785647700000,146.6,146.6,146.6,146.6,160.54166
1785649500000,146.6,146.6,146.6,146.6,13.42856
1785651300000,146.79,146.79,146.66,146.7,246.314654
1785652200000,146.66,146.66,146.66,146.66,31.253246
1785654000000,146.8,146.8,146.8,146.8,173.64972
1785654900000,146.82,146.82,146.82,146.82,173.673378
1785657600000,146.85,146.85,146.85,146.85,83.7045
1785662100000,146.89,146.97,146.89,146.97,532.117667
1785663000000,146.86,146.98,146.86,146.98,65.601442
1785664800000,146.99,146.99,146.99,146.99,34.851329
1785665700000,147.0,147.0,147.0,147.0,34.839
1785666600000,146.87,147.03,146.87,147.03,110.201058
1785670200000,146.91,147.03,146.86,147.03,699.62062
1785673800000,146.86,146.86,146.17,146.17,888.096642
1785675600000,146.53,146.53,146.45,146.45,42.901205
1785681000000,146.45,146.45,146.45,146.45,109.51531
1785681900000,146.98,146.98,146.98,146.98,99.990494
1785682800000,146.94,146.94,146.94,146.94,25.317762
1785689100000,146.82,146.93,146.81,146.92,71.394132
1785690000000,146.94,146.94,146.94,146.94,10.006614
1785708000000,146.41,146.41,146.35,146.35,590.069529
1785713400000,146.33,146.33,145.58,145.58,443.500607
1785715200000,148.68,148.99,147.49,148.49,1309719.99
1785716100000,148.41,148.5,147.66,147.93,703088.49
1785717000000,147.78,148.27,147.78,148.09,470477.26
1785717900000,148.09,148.18,147.81,148.17,223242.54
1785718800000,148.19,148.21,147.52,147.6,725184.18
1785719700000,147.6,147.81,147.54,147.81,75292.03
1785720600000,147.8,147.85,147.5,147.85,190527.1
1785721500000,147.85,147.96,147.76,147.94,30599.14
1785722400000,147.84,148.06,147.7,147.7,271227.7
1785723300000,148.01,148.09,147.78,147.86,102106.14
1785724200000,147.85,148.07,147.72,147.89,157076.39
1785725100000,147.9,148.1,147.71,147.71,861076.77
1785726000000,147.75,147.8,147.67,147.8,94554.26
1785726900000,147.79,147.79,147.6,147.69,302752.39
1785727800000,147.7,147.76,147.26,147.57,612574.82
1785728700000,147.41,147.5,147.17,147.32,575198.81
1785729600000,147.3,147.49,147.07,147.4,295464.03
1785730500000,147.38,147.39,147.28,147.39,122312.29
1785731400000,147.39,147.39,147.3,147.32,235724.03
1785732300000,147.28,147.28,147.0,147.01,117591.97
1785733200000,146.99,147.21,146.81,147.13,97026.86
1785734100000,147.0,147.0,146.81,146.89,79329.37
1785735000000,146.86,147.28,146.69,146.89,361523.52
1785735900000,146.88,147.2,146.88,147.2,166906.85
1785736800000,146.99,147.08,146.89,146.89,237439.97
1785737700000,146.89,146.9,146.68,146.69,110194.28
1785738600000,146.78,146.87,146.36,146.36,101350.51
1785739500000,146.37,146.57,146.26,146.27,176642.27
1785740400000,146.33,146.5,146.15,146.5,224481.96
1785741300000,146.49,146.76,146.29,146.36,331625.68
1785742200000,146.38,146.59,146.31,146.37,173362.12
1785743100000,146.32,146.63,146.21,146.3,278452.39
1785744000000,145.849,146.758,145.849,146.25,6933839.08287347
1785744900000,146.25,146.25,144.585,144.82,1881660.8190628325
1785745800000,144.821,145.325,144.821,145.325,530582.75143738
1785746700000,145.325,145.96,145.26,145.71,334150.61057314
1785747600000,145.71,145.75,145.5,145.5,241306.615704
1785748500000,145.5,145.702,145.5,145.65,377960.048862
1785749400000,145.65,145.65,143.547,143.922,3878792.31043582
1785750300000,143.921,144.99,143.921,144.99,924285.82222063
1785751200000,144.45,144.99,143.605,144.45,2243242.26290273
1785752100000,144.395,144.765,144.395,144.48,715693.2093481
1785753000000,144.48,144.48,144.23,144.23,493289.01514317
1785753900000,144.23,144.645,143.91,144.645,370047.33398649
1785754800000,144.39,145.194,144.203,144.39,1156624.48790017
1785755700000,144.827,145.35,144.827,144.939,1329759.3932497
1785756600000,144.937,145.3,144.805,145.075,717757.79657119
1785757500000,145.083,145.256,143.764,144.006,2607535.74576353
1785758400000,144.06,144.067,143.67,143.91,2744000.12924332
1785759300000,143.8,144.5,143.752,144.1,1791828.90626
1785760200000,144.35,144.367,143.801,144.35,1433316.58904199
1785761100000,144.371,144.536,144.222,144.265,1386653.5261
1785762000000,144.265,144.69,144.258,144.315,837835.91470254
1785762900000,144.99,145.234,143.882,144.99,3831001.33861251
1785763800000,144.155,144.95,141.19,142.64,133174872.80790973
1785764700000,142.21,147.17,141.463,146.65,90157391.88439603
1785765600000,146.574,146.77,144.688,145.524,82945137.44893542
1785766500000,145.43,147.56,145.354,147.53,64546055.42640263
1785767400000,147.32,149.17,147.161,148.68,62340859.3450908
1785768300000,148.52,149.91,148.443,149.91,36991485.0768627
1785769200000,149.78,150.203,147.371,148.336,54486351.5984052
1785770100000,148.334,149.206,148.274,148.385,36951755.473031074
1785771000000,148.53,149.595,148.381,149.0,35507793.96225544
1785771900000,148.995,149.437,148.83,149.16,22179330.17318129
1785772800000,148.965,149.371,148.551,149.09,21449287.29324952
1785773700000,149.085,150.745,148.947,150.675,47324179.36265526
1785774600000,150.688,150.7,149.383,149.975,29704413.56777925
1785775500000,150.12,151.17,149.812,151.17,23002886.19839661
1785776400000,151.065,151.322,150.32,151.28,21792040.97786222
1785777300000,151.36,152.289,151.292,151.728,43203542.50647618
1785778200000,151.727,152.018,151.227,151.352,36738655.9399315
1785779100000,151.357,152.2,151.357,152.129,30942865.38938861
1785780000000,152.04,152.377,151.791,152.24,28858721.83763281
1785780900000,152.305,152.326,150.798,150.93,27442481.56839511
1785781800000,150.83,150.92,150.075,150.295,32294276.581268903
1785782700000,150.293,151.072,150.139,150.65,26361641.42948395
1785783600000,150.84,151.157,150.137,150.41,28037416.21616112
1785784500000,150.07,150.502,149.53,150.4,33097704.28748087
1785785400000,150.39,150.831,148.473,148.79,75097367.27678923
1785786300000,148.787,149.07,146.46,146.562,202548736.68350315
1785787200000,146.55,147.487,146.213,147.05,90165398.40347648
1785788100000,147.025,147.296,146.901,147.25,2030556.84404893
1785789000000,147.39,147.499,147.189,147.39,2367220.71706762
1785789900000,147.8,147.925,147.439,147.8,4191045.35650243
1785790800000,147.5,147.805,147.5,147.721,850644.7745
1785791700000,147.716,148.099,147.695,148.099,390142.104
1785792600000,148.1,148.124,147.759,148.124,711270.09595772
1785793500000,148.125,148.125,147.95,147.95,390637.04523992
1785794400000,147.957,147.99,147.3,147.693,1186391.3601
1785795300000,147.694,147.875,147.601,147.7,383780.0068
1785796200000,147.7,147.875,147.6,147.7,228840.86514569
1785797100000,147.7,147.895,147.7,147.895,214396.432404
1785798000000,147.895,147.944,147.513,147.699,306190.1015
1785798900000,147.7,147.775,147.7,147.702,101826.025485
1785799800000,147.71,147.799,147.626,147.71,484615.41376631
1785800700000,147.7,147.7,147.608,147.7,746766.71089079
1785801600000,147.4,148.09,147.32,147.69,362717.85
1785802500000,147.7,147.88,147.31,147.31,63768.54
1785803400000,147.48,147.48,147.08,147.44,527949.44
1785804300000,147.23,147.51,146.99,146.99,279612.79
1785805200000,147.06,147.51,146.87,147.3,312093.28
1785806100000,147.32,147.5,147.2,147.36,117233.18
1785807000000,147.61,148.19,147.61,148.04,97247.71
1785807900000,148.15,148.51,147.99,148.21,271834.04
1785808800000,148.21,148.46,148.13,148.25,134561.86
1785809700000,148.42,148.42,147.91,148.18,142476.78
1785810600000,148.16,148.47,148.13,148.18,41801.75
1785811500000,148.21,148.45,148.11,148.36,94716.89
1785812400000,148.35,148.35,147.76,147.76,77306.57
1785813300000,147.8,148.15,147.66,148.15,196393.42
1785814200000,148.15,148.33,148.14,148.26,55456.67
1785815100000,148.25,148.32,148.14,148.16,133991.98
1785816000000,148.17,148.36,147.95,147.99,82317.03
1785816900000,148.01,148.31,147.93,148.23,70483.15
1785817800000,148.28,148.68,148.27,148.53,158201.14
1785818700000,148.56,149.02,148.56,148.97,228259.46
1785819600000,148.69,148.71,148.35,148.51,78564.51
1785820500000,148.43,148.52,148.43,148.51,25683.49
1785821400000,148.49,148.55,148.36,148.55,128264.26
1785822300000,148.5,148.5,148.44,148.45,45879.09
1785823200000,148.45,148.65,148.38,148.64,194503.08
1785824100000,148.49,148.51,148.47,148.5,16779.03
1785825000000,148.46,148.46,148.0,148.09,62422.91
1785825900000,148.03,148.09,147.9,148.09,188385.52
1785826800000,147.98,148.06,147.49,147.76,818700.65
1785827700000,147.55,147.78,147.28,147.51,492636.93
1785828600000,147.54,147.73,147.38,147.6,592635.42
1785829500000,147.71,148.02,147.66,147.8,378237.68
1785830400000,147.86,148.519,147.7,147.86,7420822.10984144
1785831300000,147.801,147.959,147.52,147.596,321378.02425891
1785832200000,147.595,147.66,147.54,147.66,421891.63229877
1785833100000,147.66,147.9,147.501,147.501,155528.1
1785834000000,147.496,147.496,147.015,147.015,469964.45250924
1785834900000,147.015,147.015,146.42,146.625,1371475.68693142
1785835800000,146.625,147.404,146.56,147.404,888019.4237
1785836700000,147.405,147.405,146.88,146.975,202814.40151089
1785837600000,146.975,147.24,146.961,147.24,44833.40731133
1785838500000,147.195,147.195,146.38,147.095,830651.86509207
1785839400000,147.095,147.095,146.2,146.895,737991.68020194
1785840300000,146.895,147.394,146.872,147.295,374609.33
1785841200000,147.295,147.402,147.0,147.235,609379.669348
1785842100000,147.235,147.4,147.201,147.35,829514.4351
1785843000000,147.35,147.695,147.127,147.695,2773457.51117478
1785843900000,147.748,148.0,147.576,147.962,1944731.3066103533
1785844800000,147.52,147.931,147.52,147.52,659170.90069125
1785845700000,147.7,147.7,147.395,147.53,1463738.26647873
1785846600000,147.53,147.94,147.501,147.908,1099439.9828455
1785847500000,147.909,147.975,147.546,147.808,1072298.60880163
1785848400000,147.809,147.81,147.479,147.487,2160890.4164697905
1785849300000,147.21,147.835,147.024,147.21,2828989.8349292
1785850200000,147.36,151.79,146.91,149.19,87583810.9650476
1785851100000,149.0,149.112,145.7,146.16,73932788.52022187
1785852000000,145.989,147.37,145.989,146.806,80233624.37963884
1785852900000,146.805,147.67,146.23,147.584,53436735.18144849
1785853800000,147.78,149.39,147.458,149.125,48706905.53211773
1785854700000,149.285,149.67,148.825,149.375,27093070.43387861
1785855600000,149.44,150.035,148.89,149.275,28743094.69295439
1785856500000,149.296,149.414,148.892,149.239,30352230.06085604
1785857400000,149.239,150.838,148.45,150.838,41530934.48085548
1785858300000,150.85,151.76,150.599,151.71,46666648.3078377
1785859200000,151.77,151.884,151.147,151.2,40732433.80509757
1785860100000,151.189,151.88,150.99,151.068,28489734.079198863
1785861000000,151.058,151.176,149.341,149.81,36953248.14906525
1785861900000,149.81,150.284,149.662,150.282,23243557.204559192
1785862800000,150.425,150.833,150.282,150.51,18818755.67627512
1785863700000,150.575,151.507,150.188,151.49,19532831.78887465
1785864600000,151.499,151.687,151.15,151.327,21276157.677726965
1785865500000,151.334,151.608,150.402,150.936,33395234.623762008
1785866400000,151.0,151.725,150.927,151.54,14596196.59049705
1785867300000,151.72,151.794,150.99,151.3,19480817.45096972
1785868200000,151.3,151.567,150.643,150.873,21645790.86641127
1785869100000,150.875,151.73,150.875,151.679,20318179.532430436
1785870000000,151.679,152.245,151.61,151.906,38101019.778439045
1785870900000,151.99,152.015,151.15,151.25,25879972.91574961
1785871800000,151.254,152.766,151.199,152.748,39997895.49562067
1785872700000,152.743,152.856,150.71,150.71,106138055.54933423
1785873600000,150.796,150.941,149.979,150.267,136863767.05743492
1785874500000,150.264,150.715,149.71,150.366,1893559.2441219536
1785875400000,150.365,151.375,150.365,150.902,2516603.24283918
1785876300000,150.918,151.436,150.75,150.75,552892.776
1785877200000,150.75,151.01,150.605,150.93,3902511.449599
1785878100000,150.88,150.88,150.0,150.441,238242.7138
1785879000000,150.44,150.815,150.44,150.44,1286536.3345032
1785879900000,150.44,150.69,150.44,150.6,184950.16287642
1785880800000,150.6,150.817,150.6,150.817,257831.9776967
1785881700000,150.82,151.048,150.692,151.048,127451.57450416
1785882600000,151.049,151.189,150.751,150.965,211365.14
1785883500000,150.965,150.965,150.85,150.85,258555.13070828
1785884400000,150.85,151.125,150.85,151.125,282394.64980347
1785885300000,151.135,151.274,150.877,151.035,338030.1803672
1785886200000,151.035,151.288,150.965,151.113,290618.56904669
1785887100000,151.112,151.112,150.852,150.875,1035344.1665
1785888000000,150.98,151.02,150.6,150.75,112204.53
1785888900000,150.74,150.97,150.71,150.94,84039.84
1785889800000,150.99,151.81,150.83,151.0,275663.89
1785890700000,151.02,151.02,150.59,150.68,118446.62
1785891600000,150.59,150.63,150.25,150.48,602571.23
1785892500000,150.41,150.67,150.39,150.67,47709.26
1785893400000,150.78,151.26,150.78,151.26,142059.98
1785894300000,151.23,151.58,151.15,151.29,118597.46
1785895200000,151.37,151.97,151.37,151.87,280801.3
1785896100000,151.7,152.04,151.49,151.94,349034.92
1785897000000,151.7,151.7,151.52,151.52,184072.6
1785897900000,151.81,151.81,151.81,151.81,151.81
1785898800000,151.6,152.23,151.6,152.06,207130.86
1785899700000,151.97,151.97,151.36,151.51,216780.22
1785900600000,151.48,151.53,151.11,151.53,65825.62
1785901500000,151.54,151.62,151.54,151.62,16675.0
1785902400000,151.65,151.72,151.61,151.61,32758.34
1785903300000,151.55,151.65,151.44,151.65,50175.01
1785904200000,151.71,151.74,151.65,151.65,14715.56
1785905100000,151.75,151.91,151.66,151.91,88324.82
1785906000000,151.71,152.09,151.71,152.08,52734.94
1785906900000,152.11,152.51,152.09,152.5,18125.18
1785907800000,152.49,152.49,152.19,152.41,137294.97
1785908700000,152.51,152.6,152.33,152.33,221263.9
1785909600000,152.46,152.58,152.38,152.51,341155.92
1785910500000,152.51,152.51,152.17,152.36,117249.5
1785911400000,152.35,152.54,152.32,152.53,120660.0
1785912300000,152.52,152.52,152.21,152.39,168303.62
1785913200000,152.44,152.45,151.92,151.99,137500.38
1785914100000,151.93,152.0,151.63,151.63,173698.0
1785915000000,151.74,151.89,151.68,151.75,132032.0
1785915900000,151.68,151.94,151.61,151.78,61003.32
1785916800000,151.069,152.201,151.069,151.505,5056807.603700642
1785917700000,151.505,151.738,150.831,151.217,479254.01123934
1785918600000,151.208,151.208,150.97,150.97,463660.19405241
1785919500000,150.97,150.97,150.97,150.97,317797.09213131
1785920400000,150.97,150.97,150.97,150.97,83738.31974976
1785921300000,150.97,150.97,150.97,150.97,102568.595284
1785922200000,150.97,150.97,150.97,150.97,180107.21
1785923100000,150.97,150.97,150.81,150.81,164615.37031434
1785924000000,150.81,150.81,150.81,150.81,643720.04347662
1785924900000,150.81,154.284,150.81,153.806,2991379.70058079
1785925800000,153.837,154.157,152.97,152.97,2871137.10169444
1785926700000,152.75,153.25,152.075,152.99,2433787.33271433
1785927600000,153.21,153.599,152.77,153.23,1160748.51048
1785928500000,153.301,153.301,152.642,152.719,1197012.81041123
1785929400000,152.716,152.875,152.05,152.205,1029814.97483414
1785930300000,152.196,152.196,151.261,151.603,4493349.450089295
1785931200000,152.31,152.383,151.501,152.31,1342888.94336389
1785932100000,152.88,153.349,151.95,152.88,3296253.228012
1785933000000,153.2,153.329,151.121,153.2,6637184.89975599
1785933900000,151.6,151.905,151.276,151.6,1497853.51714167
1785934800000,151.27,151.44,150.623,150.623,1628644.2743278272
1785935700000,150.52,151.147,150.455,150.52,4421121.24888404
1785936600000,150.7,151.549,147.88,151.5,93144632.42947747
1785937500000,151.8,153.96,150.99,153.01,62453489.53981675
1785938400000,152.835,153.164,151.493,152.87,40372224.80297927
1785939300000,151.457,151.457,151.433,151.433,38221948.10235236
1785940200000,150.999,151.053,150.801,150.813,0.0
1785941100000,150.89,151.31,149.616,150.47,23693145.79873902
1785942000000,150.45,151.071,150.345,150.375,25247693.85548427
1785942900000,150.36,150.41,149.59,150.25,20993333.702056
1785943800000,150.161,150.472,149.673,149.758,19550838.30514486
1785944700000,149.764,149.972,148.99,149.479,20580861.056520283
1785945600000,149.47,151.15,149.465,151.15,29309860.93730649
1785946500000,151.08,151.895,150.965,151.895,24957219.05558179
1785947400000,151.9,151.9,151.138,151.18,13321810.19159584
1785948300000,151.04,151.44,150.937,150.95,14502823.1038971
1785949200000,151.047,151.23,150.147,150.416,23530187.126452357
1785950100000,150.72,151.74,150.325,151.74,21915134.81652529
1785951000000,151.66,152.773,151.561,152.46,26176449.8944107
1785951900000,152.46,153.071,152.239,152.36,18249455.53988279
1785952800000,152.295,152.388,151.365,152.38,29617626.80943894
1785953700000,152.344,152.48,151.48,151.717,17607435.293042846
1785954600000,151.716,151.716,151.209,151.46,19859510.695858743
1785955500000,151.54,151.578,149.65,150.04,25156924.1179249
1785956400000,150.09,151.359,150.051,151.33,17382157.32637879
1785957300000,151.365,152.174,150.81,152.095,18466825.65403942
1785958200000,152.071,152.44,151.34,151.455,39092711.45825224
1785959100000,151.456,151.458,149.785,149.854,134072431.64839885
1785960000000,149.851,150.283,149.263,150.145,170633247.11881343
1785960900000,150.145,150.145,149.595,149.948,3899705.80446114
1785961800000,150.01,150.236,149.84,150.01,943085.28712518
1785962700000,150.066,150.075,149.8,149.835,2819227.48539782
1785963600000,149.835,149.85,149.7,149.717,433451.26613744
1785964500000,149.723,149.914,149.51,149.706,214937.821694
1785965400000,149.704,149.915,149.7,149.7,505812.03708769
1785966300000,149.55,149.799,149.526,149.55,359796.23753254
1785967200000,149.595,149.874,149.595,149.805,159654.47120817
1785968100000,149.809,150.03,149.806,150.03,1076480.83537822
1785969000000,150.03,150.152,150.03,150.15,217246.69081834
1785969900000,150.15,150.15,149.936,149.936,198446.89376052
1785970800000,149.935,150.098,149.761,150.03,153542.656
1785971700000,150.03,150.1,150.0,150.1,78631.03746
1785972600000,150.1,150.2,150.03,150.032,719767.1744285034
1785973500000,150.031,150.146,149.89,150.113,116448.508689
1785974400000,150.11,150.59,149.64,150.15,460039.28
1785975300000,150.11,150.15,150.01,150.01,23416.57
1785976200000,150.01,150.06,149.76,149.77,242280.87
1785977100000,149.81,149.84,149.74,149.77,246250.66
1785978000000,149.74,149.74,149.61,149.64,44746.93
1785978900000,149.63,149.63,149.14,149.21,109094.7
1785979800000,149.29,149.56,149.29,149.4,80700.68
1785980700000,149.51,149.88,149.51,149.74,115464.58
1785981600000,149.61,150.18,149.58,150.16,112140.15
1785982500000,149.97,149.98,149.57,149.91,51956.41
1785983400000,149.89,150.11,149.89,150.05,42153.45
1785984300000,150.19,150.19,150.16,150.17,44751.95
1785985200000,150.02,150.02,149.89,149.89,113247.07
1785986100000,149.98,149.98,149.89,149.9,2249.29
1785987000000,149.88,150.04,149.82,149.82,14246.7
1785987900000,149.9,150.0,149.71,150.0,68781.1
1785988800000,149.89,150.09,149.8,150.09,96102.81
1785989700000,150.06,150.33,150.06,150.28,80228.33
1785990600000,150.43,150.6,150.08,150.08,109591.77
1785991500000,150.16,150.49,150.13,150.49,62184.65
1785992400000,150.46,150.93,150.41,150.83,170756.59
1785993300000,150.8,150.97,150.73,150.77,41777.89
1785994200000,150.66,150.66,150.52,150.53,10690.6
1785995100000,150.52,150.67,150.4,150.62,68069.44
1785996000000,150.71,150.71,150.11,150.11,126076.97
1785996900000,150.18,150.42,150.08,150.39,34122.62
1785997800000,150.3,150.3,150.3,150.3,4509.0
1785998700000,150.31,150.54,150.3,150.43,72033.63
1785999600000,150.41,150.66,150.41,150.66,203745.58
1786000500000,150.67,150.82,150.67,150.67,40399.59
1786001400000,150.44,150.49,150.02,150.06,202599.78
1786002300000,150.2,150.2,150.1,150.15,15314.96
1786003200000,150.224,150.628,150.035,150.155,2662209.93152541
1786004100000,150.155,150.547,149.775,150.547,316316.63178033
1786005000000,150.548,151.159,150.548,150.79,215327.2895966
1786005900000,150.79,151.294,150.76,150.76,252127.44143877
1786006800000,150.76,151.419,150.126,150.126,260734.41683655
1786007700000,150.125,150.613,150.125,150.613,140511.49663801
1786008600000,150.614,150.615,150.614,150.615,205877.68237526
1786009500000,150.615,150.615,150.615,150.615,131809.0996449
1786010400000,150.615,150.615,150.615,150.615,249149.67340649
1786011300000,150.615,150.9,150.615,150.9,41414.70962419
1786012200000,150.9,150.9,150.185,150.782,41298.97207832
1786013100000,150.784,150.785,150.784,150.785,274167.01082308
1786014000000,150.785,150.785,149.438,149.599,2005829.7427627933
1786014900000,149.6,149.8,149.495,149.593,828526.3226704876
1786015800000,149.99,150.625,149.586,149.99,569489.44434437
1786016700000,149.79,150.03,149.601,149.81,603348.70242514
1786017600000,149.6,149.6,148.7,148.75,1071570.21843068
1786018500000,148.96,149.223,148.73,148.91,867213.74649711
1786019400000,148.925,149.133,148.715,148.715,1501866.58040218
1786020300000,148.715,149.07,148.257,148.268,3045107.82980498
1786021200000,147.8,148.644,147.8,147.8,2569860.77334155
1786022100000,147.82,148.234,146.43,146.99,5610151.73519938
1786023000000,146.754,149.199,146.0,148.06,39302112.72311151
1786023900000,147.88,148.908,147.66,147.66,25088337.80605292
1786024800000,147.68,148.52,147.277,148.23,31709205.8190575
1786025700000,148.25,149.565,147.88,147.88,27777834.63503838
1786026600000,148.365,149.881,147.973,149.62,21069262.17283863
1786027500000,149.424,149.541,148.3,149.404,17292725.374725442
1786028400000,149.404,150.56,149.079,149.12,19664695.577723797
1786029300000,149.045,149.548,148.51,148.94,16244955.40317863
1786030200000,149.04,149.186,147.918,148.63,16616521.30629914
1786031100000,148.7,149.384,148.454,148.72,15493357.48282126
1786032000000,148.594,148.707,147.45,147.549,17151155.641455486
1786032900000,147.725,147.925,147.395,147.47,13346708.73408924
1786033800000,147.59,148.162,147.46,147.94,12730022.79283655
1786034700000,147.78,148.274,147.486,148.11,11479065.03633978
1786035600000,148.52,148.822,147.74,147.74,15088273.01470737
1786036500000,147.76,147.873,147.385,147.391,26457635.386133928
1786037400000,147.41,147.735,146.95,146.975,25999691.48604881
1786038300000,146.98,147.292,146.848,147.12,16692566.30361869
1786039200000,147.035,147.606,146.911,147.55,18194598.27829668
1786040100000,147.625,148.753,147.395,147.96,23930876.82906147
1786041000000,147.706,147.738,146.383,146.383,35888498.54127946
1786041900000,146.22,146.622,146.18,146.435,21980819.0089508
1786042800000,146.48,147.125,146.433,146.87,22257271.56666978
1786043700000,146.78,147.453,146.7,147.355,13645199.21833253
1786044600000,147.44,147.44,145.71,145.85,47118472.21342528
1786045500000,145.56,145.59,145.22,145.335,145336892.3458376
1786046400000,145.61,145.948,145.343,145.61,141245326.78461432
1786047300000,145.651,145.999,145.65,145.85,844556.45229456
1786048200000,145.85,145.935,145.756,145.935,546577.98481481
1786049100000,145.935,146.097,145.825,145.905,3841161.73600418
1786050000000,145.921,146.0,145.877,145.934,1155971.9110061107
1786050900000,145.932,146.05,145.902,145.937,449825.49544054
1786051800000,145.91,146.05,145.91,145.91,713079.81096
1786052700000,146.0,146.119,146.0,146.0,890431.76587153
1786053600000,146.26,146.3,146.0,146.26,444935.17679459
1786054500000,146.3,146.399,146.146,146.24,342879.59969273
1786055400000,146.24,146.24,145.965,146.0,554906.65005099
1786056300000,146.0,146.06,145.972,146.06,243234.18326704
1786057200000,146.06,146.135,146.06,146.11,324793.4157
1786058100000,146.11,146.199,146.0,146.11,256221.9198
1786059000000,146.11,146.15,146.0,146.072,242026.18117442
1786059900000,145.97,146.175,145.97,145.97,655666.197567
1786060800000,146.27,146.35,145.79,145.79,146.125
1786061700000,145.5,145.81,145.5,145.71,96294.3
1786062600000,145.67,145.94,145.5,145.87,190332.55
1786063500000,145.83,146.11,145.75,146.11,45991.36
1786064400000,146.1,146.29,145.97,146.06,180920.79
1786065300000,146.0,146.11,145.87,146.09,96949.13
1786066200000,146.22,146.31,146.0,146.0,276012.66
1786067100000,146.27,146.37,146.2,146.26,121995.41
1786068000000,146.44,146.44,145.86,146.0,149523.05
1786068900000,146.47,146.59,146.22,146.23,40542.07
1786069800000,146.13,146.31,146.13,146.2,57439.6
1786070700000,146.2,146.25,146.19,146.25,22517.07
1786071600000,146.2,146.2,146.01,146.16,68229.27
1786072500000,146.17,146.17,146.01,146.01,21627.31
1786073400000,146.18,146.18,146.18,146.18,24850.6
1786074300000,146.17,146.19,145.9,145.9,111118.73
1786075200000,145.9,145.95,145.74,145.86,49726.74
1786076100000,145.93,146.08,145.8,145.8,142151.96
1786077000000,145.95,146.09,145.8,145.9,38951.75
1786077900000,145.89,145.89,145.57,145.76,33515.0
1786078800000,145.78,145.89,145.78,145.89,10354.89
1786079700000,146.03,146.03,145.78,145.78,96682.78
1786080600000,145.82,145.95,145.77,145.95,204690.11
1786081500000,146.01,146.24,146.0,146.0,105039.74
1786082400000,146.14,146.21,146.0,146.21,59880.38
1786083300000,146.2,146.29,146.19,146.27,150032.73
1786084200000,146.33,146.33,146.14,146.14,90836.77
1786085100000,146.15,146.15,146.12,146.14,117788.09
1786086000000,146.13,146.38,146.02,146.38,605494.8
1786086900000,146.36,146.36,146.23,146.32,21064.53
1786087800000,146.3,146.3,146.21,146.21,32753.6
1786088700000,146.28,146.28,145.81,145.81,106171.57
1786089600000,146.125,146.559,146.125,146.559,2933842.4498677
1786090500000,146.54,146.56,146.54,146.54,395861.49087953
1786091400000,146.567,147.125,146.567,147.125,407300.5953744
1786092300000,147.127,147.2,146.88,146.88,493785.161722282
1786093200000,146.85,147.19,146.81,146.81,667715.28051444
1786094100000,147.19,147.6,147.104,147.192,380880.31650679
1786095000000,147.191,147.624,147.19,147.505,213730.43647513
1786095900000,147.505,147.505,147.39,147.39,496802.97571064
1786096800000,147.39,147.39,147.39,147.39,587849.25340818
1786097700000,147.39,147.528,147.271,147.528,836370.48807496
1786098600000,147.529,147.53,147.241,147.525,782159.98457414
1786099500000,147.525,147.525,147.25,147.255,235634.2318098
1786100400000,147.255,147.614,147.255,147.514,2733393.27780458
1786101300000,148.21,148.23,147.461,148.23,2322279.60782089
1786102200000,148.125,148.26,147.948,148.09,1354212.84717831
1786103100000,147.75,148.09,147.701,147.75,1496817.37625008
1786104000000,148.35,148.358,147.725,148.04,1722224.66708042
1786104900000,148.122,148.248,147.904,148.014,2702247.23362236
1786105800000,148.01,149.22,148.007,149.113,5326035.685860455
1786106700000,149.18,149.72,149.069,149.61,6425322.92987792
1786107600000,149.2,149.359,149.101,149.2,2925124.31752097
1786108500000,149.28,149.397,147.9,149.3,9145699.15889209
1786109400000,148.76,150.761,145.62,150.49,149847406.85929602
1786110300000,150.42,151.37,149.0,149.181,2012093.56
1786111200000,148.99,150.315,148.705,148.835,79220161.72248922
1786112100000,148.49,153.36,148.49,153.27,67013159.55557002
1786113000000,153.27,155.24,152.84,154.27,95100303.35542654
1786113900000,154.19,154.83,153.13,153.47,50683222.15537096
1786114800000,153.278,153.311,152.104,152.14,31913046.23806887
1786115700000,152.133,153.147,151.82,151.889,24020604.861076195
1786116600000,151.83,153.04,151.796,152.92,22318323.77632091
1786117500000,152.54,152.735,151.674,151.72,22228228.04692468
1786118400000,151.91,153.487,151.814,153.105,23522438.11983463
1786119300000,152.947,153.018,151.95,152.447,30360467.638709184
1786120200000,152.43,152.724,151.62,152.445,19634230.33071801
1786121100000,152.75,153.201,152.279,152.69,15325446.54824553
1786122000000,152.32,152.546,150.998,151.015,24781977.1519945
1786122900000,151.01,151.519,150.626,151.105,26296325.26898249
1786123800000,151.096,151.514,150.56,151.277,18808798.28649951
1786124700000,151.62,152.245,151.242,152.17,14671274.61291463
1786125600000,152.24,153.7,152.224,152.805,38508579.54988127
1786126500000,152.62,152.879,152.414,152.73,19090790.94668869
1786127400000,152.73,153.184,151.826,152.035,27029211.07498312
1786128300000,151.823,152.255,151.59,152.069,36584381.3323125
1786129200000,152.385,153.601,152.091,153.55,45070832.33654347
1786130100000,153.67,154.132,153.092,153.9,29906834.26130829
1786131000000,154.03,154.13,152.555,153.425,54901021.10546836
1786131900000,153.44,154.02,153.33,153.62,103680894.70020474
1786132800000,153.64,153.825,153.252,153.493,144912657.72831428
1786133700000,153.494,153.57,153.251,153.5,6096376.16114945
1786134600000,154.11,154.11,153.5,154.11,2006903.7464
1786135500000,153.875,154.123,153.851,154.123,4458368.16712317
1786136400000,154.0,154.125,153.807,153.94,9062993.02095692
1786137300000,153.95,154.055,153.95,154.005,617418.8419
1786138200000,154.005,154.124,154.005,154.06,5988326.90448655
1786139100000,154.06,154.06,153.97,154.03,509523.28713573
1786140000000,154.03,154.064,153.896,153.9,404357.51010295
1786140900000,153.9,153.9,153.9,153.9,110798.766
1786141800000,153.9,153.98,153.9,153.98,439340.1865046
1786142700000,153.98,153.98,153.85,153.85,310532.88587552
1786143600000,153.85,153.899,153.81,153.83,213817.4313314
1786144500000,153.83,153.83,153.751,153.751,171042.98905606
1786145400000,153.89,154.0,153.759,153.89,690247.50352361
1786146300000,153.929,154.115,153.866,154.021,1112535.2307
1786152600000,154.06,154.06,154.06,154.06,20.998378
1786158000000,153.83,153.83,153.83,153.83,16.475193
1786158900000,153.83,153.83,153.81,153.81,42.379013
1786159800000,154.06,154.32,154.06,154.32,20.462572
1786172400000,154.33,154.33,154.33,154.33,19.985735
1786178700000,154.33,154.33,154.33,154.33,15.324969
1786181400000,154.33,154.33,154.33,154.33,399.992494
1786188600000,154.35,154.35,154.35,154.35,21.315735
1786194000000,154.22,154.22,154.19,154.19,78.768529
1786194900000,154.19,154.19,154.19,154.19,30.421687
1786210200000,154.19,154.4,154.19,154.4,100.112209
1786211100000,154.43,154.43,154.43,154.43,361.026454
1786215600000,154.44,154.44,154.32,154.32,212.138106
1786258800000,154.44,154.44,154.44,154.44,19.99998
1786282200000,154.44,154.74,154.44,154.74,1427.471766
1786291200000,154.77,154.9,154.77,154.9,9967.0674
1786292100000,154.92,154.95,154.92,154.95,619.463099
1786294800000,155.01,155.01,155.01,155.01,399.987804
1786295700000,154.98,154.98,154.94,154.94,1225.205554
1786296600000,154.88,154.88,154.87,154.87,1319.645757
1786302000000,155.0,155.0,155.0,155.0,19.995
1786312800000,155.0,155.0,155.0,155.0,10.4935
1786314600000,154.87,154.87,154.71,154.87,5553.238418
1786315500000,154.87,154.87,154.74,154.77,713.862793
1786320000000,153.94,155.7,153.88,155.02,1262260.68
1786320900000,155.04,155.08,154.15,154.33,178269.31
1786321800000,154.37,154.47,153.93,154.05,140874.83
1786322700000,154.04,154.48,154.04,154.48,73562.82
1786323600000,154.31,154.56,154.23,154.56,302173.28
1786324500000,154.64,154.77,154.44,154.71,443627.42
1786325400000,154.56,154.56,154.05,154.05,329142.09
1786326300000,154.28,155.02,154.28,154.59,264448.49
1786327200000,154.51,154.59,154.39,154.39,54831.38
1786328100000,154.49,154.49,154.15,154.17,63268.39
1786329000000,154.23,154.6,154.23,154.58,174023.81
1786329900000,154.58,154.79,154.49,154.69,66349.9
1786330800000,154.72,154.81,154.44,154.44,112323.36
1786331700000,154.52,154.71,154.5,154.61,19633.21
1786332600000,154.61,154.61,154.48,154.48,6180.15
1786333500000,154.61,154.61,154.43,154.44,13440.93
1786334400000,154.49,154.65,154.48,154.61,46524.39
1786335300000,154.61,154.73,154.58,154.58,10365.0
1786336200000,154.58,154.64,154.35,154.41,33980.13
1786337100000,154.59,154.62,154.49,154.49,159875.28
1786338000000,154.61,154.85,154.61,154.84,98444.17
1786338900000,154.69,154.69,154.61,154.61,19328.37
1786339800000,154.61,154.67,154.61,154.64,25822.74
1786340700000,154.68,154.9,154.68,154.9,118939.09
1786341600000,154.85,154.95,154.78,154.95,230147.16
1786342500000,154.91,154.93,154.66,154.77,553833.95
1786343400000,154.79,154.99,154.79,154.99,501358.69
1786344300000,155.06,155.32,155.06,155.3,149785.25
1786345200000,155.16,155.29,155.09,155.19,125243.17
1786346100000,155.2,155.4,155.08,155.4,415012.74
1786347000000,155.39,155.41,155.2,155.2,87778.07
1786347900000,155.25,155.47,155.01,155.01,132106.07
1786348800000,154.023,155.745,154.023,155.692,6315482.42848543
1786349700000,155.693,156.138,155.693,155.925,799662.58217074
1786350600000,155.925,156.215,155.705,155.809,710080.56402772
1786351500000,155.773,155.773,155.59,155.69,212074.86265936
1786352400000,155.69,155.839,155.69,155.839,581112.582558876
1786353300000,155.84,155.84,155.416,155.416,408762.83755313
1786354200000,155.415,155.415,154.791,154.791,325364.52578994
1786355100000,154.79,154.824,154.685,154.73,398746.52748922
1786356000000,154.73,154.855,154.575,154.575,379339.8793535
1786356900000,154.575,154.854,154.575,154.736,242989.28886776
1786357800000,154.735,154.735,154.735,154.735,432880.57595846
1786358700000,154.735,155.421,154.735,155.421,496768.23646822
1786359600000,154.79,155.422,154.71,154.79,745923.84674918
1786360500000,154.71,155.198,154.7,155.198,613710.1542676704
1786361400000,155.26,155.375,155.055,155.26,513222.01365937
1786362300000,154.91,155.2,154.905,154.91,952700.24763636
1786363200000,155.41,155.545,155.0,155.43,2365100.50835503
1786364100000,154.66,155.124,154.319,154.66,1033283.37007776
1786365000000,154.318,154.399,153.9,154.399,963141.2127301
1786365900000,154.341,154.341,153.607,153.636,1491392.33015998
1786366800000,153.635,154.12,153.378,153.975,2455340.59132607
1786367700000,153.1,153.975,152.801,153.1,2863345.00975624
1786368600000,152.9,153.594,150.6,151.64,55752603.63263448
1786369500000,151.54,151.656,149.656,149.674,60979907.89710186
1786370400000,149.71,150.025,148.965,149.875,49563769.73150466
1786371300000,150.13,151.04,149.764,150.59,34495363.28153438
1786372200000,150.54,151.29,149.902,150.99,29273504.00192309
1786373100000,150.938,151.1,149.369,149.369,27436234.908226617
1786374000000,149.42,149.98,149.09,149.09,24667877.82247858
1786374900000,149.21,149.21,148.328,148.66,73291869.86463377
1786375800000,148.635,148.76,147.99,148.48,26170763.65492458
1786376700000,148.62,149.599,148.425,149.58,23341269.10691877
1786377600000,149.586,150.8,149.567,150.311,29762304.625570178
1786378500000,150.2,150.305,149.739,150.12,14448554.43086586
1786379400000,150.02,150.11,149.175,149.19,15291768.25823002
1786380300000,149.155,149.725,149.067,149.485,14883085.06185384
1786381200000,149.43,149.747,149.115,149.445,10769009.05941112
1786382100000,149.455,149.638,149.19,149.598,13895045.90794553
1786383000000,149.565,149.742,149.01,149.06,18416337.04298425
1786383900000,149.06,149.325,148.84,149.22,10789906.79520284
1786384800000,149.23,149.5,148.58,148.58,17881722.01467613
1786385700000,148.56,148.89,148.46,148.555,13244727.32348155
1786386600000,148.556,148.968,148.511,148.88,17610743.69007697
1786387500000,148.81,148.906,148.49,148.51,13212880.42800843
1786388400000,148.61,149.34,148.504,149.305,14554375.1799623
1786389300000,149.34,149.606,149.188,149.34,14986010.60591532
1786390200000,149.65,149.713,149.228,149.29,18613837.1071092
1786391100000,149.27,149.36,148.47,148.58,72321288.54588535
1786392000000,148.646,149.304,148.646,149.071,183430703.44367582
1786392900000,149.09,149.375,148.895,149.09,894407.63390537
1786393800000,149.331,149.331,149.002,149.002,5655882.14302815
1786394700000,149.001,149.15,149.0,149.15,798673.570663736
1786395600000,149.15,149.15,149.0,149.05,512344.22822832
1786396500000,149.05,149.195,149.05,149.195,255591.22964358
1786397400000,149.2,149.2,149.146,149.2,236102.66551894
1786398300000,149.195,149.195,149.026,149.152,301912.29953346
1786399200000,149.151,149.37,149.03,149.15,120858.1075501
1786400100000,149.15,149.15,149.019,149.125,135237.56727426
1786401000000,149.125,149.125,148.9,148.901,519565.77836067
1786401900000,148.901,148.94,148.707,148.75,632076.90237457
1786402800000,148.75,148.9,148.75,148.75,54771.72755345
1786403700000,148.75,148.855,148.65,148.819,269398.0318713826
1786404600000,148.819,149.0,148.745,148.746,206244.18476556
1786405500000,148.85,148.9,148.623,148.85,566538.02052149
1786406400000,148.96,148.96,148.52,148.8,43411.27
1786407300000,148.8,149.19,148.8,149.19,26072.05
1786408200000,149.22,149.22,148.96,149.1,16248.3
1786409100000,149.09,149.17,149.04,149.07,63369.36
1786410000000,149.09,149.23,148.89,149.2,131527.29
1786410900000,149.19,149.22,149.01,149.05,362065.01
1786411800000,149.05,149.24,149.03,149.24,5366.42
1786412700000,149.23,149.23,149.09,149.1,68751.03
1786413600000,149.16,149.28,149.14,149.14,62976.12
1786414500000,149.11,149.2,149.1,149.15,10890.07
1786415400000,149.21,149.33,149.14,149.32,86295.64
1786416300000,149.32,149.34,149.13,149.14,109023.2
1786417200000,149.24,149.34,149.24,149.24,16569.82
1786418100000,149.29,149.37,149.26,149.35,82118.48
1786419000000,149.41,149.51,149.37,149.51,18525.79
1786419900000,149.45,149.45,149.25,149.25,51963.71
1786420800000,149.25,149.49,149.24,149.27,5676.26
1786421700000,149.46,149.49,149.22,149.44,21060.11
1786422600000,149.4,149.42,149.31,149.42,76940.96
1786423500000,149.4,149.49,149.29,149.3,46760.71
1786424400000,149.49,149.49,149.15,149.31,85329.25
1786425300000,149.31,149.31,149.02,149.03,61729.7
1786426200000,149.05,149.22,149.05,149.22,4025.18
1786427100000,149.21,149.21,148.98,148.98,120494.37
1786428000000,148.99,149.24,148.97,149.24,47124.1
1786428900000,149.23,149.25,148.99,148.99,67660.11
1786429800000,149.09,149.19,148.87,149.14,53799.19
1786430700000,149.0,149.0,148.71,148.78,299112.66
1786431600000,148.8,148.96,148.78,148.85,150625.33
1786432500000,148.77,148.83,148.5,148.69,163613.31
1786433400000,148.77,148.94,148.66,148.88,187664.88
1786434300000,148.89,148.98,148.55,148.57,306845.51
1786435200000,148.775,149.02,148.611,148.611,2709533.38461625
1786436100000,148.61,148.854,148.54,148.76,107041.49566419
1786437000000,148.742,148.742,148.62,148.733,99770.1177
1786437900000,148.734,148.974,148.734,148.821,209088.163148
1786438800000,148.838,149.249,148.838,148.86,32220.49361304
1786439700000,148.86,149.39,148.86,149.39,4548.60703567
1786440600000,149.39,149.435,149.39,149.39,151854.57345363
1786441500000,149.39,149.75,149.39,149.75,481891.90650532
1786442400000,149.75,149.75,149.161,149.416,489957.69033607
1786443300000,149.405,149.53,149.336,149.505,137694.31802246
1786444200000,149.511,149.54,149.505,149.505,62307.05482229
1786445100000,149.505,149.705,149.505,149.705,28218.70819103
1786446000000,149.705,150.423,149.705,150.21,1958264.516431705
1786446900000,150.02,150.21,149.805,149.99,576081.44496301
1786447800000,149.9,150.049,149.758,149.975,626014.80104853
1786448700000,149.975,150.149,149.88,149.973,845077.22327371
1786449600000,149.974,150.289,149.965,150.216,1067218.50019909
1786450500000,150.217,150.29,149.706,149.936,1347185.95247508
1786451400000,149.935,150.146,149.85,149.85,895978.91398319
1786452300000,149.85,149.9,149.775,149.875,636733.40802772
1786453200000,149.85,150.144,149.685,149.85,1834415.64693879
1786454100000,150.015,150.015,149.6,149.899,578867.94579882
1786455000000,149.9,149.9,147.211,148.543,53180969.597415365
1786455900000,148.5,149.414,148.08,148.96,43431361.44931149
1786456800000,148.97,151.82,148.725,151.67,62029980.12884447
1786457700000,151.675,152.81,150.271,150.76,73136394.16532394
1786458600000,150.662,150.733,149.59,149.729,32626241.266201943
1786459500000,149.724,150.115,149.25,149.713,96306514.88752073
1786460400000,149.79,149.8,148.865,149.15,19269414.03550101
1786461300000,148.84,149.128,148.36,148.66,21431501.71700085
1786462200000,148.37,148.589,147.49,147.69,33749714.69940946
1786463100000,147.77,147.87,147.51,147.833,21021514.271268122
1786464000000,147.835,148.695,147.81,148.695,28983270.907425106
1786464900000,148.76,148.876,147.875,148.03,14077456.24184398
1786465800000,147.94,148.065,147.6,147.74,11075294.69615757
1786466700000,147.69,148.019,147.587,147.675,14580887.95076603
1786467600000,147.627,147.68,147.01,147.302,44809837.83419568
1786468500000,147.301,147.715,147.16,147.684,26055098.535218544
1786469400000,147.745,147.87,147.2,147.5,12726174.21114927
1786470300000,147.48,147.53,147.2,147.425,11876834.06826842
1786471200000,147.26,147.41,147.12,147.38,11750052.79985275
1786472100000,147.16,147.401,146.79,146.81,15367896.2363156
1786473000000,146.886,147.19,146.4,146.483,29221289.87461716
1786473900000,146.59,147.124,146.474,147.04,16592961.50058785
1786474800000,146.99,147.195,146.283,146.67,21417104.97388494
1786475700000,146.62,147.319,146.526,146.805,20758218.26720795
1786476600000,147.16,148.77,146.823,147.82,54357935.96767763
1786477500000,147.92,148.744,147.62,148.58,71725098.35969064
1786478400000,148.534,148.675,148.459,148.665,83873658.01424186
1786479300000,148.665,148.675,148.448,148.485,27459666.95013174
1786480200000,148.485,148.599,148.46,148.515,438568.13229724
1786481100000,148.515,148.575,148.001,148.001,2229098.769184855
1786482000000,148.001,148.337,147.804,148.337,2073505.8926
1786482900000,148.338,148.4,148.241,148.241,206548.35062675
1786483800000,148.24,148.399,148.215,148.399,137497.34280626
1786484700000,148.4,148.475,148.39,148.39,813055.81235644
1786485600000,148.392,148.5,148.392,148.476,279537.7522
1786486500000,148.477,148.48,148.477,148.48,300848.6414592
1786487400000,148.467,148.499,148.401,148.445,366738.74987965
1786488300000,148.445,148.445,148.4,148.415,114395.0238494
1786489200000,148.415,148.44,148.396,148.42,985373.20627013
1786490100000,148.418,148.42,148.416,148.42,114579.824
1786491000000,148.42,148.42,148.196,148.3,301455.01474639
1786491900000,148.32,148.474,148.195,148.42,480225.4587
1786492800000,148.476,148.71,148.43,148.54,98957.51
1786493700000,148.61,148.81,148.6,148.63,84321.59
1786494600000,148.63,148.72,148.6,148.67,38200.72
1786495500000,148.73,148.76,148.64,148.64,23043.14
1786496400000,148.64,148.79,148.54,148.79,197174.39
1786497300000,148.82,148.82,148.43,148.5,129380.36
1786498200000,148.49,148.85,148.42,148.85,75419.05
1786499100000,148.84,148.99,148.75,148.79,60871.98
1786500000000,148.84,149.01,148.84,148.93,274122.43
1786500900000,148.98,148.99,148.79,148.94,49726.57
1786501800000,148.98,148.98,148.8,148.82,64158.19
1786502700000,148.81,148.82,148.73,148.74,56079.75
1786503600000,148.86,148.95,148.72,148.72,114321.14
1786504500000,148.74,148.85,148.71,148.8,34070.45
1786505400000,148.8,148.99,148.79,148.97,109611.0
1786506300000,148.82,148.96,148.79,148.94,145563.04
1786507200000,148.95,148.99,148.77,148.77,53310.42
1786508100000,148.82,149.01,148.82,149.01,46022.77
1786509000000,148.81,148.81,148.59,148.65,138390.89
1786509900000,148.86,148.86,148.84,148.86,13397.36
1786510800000,148.85,148.85,148.72,148.72,4461.91
1786511700000,148.8,148.83,148.79,148.79,9077.58
1786512600000,148.88,148.97,148.87,148.9,58673.41
1786513500000,148.9,148.9,148.8,148.88,72801.24
1786514400000,148.89,148.92,148.7,148.7,108057.51
1786515300000,148.73,148.85,148.65,148.76,93106.52
1786516200000,148.69,148.8,148.66,148.78,34356.34
1786517100000,148.78,148.91,148.78,148.89,35876.4
1786518000000,148.9,148.97,148.81,148.81,155158.33
1786518900000,148.89,148.96,148.67,148.67,86016.21
1786519800000,148.89,148.89,148.71,148.72,36909.28
1786520700000,148.79,148.99,148.79,148.92,88016.09
1786521600000,148.484,149.06,148.484,148.965,2175426.3686419
1786522500000,148.965,149.555,148.965,149.061,509837.42519093
1786523400000,149.06,149.235,148.96,148.96,193353.89266505
1786524300000,148.96,149.541,148.96,149.295,455308.18466708
1786525200000,149.299,149.667,149.296,149.58,420731.24214527
1786526100000,149.73,151.38,149.58,151.01,4832010.21629002
1786527000000,150.83,151.043,150.548,150.83,822184.2545922
1786527900000,150.715,150.763,150.395,150.544,515444.8512
1786528800000,150.545,150.915,150.48,150.72,571099.74374285
1786529700000,150.72,150.72,150.48,150.655,855741.64857175
1786530600000,150.655,150.655,150.17,150.511,650218.54132393
1786531500000,149.99,150.51,149.86,149.99,475230.7775406
1786532400000,149.885,150.275,149.765,149.765,955587.697272
1786533300000,149.765,149.876,149.765,149.862,960325.80315338
1786534200000,149.863,150.2,149.863,150.089,1483058.34395564
1786535100000,150.21,150.21,149.951,150.21,824007.88240568
1786536000000,150.209,150.216,150.065,150.149,973842.24052756
1786536900000,150.27,150.663,150.095,150.54,1693722.28315688
1786537800000,150.99,151.124,150.156,150.23,7181193.1607647
1786538700000,150.36,150.675,150.167,150.36,2645911.34351929
1786539600000,150.386,150.59,150.165,150.298,2472585.3566449066
1786540500000,150.298,150.531,149.8,150.361,4695862.385795109
1786541400000,150.34,151.435,148.27,150.025,77256833.99365225
1786542300000,150.55,150.775,148.89,149.5,36736551.22363343
1786543200000,149.3,150.99,148.2,150.13,51372537.12203357
1786544100000,150.23,150.256,149.04,149.04,26378317.76745332
1786545000000,149.096,149.253,147.803,148.241,35334088.04637117
1786545900000,148.241,148.51,147.71,147.717,29320246.66376487
1786546800000,147.6,148.115,147.52,147.93,22376635.21305262
1786547700000,147.82,148.424,147.785,148.1,19584302.94143168
1786548600000,148.205,148.67,147.59,148.59,27791638.09953504
1786549500000,148.415,148.47,147.948,148.219,20251126.993870642
1786550400000,148.33,148.495,148.13,148.4,20095780.0256639
1786551300000,148.22,148.482,148.22,148.325,9720346.3989211
1786552200000,148.395,148.49,148.17,148.2,8616845.42574459
1786553100000,148.48,148.575,148.26,148.5,10072688.97028321
1786554000000,148.483,148.515,148.06,148.315,12413464.68612723
1786554900000,148.317,148.337,148.098,148.283,12260117.721823072
1786555800000,148.32,148.53,148.149,148.29,15827512.02378534
1786556700000,148.15,148.68,148.085,148.65,10819287.24798221
1786557600000,148.58,149.05,148.502,149.05,14400914.27993691
1786558500000,148.85,148.939,148.205,148.55,14316542.38040963
1786559400000,148.83,149.51,148.66,149.295,17460341.5639126
1786560300000,149.225,149.625,149.107,149.58,15264570.09584499
1786561200000,149.68,150.5,149.23,149.3,35961601.71604652
1786562100000,149.49,150.299,149.225,149.7,27183381.36866062
1786563000000,149.723,149.78,148.629,148.679,39816089.531522654
1786563900000,148.677,149.19,147.99,148.997,83146580.72271845
1786564800000,149.24,149.534,149.006,149.24,113832470.63385363
1786565700000,149.075,149.277,148.985,149.181,1942664.51268813
1786566600000,149.18,149.485,149.175,149.215,1264936.03568373
1786567500000,149.26,149.485,149.001,149.185,37835779.05365692
1786568400000,149.185,149.52,149.185,149.46,1220793.13153715
1786569300000,149.46,149.46,149.285,149.285,255943.907
1786570200000,149.285,149.44,149.235,149.235,49125.293
1786571100000,149.243,149.285,149.243,149.285,86463.2656
1786572000000,149.285,149.285,149.18,149.18,255826.48958
1786572900000,149.18,149.304,149.18,149.23,155849.20587891
1786573800000,149.23,149.305,149.21,149.284,329816.30581481
1786574700000,149.284,149.285,149.21,149.21,165814.1947
1786575600000,149.21,149.21,149.186,149.186,110464.35607051
1786576500000,149.172,149.2,149.1,149.2,255440.1316
1786577400000,149.2,149.2,149.2,149.2,165795.8384212
1786578300000,149.2,149.249,149.16,149.249,208261.40467858
1786579200000,149.3,149.75,149.27,149.75,158943.95
1786580100000,149.7,149.76,149.46,149.58,99621.21
1786581000000,149.44,149.52,149.29,149.29,102631.91
1786581900000,149.5,149.72,149.5,149.58,27227.6
1786582800000,149.49,149.5,149.35,149.39,57214.83
1786583700000,149.37,149.37,149.03,149.04,99956.96
1786584600000,149.05,149.3,148.99,149.09,71392.11
1786585500000,149.1,149.4,149.08,149.33,54770.62
1786586400000,149.26,149.33,149.24,149.33,28061.39
1786587300000,149.2,149.2,149.15,149.19,9994.29
1786588200000,149.16,149.21,148.93,149.21,57238.69
1786589100000,149.23,149.44,149.22,149.3,40021.21
1786590000000,149.35,149.47,149.31,149.41,93390.25
1786590900000,149.42,149.68,149.42,149.59,63093.12
1786591800000,149.56,149.59,149.56,149.59,6132.73
1786592700000,149.61,149.75,149.56,149.56,25448.48
1786593600000,149.5,149.61,149.5,149.51,29912.12
1786594500000,149.52,149.52,149.34,149.34,18984.1
1786595400000,149.39,149.68,149.33,149.68,76412.95
1786596300000,149.63,149.85,149.63,149.7,300594.22
1786597200000,149.66,149.97,149.66,149.92,189485.61
1786598100000,149.92,150.12,149.84,149.84,424267.82
1786599000000,150.06,150.11,149.9,149.92,121362.55
1786599900000,149.93,149.97,149.83,149.83,19789.82
1786600800000,149.82,149.82,149.72,149.72,45982.71
1786601700000,149.7,149.9,149.69,149.7,95234.2
1786602600000,149.61,149.67,149.48,149.5,25726.74
1786603500000,149.47,149.95,149.46,149.94,58802.53
1786604400000,149.89,149.92,149.66,149.71,69483.56
1786605300000,149.69,149.74,149.52,149.73,78259.79
1786606200000,149.73,149.8,149.65,149.75,16319.27
1786607100000,149.7,149.74,149.52,149.52,105971.17
1786608000000,149.25,149.894,149.25,149.57,3215962.92662389
1786608900000,149.57,149.744,149.53,149.646,191747.79774102
1786609800000,149.645,149.645,149.29,149.587,129449.74941523
1786610700000,149.586,149.586,149.44,149.44,318311.1562
1786611600000,149.44,149.44,149.212,149.212,176930.5664
1786612500000,149.211,149.389,149.025,149.28,89662.64765336
1786613400000,149.257,149.4,149.14,149.4,77938.7677976
1786614300000,149.4,149.615,149.4,149.615,131100.90971433
1786615200000,149.615,149.615,149.377,149.377,498308.6688556675
1786616100000,149.376,149.376,149.176,149.241,280219.978836
1786617000000,149.243,149.249,148.975,149.0,248602.94264651
1786617900000,149.0,149.245,149.0,149.245,108137.72826314
1786618800000,149.245,149.25,148.9,149.12,861214.46897565
1786619700000,149.12,149.12,148.701,148.705,1768394.81979692
1786620600000,148.704,149.05,148.701,149.035,407965.8069648
1786621500000,149.035,149.27,148.802,149.186,513515.53911868
1786622400000,149.186,149.186,148.757,148.95,733833.64317261
1786623300000,148.9,149.023,148.825,148.9,992156.76159047
1786624200000,149.0,149.396,148.725,149.0,650827.5215742
1786625100000,149.32,149.53,149.045,149.32,1299679.03415064
1786626000000,149.429,149.825,149.429,149.789,961031.628
1786626900000,149.01,149.8,148.919,149.01,1744760.3568546
1786627800000,149.206,153.11,148.765,152.019,34832180.651716635
1786628700000,151.87,152.005,150.285,150.99,51378054.63142398
1786629600000,151.0,151.64,150.9,151.01,32805503.70166644
1786630500000,151.13,151.574,150.182,150.5,26044560.12617568
1786631400000,150.19,150.889,150.19,150.62,24996088.61176212
1786632300000,150.685,150.785,149.291,149.59,41197245.76320059
1786633200000,149.58,150.218,148.24,148.364,40403694.78118147
1786634100000,148.255,148.97,147.99,147.99,47952216.57300989
1786635000000,148.15,148.899,148.102,148.475,23345925.29347355
1786635900000,148.395,148.416,147.57,147.62,35328697.04804617
1786636800000,147.612,148.311,147.49,147.548,28450915.680512052
1786637700000,147.55,148.223,147.489,148.072,20491563.446350973
1786638600000,148.305,148.381,147.0,147.1,34351893.68985196
1786639500000,147.45,147.91,147.152,147.775,21157705.9510852
1786640400000,147.92,148.495,147.803,148.35,12107425.53604181
1786641300000,148.37,148.93,148.329,148.52,16228857.63551471
1786642200000,148.526,149.4,148.408,149.362,22456097.596644226
1786643100000,149.505,149.545,149.152,149.2,13482125.32348084
1786644000000,149.25,149.349,149.05,149.05,10516185.23306152
1786644900000,149.01,149.198,148.876,148.915,8477124.06465079
1786645800000,148.86,149.777,148.83,149.765,11663687.48679071
1786646700000,149.777,151.29,149.777,151.213,76386233.4958689
1786647600000,151.31,152.681,151.229,152.335,53938240.32516872
1786648500000,152.29,152.935,152.1,152.43,37906423.22760867
1786649400000,152.38,153.615,152.25,153.56,63269621.009281
1786650300000,153.588,154.42,153.494,153.878,145483519.73875093
1786651200000,153.876,154.194,153.4,153.525,143165818.94203573
1786652100000,153.525,153.799,153.4,153.4,1581476.77943056
1786653000000,153.4,153.725,153.3,153.302,569842.36427939
1786653900000,153.317,153.405,153.317,153.375,429756.75
1786654800000,153.375,153.524,153.285,153.399,2528460.7668
1786655700000,153.4,153.4,153.3,153.3,681208.15274244
1786656600000,153.3,153.564,153.251,153.4,441776.8526675
1786657500000,153.4,153.425,153.375,153.399,646176.8797
1786658400000,153.74,153.74,153.301,153.74,598601.05710057
1786659300000,153.739,153.74,153.475,153.565,600037.9217456
1786660200000,153.565,153.66,153.44,153.44,461962.29349
1786661100000,153.44,153.658,153.44,153.57,386025.40684103
1786662000000,153.57,153.57,153.501,153.525,226935.9628
1786662900000,153.525,153.54,153.3,153.364,650176.205468
1786663800000,153.366,153.483,153.325,153.475,319015.18989789
1786664700000,153.475,153.514,153.376,153.475,205857.86213787
1786665600000,153.94,153.94,153.28,153.28,199701.07
1786666500000,153.3,153.65,153.29,153.3,124335.1
1786667400000,153.31,153.66,153.31,153.61,106065.1
1786668300000,153.6,153.67,153.54,153.62,43782.54
1786669200000,153.62,153.79,153.54,153.57,222007.23
1786670100000,153.54,153.9,153.54,153.78,117925.07
1786671000000,153.69,153.78,153.6,153.77,79924.33
1786671900000,153.78,153.84,153.66,153.8,73345.96
1786672800000,153.81,154.07,153.81,153.95,151528.04
1786673700000,153.99,153.99,153.79,153.79,74969.98
1786674600000,153.93,153.93,153.79,153.82,35848.96
1786675500000,153.88,153.96,153.78,153.78,87261.68
1786676400000,153.76,153.76,153.55,153.6,26124.42
1786677300000,153.74,153.9,153.72,153.72,46295.52
1786678200000,153.74,153.74,153.3,153.39,51423.3
1786679100000,153.41,153.41,153.16,153.17,73282.59
1786680000000,153.16,153.48,153.1,153.48,143488.18
1786680900000,153.5,153.51,153.19,153.43,42181.18
1786681800000,153.41,153.52,153.41,153.52,25940.39
1786682700000,153.47,153.5,153.38,153.38,49405.62
1786683600000,153.46,153.46,153.2,153.34,209762.14
1786684500000,153.34,153.51,153.22,153.25,90601.01
1786685400000,153.27,153.46,153.17,153.38,62261.74
1786686300000,153.44,153.55,153.44,153.45,95159.3
1786687200000,153.45,153.45,153.19,153.21,89656.35
1786688100000,153.2,153.2,153.09,153.2,131269.93
1786689000000,153.09,153.2,153.0,153.0,26475.46
1786689900000,153.04,153.18,152.74,152.74,132819.28
1786690800000,152.66,152.73,152.32,152.61,461652.45
1786691700000,152.5,152.77,152.49,152.64,104103.96
1786692600000,152.7,152.88,152.6,152.77,241151.9
1786693500000,152.77,152.77,152.44,152.57,118822.25
1786694400000,153.356,153.356,152.605,152.605,3819435.88992425
1786695300000,152.605,152.625,152.06,152.06,455598.47105696
1786696200000,152.06,152.565,152.023,152.375,636548.34391031
1786697100000,152.375,152.39,152.375,152.39,132776.34758866
1786698000000,152.39,152.39,152.275,152.275,72391.40587205
1786698900000,152.275,152.534,152.265,152.266,349082.6016
1786699800000,152.265,152.265,152.075,152.265,606910.863132
1786700700000,152.265,152.265,152.075,152.092,347763.526
1786701600000,152.11,152.565,152.055,152.11,315400.07670557
1786702500000,152.1,152.26,151.888,152.1,431433.87967
1786703400000,152.06,152.06,151.84,151.97,406927.394888
1786704300000,151.97,151.97,151.93,151.954,207502.15015553
1786705200000,151.955,152.409,151.865,152.136,1742319.751238
1786706100000,152.137,152.496,152.1,152.317,517959.69524335
1786707000000,152.351,152.595,152.227,152.595,458835.39982547
1786707900000,152.596,152.75,152.4,152.4,537070.05751386
1786708800000,152.275,152.6,152.186,152.275,1019857.0464
1786709700000,152.359,152.409,152.151,152.409,1146182.78455188
1786710600000,152.49,152.49,152.175,152.49,1143065.50992457
1786711500000,152.205,152.305,151.907,152.0,1056832.57000059
1786712400000,152.0,152.0,151.15,151.215,2577132.19717638
1786713300000,151.203,151.29,150.463,151.216,5750297.565212062
1786714200000,151.48,152.59,150.07,150.37,61272332.82634649
1786715100000,150.43,151.02,149.5,150.67,45372223.41736001
1786716000000,150.49,150.76,148.69,148.69,56720887.28042448
1786716900000,148.675,149.625,148.274,149.105,61754715.68660898
1786717800000,149.144,149.46,148.49,148.985,42122391.2977901
1786718700000,148.985,149.253,148.18,148.432,33523061.53229635
1786719600000,148.51,149.21,148.423,149.17,28218454.98768683
1786720500000,149.29,149.362,148.862,149.02,24331209.43889142
1786721400000,149.06,150.26,148.902,150.26,32722615.01655436
1786722300000,150.29,150.48,149.88,150.136,34129420.793378435
1786723200000,150.136,150.73,150.115,150.687,18002177.72886323
1786724100000,150.75,151.17,150.509,150.95,21870129.89002174
1786725000000,151.02,151.271,150.525,150.6,19027015.31132002
1786725900000,150.585,151.04,150.462,150.95,16987874.57314944
1786726800000,150.88,151.335,150.769,151.335,14430925.40041939
1786727700000,151.335,151.422,150.89,150.93,20467985.142239165
1786728600000,151.02,151.02,149.91,150.18,32911985.94500083
1786729500000,150.155,150.289,149.69,150.03,13615309.52700711
1786730400000,150.04,150.073,148.91,149.34,37076449.52433488
1786731300000,149.42,149.84,149.12,149.14,18077120.31654667
1786732200000,149.188,149.315,148.87,148.995,32548082.869317412
1786733100000,148.82,149.128,148.56,148.56,26637186.04169116
1786734000000,148.52,148.78,147.95,148.22,45244439.19357206
1786734900000,148.145,149.143,148.01,149.11,29343454.76144142
1786735800000,149.25,149.505,149.025,149.46,34885074.94861892
1786736700000,149.48,149.52,148.375,148.439,102759450.2417338
1786737600000,148.3,148.799,148.09,148.09,177292372.6379332
1786738500000,148.569,148.734,148.425,148.701,1728811.46975284
1786739400000,148.71,148.8,148.675,148.71,633932.56852465
1786740300000,148.731,148.784,148.73,148.73,741114.50622755
1786741200000,148.73,148.745,148.715,148.715,527987.332443648
1786742100000,148.715,148.72,148.411,148.625,817917.41760121
1786743000000,148.625,148.655,148.625,148.655,336132.51866525
1786743900000,148.655,148.655,148.63,148.635,189964.37782009
1786744800000,148.635,148.674,148.6,148.625,349343.850768
1786745700000,148.625,148.675,148.625,148.675,184213.14124535
1786746600000,148.676,148.715,148.676,148.699,263666.59640928
1786747500000,148.699,148.715,148.685,148.715,381406.779
1786748400000,148.715,148.729,148.715,148.715,342077.92332
1786749300000,148.715,148.765,148.715,148.765,555715.8474315
1786750200000,148.761,148.821,148.745,148.821,316112.33726477
1786751100000,148.822,148.898,148.73,148.898,635455.21430315
1786752000000,148.899,148.899,148.899,148.899,0.0
1786761000000,149.14,149.15,149.14,149.15,619.52428
1786764600000,149.11,149.11,148.76,148.76,695.810304
1786777200000,148.83,148.91,148.83,148.91,19.992509
1786786200000,148.85,149.19,148.85,149.19,399.995778
1786787100000,149.23,149.23,149.23,149.23,499.995115
1786788000000,149.23,149.23,149.23,149.23,1044.401078
1786798800000,149.23,149.23,149.23,149.23,66.422273
1786803300000,149.27,149.27,149.27,149.27,31.958707
1786805100000,149.27,149.33,149.27,149.33,897.285659
1786806900000,149.23,149.23,149.23,149.23,275.77704
1786807800000,149.23,149.23,149.23,149.23,10.222255
1786820400000,149.33,149.33,149.33,149.33,19.995287
1786836600000,149.35,149.35,149.35,149.35,10.798005
1786850100000,149.35,149.35,149.35,149.35,19.997965
1786859100000,149.35,149.35,149.35,149.35,99.989825
1786861800000,149.38,149.38,149.38,149.38,149.992458
1786863600000,149.42,149.42,149.42,149.42,19.992396
1786868100000,149.42,149.42,149.38,149.38,85.60554
1786869900000,149.43,149.43,149.43,149.43,499.99278
1786870800000,149.47,149.47,149.47,149.47,39.998172
1786871700000,149.48,149.48,149.48,149.48,10.493496
1786885200000,149.38,149.38,149.37,149.37,241.494673
1786889700000,149.48,149.48,149.48,149.48,19.985476
1786892400000,149.48,150.09,149.48,150.09,451.5553
1786893300000,150.15,150.52,150.15,150.52,310.243118
1786906800000,150.58,150.58,150.58,150.58,19.997024
1786912200000,150.58,150.59,150.58,150.59,35.98935
1786921200000,150.59,150.59,150.59,150.59,34.997116
1786924800000,149.01,149.01,148.5,148.7,365091.92
1786925700000,148.69,148.74,148.39,148.59,356598.18
1786926600000,148.6,148.6,148.31,148.55,234178.08
1786927500000,148.58,148.87,148.56,148.85,208952.35
1786928400000,148.83,149.32,148.83,149.12,122332.2
1786929300000,149.04,149.2,148.99,149.05,174737.74
1786930200000,149.19,149.27,148.99,148.99,246483.7
1786931100000,149.03,149.11,148.97,149.08,97465.91
1786932000000,149.04,149.06,148.91,149.01,171786.51
1786932900000,149.04,149.27,148.99,149.25,167600.87
1786933800000,149.15,149.48,149.03,149.35,210696.93
1786934700000,149.33,149.94,149.17,149.84,290467.43
1786935600000,149.77,149.81,149.66,149.7,170306.52
1786936500000,149.79,149.99,149.78,149.88,105258.09
1786937400000,149.88,149.88,149.62,149.71,180023.24
1786938300000,149.84,149.96,149.68,149.8,146998.22
1786939200000,149.9,150.0,149.78,149.81,133098.06
1786940100000,149.82,149.97,149.8,149.85,121431.26
1786941000000,149.85,149.9,149.79,149.86,68036.94
1786941900000,149.9,149.98,149.78,149.82,247821.97
1786942800000,149.85,149.87,149.66,149.86,91975.53
1786943700000,149.86,149.97,149.73,149.73,91873.33
1786944600000,149.79,149.91,149.74,149.74,124337.35
1786945500000,149.86,149.9,149.82,149.82,53346.84
1786946400000,149.84,149.97,149.82,149.94,492524.53
1786947300000,149.89,149.96,149.86,149.87,347548.5
1786948200000,149.89,149.99,149.75,149.9,243333.06
1786949100000,149.89,150.2,149.89,150.05,322377.85
1786950000000,150.14,150.25,149.83,149.89,371213.77
1786950900000,149.89,149.89,149.64,149.83,212353.65
1786951800000,149.82,149.98,149.77,149.89,49461.06
1786952700000,149.9,149.92,149.8,149.8,74761.87
1786953600000,148.899,149.999,148.899,149.727,4752693.53317687
1786954500000,149.72,149.834,149.535,149.535,365718.26011945
1786955400000,149.535,149.615,149.507,149.605,335200.57798232
1786956300000,149.57,149.65,149.395,149.595,246008.01634265
1786957200000,149.595,149.595,149.255,149.29,144836.50298846
1786958100000,149.29,149.29,149.25,149.251,285568.91585805
1786959000000,149.25,149.265,149.25,149.25,91517.50316077
1786959900000,149.25,149.25,149.2,149.25,86718.74955244
1786960800000,149.23,149.444,149.135,149.23,290566.78863003
1786961700000,149.2,149.497,149.027,149.2,252652.63157089
1786962600000,149.499,149.629,149.499,149.629,497971.48097306
1786963500000,149.63,149.975,149.63,149.68,490793.63370833
1786964400000,149.679,149.999,149.5,149.5,934908.17632987
1786965300000,149.5,149.649,149.45,149.545,730307.88587474
1786966200000,149.545,149.637,149.445,149.637,1060080.9851071176
1786967100000,149.639,150.14,149.6,149.712,3869551.6015315442
1786968000000,149.57,149.938,149.451,149.88,1142634.40319734
1786968900000,149.899,149.899,149.2,149.203,507528.99937034
1786969800000,149.51,149.51,148.99,148.99,2015389.92343084
1786970700000,148.76,149.13,148.742,148.76,809368.55319974
1786971600000,148.805,149.204,148.661,148.866,630051.88149624
1786972500000,148.49,148.865,148.345,148.54,2874412.32870188
1786973400000,148.355,151.26,147.37,149.71,78470665.31701908
1786974300000,149.01,150.55,148.16,150.045,45649381.44802191
1786975200000,150.072,150.63,149.304,149.896,26510162.06950091
1786976100000,150.06,150.132,149.225,149.545,24574969.93574439
1786977000000,149.615,149.695,148.945,149.075,16394522.09594692
1786977900000,149.195,150.344,148.915,150.2,38575081.70522213
1786978800000,150.27,150.87,150.01,150.01,24447539.11803783
1786979700000,150.052,150.72,149.54,150.686,30054106.952885106
1786980600000,150.79,151.03,150.121,150.825,23269032.26532656
1786981500000,150.79,151.9,150.63,151.9,36799489.26229988
1786982400000,152.0,152.14,151.169,151.19,41613902.56664764
1786983300000,151.242,151.341,149.99,150.618,44167653.828354016
1786984200000,150.62,151.364,150.194,150.832,17236922.440610122
1786985100000,150.635,150.979,150.326,150.41,8737522.85689466
1786986000000,150.65,151.373,150.49,150.91,12085656.90667083
1786986900000,150.77,151.683,150.721,151.22,16648951.15767223
1786987800000,150.79,150.906,150.3,150.495,16619508.40660833
1786988700000,150.61,150.613,150.223,150.3,10720817.87463291
1786989600000,150.35,151.199,150.184,151.115,13736752.39845183
1786990500000,151.05,151.71,150.95,151.5,20357859.10093252
1786991400000,151.71,151.71,150.628,150.71,17576314.32326223
1786992300000,150.625,150.795,150.278,150.757,12468109.327556096
1786993200000,150.744,150.901,150.24,150.25,14725507.727177367
1786994100000,150.21,151.29,150.191,151.17,13699072.07867338
1786995000000,151.29,151.58,150.666,151.2,25894519.52357738
1786995900000,151.26,151.534,150.43,150.51,72454122.95241737
1786996800000,150.549,150.989,150.378,150.465,163294339.87046498
1786997700000,150.31,150.465,150.28,150.39,1169993.58058285
1786998600000,150.4,150.4,150.315,150.39,664393.3630816
1786999500000,150.39,150.5,150.39,150.415,3057537.206664
1787000400000,150.415,150.55,150.342,150.45,617736.2032
1787001300000,150.431,150.72,150.425,150.53,582599.03310895
1787002200000,150.53,150.71,150.406,150.71,147176.35083498
1787003100000,150.71,150.71,150.476,150.65,116884.03318699
1787004000000,150.65,150.775,150.65,150.775,324310.55650429
1787004900000,150.775,150.798,150.7,150.701,234384.65271952
1787005800000,150.709,150.898,150.62,150.898,53343.98614536
1787006700000,150.899,150.965,150.65,150.75,63419.57031315
1787007600000,150.748,150.748,150.74,150.74,212579.6461867
1787008500000,150.719,150.719,150.5,150.5,315011.76827154
1787009400000,150.5,150.89,150.5,150.814,811164.7367490552
1787010300000,150.815,150.889,150.606,150.606,862663.4256449692
1787011200000,150.51,151.03,150.36,150.63,287375.99
1787012100000,150.7,150.86,150.68,150.84,35440.08
1787013000000,150.85,150.86,150.66,150.71,99673.92
1787013900000,150.72,150.72,150.7,150.71,41899.08
1787014800000,150.74,150.74,150.34,150.51,59924.62
1787015700000,150.51,150.59,150.41,150.42,33250.94
1787016600000,150.44,150.5,150.14,150.19,78896.83
1787017500000,150.19,150.19,149.76,149.93,492875.58
1787018400000,149.97,150.03,149.66,149.66,102505.85
1787019300000,149.68,149.71,149.49,149.58,183688.16
1787020200000,149.58,149.62,149.3,149.3,281204.66
1787021100000,149.37,149.42,149.11,149.18,493798.33
1787022000000,149.22,149.3,149.05,149.18,153080.38
1787022900000,149.18,149.23,148.95,149.09,187356.02
1787023800000,149.07,149.51,148.88,149.5,178809.26
1787024700000,149.5,149.61,149.41,149.42,192110.46
1787025600000,149.43,149.64,149.26,149.5,41831.57
1787026500000,149.51,149.58,149.33,149.37,36460.99
1787027400000,149.62,149.63,149.61,149.63,7481.01
1787028300000,149.43,149.62,149.37,149.49,265114.52
1787029200000,149.52,149.52,149.32,149.39,59913.72
1787030100000,149.37,149.4,149.32,149.34,20762.48
1787031000000,149.36,149.37,149.15,149.33,82970.52
1787031900000,149.19,149.33,149.18,149.2,32387.04
1787032800000,149.0,149.28,148.97,149.28,221795.19
1787033700000,149.29,149.61,149.29,149.56,102910.1
1787034600000,149.5,149.79,149.49,149.79,147103.23
1787035500000,149.82,149.85,149.56,149.57,268689.24
1787036400000,149.68,149.68,149.27,149.39,196197.26
1787037300000,149.47,149.51,149.37,149.39,52607.18
1787038200000,149.37,149.37,149.19,149.19,85086.57
1787039100000,149.25,149.26,148.98,148.99,86331.0
1787040000000,148.79,150.601,148.345,148.79,5704780.18687657
1787040900000,148.77,149.02,148.77,148.995,721991.25522169
1787041800000,148.995,149.5,148.995,149.185,664643.30116724
1787042700000,149.185,149.185,148.86,149.025,338219.7170535
1787043600000,148.75,149.025,148.585,148.75,410794.07714641
1787044500000,148.785,148.885,148.425,148.735,665226.25089824
1787045400000,148.735,148.735,148.04,148.5,439273.63739687
1787046300000,148.34,148.82,148.34,148.34,370595.3158912
1787047200000,148.735,148.735,148.625,148.625,113335.35781746
1787048100000,148.643,148.735,148.643,148.735,449211.10015932
1787049000000,148.735,148.76,148.735,148.76,353142.297736806
1787049900000,148.76,148.76,148.76,148.76,882852.086036
1787050800000,148.76,149.098,148.7,149.036,2251589.47842975
1787051700000,149.035,149.425,149.0,149.125,1142370.50204908
1787052600000,149.119,149.259,148.9,149.259,1058632.61979756
1787053500000,149.26,149.429,148.86,148.86,893606.0048710447
1787054400000,148.86,149.38,148.71,148.72,2160565.11665697
1787055300000,148.69,149.195,148.69,148.79,1499808.18267835
1787056200000,148.7,149.045,148.6,148.7,2028312.79461585
1787057100000,148.6,148.6,148.292,148.292,1615829.71623565
1787058000000,148.306,148.394,147.99,148.27,5533261.405942392
1787058900000,147.99,148.56,147.84,148.56,4638002.9708294
1787059800000,148.21,149.42,147.185,147.89,103165162.53348309
1787060700000,147.895,148.22,146.6,147.035,67257825.7516826
1787061600000,147.138,148.01,146.575,146.71,32513257.70804735
1787062500000,146.707,150.32,146.707,150.07,40986576.35734043
1787063400000,150.12,150.7,148.84,149.38,48317645.61792812
1787064300000,149.38,149.748,147.93,147.93,30126286.15532044
1787065200000,147.465,147.993,147.46,147.85,23850794.86405035
1787066100000,147.88,148.599,147.69,148.445,23161562.36637516
1787067000000,148.448,148.47,147.749,148.254,19837441.227615897
1787067900000,148.28,148.99,148.006,148.41,24400457.82795435
1787068800000,148.88,148.91,148.292,148.54,13095802.65780646
1787069700000,148.475,148.519,147.93,148.05,11527051.60508127
1787070600000,148.07,148.767,147.81,148.739,19088187.217845812
1787071500000,148.739,149.241,148.67,148.84,15860893.6123598
1787072400000,148.81,148.859,148.01,148.2,15613962.8384166
1787073300000,148.065,148.78,147.842,148.66,17124492.36813336
1787074200000,148.665,149.026,148.05,148.23,16011654.02459194
1787075100000,148.175,148.222,146.945,147.01,40608464.78294594
1787076000000,146.993,147.244,146.91,147.208,24659312.987979494
1787076900000,147.32,147.602,147.2,147.2,13999638.30480246
1787077800000,147.295,147.627,146.951,147.01,14117566.13916982
1787078700000,146.935,147.304,146.76,146.8,20165756.6353707
1787079600000,146.86,147.01,146.573,146.59,19604216.2272336
1787080500000,146.6,147.639,146.54,147.518,27933525.99442675
1787081400000,147.585,148.049,146.92,147.125,45427005.99534094
1787082300000,147.21,147.34,146.08,146.09,87494323.02466463
1787083200000,146.42,146.51,146.168,146.35,109956833.37444687
1787084100000,146.34,146.565,146.31,146.55,1051779.44025558
1787085000000,146.55,146.6,146.284,146.4,1956479.4326
1787085900000,146.4,146.693,146.35,146.6,601445.0973
1787086800000,146.6,146.7,146.49,146.541,409988.41238905
1787087700000,146.54,146.699,146.302,146.302,391775.762
1787088600000,146.301,146.5,146.301,146.33,305242.0684529
1787089500000,146.329,146.45,146.325,146.425,477107.4396901504
1787090400000,146.425,146.554,146.425,146.49,202551.2757
1787091300000,146.49,146.5,146.45,146.45,154298.28380964
1787092200000,146.45,146.45,146.45,146.45,258512.4348883
1787093100000,146.5,146.5,146.4,146.5,316025.490445
1787094000000,146.45,146.45,146.251,146.38,254315.27952
1787094900000,146.38,146.448,146.366,146.398,766958.74676956
1787095800000,146.399,146.685,146.399,146.635,1026541.5773603
1787096700000,146.635,147.114,146.635,146.739,1153810.6098
1787097600000,146.55,146.74,146.1,146.27,1320.66
1787098500000,146.23,146.51,146.22,146.37,83175.14
1787099400000,146.73,146.94,146.63,146.65,127855.37
1787100300000,146.67,146.69,146.49,146.49,31082.03
1787101200000,146.44,146.73,146.33,146.61,112647.3
1787102100000,146.61,146.69,146.34,146.62,231934.93
1787103000000,146.56,146.56,146.25,146.25,109642.19
1787103900000,146.25,146.36,146.23,146.25,116009.48
1787104800000,146.26,146.33,146.08,146.15,147677.81
1787105700000,146.17,146.26,146.08,146.26,29810.94
1787106600000,146.25,146.25,146.11,146.21,162529.7
1787107500000,146.19,146.32,146.11,146.11,99468.62
1787108400000,146.24,146.32,146.08,146.1,75247.28
1787109300000,146.31,146.33,146.26,146.26,23409.89
1787110200000,146.25,146.29,146.24,146.24,66700.57
1787111100000,146.19,146.28,146.18,146.19,25295.97
1787112000000,146.15,146.15,146.04,146.13,69978.13
1787112900000,146.13,146.23,146.11,146.11,55403.67
1787113800000,146.21,146.22,146.04,146.05,29944.53
1787114700000,146.13,146.14,145.85,146.01,523678.96
1787115600000,146.0,146.04,146.0,146.03,36793.75
1787116500000,146.04,146.18,145.91,146.18,41614.3
1787117400000,146.15,146.15,146.05,146.11,13877.59
1787118300000,146.01,146.09,145.76,145.76,91336.83
1787119200000,145.89,145.95,145.64,145.8,402831.64
1787120100000,145.68,146.12,145.68,145.86,526025.8
1787121000000,145.88,146.04,145.86,145.94,105354.84
1787121900000,146.04,146.51,146.03,146.42,291266.73
1787122800000,146.42,146.42,146.01,146.36,283808.38
1787123700000,146.36,146.41,146.08,146.4,284928.95
1787124600000,146.31,146.48,146.28,146.31,272545.72
1787125500000,146.41,146.44,145.84,146.01,272196.11
1787126400000,146.74,146.74,145.994,146.252,5597557.75591933
1787127300000,146.251,146.285,146.237,146.285,726690.75758498
1787128200000,146.285,146.838,146.275,146.838,423740.27130049
1787129100000,147.12,147.124,146.596,147.12,663250.0030194
1787130000000,146.721,146.725,146.315,146.315,519631.54604839
1787130900000,146.36,146.478,146.274,146.36,83231.00573508
1787131800000,146.262,146.383,146.195,146.2,583654.52264067
1787132700000,146.2,146.31,146.2,146.31,264806.53173198
1787133600000,146.31,146.31,146.31,146.31,148564.45450512
1787134500000,146.31,146.31,146.31,146.31,148365.49938723
1787135400000,146.31,146.31,146.23,146.23,216738.73943317
1787136300000,146.23,146.23,146.23,146.23,95177.9455074
1787137200000,146.66,146.798,146.23,146.66,1972496.03476493
1787138100000,146.7,146.75,146.532,146.683,1301218.88294871
1787139000000,146.29,146.682,146.25,146.38,512616.4520138
1787139900000,146.532,146.593,146.032,146.593,713808.4005915
1787140800000,146.594,146.595,145.96,146.105,1800585.8618257502
1787141700000,146.104,146.349,146.1,146.349,2199755.015737064
1787142600000,146.35,147.68,146.225,147.679,3443534.04302629
1787143500000,148.0,148.02,147.696,147.96,4099291.27473266
1787144400000,147.904,148.158,147.632,147.899,3337904.3818353
1787145300000,147.69,148.188,147.302,147.69,6958424.65067008
1787146200000,147.714,152.01,147.711,150.511,22003075.83722125
1787147100000,150.525,152.34,149.99,151.872,4594124.27
1787148000000,151.925,154.4,151.5,152.983,2821404.61
1787148900000,153.005,155.6,153.005,154.747,4094390.085
1787149800000,154.755,156.9,154.527,156.425,3947598.075
1787150700000,156.437,160.68,156.437,160.496,5997795.86
1787151600000,160.57,160.96,159.16,160.435,7460611.56
1787152500000,160.51,162.74,159.3,161.73,5356627.04
1787153400000,161.865,164.33,161.655,164.29,6439676.06
1787154300000,164.085,164.28,161.946,163.461,4664685.165
1787155200000,163.457,164.505,162.79,164.436,3583967.07
1787156100000,164.433,165.609,164.02,165.609,2359294.485
1787157000000,165.622,165.695,164.44,165.038,2470793.66
1787157900000,164.82,165.036,164.401,164.7,43142626.52575319
1787158800000,164.755,164.811,162.76,162.87,57208989.18584646
1787159700000,162.85,163.03,161.15,161.401,22998522.856669597
1787160600000,161.412,161.487,159.734,160.312,77140939.79153651
1787161500000,160.322,161.29,160.275,161.29,39416835.247768246
1787162400000,161.214,161.684,159.658,159.991,40697150.568104915
1787163300000,160.005,160.754,159.732,160.34,45231990.33764808
1787164200000,160.25,160.433,158.78,160.0,47694134.0041827
1787165100000,160.02,160.233,159.27,159.56,29137182.63460068
1787166000000,159.525,160.75,156.44,158.538,46441662.41133717
1787166900000,158.549,159.12,157.27,158.18,70410951.29854128
1787167800000,158.191,159.69,157.715,159.362,52042802.6996303
1787168700000,159.425,160.47,158.455,160.275,181117172.93716934
1787169600000,160.8,161.8,160.0,161.8,222480192.9272443
1787170500000,161.15,161.972,161.058,161.658,14810481.75138087
1787171400000,161.657,161.786,161.511,161.73,4306127.6654118
1787172300000,163.09,163.31,161.731,163.31,7976933.09260515
1787173200000,163.79,164.825,163.137,164.79,9060707.57027562
1787174100000,164.69,165.438,163.653,164.71,6947400.50134501
1787175000000,165.54,166.302,164.563,166.11,6509342.60566871
1787175900000,164.962,165.633,164.449,164.774,9351494.74766342
1787176800000,164.795,165.384,164.547,165.05,7675463.0519601
1787177700000,165.05,165.181,164.941,165.044,3668007.85847273
1787178600000,165.56,166.374,164.982,165.56,6559253.26562993
1787179500000,165.61,165.901,165.053,165.55,3639024.0012484
1787180400000,165.5,165.63,165.0,165.5,2612745.11890876
1787181300000,165.55,165.991,165.5,165.888,1409363.78217229
1787182200000,165.887,165.887,165.359,165.768,1451607.42019232
1787183100000,165.59,165.794,165.291,165.59,1815336.3385996
1787184000000,165.3,166.67,164.7,166.49,1067060.17
1787184900000,166.52,167.28,166.31,166.31,1056812.21
1787185800000,166.25,166.6,166.09,166.32,504550.4
1787186700000,166.22,166.68,165.7,165.7,690219.44
1787187600000,165.7,165.89,165.39,165.64,496343.61
1787188500000,165.71,165.85,165.35,165.44,188765.67
1787189400000,165.43,165.79,165.27,165.62,312167.48
1787190300000,165.53,166.0,165.3,165.45,772031.8
1787191200000,165.47,166.08,165.47,166.08,678768.42
1787192100000,165.76,165.78,165.42,165.53,233878.47
1787193000000,165.43,165.5,164.91,164.91,367093.18
1787193900000,165.05,165.1,164.64,164.85,211666.97
1787194800000,164.75,164.75,163.91,164.03,1069390.56
1787195700000,164.04,164.51,163.93,164.07,380765.89
1787196600000,164.01,164.6,164.0,164.6,165461.34
1787197500000,164.83,164.87,164.42,164.56,243635.54
1787198400000,164.58,165.1,164.57,165.0,287279.16
1787199300000,165.11,165.15,164.84,165.01,230568.18
1787200200000,164.99,165.05,164.81,165.04,241907.16
1787201100000,165.04,165.58,165.02,165.22,244743.18
1787202000000,165.31,165.31,164.98,164.98,140084.18
1787202900000,165.01,165.51,165.01,165.39,133503.75
1787203800000,165.55,165.55,164.99,165.05,410678.93
1787204700000,165.11,165.15,164.58,164.74,291363.02
1787205600000,164.75,165.08,164.67,165.08,527128.08
1787206500000,164.96,165.39,164.77,165.39,354291.49
1787207400000,165.4,165.57,165.39,165.48,180176.54
1787208300000,165.65,165.92,165.64,165.88,544028.39
1787209200000,165.83,166.37,165.75,166.0,1595307.27
1787210100000,165.99,165.99,165.25,165.34,1217157.65
1787211000000,165.21,165.35,164.9,165.35,817122.71
1787211900000,165.24,165.48,165.11,165.22,606383.48
1787212800000,168.24,171.31,165.54,171.31,23793365.77522696
1787213700000,171.0,172.127,170.305,170.82,11268465.32715303
1787214600000,169.39,171.585,169.25,169.92,8487475.07723866
1787215500000,171.09,171.09,169.985,171.09,6977328.89473188
1787216400000,169.979,171.49,169.731,171.259,7513042.2489705505
1787217300000,172.01,172.15,170.5,172.15,9003903.34115325
1787218200000,171.575,171.653,170.7,171.146,3388341.38798741
1787219100000,171.15,172.581,171.125,171.15,10359410.77755649
1787220000000,172.67,173.683,171.8,173.66,5008509.48089264
1787220900000,173.87,174.446,172.707,173.83,10205826.56672876
1787221800000,172.59,172.982,172.229,172.43,5211315.1571214
1787222700000,173.22,173.865,172.695,173.32,5619806.69813559
1787223600000,173.01,174.208,172.14,172.53,14887623.7126114
1787224500000,172.548,172.991,171.226,171.226,13595790.713166652
1787225400000,172.91,172.91,170.942,172.12,7686215.69741117
1787226300000,171.45,171.987,170.26,170.79,7245777.73666075
1787227200000,170.0,170.551,169.271,169.73,20677187.66321285
1787228100000,169.29,169.61,168.657,169.29,9187408.81949331
1787229000000,169.297,169.419,167.943,168.203,15964127.34338777
1787229900000,168.194,169.67,168.005,169.62,17986319.15965157
1787230800000,170.01,170.01,169.465,169.51,9615390.74550309
1787231700000,169.33,172.897,169.33,172.61,17650836.92109954
1787232600000,172.725,173.48,166.35,171.83,124901339.37226278
1787233500000,171.638,172.0,169.36,170.197,5013771.31
1787234400000,170.202,172.0,170.189,170.643,6042174.78
1787235300000,170.627,171.065,168.745,169.117,3249488.885
1787236200000,169.315,170.234,168.935,169.575,93019351.75163142
1787237100000,169.31,170.91,169.31,170.78,18016831.423782
1787238000000,170.87,174.155,170.87,173.49,7126156.265
1787238900000,173.389,174.22,172.171,173.62,3698762.22
1787239800000,173.618,174.0,170.735,170.987,2603220.915
1787240700000,170.968,172.5,170.49,172.209,1405889.79
1787241600000,172.208,172.3,170.01,170.047,3125137.465
1787242500000,170.16,171.735,169.99,171.66,42241753.61540783
1787243400000,171.54,172.475,171.075,172.43,44021614.92514539
1787244300000,172.29,174.735,172.189,174.735,72928548.1033855
1787245200000,174.714,174.735,173.45,173.759,96211442.81845716
1787246100000,173.766,173.84,172.01,173.009,50377888.58224845
1787247000000,173.009,173.369,172.354,172.43,33679237.47851437
1787247900000,172.37,173.261,172.255,172.74,36773119.93011883
1787248800000,172.65,172.74,171.15,171.425,63586325.38613377
1787249700000,171.525,172.36,171.22,172.2,40550620.07548346
1787250600000,172.21,172.256,170.07,170.87,52343233.24303133
1787251500000,170.892,171.565,170.189,170.254,63829318.95357284
1787252400000,170.256,171.565,170.165,171.43,41915054.64897168
1787253300000,171.438,172.01,170.78,171.157,66749808.918170094
1787254200000,171.36,172.814,171.145,171.65,67510072.85423401
1787255100000,171.685,172.55,170.757,172.42,209754792.61753902
1787256000000,173.01,173.115,172.301,173.01,222007089.15735003
1787256900000,173.21,173.21,172.801,173.21,4029633.55561471
1787257800000,172.85,173.01,172.7,172.7,2200455.92510564
1787258700000,172.713,172.788,172.051,172.505,2222386.10803518
1787259600000,172.505,172.589,172.3,172.3,418878.79515575
1787260500000,172.3,172.605,172.205,172.205,1431416.61023322
1787261400000,172.204,172.5,172.2,172.402,1017323.20422742
1787262300000,172.401,172.5,172.166,172.25,405804.04616543
1787263200000,172.25,172.25,171.5,171.63,897645.12261368
1787264100000,172.01,172.137,171.625,172.01,1248326.9688
1787265000000,172.055,172.055,171.539,171.884,389129.35986
1787265900000,171.99,172.25,171.751,171.99,1064147.89499111
1787266800000,171.84,172.189,171.84,172.17,432906.75431945
1787267700000,172.17,173.309,172.17,172.995,2571829.57159927
1787268600000,173.11,173.215,172.645,173.11,1512689.19831078
1787269500000,172.76,172.76,172.525,172.63,1451279.996466989
1787270400000,172.57,174.17,172.57,174.16,666998.61
1787271300000,174.15,174.71,173.62,174.49,1325344.31
1787272200000,174.53,175.25,173.96,174.41,1577021.12
1787273100000,174.4,174.65,174.03,174.21,727014.42
1787274000000,174.2,175.1,174.07,175.1,1058773.96
1787274900000,175.1,176.39,175.03,176.39,2061146.77
1787275800000,176.35,177.16,175.95,176.49,2540961.99
1787276700000,176.61,177.97,176.44,177.14,2898002.25
1787277600000,177.12,177.49,176.42,176.76,1254768.23
1787278500000,176.86,177.17,176.39,177.1,706471.65
1787279400000,177.18,177.33,176.79,176.96,1021625.29
1787280300000,176.93,176.93,176.24,176.39,1290391.98
1787281200000,176.45,176.49,175.84,176.0,548936.73
1787282100000,176.02,176.74,175.86,176.74,555462.92
1787283000000,176.6,176.85,176.36,176.75,269986.45
1787283900000,176.85,177.06,176.6,176.6,456662.06
1787284800000,176.72,177.24,176.61,177.02,690978.63
1787285700000,177.09,177.23,176.74,176.74,459312.23
1787286600000,176.69,177.21,176.69,177.21,370011.91
1787287500000,177.23,177.78,177.17,177.68,966731.51
1787288400000,177.68,178.2,177.51,178.18,508377.87
1787289300000,178.24,178.5,177.2,177.76,977538.61
1787290200000,177.78,178.45,177.71,178.31,673555.97
1787291100000,178.3,178.67,178.07,178.52,1409511.0
1787292000000,178.61,178.61,177.91,177.91,964987.98
1787292900000,178.03,178.7,177.75,178.46,1364346.55
1787293800000,178.45,179.39,178.34,178.54,1805795.02
1787294700000,178.49,179.0,178.32,178.9,1158982.39
1787295600000,178.9,179.69,178.9,179.57,1888143.19
1787296500000,179.59,180.73,179.48,180.39,4471930.74
1787297400000,180.39,181.27,180.36,180.84,3971207.15
1787298300000,180.87,181.73,180.62,180.77,2698078.17
1787299200000,182.99,183.684,173.672,182.99,57505193.32564932
1787300100000,183.384,184.485,182.871,183.898,8732786.51695467
1787301000000,184.31,184.865,183.899,184.31,7210644.46127531
1787301900000,185.18,187.003,184.503,185.18,11873713.59954538
1787302800000,186.87,186.87,183.305,184.206,14745839.66216032
1787303700000,183.59,184.172,182.41,183.54,13371277.56673689
1787304600000,183.23,184.324,182.655,184.206,5873954.53371452
1787305500000,184.59,184.796,183.49,184.59,6726721.51263349
1787306400000,183.5,183.694,182.85,183.385,4305859.31877573
1787307300000,182.32,183.59,182.306,182.77,3432343.1835943
1787308200000,182.847,182.902,182.105,182.501,4122366.51111837
1787309100000,182.58,183.149,182.395,182.58,3296678.92413692
1787310000000,182.19,182.65,180.901,181.24,14857152.19579865
1787310900000,181.65,182.591,181.599,182.47,6990401.68239725
1787311800000,181.4,182.594,179.971,181.07,18789577.31213701
1787312700000,181.027,181.773,180.4,181.0,10493992.283152623
1787313600000,181.039,181.305,180.202,180.475,12255213.438996995
1787314500000,180.39,180.569,179.772,180.36,6361818.65756851
1787315400000,179.75,181.751,179.75,179.75,10423121.87822325
1787316300000,181.49,181.812,180.225,181.49,8019038.1690271
1787317200000,180.54,181.072,180.118,181.0,5912689.21304424
1787318100000,181.07,181.165,179.81,179.81,13145849.01438584
1787319000000,181.69,188.25,179.48,188.17,608304384.577168
1787319900000,188.01,189.81,186.785,189.45,367380954.95575756
1787320800000,189.43,190.505,187.29,187.765,296694154.1216167
1787321700000,187.72,188.5,185.7,186.558,232093091.59691635
1787322600000,186.542,187.575,185.08,186.832,129026872.46440357
1787323500000,186.9,191.355,186.839,190.73,217600553.74440658
1787324400000,190.8,190.925,188.585,188.595,129032200.22175737
1787325300000,188.51,189.589,187.787,188.07,114461302.27897508
1787326200000,188.039,189.53,187.76,189.011,103641669.29011132
1787327100000,189.01,189.692,188.57,188.92,81936636.17041814
1787328000000,188.91,189.427,186.8,186.925,93546118.40882929
1787328900000,186.8,188.365,186.67,187.905,69765305.73174614
1787329800000,187.912,188.153,186.5,186.668,94351280.66854677
1787330700000,186.665,187.644,186.44,186.741,79552838.8988495
1787331600000,186.748,187.77,186.57,187.608,73991745.29985018
1787332500000,187.585,187.606,186.34,186.99,58585881.86800178
1787333400000,187.08,188.167,186.802,187.075,68253864.94892569
1787334300000,186.715,187.295,186.15,186.15,59931703.18342876
1787335200000,186.293,186.878,185.56,186.157,60410136.571955025
1787336100000,186.18,186.74,185.455,186.3,47797347.07049337
1787337000000,186.11,186.25,185.125,185.515,51939600.11935473
1787337900000,185.515,186.3,185.117,186.145,55037302.7971205
1787338800000,186.32,186.4,185.385,185.78,56142432.73941401
1787339700000,185.797,185.803,184.21,185.079,99464474.92781647
1787340600000,185.057,185.44,184.5,185.155,83782337.19253397
1787341500000,185.175,186.98,184.906,186.565,283241061.8902447
1787342400000,186.21,187.589,185.835,187.51,504069780.6308849
1787343300000,186.01,186.491,185.9,185.9,8778787.03125737
1787344200000,186.252,186.891,186.156,186.625,2523197.6382278
1787345100000,186.625,186.625,186.093,186.501,1888414.5529531
1787346000000,186.67,187.1,186.266,186.67,1463377.18420741
1787346900000,187.14,188.646,186.719,188.0,6253330.09500977
1787347800000,188.99,189.238,188.323,188.99,3577938.54623329
1787348700000,188.595,189.474,188.501,189.265,7742844.069959761
1787349600000,189.265,189.935,189.066,189.66,4161704.63905428
1787350500000,189.623,189.65,189.316,189.462,3535900.58895923
1787351400000,189.4,189.7,188.601,189.18,3762042.00567167
1787352300000,190.0,190.095,189.24,190.0,6766241.59065421
1787353200000,189.793,189.89,189.59,189.65,2150153.7991946083
1787354100000,189.65,190.345,189.65,189.9,3356743.41208245
1787355000000,189.73,190.0,189.525,189.73,2548813.15260616
1787355900000,189.674,189.675,188.934,189.128,5612360.004180174
1787362200000,189.32,189.81,189.32,189.81,2719.423808
1787363100000,189.88,189.88,189.73,189.73,2258.335481
1787364000000,189.91,189.91,189.73,189.73,149.165707
1787364900000,189.91,190.12,189.91,190.12,345.784648
1787365800000,190.01,190.77,190.01,190.77,8635.624306
1787366700000,190.71,190.71,190.71,190.71,10.031346
1787367600000,190.81,190.89,190.81,190.89,932.06781
1787368500000,190.91,191.05,190.91,191.05,29041.412791
1787369400000,191.01,191.03,191.01,191.03,9650.485102
1787370300000,191.06,191.06,191.06,191.06,1146.36
1787371200000,190.98,190.98,190.82,190.82,20424.566042
1787373000000,190.95,191.29,190.95,191.29,46798.667712
1787374800000,191.12,191.12,189.74,189.74,57838.217022
1787375700000,189.79,189.79,189.64,189.64,1938.554011
1787376600000,189.81,189.81,189.81,189.81,350.996652
1787382000000,189.87,189.87,189.87,189.87,19.993311
1787385600000,189.87,189.87,189.87,189.87,20.430012
1787389200000,189.64,189.64,189.28,189.28,1967.338387
1787395500000,189.43,189.43,189.39,189.39,66.314335
1787398200000,189.45,189.52,189.28,189.52,398.943268
1787403600000,189.35,189.42,189.27,189.42,244.224272
1787408100000,189.47,189.47,189.47,189.47,19.989085
1787410800000,189.27,189.27,189.25,189.25,175.429009
1787411700000,189.25,189.25,189.24,189.24,338.941653
1787425200000,189.47,189.47,189.47,189.47,39.97817
1787428800000,189.47,189.47,189.47,189.47,1880.186598
1787434200000,189.35,189.51,189.35,189.51,37.867049
1787446800000,189.35,189.35,189.35,189.35,221.31228
1787448600000,189.33,189.33,189.33,189.33,10.488882
1787450400000,189.35,189.35,189.35,189.35,19.99536
1787454000000,189.33,189.35,189.33,189.35,41.010302
1787454900000,189.35,189.35,189.31,189.31,715.887767
1787464800000,189.32,189.32,189.32,189.32,161.849668
1787465700000,189.32,189.33,189.27,189.27,806.19414
1787466600000,189.27,189.27,189.2,189.2,100.494943
1787467500000,189.2,189.2,188.23,188.23,233.783336
1787468400000,188.38,188.38,188.38,188.38,125.253862
1787471100000,188.34,188.76,188.32,188.76,131.548865
1787479200000,188.71,189.12,188.71,189.12,96.188664
1787484600000,188.34,188.34,188.34,188.34,3864.64263
1787485500000,188.32,188.32,188.32,188.32,21.167168
1787486400000,188.43,188.54,188.43,188.54,979.361625
1787487300000,188.63,188.63,188.63,188.63,520.222677
1787489100000,188.82,188.82,188.82,188.82,29.984616
1787491800000,188.82,188.82,188.82,188.82,187.573788
1787493600000,188.82,188.82,188.82,188.82,176.376762
1787494500000,188.82,188.82,188.82,188.82,19.996038
1787496300000,188.82,188.82,188.82,188.82,29.984616
1787498100000,188.3,188.82,188.3,188.82,110.462052
1787501700000,188.81,188.81,188.81,188.81,131.468403
1787503500000,188.81,188.82,188.81,188.82,194.419017
1787511600000,188.89,188.89,188.89,188.89,39.969124
1787513400000,188.82,188.82,188.82,188.82,25.30188
1787518800000,188.94,188.99,188.94,188.99,489.696237
1787519700000,188.99,188.99,188.99,188.99,49.987855
1787522400000,188.99,189.35,188.99,189.35,2094.646239
1787529600000,188.7,189.81,187.63,188.46,3845289.77
1787530500000,188.31,188.31,186.54,186.86,1462680.35
1787531400000,186.89,187.48,186.86,186.88,937564.11
1787532300000,186.84,188.44,186.59,188.44,733220.27
1787533200000,188.49,188.5,187.58,187.69,876536.59
1787534100000,187.65,187.85,187.3,187.3,258988.81
1787535000000,187.26,187.48,186.79,186.79,983711.18
1787535900000,186.76,186.99,185.61,185.69,804017.36
1787536800000,185.71,186.65,185.55,186.65,513856.88
1787537700000,186.7,187.2,186.63,187.04,444978.06
1787538600000,187.06,187.21,186.88,187.02,181981.86
1787539500000,187.01,187.02,186.42,186.76,825742.92
1787540400000,187.02,187.02,185.76,185.76,510250.42
1787541300000,185.9,185.9,185.18,185.2,925555.32
1787542200000,185.19,185.19,184.55,184.67,1262786.45
1787543100000,184.59,185.01,184.16,184.23,472757.58
1787544000000,184.23,184.83,184.23,184.69,532832.55
1787544900000,184.69,185.3,184.69,185.21,62388.82
1787545800000,185.45,185.47,184.81,185.14,137589.88
1787546700000,185.2,185.25,184.04,184.04,398386.05
1787547600000,184.2,185.19,184.01,185.19,209052.88
1787548500000,185.21,185.21,184.42,184.42,107372.43
1787549400000,184.41,185.02,184.07,184.74,704732.45
1787550300000,184.75,184.95,184.53,184.95,386171.06
1787551200000,184.9,185.39,184.5,185.33,499767.89
1787552100000,185.28,185.73,185.21,185.56,306247.93
1787553000000,185.54,185.58,185.01,185.07,200999.38
1787553900000,185.11,186.0,185.11,185.89,452463.78
1787554800000,185.86,187.31,185.7,187.08,1789477.64
1787555700000,187.04,187.04,186.42,186.86,1676056.49
1787556600000,186.83,186.83,185.78,185.79,683980.31
1787557500000,185.77,185.77,185.14,185.41,367774.82
1787558400000,189.129,189.129,183.707,184.621,19231840.955419388
1787559300000,184.623,184.635,182.99,183.408,6569953.865732527
1787560200000,183.409,184.48,183.307,184.48,782041.76363783
1787561100000,184.48,184.48,183.8,183.8,827231.89904343
1787562000000,183.753,185.039,183.52,184.099,1519291.76007724
1787562900000,184.1,185.09,184.025,185.086,554326.0152971
1787563800000,185.085,185.106,184.375,184.969,652677.73839827
1787564700000,184.974,185.11,184.725,185.1,720468.07105673
1787565600000,185.3,185.783,185.035,185.3,2440566.59994952
1787566500000,185.8,186.308,185.41,185.8,1624984.45631042
1787567400000,185.939,186.46,185.71,186.052,3511071.095176724
1787568300000,186.056,186.1,185.439,185.725,668178.10868463
1787569200000,185.725,185.725,183.857,184.959,3220292.68007018
1787570100000,184.961,185.209,184.608,184.909,1289949.57096815
1787571000000,185.94,188.041,184.903,188.0,11250264.53522288
1787571900000,188.07,188.394,186.98,188.095,8897807.799080241
1787572800000,186.69,188.1,186.69,186.69,3474590.58901516
1787573700000,187.11,188.1,186.431,187.11,5420381.75547094
1787574600000,189.22,189.728,187.787,189.22,13493917.14332715
1787575500000,189.94,190.274,188.844,189.95,12769899.36471755
1787576400000,190.14,190.49,189.28,190.482,21364560.87678776
1787577300000,189.6,190.497,187.75,188.13,15786139.30899141
1787578200000,188.73,191.78,186.0,186.0,313977415.29086924
1787579100000,186.085,187.36,184.91,186.4,139937515.72841996
1787580000000,186.66,189.29,186.0,188.605,152206714.88480914
1787580900000,188.75,190.1,187.28,189.02,111702905.93757516
1787581800000,189.165,189.73,187.93,188.23,88687063.33159024
1787582700000,188.335,188.703,186.935,188.06,56173468.4623183
1787583600000,188.086,188.137,186.42,186.671,70111523.47371267
1787584500000,186.625,187.838,186.32,187.626,84920132.95960878
1787585400000,187.644,187.804,184.83,184.969,90383402.25211008
1787586300000,185.065,185.395,183.47,183.72,82593012.1568824
1787587200000,184.41,185.82,183.98,185.07,52801275.00630128
1787588100000,185.114,185.722,185.0,185.678,45061855.763069145
1787589000000,185.68,185.84,184.854,184.909,37899911.42235655
1787589900000,184.96,185.186,183.894,184.28,31653247.67553254
1787590800000,184.23,184.535,183.38,184.33,33130963.04630013
1787591700000,184.0,184.299,181.95,182.545,63337596.28811232
1787592600000,182.556,182.998,181.982,181.982,36521090.525166415
1787593500000,181.975,182.53,181.371,181.861,54035682.03392274
1787594400000,182.02,182.384,181.537,181.81,34877844.57479338
1787595300000,181.845,182.116,181.4,181.7,29107629.10998113
1787596200000,181.87,181.958,180.307,180.59,56478981.77827273
1787597100000,180.613,181.13,180.272,180.626,55703782.43489204
1787598000000,180.626,180.901,180.11,180.757,51334544.01717502
1787598900000,180.74,180.95,180.191,180.95,35404374.51731703
1787599800000,180.92,181.08,178.99,179.16,71247875.97524749
1787600700000,179.203,179.785,178.605,179.382,178100534.01039788
1787601600000,179.391,179.749,178.886,179.124,402165543.16113985
1787602500000,179.125,179.224,178.696,178.97,3274736.1604398834
1787603400000,178.97,179.599,178.816,179.317,2489145.36578906
1787604300000,179.37,179.555,179.175,179.37,10474720.11839537
1787605200000,179.407,180.2,179.4,180.145,1366356.13681935
1787606100000,180.145,180.197,179.75,179.75,1261821.80399385
1787607000000,179.75,179.86,179.75,179.86,437884.82493012
1787607900000,179.86,180.199,179.86,180.1,8617452.9082346
1787608800000,180.0,180.1,179.875,180.0,673817.15150367
1787609700000,179.875,179.999,179.825,179.875,472159.1038265
1787610600000,179.875,179.974,179.7,179.7,493892.3418
1787611500000,179.7,179.824,179.406,179.5,1841227.9935085953
1787612400000,179.5,179.545,179.201,179.48,475197.2888229
1787613300000,179.3,179.51,179.06,179.3,987219.24451204
1787614200000,179.505,179.874,179.262,179.778,773636.52475661
1787615100000,179.777,179.777,179.525,179.55,1403307.71370203
1787616000000,180.02,180.22,179.55,179.7,390753.82
1787616900000,179.7,179.7,178.7,179.28,398707.04
1787617800000,179.26,180.41,179.26,180.41,131400.15
1787618700000,180.49,182.61,180.49,182.2,1316390.98
1787619600000,182.19,182.66,181.75,181.89,838793.52
1787620500000,181.75,182.37,181.38,182.23,266652.3
1787621400000,182.15,182.23,181.6,181.99,364147.94
1787622300000,182.0,182.26,181.5,182.19,353346.45
1787623200000,182.15,182.4,181.99,182.16,195567.68
1787624100000,182.15,184.99,182.0,184.95,3008393.78
1787625000000,184.89,185.57,184.09,184.56,3125547.88
1787625900000,184.54,184.56,183.62,184.0,2400972.04
1787626800000,184.03,184.86,184.03,184.52,653049.29
1787627700000,184.52,184.64,184.05,184.24,570584.99
1787628600000,184.25,184.94,184.2,184.36,859153.69
1787629500000,184.25,184.32,183.69,183.98,771442.45
1787630400000,183.92,184.48,183.81,184.09,1292139.32
1787631300000,184.21,184.21,183.6,183.78,466885.12
1787632200000,183.75,183.99,183.51,183.74,497642.21
1787633100000,183.74,184.22,183.65,184.11,158138.0
1787634000000,184.15,184.62,184.14,184.51,611668.74
1787634900000,184.5,184.64,184.34,184.35,1012644.7
1787635800000,184.47,184.69,184.31,184.31,493071.17
1787636700000,184.44,184.64,184.26,184.46,372296.88
1787637600000,184.44,184.65,184.42,184.65,454312.86
1787638500000,184.59,185.1,184.59,184.85,359797.08
1787639400000,184.75,184.79,184.31,184.32,460604.65
1787640300000,184.33,184.43,184.05,184.33,361957.5
1787641200000,184.49,185.29,184.43,185.21,934171.4
1787642100000,185.19,185.19,184.75,185.11,870296.24
1787643000000,185.05,185.06,184.24,184.47,1169589.72
1787643900000,184.44,184.45,182.48,182.81,3757297.93
1787644800000,180.314,183.994,180.314,182.981,22453726.64394462
1787645700000,182.98,184.144,182.98,183.815,1481212.26358089
1787646600000,183.815,184.0,183.164,183.32,779278.92461469
1787647500000,183.354,183.568,182.605,182.775,1451839.188724516
1787648400000,182.764,183.247,181.49,182.43,6925868.11648504
1787649300000,182.43,182.43,181.88,182.43,1263185.25191948
1787650200000,182.04,182.43,181.866,182.11,2031608.04717141
1787651100000,179.6,182.117,179.46,180.17,5471243.2762554
1787652000000,178.99,180.614,178.897,178.99,4815987.91042787
1787652900000,179.266,180.164,179.225,179.793,1680379.91344459
1787653800000,179.794,180.6,179.794,180.594,1714429.88683177
1787654700000,180.595,181.384,180.595,180.77,1439157.97899251
1787655600000,180.77,180.885,179.705,179.719,6217420.046608511
1787656500000,179.83,180.448,179.651,179.83,2184677.88825438
1787657400000,180.38,181.194,179.95,180.38,2179625.10040859
1787658300000,180.249,180.581,179.427,179.635,2287261.45025523
1787659200000,178.09,179.699,177.876,178.09,7672980.64916642
1787660100000,178.528,178.911,177.761,178.55,8868222.341730608
1787661000000,178.625,179.2,178.25,178.906,3642462.00667294
1787661900000,178.906,179.848,178.6,179.511,4662277.51186877
1787662800000,179.489,179.871,178.897,178.897,3734573.55758904
1787663700000,178.79,179.075,176.367,176.61,8149864.87864933
1787664600000,176.404,181.77,175.14,178.492,167113647.79478908
1787665500000,178.32,179.31,175.79,179.115,136836993.8033655
1787666400000,179.07,183.642,178.89,183.25,105150393.6783571
1787667300000,182.58,186.0,182.2,185.72,96728350.98168765
1787668200000,185.557,186.61,184.18,185.577,109536565.40365933
1787669100000,185.601,186.695,185.13,186.651,67402324.63893916
1787670000000,186.56,186.81,184.55,184.67,51819705.57973031
1787670900000,184.595,185.215,184.315,185.16,30748799.28100222
1787671800000,185.15,186.82,184.862,186.53,53333600.01740191
1787672700000,186.525,186.66,185.49,186.617,41613360.23187654
1787673600000,186.612,186.87,185.867,185.889,43759157.482819624
1787674500000,185.81,185.887,185.155,185.495,28076596.90490446
1787675400000,185.52,186.81,185.479,186.535,41958069.6693262
1787676300000,186.64,188.054,186.524,187.49,74108415.69352433
1787677200000,187.411,188.299,187.33,188.018,63124376.02981327
1787678100000,188.001,188.55,187.435,187.465,53175914.01243587
1787679000000,187.375,188.165,187.375,187.88,28344168.77301161
1787679900000,187.855,188.75,187.822,188.09,30874233.64229494
1787680800000,188.115,188.89,187.93,188.52,30367291.595918
1787681700000,188.632,188.638,187.858,188.301,32421880.771736585
1787682600000,188.302,188.748,187.74,188.133,40104622.93907174
1787683500000,188.47,189.151,188.157,188.99,31063187.75743596
1787684400000,189.17,189.243,188.341,188.99,40817910.16188199
1787685300000,188.8,188.919,188.01,188.185,34748575.69529265
1787686200000,188.098,188.125,186.42,186.485,83891235.43503672
1787687100000,186.489,187.235,186.26,187.219,135956004.04045555
1787688000000,187.208,187.399,186.664,187.055,292532386.36157864
1787688900000,186.77,187.1,186.634,186.77,1431652.67398894
1787689800000,186.3,186.815,186.097,186.28,4613033.34548578
1787690700000,186.096,186.148,185.482,186.03,1815883.23440401
1787691600000,185.5,186.03,185.205,185.5,1532819.85452643
1787692500000,185.516,185.912,185.5,185.845,1382417.77717233
1787693400000,185.847,186.489,185.751,186.238,1154712.43176273
1787694300000,186.239,186.453,186.001,186.097,662710.41833556
1787695200000,186.098,186.767,186.098,186.6,1081418.85064935
1787696100000,186.6,186.87,186.28,186.28,449198.635533
1787697000000,186.44,186.44,186.2,186.44,406988.16282139
1787697900000,186.7,186.768,186.056,186.7,269037.63786828
1787698800000,186.691,186.82,186.57,186.7,465871.13977953
1787699700000,186.7,186.7,186.4,186.599,1031228.5911176
1787700600000,186.599,186.6,186.065,186.065,650668.80517123
1787701500000,186.065,186.065,185.75,185.825,1235445.8204
1787702400000,186.1,186.12,185.31,185.42,564993.34
1787703300000,185.48,185.96,185.48,185.55,191740.59
1787704200000,185.73,186.24,185.28,185.28,371381.96
1787705100000,185.48,185.89,185.15,185.77,1588381.08
1787706000000,185.74,186.58,185.74,186.31,166808.12
1787706900000,186.29,186.53,186.0,186.0,86240.36
1787707800000,186.0,186.77,186.0,186.47,63577.77
1787708700000,186.29,186.29,186.01,186.26,102760.92
1787709600000,186.21,186.42,186.14,186.42,505647.38
1787710500000,186.41,187.51,186.41,187.41,193808.85
1787711400000,187.42,187.57,187.32,187.49,65419.11
1787712300000,187.34,187.42,187.17,187.33,149288.31
1787713200000,187.32,187.41,187.12,187.21,45681.13
1787714100000,187.19,187.23,186.94,186.94,191517.34
1787715000000,186.93,187.18,186.72,187.05,92045.81
1787715900000,187.15,187.38,186.93,187.34,41176.86
1787716800000,187.31,187.51,187.17,187.17,84311.31
1787717700000,187.19,187.39,187.19,187.2,14606.0
1787718600000,187.22,187.22,187.01,187.03,30491.65
1787719500000,186.89,186.89,186.49,186.49,85430.14
1787720400000,186.48,186.6,186.11,186.5,264525.87
1787721300000,186.41,186.97,186.23,186.97,54445.05
1787722200000,186.99,187.2,186.99,187.1,195490.04
1787723100000,187.09,187.09,186.74,186.81,178480.67
1787724000000,186.96,187.29,186.8,186.9,390010.52
1787724900000,186.89,187.0,186.51,186.65,125660.61
1787725800000,186.52,186.67,186.52,186.67,64574.75
1787726700000,186.68,186.77,186.54,186.77,141847.53
1787727600000,186.67,187.03,186.37,186.68,249255.02
1787728500000,186.68,186.7,186.34,186.52,69770.19
1787729400000,186.43,186.8,186.35,186.8,210186.09
1787730300000,186.81,186.81,186.37,186.39,104621.61
1787731200000,185.949,186.849,185.949,186.818,4777361.7937886
1787732100000,186.819,186.824,186.102,186.2,81214.61071
1787733000000,186.2,186.395,185.96,186.353,260646.43691334
1787733900000,186.356,186.37,185.32,185.32,1032113.01089204
1787734800000,185.32,185.771,185.32,185.645,467939.48133265
1787735700000,185.645,185.645,184.305,184.4,1067533.47869943
1787736600000,184.558,185.35,184.505,184.505,1062165.966782665
1787737500000,184.538,184.699,184.35,184.605,544957.4648
1787738400000,184.609,184.675,184.362,184.5,631114.90333979
1787739300000,184.5,185.27,184.5,185.201,530422.88730545
1787740200000,185.2,186.05,185.2,185.68,783644.29722579
1787741100000,185.68,185.95,185.551,185.95,557674.7052545
1787742000000,185.95,185.95,185.301,185.515,1133647.20514033
1787742900000,185.5,185.723,185.351,185.5,630760.79412701
1787743800000,185.21,185.483,184.429,184.71,1675342.74727559
1787744700000,184.8,185.25,184.5,184.904,781240.52854018
1787745600000,184.905,184.964,184.595,184.7,1336757.1644530469
1787746500000,184.7,185.6,184.419,185.529,1125960.81329134
1787747400000,185.529,185.529,183.645,183.909,3922870.34162282
1787748300000,183.908,184.113,183.777,183.777,2537677.349482
1787749200000,183.11,184.03,183.11,183.11,2890384.91975477
1787750100000,183.25,183.729,181.882,182.354,7929092.4898681035
1787751000000,182.195,184.59,181.33,183.5,100225917.91334628
1787751900000,184.19,185.243,183.235,184.7,51545303.56775567
1787752800000,184.265,184.819,183.65,184.14,27011349.48539923
1787753700000,183.985,184.374,183.0,183.97,52673794.54462683
1787754600000,183.979,184.75,182.44,182.733,40784071.275274456
1787755500000,182.61,182.73,180.69,181.01,50716867.2123521
1787756400000,180.875,181.829,179.89,181.19,101926407.7048962
1787757300000,181.62,182.279,181.221,182.2,55439132.05482877
1787758200000,182.182,182.182,181.34,181.484,27080539.287508484
1787759100000,181.463,181.688,180.75,180.845,25295671.4538665
1787760000000,180.67,181.219,180.567,180.815,15986030.58275506
1787760900000,180.89,181.225,179.967,180.05,20298724.26977376
1787761800000,179.84,180.43,179.46,179.625,40211733.83624614
1787762700000,179.68,180.424,179.558,180.09,26883171.8931095
1787763600000,180.092,180.4,179.87,180.058,22514878.924040984
1787764500000,179.99,181.419,179.941,181.12,27533321.5789286
1787765400000,181.435,181.892,181.277,181.68,26339527.43223887
1787766300000,181.49,182.124,181.29,181.92,18063537.54184791
1787767200000,181.548,182.58,181.548,182.237,32346286.357832257
1787768100000,182.226,182.789,181.8,182.239,66575787.4044194
1787769000000,182.34,182.85,182.005,182.075,18207117.48688293
1787769900000,182.055,182.609,181.925,182.24,16705160.95528383
1787770800000,182.29,182.77,182.11,182.2,21472012.21233256
1787771700000,182.271,182.699,181.84,182.699,26869988.067748595
1787772600000,182.701,182.704,181.83,182.07,50616674.64708104
1787773500000,182.07,182.605,181.46,181.735,101850410.7864223
1787774400000,181.717,181.853,181.195,181.292,121875131.72522476
1787775300000,181.293,181.497,180.8,181.355,1504653.09631426
1787776200000,181.355,181.6,181.355,181.513,368049.2376
1787777100000,181.69,181.83,181.455,181.69,722261.32944147
1787778000000,181.83,183.023,181.667,183.023,1899175.96133754
1787778900000,183.036,183.444,182.69,183.15,1953262.36519544
1787779800000,183.177,183.415,183.164,183.295,1036483.481
1787780700000,183.295,183.399,183.125,183.189,2183492.66675496
1787781600000,183.19,183.442,182.891,183.249,1062586.22278908
1787782500000,183.249,183.854,183.249,183.692,757028.70948031
1787783400000,183.691,183.695,183.401,183.402,719115.53076094
1787784300000,183.401,183.431,183.027,183.3,341906.51918557
1787785200000,183.3,183.3,182.904,182.904,972016.2543233
1787786100000,182.902,183.3,182.502,183.3,321498.250668
1787787000000,183.3,183.699,183.3,183.6,371681.0026093
1787787900000,183.6,184.469,183.6,184.267,1257025.56696911
1787788800000,184.48,184.48,183.59,183.59,330370.98
1787789700000,183.38,183.95,183.3,183.72,125290.58
1787790600000,183.73,183.73,183.24,183.27,193042.14
1787791500000,183.47,183.47,183.0,183.1,142346.8
1787792400000,182.88,183.27,182.88,182.94,200529.9
1787793300000,182.9,183.5,182.89,183.49,87663.51
1787794200000,183.96,184.16,183.47,183.58,264690.01
1787795100000,183.31,184.28,183.31,183.97,287961.81
1787796000000,183.98,184.18,183.91,183.91,227421.43
1787796900000,183.91,183.98,183.6,183.77,233411.95
1787797800000,183.66,183.84,183.66,183.74,210967.17
1787798700000,183.73,183.9,183.45,183.45,1332236.38
1787799600000,183.57,183.57,183.29,183.29,69331.77
1787800500000,183.21,183.85,183.19,183.85,67197.77
1787801400000,183.86,183.86,183.59,183.62,136814.73
1787802300000,183.69,183.74,183.35,183.35,83696.53
1787803200000,183.53,183.75,183.53,183.67,30313.95
1787804100000,183.74,183.94,183.74,183.82,32538.73
1787805000000,183.63,183.63,183.23,183.23,325048.13
1787805900000,183.29,183.29,183.15,183.25,24548.95
1787806800000,183.28,183.3,182.82,182.89,270210.54
1787807700000,182.88,183.24,182.73,183.1,71882.48
1787808600000,182.9,183.35,182.89,183.35,44698.81
1787809500000,183.43,183.99,183.43,183.45,185237.31
1787810400000,183.64,183.64,183.12,183.14,66178.79
1787811300000,183.15,183.15,182.6,182.61,128352.43
1787812200000,182.72,183.19,182.68,183.19,51413.78
1787813100000,183.2,183.22,182.97,183.11,354865.1
1787814000000,183.12,183.24,182.89,183.01,172609.96
1787814900000,183.05,183.12,182.81,182.84,322304.47
1787815800000,182.95,183.22,182.91,182.97,309576.06
1787816700000,183.17,183.94,183.17,183.63,424245.97
1787817600000,184.251,186.315,183.485,185.792,9619165.852140602
1787818500000,185.793,186.031,185.05,185.958,1621927.5225342945
1787819400000,185.965,186.25,185.5,186.25,1852806.17673043
1787820300000,186.25,186.669,185.705,186.495,1263272.71662592
1787821200000,186.495,186.495,185.496,185.987,826094.98700192
1787822100000,185.986,187.547,185.939,187.547,1929913.85635186
1787823000000,187.548,187.55,186.746,187.137,2953579.572458146
1787823900000,187.136,187.404,186.072,186.148,1057377.87170084
1787824800000,186.149,187.019,186.149,186.6,696173.89325505
1787825700000,186.6,186.6,185.115,185.914,722359.02245341
1787826600000,185.734,185.734,184.29,185.0,1544197.02479369
1787827500000,185.0,185.55,185.0,185.55,535574.470526787
1787828400000,185.55,185.744,185.11,185.72,1601784.67569816
1787829300000,185.72,185.72,184.602,184.7,1874959.26930753
1787830200000,184.666,184.996,184.402,184.725,2031237.1430325
1787831100000,184.725,184.773,184.214,184.59,3466649.55218092
1787832000000,184.591,184.834,184.146,184.541,2373831.9566994
1787832900000,184.71,185.319,184.247,184.71,3747826.21081873
1787833800000,184.51,185.27,183.84,184.51,4340087.19024847
1787834700000,183.833,184.35,183.804,184.0,12337166.51863531
1787835600000,184.66,184.797,184.0,184.64,1638527.56445466
1787836500000,184.671,187.0,184.143,186.113,8678847.501510927
1787837400000,186.46,186.46,180.2,185.88,141572561.46176314
1787838300000,186.04,189.055,184.981,188.59,104609617.155721
1787839200000,188.95,189.81,187.21,187.71,99611629.48629567
1787840100000,187.541,189.49,187.447,189.216,61567083.59563481
1787841000000,189.21,191.77,188.466,191.611,155484776.314628
1787841900000,191.21,191.83,190.504,191.09,70226545.06891035
1787842800000,191.15,193.3,191.134,192.795,73545381.11720496
1787843700000,192.808,193.575,191.22,192.03,102491734.62593964
1787844600000,192.025,193.732,191.623,193.502,56958506.97952676
1787845500000,193.506,193.805,192.66,192.74,47706512.074101515
1787846400000,192.63,193.102,192.016,192.59,33934407.49426635
1787847300000,192.17,192.451,191.705,191.71,22937729.74232852
1787848200000,191.46,192.06,191.135,192.06,33105065.24180701
1787849100000,191.993,193.026,191.8,192.485,60982192.396846905
1787850000000,192.483,192.907,192.14,192.907,40097971.02177807
1787850900000,193.01,193.13,192.11,192.22,39586221.98597663
1787851800000,192.475,192.698,191.506,191.54,22116132.33653384
1787852700000,191.44,192.215,190.623,190.7,29962264.65757756
1787853600000,190.611,190.7,188.7,188.807,49261763.26541043
1787854500000,188.804,189.125,188.132,189.033,42669585.36141139
1787855400000,189.13,189.849,188.97,189.59,41332554.31856999
1787856300000,189.65,190.846,189.467,190.775,33599792.58676333
1787857200000,190.975,191.237,190.71,191.195,37690711.06416669
1787858100000,191.022,191.478,190.712,190.751,35149865.789884694
1787859000000,190.749,190.805,189.165,189.43,50941667.10287286
1787859900000,189.54,190.83,189.01,190.78,135778124.17101866
1787860800000,190.31,190.804,190.0,190.3,175314868.49472684
1787861700000,190.006,190.6,190.0,190.591,10199362.60074739
1787862600000,190.59,190.59,190.25,190.25,430383.20429593
1787863500000,190.25,190.621,190.25,190.62,13164342.8690544
1787864400000,190.633,190.7,190.2,190.2,1056111.24034583
1787865300000,190.2,190.2,189.354,189.95,1064065.77782228
1787866200000,189.95,190.2,189.845,189.845,321015.77432546
1787867100000,189.99,190.1,189.72,190.1,965993.98
1787868000000,190.46,190.5,189.902,190.46,870032.39467731
1787868900000,190.93,191.425,190.4,190.93,2224412.17126105
1787869800000,190.771,191.414,190.77,191.274,646211.18465032
1787870700000,191.275,191.34,191.1,191.34,521011.46032
1787871600000,191.341,191.345,191.12,191.12,656812.83956
1787872500000,191.12,191.125,191.05,191.125,1453847.792048628
1787873400000,191.125,191.15,190.925,190.925,1234178.93203177
1787874300000,190.925,191.25,190.925,191.075,312745.475789
1787875200000,191.35,191.35,190.68,191.01,127148.69
1787876100000,191.2,191.75,191.2,191.64,155613.73
1787877000000,191.62,191.76,191.41,191.64,415087.2
1787877900000,191.63,192.25,191.36,191.94,341807.78
1787878800000,192.2,192.71,192.19,192.55,388949.58
1787879700000,192.44,193.32,192.43,193.29,1661103.21
1787880600000,193.38,194.19,192.85,192.93,943616.63
1787881500000,192.91,193.02,191.81,191.96,444032.0
1787882400000,191.96,192.08,191.41,191.42,669748.77
1787883300000,191.62,191.64,190.95,190.95,510098.41
1787884200000,190.93,191.4,190.84,190.85,489719.86
1787885100000,190.85,190.87,190.29,190.51,404571.8
1787886000000,190.54,190.68,190.15,190.56,168948.3
1787886900000,190.6,190.81,190.52,190.52,70141.21
1787887800000,190.57,190.59,190.08,190.16,47968.08
1787888700000,190.07,190.36,190.07,190.36,109225.82
1787889600000,190.26,190.39,189.64,190.39,341664.12
1787890500000,190.55,190.86,190.48,190.51,369211.61
1787891400000,190.48,190.49,190.03,190.16,96242.72
1787892300000,190.15,190.26,190.03,190.07,164652.33
1787893200000,190.12,190.16,189.82,189.89,290134.31
1787894100000,189.91,190.07,189.71,190.07,268437.94
1787895000000,190.1,190.5,190.09,190.14,167343.82
1787895900000,190.3,190.5,189.9,190.0,92735.7
1787896800000,189.9,190.66,189.89,190.64,187538.75
1787897700000,190.66,190.73,190.29,190.29,278832.42
1787898600000,190.29,190.63,190.21,190.63,183830.92
1787899500000,190.7,190.93,190.68,190.76,158726.49
1787900400000,190.76,190.76,189.64,189.95,367576.73
1787901300000,189.78,190.24,189.78,190.02,128656.91
1787902200000,190.25,190.25,189.62,189.62,161801.37
1787903100000,189.52,190.0,189.49,189.9,189492.49
1787904000000,191.075,191.075,189.86,189.95,6183867.15988638
1787904900000,189.95,190.199,189.95,190.11,388038.37190036
1787905800000,190.105,190.105,189.45,189.45,555793.1235155904
1787906700000,189.45,189.45,188.62,188.99,684926.76194462
1787907600000,188.41,188.99,187.822,188.41,1315045.24161682
1787908500000,188.395,188.465,187.811,187.811,660724.5423
1787909400000,187.81,187.815,187.81,187.81,287379.28481809
1787910300000,187.81,187.81,187.215,187.225,1125850.1295473983
1787911200000,187.225,187.405,186.75,186.824,1556491.84539145
1787912100000,186.825,187.35,186.825,187.075,584783.30801702
1787913000000,187.075,188.11,187.075,188.017,957001.04724076
1787913900000,188.52,188.52,187.951,188.52,398388.16972791
1787914800000,188.46,189.305,188.4,188.7,2375676.6707440317
1787915700000,188.717,189.4,188.717,189.104,690860.59794908
1787916600000,188.61,189.397,188.455,188.61,1725607.95756722
1787917500000,188.569,188.898,188.108,188.299,645935.58342082
1787918400000,188.3,188.863,187.985,187.985,812287.46534618
1787919300000,187.985,188.994,187.985,188.085,944652.8355991
1787920200000,187.87,188.385,187.61,187.61,2754607.0968219
1787921100000,187.85,188.216,187.5,187.8,1306602.25506818
1787922000000,187.8,188.495,187.295,187.5,2155523.86735753
1787922900000,187.55,188.105,186.312,186.312,3606822.6998795387
1787923800000,186.294,189.015,185.325,185.656,116193514.8102193
1787924700000,185.52,188.01,185.41,188.01,70648633.383807
1787925600000,188.0,188.0,181.938,182.275,131870482.08072796
1787926500000,182.38,184.099,182.06,182.68,76918850.66353405
1787927400000,183.295,186.403,182.911,186.023,106378780.34511077
1787928300000,186.105,186.862,184.81,186.705,41349718.28703596
1787929200000,187.01,187.21,184.933,184.99,40852706.52910042
1787930100000,184.91,185.118,183.94,184.345,34321465.87710556
1787931000000,184.277,184.322,181.49,181.562,69225823.32039571
1787931900000,181.564,181.611,180.115,180.115,107114054.4942859
1787932800000,180.112,180.367,178.993,178.993,114242328.249876
1787933700000,179.04,179.072,177.69,178.505,74465237.64593866
1787934600000,178.25,178.804,177.286,177.38,48107749.15275175
1787935500000,177.436,178.35,177.36,177.552,47712337.320753925
1787936400000,177.551,177.74,176.795,177.218,58758199.46573329
1787937300000,177.16,177.472,176.74,177.22,30537398.17895996
1787938200000,177.1,177.231,176.509,176.92,27281924.28927641
1787939100000,176.91,177.095,176.551,176.74,33533282.26363127
1787940000000,176.789,176.951,176.14,176.27,47823111.71867052
1787940900000,176.273,176.8,176.171,176.425,37249752.35365438
1787941800000,176.423,176.932,176.411,176.668,30536492.562252462
1787942700000,176.73,176.843,176.503,176.83,26711917.80311168
1787943600000,177.0,177.965,176.8,177.765,43373227.91434334
1787944500000,177.809,178.85,177.581,178.706,63721006.282601394
1787945400000,178.707,179.41,178.48,178.909,95137641.77804232
1787946300000,178.95,179.23,178.185,178.54,157317189.7642089
1787947200000,178.556,178.786,177.65,177.663,205233640.33745083
1787948100000,177.695,177.89,177.406,177.89,2032349.43176858
1787949000000,177.89,177.955,177.85,177.86,455677.32
1787949900000,177.867,178.3,177.867,178.123,1765369.2101
1787950800000,178.119,178.3,178.101,178.25,1116825.869965076
1787951700000,178.242,178.242,178.1,178.1,572741.073261
1787952600000,178.09,178.1,178.03,178.09,382750.28081865
1787953500000,178.1,178.1,178.016,178.016,1992457.81744558
1787954400000,178.016,178.016,177.9,177.926,670923.76390864
1787955300000,177.926,177.95,177.75,177.75,667296.56601674
1787956200000,177.75,178.339,177.75,178.025,771437.71760316
1787957100000,178.042,178.298,178.042,178.163,732241.8796
1787958000000,178.157,178.25,177.985,178.124,257150.939092
1787958900000,178.125,178.249,177.919,178.125,2226447.971
1787959800000,178.125,178.25,178.095,178.095,624009.463986875
1787960700000,178.116,178.3,178.116,178.3,1319826.67941549
1787961600000,178.57,178.57,178.57,178.57,61.07094
1787962500000,178.6,178.6,178.6,178.6,41.7924
1787968800000,178.65,178.65,178.65,178.65,19.990935
1787971500000,178.65,178.65,178.62,178.62,10561.977192
1787975100000,178.62,178.62,178.62,178.62,174.24381
1787977800000,178.67,178.67,178.67,178.67,13.864792
1787979600000,178.67,178.67,178.67,178.67,525.522071
1787981400000,178.62,178.62,178.61,178.61,607.180257
1787983200000,178.61,178.61,178.61,178.61,209.313059
1787985900000,178.61,178.61,178.61,178.61,28.809793
1787986800000,178.71,178.71,178.71,178.71,19.997649
1787991300000,178.61,178.61,178.61,178.61,26.43428
1787992200000,178.61,178.71,178.61,178.71,184.935191
1787994000000,178.64,178.81,178.62,178.81,789.650664
1788002100000,178.85,178.85,178.85,178.85,11.37486
1788005700000,178.85,178.85,178.85,178.85,249.35267
1788008400000,178.85,178.85,178.85,178.85,39.7047
1788009300000,178.89,178.89,178.89,178.89,51.538209
1788015600000,178.89,178.89,178.89,178.89,149.999265
1788016500000,178.93,178.93,178.93,178.93,149.94334
1788024600000,178.95,179.01,178.95,179.01,357.528756
1788030000000,179.03,179.06,179.03,179.06,395.374295
1788031800000,179.1,179.26,179.1,179.26,57277.177184
1788037200000,179.24,179.24,179.21,179.21,239.582928
1788041700000,179.28,179.28,179.28,179.28,10.12932
1788042600000,179.21,179.21,179.21,179.21,10.161207
1788046200000,179.28,179.28,179.28,179.28,99.984456
1788055200000,179.29,179.29,179.29,179.29,193.740774
1788066000000,179.23,179.23,179.23,179.23,2720.209556
1788071400000,179.32,179.41,179.32,179.41,18799.825501
1788072300000,179.42,179.59,179.42,179.59,1126.719324
1788073200000,179.62,179.62,179.62,179.62,19.991706
1788078600000,179.62,179.62,179.51,179.51,660.24379
1788091200000,179.66,180.45,179.66,180.45,4249.536156
1788093000000,180.49,180.53,180.49,180.53,300.097857
1788094800000,180.57,180.57,180.57,180.57,7222.8
1788095700000,180.61,181.04,180.61,181.04,1007.411969
1788096600000,181.01,181.04,181.01,181.04,11604.839792
1788097500000,181.07,181.07,181.07,181.07,5432.1
1788104700000,181.09,181.33,181.09,181.33,1065.585802
1788105600000,181.37,181.46,181.37,181.46,5845.866489
1788106500000,181.53,182.22,181.53,182.22,1814.255669
1788109200000,182.09,182.09,182.09,182.09,1769.36853
1788110100000,182.03,182.03,181.42,181.42,2451.620461
1788114600000,181.44,181.44,181.44,181.44,10.088064
1788116400000,181.44,181.47,181.44,181.47,540.711317
1788118200000,181.37,181.37,181.3,181.3,5190.86015
1788121800000,181.31,181.31,180.9,180.96,22441.315812
1788122700000,180.96,180.97,180.87,180.88,347.357058
1788128100000,180.88,180.88,180.3,180.33,8618.034207
1788129900000,180.29,180.29,180.29,180.29,10.006095
1788131700000,180.21,180.21,179.28,179.28,7470.998744
1788133500000,179.28,179.28,179.28,179.28,11854.818288
1788134400000,178.84,178.84,177.01,178.13,2035897.67
1788135300000,178.16,178.88,178.0,178.63,595022.96
1788136200000,178.63,179.43,178.5,179.2,269768.8
1788137100000,179.19,179.28,178.49,178.49,272253.16
1788138000000,178.4,178.4,177.37,177.71,967906.2
1788138900000,177.67,178.32,177.67,178.29,76029.04
1788139800000,178.03,178.31,177.59,177.62,283280.04
1788140700000,177.61,177.94,177.33,177.33,80457.23
1788141600000,177.32,178.48,177.18,178.47,307351.33
1788142500000,178.45,178.45,177.88,177.89,80637.98
1788143400000,178.09,178.09,177.46,177.49,81540.44
1788144300000,177.47,177.48,176.91,177.01,227291.0
1788145200000,177.2,177.4,176.99,177.31,358921.8
1788146100000,177.31,177.78,177.31,177.7,204766.99
1788147000000,177.49,177.81,177.42,177.76,118104.37
1788147900000,177.94,177.94,177.58,177.6,167125.9
1788148800000,177.57,177.72,177.19,177.25,118497.93
1788149700000,177.22,177.25,176.82,176.97,123605.89
1788150600000,176.97,177.14,176.69,177.14,65836.55
1788151500000,177.05,177.52,176.9,177.52,103847.53
1788152400000,177.45,177.99,177.21,177.99,156410.75
1788153300000,177.99,179.35,177.99,179.0,667941.97
1788154200000,178.91,179.0,178.54,178.92,191033.32
1788155100000,178.98,179.19,178.79,179.1,77328.46
1788156000000,178.82,179.19,178.64,179.19,285739.51
1788156900000,179.12,179.48,178.98,179.16,235218.47
1788157800000,178.99,179.34,178.86,179.34,218614.09
1788158700000,179.18,179.44,179.16,179.29,408083.75
1788159600000,179.39,179.79,179.27,179.65,285358.08
1788160500000,179.77,179.89,179.69,179.77,175825.88
1788161400000,179.69,179.93,179.56,179.93,199565.44
1788162300000,179.91,180.0,178.3,180.0,321684.2
1788163200000,178.3,180.2,178.3,179.52,7915597.04107771
1788164100000,179.52,179.52,179.451,179.52,355788.84179091
1788165000000,179.487,180.135,179.321,180.135,478326.7123
1788165900000,180.135,180.37,179.625,180.37,705136.76179187
1788166800000,180.4,181.154,180.266,180.4,1106765.2520117
1788167700000,181.43,181.44,180.996,181.43,1258378.66255635
1788168600000,181.263,181.41,181.16,181.387,717950.128636321
1788169500000,181.384,181.515,180.665,180.764,1327479.942425
1788170400000,180.42,181.1,180.42,180.42,1374136.33778121
1788171300000,180.545,180.75,180.545,180.75,420828.26390146
1788172200000,180.75,181.125,180.595,180.925,391735.36841586
1788173100000,180.925,181.22,180.92,181.22,384456.6786
1788174000000,181.3,181.3,180.715,181.3,1542622.15734
1788174900000,180.875,180.875,180.401,180.555,641885.59901203
1788175800000,180.555,180.57,179.904,179.975,1933100.1131399
1788176700000,179.975,180.161,179.6,179.9,1305167.51380703
1788177600000,179.9,180.739,179.9,180.47,2325535.32328968
1788178500000,180.465,180.651,179.426,180.007,1024973.386761
1788179400000,180.022,180.039,178.658,178.702,2024456.26926145
1788180300000,178.701,179.315,178.507,178.715,3019973.585037069
1788181200000,178.84,179.435,178.604,178.84,5005102.2901195
1788182100000,178.953,179.2,178.106,178.505,1701999.60848176
1788183000000,179.0,179.45,176.81,178.57,85309034.14204785
1788183900000,177.94,178.81,176.99,177.08,47098045.8633349
1788184800000,177.281,178.279,177.038,177.929,47733553.96737437
1788185700000,177.77,179.06,177.457,178.85,33213143.69907038
1788186600000,179.0,181.335,178.84,180.83,66834542.81720652
1788187500000,180.615,181.75,180.49,181.5,51989521.37019549
1788188400000,182.2,182.2,180.885,180.885,44723372.96178327
1788189300000,180.935,182.243,180.606,181.955,41182394.18015787
1788190200000,182.115,182.64,181.688,182.405,43856900.89237372
1788191100000,182.385,182.653,182.119,182.46,29002483.96887106
1788192000000,182.26,183.175,182.219,182.88,39377435.16730675
1788192900000,182.99,183.082,182.17,183.02,35380220.81710875
1788193800000,183.08,184.676,182.975,184.292,46304058.44814662
1788194700000,184.49,185.534,184.099,185.22,48008415.0394793
1788195600000,185.09,186.87,185.047,186.73,48021314.13513242
1788196500000,186.74,187.14,186.08,186.08,39674464.47369718
1788197400000,186.15,186.888,186.138,186.61,25788144.9230059
1788198300000,186.643,187.23,186.128,186.928,49768109.07953971
1788199200000,186.865,187.56,186.23,187.125,46441683.53087745
1788200100000,186.9,187.548,186.576,187.13,35253602.49805095
1788201000000,187.28,188.88,186.901,188.76,55248009.20201432
1788201900000,188.72,189.384,188.449,189.04,53202773.87238355
1788202800000,188.999,189.51,188.73,189.0,66566925.12043971
1788203700000,188.955,189.635,188.558,189.53,53880152.28623525
1788204600000,189.65,189.817,189.007,189.01,57766260.50483098
1788205500000,188.975,189.785,187.855,188.045,165233855.6675848
1788206400000,188.08,188.08,187.428,187.895,579752251.9256094
1788207300000,188.49,188.499,187.895,188.49,28307718.2842567
1788208200000,188.12,188.362,187.98,188.12,1131189.54789572
1788209100000,188.353,188.418,187.896,188.124,12910435.32928865
1788210000000,188.134,188.18,187.8,187.803,23288711.37943065
1788210900000,187.802,188.0,187.8,187.994,960492.8456922286
1788211800000,187.995,188.075,187.826,187.84,720756.18082231
1788212700000,187.84,188.211,187.84,188.125,1379382.86805
1788213600000,188.125,188.125,187.7,187.91,571237.34879134
1788214500000,187.69,188.035,187.601,187.69,888356.4285
1788215400000,187.68,187.713,187.6,187.679,1608445.190664
1788216300000,187.29,187.68,187.127,187.29,2272314.06218701
1788217200000,187.2,187.2,186.752,186.765,720452.4229602
1788218100000,186.765,186.82,186.566,186.82,673753.7439
1788219000000,186.82,186.915,186.766,186.766,529905.60077964
1788219900000,186.764,186.905,186.693,186.903,798615.64872165
1788220800000,186.904,187.53,186.57,187.49,216065.04
1788221700000,187.39,187.91,187.31,187.86,175159.9
1788222600000,187.88,187.93,187.0,187.08,344978.48
1788223500000,187.08,187.42,186.66,186.66,336006.15
1788224400000,187.01,187.13,186.6,186.61,108761.79
1788225300000,186.6,186.74,186.33,186.5,617109.08
1788226200000,186.52,186.81,186.41,186.8,69066.79
1788227100000,186.79,186.79,186.3,186.36,130444.47
1788228000000,186.29,186.29,185.59,185.69,202327.1
1788228900000,185.69,185.78,185.47,185.47,190286.22
1788229800000,185.74,186.04,185.74,186.03,75493.22
1788230700000,186.04,186.64,186.04,186.64,27008.8
1788231600000,186.33,186.33,186.07,186.18,66104.48
1788232500000,186.32,186.41,186.19,186.26,23103.23
1788233400000,186.51,187.33,186.51,187.25,281963.75
1788234300000,187.26,187.26,186.99,186.99,243581.16
1788235200000,187.15,187.26,187.1,187.11,111528.67
1788236100000,186.99,187.44,186.93,187.44,185688.59
1788237000000,187.39,187.39,186.88,186.94,177205.62
1788237900000,186.93,187.08,186.7,186.7,43512.17
1788238800000,186.75,187.44,186.75,187.16,255681.39
1788239700000,187.14,187.49,186.94,187.49,104767.47
1788240600000,187.48,187.89,187.48,187.88,172293.97
1788241500000,187.88,188.08,187.66,187.81,132677.2
1788242400000,187.8,187.87,187.55,187.66,156569.26
1788243300000,187.58,187.58,187.08,187.24,108782.23
1788244200000,187.23,187.36,187.09,187.19,49792.19
1788245100000,187.14,187.15,186.89,186.89,121549.03
1788246000000,186.86,186.94,186.6,186.86,111857.81
1788246900000,186.87,186.95,186.61,186.76,270166.0
1788247800000,186.75,186.75,185.82,185.96,539630.46
1788248700000,186.1,186.38,186.03,186.2,86190.96
1788249600000,185.97,186.905,184.637,185.97,7300553.09498286
1788250500000,184.0,185.089,183.41,184.0,2375122.64084658
1788251400000,184.0,184.322,183.38,184.0,2742590.74257944
1788252300000,183.57,183.907,183.055,183.055,2855188.907250142
1788253200000,183.055,183.055,182.36,182.852,791136.61244701
1788254100000,182.93,183.28,182.5,182.94,1104609.8299752
1788255000000,183.48,183.539,182.95,183.48,632158.6757901
1788255900000,183.543,184.089,183.285,183.559,617320.79598449
1788256800000,183.56,183.71,183.125,183.545,745034.40830922
1788257700000,183.545,183.73,182.875,183.73,972349.5411873
1788258600000,183.73,184.34,183.73,184.328,1108826.55725506
1788259500000,184.327,184.327,183.715,183.715,641405.16342011
1788260400000,183.78,183.78,183.148,183.78,1404930.56436624
1788261300000,183.625,183.625,183.1,183.4,1346428.51654522
1788262200000,183.4,184.285,183.4,184.072,2317365.24632004
1788263100000,184.065,184.128,183.213,183.213,1554182.01992
1788264000000,183.211,183.502,182.87,183.2,1085663.72954632
1788264900000,183.1,183.533,183.0,183.0,2468011.255914
1788265800000,182.12,183.431,182.1,182.1,3533782.78498434
1788266700000,182.617,183.044,182.377,182.805,1407020.07612632
1788267600000,182.0,182.795,182.0,182.0,4693400.94196648
1788268500000,182.09,182.5,180.813,180.82,7770765.52878112
1788269400000,181.435,183.8,178.175,180.03,160415463.90442866
1788270300000,180.002,181.29,179.63,180.853,92429901.40031685
1788271200000,180.857,182.428,180.577,181.503,81737922.14434087
1788272100000,181.755,183.0,180.79,182.22,47666283.52647238
1788273000000,182.53,183.092,181.768,182.01,32733318.8509207
1788273900000,181.99,182.855,181.585,182.015,29308469.23039165
1788274800000,181.47,181.629,179.638,180.1,60477907.89339507
1788275700000,180.078,180.503,179.902,180.353,26243695.04084565
1788276600000,180.382,180.52,179.955,180.445,31360120.44987792
1788277500000,180.485,180.814,180.058,180.68,27821810.53648425
1788278400000,179.93,180.383,178.794,178.81,35837726.26581804
1788279300000,178.83,179.116,177.3,178.87,71430433.99689168
1788280200000,178.76,178.91,177.76,177.89,38599127.94245849
1788281100000,177.93,178.285,177.815,178.2,26374636.77806288
1788282000000,178.08,178.41,177.87,177.87,19210540.02314758
1788282900000,177.97,178.13,177.13,177.52,27648658.87820152
1788283800000,177.75,178.44,177.475,178.13,23015118.53641333
1788284700000,177.85,177.904,176.455,176.486,60777164.970256306
1788285600000,176.487,176.679,175.987,176.391,62622627.34458759
1788286500000,176.46,176.728,176.217,176.64,35999601.84337097
1788287400000,176.77,176.79,175.22,175.22,46530560.7589493
1788288300000,175.275,176.452,175.01,176.36,54221429.48519295
1788289200000,176.405,177.138,176.405,176.58,35653140.44955399
1788290100000,176.855,177.58,176.681,177.36,25973947.50330898
1788291000000,177.2,177.634,176.941,177.49,42637936.66985743
1788291900000,177.24,177.583,176.576,176.82,96016138.97763062
1788292800000,176.801,177.038,176.69,176.985,218681939.43362027
1788293700000,176.985,177.199,176.976,176.99,2430406.465076478
1788294600000,176.99,177.285,176.975,177.088,2555530.675932
1788295500000,177.089,177.199,176.801,177.0,660207.1776
1788296400000,177.0,177.149,176.6,176.6,970435.70827844
1788297300000,176.617,176.81,176.4,176.71,454393.45495099
1788298200000,176.71,176.792,176.6,176.626,883038.04101854
1788299100000,176.626,176.849,176.6,176.6,283303.03667363
1788300000000,176.6,176.74,176.411,176.634,602290.89886333
1788300900000,176.634,176.635,176.4,176.556,323757.72335029
1788301800000,176.558,176.565,176.202,176.358,1005612.7560917
1788302700000,176.38,176.665,176.3,176.4,577224.5401914
1788303600000,176.4,176.475,176.3,176.475,1208183.091559416
1788304500000,176.475,176.5,176.376,176.47,377656.10137054
1788305400000,176.47,176.924,176.47,176.91,609984.26513436
1788306300000,177.09,177.177,176.854,177.09,1560447.124154
1788307200000,176.93,176.93,176.45,176.9,194670.99
1788308100000,176.98,177.15,176.54,176.54,281602.04
1788309000000,176.5,176.75,176.37,176.54,175058.99
1788309900000,176.49,176.63,176.3,176.3,119937.32
1788310800000,176.26,176.64,176.26,176.57,31766.18
1788311700000,176.47,176.7,176.25,176.25,100494.72
1788312600000,176.13,176.14,175.49,175.5,198030.38
1788313500000,175.46,175.68,175.17,175.68,377087.07
1788314400000,175.72,176.26,175.41,176.13,224705.0
1788315300000,176.25,176.97,176.23,176.97,81923.76
1788316200000,176.72,176.77,176.59,176.76,84461.57
1788317100000,176.76,176.87,176.68,176.69,93871.62
1788318000000,176.99,177.68,176.99,177.56,238769.86
1788318900000,177.53,177.89,177.29,177.59,281592.11
1788319800000,177.69,177.69,177.07,177.22,460056.05
1788320700000,177.19,177.31,177.06,177.09,93022.67
1788321600000,177.21,177.21,176.49,176.61,190026.06
1788322500000,176.74,176.91,176.55,176.85,25811.97
1788323400000,176.94,177.2,176.87,177.2,59830.83
1788324300000,177.19,177.24,177.01,177.01,147765.26
1788325200000,176.99,177.27,176.65,177.27,56771.98
1788326100000,177.35,177.81,177.35,177.81,50459.57
1788327000000,177.75,177.89,177.52,177.68,311093.62
1788327900000,177.72,177.87,177.46,177.49,64138.98
1788328800000,177.55,177.64,177.3,177.3,75949.92
1788329700000,177.38,177.51,177.2,177.39,293546.49
1788330600000,177.14,177.57,176.97,177.48,318405.76
1788331500000,177.22,177.31,177.03,177.16,32243.19
1788332400000,177.1,177.48,176.81,177.31,268789.03
1788333300000,177.3,177.37,177.09,177.09,169253.1
1788334200000,177.09,177.19,177.0,177.19,72089.82
1788335100000,177.01,177.07,176.27,176.49,251056.33
1788336000000,177.01,177.01,176.64,176.64,4174023.0245928
1788336900000,176.64,176.64,176.23,176.23,315003.50055053
1788337800000,176.17,176.548,175.211,176.17,794767.09893696
1788338700000,175.01,175.209,173.972,174.12,2686215.51163769
1788339600000,173.971,175.085,173.97,174.22,655296.41599066
1788340500000,174.22,174.92,174.021,174.75,1234230.52526512
1788341400000,174.75,174.75,173.755,173.755,1276228.78477667
1788342300000,173.755,173.89,173.456,173.845,1561841.778976
1788343200000,173.845,174.329,173.465,173.722,560881.49618287
1788344100000,173.721,173.975,173.685,173.9,499197.31962
1788345000000,173.9,173.9,172.757,173.041,2481114.993804293
1788345900000,173.042,173.664,172.756,173.639,2198362.9774232805
1788346800000,172.99,173.946,172.868,172.99,2260371.60824794
1788347700000,174.09,174.187,173.718,174.09,851319.1304
1788348600000,174.05,174.749,174.001,174.625,1297616.22026216
1788349500000,174.625,175.175,174.501,175.175,1128118.65244013
1788350400000,175.19,175.25,174.7,175.25,3585989.5339
1788351300000,176.01,176.445,175.25,176.01,2721285.09446571
1788352200000,176.049,176.049,175.4,175.675,1629539.82742962
1788353100000,174.99,175.675,174.786,174.9,1482187.79733983
1788354000000,175.31,175.48,174.859,175.29,1652845.02129491
1788354900000,175.055,175.293,174.112,174.333,3025263.582005556
1788355800000,174.495,176.711,172.2,176.43,96239830.0568728
1788356700000,177.01,178.4,176.53,177.42,63845495.025326
1788357600000,177.805,178.194,177.095,177.755,36749590.31496163
1788358500000,177.84,178.64,177.5,178.08,34715089.06349531
1788359400000,177.978,177.978,176.895,177.858,41902566.45701326
1788360300000,177.7,178.38,177.462,177.87,30753182.10409545
1788361200000,177.55,177.986,176.352,176.39,26215193.02940134
1788362100000,176.975,177.501,176.485,176.62,22486497.10887812
1788363000000,176.21,176.765,176.12,176.61,24373162.29734419
1788363900000,176.482,176.528,175.583,176.099,20488206.644466154
1788364800000,176.08,176.505,175.991,176.46,17660304.06453088
1788365700000,176.3,176.767,176.124,176.42,21686579.24315926
1788366600000,176.365,176.475,175.88,175.88,11428246.28970256
1788367500000,176.17,176.31,175.145,175.49,28105797.88536805
1788368400000,175.59,175.841,175.14,175.65,10320311.91255653
1788369300000,175.585,175.682,175.358,175.42,11525478.72780045
1788370200000,175.67,176.425,175.554,176.425,14848248.50441984
1788371100000,176.398,176.915,176.398,176.901,31884978.63636574
1788372000000,176.845,176.957,176.368,176.52,11006004.40305996
1788372900000,176.96,177.392,176.54,177.09,14619086.79636316
1788373800000,177.005,177.35,176.706,176.83,20363040.76503039
1788374700000,176.5,176.944,176.161,176.54,12807767.18950363
1788375600000,176.28,176.28,175.767,176.072,18966913.696017127
1788376500000,176.22,176.228,175.814,176.07,15966488.48891191
1788377400000,175.59,176.337,175.314,176.3,27389336.68379078
1788378300000,176.39,176.76,174.84,174.89,114311929.16192411
1788379200000,175.19,175.302,174.515,175.19,122116513.79671112
1788380100000,175.26,175.364,174.75,175.26,2360339.55707664
1788381000000,175.24,175.364,174.994,174.994,1613720.825528
1788381900000,175.11,175.629,174.99,175.1,1359618.93034713
1788382800000,175.63,175.65,175.3,175.401,476589.60523885
1788383700000,175.4,175.669,175.4,175.5,1207581.44921465
1788384600000,175.483,175.521,175.33,175.505,617871.1518
1788385500000,175.505,175.6,175.475,175.475,691264.706
1788386400000,175.07,175.475,174.903,175.07,551683.7017
1788387300000,175.185,175.199,174.712,174.898,765734.99626041
1788388200000,174.916,175.375,174.9,175.342,370462.7655
1788389100000,175.335,175.335,175.1,175.285,422475.3531
1788390000000,175.285,175.445,175.0,175.35,149701.06045453
1788390900000,175.35,175.36,175.3,175.36,142535.8104
1788391800000,175.363,175.375,175.05,175.05,266227.03031336
1788392700000,175.05,175.46,174.901,175.24,891130.74631504
1788393600000,174.97,175.8,174.97,175.02,149747.4
1788394500000,175.03,175.03,174.81,174.85,40930.28
1788395400000,174.89,175.05,174.67,175.01,163024.67
1788396300000,175.02,175.15,174.83,174.99,66844.11
1788397200000,174.8,175.8,174.79,175.8,55284.76
1788398100000,175.95,176.01,175.79,176.0,65265.91
1788399000000,175.99,176.07,175.68,175.98,81285.84
1788399900000,175.74,175.95,175.67,175.75,31298.41
1788400800000,175.71,175.71,175.48,175.61,45480.28
1788401700000,176.05,176.51,176.05,176.51,53206.54
1788402600000,176.4,177.09,176.38,177.08,250895.02
1788403500000,176.84,177.17,176.72,177.05,222484.95
1788404400000,177.06,177.06,176.88,176.92,144787.4
1788405300000,177.08,177.36,176.89,177.02,105207.85
1788406200000,177.0,177.0,176.68,176.83,191447.1
1788407100000,176.75,177.1,176.73,176.99,75039.98
1788408000000,176.99,177.14,176.81,176.81,63324.82
1788408900000,176.71,176.84,176.49,176.49,118548.49
1788409800000,176.48,176.62,176.33,176.33,98125.57
1788410700000,176.74,176.84,176.74,176.74,6539.48
1788411600000,176.8,176.86,176.17,176.18,97175.07
1788412500000,176.16,176.16,174.79,174.79,221215.18
1788413400000,175.09,175.83,175.09,175.83,45223.98
1788414300000,175.74,176.83,175.74,176.83,71158.65
1788415200000,176.81,176.93,176.63,176.74,109200.73
1788416100000,176.77,176.89,176.72,176.77,158414.29
1788417000000,176.84,176.99,176.75,176.99,116749.33
1788417900000,176.99,177.0,176.71,176.76,435100.44
1788418800000,177.0,177.95,176.93,177.9,837590.81
1788419700000,177.87,178.01,177.5,177.77,708139.0
1788420600000,177.88,178.23,177.6,177.93,329803.97
1788421500000,177.81,177.96,177.19,177.4,441305.61
1788422400000,175.587,178.47,175.587,178.1,9325920.699401679
1788423300000,178.064,178.199,177.5,177.885,1151740.1785828865
1788424200000,177.885,178.263,177.86,177.86,600425.284966
1788425100000,177.86,177.86,177.5,177.66,598754.10157658
1788426000000,177.66,177.875,177.66,177.801,70002.796
1788426900000,177.8,177.8,177.355,177.355,368755.8277968
1788427800000,177.355,177.355,177.255,177.305,286236.625718
1788428700000,177.305,177.354,176.87,177.105,682098.3693598
1788429600000,177.105,177.105,176.145,176.398,295703.2961891856
1788430500000,176.354,176.855,176.232,176.855,303339.2090110928
1788431400000,176.855,176.855,176.5,176.5,214555.7082
1788432300000,176.5,177.129,176.5,176.905,622420.0760886045
1788433200000,176.905,177.3,176.77,177.05,900614.2749317099
1788434100000,177.05,177.6,177.05,177.525,1475365.3182
1788435000000,177.525,177.699,177.052,177.589,976196.9828622994
1788435900000,177.587,177.746,176.969,177.262,1326593.517604251
1788436800000,177.256,178.222,177.138,178.055,3915813.705081967
1788437700000,178.051,178.185,177.685,177.841,2672064.7622
1788438600000,177.841,179.3,177.841,179.031,8946894.60484342
1788439500000,179.036,180.122,178.995,179.671,6374192.3672600165
1788440400000,179.667,180.124,179.506,179.989,6620190.444865019
1788441300000,179.991,181.541,179.59,181.35,7285735.077967493
1788442200000,181.445,188.83,181.2,187.494,295480660.37613463
1788443100000,187.484,188.606,183.47,186.118,268070247.23634937
1788444000000,186.145,187.51,185.361,187.321,174124192.67141834
1788444900000,187.349,190.26,187.12,189.982,183886300.88140452
1788445800000,189.979,190.89,188.56,189.782,149503762.83390263
1788446700000,189.802,191.57,189.79,191.567,151793957.60551393
1788447600000,191.573,191.771,190.0,190.509,100080823.7753656
1788448500000,190.509,192.25,190.509,192.056,113280693.84713529
1788449400000,192.05,193.118,191.89,192.434,129519228.30710238
1788450300000,192.427,195.725,192.095,195.676,136093906.58092088
1788451200000,195.686,195.85,193.42,194.079,95350628.85952508
1788452100000,194.078,194.26,192.42,192.703,79341846.55229728
1788453000000,192.705,193.81,192.62,192.805,54045129.952207774
1788453900000,192.805,193.1,192.51,192.871,44754164.40300305
1788454800000,192.873,193.78,192.708,193.771,33871410.0397581
1788455700000,193.775,193.789,192.51,192.913,47284191.59299854
1788456600000,192.922,193.727,192.922,193.545,45878736.89730863
1788457500000,193.545,193.73,193.16,193.218,33384288.91934638
1788458400000,193.224,193.4,192.428,193.133,54416010.68703821
1788459300000,193.129,193.34,191.49,191.626,65092836.04111408
1788460200000,191.625,192.366,191.282,191.282,47916086.01667773
1788461100000,191.28,192.04,191.273,191.836,34804437.99111137
1788462000000,191.836,192.149,191.63,191.756,34936651.7749946
1788462900000,191.757,193.108,191.721,193.054,82952089.20366947
1788463800000,193.054,193.087,192.285,192.468,56693007.944604725
1788464700000,192.479,192.976,191.99,192.724,182039508.23907292
1788465600000,192.726,192.852,191.783,191.985,353440144.274195
1788466500000,191.994,192.1,191.51,191.874,1608384.1238634924
1788467400000,191.879,192.049,191.71,191.777,1201350.9179614622
1788468300000,191.776,191.875,191.61,191.703,3105416.1701
1788469200000,191.691,191.691,191.0,191.596,1693688.0166901264
1788470100000,191.597,191.925,191.542,191.913,1444471.3630529677
1788471000000,191.915,192.79,191.891,191.957,5514329.658049408
1788471900000,191.956,191.998,191.655,191.875,1407384.8879149647
1788472800000,191.875,191.875,191.454,191.604,1230042.7731203593
1788473700000,191.603,191.824,191.16,191.16,1244273.5646224497
1788474600000,191.16,191.395,190.612,191.299,2090176.6472203329
1788475500000,191.3,191.824,191.1,191.35,1449877.0882628812
1788476400000,191.35,191.9,191.075,191.546,929363.9189919881
1788477300000,191.547,191.83,191.404,191.675,698480.02914987
1788478200000,191.654,192.035,191.55,191.975,1646590.1542871967
1788479100000,191.975,192.074,191.717,191.717,2347227.739096056
1788480000000,191.713,191.77,191.1,191.65,309191.25
1788480900000,191.57,192.11,191.38,191.38,155312.89
1788481800000,191.5,192.49,191.5,191.74,181349.96
1788482700000,191.72,191.74,191.04,191.11,188477.57
1788483600000,191.23,191.38,190.4,190.44,307140.5
1788484500000,190.49,190.88,190.3,190.54,161374.31
1788485400000,190.35,190.65,190.2,190.38,147532.17
1788486300000,190.29,191.28,190.29,191.0,176450.53
1788487200000,191.11,191.11,190.47,190.48,57751.45
1788488100000,190.56,190.67,190.21,190.32,272470.69
1788489000000,190.34,190.58,190.26,190.57,88546.61
1788489900000,190.46,191.0,190.41,190.99,266045.13
1788490800000,191.18,191.49,191.18,191.38,81521.2
1788491700000,191.38,191.48,191.01,191.01,318309.3
1788492600000,191.14,191.18,191.01,191.18,68217.49
1788493500000,191.03,191.23,190.92,190.94,173587.02
1788494400000,190.92,191.4,190.76,191.4,166710.31
1788495300000,191.39,192.31,191.39,192.31,283703.8
1788496200000,192.31,192.31,191.74,191.74,60343.73
1788497100000,191.74,191.79,191.59,191.71,183208.67
1788498000000,191.59,191.92,191.5,191.65,531684.16
1788498900000,191.66,191.85,191.52,191.75,142578.47
1788499800000,191.53,191.53,191.09,191.09,384106.34
1788500700000,191.23,191.29,190.6,190.99,389769.19
1788501600000,191.09,191.48,190.78,191.19,222691.64
1788502500000,191.23,191.23,190.28,190.28,631962.16
1788503400000,190.26,190.55,189.81,190.55,1017751.7
1788504300000,190.59,190.64,190.3,190.51,157901.48
1788505200000,190.44,191.05,190.31,191.05,346573.49
1788506100000,190.86,190.86,190.45,190.81,256353.91
1788507000000,190.68,190.75,190.37,190.51,145242.62
1788507900000,190.49,190.51,190.1,190.18,202572.59
1788508800000,191.48,191.48,189.195,189.445,13074471.031515079
1788509700000,189.445,190.74,189.445,190.74,3209944.7144613503
1788510600000,190.74,191.689,190.635,190.635,3310340.2802172066
1788511500000,190.635,191.3,190.635,190.76,895572.288369144
1788512400000,190.76,191.015,190.735,190.88,760580.719
1788513300000,190.88,191.455,190.599,190.599,1990533.416804475
1788514200000,190.598,190.975,190.44,190.885,862984.17465
1788515100000,190.885,191.255,190.885,191.255,521232.294576985
1788516000000,191.255,191.255,190.5,190.5,1277723.6557531024
1788516900000,190.5,190.5,189.795,190.434,2375854.62164233
1788517800000,190.435,190.865,190.435,190.865,570268.30358574
1788518700000,190.865,191.404,190.2,190.886,428268.8279
1788519600000,190.938,191.1,190.218,190.705,3783894.547106
1788520500000,190.704,191.217,190.59,190.934,3065176.3046250986
1788521400000,190.929,190.929,189.451,189.998,4002258.34890848
1788522300000,189.999,190.2,189.831,190.0,1403229.882518928
1788523200000,190.0,190.287,189.43,189.9,2741253.9699
1788524100000,189.9,190.87,189.647,190.508,4683110.493886699
1788525000000,190.507,190.507,184.703,185.744,33180500.66527247
1788525900000,185.739,186.012,184.201,185.499,12395318.5553922
1788526800000,185.5,185.5,184.501,185.0,6625419.432671925
1788527700000,184.8697,185.5,183.47,185.1,13681407.90031165
1788528600000,187.23,188.9999,183.95,184.85,188023516.28944337
1788529500000,184.8,186.3999,184.495,185.53,99552113.24781889
1788530400000,185.68,186.41,184.57,184.635,78618634.41723682
1788531300000,184.51,185.1,183.53,184.76,76325061.24449478
1788532200000,184.73,185.4,183.22,183.36,52108773.9495699
1788533100000,183.46,183.84,182.89,183.58,67945193.25728896
1788534000000,183.7099,184.7614,183.39,184.2575,35976189.77627529
1788534900000,184.255,185.33,184.0,185.235,49170197.1179608
1788535800000,185.25,186.88,184.75,186.74,63592640.741178475
1788536700000,186.864,187.2799,185.5542,185.6575,56302763.256927885
1788537600000,185.71,185.92,185.07,185.3301,24095086.323934503
1788538500000,185.468,185.87,185.0,185.11,32936992.849871557
1788539400000,185.16,186.39,185.04,186.22,29074354.445785616
1788540300000,186.11,186.31,185.7483,185.9,24331372.40278252
1788541200000,185.95,185.95,184.67,184.7581,167790029.01796997
1788542100000,184.74,185.0,184.42,184.7,26302870.66704597
1788543000000,184.655,185.0,184.55,184.676,24879274.833962817
1788543900000,184.665,184.84,183.97,184.0568,43877593.70066269
1788544800000,184.0354,184.55,184.0354,184.3299,23102506.168649912
1788545700000,184.32,184.66,184.21,184.365,16409629.443852492
1788546600000,184.455,184.6,184.2003,184.375,15945072.998477077
1788547500000,184.34,184.67,183.91,184.605,46328435.645959735
1788548400000,184.65,185.75,184.57,184.875,55197238.9423587
1788549300000,184.875,185.31,184.57,185.08,28528063.038195167
1788550200000,185.049,185.049,183.69,183.87,70240845.9188931
1788551100000,183.865,184.73,183.435,184.64,157177553.34475568
1788552000000,184.64,185.0,184.1037,184.6,160015418.0852447
1788552900000,184.64,184.82,184.55,184.7,2129870.0895436336
1788553800000,184.64,184.75,184.64,184.75,682466.5757
1788554700000,184.75,184.84,184.59,184.75,3656434.237542825
1788555600000,184.8,185.14,184.7,184.9,4996802.398708
1788556500000,184.97,185.0,184.6501,184.66,20695840.576986
1788557400000,184.65,184.9999,184.65,184.9999,668246.237129032
1788558300000,184.91,185.0,184.65,184.7121,388235.5133293
1788559200000,184.5844,185.0,184.56,184.8288,859959.3992688
1788560100000,184.62,184.9349,184.58,184.79,895896.4785
1788561000000,184.79,184.79,184.5,184.7113,817483.712925
1788561900000,184.55,184.84,184.55,184.7351,351990.9536
1788562800000,184.75,184.75,184.6,184.7,392803.775
1788563700000,184.75,184.75,184.6,184.68,224078.2071894
1788564600000,184.7,185.21,184.6,185.15,4898002.814666688
1788565500000,185.08,185.15,184.8,184.846,3423956.639904
1788569100000,185.13,185.13,185.13,185.13,49.836996
1788573600000,185.2,185.2,185.02,185.02,33.286018
1788577200000,185.2,185.2,185.2,185.2,261.18756
1788578100000,185.07,185.07,185.07,185.07,22.2084
1788579000000,185.07,185.07,183.9,184.08,959.240176
1788583500000,184.69,185.21,184.6,184.95,1216.147117
1788591600000,185.22,185.22,185.22,185.22,19.985238
1788593400000,185.22,185.23,184.94,184.94,424.496497
1788594300000,185.22,185.34,184.92,184.92,1023.893787
1788614100000,185.21,185.21,185.21,185.21,499.992916
1788615000000,185.24,185.24,185.24,185.24,33.491392
1788620400000,185.03,185.03,185.03,185.03,48.773908
1788621300000,185.26,185.26,185.26,185.26,6669.36
1788624000000,185.29,185.37,185.29,185.37,566.974718
1788628500000,185.38,185.92,185.38,185.73,3591.803632
1788629400000,185.76,185.76,185.76,185.76,171.809424
1788631200000,185.79,185.79,185.79,185.79,299.995113
1788634800000,185.82,185.82,185.26,185.26,4986.942178
1788635700000,185.3,185.39,185.3,185.39,443.65699
1788636600000,185.26,185.26,185.26,185.26,31.253362
1788650100000,185.26,185.26,185.26,185.26,4500.020978
1788655500000,185.41,185.76,185.41,185.76,2679.935726
1788656400000,185.79,185.79,185.79,185.79,189.914538
1788658200000,185.81,186.29,185.65,185.96,4145.525144
1788659100000,186.31,186.51,186.31,186.31,10551.326437
1788660000000,186.53,186.88,186.31,186.41,42899.825391
1788660900000,186.63,187.33,186.31,186.31,22835.702301
1788661800000,186.54,187.63,186.31,186.37,67364.487213
1788662700000,186.37,186.37,184.65,186.11,51451.456069
1788664500000,186.15,186.35,186.15,186.35,1318.58823
1788672600000,186.38,186.38,186.26,186.26,241.738102
1788678000000,186.35,186.35,185.65,185.66,2848.673944
1788684300000,185.64,185.64,185.64,185.64,44.999136
1788687900000,185.66,185.66,185.66,185.66,35.869512
1788690600000,185.66,185.66,185.66,185.66,173.40644
1788694200000,185.7,185.76,185.7,185.76,379.167512
1788696900000,185.76,185.79,185.76,185.79,863.372859
1788701400000,185.74,185.74,185.55,185.55,1322.930078
1788702300000,185.75,185.75,185.75,185.75,99.989225
1788703200000,185.54,185.54,185.41,185.41,556.569887
1788704100000,185.49,185.49,184.54,184.68,14168.429354
1788705000000,184.68,184.72,184.41,184.72,7010.969518
1788708600000,184.37,184.37,184.37,184.37,10.250972
1788710400000,184.72,184.72,184.72,184.72,577.693328
1788711300000,184.72,184.86,184.72,184.86,1266.741829
1788713100000,184.86,184.86,184.86,184.86,85.386834
1788714000000,184.86,184.86,184.86,184.86,10.481562
1788715800000,184.88,184.88,184.88,184.88,284.696712
1788717600000,184.88,184.93,184.88,184.93,1193.303386
1788718500000,184.93,185.09,184.59,184.82,3038.579464
1788719400000,184.85,185.39,184.85,185.39,291.284257
1788721200000,185.39,185.39,185.39,185.39,19.985042
1788728400000,185.39,185.6,185.39,185.6,525.178604
1788729300000,185.51,185.67,185.51,185.67,605.16664
1788731100000,185.72,185.72,185.72,185.72,172.7196
1788732900000,185.68,185.68,185.29,185.29,929.845316
1788734700000,185.59,185.6,185.59,185.6,400.854912
1788735600000,185.62,186.17,185.62,186.17,1894.755156
1788737400000,186.19,186.6,186.19,186.6,1209.200076
1788738300000,186.56,186.7,186.56,186.7,637.977143
1788739200000,186.76,186.89,186.76,186.89,483.493637
1788741000000,186.84,186.84,186.7,186.7,5804.259249
1788746400000,186.29,186.29,186.29,186.29,19.988917
1788748200000,186.29,186.77,186.29,186.77,1790.725989
1788750000000,186.76,186.76,186.76,186.76,119.9933
1788751800000,186.65,186.65,185.55,185.55,4097.504903
1788757200000,185.67,185.69,185.52,185.52,368.084767
1788764400000,185.7,185.71,185.7,185.71,363.944121
1788765300000,185.68,185.68,185.36,185.36,670.771021
1788766200000,185.38,185.38,184.13,184.57,5790.662678
1788767100000,184.57,185.04,184.57,185.04,769.624205
1788774300000,185.0,185.6,185.0,185.08,3158.718946
1788775200000,185.08,185.08,185.08,185.08,28.50232
1788778800000,185.59,185.65,185.59,185.65,1343.004965
1788780600000,185.67,185.85,185.67,185.85,520.336007
1788782400000,185.77,185.77,185.52,185.52,943.702882
1788783300000,185.72,185.89,185.72,185.89,498.602024
1788785100000,185.85,186.25,185.85,186.22,3962.358477
1788788700000,186.18,186.18,185.83,185.83,2603.115774
1788789600000,185.87,185.87,185.38,185.38,1463.949768
1788791400000,185.38,185.38,184.62,184.62,1887.555916
1788792300000,184.64,184.64,184.64,184.64,54.985792
1788794100000,184.64,184.67,184.64,184.67,39.994815
1788795000000,184.55,184.69,184.4,184.4,2110.224214
1788800400000,184.59,184.59,184.59,184.59,49.986972
1788802200000,184.59,184.98,184.51,184.93,1550.553192
1788804000000,184.93,185.01,184.93,185.01,290.302025
1788807600000,184.82,184.82,184.82,184.82,19.997524
1788809400000,184.67,185.41,184.67,185.29,2672.832923
1788820200000,185.29,185.29,184.67,184.67,2740.718456
1788824700000,184.79,184.89,184.79,184.89,78.153182
1788825600000,183.31,184.44,182.4,184.33,1136283.14
1788826500000,184.39,184.71,183.8,184.17,991958.96
1788827400000,184.16,185.25,183.92,184.93,488439.94
1788828300000,185.01,185.5,184.85,185.41,341425.76
1788829200000,185.42,185.42,184.9,184.97,281371.28
1788830100000,184.97,185.31,184.82,185.01,132860.74
1788831000000,185.0,185.1,184.83,185.1,131341.0
1788831900000,185.01,185.45,185.01,185.39,300612.63
1788832800000,185.4,185.4,184.9,184.95,290642.82
1788833700000,185.02,185.45,184.97,184.97,139561.24
1788834600000,184.91,184.91,184.14,184.3,467770.86
1788835500000,184.3,184.46,183.68,183.68,243134.29
1788836400000,183.68,184.0,183.68,183.98,73725.59
1788837300000,183.95,183.96,183.5,183.6,168217.17
1788838200000,183.9,184.16,183.89,184.05,87770.35
1788839100000,183.91,183.91,183.67,183.85,133987.13
1788840000000,183.88,183.89,183.63,183.64,17817.82
1788840900000,183.64,183.81,183.39,183.5,87776.0
1788841800000,183.48,183.62,183.21,183.21,382767.94
1788842700000,183.36,183.36,182.9,183.06,102161.55
1788843600000,182.88,183.14,182.61,182.62,405306.04
1788844500000,182.62,183.2,182.5,182.62,813052.51
1788845400000,182.52,182.6,182.15,182.15,466155.79
1788846300000,182.15,182.22,181.74,181.8,460988.23
1788847200000,181.67,181.8,181.37,181.71,641297.64
1788848100000,181.74,181.79,181.09,181.24,362282.55
1788849000000,181.23,181.5,181.08,181.21,356467.33
1788849900000,181.25,181.36,180.82,180.9,437518.66
1788850800000,181.01,181.6,180.97,181.4,357924.51
1788851700000,181.4,181.68,181.4,181.68,150686.71
1788852600000,181.59,181.73,181.1,181.1,267425.68
1788853500000,181.26,181.26,180.81,181.24,197678.58
1788854400000,181.3,184.1,180.21,180.5675,12466775.11037279
1788855300000,180.72,181.16,180.3877,181.16,1664156.91557924
1788856200000,181.0,181.5293,180.55,181.09,684855.378582975
1788857100000,181.2,181.25,180.4895,181.0682,836741.4398268025
1788858000000,180.76,181.0097,180.35,180.88,1083439.825471991
1788858900000,180.84,181.17,180.62,180.85,468383.8976539017
1788859800000,180.99,182.28,180.99,182.12,972206.30068616
1788860700000,182.25,182.43,182.0,182.37,1460102.7317491877
1788861600000,182.57,182.57,182.0,182.39,386703.01202262
1788862500000,182.39,183.0,182.25,182.56,635170.61621337
1788863400000,182.81,183.0,182.2222,182.3,552372.987797
1788864300000,182.3,182.33,182.0,182.3,1344772.581
1788865200000,182.3,182.52,181.1,181.6,2452972.722440473
1788866100000,181.51,182.09,181.3899,181.7986,1137988.707668
1788867000000,181.64,182.34,181.5,182.33,1207917.188257716
1788867900000,181.88,182.36,181.79,182.2,1356571.8849920032
1788868800000,182.2542,182.2542,181.1,181.44,3412183.94300964
1788869700000,181.4997,182.46,181.31,182.0395,1896472.4307
1788870600000,182.35,182.568,182.0,182.4,2081084.8779858635
1788871500000,182.0,182.51,181.84,182.09,1355484.59555
1788872400000,182.11,182.88,181.9,182.35,4018053.688868717
1788873300000,182.55,182.79,180.41,180.41,2697727.101371784
1788874200000,180.76,181.51,178.33,179.29,105250905.43389799
1788875100000,179.12,180.98,178.5,180.5901,74526134.3251179
1788876000000,180.79,181.87,180.51,180.89,39618820.1092064
1788876900000,180.96,181.98,180.23,180.31,23189746.048448104
1788877800000,180.4,181.07,179.665,179.77,33644710.07244801
1788878700000,179.76,181.01,179.73,180.495,26865795.88676237
1788879600000,180.335,181.82,180.1001,181.725,35084788.740315415
1788880500000,181.735,181.95,180.5881,180.885,34582563.940456286
1788881400000,180.97,181.98,180.86,181.87,22375876.267791938
1788882300000,181.83,182.25,181.415,181.955,23488888.708394755
1788883200000,181.93,182.06,180.46,180.7147,19466561.16173097
1788884100000,180.665,180.995,180.41,180.7399,14123265.751996944
1788885000000,180.6174,181.7,180.53,181.07,18389318.881427534
1788885900000,181.14,181.32,179.92,180.015,30015902.76229609
1788886800000,179.99,180.5399,179.98,180.28,13804441.879544046
1788887700000,180.3295,180.3599,179.1204,179.66,18925100.11417319
1788888600000,179.72,180.356,179.38,179.47,33540004.932307847
1788889500000,179.55,180.0,179.51,179.565,14981988.200843565
1788890400000,179.565,181.0599,179.565,181.04,17358280.94748955
1788891300000,181.005,181.2998,180.64,180.7988,14747314.319984822
1788892200000,180.75,180.7778,179.7005,180.15,24353419.251076207
1788893100000,180.16,180.235,179.03,179.366,32753443.08747471
1788894000000,179.31,179.84,178.67,179.84,30988546.561515186
1788894900000,179.6738,180.005,179.2488,179.67,25211514.73816098
1788895800000,179.665,179.88,179.035,179.425,27000151.81705739
1788896700000,179.47,179.48,178.6666,178.94,106959800.38212503
1788897600000,178.94,179.66,178.5,178.7845,176486028.6753108
1788898500000,178.94,179.3,178.6,178.9,2040453.3062568852
1788899400000,179.0848,179.27,178.93,178.94,4866548.853512306
1788900300000,179.3,179.53,178.94,179.45,1740048.606128
1788901200000,179.49,179.49,179.197,179.3,756856.332436385
1788902100000,179.4751,179.49,179.1001,179.3658,178723.3659030776
1788903000000,179.362,179.41,178.94,179.2,293438.00285709
1788903900000,179.3874,179.4014,179.0,179.3,515423.876644
1788904800000,179.1603,179.42,179.1,179.41,670136.41064234
1788905700000,179.38,179.4132,179.15,179.34,78526.927908
1788906600000,179.36,179.3681,179.1,179.36,167586.7488
1788907500000,179.2,179.42,179.2,179.3885,145595.0184
1788908400000,179.35,179.42,179.15,179.25,877832.799589624
1788909300000,179.15,179.1898,179.01,179.1898,515945.771
1788910200000,179.0294,179.18,178.8001,178.98,537869.696331305
1788911100000,179.0297,179.04,178.8,178.92,719086.164852
1788912000000,178.94,179.9,178.94,179.75,235838.9
1788912900000,179.75,179.88,179.42,179.47,118178.2
1788913800000,179.48,179.64,179.16,179.5,60963.6
1788914700000,179.65,179.74,179.61,179.61,31440.91
1788915600000,179.87,180.01,179.73,179.85,61709.88
1788916500000,179.85,180.0,179.62,179.93,98347.25
1788917400000,179.9,180.27,179.73,180.0,248549.81
1788918300000,180.28,180.5,180.26,180.49,326576.64
1788919200000,180.5,180.79,180.43,180.43,137962.6
1788920100000,180.32,180.38,180.06,180.37,76219.22
1788921000000,180.46,180.5,180.19,180.5,49589.63
1788921900000,180.38,180.44,180.13,180.13,50124.77
1788922800000,180.12,180.13,179.81,179.92,250873.29
1788923700000,179.91,179.91,179.91,179.91,179.91
1788924600000,179.86,179.9,179.75,179.85,202085.17
1788925500000,179.89,179.89,179.64,179.78,36312.42
1788926400000,179.99,180.51,179.99,180.45,40224.41
1788927300000,180.26,180.73,180.26,180.73,40958.37
1788928200000,180.44,181.19,180.37,181.19,83903.83
1788929100000,181.22,181.4,181.05,181.4,534886.2
1788930000000,181.28,181.66,181.15,181.66,215586.99
1788930900000,181.5,181.97,181.41,181.41,377142.95
1788931800000,181.29,181.29,180.78,180.78,163622.67
1788932700000,180.78,180.93,180.5,180.79,93046.78
1788933600000,180.92,181.29,180.68,181.29,250741.34
1788934500000,181.29,181.64,181.22,181.25,203011.3
1788935400000,181.43,181.5,181.17,181.25,237760.67
1788936300000,181.13,181.25,181.11,181.25,17568.05
1788937200000,181.15,181.79,181.12,181.49,203189.41
1788938100000,181.47,181.76,181.3,181.58,96195.43
1788939000000,181.79,181.79,181.58,181.58,442175.97
1788939900000,181.57,181.67,181.31,181.32,177601.28
1788940800000,181.84,182.7,179.69,182.26,7450693.318706644
1788941700000,182.31,183.44,182.31,183.43,1768355.4030039979
1788942600000,183.38,183.5,182.61,182.81,2476155.011502805
1788943500000,182.95,183.3988,182.8329,183.38,439003.23200086
1788944400000,183.38,183.38,182.0356,182.4601,1124800.030139
1788945300000,182.49,182.5,182.1,182.21,328504.400435
1788946200000,182.21,182.25,181.18,181.18,2422849.173533
1788947100000,181.39,181.49,180.53,180.7,989522.1018592704
1788948000000,180.79,181.53,180.6282,181.15,1183435.4176365
1788948900000,181.0,181.6017,180.82,181.39,505704.48265816
1788949800000,181.49,181.5,181.1,181.33,976482.535677
1788950700000,181.31,181.31,180.69,180.86,522101.5534795
1788951600000,180.825,181.1833,180.2512,180.51,1614204.1915076028
1788952500000,180.69,181.3,180.45,181.16,3932286.5310988254
1788953400000,180.91,181.88,180.86,181.5786,1649595.1398742
1788954300000,181.31,182.6,181.24,182.15,2113198.7404948156
1788955200000,182.13,182.8,181.61,182.49,4013010.9652264114
1788956100000,182.43,182.5,181.9083,182.2136,2132705.106523951
1788957000000,182.03,182.5,181.85,182.1,7478071.317382
1788957900000,182.19,182.7,182.1068,182.63,1858694.250783066
1788958800000,182.63,182.63,181.9,182.15,1954579.62422066
1788959700000,182.25,184.64,182.05,184.57,4958025.258884196
1788960600000,184.51,184.8,180.251,180.835,93738991.2171926
1788961500000,180.66,181.7,179.12,179.41,58172728.79765092
1788962400000,179.56,179.9262,178.463,179.135,54900941.11925413
1788963300000,179.09,180.845,178.1205,180.7482,56320496.26128309
1788964200000,180.7668,180.93,179.43,179.465,33371313.370256905
1788965100000,179.5,179.95,178.7201,179.12,33246665.628934894
1788966000000,179.23,180.42,177.36,177.5,61391209.945320085
1788966900000,177.35,178.035,176.52,177.125,40407970.95900055
1788967800000,177.125,178.56,176.95,178.28,30400902.28089777
1788968700000,178.29,178.3399,177.5111,177.635,20396033.793496136
1788969600000,177.5401,179.12,177.5401,178.355,24583354.794219267
1788970500000,178.3,178.3,177.648,177.98,15299090.61521187
1788971400000,178.01,178.51,177.56,177.85,13578381.383511437
1788972300000,177.83,177.835,177.11,177.13,11631514.564447684
1788973200000,177.065,177.3376,176.6201,177.23,18540998.05140157
1788974100000,177.2712,178.45,177.0801,178.3442,22784171.6270181
1788975000000,178.23,178.274,177.0,177.74,30326622.933568656
1788975900000,177.74,178.11,177.55,178.1,14767555.453104474
1788976800000,178.19,178.36,177.235,177.25,19722503.646413475
1788977700000,177.19,177.79,177.19,177.65,18007980.09443186
1788978600000,177.58,177.61,176.35,176.495,20523260.99068546
1788979500000,176.54,176.55,175.8,175.86,25414735.28598909
1788980400000,175.86,176.48,175.68,176.38,23620750.62739927
1788981300000,176.37,176.93,176.2,176.76,21488453.35098232
1788982200000,176.7524,177.41,176.25,176.25,24455202.54439986
1788983100000,176.25,176.4389,174.61,174.72,96979996.00628756
1788984000000,174.707,175.5,174.0,174.69,112451611.33826666
1788984900000,174.7,175.18,174.2001,174.6,2677854.314310509
1788985800000,174.5667,175.49,174.3,175.01,1440588.187556192
1788986700000,175.1874,175.5,174.82,175.16,326388.07628263
1788987600000,175.29,175.5,175.0,175.1,877595.71049968
1788988500000,174.8,175.5,174.8,175.5,5701774.729774049
1788989400000,175.0976,175.5,174.77,175.16,284618.6398
1788990300000,174.82,175.3,174.72,174.8,529588.6265251
1788991200000,175.055,175.055,174.5,174.55,902076.73327164
1788992100000,174.56,175.3,174.5,174.98,712414.6229406048
1788993000000,174.95,175.05,174.48,174.68,626382.3682
1788993900000,174.6325,175.05,174.3,174.4111,633960.3779051522
1788994800000,174.4376,175.05,174.43,174.85,849752.1241570995
1788995700000,174.85,174.9999,174.6,174.7,837959.4240553641
1788996600000,174.7,175.0,174.6,175.0,259701.6746836201
1788997500000,174.943,175.49,174.42,175.49,1935692.9603673932
1788998400000,176.04,176.04,175.19,175.41,285289.69
1788999300000,175.49,175.67,175.0,175.62,390808.24
1789000200000,175.48,175.6,175.02,175.37,81187.64
1789001100000,175.28,175.36,175.0,175.3,317085.0
1789002000000,175.28,176.02,175.28,175.51,433541.88
1789002900000,175.51,175.51,175.01,175.21,73968.69
1789003800000,175.02,175.05,174.46,175.02,254615.25
1789004700000,175.02,175.16,174.54,175.16,154366.84
1789005600000,174.94,174.94,174.51,174.59,254288.56
1789006500000,174.59,174.59,174.42,174.47,167672.18
1789007400000,174.71,175.5,174.71,175.5,124785.6
1789008300000,175.48,175.66,175.24,175.53,188951.01
1789009200000,175.5,175.75,175.38,175.5,114417.7
1789010100000,175.46,175.46,175.34,175.34,2104.77
1789011000000,175.58,175.71,175.34,175.37,69864.07
1789011900000,175.72,175.72,175.34,175.35,199749.69
1789012800000,175.41,175.48,175.31,175.43,23686.35
1789013700000,175.43,175.43,175.31,175.43,37704.3
1789014600000,175.51,175.51,175.18,175.2,58902.71
1789015500000,175.3,175.39,175.3,175.32,16304.4
1789016400000,175.5,175.78,175.11,175.56,52472.0
1789017300000,175.57,175.57,175.35,175.39,47382.04
1789018200000,175.74,175.89,175.5,175.61,288422.19
1789019100000,175.64,175.78,175.6,175.77,80819.64
1789020000000,175.76,175.76,175.3,175.3,230421.23
1789020900000,175.15,175.19,174.91,175.02,447175.5
1789021800000,175.04,175.24,174.86,175.17,133397.72
1789022700000,175.17,175.84,175.17,175.59,193680.41
1789023600000,175.46,175.53,175.0,175.02,225162.27
1789024500000,175.02,175.03,174.44,174.45,317330.18
1789025400000,174.44,174.59,174.24,174.35,567476.76
1789026300000,174.38,174.58,174.28,174.28,96976.57
1789027200000,174.97,175.99,173.91,174.2702,4407367.101192286
1789028100000,174.2602,174.4,173.84,174.4,241667.4215486
1789029000000,174.57,174.6482,173.87,174.35,1218250.030908
1789029900000,174.35,174.35,173.8,174.09,881706.631876
1789030800000,173.9,174.38,173.88,174.0,446169.1173
1789031700000,174.03,174.46,173.89,174.3,441422.05551222723
1789032600000,174.21,174.21,173.5,173.6492,272331.6685849
1789033500000,173.68,174.33,173.64,174.11,1443897.32763813
1789034400000,173.75,174.35,173.75,174.12,491503.92242336
1789035300000,174.0,174.0,173.67,174.0,946122.845246865
1789036200000,173.9686,174.21,173.5075,174.0,466222.3438815031
1789037100000,174.12,174.25,173.58,173.58,447684.71398564
1789038000000,173.95,174.0,172.8717,173.31,2710503.788419939
1789038900000,173.2535,173.99,173.11,173.59,1145612.62922311
1789039800000,173.45,174.0,173.45,173.81,792669.27415212
1789040700000,173.83,173.96,173.0,173.2984,865934.7268827689
1789041600000,173.2453,173.46,172.62,173.0,3202088.1730465745
1789042500000,172.88,173.4,172.67,173.0,2684609.657851229
1789043400000,173.0,173.26,170.94,171.62,10237343.57094268
1789044300000,171.56,171.65,169.82,170.16,8728741.650419395
1789045200000,170.27,171.2,170.1197,170.91,5048642.769941073
1789046100000,170.87,171.766,170.29,171.27,3979030.274357943
1789047000000,170.84,172.455,170.5101,171.275,85610355.37318642
1789047900000,171.37,172.8899,170.39,172.67,41905166.71124638
1789048800000,172.7,174.46,172.66,173.14,43008778.6849148
1789049700000,173.155,173.99,172.01,172.958,33037495.722519174
1789050600000,173.0899,173.365,172.34,173.365,29645075.267843913
1789051500000,173.3325,174.3499,173.21,173.815,18586030.75284017
1789052400000,173.82,173.85,172.58,173.105,15387012.157199876
1789053300000,173.0,173.22,172.345,172.84,14279344.427431792
1789054200000,172.9,173.99,172.88,173.4701,22314798.01870216
1789055100000,173.74,173.78,172.57,173.075,16117439.633635987
1789056000000,173.0896,173.22,171.635,171.87,21679352.50201355
1789056900000,171.95,172.44,171.595,172.2,14701510.54310713
1789057800000,172.2373,172.73,171.9095,172.52,11669108.323661167
1789058700000,172.455,173.2057,172.455,173.1651,12417822.066774106
1789059600000,173.11,173.42,172.54,172.63,9373918.181988077
1789060500000,172.55,173.62,172.52,173.585,12780324.86259465
1789061400000,173.7,174.0,173.0133,173.375,24021595.070655067
1789062300000,173.5699,173.5699,172.7008,172.93,18255105.948942535
1789063200000,172.895,173.01,171.835,172.15,20879326.309691254
1789064100000,171.98,172.54,171.9,171.9,15128399.681402737
1789065000000,171.88,172.531,171.82,172.48,26372413.43884988
1789065900000,172.505,173.59,172.095,173.56,17932310.10371442
1789066800000,173.5,173.85,173.1226,173.5,22013802.23886158
1789067700000,173.5,173.84,173.105,173.305,20062459.46146708
1789068600000,173.31,173.51,173.03,173.31,26767411.806831058
1789069500000,173.31,173.52,172.15,172.28,66181533.7672
1789070400000,172.28,172.8,171.85,172.0,99662627.41604961
1789071300000,172.2,172.317,171.65,171.8267,869130.785479458
1789072200000,171.7,172.35,171.7,172.05,770520.7192952374
1789073100000,172.19,172.33,171.6301,171.9269,712057.7733
1789074000000,172.05,172.15,171.612,172.0,1295829.744989082
1789074900000,171.99,172.5,171.99,172.08,413348.3224
1789075800000,172.08,172.5,171.7,171.7,1347725.2358108
1789076700000,171.76,171.82,171.5,171.78,463080.18862211
1789077600000,171.78,172.0,171.61,171.76,649269.872524
1789078500000,171.9566,171.99,171.6001,171.8,342316.1338760818
1789079400000,171.76,172.0,171.0,171.078,732564.0839360128
1789080300000,171.0975,171.5,171.0,171.18,198949.2738332
1789081200000,171.25,171.338,170.5101,170.5101,893736.0487902262
1789082100000,170.518,171.0,170.5,170.89,731409.6392729386
1789083000000,170.9303,171.0,170.5,170.9,1236916.7468152738
1789083900000,170.86,171.0014,170.52,170.6,1195579.9301
1789084800000,170.29,171.3,170.15,171.3,152238.21
1789085700000,171.26,171.61,171.05,171.4,109420.24
1789086600000,171.36,171.4,171.06,171.11,43155.93
1789087500000,171.15,171.2,171.0,171.0,274026.86
1789088400000,171.36,171.87,171.32,171.71,302782.19
1789089300000,171.52,171.54,171.13,171.13,62022.84
1789090200000,171.01,171.3,170.82,170.91,63639.86
1789091100000,171.0,171.54,171.0,171.52,71802.89
1789092000000,171.6,171.72,171.4,171.7,12871.44
1789092900000,171.7,171.7,171.12,171.2,40779.58
1789093800000,171.2,171.55,171.07,171.47,71765.56
1789094700000,171.25,171.5,171.25,171.3,39240.81
1789095600000,171.25,171.25,170.89,171.09,143654.21
1789096500000,171.1,171.1,170.88,171.09,76077.24
1789097400000,170.97,171.41,170.8,171.25,81232.94
1789098300000,171.27,171.27,170.9,171.06,32156.86
1789099200000,171.24,171.47,171.24,171.46,70957.27
1789100100000,171.44,171.8,171.33,171.8,73651.2
1789101000000,171.96,171.97,171.73,171.78,243268.26
1789101900000,171.85,171.85,171.48,171.74,92519.03
1789102800000,171.72,171.81,171.51,171.81,12013.9
1789103700000,171.85,171.91,171.54,171.54,48610.06
1789104600000,171.59,171.98,171.57,171.98,49461.3
1789105500000,171.9,172.27,171.9,172.2,126809.07
1789106400000,172.21,173.0,172.18,172.87,664116.31
1789107300000,172.97,172.97,172.47,172.47,298116.78
1789108200000,172.6,172.61,172.38,172.51,38810.86
1789109100000,172.55,172.63,172.55,172.63,110635.11
1789110000000,172.73,173.05,172.61,172.95,275366.8
1789110900000,172.96,173.05,172.6,172.6,324740.06
1789111800000,172.62,172.74,172.6,172.6,138284.61
1789112700000,172.6,172.83,172.45,172.82,84232.07
1789113600000,172.56,173.1835,171.12,172.6,4670965.852960582
1789114500000,172.92,173.71,172.92,173.02,546146.8280533324
1789115400000,173.09,173.5,173.07,173.2,317730.05281216
1789116300000,173.43,173.5363,173.18,173.18,581945.87819588
1789117200000,173.2,173.52,172.86,172.87,414739.45977407
1789118100000,173.04,173.25,172.849,172.91,774330.329256
1789119000000,172.82,173.0407,172.31,172.39,997003.080010166
1789119900000,172.39,172.86,172.36,172.66,490312.2511
1789120800000,172.61,173.1,172.359,172.88,446559.8635828842
1789121700000,172.88,173.2,172.57,172.94,145634.6851
1789122600000,172.67,173.05,172.65,172.65,995723.3157
1789123500000,172.66,173.0,172.66,172.83,566456.75120312
1789124400000,172.72,172.96,172.17,172.47,2013588.4621767902
1789125300000,172.44,172.89,172.23,172.58,1099427.2775
1789126200000,172.58,172.95,172.3962,172.95,391708.1621201836
1789127100000,172.95,173.29,172.7036,172.97,1227912.6038
1789128000000,172.95,173.24,172.71,172.82,2406513.381297143
1789128900000,172.85,174.0,172.8,174.0,1280614.615002
1789129800000,172.5,175.45,171.06,174.77,14809052.078615773
1789130700000,174.83,176.42,174.794,176.38,12506785.033452904
1789131600000,176.34,176.79,175.34,175.94,7908072.071438357
1789132500000,175.85,176.0025,173.75,174.36,3809077.595138338
1789133400000,174.05,175.2399,172.8,174.02,80852727.13948882
1789134300000,174.18,179.77,173.2301,179.405,92064979.65065381
1789135200000,179.64,181.82,179.0598,181.4,111476464.85775869
1789136100000,181.5,181.85,179.9501,180.94,54285104.19452477
1789137000000,180.93,180.99,179.3,180.1,69124701.9648
1789137900000,180.3,182.0766,180.08,181.34,63234228.04978074
1789138800000,181.51,181.52,179.8,180.87,41695292.54938183
1789139700000,180.78,181.275,180.4317,180.565,28289696.196488198
1789140600000,180.57,180.83,180.0,180.45,21008384.28407235
1789141500000,180.422,180.59,177.1201,177.865,56279128.95766551
1789142400000,177.88,178.88,177.1,177.306,37138549.17506803
1789143300000,177.152,177.97,176.9228,177.7199,39015910.147570096
1789144200000,177.655,177.705,177.0,177.69,22871183.941319652
1789145100000,177.68,178.0999,177.24,177.505,17935624.870178755
1789146000000,177.505,178.07,177.1,177.1,10050417.998109704
1789146900000,177.21,177.82,177.0421,177.51,15733035.951039603
1789147800000,177.6,177.71,176.53,176.87,21262154.77656073
1789148700000,176.92,176.98,175.67,175.92,15428063.835579202
1789149600000,175.8501,175.88,174.07,174.66,46822161.395838246
1789150500000,174.61,175.315,174.55,175.235,28289149.799226053
1789151400000,175.1302,175.34,174.6656,174.955,15699082.121006453
1789152300000,174.925,175.175,174.31,174.72,14987347.335867275
1789153200000,174.69,175.12,173.96,174.44,19753262.78172281
1789154100000,174.345,174.44,173.9,174.0825,22191465.680531297
1789155000000,174.02,175.4,173.87,175.4,34248159.391656704
1789155900000,175.33,175.88,174.44,175.26,100495687.68805134
1789156800000,175.18,175.38,173.0,175.1,174987898.5890468
1789157700000,175.26,175.36,175.0,175.0001,791510.8071208228
1789158600000,175.05,175.38,174.75,174.8,893694.039858325
1789159500000,175.11,175.14,174.6837,175.14,594066.5821750849
1789160400000,175.0589,175.6,175.0589,175.5,674051.9838
1789161300000,175.4995,175.58,175.33,175.54,407208.28
1789162200000,175.5727,175.6,175.19,175.26,163330.6338
1789163100000,175.26,175.6,175.1,175.19,1060216.5432
1789164000000,175.15,175.5256,175.1,175.2408,109444.4184
1789164900000,175.24,175.6,175.2,175.4,338317.4174
1789165800000,175.5999,175.6,175.12,175.13,241354.290132
1789166700000,175.17,175.2593,175.0047,175.19,216244.077869
1789167600000,175.19,175.5,175.0,175.5,222694.3147956632
1789168500000,175.26,175.5,175.02,175.11,246760.2
1789169400000,175.2,175.46,175.18,175.37,376888.166467895
1789170300000,175.25,175.3,174.9,175.0,419988.1937
1789172100000,175.35,175.35,175.35,175.35,150.06453
1789173000000,175.38,175.38,175.38,175.38,150.107742
1789178400000,175.39,175.39,175.39,175.39,19.99446
1789192800000,175.39,175.39,175.39,175.39,10.488322
1789196400000,175.39,175.39,175.39,175.39,19.99446
1789198200000,175.39,175.67,175.39,175.67,3772.101758
1789199100000,175.54,175.54,175.54,175.54,1042.7076
1789200000000,175.56,175.66,175.56,175.66,774.447238
1789201800000,175.65,175.75,175.63,175.75,2260.656775
1789202700000,175.7,175.76,175.7,175.76,98.4088
1789204500000,175.7,175.84,175.7,175.84,726.003666
1789210800000,175.76,175.76,175.76,175.76,1043.592576
1789218900000,175.62,175.92,175.62,175.92,2183.387808
1789227000000,175.75,176.23,175.75,176.1,2153.706887
1789229700000,176.12,176.12,176.12,176.12,89.99732
1789231500000,176.09,176.16,176.09,176.16,706.1944
1789236900000,176.03,176.03,176.03,176.03,507.512093
1789237800000,176.01,176.01,175.72,175.72,4898.98909
1789239600000,175.84,175.84,175.64,175.64,1270.569756
1789264800000,175.75,175.75,175.75,175.75,19.982775
1789269300000,175.75,175.75,175.75,175.75,19.982775
1789281900000,175.74,175.74,174.63,174.63,5736.26212
1789282800000,175.42,175.42,175.42,175.42,19.99788
1789284600000,174.63,174.63,174.52,174.52,5402.624284
1789285500000,174.48,174.67,174.47,174.47,438.507538
1789290000000,174.67,174.67,174.18,174.18,2429.62621
1789291800000,174.13,174.13,172.83,172.83,7123.186718
1789292700000,173.25,173.25,173.1,173.1,345.410649
1789295400000,173.1,173.1,173.01,173.01,1087.690911
1789296300000,173.11,173.11,173.06,173.06,124.826372
1789300800000,173.05,173.05,173.05,173.05,10.52144
1789301700000,173.2,173.2,173.2,173.2,10.9982
1789303500000,173.2,173.2,173.2,173.2,20.12584
1789308000000,173.2,173.2,173.05,173.05,387.682135
1789310700000,173.2,173.79,173.17,173.79,2199.747333
1789312500000,173.75,173.75,173.51,173.51,3440.344797
1789315200000,173.65,173.65,173.57,173.57,5301.581055
1789325100000,173.64,173.64,173.64,173.64,20.124876
1789326000000,173.64,173.64,173.64,173.64,120.436704
1789326900000,173.56,173.56,173.5,173.5,696.440695
1789344000000,172.98,173.67,172.56,173.65,443936.56
1789344900000,173.36,173.36,171.95,171.99,312926.31
1789345800000,172.1,172.89,172.1,172.89,270266.86
1789346700000,172.89,173.04,172.67,172.7,222223.85
1789347600000,172.71,172.85,172.47,172.48,148479.62
1789348500000,172.47,172.71,172.21,172.71,266362.79
1789349400000,172.69,173.23,172.23,173.11,172017.36
1789350300000,173.12,173.82,173.03,173.82,197513.53
1789351200000,173.8,174.76,173.6,174.76,302375.12
1789352100000,174.6,175.49,174.4,175.0,303616.88
1789353000000,175.15,175.46,174.97,175.09,562494.95
1789353900000,175.35,176.18,175.23,175.71,275075.3
1789354800000,175.78,177.0,175.62,176.65,525217.49
1789355700000,176.62,177.38,176.28,177.19,959640.21
1789356600000,177.21,177.21,176.05,176.09,348382.32
1789357500000,176.07,176.7,175.97,176.63,303774.1
1789358400000,176.69,176.98,176.25,176.89,1175724.09
1789359300000,176.89,177.15,176.67,176.9,295551.02
1789360200000,176.9,176.92,176.54,176.62,140139.69
1789361100000,176.61,177.04,176.61,177.04,150103.46
1789362000000,177.03,177.06,176.73,176.8,230819.07
1789362900000,176.8,176.8,176.19,176.36,299502.88
1789363800000,176.4,176.5,175.81,175.86,259283.74
1789364700000,175.93,176.17,175.93,176.14,38908.31
1789365600000,176.22,177.06,176.17,176.9,813008.81
1789366500000,176.82,177.11,176.51,176.51,2978945.13
1789367400000,176.52,176.99,176.12,176.97,301503.64
1789368300000,176.99,177.25,176.59,176.6,283977.28
1789369200000,176.65,176.85,176.61,176.77,318607.31
1789370100000,176.63,177.0,176.63,176.77,370048.92
1789371000000,176.78,176.98,176.73,176.86,504759.42
1789371900000,176.94,176.95,176.73,176.73,960547.48
1789372800000,176.51,177.25,175.35,175.83,13949058.945331587
1789373700000,175.81,176.5,175.01,175.7,1199429.160016
1789374600000,175.72,176.4,175.5222,176.01,370389.8349298816
1789375500000,176.03,176.285,175.6,176.14,528444.221331485
1789376400000,176.21,176.4247,175.71,175.71,634711.8435327805
1789377300000,175.7,175.8459,174.81,175.22,1737804.80455006
1789378200000,175.23,175.95,175.23,175.95,1313675.3562022315
1789379100000,175.8,178.56,175.8,177.83,2411298.2782138675
1789380000000,177.74,177.81,177.1467,177.49,816309.19012
1789380900000,177.41,177.6,177.02,177.0319,720320.073035215
1789381800000,177.3513,177.4,177.0,177.13,305912.123989724
1789382700000,177.4,177.4,176.862,177.14,2544199.706554725
1789383600000,177.07,177.2095,176.21,176.36,1506649.1911679986
1789384500000,176.36,178.85,176.25,178.77,5199209.3378
1789385400000,178.82,180.6679,178.5,180.5,10205824.539091447
1789386300000,180.593,181.0,179.67,180.2,9737157.512719247
1789387200000,180.2149,181.0,179.05,180.7105,5261638.590551734
1789388100000,180.72,181.4823,180.49,181.1803,6576582.594232279
1789389000000,181.03,181.2,179.58,180.3349,3229990.725537924
1789389900000,180.25,180.25,177.9,178.39,2507238.3662967794
1789390800000,178.41,178.44,177.17,177.78,8567833.3572279
1789391700000,177.74,181.45,177.6088,181.12,5918204.380836
1789392600000,180.98,189.4395,180.29,185.74,210320106.60878032
1789393500000,185.61,188.73,184.95,186.93,155940776.89636514
1789394400000,186.89,189.05,186.62,188.75,166351209.16744787
1789395300000,188.72,188.72,184.5,185.41,98688661.27638485
1789396200000,185.29,186.29,184.16,185.25,58832776.236927785
1789397100000,185.46,186.8964,185.1952,186.65,53848248.171005875
1789398000000,186.57,188.24,185.8111,188.02,70101718.0778694
1789398900000,188.02,188.7649,186.68,186.845,48797710.23082219
1789399800000,186.69,188.435,186.18,188.195,37782864.07587403
1789400700000,188.235,188.6,186.6101,188.4,51630127.53539433
1789401600000,188.39,188.7,188.05,188.635,28924797.1655952
1789402500000,188.7599,191.24,188.722,190.5699,113212648.04124793
1789403400000,190.48,190.76,189.04,189.295,49464524.663601734
1789404300000,189.3,191.51,189.1,191.16,53263958.80504845
1789405200000,191.16,191.41,190.49,191.325,34398702.990195066
1789406100000,191.39,192.94,190.92,192.9,72764252.2465139
1789407000000,192.97,193.0,190.7231,191.0987,62898759.5931021
1789407900000,191.03,192.0899,190.835,191.66,40523556.44317338
1789408800000,191.46,191.57,189.83,190.075,38074779.881635055
1789409700000,190.15,191.0,189.89,190.55,31093231.414321102
1789410600000,190.555,190.7,189.39,189.8797,44807075.37452235
1789411500000,189.825,190.2,189.2201,189.485,31640446.672760367
1789412400000,189.45,190.0,188.96,189.82,34422074.13440941
1789413300000,189.8919,193.2168,189.79,192.57,92281458.621864
1789414200000,192.5,192.699,191.54,192.27,78812974.5868974
1789415100000,192.2601,192.52,190.8,191.45,145932519.59380794
1789416000000,191.45,192.0,190.7,192.0,249145146.7125147
1789416900000,191.45,192.8,191.45,192.49,15482882.826183496
1789417800000,192.49,192.49,191.61,191.87,2248510.584893006
1789418700000,191.8285,192.1,190.64,190.64,3073101.792783529
1789419600000,190.2775,190.98,189.4507,190.0301,3710468.325020055
1789420500000,190.0301,190.6,189.5,190.22,1427411.3945106314
1789421400000,189.98,190.1,189.5,189.66,1614559.7439174321
1789422300000,189.66,190.0,189.42,189.55,1323386.90537996
1789423200000,189.25,189.72,188.4,189.015,2057780.4917732112
1789424100000,189.2,189.8,188.58,188.8,2027727.1372123773
1789425000000,188.8,189.8,188.58,189.15,538978.1550804942
1789425900000,189.19,189.19,188.9,189.052,658090.574344635
1789426800000,189.0352,189.05,188.25,188.48,2349428.2500626
1789427700000,188.4,188.8,188.02,188.27,1280768.8341
1789428600000,188.27,188.46,187.9,188.0713,9363583.503537852
1789429500000,188.1,188.2418,187.5,187.5,3519444.3249381366
1789430400000,187.9,188.75,187.65,188.03,788117.48
1789431300000,187.98,188.07,187.2,187.2,829724.85
1789432200000,187.45,187.78,187.22,187.3,185902.08
1789433100000,187.37,187.67,187.26,187.52,315795.39
1789434000000,187.4,187.4,186.6,187.07,736266.87
1789434900000,186.95,187.95,186.85,187.5,882978.79
1789435800000,187.5,188.07,187.35,187.79,385120.01
1789436700000,187.65,188.13,187.59,187.61,216535.29
1789437600000,187.64,188.11,187.56,187.8,174001.6
1789438500000,187.99,188.02,187.61,187.62,175540.61
1789439400000,187.61,187.68,187.12,187.27,199527.47
1789440300000,187.28,187.28,186.96,187.16,81363.96
1789441200000,187.1,187.1,186.6,186.61,433730.2
1789442100000,186.61,186.93,186.33,186.72,416826.55
1789443000000,186.8,186.94,186.17,186.45,525826.57
1789443900000,186.27,186.47,185.6,185.61,454566.24
1789444800000,185.61,186.06,185.6,185.68,342680.72
1789445700000,185.68,185.91,185.11,185.3,485081.45
1789446600000,185.43,185.47,184.62,184.64,945561.75
1789447500000,184.65,184.7,184.51,184.7,234305.66
1789448400000,184.67,184.7,183.86,183.88,625561.06
1789449300000,184.14,184.7,183.94,184.7,365966.02
1789450200000,184.61,184.67,183.79,184.58,790248.87
1789451100000,184.49,184.7,184.49,184.7,686571.86
1789452000000,184.7,185.47,184.7,185.28,723794.5
1789452900000,185.26,185.32,184.71,184.95,754213.07
1789453800000,184.84,184.88,184.51,184.66,243727.93
1789454700000,184.69,184.75,184.13,184.25,435849.16
1789455600000,184.36,184.58,184.12,184.12,278516.26
1789456500000,184.41,184.59,184.16,184.5,236227.25
1789457400000,184.51,184.51,183.63,183.69,668178.17
1789458300000,183.73,183.77,183.04,183.23,879937.86
1789459200000,183.5792,186.18,181.45,182.45,17448084.71170321
1789460100000,182.56,182.8975,181.99,182.42,1237378.5122596975
1789461000000,182.42,183.17,182.4,182.94,780376.712925479
1789461900000,183.17,183.94,182.8,183.77,1130261.6380785469
1789462800000,183.4,183.6369,183.08,183.46,1677293.9762239729
1789463700000,183.26,183.6886,183.05,183.15,915107.54
1789464600000,183.15,183.9,183.15,183.3555,1601065.10031314
1789465500000,183.57,184.48,183.4782,184.03,838039.3578433436
1789466400000,184.0,184.3376,183.68,183.97,1782159.2398161807
1789467300000,183.97,184.0,183.42,183.48,644790.92045704
1789468200000,183.89,183.98,183.51,183.92,858689.0934
1789469100000,183.92,184.48,183.62,183.93,2254381.801215052
1789470000000,184.025,184.64,182.9604,182.9604,12067058.321839204
1789470900000,183.1076,183.9999,182.82,182.97,2923304.178341365
1789471800000,182.97,183.02,182.19,182.8,3610824.309970762
1789472700000,183.07,183.46,182.1,183.37,3632328.7029026863
1789473600000,183.35,183.72,182.66,183.32,4617598.256530868
1789474500000,183.24,183.66,182.86,183.34,5343020.97760024
1789475400000,183.2,184.0,182.79,183.5,4988660.4022
1789476300000,183.5999,185.24,183.35,184.3981,9800666.773545893
1789477200000,184.3,184.7,183.95,184.23,2660485.9381666523
1789478100000,184.18,184.49,182.4,183.68,9648003.22251
1789479000000,183.621,184.135,179.0101,179.7878,194697722.08700585
1789479900000,179.865,180.2099,178.75,179.51,116095559.16343379
1789480800000,179.61,179.7,178.08,178.8,113146227.86182679
1789481700000,178.83,179.23,178.22,178.405,52066363.686953634
1789482600000,178.4668,178.4999,176.57,177.38,99766319.57847948
1789483500000,177.42,177.845,176.28,177.71,70718360.17737415
1789484400000,177.755,179.97,177.63,179.695,102775600.1017777
1789485300000,179.6625,180.9314,179.0,180.76,87234131.34937601
1789486200000,180.71,181.34,180.2072,181.09,67959468.01469342
1789487100000,181.17,181.93,180.72,181.28,56873004.77593142
1789488000000,181.255,181.365,179.56,179.64,29183046.297470942
1789488900000,179.7,180.59,179.6142,180.22,28244303.636208568
1789489800000,180.26,180.38,179.45,179.72,18994106.392806258
1789490700000,179.795,179.99,179.5,179.61,23792409.26623658
1789491600000,179.66,179.94,178.25,178.795,34363553.77388909
1789492500000,178.81,179.365,178.52,179.19,21946284.72752662
1789493400000,179.19,180.7,178.8001,178.9,48790634.31064388
1789494300000,178.9,179.24,178.64,178.884,21978306.855241947
1789495200000,178.9,178.98,177.22,177.32,58422245.178735144
1789496100000,177.315,177.79,176.2,177.55,86923244.37230937
1789497000000,177.5,177.66,171.39,171.505,275020452.48954076
1789497900000,171.505,174.41,168.07,174.3,598057846.5606786
1789498800000,174.3001,174.816,171.4001,174.68,219792148.91077384
1789499700000,174.695,175.6,174.07,174.555,150970336.32890105
1789500600000,174.575,174.575,171.86,172.072,128278121.33572365
1789501500000,172.16,172.94,171.35,172.11,224581631.23978636
1789502400000,172.1,172.4737,171.35,171.9,277203286.5686229
1789503300000,171.92,172.48,171.71,171.71,5727660.5926479865
1789504200000,171.68,172.4999,171.23,171.85,4811513.816557505
1789505100000,171.91,172.3,171.76,172.0,4548668.388614026
1789506000000,171.63,172.1,171.1956,171.86,2431425.874906069
1789506900000,171.71,172.11,171.1,171.1,1856542.328784116
1789507800000,171.8,171.8,171.0,171.78,1072650.1361882708
1789508700000,171.4,171.69,170.5,170.5125,2436164.2868664805
1789509600000,170.68,171.2,170.52,170.52,1360598.28231738
1789510500000,170.8,171.23,170.09,170.97,1798149.4375675
1789511400000,171.2,171.23,170.52,171.18,2196039.413937099
1789512300000,171.005,171.2633,171.0,171.15,1195311.95305684
1789513200000,171.14,172.11,171.1,171.6279,1198149.788649372
1789514100000,171.52,171.8,171.1097,171.47,2207599.483446556
1789515000000,171.28,171.46,170.72,171.12,1632420.8409496937
1789515900000,171.12,171.25,170.7449,171.13,1329997.200966982
1789516800000,170.92,171.38,170.61,171.16,536079.97
1789517700000,171.0,171.48,170.97,171.48,240584.76
1789518600000,171.59,171.74,171.41,171.5,479035.87
1789519500000,171.5,171.55,171.32,171.45,105269.81
1789520400000,171.49,171.57,171.01,171.32,385868.81
1789521300000,171.31,171.73,171.31,171.62,100490.92
1789522200000,171.58,171.58,170.37,170.75,827232.24
1789523100000,170.86,171.1,170.1,170.1,404697.12
1789524000000,170.08,170.91,170.08,170.77,367719.67
1789524900000,170.77,171.63,170.77,171.6,128492.57
1789525800000,171.62,172.25,171.62,171.99,1027007.11
1789526700000,171.88,172.1,171.6,171.7,338863.66
1789527600000,171.65,172.15,171.55,172.15,127656.85
1789528500000,172.15,172.5,171.99,171.99,250533.0
1789529400000,171.85,172.05,171.58,171.6,232019.81
1789530300000,171.69,171.73,171.61,171.72,90797.65
1789531200000,171.83,172.05,171.72,171.8,251546.34
1789532100000,171.8,172.14,171.75,171.85,225804.04
1789533000000,171.85,171.95,171.74,171.74,94182.75
1789533900000,171.78,171.89,171.48,171.58,38438.96
1789534800000,171.58,171.58,170.96,171.36,279022.33
1789535700000,171.51,171.79,171.39,171.39,125225.45
1789536600000,171.63,171.91,171.57,171.88,67665.89
1789537500000,171.94,171.99,171.52,171.83,102875.84
1789538400000,171.97,172.02,171.76,171.93,756247.18
1789539300000,171.82,171.9,171.63,171.69,298256.99
1789540200000,171.68,171.75,171.56,171.67,163608.6
1789541100000,171.74,172.17,171.72,172.17,300431.85
1789542000000,172.17,172.47,171.81,171.81,384673.9
1789542900000,172.09,172.35,171.56,172.05,578666.41
1789543800000,172.06,172.06,171.77,171.97,499444.17
1789544700000,171.84,172.0,171.3,171.31,326256.9
1789545600000,171.45,172.3692,170.4,170.72,11078056.4356117
1789546500000,170.82,171.34,170.51,170.94,1612087.44545003
1789547400000,170.79,171.3788,170.79,171.12,932943.6632420432
1789548300000,171.1,171.6815,171.0,171.59,1281702.101758126
1789549200000,171.58,172.06,171.2728,171.2728,918350.569420703
1789550100000,171.5,172.1575,171.5,171.8,311976.09046162
1789551000000,172.1447,172.1447,171.59,172.06,264028.9732393729
1789551900000,172.07,172.3615,171.654,172.0319,1246119.9351779155
1789552800000,172.0604,172.45,171.78,171.78,594696.61894
1789553700000,171.6582,172.07,171.6582,171.93,238497.743682
1789554600000,171.75,172.4439,171.39,172.02,1860839.1569838072
1789555500000,172.1,172.37,171.95,172.09,897164.1746913494
1789556400000,172.18,173.36,171.89,172.57,4484763.07034634
1789557300000,172.6,172.99,172.5,172.8867,2312863.938825
1789558200000,172.7,173.99,172.6201,173.73,1973192.63543
1789559100000,173.75,174.3197,173.65,174.04,5432066.237861743
1789560000000,174.05,174.77,174.0,174.0095,3922216.577035559
1789560900000,174.0012,174.0085,173.51,173.68,2699366.8871437823
1789561800000,173.55,173.94,173.2,173.6,2258000.616512
1789562700000,173.6,174.1897,173.4575,173.77,2360425.441393
1789563600000,173.5,173.8,172.82,173.5835,2983409.241325925
1789564500000,173.73,174.0,172.8,172.87,7120732.365535004
1789565400000,172.555,173.97,170.041,171.47,80650668.69046648
1789566300000,171.445,172.24,169.6101,169.89,82688536.64432143
1789567200000,170.07,170.43,167.0201,167.185,79264114.37523797
1789568100000,167.185,168.9799,167.185,168.57,67903435.0601509
1789569000000,168.55,168.64,167.61,168.56,49074253.635233395
1789569900000,168.4,168.47,166.2901,167.03,89883727.32866244
1789570800000,167.03,168.2517,166.9083,167.13,43944330.266867064
1789571700000,167.115,167.1999,165.51,165.528,70367600.36083488
1789572600000,165.55,166.22,164.6,165.545,114313363.99366985
1789573500000,165.545,166.38,165.25,165.5105,53475973.033352725
1789574400000,165.53,165.74,164.58,165.47,36268824.74372254
1789575300000,165.4203,166.1795,165.0105,165.31,35070371.07484011
1789576200000,165.33,165.99,165.2,165.23,43428074.53361767
1789577100000,165.235,166.25,165.235,166.0,29047651.41568865
1789578000000,166.0159,166.24,165.54,165.64,35870183.198699415
1789578900000,165.6595,165.77,165.24,165.6451,24391226.76554684
1789579800000,165.66,165.71,164.8,165.06,28661256.98016488
1789580700000,165.0436,165.87,164.58,165.77,41426258.22587742
1789581600000,165.85,167.72,163.8101,165.37,135638800.039
1789582500000,165.455,165.8799,165.05,165.53,29668744.1713
1789583400000,165.49,165.6499,163.08,164.4,63723164.8897
1789584300000,164.44,164.71,161.82,161.84,65203315.5364
1789585200000,161.865,163.58,161.815,162.605,62024869.9918
1789586100000,162.68,163.105,161.21,162.345,96826316.475
1789587000000,162.34,163.94,162.22,163.65,50513572.1567
1789587900000,163.65,164.785,163.61,164.51,118676517.1287
1789588800000,164.44,165.47,164.0,165.2008,5299409.6932
1789589700000,165.0,165.6433,164.7,164.93,3181149.472055473
1789590600000,165.407,165.5,164.51,165.14,1177174.87285005
1789591500000,165.25,165.25,165.0,165.2,1137882.0265575005
1789592400000,165.2,165.59,165.2,165.4,1112964.40312
1789593300000,165.3,165.5,165.22,165.43,564434.231317425
1789594200000,165.43,165.6,165.3417,165.5764,696988.77845
1789595100000,165.5706,165.66,165.22,165.23,1122825.819436055
1789596000000,165.31,165.4,164.8,165.12,1834313.8159175008
1789596900000,165.12,165.27,164.7001,165.04,685587.3887765
1789597800000,165.0,165.07,164.82,165.0075,862263.42
1789598700000,164.9,165.04,164.83,164.9192,936128.6911458
1789599600000,164.9291,165.2,164.8,165.13,1011442.578
1789600500000,165.4,165.84,165.09,165.58,1371232.6591368993
1789601400000,165.6746,166.25,165.52,166.15,923485.5914387555
1789602300000,166.24,166.5,165.32,166.2,1436572.6623095365
1789603200000,166.02,166.96,166.02,166.6,646430.32
1789604100000,166.59,167.14,166.59,166.9,510351.82
1789605000000,166.89,167.18,166.73,167.09,874070.17
1789605900000,167.09,167.09,166.8,166.91,247234.08
1789606800000,166.8,167.0,166.54,166.7,103364.53
1789607700000,166.72,167.68,166.53,167.68,236663.29
1789608600000,167.68,167.98,167.49,167.82,435151.64
1789609500000,167.65,167.65,166.91,166.98,214024.13
1789610400000,166.98,167.01,166.45,166.62,69861.43
1789611300000,166.47,166.63,166.45,166.52,116383.27
1789612200000,166.9,167.4,166.9,167.39,101672.5
1789613100000,167.36,167.4,167.25,167.4,18242.57
1789614000000,167.18,167.39,167.11,167.12,125953.37
1789614900000,167.19,167.29,167.01,167.12,162718.76
1789615800000,167.26,167.31,167.09,167.28,226572.47
1789616700000,167.28,167.28,167.16,167.17,7357.85
1789617600000,167.21,167.31,166.98,167.08,123026.31
1789618500000,166.99,167.08,166.59,166.67,239762.26
1789619400000,166.71,167.25,166.67,167.25,19034.93
1789620300000,167.25,167.55,167.25,167.55,150226.66
1789621200000,167.57,167.6,167.35,167.35,149402.97
1789622100000,167.35,167.36,167.16,167.34,14216.86
1789623000000,167.25,167.25,166.93,166.93,217444.56
1789623900000,166.93,167.19,166.8,166.8,145383.2
1789624800000,166.81,167.14,166.79,167.05,119815.28
1789625700000,167.07,167.2,166.81,167.2,154142.83
1789626600000,167.38,167.63,167.38,167.6,193490.93
1789627500000,167.65,167.8,167.64,167.65,71772.4
1789628400000,167.63,168.49,167.62,168.34,1305814.98
1789629300000,168.3,168.5,168.02,168.29,930033.43
1789630200000,168.2,168.35,168.19,168.35,201084.48
1789631100000,168.32,168.38,167.73,167.79,1195765.7
1789632000000,166.99,168.68,166.59,168.25,9494739.257250505
1789632900000,168.1062,169.2,168.1062,168.77,3572451.1589444266
1789633800000,168.92,169.21,168.23,169.0312,1758016.9977859547
1789634700000,169.04,169.5,168.78,169.14,2151922.6751648453
1789635600000,169.21,169.9075,169.21,169.4475,2923615.278685849
1789636500000,169.36,169.783,169.19,169.47,1424285.830902
1789637400000,169.27,169.51,169.0125,169.19,1680283.515568828
1789638300000,169.11,169.11,168.6,168.61,754252.746473
1789639200000,168.6,168.62,168.23,168.6,769149.45438875
1789640100000,168.6,168.6,168.2,168.56,1268340.7451321273
1789641000000,168.49,168.75,168.05,168.05,1873439.3497155989
1789641900000,168.05,168.44,167.91,168.26,1077938.780931
1789642800000,168.02,168.27,167.02,167.58,3986957.758281471
1789643700000,167.67,167.75,167.17,167.75,1094039.75975954
1789644600000,167.64,167.64,166.8,167.08,2363143.6386477104
1789645500000,167.08,167.9838,166.8892,167.96,2349531.8464713534
1789646400000,167.96,169.36,167.4866,169.1548,4604699.158637917
1789647300000,169.19,170.06,169.0627,169.87,5575989.332628624
1789648200000,169.86,170.18,169.3,169.88,7616423.584023821
1789649100000,169.82,170.18,169.3,170.08,4157623.692384
1789650000000,170.27,172.0,169.45,170.13,24899621.420202654
1789650900000,170.3636,171.78,169.43,169.8,18138207.714257903
1789651800000,169.865,170.14,166.16,166.505,149458708.16322207
1789652700000,166.46,169.27,165.7327,169.2,70513171.87901947
1789653600000,169.29,170.59,167.79,170.59,74656983.03618698
1789654500000,170.6,171.375,169.7101,170.74,67898394.9846
1789655400000,170.87,171.215,168.6195,168.81,57319694.90052704
1789656300000,168.815,170.18,168.805,169.2201,53147209.270136036
1789657200000,169.3,169.3,167.392,167.58,47266925.6117069
1789658100000,167.7727,168.28,167.05,168.1279,37926061.12402208
1789659000000,168.242,169.5999,167.7525,169.135,34329097.72126487
1789659900000,169.135,169.84,168.4434,169.84,27392293.45726618
1789660800000,169.72,169.98,169.23,169.595,18990541.980540298
1789661700000,169.64,170.68,169.58,170.27,30311109.633274056
1789662600000,170.295,170.99,169.73,170.95,27425012.902684547
1789663500000,170.94,171.75,170.7294,171.75,39995336.59663199
1789664400000,171.76,172.65,171.51,171.51,52093998.984821394
1789665300000,171.47,172.25,171.2383,172.18,31634689.343255583
1789666200000,172.11,172.7299,171.5,171.73,33157046.31124048
1789667100000,171.62,171.89,171.02,171.73,16863730.440680105
1789668000000,171.715,172.19,171.38,172.13,23189241.06558017
1789668900000,172.08,173.25,171.9405,173.23,44950252.17568145
1789669800000,173.24,173.41,171.3417,171.74,38346709.84282409
1789670700000,171.845,172.4897,171.74,172.205,26902439.162428692
1789671600000,172.2,172.639,172.0,172.31,19869621.6467026
1789672500000,172.29,172.479,171.95,172.325,18636230.2354651
1789673400000,172.325,172.99,172.185,172.87,47867778.82411633
1789674300000,172.98,174.15,172.57,173.97,162727773.18844083
1789675200000,174.0,174.24,173.5,173.68,196987597.4312584
1789676100000,173.68,173.97,173.07,173.94,1504794.4367279424
1789677000000,173.61,173.9,173.25,173.3,1040368.959702
1789677900000,173.25,173.66,173.25,173.4945,1923535.530533628
1789678800000,173.5,173.65,173.25,173.5,1454435.7736940687
1789679700000,173.33,173.5,173.2562,173.3,609281.2390837444
1789680600000,173.3414,173.53,173.3001,173.445,271323.8913659435
1789681500000,173.3503,173.53,172.16,172.4453,1376605.8694044473
1789682400000,172.45,172.76,172.0,172.3003,338239.7103
1789683300000,172.76,172.76,172.0,172.3864,662272.46415
1789684200000,172.2,172.71,172.2,172.6185,226714.2602067328
1789685100000,172.62,172.74,172.4,172.52,520465.3121
1789686000000,172.7388,173.38,172.5,172.5417,252131.612355725
1789686900000,172.9,172.95,172.4,172.6491,434830.776903
1789687800000,172.657,173.15,172.25,172.61,672096.985991467
1789688700000,172.62,173.06,172.55,173.06,348858.7606
1789689600000,173.28,173.28,172.14,172.75,344728.73
1789690500000,172.86,172.88,172.49,172.49,85445.22
1789691400000,172.63,173.15,172.61,172.89,132991.72
1789692300000,172.79,173.38,172.66,173.38,61107.87
1789693200000,173.47,173.55,172.95,173.16,138783.03
1789694100000,173.15,173.4,172.98,173.03,337969.74
1789695000000,173.01,173.49,173.01,173.4,89924.1
1789695900000,173.4,173.69,173.38,173.69,61935.82
1789696800000,173.43,173.54,173.24,173.54,29635.31
1789697700000,173.7,174.21,173.47,174.21,258460.82
1789698600000,174.23,174.6,174.23,174.52,456969.54
1789699500000,174.51,174.7,174.37,174.52,178736.12
1789700400000,174.52,175.57,174.51,175.57,403107.69
1789701300000,175.57,176.01,175.31,175.7,786822.49
1789702200000,175.71,175.88,175.51,175.6,473921.8
1789703100000,175.67,175.89,175.56,175.75,712701.69
1789704000000,175.75,175.86,175.32,175.67,420742.41
1789704900000,175.57,175.73,175.42,175.69,128370.74
1789705800000,175.61,175.9,175.38,175.9,231533.37
1789706700000,175.96,176.43,175.64,176.43,218807.58
1789707600000,176.36,176.73,176.23,176.56,270825.03
1789708500000,176.6,177.08,176.5,177.05,1790019.72
1789709400000,177.05,177.4,176.78,177.0,1023121.14
1789710300000,177.0,177.0,176.5,176.54,175709.23
1789711200000,176.74,177.18,176.74,177.1,359933.68
1789712100000,177.16,177.3,176.93,177.0,347411.47
1789713000000,177.01,177.3,177.0,177.1,466878.26
1789713900000,177.1,177.2,176.79,177.07,432784.36
1789714800000,176.96,177.47,176.93,177.18,788641.08
1789715700000,177.18,177.89,177.11,177.77,1509422.97
1789716600000,177.79,178.0,177.66,177.76,558053.56
1789717500000,177.77,177.77,177.11,177.26,727688.87
1789718400000,177.42,178.42,175.3062,177.85,17691747.26952694
1789719300000,177.87,178.9791,177.74,178.71,2583259.61111992
1789720200000,178.61,179.5,178.43,179.2867,6867418.922785998
1789721100000,179.01,180.1,179.01,180.08,3121923.383812631
1789722000000,179.9,180.65,179.73,180.27,5520935.0620457865
1789722900000,180.26,180.4671,179.34,179.34,2411214.271423772
1789723800000,179.38,179.5124,178.5156,178.62,2729015.549717788
1789724700000,178.63,179.4697,178.5655,179.28,2111106.1565213767
1789725600000,179.157,179.47,179.11,179.23,1107743.05772238
1789726500000,179.42,179.6585,179.0,179.5,1260712.015083037
1789727400000,179.25,179.5481,178.9,178.96,1111417.9617515749
1789728300000,178.9,179.0,178.47,178.7517,2006307.671607325
1789729200000,178.72,178.72,175.831,176.4095,12685820.274240997
1789730100000,176.3954,176.5,175.81,176.26,9120659.491320848
1789731000000,176.3,177.24,176.1962,176.52,3017470.591562758
1789731900000,176.81,177.2772,176.68,177.0,2137472.4149754625
1789732800000,177.0459,177.0459,176.01,176.51,3932577.5856591593
1789733700000,176.531,176.6616,176.01,176.45,2389224.048071723
1789734600000,176.41,177.33,176.11,177.1,3753499.853898
1789735500000,177.0,177.2,176.18,176.42,3077400.0615881863
1789736400000,176.31,176.4599,175.8,176.25,5215857.994239786
1789737300000,176.15,178.6,176.0,178.07,12063865.19584544
1789738200000,178.155,182.99,177.67,182.115,220774339.13903233
1789739100000,181.96,186.24,181.67,185.805,229966276.29851353
1789740000000,185.88,187.18,184.4,187.08,148938531.5372954
1789740900000,187.08,190.46,186.96,189.61,255246119.79715198
1789741800000,189.72,191.55,188.94,191.365,218816594.0330742
1789742700000,191.38,192.7,190.55,192.7,163358364.71975622
1789743600000,192.715,192.77,191.0401,192.68,128530978.09462474
1789744500000,192.61,192.8999,191.955,192.7,101995744.43921703
1789745400000,192.63,192.8197,191.8,192.0601,78580982.8817371
1789746300000,192.1,192.9,191.96,192.69,90173103.74338698
1789747200000,192.67,193.88,191.97,193.7701,79570763.34145735
1789748100000,193.82,195.0718,193.3601,194.92,135813804.80181327
1789749000000,194.88,195.65,193.7,194.11,128279028.294112
1789749900000,194.11,194.56,193.12,194.5435,85078561.70207304
1789750800000,194.492,194.83,193.98,194.675,77143963.68861543
1789751700000,194.675,195.1799,193.8885,194.85,67117253.90960076
1789752600000,195.0,195.29,194.1101,195.266,51717144.34791757
1789753500000,195.1774,196.21,194.6,196.04,173250332.0859504
1789754400000,196.0,196.03,194.02,194.09,97886086.47341336
1789755300000,194.05,194.6099,192.91,194.3301,106103302.09920259
1789756200000,194.385,194.43,193.7901,194.055,54261960.49236665
1789757100000,194.06,194.6,193.69,194.53,61077362.66095358
1789758000000,194.5873,194.78,194.12,194.675,44360093.974301144
1789758900000,194.73,195.19,194.39,195.09,59746832.512671694
1789759800000,195.02,195.06,194.0,194.215,92581655.7192
1789760700000,194.21,194.5,192.67,194.25,251461278.50454608
1789761600000,194.26,194.44,193.56,193.7678,484395257.3688307
1789762500000,194.05,194.25,193.4,193.66,12022311.317883532
1789763400000,193.5768,194.59,193.36,194.56,7469412.752774694
1789764300000,194.3203,194.7499,193.9,193.9486,2021500.2719103214
1789765200000,194.03,194.49,193.9,194.1,862337.7536698318
1789766100000,194.1323,194.4,193.86,193.98,1047267.5611255
1789767000000,193.9013,193.9999,193.65,193.82,945991.2958827248
1789767900000,193.8,193.96,193.8,193.8637,3888376.130126267
1789768800000,194.08,194.25,193.8,194.05,1990802.5813267408
1789769700000,194.05,194.75,193.8,194.31,985570.0951068305
1789770600000,194.46,194.7412,194.08,194.0855,1246238.920441636
1789771500000,194.15,194.4,194.08,194.194,711602.8127046577
1789772400000,194.39,194.55,194.11,194.2,824350.4498136
1789773300000,194.41,194.5,194.0,194.0,1185018.9802
1789774200000,194.08,194.1295,193.84,193.86,1085934.232870175
1789775100000,193.84,194.62,193.8,194.62,1462805.53953456
1789776000000,194.48,194.48,194.28,194.28,2263.551544
1789778700000,194.8,194.8,194.8,194.8,46.752
1789779600000,194.8,194.8,194.8,194.8,1381.5216
1789780500000,194.8,194.8,194.8,194.8,998.1552
1789783200000,194.82,194.82,194.82,194.82,19.988532
1789785900000,194.5,194.5,194.5,194.5,46.68
1789786800000,194.82,194.82,194.82,194.82,25.3266
1789787700000,194.82,194.82,194.82,194.82,20.124906
1789788600000,194.5,194.5,194.5,194.5,1296.537
1789790400000,194.93,194.93,194.93,194.93,62.864925
1789792200000,194.48,194.48,194.28,194.28,2254.80994
1789796700000,194.93,194.93,194.93,194.93,38.986
1789798500000,194.4,194.4,194.28,194.28,345.186708
1789801200000,194.93,194.93,194.93,194.93,19.999818
1789802100000,194.93,194.93,194.93,194.93,20.116776
1789805700000,194.93,194.93,194.93,194.93,1149.209815
1789807500000,194.26,194.41,194.24,194.41,46622.832108
1789808400000,194.41,194.53,194.41,194.53,19140.81267
1789809300000,194.53,194.86,194.53,194.86,3470.086538
1789812900000,194.8,194.8,194.8,194.8,999.86944
1789815600000,194.8,194.8,194.8,194.8,0.11688
1789816500000,194.8,194.8,194.8,194.8,20.12284
1789820100000,194.21,194.21,194.21,194.21,50.047917
1789821900000,194.8,194.86,194.8,194.86,125.019164
1789824600000,194.86,194.86,194.16,194.16,411.307634
1789825500000,194.86,194.86,194.86,194.86,2893.164364
1789826400000,194.86,194.86,194.86,194.86,299.98697
1789828200000,194.86,194.86,194.86,194.86,35.0748
1789829100000,194.86,194.86,194.86,194.86,778.212382
1789830000000,194.86,195.56,194.54,194.54,8346.558272
1789830900000,194.54,195.56,194.54,194.54,675.275482
1789831800000,194.54,195.96,194.54,195.96,12200.060833
1789832700000,195.7,195.79,195.68,195.79,1040.13242
1789833600000,195.75,196.36,195.75,196.36,2547.937038
1789834500000,195.92,196.25,195.92,196.25,4940.337569
1789835400000,196.28,196.31,196.28,196.31,20149.031102
1789836300000,196.34,196.64,196.34,196.64,463.855681
1789837200000,196.37,196.4,196.37,196.4,101.982882
1789838100000,196.26,196.26,196.05,196.05,19009.902448
1789839900000,196.05,196.05,196.04,196.04,946.753591
1789840800000,196.04,196.04,195.71,195.71,4580.854722
1789844400000,195.84,195.84,195.84,195.84,19.995264
1789845300000,195.84,195.84,195.84,195.84,20.112768
1789851600000,194.48,194.48,194.48,194.48,2961.9304
1789852500000,194.48,194.48,194.15,194.15,7220.42914
1789853400000,194.26,194.26,193.95,194.04,3156.378004
1789855200000,194.06,194.06,194.06,194.06,56.2774
1789859700000,194.83,194.83,194.83,194.83,170.437284
1789861500000,194.83,194.83,194.83,194.83,150.21393
1789865100000,194.02,194.25,194.02,194.25,16305.22773
1789868700000,194.3,194.4,194.3,194.4,7289.82106
1789869600000,194.4,194.4,194.35,194.35,365.92732
1789871400000,194.0,194.0,193.45,193.45,5746.54145
1789872300000,193.43,193.54,192.85,192.85,10901.980665
1789873200000,192.79,192.79,192.54,192.54,6057.784306
1789874100000,192.52,192.65,192.27,192.65,6387.368554
1789876800000,192.48,192.48,192.48,192.48,223.045824
1789880400000,192.44,192.44,192.44,192.44,3662.80674
1789885800000,192.42,192.42,192.22,192.22,18403.026896
1789887600000,192.35,192.35,192.35,192.35,19.985165
1789888500000,192.35,192.35,192.11,192.11,1932.479726
1789891200000,192.23,192.59,192.23,192.59,23527.011305
1789892100000,192.59,193.04,192.59,193.04,8026.667857
1789893000000,192.81,192.81,192.81,192.81,122.43435
1789893900000,192.72,192.76,192.72,192.72,1406.190892
1789894800000,192.7,192.89,192.66,192.66,6754.920804
1789896600000,192.77,192.77,192.77,192.77,73.2526
1789898400000,192.64,192.64,192.64,192.64,73.2032
1789900200000,192.77,192.77,192.59,192.59,53.9504
1789902900000,192.57,192.57,192.05,192.4,6262.201126
1789909200000,192.4,192.4,192.4,192.4,300.144
1789910100000,192.4,192.4,192.4,192.4,715.80496
1789911000000,192.57,192.59,192.57,192.59,1732.084134
1789912800000,192.59,192.59,192.59,192.59,299.997443
1789914600000,192.41,192.41,192.38,192.38,2886.057714
1789916400000,192.52,193.09,192.52,193.09,13335.90984
1789917300000,192.96,193.41,192.83,193.31,5357.935337
1789918200000,193.31,193.31,193.31,193.31,10.380747
1789919100000,193.41,193.42,193.41,193.42,1540.575607
1789920000000,193.62,193.72,193.62,193.72,3665.988465
1789920900000,193.61,193.92,193.61,193.92,2192.176603
1789921800000,193.92,194.08,193.92,194.08,1940.337616
1789923600000,193.89,193.89,193.89,193.89,724.95471
1789927200000,193.93,193.93,193.84,193.84,908.52172
1789928100000,194.01,194.01,194.01,194.01,299.978262
1789930800000,194.01,194.01,194.01,194.01,19.98303
1789931700000,194.01,194.01,193.82,193.82,1512.791831
1789934400000,193.93,193.93,193.93,193.93,150.043641
1789936200000,193.98,194.03,193.98,194.03,1984.632421
1789938000000,193.81,193.81,193.27,193.27,4771.277982
1789939800000,193.41,193.41,193.41,193.41,192.346245
1789941600000,193.51,193.93,193.51,193.93,5200.881819
1789943400000,194.85,194.85,194.85,194.85,4534.919415
1789944300000,194.85,195.3,194.85,195.3,7795.481787
1789946100000,195.13,195.13,195.13,195.13,20.117903
1789948800000,194.8,196.81,194.78,196.32,4475223.59
1789949700000,196.36,197.5,196.22,197.32,2030229.0
1789950600000,197.24,197.7,196.51,196.9,1767974.23
1789951500000,196.88,197.37,196.7,196.81,1012773.68
1789952400000,196.9,197.8,196.38,197.45,1698594.75
1789953300000,197.54,198.24,196.62,196.79,1639061.44
1789954200000,196.79,197.14,195.89,195.98,1574750.05
1789955100000,195.99,195.99,194.09,194.09,1482583.6
1789956000000,194.14,195.49,194.14,195.49,856845.71
1789956900000,195.49,195.92,195.35,195.75,931677.58
1789957800000,195.75,195.76,194.8,195.15,509422.55
1789958700000,195.35,195.47,195.12,195.3,293225.01
1789959600000,195.31,195.75,195.21,195.25,643216.62
1789960500000,195.46,195.95,195.46,195.61,503137.82
1789961400000,195.93,196.12,195.7,195.87,468766.36
1789962300000,195.92,195.95,195.54,195.57,106064.19
1789963200000,195.85,195.91,195.2,195.2,64081.06
1789964100000,195.22,195.48,195.07,195.28,145459.92
1789965000000,195.28,195.6,195.0,195.51,389171.16
1789965900000,195.56,195.88,195.35,195.41,427602.8
1789966800000,195.41,195.41,194.89,195.0,367398.76
1789967700000,194.99,196.0,194.99,195.8,536096.03
1789968600000,195.99,196.44,195.99,196.3,796537.89
1789969500000,196.3,196.45,196.0,196.02,319384.16
1789970400000,196.16,196.5,196.11,196.49,533511.12
1789971300000,196.49,197.19,196.49,197.07,1779007.4
1789972200000,197.05,197.06,196.02,196.02,867614.79
1789973100000,196.02,196.82,196.02,196.65,218630.89
1789974000000,196.65,196.77,196.12,196.53,616278.23
1789974900000,196.53,196.95,196.5,196.66,440508.61
1789975800000,196.68,196.68,196.17,196.17,530808.61
1789976700000,196.25,196.84,196.25,196.75,211103.6
1789977600000,196.53,198.49,194.89,198.2,18268449.352960616
1789978500000,198.295,199.32,198.0,199.32,4361692.072764185
1789979400000,199.22,202.49,199.0392,201.0,28357489.433960624
1789980300000,200.96,201.89,200.4,201.59,7706064.15340407
1789981200000,201.28,203.29,201.05,202.41,9428458.679237938
1789982100000,202.37,204.49,202.1518,204.42,8541536.108299214
1789983000000,204.1,204.99,203.61,204.21,9295467.033905134
1789983900000,204.28,204.39,203.0,203.0243,4989205.068664986
1789984800000,203.2,203.9888,202.8,203.57,4600724.196990668
1789985700000,203.69,204.0,202.88,202.88,5194111.088749883
1789986600000,202.99,203.33,202.16,202.88,4219665.95520799
1789987500000,202.69,203.1164,202.5263,203.1164,4634371.820082265
1789988400000,202.91,204.72,202.8,204.26,21380229.95382179
1789989300000,204.08,205.5,203.8022,205.19,11941978.764340954
1789990200000,205.0,205.3,203.85,204.19,16501192.26792784
1789991100000,204.11,205.3,204.11,204.51,13402938.501235507
1789992000000,204.47,205.4,204.3,204.43,6286147.7669900125
1789992900000,204.49,205.24,203.66,204.2,13978766.473401511
1789993800000,204.23,205.1,204.02,204.4272,5476822.075121889
1789994700000,204.429,205.36,204.05,205.03,4708410.212539489
1789995600000,204.918,205.58,204.3503,204.9987,8156443.289398131
1789996500000,204.9,205.2,203.0,205.09,31293301.81241567
1789997400000,205.5,208.33,202.61,205.545,444858020.2294119
1789998300000,205.535,208.0137,203.785,204.69,179926227.47147244
1789999200000,204.73,205.31,203.39,204.095,115911659.3569892
1790000100000,204.04,205.97,203.7,205.51,134558634.31516963
1790001000000,205.5912,205.8,202.81,204.5001,110817694.32249247
1790001900000,204.6825,206.52,204.08,205.49,89171537.13806458
1790002800000,205.47,206.26,204.84,205.75,99371443.86035238
1790003700000,205.74,205.86,204.2,204.3237,49969192.539511494
1790004600000,204.38,205.0,203.3009,203.6,54368840.32721883
1790005500000,203.7001,204.3,202.83,203.29,68793770.34380099
1790006400000,203.29,203.61,202.1337,202.51,59674670.33784202
1790007300000,202.58,203.5972,202.56,203.315,35585985.464550816
1790008200000,203.315,203.5,201.6816,203.33,39774111.2662
1790009100000,203.34,203.8,202.9099,203.1,34847546.5596344
1790010000000,203.15,203.15,202.35,202.59,28052195.084243026
1790010900000,202.6185,202.88,201.6,202.415,48796209.47350651
1790011800000,202.56,203.24,201.93,203.03,38409704.812448494
1790012700000,202.94,203.8802,202.4,203.46,30928468.27576132
1790013600000,203.47,203.98,203.13,203.45,26303963.254187252
1790014500000,203.5031,203.81,202.786,203.225,34430077.75307902
1790015400000,203.235,203.36,202.04,202.23,33848424.17441806
1790016300000,202.28,202.5705,201.76,202.135,38497800.87249876
1790017200000,202.23,202.75,201.3516,201.995,52583715.2235
1790018100000,201.995,202.46,201.53,202.04,38124829.84885366
1790019000000,202.045,202.6614,201.102,201.36,56373482.7783727
1790019900000,201.355,201.57,200.655,201.05,142378433.4576076
1790020800000,200.95,201.98,200.65,201.8,265735346.81669724
1790021700000,201.7,203.4,201.05,203.2473,13567298.41594495
1790022600000,203.25,203.29,202.01,202.15,5747664.398029555
1790023500000,202.15,202.75,202.15,202.64,1913785.1046560674
1790024400000,202.74,202.74,201.5,201.89,1896794.4869174038
1790025300000,201.6114,202.25,201.5501,202.0437,740994.1838721909
1790026200000,201.95,202.5,201.8,201.8,1492705.1803187204
1790027100000,201.95,202.1,201.83,201.86,424883.9354751542
1790028000000,201.8,202.0432,201.6,201.9473,750565.9861
1790028900000,201.7,202.0,201.26,201.8,1901837.7456011784
1790029800000,201.25,202.0,201.18,201.45,1170706.8935883252
1790030700000,201.54,201.85,201.3,201.85,1348863.34732369
1790031600000,201.5226,202.2999,201.5001,202.2,610759.235252196
1790032500000,202.16,202.3,201.75,201.795,1082656.849996
1790033400000,201.8,202.15,201.7,202.15,911640.7213981287
1790034300000,201.8056,202.092,201.76,202.0,1167706.3004050003
1790035200000,202.1,202.38,201.03,201.74,597929.83
1790036100000,201.73,201.73,201.26,201.6,206388.54
1790037000000,201.49,201.79,200.93,201.25,343744.12
1790037900000,201.39,201.44,199.71,199.71,831731.62
1790038800000,199.79,199.95,198.0,198.18,1569830.06
1790039700000,198.2,198.53,196.79,197.89,1515061.59
1790040600000,197.95,198.18,197.41,197.6,969119.87
1790041500000,197.65,198.0,197.4,197.46,350668.5
1790042400000,197.5,197.69,197.0,197.69,424338.31
1790043300000,197.6,198.0,197.2,197.82,613950.98
1790044200000,197.97,198.15,197.48,197.99,581069.32
1790045100000,197.91,198.1,197.35,197.41,294619.48
1790046000000,197.5,197.54,196.99,197.1,708313.93
1790046900000,197.05,197.38,196.5,197.38,722283.04
1790047800000,197.38,197.38,196.71,197.01,282270.61
1790048700000,196.81,197.36,196.72,197.36,301814.78
1790049600000,197.22,197.26,196.71,196.77,569246.87
1790050500000,196.89,196.95,196.28,196.8,957878.39
1790051400000,196.68,196.86,196.11,196.57,515068.91
1790052300000,196.54,196.67,196.0,196.12,454523.64
1790053200000,196.26,196.47,196.02,196.02,130707.42
1790054100000,196.25,196.25,195.12,195.3,1083053.98
1790055000000,195.31,195.83,194.77,195.83,1769896.91
1790055900000,196.0,196.37,195.87,195.87,309195.45
1790056800000,195.87,196.08,195.25,195.5,606558.76
1790057700000,195.5,195.55,194.91,195.35,482109.28
1790058600000,195.41,196.1,195.41,195.77,667487.33
1790059500000,195.93,196.13,195.63,195.63,526786.06
1790060400000,195.57,196.31,195.5,196.31,309511.49
1790061300000,196.19,196.48,195.63,195.8,355426.84
1790062200000,195.77,195.85,195.1,195.34,1025143.1
1790063100000,195.43,195.57,195.18,195.36,296105.03
1790064000000,195.13,197.27,194.76,195.66,18014442.090319674
1790064900000,195.44,195.5,194.3703,194.74,2475592.592690357
1790065800000,194.54,197.93,194.0251,197.69,6002345.944419475
1790066700000,197.82,198.6875,197.53,198.14,5011744.262434907
1790067600000,198.14,198.25,196.5,197.4654,3531506.4556173123
1790068500000,197.2,197.84,197.2,197.795,971124.804996696
1790069400000,197.37,198.3,197.31,197.74,900005.2762
1790070300000,197.61,198.92,197.59,198.85,1104029.674368
1790071200000,198.75,198.85,197.95,198.35,2080086.856839765
1790072100000,198.29,198.36,197.6,197.9,740798.199434
1790073000000,197.8,198.2,197.4415,198.06,2014773.607092
1790073900000,198.03,198.8,197.5829,198.3683,2283050.8793670465
1790074800000,198.52,199.2,197.6,198.47,6589067.372014208
1790075700000,198.8,199.1765,198.0,198.3437,2850133.052836
1790076600000,197.98,199.93,197.77,199.4,3250848.917884436
1790077500000,199.58,199.85,198.2782,199.08,4298715.7501867665
1790078400000,198.9,199.89,198.741,199.34,1294135.4489039306
1790079300000,199.34,199.53,198.75,198.9975,7171440.5346794
1790080200000,199.0,199.6,198.65,198.65,2859165.483626314
1790081100000,198.57,199.16,198.21,198.94,1180405.3141164728
1790082000000,199.06,200.09,199.0,199.84,1852762.295606657
1790082900000,199.55,199.99,198.1125,199.56,3783418.276
1790083800000,199.395,203.0,198.195,199.58,90035802.3959
1790084700000,199.49,201.2757,199.49,200.6648,54188358.6269
1790085600000,200.58,200.7,198.93,199.485,40188005.4137
1790086500000,199.68,199.91,198.51,198.63,40623713.6676
1790087400000,198.531,198.77,197.2,198.3895,70864913.6521368
1790088300000,198.2,199.759,198.15,199.29,25873593.64711457
1790089200000,199.29,200.09,199.0001,199.97,30542373.1096
1790090100000,200.01,200.46,199.4,200.15,24651249.87350622
1790091000000,200.2127,200.79,199.35,200.725,31186146.14017074
1790091900000,200.6915,201.04,199.25,199.275,27243663.30669188
1790092800000,199.275,199.35,197.8,198.18,35787579.6367495
1790093700000,198.2,198.995,198.03,198.27,19623675.394887652
1790094600000,198.322,198.825,198.24,198.28,20918364.894262236
1790095500000,198.31,199.3273,198.31,198.495,18585735.705113497
1790096400000,198.49,199.95,198.43,199.685,15854420.416
1790097300000,199.7,200.36,199.47,200.36,32073557.984611657
1790098200000,200.33,201.04,199.9601,200.91,33399474.1565226
1790099100000,200.93,201.38,200.32,201.19,26652450.264656194
1790100000000,201.13,201.64,200.81,201.305,24218705.263250805
1790100900000,201.38,201.76,200.8601,201.0,19537740.749617644
1790101800000,201.0,202.04,200.96,201.69,36220292.8058
1790102700000,201.69,202.1746,201.514,201.77,22584752.36082996
1790103600000,201.86,202.295,201.48,201.505,14842036.314781033
1790104500000,201.53,202.27,201.5,202.175,22757689.980992906
1790105400000,202.16,202.43,201.03,201.285,40032521.150161795
1790106300000,201.35,202.18,201.0,201.07,84989736.7651233
1790107200000,201.04,201.53,199.6,200.4829,144960456.9878855
1790108100000,200.55,201.07,200.0,200.8235,973916.8673412704
1790109000000,200.74,200.74,200.2,200.65,226498.337984789
1790109900000,200.59,201.07,200.2,200.59,513386.6632
1790110800000,200.65,200.98,200.45,200.762,2036994.06634875
1790111700000,200.84,200.84,200.07,200.497,6499396.660333
1790112600000,200.4,200.5,200.05,200.29,570040.3896774552
1790113500000,200.32,200.4999,200.0,200.39,187120.4046
1790114400000,200.0775,200.5,199.7,199.89,677437.500725
1790115300000,200.39,200.41,199.89,200.18,399956.8694889324
1790116200000,200.18,200.429,200.0,200.03,590779.3925163655
1790117100000,200.21,200.25,199.89,199.89,840369.7523
1790118000000,200.12,200.9,200.0,200.88,599558.240369
1790118900000,200.744,200.88,200.01,200.16,601460.465467955
1790119800000,200.4,200.5,200.15,200.39,368293.2804801093
1790120700000,200.21,200.88,200.15,200.3108,665013.9954609296
1790121600000,200.21,200.87,200.05,200.85,480425.59
1790122500000,200.85,201.84,200.84,201.49,448494.85
1790123400000,201.48,201.99,201.47,201.47,195413.41
1790124300000,201.43,201.46,201.0,201.06,307922.91
1790125200000,201.06,202.22,201.06,202.21,449920.72
1790126100000,202.2,202.32,201.9,201.96,335429.26
1790127000000,201.81,201.9,200.8,200.95,1063451.98
1790127900000,200.88,200.92,200.56,200.6,195356.94
1790128800000,200.98,201.15,200.7,200.97,227636.38
1790129700000,201.08,201.74,201.08,201.7,204458.78
1790130600000,201.55,201.55,201.34,201.34,26797.45
1790131500000,201.38,201.78,201.38,201.78,81071.46
1790132400000,201.65,201.73,201.5,201.73,36493.03
1790133300000,201.61,202.27,201.6,201.95,260526.85
1790134200000,201.97,202.65,201.89,202.44,764960.84
1790135100000,202.51,202.51,202.04,202.14,102577.46
1790136000000,202.18,202.68,201.98,202.45,167183.13
1790136900000,202.36,203.7,202.3,203.44,962232.6
1790137800000,203.42,203.97,203.42,203.74,416348.59
1790138700000,203.62,203.94,203.46,203.74,318509.69
1790139600000,203.73,203.77,202.77,202.85,431061.18
1790140500000,202.85,203.0,202.46,202.46,83333.41
1790141400000,202.45,202.55,202.2,202.2,332712.49
1790142300000,202.17,202.17,201.23,201.36,185074.9
1790143200000,201.41,201.79,201.3,201.79,163098.06
1790144100000,201.75,201.77,201.5,201.59,177034.39
1790145000000,201.5,201.58,201.0,201.53,851913.16
1790145900000,201.58,201.58,201.21,201.37,386592.43
1790146800000,201.2,201.25,200.83,201.25,269952.11
1790147700000,201.14,201.39,200.77,201.2,658790.18
1790148600000,201.22,201.33,200.06,200.06,305903.89
1790149500000,200.2,200.38,199.76,199.76,576337.42
1790150400000,200.5,203.99,199.0,199.8021,14299106.15694096
1790151300000,199.88,200.42,199.6,200.05,543483.9499
1790152200000,199.96,200.27,199.5,199.5,1439741.5166
1790153100000,199.41,199.55,197.444,198.8,2896868.48846583
1790154000000,198.93,199.55,198.8175,199.06,942870.0318869601
1790154900000,198.99,199.32,198.75,198.9827,601721.9420985932
1790155800000,198.79,199.0487,198.51,198.74,450191.012762337
1790156700000,198.57,198.9875,198.0,198.58,853369.20762128
1790157600000,198.35,198.77,198.09,198.19,1676340.989575096
1790158500000,198.3912,198.44,197.51,197.87,713013.6227191704
1790159400000,198.16,198.77,197.8,198.2761,327958.967826284
1790160300000,198.66,199.0,198.4102,199.0,1350101.6643245984
1790161200000,199.16,199.4648,198.03,198.08,1768531.4292
1790162100000,198.21,198.36,197.0,197.2,1334126.3082932204
1790163000000,197.49,197.49,196.531,196.98,2320612.505141374
1790163900000,196.9996,197.99,196.85,197.4,1499523.71850555
1790164800000,197.43,197.44,196.53,196.6281,2038987.0138426216
1790165700000,196.93,197.25,195.6,197.2,5990381.935810966
1790166600000,197.1713,197.21,196.57,196.944,1244699.1375079297
1790167500000,197.01,197.63,196.63,197.38,2900738.5929473555
1790168400000,197.43,197.5999,196.75,197.0,1643579.989640587
1790169300000,197.42,198.0999,197.06,197.6,1236081.4443478503
1790170200000,197.71,204.47,197.2,204.01,109139896.05555059
1790171100000,203.91,204.5,200.7501,202.515,104920512.87297162
1790172000000,202.52,203.21,197.72,199.195,92632572.62301974
1790172900000,199.21,199.31,196.1,196.4,101342301.00130321
1790173800000,196.36,198.71,195.64,197.99,71338544.9384
1790174700000,198.0423,199.4482,197.15,199.2851,39185633.453698575
1790175600000,199.29,200.596,199.01,199.58,38373158.75212388
1790176500000,199.4891,200.5904,199.27,200.345,24268409.232777603
1790177400000,200.23,200.715,199.73,200.097,18785692.502277724
1790178300000,199.99,200.19,198.955,199.375,24269247.752183285
1790179200000,199.315,199.84,198.1,199.805,27094717.9506
1790180100000,199.805,199.89,199.2263,199.755,20975498.453608517
1790181000000,199.76,199.9999,198.94,199.36,20083808.64005629
1790181900000,199.5,199.83,198.92,199.575,23770815.27340934
1790182800000,199.58,199.77,198.5601,199.09,13167093.246924296
1790183700000,199.07,199.94,198.938,198.96,13828719.369508283
1790184600000,198.915,199.675,198.31,199.55,18967753.765359137
1790185500000,199.56,199.74,199.07,199.19,13309287.77735623
1790186400000,199.225,199.3,198.7501,198.95,23258913.671263576
1790187300000,198.84,199.08,198.6084,198.65,8478140.861916747
1790188200000,198.71,198.71,197.91,198.5401,17508771.852424357
1790189100000,198.565,199.0,198.37,198.38,17829992.993267618
1790190000000,198.42,198.77,197.96,198.45,18190680.164839663
1790190900000,198.5,198.68,197.941,198.27,13916633.630997125
1790191800000,198.3,198.7,198.0,198.1,25632122.165016584
1790192700000,198.082,198.36,196.9,198.13,92624188.57017152
1790193600000,198.13,198.4,197.0,197.58,141191473.7313372
1790194500000,197.75,198.13,197.1001,197.49,31430599.765839
1790195400000,197.56,198.5,197.4,198.39,590762.1015
1790196300000,198.11,198.2,197.6,198.06,466076.28119069926
1790197200000,198.0,198.25,197.65,198.0,611717.57
1790198100000,198.0,198.16,197.5,197.89,151759.369243242
1790199000000,197.5125,198.25,197.5,197.84,499836.2316718457
1790199900000,197.83,198.2499,197.5125,198.2499,327446.703016145
1790200800000,197.7433,198.8,197.7424,198.52,645859.54344096
1790201700000,198.55,198.8,198.2075,198.35,1774953.1899711983
1790202600000,198.15,198.655,198.1,198.5691,233116.9399328
1790203500000,198.35,198.8,198.213,198.45,228026.2489
1790204400000,198.5,198.8,198.32,198.7,1180586.5694
1790205300000,198.6,198.8,198.0,198.292,256776.5312
1790206200000,198.45,198.5162,197.6,197.8201,1090263.905075865
1790207100000,197.8201,198.3,197.82,197.87,701131.19542192
1790208000000,198.03,198.28,197.78,197.81,74627.18
1790208900000,198.15,198.39,197.99,198.05,645666.24
1790209800000,198.29,198.49,197.71,197.71,53928.94
1790210700000,197.78,197.78,197.18,197.51,58044.89
1790211600000,197.51,197.8,197.37,197.37,20155.11
1790212500000,197.5,197.64,197.23,197.45,86850.12
1790213400000,197.54,198.51,197.23,197.5,232620.31
1790214300000,197.53,197.67,197.03,197.03,202207.79
1790215200000,197.01,197.1,195.87,196.0,532005.88
1790216100000,196.5,197.49,196.5,197.0,257848.76
1790217000000,197.03,197.91,197.03,197.82,107917.39
1790217900000,198.0,198.15,198.0,198.15,34066.11
1790218800000,198.03,198.24,197.63,197.78,56428.22
1790219700000,197.78,197.78,196.76,196.76,33679.28
1790220600000,196.77,196.8,196.4,196.44,226027.58
1790221500000,196.57,196.57,196.25,196.25,29663.25
1790222400000,196.31,196.31,195.78,195.96,309813.25
1790223300000,195.96,196.4,195.91,196.4,333682.91
1790224200000,196.51,196.58,196.42,196.44,206701.22
1790225100000,196.38,196.73,196.08,196.73,322322.86
1790226000000,196.98,198.3,196.98,197.68,90078.54
1790226900000,197.76,197.76,197.5,197.68,49033.2
1790227800000,197.67,197.81,197.34,197.81,78395.19
1790228700000,197.68,197.77,196.71,196.71,76812.08
1790229600000,196.76,197.31,196.5,197.31,96593.27
1790230500000,197.18,197.39,197.14,197.39,41037.36
1790231400000,197.49,197.49,197.15,197.17,78093.36
1790232300000,197.16,197.17,196.76,196.81,110712.3
1790233200000,196.5,196.98,196.32,196.82,54462.9
1790234100000,196.83,197.84,196.83,197.6,1455670.51
1790235000000,197.76,198.02,197.69,197.87,265124.73
1790235900000,197.83,198.0,197.63,197.66,897854.8
1790236800000,196.17,198.31,195.69,196.75,7991234.304628265
1790237700000,196.72,197.15,194.64,194.87,1467557.4170796764
1790238600000,194.93,195.74,194.3,194.56,1731614.7256409847
1790239500000,194.85,194.98,193.67,194.56,1771317.2873995262
1790240400000,194.8,194.99,194.0,194.01,941986.0202396271
1790241300000,194.0,194.35,193.68,193.9,1680219.531836519
1790242200000,193.9,194.39,193.1,193.4,1234749.2559684883
1790243100000,193.444,194.648,193.4,194.648,697500.363558455
1790244000000,194.34,195.27,194.3,194.94,843518.3775810119
1790244900000,194.6625,195.26,194.66,194.985,189581.4298686198
1790245800000,194.79,194.98,194.51,194.76,957988.0618119705
1790246700000,194.77,195.62,194.74,195.5,1428211.797496077
1790247600000,195.42,195.77,195.117,195.23,1468171.927377878
1790248500000,195.28,195.86,195.2,195.34,1040210.36162572
1790249400000,195.43,195.52,194.69,194.71,2101175.6033295854
1790250300000,194.71,195.25,194.6402,195.08,509628.9882
1790251200000,195.0,195.59,194.5001,195.28,1618503.3782702
1790252100000,195.2,196.0,195.2,195.43,1996602.90342947
1790253000000,195.57,195.77,194.95,195.5,1341956.64340732
1790253900000,195.52,196.53,195.36,196.0275,1669404.6952785652
1790254800000,196.14,196.55,196.04,196.55,2982638.54788949
1790255700000,196.47,197.5,196.26,197.06,3087491.425025498
1790256600000,196.77,202.7752,195.5,196.24,127135747.93618251
1790257500000,196.64,196.64,193.69,195.57,91028771.8478
1790258400000,195.4,196.08,194.75,195.5365,37668224.1727
1790259300000,195.4695,198.79,195.3,198.6,50071210.571280845
1790260200000,198.72,200.66,198.2,199.035,103681675.7074272
1790261100000,199.08,199.08,195.3643,195.82,55653727.72323823
1790262000000,195.79,195.9999,194.83,195.31,38608832.14073683
1790262900000,195.32,196.3192,195.1901,195.515,26394488.7428189
1790263800000,195.495,196.74,195.42,196.69,32389257.08472029
1790264700000,196.6117,197.2999,196.545,196.7204,35276115.07439148
1790265600000,196.69,196.86,195.585,196.35,27901334.552141093
1790266500000,196.56,200.61,196.3587,200.395,113942538.782
1790267400000,200.57,200.57,198.07,198.28,58379215.82893823
1790268300000,198.375,199.1986,197.5962,197.935,29525435.051343556
1790269200000,197.75,198.59,197.681,198.348,24287213.8712
1790270100000,198.22,198.8,197.86,198.45,17457112.163536284
1790271000000,198.22,198.6499,197.75,198.03,14434402.855543094
1790271900000,197.995,198.73,197.3601,197.9225,18797835.75225606
1790272800000,197.83,198.4,197.3,198.3,21784545.62853317
1790273700000,198.34,198.85,198.0,198.615,22172702.90941883
1790274600000,198.55,199.64,197.95,198.635,28773130.9996
1790275500000,198.72,198.9,197.9875,198.77,18200422.31331119
1790276400000,198.6825,199.3699,198.5,199.3699,22720801.780715954
1790277300000,199.14,199.7,198.4239,199.23,22051048.435505085
1790278200000,199.29,199.3,198.4516,198.92,18694095.342581324
1790279100000,198.92,199.88,198.87,199.21,72144224.97500943
1790280000000,199.16,199.3,198.3,198.31,124128400.63110356
1790280900000,198.6,199.21,198.0201,198.4,2024994.0917784118
1790281800000,198.14,198.68,198.05,198.68,716958.32913008
1790282700000,198.58,198.7,198.0201,198.63,751160.7569205
1790283600000,198.65,198.9699,198.38,198.67,876343.2095286957
1790284500000,198.67,198.98,198.5,198.98,1036684.746626676
1790285400000,199.0,199.0,198.43,198.79,254868.32436156
1790286300000,198.56,199.0,198.2001,198.97,337799.42379729
1790287200000,198.83,199.0,198.43,198.92,183810.0864
1790288100000,198.77,198.77,198.2,198.3,306158.6863710423
1790289000000,198.3,198.59,198.04,198.45,985366.8825550746
1790289900000,198.33,198.51,198.24,198.31,638459.619172
1790290800000,198.44,198.6,198.24,198.24,823937.616386
1790291700000,198.45,198.8,198.4,198.59,1652767.5157337938
1790292600000,198.589,198.7999,198.369,198.53,910995.518801227
1790293500000,198.53,198.8,198.3027,198.4,630713.4186440929
1790294400000,198.63,199.37,198.51,199.37,53921.88
1790295300000,199.35,199.5,199.02,199.38,248395.52
1790296200000,199.28,199.61,199.27,199.53,145666.77
1790297100000,199.41,199.59,199.3,199.32,89571.58
1790298000000,199.27,200.09,199.18,200.0,914312.89
1790298900000,199.83,199.86,199.3,199.3,274728.53
1790299800000,199.24,199.24,198.65,199.18,134058.8
1790300700000,199.16,199.58,199.0,199.0,46642.07
1790301600000,199.56,200.22,199.56,200.12,181424.4
1790302500000,200.12,200.36,199.87,199.87,172532.01
1790303400000,199.83,199.83,198.74,198.85,1149169.06
1790304300000,198.86,198.86,198.21,198.33,457408.32
1790305200000,198.34,198.5,198.32,198.38,140870.14
1790306100000,198.47,198.52,198.25,198.29,252248.11
1790307000000,198.1,198.92,198.08,198.25,167914.22
1790307900000,198.26,198.49,198.25,198.49,31731.37
1790308800000,198.4,198.4,197.88,197.88,167080.21
1790309700000,198.21,198.3,198.0,198.15,275927.14
1790310600000,198.22,198.52,198.22,198.52,9713.92
1790311500000,198.65,198.68,198.31,198.48,34123.91
1790312400000,198.5,198.6,198.45,198.45,26401.98
1790313300000,198.45,198.45,198.2,198.24,20619.55
1790314200000,198.24,198.84,198.23,198.63,118328.23
1790315100000,198.63,198.75,198.58,198.58,96768.52
1790316000000,198.57,198.67,197.79,197.79,335696.85
1790316900000,198.18,198.54,198.11,198.28,138617.43
1790317800000,198.28,198.31,197.8,197.95,207289.03
1790318700000,197.97,198.18,197.97,198.1,253519.96
1790319600000,198.05,198.14,197.5,197.6,496587.37
1790320500000,197.5,198.01,197.5,197.94,476178.56
1790321400000,197.94,197.94,197.0,197.61,638558.65
1790322300000,197.46,197.78,197.43,197.43,260425.42
1790323200000,197.88,198.85,197.05,197.61,6540273.13972254
1790324100000,197.61,198.79,197.49,198.57,914112.8235386696
1790325000000,198.61,198.72,198.2102,198.5,600680.7626619788
1790325900000,198.52,198.94,198.33,198.71,929569.8636
1790326800000,198.7,200.2697,198.7,199.8376,2001009.6260598009
1790327700000,199.83,200.5,199.5575,200.47,1156787.5838805665
1790328600000,200.33,200.69,199.75,200.0,1626208.1508151228
1790329500000,199.8,199.81,199.3667,199.46,818261.880231742
1790330400000,199.4,199.47,198.74,198.94,1879340.342306052
1790331300000,198.96,199.99,198.94,199.86,968198.8004161754
1790332200000,199.73,200.02,199.33,199.67,2056867.167367
1790333100000,199.71,200.1602,199.65,199.74,1547492.76785
1790334000000,199.78,201.5,199.7,201.5,5995480.2567147855
1790334900000,201.45,201.8,200.56,201.2249,3700565.823656719
1790335800000,201.2389,201.2389,200.5001,200.56,2686481.046007466
1790336700000,200.78,200.89,200.2,200.2,5762261.0194
1790337600000,200.26,200.8,199.5589,199.72,4623838.602133
1790338500000,199.76,200.18,198.52,200.13,3788330.3190646
1790339400000,200.22,200.8,200.22,200.3464,1876724.7762193924
1790340300000,200.618,201.0,200.14,200.54,1960066.4698761965
1790341200000,200.51,201.0,200.27,200.53,1324982.6787405845
1790342100000,200.53,200.63,199.21,199.6,2070374.2467065682
1790343000000,199.2971,199.75,195.95,196.13,88526318.5470612
1790343900000,196.11,196.79,194.2001,194.665,65220414.81691235
1790344800000,194.769,195.14,192.92,193.68,80411182.98459326
1790345700000,193.68,194.89,192.78,193.91,53359135.5418
1790346600000,194.03,195.04,193.3106,193.595,35112202.18415364
1790347500000,193.7699,195.05,193.1101,194.85,33843863.617073424
1790348400000,195.0,195.5567,194.5,195.505,30654752.35391685
1790349300000,195.41,195.56,193.9018,194.43,32831816.823561665
1790350200000,194.365,194.945,193.25,193.25,24175880.1418906
1790351100000,193.21,194.8299,192.58,194.8,28335681.41004025
1790352000000,194.83,195.53,194.51,195.53,30223868.9189
1790352900000,195.53,195.9299,194.7101,195.271,19987784.440144036
1790353800000,195.37,195.37,194.05,194.67,20298063.65374203
1790354700000,194.67,194.8935,194.06,194.49,17313800.1234554
1790355600000,194.391,195.28,194.36,195.24,13387495.209816834
1790356500000,195.31,195.6,194.59,194.67,19226927.785937563
1790357400000,194.73,196.0,194.63,195.5205,21436856.577563528
1790358300000,195.5751,195.6099,194.44,194.74,13352754.826206522
1790359200000,194.8499,194.9768,194.14,194.75,16639325.135083685
1790360100000,194.81,195.35,194.46,194.91,20391841.790376756
1790361000000,194.98,195.5,194.81,195.08,16383201.556131022
1790361900000,195.29,195.3095,194.6902,195.19,12524664.822591651
1790362800000,195.295,195.7782,194.9011,195.65,25206882.35814866
1790363700000,195.67,196.19,195.29,195.5661,22402726.1276857
1790364600000,195.47,195.6,194.6001,194.96,22224174.928471662
1790365500000,195.1,195.64,194.62,195.11,81630098.59403516
1790366400000,195.08,195.38,194.5,194.54,138151539.07612047
1790367300000,194.98,195.11,194.5,194.64,248508.35186933877
1790368200000,194.64,195.43,194.61,195.0,9983612.16157759
1790369100000,194.8,195.1,194.65,194.91,5978358.623691508
1790370000000,194.61,194.99,194.5,194.92,375706.4097
1790370900000,194.82,195.0,194.5,194.988,1677803.1991
1790371800000,194.5201,195.1369,194.52,195.1369,202500.148267
1790372700000,195.2097,195.2097,194.5,194.9,373678.5147143924
1790373600000,195.0,195.0,194.9,195.0,59636.799
1790374500000,195.07,195.2,194.88,195.2,157566.18
1790375400000,195.11,195.23,194.9182,195.05,354739.27671378
1790376300000,195.19,195.25,195.0,195.25,190659.8654624021
1790377200000,195.2265,195.24,195.05,195.21,251133.6803
1790378100000,195.1019,195.2099,195.05,195.1385,129381.78299752611
1790379000000,195.1,195.1109,194.61,195.038,207900.8741352428
1790379900000,195.0175,195.14,195.01,195.1235,128156.3764
1790383500000,195.02,195.02,195.0,195.0,15901.276856
1790385300000,195.06,195.06,195.06,195.06,20.110686
1790387100000,194.96,194.96,194.96,194.96,15596.8
1790388000000,194.98,194.98,194.98,194.98,319.923184
1790388900000,194.94,194.94,194.94,194.94,32.340546
1790392500000,194.98,194.98,194.98,194.98,20.121936
1790394300000,194.9,194.9,194.9,194.9,149.95606
1790395200000,194.89,194.89,194.84,194.84,20155.050497
1790396100000,194.83,194.83,194.77,194.77,28986.372099
1790397000000,194.72,194.72,194.72,194.72,4034.948896
1790397900000,194.82,194.82,194.82,194.82,347.325096
1790398800000,194.82,194.82,194.82,194.82,137.328618
1790399700000,194.82,194.82,194.82,194.82,585.102906
1790400600000,194.82,194.82,194.69,194.69,5542.198743
1790403300000,194.6,194.76,194.6,194.76,880.612324
1790406000000,194.76,194.79,194.76,194.79,9400.959981
1790406900000,194.79,194.79,194.79,194.79,20.121807
1790411400000,194.79,194.93,194.79,194.93,43130.827206
1790414100000,194.93,194.93,194.93,194.93,20.116776
1790415900000,194.93,194.93,194.93,194.93,49.999545
1790417700000,194.93,194.98,194.93,194.98,13647.1
1790418600000,194.98,194.98,194.98,194.98,974.9
1790421300000,194.98,195.03,194.98,195.03,1092.031491
1790422200000,195.03,195.11,195.03,195.11,4799.411776
1790423100000,195.11,195.11,195.11,195.11,2084.282086
1790424900000,195.29,195.29,195.29,195.29,7225.73
1790428500000,195.29,195.29,195.29,195.29,20.11487
1790431200000,195.29,195.29,194.95,194.95,40.779706
1790433000000,195.29,195.36,195.29,195.36,1042.977088
1790435700000,195.33,195.66,195.33,195.57,4881.026037
1790436600000,195.01,195.84,195.01,195.82,3059.601753
1790437500000,195.76,195.82,195.75,195.82,512.9484
1790442900000,195.83,195.83,195.83,195.83,20.111741
1790449200000,195.87,195.87,195.87,195.87,19.998327
1790450100000,195.87,195.87,195.87,195.87,20.115849
1790452800000,195.01,195.01,195.01,195.01,1755.09
1790460000000,195.75,196.8,195.75,196.8,7052.674237
1790460900000,196.41,196.41,196.37,196.37,565.832612
1790462700000,196.34,196.34,196.13,196.13,2052.920046
1790463600000,196.13,196.44,196.11,196.41,5878.362455
1790464500000,196.38,196.38,196.38,196.38,172.8144
1790465400000,196.21,196.6,196.21,196.54,6481.798902
1790470800000,196.35,196.35,196.31,196.31,2072.415307
1790474400000,196.31,196.93,196.31,196.93,3706.609455
1790475300000,196.7,196.87,196.65,196.84,6698.829206
1790478000000,196.9,196.9,196.9,196.9,99.98582
1790478900000,196.7,196.7,196.7,196.7,93.11778
1790479800000,196.69,196.69,196.56,196.56,2125.001729
1790480700000,196.49,196.54,196.48,196.54,2698.717246
1790485200000,196.49,196.68,196.49,196.68,1862.634976
1790487000000,196.54,197.29,196.54,197.29,15816.020462
1790487900000,197.04,197.16,197.04,197.16,593.2488
1790488800000,196.98,196.98,196.91,196.91,4709.79698
1790489700000,196.89,196.89,196.76,196.89,8923.54877
1790492400000,196.78,196.89,196.78,196.89,4186.610968
1790495100000,196.89,197.41,196.89,197.41,17551.058051
1790500500000,197.41,197.41,196.89,196.89,16580.85576
1790504100000,196.97,197.48,196.97,197.48,14046.862604
1790509500000,197.21,197.21,197.21,197.21,218.922821
1790514000000,197.21,197.21,196.89,196.89,10080.319498
1790517600000,197.04,197.12,196.96,196.96,3779.981344
1790518500000,196.93,196.96,196.69,196.69,15327.657612
1790519400000,196.69,196.69,196.67,196.67,1042.411122
1790520300000,196.67,196.67,196.51,196.51,1634.347137
1790521200000,196.26,196.29,196.26,196.29,521.548269
1790522100000,196.28,196.28,196.28,196.28,521.437448
1790530200000,195.07,196.27,195.02,195.72,24764.61255
1790531100000,195.68,195.92,195.68,195.86,15647.29188
1790532000000,195.86,195.86,195.84,195.84,13912.006907
1790532900000,195.84,195.84,195.8,195.8,48599.488932
1790533800000,195.8,195.8,195.78,195.78,69704.584112
1790534700000,195.78,195.78,195.77,195.78,37075.195276
1790535600000,195.78,195.78,195.78,195.78,15891.697536
1790536500000,195.78,195.79,195.77,195.77,24040.771367
1790537400000,195.77,195.77,195.77,195.77,16504.115772
1790538300000,195.77,195.77,195.76,195.76,9502.935155
1790539200000,195.76,195.76,195.74,195.74,7081.817039
1790540100000,195.74,195.75,195.74,195.74,14339.830607
1790541000000,195.0,195.0,195.0,195.0,1220.817
1790545500000,195.0,195.05,194.84,195.03,132305.291322
1790546400000,195.03,195.06,195.03,195.06,20126.867588
1790547300000,194.87,195.13,194.86,195.13,58450.230995
1790548200000,195.13,195.13,194.46,194.46,166025.460255
1790549100000,194.41,194.44,194.27,194.31,112266.105115
1790550000000,194.31,194.34,194.08,194.28,196484.283973
1790550900000,194.28,194.54,194.28,194.54,78481.14916
1790551800000,194.54,194.57,194.54,194.57,25358.98567
1790552700000,194.57,194.84,194.57,194.84,72876.110111
1790553600000,195.75,196.5,195.58,196.21,725333.95
1790554500000,196.24,197.51,196.01,197.2,1853486.33
1790555400000,197.06,197.06,195.48,195.75,385317.0
1790556300000,195.83,196.6,195.26,195.26,201968.31
1790557200000,195.26,195.26,194.5,194.55,778206.15
1790558100000,194.56,195.0,194.17,194.66,243277.23
1790559000000,194.9,195.15,194.0,194.0,338854.28
1790559900000,194.1,194.2,193.28,193.28,703837.84
1790560800000,193.28,193.56,192.89,193.56,722759.84
1790561700000,193.38,193.38,193.0,193.02,83625.06
1790562600000,193.02,193.02,192.6,192.81,337262.46
1790563500000,192.81,192.81,192.31,192.45,505131.44
1790564400000,192.62,193.02,192.62,192.94,365858.02
1790565300000,192.7,192.8,192.0,192.0,745393.31
1790566200000,192.01,192.51,191.63,192.51,181592.72
1790567100000,192.45,192.6,192.0,192.16,318155.41
1790568000000,192.21,192.34,191.71,192.28,216987.2
1790568900000,192.25,192.66,192.25,192.42,149042.47
1790569800000,192.41,192.76,192.31,192.76,115476.1
1790570700000,192.42,192.43,192.11,192.38,122305.33
1790571600000,192.55,192.55,191.79,191.79,119242.78
1790572500000,191.79,191.79,191.19,191.3,409875.41
1790573400000,191.38,191.38,190.23,191.16,761761.31
1790574300000,191.16,191.57,190.77,191.5,143267.5
1790575200000,191.72,191.95,191.26,191.41,329728.14
1790576100000,191.28,191.52,190.9,190.9,210142.56
1790577000000,190.86,191.4,190.86,191.15,240869.84
1790577900000,191.25,191.25,190.99,191.23,91774.35
1790578800000,191.22,191.48,190.92,190.96,326591.48
1790579700000,191.03,191.23,190.54,190.54,652289.77
1790580600000,190.54,190.83,190.35,190.47,414605.57
1790581500000,190.44,190.85,190.39,190.5,436851.9
1790582400000,190.92,192.85,190.11,191.36,9227920.103339754
1790583300000,191.44,191.56,190.28,190.3,1826355.7476472
1790584200000,190.5,190.9,190.1,190.26,1623873.0809771507
1790585100000,190.24,191.0,190.18,190.22,1447158.91461559
1790586000000,190.28,190.54,189.05,190.23,3501354.4586581322
1790586900000,190.0,190.5622,189.6361,189.9,1340269.9366246448
1790587800000,189.67,190.0839,189.3,189.64,419089.360557671
1790588700000,189.44,190.0,189.44,189.6,1869483.045204
1790589600000,189.8,190.39,189.78,189.86,2854237.07406008
1790590500000,190.29,190.41,189.94,190.1,834295.11677362
1790591400000,190.11,190.972,190.08,190.77,2525517.1867
1790592300000,190.77,191.29,190.25,190.7,1219267.6740770186
1790593200000,190.96,191.5,190.8,191.2,3182435.90456595
1790594100000,191.5,191.7679,191.2,191.59,3866727.9999
1790595000000,191.72,196.88,191.72,195.93,29848207.126466416
1790595900000,195.8,196.0,193.58,194.12,5064511.669041958
1790596800000,194.11,195.98,193.96,195.34,4028730.76007856
1790597700000,195.2,196.0,194.8,195.44,5802050.194450509
1790598600000,195.32,195.5981,194.9451,195.43,1417429.55095844
1790599500000,195.5,196.43,195.2942,195.67,4348507.353480912
1790600400000,195.76,195.76,194.0,194.43,3244326.391488347
1790601300000,194.46,196.1,194.0,196.0,3665126.72049
1790602200000,196.09,198.7799,193.0,197.08,134775612.76892573
1790603100000,196.95,197.5499,193.4,195.91,65092357.4812
1790604000000,196.1299,196.99,194.6001,194.8601,34746687.70485585
1790604900000,194.9088,195.12,193.53,193.715,33784370.642143205
1790605800000,193.7375,193.74,191.8956,191.93,41339721.4079
1790606700000,191.99,193.1394,191.46,192.185,56759477.4129
1790607600000,192.24,192.4999,191.33,191.62,41908650.95819544
1790608500000,191.595,192.25,191.11,192.11,39787531.1764152
1790609400000,192.16,192.16,191.41,191.48,10931589.253693996
1790610300000,191.5071,192.63,191.4001,192.56,28828480.61205682
1790611200000,192.73,192.76,191.7301,191.96,13070011.233168423
1790612100000,192.03,195.96,191.96,195.11,35768420.851615
1790613000000,195.245,195.4799,192.84,193.05,23308047.638314206
1790613900000,193.1025,193.5,192.6584,193.42,23136977.495589975
1790614800000,193.415,195.295,192.75,195.17,28116672.21797822
1790615700000,195.155,195.76,193.96,194.18,26978919.013681784
1790616600000,194.145,194.5,193.515,194.46,16933006.462584592
1790617500000,194.465,194.65,193.7,194.305,46292693.90589411
1790618400000,194.21,194.5799,193.71,193.93,12961289.186840022
1790619300000,193.93,194.2,193.58,194.1205,14410235.272609277
1790620200000,194.1,194.2,193.11,193.43,22483896.1968481
1790621100000,193.39,194.29,193.38,194.12,17084875.759631786
1790622000000,194.2288,194.2288,192.7,193.08,15850670.886001231
1790622900000,193.06,193.08,192.63,192.7,15458478.84137482
1790623800000,192.725,193.239,191.8,192.195,35336105.69077041
1790624700000,192.195,192.5,191.6,191.79,77299560.33833352
1790625600000,191.79,192.5,191.0,191.929,125884836.78948712
1790626500000,191.79,191.94,191.315,191.7,596495.1077163
1790627400000,191.7811,191.9,191.3,191.71,1037213.073012
1790628300000,191.79,191.8,191.5,191.74,220910.2962
1790629200000,191.74,192.14,191.71,191.9,576622.1760509305
1790630100000,191.99,192.08,191.71,191.83,435856.009324695
1790631000000,191.88,192.08,191.72,192.08,483629.27660324506
1790631900000,191.82,191.91,191.37,191.53,335385.5579087
1790632800000,191.41,191.79,190.84,191.04,3664642.0695623397
1790633700000,191.22,191.79,191.0,191.51,2773614.6596309
1790634600000,191.66,192.01,191.31,192.0,2108991.340824
1790635500000,192.08,192.45,192.01,192.45,1129857.638956
1790636400000,192.4,193.0,192.3,192.38,1373887.9300272695
1790637300000,192.64,192.68,192.3,192.49,1644375.4315
1790638200000,192.68,192.68,192.3,192.5,910779.9641982742
1790639100000,192.58,192.94,192.4001,192.71,1477387.428588
1790640000000,192.55,192.85,192.51,192.76,869605.21
1790640900000,192.64,192.8,192.35,192.8,37339.4
1790641800000,192.78,193.24,192.75,192.96,100772.48
1790642700000,192.91,192.92,192.0,192.2,362327.88
1790643600000,192.0,192.25,191.5,191.5,129519.44
1790644500000,191.52,191.65,191.01,191.24,130200.86
1790645400000,191.23,191.7,191.14,191.44,136910.48
1790646300000,191.95,192.28,191.59,192.28,186353.38
1790647200000,192.16,192.16,191.5,191.85,81677.31
1790648100000,191.85,192.36,191.5,191.76,37199.98
1790649000000,191.65,191.87,191.47,191.87,83135.9
1790649900000,192.0,192.24,191.3,191.3,66283.78
1790650800000,191.34,191.48,191.11,191.11,283749.82
1790651700000,191.0,191.74,191.0,191.71,305955.73
1790652600000,191.78,191.78,191.5,191.68,66295.34
1790653500000,191.58,191.59,191.21,191.21,13207.5
1790654400000,191.2,191.51,191.16,191.51,48219.15
1790655300000,191.51,191.82,191.51,191.63,54431.88
1790656200000,191.52,191.58,191.26,191.58,213139.56
1790657100000,191.62,191.69,191.43,191.69,54210.24
1790658000000,191.69,191.92,191.53,191.76,91028.24
1790658900000,191.61,191.88,191.6,191.88,12076.05
1790659800000,191.63,191.63,190.8,191.62,185667.26
1790660700000,191.28,192.14,191.28,192.14,63882.72
1790661600000,192.14,193.25,192.13,193.25,194850.58
1790662500000,193.27,193.55,193.04,193.55,315351.45
1790663400000,193.61,193.71,193.32,193.51,288886.91
1790664300000,193.55,194.0,193.4,194.0,787901.92
1790665200000,194.01,194.02,193.6,193.89,132764.4
1790666100000,194.1,194.37,193.93,194.31,270630.9
1790667000000,194.25,194.93,194.25,194.51,462552.69
1790667900000,194.28,194.5,193.87,194.17,145030.21
1790668800000,194.0,194.76,190.8,194.44,8031412.715262156
1790669700000,194.44,195.5,194.44,194.971,2306951.1016053786
1790670600000,194.911,194.95,194.02,194.39,508925.98235956
1790671500000,194.0787,194.4707,193.88,194.464,475505.2677
1790672400000,193.95,194.18,193.2892,193.58,580287.2722
1790673300000,193.2547,193.84,193.02,193.02,507050.186032105
1790674200000,193.01,194.78,193.01,194.49,1088194.3815762266
1790675100000,194.59,195.0,194.3622,194.9297,1524802.2391024712
1790676000000,194.61,195.0,194.5075,194.9,531481.6985468101
1790676900000,194.66,195.0,194.0,194.91,446621.934
1790677800000,194.57,194.89,194.14,194.26,191328.7913476
1790678700000,194.23,194.6864,194.0,194.55,309932.7846543832
1790679600000,194.63,194.99,194.2413,194.68,1550679.0816667767
1790680500000,194.75,195.1317,194.58,194.99,1942455.9917
1790681400000,195.08,195.65,195.0,195.4,2144585.236235547
1790682300000,195.5,196.4999,195.23,195.64,2530438.998156132
1790683200000,195.7708,196.98,195.6,196.8349,7310204.617511149
1790684100000,196.83,197.15,195.57,196.08,3684229.528962162
1790685000000,196.0,197.35,196.0,197.2,2246165.2955143177
1790685900000,197.2,197.242,196.5,196.63,2727866.0287137553
1790686800000,196.5,196.9621,196.18,196.4,1834562.609429674
1790687700000,196.37,197.58,196.01,197.58,3440340.9376442293
1790688600000,197.6,197.6,191.94,193.35,126211828.91827148
1790689500000,193.36,193.8385,192.3677,192.5497,50691680.21785038
1790690400000,192.5525,193.9,191.92,193.236,33861329.4017
1790691300000,193.26,194.33,192.7,193.54,36450261.49805167
1790692200000,193.57,193.7939,192.66,193.14,21948799.883081377
1790693100000,193.15,193.24,191.9,192.38,32200295.570832342
1790694000000,192.38,192.38,190.8,191.7699,31174353.381687757
1790694900000,191.62,192.43,190.65,190.98,34921699.37253322
1790695800000,191.05,191.42,190.541,190.78,26559488.31548619
1790696700000,190.89,191.16,190.1501,190.475,22390730.204710566
1790697600000,190.45,190.45,189.6,189.885,21219165.0647
1790698500000,189.885,190.5,189.8,190.4,19249519.8243175
1790699400000,190.32,190.6599,189.875,189.9201,16913316.03054458
1790700300000,189.89,190.665,189.56,190.545,16426870.626869947
1790701200000,190.535,190.69,190.1573,190.515,8496185.402369194
1790702100000,190.515,190.58,189.52,189.73,15543906.577161064
1790703000000,189.79,189.8791,188.88,189.26,19451483.61778385
1790703900000,189.33,189.48,188.24,188.45,27546085.707653794
1790704800000,188.45,189.71,188.45,189.564,40510265.99889401
1790705700000,189.56,190.1199,189.22,189.369,32613307.200364444
1790706600000,189.1316,190.25,188.96,189.68,37186484.483507596
1790707500000,189.768,190.2999,189.65,189.83,17538202.4319663
1790708400000,189.825,189.9252,189.42,189.482,15291242.645902375
1790709300000,189.59,189.625,188.79,188.81,28864578.9436
1790710200000,188.815,189.01,188.1543,188.6439,29024042.93448175
1790711100000,188.66,190.1895,188.66,190.02,74406705.61138435
1790712000000,190.08,190.08,189.5,189.73,84280012.8044174
1790712900000,189.9,190.02,189.4,189.93,1755649.6831414374
1790713800000,189.83,189.94,189.6,189.6,1970988.3925
1790714700000,189.89,189.94,189.6,189.8,5463356.8837
1790715600000,189.88,189.9399,189.38,189.38,231297.371614
1790716500000,189.82,189.94,189.38,189.68,526838.8707755791
1790717400000,189.94,189.94,189.5,189.85,672365.464299
1790718300000,189.65,189.94,189.4701,189.65,366807.773872
1790719200000,189.8746,189.94,189.6,189.79,571770.20351
1790720100000,189.88,189.9755,189.64,189.9,1344037.547085
1790721000000,189.8001,190.25,189.6,190.04,1891450.0369441106
1790721900000,190.04,190.24,189.662,189.95,703649.7669932873
1790722800000,189.91,190.37,189.8,190.31,1098362.066372
1790723700000,190.39,190.5,190.06,190.5,274018.3843478
1790724600000,190.3,190.4875,189.75,190.0317,682564.9180679016
1790725500000,190.0468,190.593,190.0468,190.1768,1179369.2354860215
1790726400000,190.3,190.49,189.84,189.95,132327.1
1790727300000,190.01,190.01,189.49,189.49,49864.95
1790728200000,189.9,189.9,189.57,189.57,26736.51
1790729100000,189.5,189.5,189.0,189.36,150024.72
1790730000000,189.4,189.73,189.4,189.51,217979.66
1790730900000,189.42,189.84,189.4,189.5,145929.95
1790731800000,189.32,189.64,189.12,189.4,168166.72
1790732700000,189.4,189.57,189.4,189.5,22931.8
1790733600000,189.75,189.99,189.46,189.48,124259.1
1790734500000,189.64,189.87,189.45,189.61,13457.96
1790735400000,189.56,189.56,189.0,189.1,198501.78
1790736300000,189.48,189.64,189.48,189.48,329452.37
1790737200000,189.43,189.45,189.34,189.37,62318.7
1790738100000,189.25,189.35,188.88,188.91,302992.38
1790739000000,189.16,189.61,189.16,189.6,246441.1
1790739900000,189.53,189.6,189.46,189.6,169643.58
1790740800000,189.6,189.84,189.6,189.69,57298.96
1790741700000,189.83,190.17,189.83,190.0,132825.78
1790742600000,190.0,190.0,189.7,189.85,16897.27
1790743500000,189.86,189.86,189.6,189.67,86103.35
1790744400000,189.69,189.75,189.47,189.47,90814.92
1790745300000,189.46,189.75,189.28,189.75,43010.78
1790746200000,190.07,190.11,189.78,190.06,304052.3
1790747100000,190.06,190.06,189.54,189.99,105322.2
1790748000000,189.92,189.99,189.41,189.55,136475.0
1790748900000,189.32,189.44,189.26,189.38,71380.21
1790749800000,189.21,189.23,188.9,189.05,61447.43
1790750700000,189.05,189.28,188.77,189.0,594618.51
1790751600000,189.07,189.16,188.81,188.89,138769.18
1790752500000,189.27,189.9,189.21,189.9,441786.18
1790753400000,189.9,190.21,189.9,190.15,164970.19
1790754300000,190.15,190.26,189.78,190.07,118228.94
1790755200000,190.34,190.37,188.75,189.31,5250820.312428579
1790756100000,189.33,189.8032,189.08,189.2,1445824.4200648626
1790757000000,189.2,189.47,188.87,189.1,1127786.5388506074
1790757900000,189.04,189.78,189.02,189.3865,1541556.9485058114
1790758800000,189.43,190.249,189.43,189.96,1107436.5307026382
1790759700000,190.0194,190.82,190.0194,190.76,944864.417211993
1790760600000,190.73,191.8044,190.5677,190.91,1940770.9009296203
1790761500000,190.96,191.6,190.96,191.51,1472169.596991535
1790762400000,191.51,191.8781,191.4,191.62,1247183.0167869432
1790763300000,191.62,191.99,191.49,191.97,1115405.5475915205
1790764200000,191.83,192.5,191.59,192.31,3081983.7176125376
1790765100000,192.31,192.4812,191.7946,192.27,1496919.0687471088
1790766000000,192.31,192.5,191.48,192.03,5172714.06835753
1790766900000,192.15,192.59,191.81,192.41,3727351.950584804
1790767800000,192.3472,192.922,192.03,192.89,3190931.4476880133
1790768700000,192.85,192.92,192.15,192.6,10100902.639528146
1790769600000,192.62,192.88,192.22,192.8,2354687.471
1790770500000,192.91,192.99,192.01,192.52,3424122.9131961963
1790771400000,193.0,195.55,192.78,195.0,39787246.81017074
1790772300000,195.05,196.2,194.21,195.49,15383629.506603805
1790773200000,195.63,196.0,194.85,194.85,18175549.360952895
1790774100000,194.85,195.66,194.6,195.6,5376658.711103494
1790775000000,195.484,198.659,186.38,188.62,232789285.6686356
1790775900000,188.51,188.8264,186.91,188.62,67248040.79579361
1790776800000,188.66,188.74,186.7,187.18,69116139.1610936
1790777700000,187.21,187.84,185.01,185.63,124491396.6547494
1790778600000,185.63,186.2978,184.29,185.685,79639805.3222
1790779500000,185.66,186.67,185.25,186.11,30560913.011176713
1790780400000,186.215,187.18,186.0,186.55,40345535.63780306
1790781300000,186.585,186.88,186.04,186.68,18398754.96126433
1790782200000,186.66,187.2,186.41,186.41,27912979.387741473
1790783100000,186.485,187.03,186.2801,186.585,13080407.166713767
1790784000000,186.69,187.79,186.55,187.5,29466823.2927
1790784900000,187.5302,188.15,187.3,187.745,24524799.73072192
1790785800000,187.7,187.925,187.4133,187.845,20908420.9857
1790786700000,187.81,188.06,187.33,187.53,15737037.477034062
1790787600000,187.61,187.63,187.1401,187.41,19414694.563242316
1790788500000,187.35,187.47,186.8,187.29,18525367.279582992
1790789400000,187.29,187.33,186.66,186.6605,13517864.314122763
1790790300000,186.72,187.2099,186.64,186.79,11068883.298550662
1790791200000,186.8,186.89,186.39,186.8,10067365.2878
1790792100000,186.725,186.89,186.0,186.25,13220700.729616031
1790793000000,186.3,186.9,185.97,186.72,12888085.27139584
1790793900000,186.82,188.02,186.8,187.56,34388896.30943082
1790794800000,187.61,187.73,187.07,187.18,20483590.0972603
1790795700000,187.11,187.194,186.4401,186.58,18464457.690483805
1790796600000,186.55,187.74,186.522,187.63,29179682.569943596
1790797500000,187.605,187.7,186.3,186.41,109055756.10262185
1790798400000,186.41,186.94,185.38,186.09,139105663.7211
1790799300000,186.38,186.8,186.0,186.5,815802.2426732874
1790800200000,186.39,186.78,186.0,186.54,1176214.493484466
1790801100000,186.6,186.8,186.0,186.29,5003586.785298635
1790802000000,186.29,186.78,186.0,186.41,2417046.31
1790802900000,186.78,186.78,186.1203,186.44,186588.11548094242
1790803800000,186.5,186.6,186.25,186.5,171128.36524456
1790804700000,186.25,186.58,186.25,186.45,131246.2515125506
1790805600000,186.3,186.58,186.25,186.58,9193956.364786392
1790806500000,186.5493,186.65,186.25,186.63,514618.6763806632
1790807400000,186.5075,186.8,186.5075,186.75,437365.7091659661
1790808300000,186.61,186.8,186.4,186.66,53760.367589161
1790809200000,186.4366,186.8,186.25,186.7,457400.3592332962
1790810100000,186.7,186.8,186.3001,186.5075,265369.1717073473
1790811000000,186.78,186.7935,186.3386,186.5,290231.2048479036
1790811900000,186.7,186.7,186.3028,186.51,432363.0153
1790812800000,186.49,186.56,186.06,186.44,65239.93
1790813700000,186.31,186.33,186.16,186.17,72066.69
1790814600000,186.13,186.6,185.84,186.6,108472.55
1790815500000,186.6,186.64,186.4,186.64,175740.1
1790816400000,186.51,186.95,186.41,186.81,102532.45
1790817300000,186.63,187.06,186.6,186.96,51763.08
1790818200000,186.84,186.84,186.46,186.57,353335.66
1790819100000,186.64,186.64,186.52,186.6,3172.54
1790820000000,186.6,186.99,186.6,186.8,23737.93
1790820900000,186.66,186.76,186.2,186.38,155823.31
1790821800000,186.69,186.7,186.18,186.29,76987.57
1790822700000,186.33,186.46,186.2,186.41,32795.37
1790823600000,186.46,186.66,186.41,186.66,72231.47
1790824500000,186.6,186.86,186.6,186.86,64644.63
1790825400000,186.77,187.46,186.76,187.46,222024.06
1790826300000,187.29,187.72,187.2,187.62,476334.81
1790827200000,187.73,188.2,187.72,188.2,693801.34
1790828100000,188.02,188.06,187.6,187.87,66647.21
1790829000000,187.96,188.19,187.71,188.19,217622.67
1790829900000,188.2,188.9,188.18,188.61,268967.83
1790830800000,188.6,189.03,188.52,188.92,397537.76
1790831700000,188.97,189.35,188.9,189.26,686266.77
1790832600000,189.24,189.35,189.1,189.12,116927.04
1790833500000,189.1,189.55,188.92,189.36,354936.96
1790834400000,189.45,189.59,189.28,189.59,174681.11
1790835300000,189.5,189.56,189.25,189.45,173546.47
1790836200000,189.65,189.65,188.7,188.75,295004.44
1790837100000,188.73,188.89,188.5,188.5,507529.73
1790838000000,188.52,189.0,188.2,188.28,311433.4
1790838900000,188.18,188.31,186.22,186.31,1257819.4
1790839800000,186.44,187.13,186.44,186.8,659888.71
1790840700000,186.89,187.07,186.7,186.79,161244.78
1790841600000,186.65,189.6855,185.85,186.17,12662877.280789845
1790842500000,185.9905,186.824,185.9905,186.22,639320.9553349335
1790843400000,186.17,186.74,185.1,186.63,1490572.0220284949
1790844300000,186.52,186.78,186.17,186.75,360156.866466
1790845200000,186.75,187.3217,186.6292,187.04,735980.4182058584
1790846100000,186.91,187.68,186.88,187.53,321825.1567774412
1790847000000,187.7,187.7777,187.3,187.57,641563.4722279755
1790847900000,187.41,187.54,187.0,187.26,995879.7240478356
1790848800000,187.17,187.2,186.06,187.07,1067483.3078583751
1790849700000,186.84,187.29,186.55,186.76,863101.6921112225
1790850600000,186.77,187.2223,186.77,187.16,99660.2589
1790851500000,187.3217,188.0487,187.3217,187.63,674981.816665614
1790852400000,187.69,187.78,186.41,187.34,1707357.894732008
1790853300000,187.46,187.5,186.97,187.2,899246.6455097903
1790854200000,187.3255,187.78,187.0082,187.54,976955.4584957005
1790855100000,187.59,187.8284,187.4485,187.6268,2283084.8111002813
1790856000000,187.7,187.79,187.3317,187.66,979160.5282280556
1790856900000,187.66,187.79,186.41,187.6,420879.5302978944
1790857800000,187.48,188.2072,187.23,187.75,1596747.65805054
1790858700000,187.69,188.07,186.73,186.95,2778870.162961598
1790859600000,187.03,187.2,186.6,186.88,1472583.49975936
1790860500000,187.0559,187.2,186.11,186.52,1473295.420251435
1790861400000,186.07,191.1799,185.88,190.745,107941852.40202701
1790862300000,191.0,192.3,189.0,189.39,74561793.47914727
1790863200000,189.2501,189.5932,187.41,188.4155,39800741.0964
1790864100000,188.37,189.6278,188.135,189.3707,18589367.329627406
1790865000000,189.23,189.94,188.0,188.55,26291458.359697856
1790865900000,188.4201,188.7399,186.7661,187.5385,36799052.0602
1790866800000,187.32,187.73,186.8,187.32,19060847.832
1790867700000,187.34,188.105,187.08,187.96,17276146.975173626
1790868600000,187.9237,188.3999,187.11,187.74,25260865.803487606
1790869500000,187.79,188.6499,187.5238,187.956,26452370.980594076
1790870400000,187.905,188.1199,186.9,187.3468,18604068.21992777
1790871300000,187.246,187.5583,186.88,187.05,19151663.84999449
1790872200000,187.01,187.9,186.82,187.43,14983863.145167354
1790873100000,187.415,187.74,186.362,186.61,18966545.74977019
1790874000000,186.71,188.47,186.7,188.105,22873681.670888312
1790874900000,188.17,190.07,188.02,189.87,31677734.28827952
1790875800000,189.93,190.8,188.8,189.46,29146961.165692054
1790876700000,189.425,189.84,188.73,189.26,29158490.4630015
1790877600000,189.35,189.4,188.26,189.18,15411491.722820649
1790878500000,189.24,189.96,188.95,189.68,18900059.204902325
1790879400000,189.575,190.9294,189.4551,189.905,22907911.479328293
1790880300000,189.85,190.3,189.62,190.23,16640573.80685777
1790881200000,190.24,191.55,190.23,190.989,22538594.105077192
1790882100000,191.03,191.1,189.5138,189.685,20525709.57800025
1790883000000,189.61,190.44,189.23,189.86,29915589.793702897
1790883900000,189.8201,189.96,189.04,189.29,52207314.61883415
1790884800000,189.29,189.8654,188.7835,189.27,121515838.16386789
1790885700000,189.29,189.6499,189.2357,189.4,9504022.289372273
1790886600000,189.43,189.6499,188.8,189.09,649392.4993293064
1790887500000,189.19,189.785,188.725,189.23,248103.9602247984
1790888400000,189.3,189.6,189.0,189.0,309832.8101
1790889300000,189.1755,189.5997,189.0075,189.14,70832.3699787355
1790890200000,189.1,189.7605,189.0,189.055,343703.6800326132
1790891100000,189.0001,189.55,189.0,189.04,118427.2511940295
1790892000000,189.0125,189.54,189.0,189.54,152768.8972497072
1790892900000,189.5,189.5,189.061,189.37,149775.87091286
1790893800000,189.5342,189.736,189.31,189.58,718647.8189171044
1790894700000,189.59,189.9499,189.44,189.8314,786943.5319334
1790895600000,189.75,189.8,189.5952,189.63,688940.9317956252
1790896500000,189.69,189.8,189.59,189.59,112445.91
1790897400000,189.84,189.85,189.48,189.7,628800.7238107902
1790898300000,189.54,189.98,189.48,189.98,506137.8049
1790899200000,189.92,190.2,189.63,189.89,126868.15
1790900100000,189.89,190.19,189.7,189.82,35320.88
1790901000000,189.66,189.69,189.45,189.6,55370.38
1790901900000,189.71,189.71,189.47,189.66,38658.12
1790902800000,189.46,189.46,189.2,189.2,17043.08
1790903700000,189.23,189.39,188.8,189.05,54077.1
1790904600000,189.05,189.09,188.9,188.97,155506.41
1790905500000,189.0,190.01,189.0,190.01,184214.7
1790906400000,189.98,190.44,189.97,190.44,408761.17
1790907300000,190.2,190.26,189.8,189.99,92930.2
1790908200000,189.97,190.01,189.8,190.0,24507.09
1790909100000,190.02,190.55,190.01,190.37,192847.84
1790910000000,190.76,191.51,190.76,191.1,555851.91
1790910900000,190.97,190.97,190.7,190.84,25188.66
1790911800000,190.96,191.29,190.96,191.28,229538.04
1790912700000,191.28,191.74,190.98,191.72,509983.98
1790913600000,191.72,191.94,191.65,191.65,268714.01
1790914500000,191.64,194.75,191.64,194.75,1926454.78
1790915400000,194.66,194.75,193.56,194.0,1218405.04
1790916300000,193.92,194.43,193.88,194.38,260969.88
1790917200000,194.23,194.39,193.82,194.1,816451.65
1790918100000,194.04,194.15,193.35,193.49,219587.11
1790919000000,193.48,193.63,192.23,192.73,1358596.52
1790919900000,192.88,192.88,192.51,192.67,502276.82
1790920800000,192.68,192.99,192.42,192.54,737695.72
1790921700000,192.64,193.04,192.63,192.94,481876.68
1790922600000,192.96,193.22,192.7,192.8,729135.13
1790923500000,192.8,193.11,192.8,192.92,413141.28
1790924400000,192.82,193.07,192.69,192.69,273446.38
1790925300000,192.81,192.82,192.53,192.74,256526.77
1790926200000,192.53,192.72,192.5,192.56,406460.13
1790927100000,192.7,193.26,192.55,193.16,324115.35
1790928000000,193.86,194.75,191.55,194.55,19451847.544982295
1790928900000,194.6057,195.365,194.02,194.56,3090442.257385764
1790929800000,194.72,195.0,194.021,194.2666,829775.3696432546
1790930700000,194.19,194.6846,194.0,194.18,1135452.9662411532
1790931600000,194.29,194.39,193.709,194.08,1132370.1182341175
1790932500000,194.08,194.3,193.8285,194.16,389126.1257128294
1790933400000,193.99,194.88,193.99,194.69,518750.89258184936
1790934300000,194.53,195.0,194.26,194.62,812903.4695491311
1790935200000,194.62,194.66,193.97,194.0,1115667.0666933863
1790936100000,194.0,194.52,193.6377,194.52,562714.6485626
1790937000000,194.48,194.59,194.01,194.47,1005653.702723274
1790937900000,194.47,194.6288,194.02,194.2,899148.8377464507
1790938800000,194.265,194.94,193.99,194.22,2955313.485790921
1790939700000,194.36,194.6327,194.01,194.1,1222549.983208
1790940600000,194.29,194.5,193.7,193.7,1784690.3975299108
1790941500000,193.8267,194.96,193.8,194.75,2711068.158648825
1790942400000,194.71,195.2394,194.2,194.47,4139681.433661406
1790943300000,194.53,195.32,194.4,195.0,2667219.1806478696
1790944200000,195.0,197.18,195.0,195.61,14425880.47137025
1790945100000,195.8,196.0,195.1,195.98,11371858.011971705
1790946000000,195.9404,196.5,195.6,195.6,7169520.76002731
1790946900000,195.68,196.474,194.3,194.61,5781486.282472158
1790947800000,194.402,200.3514,194.402,198.53,238880830.24320406
1790948700000,198.3001,199.05,190.95,191.72,158648328.8172
1790949600000,191.6,193.1599,190.09,190.12,92260257.19191523
1790950500000,190.155,191.1299,189.11,189.215,90488215.4824664
1790951400000,189.12,189.73,187.6901,188.64,101739450.14169262
1790952300000,188.59,188.995,185.885,186.0354,122658717.71243219
1790953200000,186.1899,186.415,184.56,185.3455,91112399.58102891
1790954100000,185.375,185.8,183.7424,184.855,111413811.5216
1790955000000,184.84,185.0,182.72,182.73,55708426.34567354
1790955900000,182.775,182.88,181.76,182.475,110712831.3635
1790956800000,182.33,182.64,181.84,182.1,45255286.5168
1790957700000,182.085,182.85,181.985,182.35,27125276.332606252
1790958600000,182.385,183.2,182.385,182.985,34558405.41713269
1790959500000,182.92,183.45,182.61,183.15,21518502.07087978
1790960400000,183.14,183.38,182.59,182.885,35816840.289354146
1790961300000,182.89,182.89,181.84,182.22,35384455.46296117
1790962200000,182.16,183.24,182.05,182.39,30705343.1594
1790963100000,182.41,182.77,182.11,182.61,25359930.303860433
1790964000000,182.51,182.77,181.9,182.7075,29517174.446602043
1790964900000,182.64,182.66,181.4901,181.89,73350972.92512532
1790965800000,181.92,181.95,180.81,181.41,66749812.59920258
1790966700000,181.41,182.11,181.04,182.0455,43591480.91001699
1790967600000,182.02,182.64,181.5803,181.83,35054503.04152732
1790968500000,181.89,182.335,181.3,182.2016,46120292.257655345
1790969400000,182.22,182.8628,181.95,182.46,60215936.55639502
1790970300000,182.53,183.62,182.5256,183.0,128666889.2086667
1790971200000,183.0,183.62,182.6,182.9484,151061985.1647916
1790972100000,183.0,183.0,182.5,182.9999,19029491.246956468
1790973000000,182.9396,183.29,182.5,182.84,1041818.2109419372
1790973900000,182.85,183.2899,182.5,182.94,1063956.9129403234
1790974800000,182.94,183.25,182.94,183.1,1808958.4321096973
1790975700000,183.167,183.17,182.94,183.0037,702196.04018511
1790976600000,183.01,183.13,182.8372,183.08,612265.8404191078
1790977500000,183.072,183.1606,183.0,183.15,368470.8614300736
1790978400000,183.12,183.2,183.0,183.0785,677295.7372995592
1790979300000,183.07,183.2,183.0001,183.16,709237.386912
1790980200000,183.1072,183.11,183.0,183.0687,486030.4461782008
1790981100000,183.07,183.2,183.0263,183.09,750677.2529
1790982000000,183.08,183.15,183.0,183.0995,868502.15931516
1790982900000,183.09,183.35,183.01,183.095,619594.3691126952
1790983800000,183.23,183.55,183.02,183.3,684914.0215587512
1790984700000,183.31,183.31,183.02,183.2397,1012994.0074268634
1790991000000,183.34,183.34,183.34,183.34,20.112398
1790991900000,183.38,183.45,183.38,183.45,359.457813
1790992800000,183.47,183.47,183.47,183.47,19.99823
1790993700000,183.47,183.47,183.47,183.47,1735.112484
1791000000000,183.48,183.48,183.48,183.48,1.486188
1791001800000,183.05,183.05,183.05,183.05,1836.009805
1791003600000,183.05,183.05,183.05,183.05,461.286
1791005400000,183.42,183.42,183.42,183.42,20.121174
1791006300000,183.42,183.42,183.42,183.42,10.491624
1791007200000,183.42,183.42,183.42,183.42,404.99136
1791010800000,183.43,183.43,183.43,183.43,19.99387
1791014400000,183.43,183.47,183.43,183.47,300.215911
1791018900000,183.48,183.52,183.48,183.5,450.903604
1791019800000,183.5,183.53,183.04,183.42,4516.037935
1791020700000,183.43,183.58,183.43,183.52,2808.103016
1791021600000,183.53,183.53,183.53,183.53,173.80291
1791022500000,183.54,183.67,183.04,183.58,807.190532
1791023400000,183.58,183.78,183.58,183.73,2464.173349
1791024300000,183.69,183.81,183.64,183.74,1548.510907
1791026100000,183.77,183.77,183.72,183.73,104.7345
1791027000000,183.78,183.89,183.67,183.69,1259.655919
1791027900000,183.74,183.9,183.74,183.86,1678.214447
1791034200000,183.77,184.04,183.77,183.97,2828.477287
1791035100000,183.95,184.04,183.87,183.98,1398.370031
1791039600000,183.86,183.98,183.71,183.75,1295.49094
1791040500000,183.75,184.09,183.75,183.77,1523.645798
1791041400000,183.77,184.25,183.77,184.25,1413.455186
1791042300000,184.14,184.29,184.1,184.24,1276.300759
1791043200000,183.95,183.96,183.95,183.96,930.8093
1791047700000,184.0,184.34,184.0,184.19,7652.373248
1791048600000,184.24,184.24,184.24,184.24,20.119008
1791054000000,184.25,184.33,184.25,184.3,616.950546
1791054900000,184.27,184.43,184.23,184.29,1843.025463
1791061200000,184.13,184.13,184.13,184.13,149.900233
1791063000000,184.33,184.33,184.33,184.33,20.128836
1791077400000,184.31,184.31,184.12,184.12,976.631449
1791079200000,184.11,184.11,184.11,184.11,8060.078046
1791080100000,184.11,184.11,184.11,184.11,1121.2299
1791081000000,184.26,184.32,184.26,184.32,672.074646
1791081900000,184.3,184.31,184.3,184.31,615.5672
1791082800000,184.15,184.15,184.15,184.15,111.355505
1791083700000,184.31,184.31,184.31,184.31,340.918207
1791084600000,184.31,184.31,184.31,184.31,423.913
1791085500000,184.3,184.3,184.3,184.3,742.729
1791086400000,184.3,184.3,184.3,184.3,2895.353
1791087300000,184.3,184.3,183.94,184.26,8427.985071
1791088200000,184.19,184.27,184.14,184.26,1416.551037
1791090000000,184.24,184.28,184.24,184.25,595.105944
1791090900000,184.29,184.3,184.26,184.3,1892.50682
1791091800000,184.28,184.3,184.28,184.3,796.026376
1791092700000,184.3,184.3,184.3,184.3,261.706
1791093600000,184.3,184.34,184.23,184.23,3105.331832
1791094500000,184.29,184.44,184.27,184.44,16197.213937
1791096300000,184.48,184.49,184.48,184.49,451.9929
1791097200000,184.4,184.48,184.3,184.48,9976.222642
1791099000000,184.48,184.48,184.48,184.48,4320.5216
1791099900000,184.48,184.61,184.48,184.61,6281.94879
1791100800000,184.67,184.83,184.64,184.76,2408.30185
1791101700000,184.8,184.86,184.8,184.86,1067.73473
1791103500000,184.79,184.79,184.79,184.79,250.667635
1791104400000,184.76,184.76,184.76,184.76,184.76
1791105300000,184.77,184.85,184.77,184.81,716.959596
1791106200000,184.85,184.85,184.85,184.85,20.11168
1791107100000,184.85,184.85,184.85,184.85,556.3985
1791108000000,184.85,184.93,184.8,184.93,10492.528929
1791108900000,184.89,185.07,184.89,185.07,1646.135077
1791110700000,185.06,185.06,185.06,185.06,150.139178
1791111600000,185.06,185.06,185.06,185.06,183.283424
1791114300000,185.06,185.06,185.06,185.06,2.12819
1791117900000,184.97,184.97,184.86,184.89,1007.882318
1791118800000,184.92,184.94,184.92,184.94,850.652907
1791119700000,184.96,185.01,184.87,184.98,4436.05031
1791120600000,184.94,185.01,184.89,184.98,4495.555852
1791121500000,185.0,185.01,184.92,184.92,1827.4495
1791125100000,185.04,185.06,184.94,185.01,5217.177608
1791126000000,184.95,185.06,184.84,185.0,12070.555215
1791126900000,184.84,185.03,184.84,184.85,31080.760779
1791127800000,184.85,184.98,184.85,184.93,16594.46098
1791128700000,184.93,184.94,184.93,184.93,9754.120802
1791132300000,184.93,184.96,184.93,184.96,9959.07397
1791133200000,184.96,184.97,184.84,184.97,10459.961188
1791135000000,184.97,184.98,184.97,184.98,4711.217508
1791135900000,184.98,184.98,184.98,184.98,1436.166222
1791137700000,184.84,184.84,184.84,184.84,41.810808
1791138600000,184.84,184.84,184.84,184.84,100.479024
1791140400000,184.98,184.98,184.98,184.98,19.996338
1791142200000,184.98,185.0,184.98,185.0,16681.308378
1791145800000,185.0,185.03,185.0,185.03,29731.134482
1791146700000,185.03,185.26,185.03,185.25,41721.114608
1791147600000,185.25,185.57,185.23,185.57,22203.862733
1791148500000,185.5,185.89,185.5,185.79,4862.090966
1791149400000,185.8,185.8,185.8,185.8,20.12214
1791151200000,185.78,185.99,185.78,185.97,38709.979893
1791152100000,185.97,186.01,185.97,186.0,52578.107393
1791153000000,185.91,185.93,185.87,185.93,46616.760059
1791153900000,185.93,186.57,185.93,186.57,77652.176718
1791154800000,186.64,186.79,186.42,186.79,15363.812517
1791155700000,186.73,186.73,186.06,186.62,62864.853897
1791156600000,186.57,186.57,186.13,186.26,101314.581509
1791157500000,186.26,186.27,186.24,186.26,53318.550027
1791158400000,187.3,188.0,185.81,186.01,2240102.31
1791159300000,186.39,186.55,185.89,185.98,1085842.76
1791160200000,185.99,186.9,185.74,186.9,570697.17
1791161100000,186.9,187.08,186.48,186.87,1296602.39
1791162000000,186.8,187.51,186.64,187.43,1417207.57
1791162900000,187.31,187.86,186.91,187.0,5767110.02
1791163800000,187.0,187.24,186.42,186.93,888877.33
1791164700000,186.91,186.99,186.55,186.6,357907.32
1791165600000,186.73,186.89,186.62,186.89,209181.33
1791166500000,186.7,186.89,186.51,186.51,614779.72
1791167400000,186.5,186.9,186.42,186.6,728825.54
1791168300000,186.68,186.89,186.3,186.35,503326.73
1791169200000,186.34,186.55,186.16,186.32,497796.25
1791170100000,186.39,186.45,185.92,186.34,692566.41
1791171000000,186.36,186.36,185.85,186.0,164362.02
1791171900000,186.0,186.15,185.65,185.75,431972.41
1791172800000,185.88,186.03,185.65,185.94,478309.71
1791173700000,185.91,186.02,185.4,185.85,305270.11
1791174600000,185.6,185.67,185.02,185.11,214536.17
1791175500000,185.47,185.59,184.89,185.09,358298.02
1791176400000,185.1,185.25,184.88,185.11,378560.76
1791177300000,185.04,185.33,184.99,185.14,285069.09
1791178200000,185.15,185.75,185.13,185.75,253429.04
1791179100000,185.76,185.91,185.56,185.91,170476.84
1791180000000,185.83,186.11,185.83,186.05,414214.3
1791180900000,186.07,186.26,186.07,186.09,749677.23
1791181800000,186.04,186.23,186.0,186.0,255859.24
1791182700000,185.94,186.49,185.94,186.4,645449.85
1791183600000,186.37,186.71,186.23,186.69,294832.85
1791184500000,186.69,186.87,186.52,186.52,290821.93
1791185400000,186.71,186.77,186.45,186.77,369142.74
1791186300000,186.74,186.76,186.41,186.41,283387.21
1791187200000,186.6,187.7,184.86,187.07,11331562.84813381
1791188100000,187.14,187.67,187.01,187.38,1750422.1779229902
1791189000000,187.38,187.66,186.77,187.15,1768246.5858392399
1791189900000,186.8652,187.47,186.4,187.36,2323016.98127156
1791190800000,187.4,187.4,186.71,186.84,377208.9186971504
1791191700000,186.71,186.79,186.2719,186.68,669220.7702786496
1791192600000,186.48,186.93,186.138,186.57,1216939.826487171562703
1791193500000,186.55,187,186.2644,187,830700.7183714432
1791194400000,186.91,187.37,186.91,187.2535,1938188.4402840688
1791195300000,187.07,187.59,186.6292,187.4692,1360879.30359835
1791196200000,187.21,187.49,186.89,186.92,792823.5207102408
1791197100000,187.3313,187.67,186.89,187.31,747885.72196012500374309
1791198000000,187.18,187.3,186.5,186.75,4730431.6060671095740472
1791198900000,186.75,188.2,186.537,188.0457,3497281.0842258384
1791199800000,188.01,188.25,187.5,188,6067031.042693977
1791200700000,187.85,188.67,187.81,188.5419,8913753.2986753912
1791201600000,188.68,188.75,187.75,188.5,5729903.0242949834
1791202500000,188.68,188.7,187.8532,188.35,4812246.654222855
1791203400000,188.338,188.49,187.32,187.72,9347019.5625531224
1791204300000,187.72,187.97,187.31,187.82,3797424.2042221929
1791205200000,187.7941,188.5,187.523,187.523,4305835.248596743
1791206100000,187.55,188,186.7,187.2,2428028.96246
1791207000000,187.14,189,185.585,186.72,127979174.194655452279971
1791207900000,186.46,190.3,186.19,188.55,128524528.1872503921
1791208800000,188.411,191.78,188.1,191.265,109572539.3175404448
1791209700000,191.29,191.4999,188.66,188.91,67304304.5594
1791210600000,189,189.06,186.1284,187.92,74514590.9664788212565015
1791211500000,187.84,187.97,186.66,187.435,32228539.7381767797
1791212400000,187.435,188.3564,187.3,188.11,26625774.496694175723432
1791213300000,188.1,188.8298,188.1,188.38,30229972.919373450946476
1791214200000,188.4,188.9799,187.92,188.495,17888412.9919819976
1791215100000,188.4218,188.72,187.72,188.01,12053433.4055956291
1791216000000,187.95,188.1296,186.28,186.575,30284390.7218
1791216900000,186.575,186.6195,184.25,184.55,45472002.7553
1791217800000,184.6299,184.82,184.12,184.39,35795531.769793365
1791218700000,184.33,185.73,184.19,185.55,26745790.0950002888
1791219600000,185.465,185.49,185.06,185.3525,16820743.184473722947024
1791220500000,185.36,186.26,185.31,186.044,25552579.2466906155
1791221400000,186.05,186.435,185.435,185.5319,18611734.8684235736
1791222300000,185.555,186.2807,185.3,185.945,15697239.2091870239
1791223200000,185.96,186.03,185.33,186.03,15323864.988710718443147
1791224100000,186.016,186.708,185.8501,186.6,23735797.0631991541
1791225000000,186.5569,187.065,186.25,186.555,20320882.465652807966735
1791225900000,186.55,187.41,186.26,187.27,23376824.399664865634325
1791226800000,187.284,187.58,186.6,187.35,19249051.0824838353
1791227700000,187.361,188.46,187.361,188.09,29945748.9789425177
1791228600000,188.14,189.05,187.921,188.895,35738924.10630284511591
1791229500000,188.8,188.89,187.86,188.22,92493637.2302022804
1791230400000,188.22,188.2499,187.74,187.98,133417836.1608606851879
1791231300000,188,188.22,187.76,188.05,10585531.2324517388
1791232200000,187.93,188.22,187.8,187.9709,42191105.0479
1791233100000,187.969,188,187.83,187.9997,1069156.17838
1791234000000,187.88,188,187.5,187.9093,267293.2862773
1791234900000,187.92,188.2,187.7792,188,471991.21979
1791235800000,187.849,188.11,187.849,188,541929.880606
1791236700000,188.06,188.1999,187.8501,188.045,378305.9005771055
1791237600000,188.1,188.2,187.7,188.18,616767.90393110001880716
1791238500000,188.03,188.19,187.77,188.09,1519058.3919318568
1791239400000,187.94,188.18,187.7,187.8,276673.0134281
1791240300000,187.99,188.138,187.8,187.989,115963.1825
1791241200000,188.11,188.18,187.8001,187.8698,446436.6075
1791242100000,187.9339,188.19,187.8,188.005,147950.4639
1791243000000,188.09,188.1366,188,188.07,260716.187973689
1791243900000,188.038,188.038,187.5,187.85,647250.23224964
1791244800000,187.43,188.12,186.13,188.04,230510.06
1791245700000,188.13,188.37,187.96,188.09,109716.89
1791246600000,187.95,188.13,187.94,188.08,16734.93
1791247500000,188.04,188.25,188.04,188.25,85423.98
1791248400000,188.33,188.92,188.33,188.75,182316.26
1791249300000,188.48,188.48,188.16,188.36,83608.27
1791250200000,188.43,188.43,187.81,187.81,55498.61
1791251100000,187.81,187.9,187.62,187.62,183655.47
1791252000000,187.73,187.73,187.3,187.35,77278.79
1791252900000,187.3,187.84,187.3,187.74,97711.28
1791253800000,187.46,187.53,187.15,187.5,84893.31
1791254700000,187.29,187.35,187.26,187.33,19851.11
1791255600000,187.33,187.45,187.22,187.22,42354.15
1791256500000,187.29,187.54,187.15,187.15,54524.65
1791257400000,187.16,187.16,187,187.03,152807.07
1791258300000,187.23,187.5,187.23,187.34,69889.82
1791259200000,187.42,187.77,187.35,187.77,89450.13
1791260100000,187.75,187.77,187.69,187.7,86723.57
1791261000000,187.67,187.85,187.62,187.67,34354.42
1791261900000,187.7,187.76,187.62,187.68,13138.07
1791262800000,187.67,187.99,187.6,187.81,101019.84
1791263700000,187.99,188,187.94,187.95,26129.4
1791264600000,187.99,188.01,187.68,187.75,62934.54
1791265500000,187.75,187.75,187.36,187.58,252522.02
1791266400000,187.58,187.58,186.82,186.82,353740.94
1791267300000,187.07,187.19,187,187.09,276853.52
1791268200000,187.06,187.41,187.06,187.41,136848.29
1791269100000,187.45,187.61,187.2,187.29,91091.02
1791270000000,187.26,187.44,187.11,187.44,187436.39
1791270900000,187.44,187.44,187.2,187.27,230179.88
1791271800000,187.14,187.83,187.02,187.83,294555.43
1791272700000,187.89,188.13,187.67,188.12,132843.28
1791273600000,187.39,189.5624,186.78,188.23,5449722.839464572
1791274500000,188.29,188.71,188.21,188.53,1139432.25709355998115213
1791275400000,188.78,188.78,188.19,188.78,735112.46268609
1791276300000,188.8,189.56,188.68,189.15,1862907.093142908
1791277200000,189.24,189.4,188.93,188.96,757152.4657992111
1791278100000,189,189.83,188.5,188.7654,1159001.994001
1791279000000,188.58,189.2662,188.55,189.09,571521.6062621435
1791279900000,188.8235,189.7571,188.8145,189.43,577059.4717253545
1791280800000,189.25,189.8528,189.03,189.72,314307.293905
1791281700000,189.72,189.9,189.0657,189.63,571439.4616358
1791282600000,189.6,189.7349,189.0122,189.36,165371.2057974567
1791283500000,189.6,189.86,189.32,189.5,945691.1677
1791284400000,189.5,190.81,189.21,190.38,4568482.6287970273
1791285300000,190.3,190.9,189.92,190.1,1814914.53678743745712228
1791286200000,190.08,190.64,189.9,190.39,2080186.8015438532
1791287100000,190.4,190.6,190.1,190.16,1193115.650589144
1791288000000,190.39,191.24,190,190.8768,1855610.9191787574094328
1791288900000,190.9932,190.9932,190,190.4587,1778074.7358351799
1791289800000,190.12,190.5,189.85,190.09,1172874.3062938724
1791290700000,190.01,190.4,189.7,189.9,2436160.4232
1791291600000,189.94,190.15,189.5,189.59,1629420.1655774275
1791292500000,189.61,189.85,188.55,188.83,1640552.18289147
1791293400000,188.3,191.88,187.65,190.401,88622990.591115132
1791294300000,190.401,191.25,189.31,190.82,55002504.8329767128
1791295200000,190.825,191.7448,189.1558,191.63,30247441.7797
1791296100000,191.3909,191.58,189.69,190.54,30748777.222740497292006
1791297000000,190.47,191.2266,189.89,191.1264,34279805.692974023084766
1791297900000,190.99,192.59,190.3,192.4,50227548.2639048972
1791298800000,192.4,192.8,191.69,191.74,47458170.58999582134655
1791299700000,191.74,191.9299,190.31,190.32,29291566.869678981916075
1791300600000,190.32,190.96,190.0001,190.18,17728340.4182029448
1791301500000,190.08,190.37,188.8905,188.975,26599576.3651312211
1791302400000,188.891,189.2999,188.55,188.95,22096520.377
1791303300000,188.95,188.95,187.7748,188.18,17234967.785828202753812
1791304200000,188.1307,188.6,187.8715,188.2499,11482984.3228304691883828
1791305100000,188.23,188.4095,187.53,188.225,9946636.2402
1791306000000,188.13,188.255,187.04,187.175,20956613.20604618
1791306900000,187.185,187.59,186.34,187.2668,27234235.1177944289
1791307800000,187.3524,187.49,187.1,187.21,10112697.7460480832
1791308700000,187.16,188.26,186.9334,188.26,12313453.9005614331
1791309600000,188.33,188.36,187.4678,187.73,26175144.2388575301
1791310500000,187.73,187.73,186.3,186.715,22853966.6608133788
1791311400000,186.7298,186.9279,186.14,186.21,14004217.4094220411466672
1791312300000,186.1699,186.24,185.56,185.695,23863905.5861637815
1791313200000,185.69,186.0647,185.4208,185.69,26816526.6546290358
1791314100000,185.73,185.74,185.25,185.29,24839217.7274698501
1791315000000,185.36,185.45,184.825,185.1,31409677.1304
1791315900000,185.01,185.85,184.9832,185.74,80440051.6036210603448251
1791316800000,185.74,186.72,185.5,186.39,98700091.1373162109
1791317700000,186.13,186.4004,185.74,186.3,646984.4322877850372558
1791318600000,186.32,186.5,186.2,186.4456,6756324.0342
1791319500000,186.41,186.5,186.2,186.35,1230669.9032381814
1791320400000,186.4,186.5,186.23,186.4,222101.00615
1791321300000,186.39,186.5,186.2,186.24,175625.7632712
1791322200000,186.4095,186.48,185.74,186.4,1266238.4200035564
1791323100000,186.47,186.48,186.25,186.45,347666.686
1791324000000,186.48,186.8726,186.25,186.75,668780.0809592727
1791324900000,186.74,186.75,186.2501,186.2501,69789.4446
1791325800000,186.575,186.75,186.5,186.59,341198.320369
1791326700000,186.51,186.75,186.5,186.5,170380.3375
1791327600000,186.5,186.75,186.3208,186.47,122351.657669
1791328500000,186.7,186.7,186.25,186.3101,349592.7940041186
1791329400000,186.47,186.6,186,186.6,1176707.453370065
1791330300000,186.38,186.6,186.11,186.218,613080.3692819018
1791331200000,186.39,186.71,185.72,186.69,94641.6
1791332100000,186.62,186.64,186.38,186.47,65641.9
1791333000000,186.49,186.71,186.42,186.52,295706.25
1791333900000,186.67,186.75,186.48,186.51,55618.32
1791334800000,186.48,186.48,186.3,186.3,116657.58
1791335700000,186.21,186.26,185.81,185.81,173915.37
1791336600000,186.1,186.1,185.8,185.86,124774.37
1791337500000,186.06,186.1,184.43,184.43,534812.99
1791338400000,184.28,184.44,181.25,182.14,4765937.46
1791339300000,182.31,182.61,181.66,182.23,1344938.64
1791340200000,182.2,182.4,181.9,182.02,464917.32
1791341100000,182.08,182.37,182.01,182.24,159788.03
1791342000000,182.36,183.02,182.24,182.85,267462.84
1791342900000,182.85,183.13,182.74,182.77,165359.38
1791343800000,183,183.38,183,183.37,129436.79
1791344700000,183.39,183.59,183.06,183.06,701274.1
1791345600000,183.38,183.45,183.18,183.39,30975.11
1791346500000,183.37,183.5,183.16,183.5,51140.73
1791347400000,183.35,183.48,183.09,183.29,188448.51
1791348300000,183.29,183.54,183.13,183.13,333824.79
1791349200000,183.4,183.4,183.09,183.09,200646.13
1791350100000,183.1,183.27,183.08,183.2,48909.95
1791351000000,183.21,183.35,183.12,183.12,108111.7
1791351900000,183.44,183.67,183.3,183.52,80392.97
1791352800000,183.54,183.58,183.21,183.21,166350.51
1791353700000,183.26,183.26,183.02,183.24,674604.11
1791354600000,183.2,183.41,183.02,183.41,80650.85
1791355500000,183.43,183.43,183.16,183.16,156556.6
1791356400000,183.12,183.25,183.02,183.22,332161.46
1791357300000,183.26,183.31,183.15,183.26,125345.4
1791358200000,183.21,183.4,183.2,183.4,74618.26
1791359100000,183.36,183.38,182.89,183.19,782007.82
1791360000000,183.35,183.887,182.3,182.32,7866518.4569782496
1791360900000,182.3,182.42,182.04,182.2,904145.9534446549
1791361800000,182.23,182.3988,182.004,182.25,922811.2896536373
1791362700000,182.2,182.3728,181.83,182.06,412202.491284525
1791363600000,182.0525,182.2599,181.5,181.71,967683.47643046271820125
1791364500000,181.69,181.9932,180.9897,181.52,3799560.8553922534
1791365400000,181.42,181.6477,180.914,181.12,499863.955436025005447124
1791366300000,181.34,181.5739,181.0392,181.4,406260.848346498
1791367200000,181.13,181.9,180.8322,181.62,1181115.48199266
1791368100000,181.6062,181.98,181,181.9496,1334329.51493471882748084
1791369000000,181.76,181.88,180.96,181.01,703422.8951268461
1791369900000,181.0115,181.56,181.0115,181.15,742566.1086640716
1791370800000,181.38,181.6128,180.71,181.5145,3294065.9741848807620518
1791371700000,181.4,181.6396,180.65,181.06,1942718.6911227443
1791372600000,180.83,181.1049,180.42,181,2629071.1914868568
1791373500000,181,181.24,180.4424,180.89,1682189.159459651
1791374400000,180.85,181.17,180.17,180.44,2330919.912860863
1791375300000,180.5327,180.85,179.78,180.04,7187529.0766168029
1791376200000,179.92,180.4399,179.7303,179.9718,4072367.040119616
1791377100000,180,180.4,179.772,180.2,2655480.7472151786099662
1791378000000,180.18,180.4747,179.6,179.98,4559225.53068485237203168
1791378900000,179.71,180.6,179.3,180.3,5408838.6657092434
1791379800000,180.225,181.2,178.42,178.9199,135082431.96623098201875
1791380700000,178.815,179.8699,177.74,179.25,81941416.541346978449146
1791381600000,179.29,179.41,178.56,178.95,34172197.152796295
1791382500000,179,179.96,178.6573,179.33,33205127.2567661577741896
1791383400000,179.28,180.07,178.3836,178.53,32631603.6762
1791384300000,178.57,179.24,178.4801,179.02,15975683.152147844
1791385200000,178.97,179.0899,177.865,178.47,25958953.4756
1791386100000,178.545,178.8499,177.8108,178.105,29437387.3897643794
1791387000000,178.18,179.66,178.1,179.44,32076306.7169460555
1791387900000,179.425,180.0095,179.26,179.605,39384453.4512297355
1791388800000,179.58,180.59,179.3201,180.05,26621741.633122800199334
1791389700000,180.025,180.79,179.7996,180.61,36786880.107863610998816
1791390600000,180.45,180.665,179.61,179.7,22968946.1476602936
1791391500000,179.76,179.89,179.1,179.145,20536021.4514205122
1791392400000,179.1,179.52,178.84,178.84,33954047.712897554674947
1791393300000,178.84,179.04,178.045,178.045,20323534.6385627279
1791394200000,178.08,178.2853,177.52,178.06,31441373.3471623711
1791395100000,178.06,178.5417,177.9041,177.98,21203406.0201484579
1791396000000,177.96,179.28,177.86,179.11,15467705.3916757266856232
1791396900000,179.004,179.12,178.2754,178.295,31437148.1079
1791397800000,178.27,178.6199,177.9391,178.44,19741628.232992334130101
1791398700000,178.36,179.25,178.32,178.86,18159108.4932318664
1791399600000,178.8152,179.2499,178.295,178.315,10667352.7439130433211231
1791400500000,178.37,178.83,178.305,178.385,20118257.32232000407057
