1782330300000,344.97,345.29,344.8,345.27,1690837986.2132635
1782331200000,345.208,346.064,344.414,344.679,121637608.24022198
1782332100000,344.681,345.135,344.41,344.918,115370262.9754279
1782333000000,344.904,345.119,344.66,344.902,16145062.409420133
1782333900000,344.899,345.179,344.757,344.82,23892749.250322297
1782334800000,344.82,345.019,344.449,344.884,11400181.473027753
1782335700000,344.884,345.225,344.866,345.145,3503058.1837504967
1782336600000,345.142,345.715,345.129,345.613,3049500.751141944
1782337500000,345.611,345.611,345.308,345.343,2641319.1314068767
1782338400000,345.344,345.53,343.545,343.689,8775597.714247439
1782339300000,343.691,343.801,342.555,343.01,11804383.707338003
1782340200000,343.01,343.395,342.662,343.117,9786837.46311626
1782341100000,343.117,343.117,342.489,342.497,7013321.092384473
1782342000000,342.499,342.649,341.961,341.961,8448337.18219954
1782342900000,341.959,342.419,341.826,342.304,5407955.693119336
1782343800000,342.304,342.95,342.304,342.674,5354899.964330104
1782344700000,342.674,342.733,342.112,342.115,5654951.651941096
1782345600000,342.51,343.43,341.93,343.21,3035538.49
1782346500000,343.21,343.84,342.8,343.71,4749446.05
1782347400000,343.47,343.47,342.64,342.76,2261224.77
1782348300000,342.81,343.4,342.48,342.94,1964266.19
1782349200000,342.95,343.15,342.69,342.69,1433551.6
1782350100000,342.72,343.13,342.5,342.85,2232276.39
1782351000000,342.85,343.22,342.7,342.7,1385226.61
1782351900000,342.71,342.95,342.56,342.64,1818212.69
1782352800000,342.54,342.81,341.84,341.99,3029514.1
1782353700000,342.1,342.59,341.93,342.29,1542195.49
1782354600000,342.31,342.38,341.78,341.97,1448555.24
1782355500000,341.98,342.1,341.67,341.95,1648841.77
1782356400000,341.97,342.28,341.9,342.16,937403.52
1782357300000,342.16,342.46,342.09,342.4,706173.33
1782358200000,342.41,342.61,342.36,342.45,939434.8
1782359100000,342.46,342.74,342.46,342.58,979159.69
1782360000000,342.59,342.85,341.9,341.9,2576789.06
1782360900000,341.91,342.37,341.77,342.1,1463815.17
1782361800000,342.06,342.12,341.76,341.92,1291905.28
1782362700000,342.0,342.0,341.44,341.58,1880443.21
1782363600000,341.56,341.7,341.29,341.44,3181301.86
1782364500000,341.39,341.78,340.93,340.99,5121799.17
1782365400000,341.05,341.69,340.95,341.55,1589193.01
1782366300000,341.55,341.84,341.48,341.76,1027898.89
1782367200000,341.8,342.14,341.58,342.13,1318949.01
1782368100000,342.05,342.3,342.04,342.06,531716.13
1782369000000,342.13,342.43,342.06,342.23,1060222.33
1782369900000,342.26,342.3,341.06,341.06,3458562.73
1782370800000,341.08,341.47,340.59,340.72,5279674.25
1782371700000,340.79,342.35,340.79,341.69,2891407.95
1782372600000,341.68,341.73,340.63,340.66,6118578.96
1782373500000,340.63,340.99,340.49,340.54,3032395.14
1782374400000,342.115,342.115,340.121,340.288,72973371.35507122
1782375300000,340.28,340.854,340.23,340.765,4086904.403981036
1782376200000,340.765,341.265,340.388,341.17,4397507.1030490855
1782377100000,341.17,341.17,340.747,340.78,1557308.7099808496
1782378000000,340.78,341.39,340.771,341.282,2804399.202800175
1782378900000,341.281,341.55,341.281,341.325,1534947.6982092657
1782379800000,341.325,341.914,341.315,341.9,2172129.189433921
1782380700000,341.9,342.035,341.705,342.035,2511010.374003771
1782381600000,342.035,342.06,341.775,341.775,1566051.4733547315
1782382500000,341.775,341.79,341.438,341.688,2454209.4522955907
1782383400000,341.687,341.687,341.061,341.135,2507613.535046031
1782384300000,341.135,341.783,340.878,341.783,3151885.2094054804
1782385200000,341.762,341.762,340.899,341.119,14121315.319914645
1782386100000,341.122,341.122,340.842,340.912,8329799.140953298
1782387000000,340.913,341.349,340.913,341.234,4866331.921848575
1782387900000,341.234,341.46,340.79,341.044,11999336.047450377
1782388800000,341.044,341.085,340.689,341.085,710958924.1741065
1782389700000,341.085,341.235,340.671,340.745,6892182.123432683
1782390600000,340.758,341.72,340.16,340.184,18761367.768171176
1782391500000,340.177,340.443,340.072,340.193,13347948.581171118
1782392400000,340.192,340.2,338.828,338.974,31186488.944782767
1782393300000,338.974,339.336,336.33,336.6,93782431.23657808
1782394200000,336.45,340.62,335.89,336.818,1156775750.2491758
1782395100000,336.93,339.22,336.76,339.005,546878515.2923836
1782396000000,339.11,341.71,338.685,339.708,551175742.9364376
1782396900000,339.67,340.6,338.77,340.251,378595332.81650186
1782397800000,340.2,342.895,339.84,342.754,397107604.96325636
1782398700000,342.735,342.98,341.54,341.65,407179974.0924184
1782399600000,341.648,342.01,339.57,339.858,230366970.62228394
1782400500000,339.88,341.65,339.37,341.021,228261207.0472626
1782401400000,341.033,341.89,340.95,341.225,192250736.06822053
1782402300000,341.231,341.885,340.99,341.193,190215745.6586513
1782403200000,341.15,342.105,340.865,341.969,194348871.67912564
1782404100000,342.005,342.325,340.35,340.82,233221402.02027375
1782405000000,340.816,341.3,340.27,341.235,188752612.06399477
1782405900000,341.195,341.575,340.8,341.267,187976612.47489548
1782406800000,341.278,341.88,340.755,340.99,229804399.3847395
1782407700000,341.02,341.73,340.05,341.105,322416299.6862106
1782408600000,341.108,341.355,340.1,340.197,237199970.24936867
1782409500000,340.24,341.84,339.61,341.676,216681184.80998555
1782410400000,341.77,342.445,340.55,342.135,232627506.87946427
1782411300000,342.138,343.04,342.098,342.799,232298257.59268752
1782412200000,342.845,342.855,341.865,341.999,324856130.9956735
1782413100000,342.015,343.62,341.91,342.987,310129249.4027601
1782414000000,342.991,343.01,342.03,342.939,327551152.51061946
1782414900000,342.83,344.215,342.73,344.091,355904840.9573501
1782415800000,344.07,344.11,341.51,342.029,599027680.656919
1782416700000,341.96,345.55,341.4,343.55,2376910716.201183
1782417600000,343.451,343.525,342.077,342.93,107440179.76992202
1782418500000,342.93,344.18,342.929,343.431,11907468.063178658
1782419400000,343.432,343.823,343.432,343.475,5784093.416587232
1782420300000,343.475,343.71,343.4,343.459,2537942.753591045
1782421200000,343.472,343.755,343.4,343.56,3050103.502475919
1782422100000,343.56,343.56,343.029,343.029,1437843.402192772
1782423000000,343.026,343.105,342.37,342.58,1176467.0010705723
1782423900000,342.58,342.738,342.413,342.735,502170002.2877657
1782424800000,342.735,342.75,342.235,342.508,1671502.0281287185
1782425700000,342.474,342.49,342.126,342.158,1132096.2144713115
1782426600000,342.158,342.28,341.901,342.03,2579141.197507606
1782427500000,342.03,342.327,341.846,342.27,3422808.272505744
1782428400000,342.27,342.721,342.115,342.589,1577735.0990210054
1782429300000,342.583,345.746,342.555,345.461,5596329.238016827
1782430200000,345.46,345.472,343.96,343.969,3370265.2395485947
1782431100000,343.947,344.046,342.825,343.073,3973256.3902393524
1782432000000,343.35,343.41,342.3,342.89,849126.38
1782432900000,342.81,343.48,342.73,343.31,1130185.44
1782433800000,343.2,343.33,342.78,343.15,1326306.26
1782434700000,343.15,343.24,342.44,342.45,788457.54
1782435600000,342.47,342.94,342.14,342.61,1020529.69
1782436500000,342.59,342.87,342.05,342.06,600153.6
1782437400000,342.11,342.27,341.04,341.04,1062607.86
1782438300000,341.0,341.65,340.72,341.01,923696.8
1782439200000,341.05,341.05,340.01,340.22,1559027.84
1782440100000,340.23,340.39,339.72,340.08,1965408.86
1782441000000,340.08,340.14,338.79,338.9,2111666.25
1782441900000,338.87,339.19,337.75,337.93,5198198.05
1782442800000,337.87,338.39,337.49,338.01,3751413.4
1782443700000,338.01,338.06,337.49,337.66,3051511.34
1782444600000,337.71,337.71,336.0,337.22,4934566.85
1782445500000,337.35,338.92,337.2,338.7,1995090.39
1782446400000,338.83,340.01,338.41,339.23,3672307.85
1782447300000,339.36,340.01,338.55,339.24,1118538.0
1782448200000,339.12,339.22,338.6,338.7,855794.3
1782449100000,338.63,338.76,336.99,337.1,2691141.85
1782450000000,337.22,338.12,336.67,338.12,4292635.94
1782450900000,338.02,338.91,337.72,337.99,1123640.54
1782451800000,337.99,338.22,337.37,337.43,1329641.19
1782452700000,337.44,338.06,337.29,337.9,912725.33
1782453600000,337.92,338.22,337.58,338.22,1652073.81
1782454500000,338.02,339.4,338.02,339.4,1223990.82
1782455400000,339.33,340.01,339.2,339.72,812135.39
1782456300000,339.71,341.21,339.7,341.21,1409522.33
1782457200000,341.06,341.5,340.61,341.33,1281631.38
1782458100000,341.36,341.91,341.29,341.82,1027195.94
1782459000000,341.89,342.19,341.63,341.84,832656.39
1782459900000,341.86,342.19,341.71,342.19,424689.01
1782460800000,342.781,342.781,341.022,341.083,43892391.9464842
1782461700000,341.089,342.275,341.089,342.275,2270427.5012287335
1782462600000,342.275,342.308,341.913,341.934,1675512.2904237532
1782463500000,341.943,341.989,340.901,341.266,2164170.5478867227
1782464400000,341.265,341.637,341.001,341.637,785732.718112911
1782465300000,341.639,341.64,341.16,341.195,945294.7055217013
1782466200000,341.195,341.68,340.987,341.68,2185583.568216247
1782467100000,341.68,341.68,341.211,341.265,1908462.0144074047
1782468000000,341.265,341.265,340.83,341.21,3021519.896239928
1782468900000,341.205,341.873,341.138,341.355,3103105.560858821
1782469800000,341.355,341.762,341.165,341.762,2511439.5876320205
1782470700000,341.763,341.765,341.226,341.234,1969727.8691459305
1782471600000,341.235,341.983,341.14,341.585,11171259.95904107
1782472500000,341.4,341.599,341.196,341.33,1214523.5861602495
1782473400000,341.194,341.575,341.172,341.228,2567528.402193342
1782474300000,341.03,341.329,340.711,341.03,2623377.066783888
1782475200000,341.034,341.845,340.948,341.786,5357793.278855288
1782476100000,342.73,343.081,341.712,342.25,9133141.930872552
1782477000000,342.49,342.795,342.252,342.56,5639040.504292096
1782477900000,342.69,342.945,342.291,342.8,4512228.927174031
1782478800000,342.35,342.675,342.085,342.35,9071196.430612464
1782479700000,342.502,343.09,341.408,342.102,31997593.34119182
1782480600000,342.64,342.7,337.53,338.28,1005821610.637539
1782481500000,338.31,338.565,336.49,338.36,504964308.78767955
1782482400000,338.42,339.51,337.69,339.22,503226513.97592604
1782483300000,339.2,340.06,338.135,338.84,355714439.9826873
1782484200000,338.785,340.665,338.65,340.46,325345449.64505976
1782485100000,340.475,341.155,340.25,340.93,273575346.3781686
1782486000000,340.97,341.79,340.72,341.59,228345554.11857972
1782486900000,341.62,343.38,341.4,343.38,303110896.50192374
1782487800000,343.39,344.235,342.34,344.11,278761972.259642
1782488700000,344.22,345.65,343.79,345.2,366103679.34612304
1782489600000,345.17,346.37,344.4,344.59,362138780.3827961
1782490500000,344.56,344.72,343.265,343.45,315772806.74229753
1782491400000,343.455,343.99,341.285,341.37,436435809.4282307
1782492300000,341.324,342.41,341.075,342.243,292895931.73721653
1782493200000,342.11,342.75,341.39,341.78,270259259.54106116
1782494100000,341.785,342.575,341.53,342.23,195311414.00932655
1782495000000,342.135,342.445,340.63,341.07,248035585.4608783
1782495900000,341.07,342.24,341.034,341.6,180897583.91391784
1782496800000,341.6,341.99,341.295,341.377,154594820.93723023
1782497700000,341.51,341.6,340.64,340.93,167324264.11632878
1782498600000,340.895,341.32,340.36,341.11,218987419.76548904
1782499500000,341.08,342.03,340.61,341.675,250532175.2562984
1782500400000,341.8,342.66,341.649,342.235,287130547.9977221
1782501300000,342.29,342.66,341.75,341.923,369392277.8426647
1782502200000,341.99,343.045,341.755,342.53,443341829.7784653
1782503100000,342.545,343.08,334.06,336.37,2860687850.867657
1782504000000,337.34,337.615,336.424,337.41,3969166900.2567616
1782504900000,337.66,338.363,337.496,338.01,35412861.63277995
1782505800000,337.88,338.122,337.0,337.0,21356731.449109007
1782506700000,337.28,338.25,337.252,337.41,10177514.8394864
1782507600000,337.88,338.612,337.65,337.88,6977682.0361973075
1782508500000,338.5,338.624,337.94,338.147,4763495.133092233
1782509400000,338.154,338.413,338.06,338.15,3954592.065343265
1782510300000,338.15,338.31,338.135,338.222,280963850.0139794
1782511200000,338.223,338.235,338.15,338.155,1682285.8852302637
1782512100000,338.155,338.436,338.151,338.204,1047855.2440380857
1782513000000,338.435,338.757,338.185,338.46,6874844.965579018
1782513900000,338.97,339.039,338.661,338.97,3954233.69647662
1782514800000,338.66,338.825,338.508,338.508,824554.9606819276
1782515700000,338.507,338.594,338.456,338.495,1057455.4682115468
1782516600000,338.495,338.5,338.331,338.475,2670967.006852232
1782517500000,338.475,338.775,338.232,338.284,4608308.942244306
1782518400000,338.283,338.283,338.281,338.281,250.209197
1782519300000,342.71,342.71,342.71,342.71,40.371238
1782520200000,342.75,342.75,342.75,342.75,19.982325
1782522000000,342.41,342.41,341.68,341.68,157.011245
1782523800000,342.75,342.75,342.75,342.75,19.982325
1782526500000,342.7,342.7,342.7,342.7,81.2199
1782530100000,342.75,342.81,342.75,342.81,98.131539
1782531000000,342.7,342.7,342.7,342.7,205.92843
1782534600000,342.86,342.86,342.7,342.7,202.720108
1782545400000,342.95,342.95,342.95,342.95,114.991135
1782546300000,342.72,342.72,342.7,342.7,94.14121
1782552600000,343.0,343.0,343.0,343.0,105.987
1782560700000,343.03,343.03,343.03,343.03,124.51989
1782565200000,343.03,343.03,343.03,343.03,137.246303
1782568800000,343.08,343.11,343.03,343.03,331.39824
1782574200000,343.19,343.19,343.03,343.03,9276.789904
1782575100000,343.3,343.3,342.88,342.88,2510.774634
1782576900000,342.88,343.33,342.88,343.0,114.853311
1782577800000,343.35,344.13,342.85,343.55,3202.761783
1782578700000,344.13,344.13,342.96,342.96,44.242449
1782579600000,342.96,342.96,342.93,342.93,49.314885
1782580500000,342.83,342.83,342.83,342.83,16.181576
1782594900000,342.83,342.83,342.78,342.78,94.721567
1782603900000,344.13,344.13,342.78,342.78,22.185154
1782617400000,344.13,344.13,344.13,344.13,240.374805
1782618300000,344.13,344.16,344.05,344.1,28321.859104
1782619200000,343.66,344.2,343.66,344.2,40807.924916
1782620100000,343.67,343.67,343.67,343.67,14.056103
1782621900000,343.64,343.67,343.6,343.67,20701.22396
1782623700000,343.67,343.67,342.77,342.77,199.788406
1782630900000,343.67,343.67,343.0,343.0,234.281573
1782634500000,342.77,343.67,342.7,343.67,362.713096
1782635400000,342.66,342.66,342.66,342.66,512.2767
1782636300000,342.65,342.65,342.55,342.55,289.071576
1782637200000,342.51,342.51,341.96,342.5,52.068026
1782642600000,339.62,339.62,337.71,337.71,169.829943
1782643500000,338.63,338.98,338.0,338.94,4385.207393
1782644400000,338.94,338.94,337.98,337.98,3886.980802
1782651600000,337.98,337.98,337.98,337.98,15.88506
1782657000000,338.4,338.64,338.4,338.64,207.023842
1782657900000,338.65,339.1,338.22,338.36,3118.290722
1782661500000,339.03,339.03,339.03,339.03,10.984572
1782664200000,339.03,339.03,339.03,339.03,59.974407
1782668700000,338.81,338.81,338.81,338.81,23.513414
1782669600000,338.81,338.81,337.94,337.94,694.491604
1782673200000,338.69,338.69,337.97,338.32,455.61974
1782680400000,337.95,337.95,337.94,337.94,219.429962
1782681300000,338.16,339.15,337.89,337.89,456.528852
1782682200000,338.17,338.43,337.88,337.88,155.786826
1782691200000,339.66,340.81,339.5,339.5,3288978.87
1782692100000,339.51,339.51,338.71,338.88,1617911.89
1782693000000,338.84,339.9,338.69,339.89,1204300.93
1782693900000,339.82,340.18,339.22,339.86,1050430.44
1782694800000,339.94,340.15,339.32,339.35,1562136.04
1782695700000,339.36,339.59,339.26,339.27,790288.26
1782696600000,339.27,339.72,339.22,339.58,1013902.64
1782697500000,339.59,339.71,339.49,339.54,688012.03
1782698400000,339.59,339.61,338.69,338.84,803168.33
1782699300000,338.85,339.64,338.84,339.58,418711.88
1782700200000,339.52,340.21,339.35,340.05,1002589.0
1782701100000,340.08,340.31,339.99,340.06,583715.12
1782702000000,340.19,341.01,340.19,340.92,1155737.74
1782702900000,340.91,341.94,340.89,341.63,2560253.59
1782703800000,341.75,341.8,341.16,341.35,1113163.0
1782704700000,341.25,342.01,341.23,342.0,976314.83
1782705600000,341.9,342.01,341.61,341.83,677548.54
1782706500000,341.79,341.91,341.61,341.7,668060.61
1782707400000,341.7,341.84,341.27,341.45,353133.36
1782708300000,341.46,341.65,341.23,341.37,452128.82
1782709200000,341.44,341.6,341.36,341.49,594862.38
1782710100000,341.48,341.85,341.33,341.69,1504587.11
1782711000000,341.68,341.93,340.89,341.14,1104137.23
1782711900000,341.15,341.16,340.56,340.72,1798936.45
1782712800000,340.72,340.72,340.17,340.21,942907.27
1782713700000,340.27,340.3,340.01,340.22,1057125.45
1782714600000,340.1,340.65,340.1,340.52,709779.81
1782715500000,340.47,340.92,340.47,340.84,1720442.45
1782716400000,340.79,340.79,340.32,340.52,1610872.33
1782717300000,340.59,340.98,340.58,340.98,370384.89
1782718200000,340.96,341.01,340.8,340.99,471826.13
1782719100000,340.99,341.01,340.51,340.53,888906.35
1782720000000,338.684,341.274,338.684,341.075,34697411.758565545
1782720900000,341.2,341.608,341.075,341.21,6574968.742199785
1782721800000,341.22,341.522,341.016,341.22,2303919.3377810903
1782722700000,341.09,341.385,341.016,341.09,7352294.698506025
1782723600000,341.14,341.14,340.79,340.952,3137631.0213956344
1782724500000,341.0,341.548,340.953,341.0,2833002.66705086
1782725400000,341.64,341.775,341.549,341.69,3450005.2937405794
1782726300000,341.35,341.839,341.225,341.35,5344629.741869571
1782727200000,341.6,341.794,341.308,341.6,1718102.3412237924
1782728100000,341.532,341.789,341.28,341.789,1519814.2933036487
1782729000000,341.79,341.916,341.621,341.802,2043626.085506995
1782729900000,341.801,341.87,341.296,341.569,3537957.8705879515
1782730800000,341.21,341.595,340.795,341.03,7071711.686434741
1782731700000,340.96,340.96,340.6,340.708,6371971.611176109
1782732600000,340.61,341.034,340.582,340.75,7318375.669686048
1782733500000,340.66,341.001,340.22,340.61,10205719.764860531
1782734400000,340.34,340.854,340.21,340.38,4805665.175157663
1782735300000,340.78,341.428,340.78,341.31,5325140.051929981
1782736200000,340.52,341.242,340.4,340.4,3957656.4314143937
1782737100000,340.83,340.845,340.51,340.83,4749163.73612363
1782738000000,340.775,341.199,340.69,341.199,7642016.2985024825
1782738900000,340.01,341.795,339.805,340.01,79387394.72583085
1782739800000,341.67,348.51,340.7,346.255,1077093887.8054945
1782740700000,346.3,348.54,346.19,348.01,661990408.5025682
1782741600000,348.11,349.565,346.75,347.53,569014514.2362065
1782742500000,347.375,350.35,347.3,349.6,520718522.7321191
1782743400000,349.483,352.16,348.7,350.22,713317583.9013582
1782744300000,349.99,350.91,348.96,350.41,401460723.41780853
1782745200000,350.38,351.52,350.0,350.26,313584690.4296659
1782746100000,350.32,351.93,350.16,351.61,312975916.503979
1782747000000,351.75,352.29,350.89,352.29,354048682.68129516
1782747900000,352.295,352.697,351.45,352.553,299631176.5775404
1782748800000,352.6,352.675,352.13,352.47,242246467.05982947
1782749700000,352.47,352.755,351.69,351.77,179226253.91011384
1782750600000,351.83,352.15,350.53,350.8,156513559.98767188
1782751500000,350.92,352.35,350.852,351.6,188561116.64139774
1782752400000,351.555,352.96,351.53,352.79,152712837.661241
1782753300000,352.83,352.94,352.36,352.635,151312189.3874662
1782754200000,352.66,353.71,352.63,353.395,224867913.9756353
1782755100000,353.375,353.508,352.86,353.445,177989242.86195162
1782756000000,353.446,353.74,352.89,353.008,152176703.3680405
1782756900000,352.98,353.1,352.22,352.645,156938270.3534979
1782757800000,352.72,353.435,352.6,353.1,187707636.50017577
1782758700000,353.12,353.34,352.27,352.37,144143499.62224552
1782759600000,352.47,353.072,352.374,352.885,195893914.37206793
1782760500000,352.95,353.1,351.83,351.98,320788601.3866552
1782761400000,352.025,354.22,351.982,354.035,625836624.6804553
1782762300000,354.17,354.35,352.87,353.495,839999325.5214707
1782763200000,353.3,353.545,353.112,353.3,2217580639.883635
1782764100000,353.32,353.542,353.3,353.35,5647472.811467338
1782765000000,353.01,353.35,352.98,353.01,7261448.13467159
1782765900000,352.97,353.06,352.802,352.97,9723246.94309718
1782766800000,352.802,352.802,352.661,352.715,91348746.95012231
1782767700000,352.715,352.715,352.65,352.679,4543658.63226819
1782768600000,352.68,352.715,352.587,352.677,2579307.95165891
1782769500000,352.75,353.475,352.55,352.75,116846460.69368958
1782770400000,353.08,353.522,352.826,353.0,4037981.30548731
1782771300000,353.4,353.419,353.0,353.0,1236392.53957448
1782772200000,353.0,353.12,352.755,353.058,1808429.7200341
1782773100000,353.057,353.067,352.582,352.79,2098644.96088838
1782774000000,352.785,352.948,352.324,352.84,3964689.1340569
1782774900000,352.84,352.946,352.796,352.83,2530637.4256183
1782775800000,352.83,353.208,352.83,353.141,1388303.6632695794
1782776700000,353.07,353.221,352.785,353.05,3575016.08090783
1782777600000,353.01,353.31,352.1,353.12,920892.88
1782778500000,353.36,353.9,352.54,352.75,718665.45
1782779400000,352.69,352.75,352.14,352.46,885979.99
1782780300000,352.46,353.1,352.44,353.1,388826.84
1782781200000,353.14,353.16,352.32,352.42,596276.13
1782782100000,352.41,353.18,352.33,353.18,734841.13
1782783000000,353.26,353.26,352.89,353.2,439246.23
1782783900000,353.13,353.17,352.82,352.99,360003.78
1782784800000,353.01,353.01,352.71,352.85,629025.1
1782785700000,352.86,353.37,352.86,353.18,1472441.26
1782786600000,353.35,353.35,353.11,353.11,182631.26
1782787500000,353.19,353.19,352.93,352.95,99917.74
1782788400000,352.96,353.31,352.89,353.3,256384.07
1782789300000,353.28,353.49,353.21,353.44,231787.59
1782790200000,353.5,353.65,353.34,353.49,544112.82
1782791100000,353.55,353.84,353.49,353.61,668025.37
1782792000000,353.65,353.86,353.64,353.7,399034.23
1782792900000,353.8,354.22,353.71,354.21,717467.65
1782793800000,354.2,354.31,354.04,354.26,616970.89
1782794700000,354.29,354.29,353.87,353.9,649974.72
1782795600000,354.03,354.22,353.9,354.12,515988.98
1782796500000,354.04,354.13,353.86,353.94,442138.06
1782797400000,353.94,353.94,353.58,353.67,316256.47
1782798300000,353.67,353.81,353.67,353.74,488536.13
1782799200000,353.74,353.92,353.71,353.92,1038160.34
1782800100000,353.93,353.95,353.76,353.82,328356.98
1782801000000,353.84,353.84,353.58,353.7,309503.32
1782801900000,353.69,353.8,353.54,353.77,424727.17
1782802800000,353.7,353.71,353.58,353.61,549590.74
1782803700000,353.66,353.77,353.47,353.48,750742.09
1782804600000,353.57,353.7,353.31,353.36,1041877.37
1782805500000,353.37,353.5,353.1,353.1,165690.47
1782806400000,353.249,353.69,353.236,353.236,16948465.28442531
1782807300000,353.231,353.84,353.141,353.601,2113710.71723012
1782808200000,353.601,353.624,353.143,353.27,2052937.05077846
1782809100000,353.27,353.27,352.664,353.121,2123758.69318041
1782810000000,353.115,353.3,352.931,353.3,518582.86476649
1782810900000,353.3,353.35,353.237,353.345,558267.84066651
1782811800000,353.345,353.51,353.27,353.51,698085.37055706
1782812700000,353.51,353.86,353.508,353.751,418206.07834512
1782813600000,353.748,354.172,353.671,354.155,796618.95699697
1782814500000,354.157,354.425,354.157,354.425,987418.79667533
1782815400000,354.05,354.425,353.888,354.05,2185387.94213552
1782816300000,354.06,354.36,353.975,354.06,4110461.08531383
1782817200000,354.3,354.665,354.1,354.3,3724863.9170527
1782818100000,354.61,355.111,354.514,354.6,7425710.8929722
1782819000000,355.08,355.51,355.026,355.44,4692613.43770425
1782819900000,355.39,355.689,355.101,355.35,12433734.42763608
1782820800000,355.294,355.398,354.423,354.423,4285280.95592596
1782821700000,354.36,354.97,353.81,354.97,220063826.73881862
1782822600000,354.67,354.847,354.006,354.469,4688719.16480705
1782823500000,354.465,354.7,354.286,354.6,11475226.25521059
1782824400000,354.76,355.043,354.155,354.99,9485196.73338591
1782825300000,354.86,355.176,353.31,353.31,41242515.20453647
1782826200000,353.87,354.88,350.76,351.33,652467505.4581784
1782827100000,351.425,353.0,350.95,351.84,575736100.9062574
1782828000000,351.63,353.4,350.554,352.44,338368388.5306786
1782828900000,352.35,353.84,352.28,353.15,194452980.06186512
1782829800000,353.15,354.99,353.11,354.15,348006211.8097976
1782830700000,354.16,355.27,353.31,354.83,248943957.31649542
1782831600000,354.79,355.05,353.94,354.67,313302841.37641084
1782832500000,354.77,356.855,354.61,356.59,292726901.13282454
1782833400000,356.58,356.65,355.75,356.34,229671744.7367407
1782834300000,356.395,357.37,356.095,357.29,210241670.78813648
1782835200000,357.425,357.765,356.78,357.03,177632557.54087973
1782836100000,357.085,358.105,357.047,357.48,153802663.0168294
1782837000000,357.66,358.374,357.54,357.795,180469895.63723096
1782837900000,357.8,358.595,357.44,357.75,244940749.48477778
1782838800000,357.855,357.916,357.09,357.42,133670222.37766892
1782839700000,357.35,357.91,356.12,356.125,153886539.86069676
1782840600000,356.1,356.485,355.77,355.965,247934366.28426826
1782841500000,355.93,356.49,355.595,356.385,210406490.17521286
1782842400000,356.34,357.03,355.99,356.6,192934403.15950012
1782843300000,356.61,357.23,356.61,357.13,174071129.47845554
1782844200000,357.14,357.225,356.11,356.2,159876452.1835054
1782845100000,356.175,356.98,356.01,356.595,148010990.05618635
1782846000000,356.595,357.2,356.46,356.965,156935046.87466168
1782846900000,356.88,357.245,356.65,357.15,244215203.8566299
1782847800000,357.1,357.875,357.1,357.49,297314719.03657657
1782848700000,357.48,358.11,356.91,357.22,1281828020.8181398
1782849600000,357.281,357.281,355.673,355.816,4120936312.4285345
1782850500000,356.44,356.6,355.8,356.45,25487714.39364262
1782851400000,356.24,356.685,355.879,356.49,23301576.13710056
1782852300000,356.61,356.66,356.26,356.375,42112210.83131559
1782853200000,356.377,356.625,356.345,356.625,2077673.90018631
1782854100000,356.625,356.815,356.624,356.734,13902830.76219445
1782855000000,356.735,356.81,356.685,356.81,960281.17405274
1782855900000,357.0,357.11,356.755,357.0,397726193.7010605
1782856800000,356.799,357.21,356.769,357.125,1717351.64324374
1782857700000,357.12,357.487,357.12,357.12,2068212.22358766
1782858600000,357.4,357.451,357.12,357.14,1905078.61448551
1782859500000,357.137,357.409,357.0,357.2,2346881.33787227
1782860400000,357.2,357.249,357.0,357.125,4074216.10322414
1782861300000,357.19,357.25,357.11,357.2,2484969.56725597
1782862200000,357.2,357.2,357.15,357.195,975112.28981024
1782863100000,357.195,357.478,357.108,357.478,2410000.01405905
1782864000000,357.43,357.5,357.09,357.14,597396.29
1782864900000,357.22,357.39,357.02,357.27,348949.06
1782865800000,357.26,357.7,357.19,357.42,639523.46
1782866700000,357.52,357.69,357.4,357.4,306783.57
1782867600000,357.49,357.5,356.84,356.91,549583.73
1782868500000,357.0,357.14,356.66,357.0,600651.58
1782869400000,357.03,357.1,356.52,356.64,474859.73
1782870300000,356.54,356.64,356.28,356.38,536108.22
1782871200000,356.39,356.43,355.82,355.84,1025079.39
1782872100000,355.86,356.27,355.79,356.1,581809.84
1782873000000,356.16,356.16,355.6,355.75,1115350.84
1782873900000,355.75,356.14,355.66,356.04,1070282.87
1782874800000,356.05,356.1,355.51,355.97,619504.08
1782875700000,355.94,355.99,355.76,355.81,277211.58
1782876600000,355.79,355.92,355.66,355.8,192115.47
1782877500000,355.79,356.06,355.43,355.57,1068117.26
1782878400000,355.57,355.57,355.2,355.34,297088.49
1782879300000,355.41,355.54,355.14,355.52,289909.82
1782880200000,355.44,355.49,355.26,355.37,218571.27
1782881100000,355.37,355.97,355.36,355.79,401925.72
1782882000000,355.71,355.71,355.42,355.5,475435.99
1782882900000,355.5,355.57,355.34,355.36,227495.37
1782883800000,355.36,355.38,355.01,355.01,226935.02
1782884700000,355.01,355.19,355.01,355.13,332024.28
1782885600000,355.16,355.2,354.96,355.01,725047.16
1782886500000,355.02,355.03,354.73,354.85,558219.03
1782887400000,354.86,355.31,354.77,355.31,791735.57
1782888300000,355.21,355.47,355.1,355.1,655775.98
1782889200000,355.25,355.3,354.82,354.85,828931.58
1782890100000,354.85,354.85,354.3,354.45,1212630.74
1782891000000,354.46,354.67,354.41,354.41,339995.07
1782891900000,354.4,355.1,354.3,354.8,812850.53
1782892800000,355.3,356.993,354.514,355.3,18112783.96962342
1782893700000,355.54,355.584,355.195,355.41,3457205.89435982
1782894600000,355.341,355.487,355.319,355.471,1321347.77295244
1782895500000,355.475,355.524,355.295,355.357,1123564.68157095
1782896400000,355.358,355.392,355.131,355.265,712437.51824351
1782897300000,355.43,355.43,355.245,355.43,1584727.48162783
1782898200000,355.305,355.335,355.29,355.335,1117077.56070976
1782899100000,355.28,355.369,355.18,355.28,1530391.06631663
1782900000000,355.369,355.64,355.301,355.49,2210825.72142962
1782900900000,355.75,355.929,355.488,355.91,1960909.88503109
1782901800000,355.93,356.02,355.83,355.93,2349310.4342023
1782902700000,355.865,355.96,355.691,355.73,1625969.6413196
1782903600000,355.73,355.97,355.722,355.789,4246612.22663156
1782904500000,355.81,356.049,355.68,355.99,4363707.07276262
1782905400000,356.0,356.685,355.899,356.0,8257456.43182197
1782906300000,356.687,356.905,356.475,356.745,5924699.56801073
1782907200000,356.87,357.786,356.745,357.72,11476831.43230638
1782908100000,358.38,358.81,357.555,358.75,16110509.04528502
1782909000000,357.54,358.537,356.882,356.99,32689712.57759779
1782909900000,357.3,361.029,356.884,360.78,42220925.65059266
1782910800000,360.74,361.714,359.527,360.99,34831867.34269189
1782911700000,360.99,361.789,357.233,358.87,83389854.75551811
1782912600000,358.36,362.055,357.7,359.292,719983624.0045811
1782913500000,359.12,359.835,356.43,358.645,331995859.5755098
1782914400000,358.69,359.87,357.64,358.79,312491010.4663243
1782915300000,358.715,360.15,358.445,360.01,227968656.85235667
1782916200000,360.035,362.93,359.9,361.86,337710550.77854717
1782917100000,361.945,362.19,360.9,360.93,242367723.9430495
1782918000000,360.865,362.29,360.61,361.37,233995799.39702857
1782918900000,361.365,362.5,360.275,361.94,260273913.49080783
1782919800000,361.95,362.24,359.295,359.645,280033938.7597643
1782920700000,359.71,359.8,359.08,359.34,165422835.79380795
1782921600000,359.325,359.6,358.915,358.981,146280299.7417988
1782922500000,358.88,359.46,358.63,358.89,191075300.01820093
1782923400000,358.88,359.09,357.905,358.04,121985302.4601103
1782924300000,357.965,359.35,357.775,358.53,163779415.26170784
1782925200000,358.56,359.34,358.44,359.205,217718027.52030712
1782926100000,359.17,359.2,358.435,358.73,151379503.73407453
1782927000000,358.69,359.47,358.28,359.02,246535958.11960208
1782927900000,359.04,359.865,358.985,359.565,137675933.43348718
1782928800000,359.6,360.485,359.575,360.11,186188486.9856923
1782929700000,360.05,360.145,359.055,359.325,202760641.16768202
1782930600000,359.35,360.14,359.29,359.865,158653628.82521874
1782931500000,359.83,361.01,359.66,360.185,305678992.2735034
1782932400000,360.215,360.32,359.39,359.6,225072218.78716794
1782933300000,359.6,360.81,359.575,360.13,234511610.57478586
1782934200000,360.14,361.34,360.09,361.27,284495284.3371099
1782935100000,361.295,361.6,360.81,361.195,875648183.0596333
1782936000000,361.29,361.544,361.045,361.29,1862867258.1924028
1782936900000,361.515,361.515,361.064,361.115,58597766.42796158
1782937800000,361.115,361.115,360.328,360.548,14948781.31258938
1782938700000,360.55,360.708,360.425,360.544,71811310.15235685
1782939600000,360.543,360.671,360.2,360.23,844121.01998193
1782940500000,360.207,360.235,360.075,360.147,2820456.46260209
1782941400000,360.148,360.545,360.116,360.381,2779829.47701421
1782942300000,360.69,360.69,360.165,360.69,2535843.6990545
1782943200000,360.6,360.6,360.164,360.338,919215.14065828
1782944100000,360.35,360.55,360.27,360.55,671148.91048249
1782945000000,360.55,360.63,360.385,360.537,1101859.59797324
1782945900000,360.536,360.58,360.297,360.454,5214048.03713562
1782946800000,360.457,360.48,360.138,360.138,5002363.04713678
1782947700000,360.136,360.21,360.045,360.14,825308.45158634
1782948600000,360.141,360.424,360.1,360.346,1070541.82841586
1782949500000,360.02,360.5,360.02,360.02,3658606.84983676
1782950400000,359.55,360.26,359.31,359.75,1057283.7
1782951300000,359.62,360.17,359.57,360.15,671118.84
1782952200000,360.09,360.5,359.7,359.81,1138042.28
1782953100000,359.81,360.15,359.48,360.01,1495247.46
1782954000000,359.96,360.47,359.92,360.24,716154.71
1782954900000,360.24,360.38,359.97,360.04,620537.63
1782955800000,360.14,360.57,360.08,360.31,585546.16
1782956700000,360.28,360.6,360.25,360.43,493502.88
1782957600000,360.36,360.41,360.22,360.25,1295527.54
1782958500000,360.25,360.27,359.84,359.93,745363.47
1782959400000,359.93,359.95,359.86,359.92,1197843.02
1782960300000,359.94,359.94,359.7,359.9,794634.57
1782961200000,359.88,360.19,359.88,360.19,395621.99
1782962100000,360.23,360.23,360.0,360.13,213922.47
1782963000000,360.21,360.47,360.13,360.31,819465.42
1782963900000,360.34,360.49,360.29,360.42,173343.26
1782964800000,360.44,360.55,360.15,360.18,410455.59
1782965700000,360.1,360.36,360.0,360.32,285584.74
1782966600000,360.31,360.31,359.38,359.41,704144.05
1782967500000,359.36,359.7,359.24,359.67,517988.75
1782968400000,359.66,360.03,359.54,359.93,297214.74
1782969300000,359.88,360.18,359.84,359.88,549707.81
1782970200000,359.89,359.89,359.0,359.1,1021161.26
1782971100000,359.08,359.13,358.82,359.01,315226.09
1782972000000,359.03,359.23,357.65,358.01,2612261.3
1782972900000,357.82,358.23,357.36,357.36,1486556.63
1782973800000,357.46,358.7,357.46,358.42,3990838.87
1782974700000,358.36,358.36,357.5,358.12,1564324.18
1782975600000,358.12,358.13,357.56,357.56,1030162.13
1782976500000,357.56,358.09,357.51,357.9,1123754.99
1782977400000,358.0,358.37,357.68,358.37,1116406.5
1782978300000,358.38,358.43,358.04,358.06,514437.01
1782979200000,359.992,359.992,356.866,356.971,32738727.5070892
1782980100000,357.09,357.27,356.79,357.09,6615168.73603368
1782981000000,356.8,357.25,356.577,356.8,2811415.08329498
1782981900000,357.166,357.245,356.027,356.04,5785982.68749021
1782982800000,356.04,356.5,355.505,356.435,5713891.70705445
1782983700000,356.435,356.575,355.683,355.683,2856269.53815239
1782984600000,356.59,357.397,355.675,356.48,7608710.43780246
1782985500000,356.676,357.401,356.301,357.309,4601786.973462069
1782986400000,357.48,357.675,356.847,357.48,3551938.0068546
1782987300000,357.87,358.426,357.603,357.82,6186183.7944334
1782988200000,357.86,358.575,357.86,358.106,2566192.2410754
1782989100000,358.104,358.625,357.809,358.625,2912553.16104259
1782990000000,358.5,358.8,358.269,358.5,5140473.08418556
1782990900000,358.46,359.214,358.412,358.46,6412566.53778634
1782991800000,359.28,359.28,358.353,358.5,3702721.20953198
1782992700000,357.14,358.501,357.14,357.14,6517950.09666736
1782993600000,357.513,357.95,357.367,357.596,4223303.059250964
1782994500000,357.33,358.289,357.22,358.06,6222254.64255409
1782995400000,358.79,359.076,358.105,358.71,12796358.53061836
1782996300000,358.73,359.075,358.303,358.73,165215639.0385494
1782997200000,358.581,358.925,358.078,358.112,5812367.29580306
1782998100000,358.11,359.531,357.401,359.01,27697041.14675603
1782999000000,359.38,363.34,358.38,361.62,548049725.3311073
1782999900000,361.47,364.15,361.47,362.72,383837575.6874032
1783000800000,362.87,363.75,361.52,361.905,228535237.60366106
1783001700000,361.842,362.745,361.255,361.985,316218933.9759897
1783002600000,362.145,364.13,361.88,362.36,217647409.40389282
1783003500000,362.21,362.47,360.315,360.87,223700791.2924347
1783004400000,360.875,360.89,357.83,358.72,322502683.26777637
1783005300000,358.64,359.145,356.865,357.2,290129768.22185034
1783006200000,357.161,358.052,355.79,355.824,142475043.5587651
1783007100000,355.81,356.61,355.405,356.035,231450355.85571888
1783008000000,355.97,356.19,354.23,354.95,278243253.72382647
1783008900000,355.115,356.32,355.001,355.455,133395669.1947683
1783009800000,355.46,355.81,354.975,355.48,185057816.09898743
1783010700000,355.49,355.505,353.51,353.646,219239853.81417897
1783011600000,353.68,354.854,353.475,354.65,161816413.99867788
1783012500000,354.61,355.21,354.38,355.04,95245325.89557132
1783013400000,355.055,356.905,354.885,356.665,150112355.50163037
1783014300000,356.595,357.24,356.275,356.63,269770775.4738839
1783015200000,356.59,358.25,356.5,358.1,192966266.92208382
1783016100000,358.15,358.59,358.03,358.395,152828000.78981885
1783017000000,358.39,358.79,358.14,358.4,193989367.786508
1783017900000,358.35,359.05,357.61,358.11,146091200.50358433
1783018800000,358.125,359.49,357.97,359.034,190236048.8488539
1783019700000,358.94,359.63,358.705,358.94,220898935.45662373
1783020600000,358.91,359.465,358.885,359.25,258912340.93058953
1783021500000,359.19,360.595,358.945,359.69,999579883.7839044
1783022400000,358.52,359.761,358.21,358.52,1916625603.9984066
1783023300000,358.76,359.062,358.631,358.76,14900965.95938037
1783024200000,359.06,359.597,358.846,359.06,22046129.83345646
1783025100000,359.25,359.25,358.8,359.16,6188734.93003085
1783026000000,359.16,359.16,358.802,358.95,20513918.58349841
1783026900000,358.95,359.546,358.95,359.173,2544689.878792862
1783027800000,358.99,359.194,358.725,358.99,1556303.089752
1783028700000,358.725,359.028,358.725,358.916,138059571.62711474
1783029600000,358.905,358.95,358.675,358.73,3492057.31747419
1783030500000,358.73,359.258,358.639,359.073,1338145.11565592
1783031400000,359.074,359.219,358.943,359.0,1360823.30016614
1783032300000,359.0,359.276,359.0,359.145,998314.13932535
1783033200000,359.145,359.245,359.076,359.178,897746.05499004
1783034100000,359.175,359.175,358.637,358.91,1279863.33423687
1783035000000,358.91,359.099,358.88,358.88,606031.6109049061
1783035900000,359.14,359.289,358.613,359.14,2258438.79709193
1783036800000,359.2,359.2,359.2,359.2,99.96536
1783040400000,359.24,359.24,359.24,359.24,14.3696
1783045800000,359.01,359.01,358.51,358.89,464.404419
1783047600000,358.87,358.87,358.79,358.79,259.367852
1783048500000,359.03,359.03,358.78,359.03,49.312822
1783078200000,358.75,358.75,358.75,358.75,19.803
1783082700000,359.03,359.03,359.03,359.03,12.242923
1783083600000,359.03,359.05,358.72,358.72,119.52139
1783086300000,358.72,358.72,358.72,358.72,10.080032
1783089000000,358.71,358.71,358.71,358.71,20.267115
1783092600000,358.68,358.68,358.03,358.03,2286.628739
1783096200000,357.99,357.99,357.99,357.99,48.650841
1783098900000,357.9,357.9,357.32,357.32,2710.151982
1783110600000,357.71,357.71,357.71,357.71,10.087422
1783128600000,357.71,357.71,357.71,357.71,13.843377
1783172700000,357.21,357.21,357.21,357.21,83.551419
1783177200000,357.19,357.19,357.19,357.19,13.787534
1783178100000,357.19,357.19,357.19,357.19,11.465799
1783182600000,357.21,357.21,357.21,357.21,19.968039
1783204200000,357.21,357.21,357.21,357.21,12.002256
1783209600000,357.19,357.19,357.19,357.19,83.260989
1783215900000,357.16,357.16,357.16,357.16,14.500696
1783221300000,357.16,357.16,356.1,356.1,3417.316386
1783242000000,356.4,356.4,356.1,356.1,24.90189
1783245600000,356.4,356.4,356.4,356.4,14.9688
1783251900000,356.4,356.79,356.4,356.79,730.89727
1783252800000,356.53,357.04,356.53,357.04,1202.872155
1783255500000,357.04,357.2,357.04,357.2,130.000488
1783256400000,356.48,357.4,356.48,357.4,1337.952897
1783258200000,357.4,357.5,357.4,357.5,357.43523
1783286100000,357.7,357.75,357.7,357.75,171.671325
1783287900000,357.75,357.78,357.75,357.78,160.956911
1783290600000,357.82,357.82,357.82,357.82,2.790996
1783295100000,357.82,357.98,357.82,357.98,1214.709159
1783296000000,359.98,362.47,359.98,360.79,1832551.01
1783296900000,360.86,361.12,360.4,360.5,704588.15
1783297800000,360.46,361.07,360.25,361.07,967635.85
1783298700000,361.05,361.1,360.47,360.6,1361463.42
1783299600000,360.59,360.59,360.42,360.5,632692.78
1783300500000,360.43,360.47,360.07,360.15,996619.02
1783301400000,360.15,360.7,360.15,360.5,298867.64
1783302300000,360.44,360.53,360.05,360.08,284590.27
1783303200000,360.18,360.2,359.66,359.66,765107.45
1783304100000,359.71,359.75,359.54,359.74,410045.56
1783305000000,359.67,359.68,359.08,359.08,471107.93
1783305900000,359.09,359.25,359.08,359.25,203293.25
1783306800000,359.22,359.34,358.99,359.18,925188.52
1783307700000,359.13,359.32,359.06,359.22,275165.15
1783308600000,359.2,359.25,358.82,358.82,290460.19
1783309500000,358.82,358.9,358.67,358.9,277345.44
1783310400000,358.87,359.08,358.84,358.95,335974.68
1783311300000,359.04,359.17,359.0,359.1,204669.29
1783312200000,359.12,359.33,359.06,359.27,161985.77
1783313100000,359.25,359.74,359.17,359.65,435633.49
1783314000000,359.71,359.83,359.52,359.76,178060.52
1783314900000,359.79,359.93,359.75,359.78,186394.54
1783315800000,359.77,359.97,359.63,359.97,184556.12
1783316700000,359.9,359.96,359.72,359.75,404084.66
1783317600000,359.85,359.9,359.74,359.75,133140.14
1783318500000,359.7,359.9,359.69,359.83,164794.32
1783319400000,359.83,360.08,359.77,360.0,386226.14
1783320300000,360.02,360.06,359.92,359.96,491390.0
1783321200000,360.02,360.17,359.96,360.0,307848.02
1783322100000,360.02,360.15,359.96,360.04,335258.58
1783323000000,360.11,360.15,360.02,360.1,283399.54
1783323900000,360.12,360.24,359.86,360.16,491200.69
1783324800000,360.49,361.035,359.261,360.49,13828609.91006872
1783325700000,360.23,360.78,360.1,360.29,1480226.14633354
1783326600000,360.117,360.33,360.117,360.33,1200393.34409647
1783327500000,360.33,360.7,360.33,360.7,1262051.7835694335
1783328400000,360.7,360.85,360.588,360.772,1522442.09884812
1783329300000,360.76,361.017,360.695,361.017,1284059.27638711
1783330200000,361.018,361.125,360.887,360.965,878924.83930858
1783331100000,361.1,361.56,360.905,361.55,2820190.72197612
1783332000000,361.523,361.975,361.523,361.85,3050878.20461986
1783332900000,361.85,362.195,361.43,361.65,2935349.07992303
1783333800000,361.65,361.831,361.371,361.595,2187698.42053952
1783334700000,361.595,361.688,361.39,361.39,1201097.31929855
1783335600000,361.427,362.401,361.287,362.361,5831457.93420064
1783336500000,362.32,362.734,362.001,362.56,7560956.50361189
1783337400000,361.39,362.152,360.902,361.39,2995346.91114924
1783338300000,361.09,361.24,360.521,360.521,2668329.47411451
1783339200000,360.519,361.21,360.281,360.832,6214499.671806379
1783340100000,360.53,360.992,360.222,360.53,3855308.40179559
1783341000000,360.515,360.95,360.425,360.605,3316364.55225319
1783341900000,360.605,361.005,360.6,360.898,3097221.67408014
1783342800000,360.873,361.325,360.648,361.02,4706371.87292412
1783343700000,361.04,361.382,360.415,361.01,21507734.3445967
1783344600000,361.92,363.65,358.79,359.89,658996559.996165
1783345500000,359.9,360.465,357.44,357.76,362600890.9357456
1783346400000,357.82,359.79,357.395,359.655,314190587.362841
1783347300000,359.636,361.1,358.64,361.026,263782430.31173795
1783348200000,360.99,361.84,360.73,361.31,256399620.28904498
1783349100000,361.32,362.095,361.04,361.6,217883174.67792442
1783350000000,361.61,362.615,360.88,362.35,176456450.22572502
1783350900000,362.34,363.125,362.306,362.82,183233296.57329452
1783351800000,362.825,363.46,362.73,363.46,173703471.16868064
1783352700000,363.435,363.87,363.03,363.5,167477643.36104903
1783353600000,363.44,364.6,363.43,364.48,227769272.3391657
1783354500000,364.46,365.07,363.64,363.695,199133168.80271187
1783355400000,363.702,364.375,363.66,364.2,115960509.6095911
1783356300000,364.205,364.597,363.87,363.87,117533374.10458846
1783357200000,363.9,365.11,363.85,364.775,142193779.15975973
1783358100000,364.775,364.95,364.1,364.88,130990525.67042027
1783359000000,364.85,365.33,364.29,364.45,203497375.35717338
1783359900000,364.41,364.57,363.73,364.317,125414680.86333424
1783360800000,364.355,364.59,363.98,364.425,140902376.1956463
1783361700000,364.44,364.84,363.97,364.575,173288084.3930446
1783362600000,364.575,365.62,364.557,365.2,171133773.43671197
1783363500000,365.25,366.535,365.21,366.4,382888785.5725762
1783364400000,366.48,367.125,366.34,366.68,244314198.28249818
1783365300000,366.71,367.48,366.49,367.455,246064521.28542596
1783366200000,367.485,367.92,367.325,367.56,368834154.5925394
1783367100000,367.54,367.72,366.15,366.44,1030279833.1940165
1783368000000,366.453,366.648,366.117,366.191,2646464773.2099934
1783368900000,366.16,366.354,365.991,366.085,13145207.79911507
1783369800000,366.017,366.214,366.015,366.175,797632.43414967
1783370700000,365.99,366.24,365.82,365.96,80761043.28484055
1783371600000,366.049,366.254,365.92,366.175,1425594.25007237
1783372500000,366.175,366.4,366.175,366.356,4798986.67726936
1783373400000,366.356,366.489,366.32,366.375,2614432.24749483
1783374300000,366.372,366.372,366.05,366.107,1493712.91242269
1783375200000,366.106,366.325,366.105,366.313,17953356.19654071
1783376100000,366.311,366.413,366.275,366.4,1535376.8175621438
1783377000000,366.365,366.4,366.2,366.365,95526073.57837762
1783377900000,366.16,366.327,366.075,366.16,1333744.76911237
1783378800000,366.229,366.394,366.225,366.394,1096545.95406936
1783379700000,366.396,366.403,366.265,366.269,1134674.73415928
1783380600000,366.61,366.683,366.27,366.61,1569863.93313546
1783381500000,366.5,366.713,366.253,366.4,1666736.25594467
1783382400000,366.65,367.13,365.32,366.71,1057434.38
1783383300000,366.68,367.42,366.55,367.02,725590.28
1783384200000,367.07,367.2,366.4,366.5,1067508.35
1783385100000,366.6,366.7,366.35,366.54,484526.48
1783386000000,366.49,366.78,366.42,366.7,906162.31
1783386900000,366.69,366.77,366.16,366.29,501298.03
1783387800000,366.28,366.29,365.76,365.91,1008189.21
1783388700000,365.95,366.18,365.78,365.79,879805.85
1783389600000,365.78,366.06,365.77,365.99,392632.58
1783390500000,365.99,366.03,365.68,365.75,515821.51
1783391400000,365.75,365.84,365.6,365.8,247592.24
1783392300000,365.88,365.97,365.69,365.88,818790.99
1783393200000,365.88,366.23,365.82,366.15,746345.28
1783394100000,366.15,366.16,365.85,365.88,688494.77
1783395000000,365.8,365.89,365.15,365.15,1002433.38
1783395900000,365.06,365.25,364.35,365.21,2087025.37
1783396800000,365.25,365.25,364.74,365.01,1154491.76
1783397700000,364.92,365.03,364.35,364.54,1530697.15
1783398600000,364.57,364.62,364.21,364.26,555353.4
1783399500000,364.22,364.22,363.41,363.99,1295431.99
1783400400000,363.99,363.99,362.98,362.98,1241765.33
1783401300000,362.96,364.24,362.85,364.24,2111554.35
1783402200000,364.22,365.06,364.2,365.06,1225181.41
1783403100000,365.01,365.6,365.01,365.56,791094.15
1783404000000,365.5,365.63,365.04,365.16,1078959.05
1783404900000,365.27,365.52,365.22,365.4,529776.0
1783405800000,365.38,365.44,365.24,365.41,139931.4
1783406700000,365.48,365.62,365.39,365.59,391821.31
1783407600000,365.52,365.6,365.31,365.53,907058.03
1783408500000,365.47,365.71,365.34,365.46,1283058.79
1783409400000,365.6,365.67,365.51,365.66,123933.55
1783410300000,365.66,365.86,365.63,365.77,384766.16
1783411200000,366.45,367.479,365.4,367.479,28126692.46213437
1783412100000,367.63,368.68,367.481,367.67,4576502.59976174
1783413000000,369.13,369.25,368.541,369.15,4548823.22014056
1783413900000,368.82,368.86,368.38,368.83,1488089.91447955
1783414800000,368.83,368.955,368.17,368.845,2569782.43822542
1783415700000,368.845,369.318,368.545,369.117,3756031.99611775
1783416600000,368.755,370.14,368.755,370.01,5262136.71464109
1783417500000,370.24,370.383,369.543,369.76,4590496.64182536
1783418400000,369.542,369.542,368.866,368.866,3656864.75607786
1783419300000,368.859,368.859,368.51,368.51,2175739.4412047
1783420200000,368.51,368.67,368.193,368.535,2851558.05731962
1783421100000,368.535,368.614,368.461,368.463,1769582.94505964
1783422000000,368.462,369.0,368.462,368.736,4085454.96391006
1783422900000,368.49,368.737,368.052,368.39,6286063.61618706
1783423800000,368.1,368.1,367.531,367.576,7091394.815430408
1783424700000,367.36,367.75,366.89,366.89,7156924.57182769
1783425600000,367.069,367.504,366.853,367.242,8620414.63013843
1783426500000,367.242,367.274,366.82,367.06,2388217.53465145
1783427400000,367.06,367.614,367.003,367.107,3798264.35261122
1783428300000,367.28,367.46,366.985,367.28,3835675.50812831
1783429200000,368.34,368.752,367.377,368.5,9699210.59327958
1783430100000,368.76,369.248,367.809,368.05,24947940.38312772
1783431000000,369.07,372.015,366.66,371.565,857663216.0334207
1783431900000,371.55,373.15,370.24,371.19,473438700.0386257
1783432800000,371.24,372.155,370.5,371.92,368148452.4444519
1783433700000,371.9,372.29,370.26,370.99,334526272.71070373
1783434600000,370.9,371.02,368.9,369.285,326675107.20632595
1783435500000,369.34,369.52,367.405,367.66,302151350.71964693
1783436400000,367.678,368.24,367.285,367.954,151111375.8422907
1783437300000,367.8,369.255,367.64,369.255,189320155.65067384
1783438200000,369.225,369.57,368.36,368.89,195456346.92960155
1783439100000,368.87,369.36,368.73,369.15,266590839.61035544
1783440000000,369.33,369.33,368.01,368.38,165737688.3613269
1783440900000,368.45,369.15,368.375,368.52,123197357.31835501
1783441800000,368.59,369.7,368.526,369.64,334570577.0499222
1783442700000,369.6,370.25,369.39,369.68,145311937.89169574
1783443600000,369.69,369.78,369.49,369.78,128035080.20999172
1783444500000,369.735,370.385,369.31,369.956,107578356.9813252
1783445400000,369.895,369.99,369.495,369.67,119395961.69156936
1783446300000,369.75,370.126,369.409,370.1,96390332.19319151
1783447200000,370.23,370.61,369.481,369.485,202988325.47296426
1783448100000,369.49,369.94,369.13,369.43,210268512.93630394
1783449000000,369.49,369.555,368.64,369.386,164333886.77336484
1783449900000,369.375,369.75,368.576,368.615,169985771.7253462
1783450800000,368.84,368.96,368.19,368.8,224687635.9346127
1783451700000,368.78,368.936,368.03,368.04,175981858.66029322
1783452600000,368.07,368.17,365.51,365.81,314773282.6242794
1783453500000,365.72,368.12,365.72,366.985,859973539.7035333
1783454400000,366.43,366.965,366.07,366.6,1469646197.773149
1783455300000,366.375,366.53,366.3,366.375,8506869.39028088
1783456200000,366.655,366.655,366.33,366.655,2877738.77110769
1783457100000,366.385,366.615,366.104,366.6,4771639.284564326
1783458000000,366.619,366.721,366.575,366.58,1678117.63555832
1783458900000,366.58,366.58,366.201,366.38,1895114.53995089
1783459800000,366.38,366.38,365.945,365.95,1320616.2102264
1783460700000,365.95,366.095,365.72,365.725,6957665.03210445
1783461600000,365.728,366.48,365.728,366.48,1672283.42974239
1783462500000,366.48,366.48,365.934,365.934,4858225.08278563
1783463400000,365.933,366.8,365.925,366.484,940170.60827094
1783464300000,366.484,366.745,366.435,366.68,1654389.96519907
1783465200000,366.68,367.19,366.463,366.73,1521950.4753558023
1783466100000,366.72,367.569,366.609,367.365,1429159.29499619
1783467000000,367.365,367.574,367.12,367.151,1042268.9689042
1783467900000,367.175,367.345,366.706,367.0,2183086.44330351
1783468800000,366.998,367.64,366.26,367.31,587985.53
1783469700000,367.32,367.68,366.73,366.88,451784.35
1783470600000,366.74,367.03,366.68,366.92,288354.43
1783471500000,367.01,367.07,366.82,366.84,457547.36
1783472400000,366.95,367.01,366.63,367.01,388483.5
1783473300000,367.0,367.04,366.58,367.01,257489.17
1783474200000,366.95,366.95,366.44,366.72,362675.69
1783475100000,366.65,367.04,366.51,366.92,289795.1
1783476000000,366.92,367.04,366.59,367.02,937878.95
1783476900000,366.99,367.2,366.91,367.11,385754.75
1783477800000,367.18,367.28,367.03,367.28,74534.95
1783478700000,367.35,367.62,367.19,367.19,421055.65
1783479600000,367.58,367.67,367.31,367.34,111711.79
1783480500000,367.42,367.5,367.3,367.36,355680.83
1783481400000,367.37,367.41,367.11,367.12,368010.5
1783482300000,367.13,367.13,366.88,366.97,550540.05
1783483200000,367.01,367.16,366.86,366.9,232698.52
1783484100000,366.89,367.47,366.89,367.25,265529.91
1783485000000,367.24,367.29,367.0,367.18,448662.6
1783485900000,367.21,367.41,367.14,367.26,660329.23
1783486800000,367.31,367.4,367.1,367.26,270676.88
1783487700000,367.26,367.34,366.92,367.14,393525.42
1783488600000,367.02,367.08,366.86,366.86,475591.45
1783489500000,366.85,366.97,366.36,366.75,553171.99
1783490400000,366.75,367.0,366.7,366.98,175705.58
1783491300000,366.94,367.21,366.74,367.0,207743.24
1783492200000,367.12,367.18,366.83,367.08,520729.11
1783493100000,366.86,367.62,366.86,367.36,901497.69
1783494000000,367.45,367.75,367.23,367.71,716064.4
1783494900000,367.69,368.01,367.59,367.99,1216543.36
1783495800000,368.15,368.34,368.06,368.22,723114.17
1783496700000,368.34,368.35,368.08,368.2,541332.29
1783497600000,367.82,368.674,367.184,368.45,25162850.42399194
1783498500000,368.665,368.838,365.002,365.358,12897483.63460692
1783499400000,364.57,365.361,362.562,362.85,13847194.15181716
1783500300000,362.96,363.195,361.96,362.22,9644187.6962397
1783501200000,361.72,362.29,361.591,361.72,9770685.3717949
1783502100000,361.39,361.783,361.014,361.51,20977045.72228701
1783503000000,361.82,362.574,361.284,361.8,9319300.05527146
1783503900000,362.51,362.52,361.898,362.38,5023997.09896592
1783504800000,362.0,362.138,361.595,362.0,2714701.8570753
1783505700000,361.97,362.237,361.619,361.97,2558328.6936753
1783506600000,362.241,362.605,362.241,362.438,1656060.6035967
1783507500000,362.437,362.48,362.309,362.361,1824097.85205711
1783508400000,362.11,362.67,362.11,362.11,5424036.50025342
1783509300000,361.89,362.629,361.89,361.89,6001073.50111249
1783510200000,362.0,362.799,361.67,362.01,12582485.82895085
1783511100000,363.08,363.271,362.276,363.1,3729695.61395727
1783512000000,362.02,363.525,362.02,362.02,7891258.1811717
1783512900000,363.433,363.659,363.068,363.659,2447803.30623092
1783513800000,363.36,363.89,363.217,363.36,3742531.80255069
1783514700000,363.5,363.568,363.09,363.55,3105202.97115699
1783515600000,363.088,364.085,363.001,363.984,4156593.60560601
1783516500000,363.46,365.343,362.583,363.49,30955592.27043325
1783517400000,365.01,367.66,362.804,364.77,559841289.0548846
1783518300000,364.63,365.17,362.39,362.39,214718926.17706153
1783519200000,362.511,363.18,361.62,362.415,189276713.47517452
1783520100000,362.42,362.87,361.895,361.915,145861427.79363596
1783521000000,361.975,362.375,360.74,361.32,191945160.4288501
1783521900000,361.355,362.27,361.23,361.41,154675233.05182448
1783522800000,361.53,361.685,360.92,361.52,148311839.16369113
1783523700000,361.57,362.081,360.53,361.005,164761991.32234535
1783524600000,361.01,361.1,359.94,360.89,187956340.51927984
1783525500000,360.74,361.165,359.78,360.31,148642290.65578723
1783526400000,360.32,361.059,360.205,360.88,111893782.4640817
1783527300000,360.86,361.47,360.789,361.068,91667012.50454573
1783528200000,361.01,361.65,360.89,361.22,103528294.09127332
1783529100000,361.435,361.66,361.062,361.17,486052715.5578738
1783530000000,361.08,361.34,360.84,360.85,93266675.9803996
1783530900000,360.9,361.465,360.874,361.39,143047311.02472004
1783531800000,361.379,361.415,359.85,359.966,129208080.82605514
1783532700000,359.96,360.23,358.83,358.905,144375356.74548283
1783533600000,358.95,359.72,358.899,359.125,143832319.71860155
1783534500000,359.135,359.135,358.44,358.64,137708600.52375576
1783535400000,358.63,358.88,358.01,358.83,203020055.8853655
1783536300000,358.817,359.305,358.7,359.074,117513728.5787336
1783537200000,359.1,359.42,358.46,358.51,166379809.85191372
1783538100000,358.5,359.31,358.255,359.15,186527289.33957443
1783539000000,359.22,360.09,359.08,359.995,269746365.18502337
1783539900000,359.91,362.88,359.59,361.75,824029289.0799423
1783540800000,361.949,361.981,361.089,361.625,2247277826.532335
1783541700000,361.639,361.71,361.24,361.375,1967398.81740691
1783542600000,361.375,361.785,361.1,361.785,3531391.54570882
1783543500000,361.59,361.785,361.247,361.59,6094706.88821802
1783544400000,361.335,361.335,360.935,360.935,32026603.01082575
1783545300000,360.931,361.325,360.715,361.325,16574080.75838971
1783546200000,361.325,361.384,361.045,361.384,4082315.28331165
1783547100000,361.358,361.589,361.208,361.475,836640.44644614
1783548000000,361.475,361.5,361.225,361.287,1384961.89383377
1783548900000,361.289,361.59,361.289,361.505,2958978.2090636
1783549800000,361.505,361.505,361.405,361.475,408482.41871123
1783550700000,361.475,361.498,361.364,361.381,849418.96936689
1783551600000,361.381,361.6,361.38,361.48,635464.35847242
1783552500000,361.48,361.48,361.405,361.425,519743.21488365
1783553400000,361.425,361.859,361.38,361.747,3812282.8197228
1783554300000,361.88,361.91,361.601,361.91,1593487.58139186
1783555200000,361.57,361.97,361.57,361.89,361.776
1783556100000,361.88,361.88,360.35,360.95,464487.46
1783557000000,360.6,361.8,360.6,361.72,415888.5
1783557900000,361.71,362.6,361.71,362.02,1055747.25
1783558800000,362.01,362.27,362.01,362.06,490368.03
1783559700000,362.09,362.38,362.09,362.14,356825.89
1783560600000,362.15,362.35,361.98,362.12,287219.16
1783561500000,362.04,362.25,361.8,361.86,186415.26
1783562400000,361.88,362.08,361.66,362.08,472580.94
1783563300000,362.03,362.26,362.03,362.15,202815.88
1783564200000,362.11,362.19,361.86,361.86,222289.05
1783565100000,361.87,361.94,361.47,361.47,415564.22
1783566000000,361.44,361.62,361.37,361.59,289881.59
1783566900000,361.56,361.93,361.3,361.93,150402.4
1783567800000,362.0,362.22,361.93,362.11,285319.03
1783568700000,362.1,362.13,362.01,362.06,134694.98
1783569600000,362.07,362.13,361.9,361.95,145890.59
1783570500000,361.98,362.0,361.64,361.74,548258.01
1783571400000,361.74,362.32,361.7,362.29,219792.86
1783572300000,362.3,362.31,362.1,362.1,176392.96
1783573200000,362.19,362.51,361.98,362.41,322673.32
1783574100000,362.39,362.41,361.95,361.95,259612.38
1783575000000,361.91,362.31,361.88,362.31,236795.47
1783575900000,362.33,362.56,362.17,362.39,195671.03
1783576800000,362.58,362.6,362.31,362.48,295442.69
1783577700000,362.47,362.56,362.19,362.3,576127.85
1783578600000,362.22,362.44,361.92,362.35,1190497.37
1783579500000,362.35,362.46,362.15,362.19,303263.19
1783580400000,362.21,362.82,362.14,362.8,884298.79
1783581300000,362.81,362.91,362.66,362.67,564099.04
1783582200000,362.66,362.71,362.09,362.31,470394.62
1783583100000,362.39,362.4,361.89,362.07,291209.66
1783584000000,361.809,362.554,361.328,361.45,21026110.708934672
1783584900000,361.425,361.819,361.1,361.451,1665099.64397258
1783585800000,361.45,361.815,360.325,360.579,2967794.61440989
1783586700000,360.6,360.923,360.3,360.6,1463028.58707704
1783587600000,360.413,360.912,360.31,360.5,980143.29101439
1783588500000,360.5,360.614,360.325,360.44,569054.51490107
1783589400000,360.0,360.47,359.856,360.0,1973976.81743364
1783590300000,359.866,360.375,359.866,360.21,821442.06128551
1783591200000,360.17,360.21,359.966,360.17,1367359.49465769
1783592100000,360.052,360.366,360.025,360.034,788036.35982497
1783593000000,360.038,360.16,359.53,359.53,1725863.72293382
1783593900000,359.53,359.937,359.285,359.937,3293809.60753758
1783594800000,359.825,360.405,359.74,359.74,4715973.40537737
1783595700000,360.4,360.868,357.761,358.692,27356114.93038267
1783596600000,358.54,359.039,357.684,358.54,13273497.31442437
1783597500000,358.39,358.725,358.28,358.39,5304803.30618632
1783598400000,358.23,358.795,357.112,358.23,11334081.94317417
1783599300000,357.01,357.433,355.843,357.08,15693659.57331608
1783600200000,357.8,357.949,357.131,357.33,6775012.85851747
1783601100000,357.26,357.699,356.602,356.81,9252643.88650913
1783602000000,356.81,356.903,355.793,356.02,25552540.68169352
1783602900000,356.93,357.0,353.688,353.89,62145270.79681932
1783603800000,354.193,359.605,354.193,358.059,716811292.9849035
1783604700000,358.01,358.1,356.14,356.66,268326457.70974398
1783605600000,356.82,357.43,351.92,353.18,721012827.7168065
1783606500000,353.2,353.78,351.09,353.78,472341129.97810996
1783607400000,353.89,354.805,352.88,352.94,304112435.61627513
1783608300000,352.941,353.55,352.45,353.451,341318569.7188254
1783609200000,353.44,353.99,352.5,352.76,290982579.45808107
1783610100000,352.695,353.83,352.44,353.615,283976513.06073785
1783611000000,353.61,353.965,353.075,353.21,147455737.0688409
1783611900000,353.27,353.275,352.24,352.865,196228808.9564051
1783612800000,352.87,354.135,352.685,353.5,349601100.34544367
1783613700000,353.42,354.76,352.915,354.515,207539795.05215025
1783614600000,354.465,355.4,354.24,355.39,161391986.37145725
1783615500000,355.375,355.405,354.83,355.32,138114015.3184119
1783616400000,355.36,355.715,354.92,355.074,165334802.4525206
1783617300000,355.08,355.836,355.075,355.785,103254080.81323378
1783618200000,355.77,356.1,355.46,355.68,164870438.0732193
1783619100000,355.68,356.22,355.525,356.11,147760603.33762234
1783620000000,356.135,357.395,356.104,357.02,183124097.24822056
1783620900000,357.03,357.375,356.68,356.785,134928371.8881737
1783621800000,356.82,357.0,356.505,356.88,109783207.65342396
1783622700000,356.84,357.18,356.17,356.92,186414124.37299252
1783623600000,356.82,357.79,356.79,357.71,162586600.77383646
1783624500000,357.744,358.22,357.12,357.993,237000314.39320433
1783625400000,358.03,358.61,357.994,358.07,193429290.1424748
1783626300000,358.03,359.26,357.94,358.88,579515560.0570253
1783627200000,358.515,358.923,358.383,358.55,1632252123.962415
1783628100000,358.568,358.64,358.325,358.406,19685955.34977501
1783629000000,358.404,358.6,358.365,358.502,67846323.39368024
1783629900000,358.501,358.501,358.102,358.102,141284258.93980482
1783630800000,358.101,358.255,358.001,358.001,1871407.91431281
1783631700000,358.034,358.219,358.034,358.155,4337484.76441796
1783632600000,358.155,358.16,358.135,358.14,227219.43455498
1783633500000,358.14,358.434,358.14,358.25,10647794.25938034
1783634400000,358.25,358.365,358.14,358.192,1283461.70900469
1783635300000,358.191,358.191,357.584,357.695,2019349.60677003
1783636200000,357.695,357.749,357.382,357.395,1486570.47845333
1783637100000,357.395,357.423,357.207,357.423,2943664.3403721326
1783638000000,357.424,357.71,357.403,357.659,1085855.00247891
1783638900000,357.66,357.998,357.614,357.79,1704552.06275522
1783639800000,357.79,357.875,357.504,357.623,1138859.48393978
1783640700000,357.15,357.622,357.15,357.15,4687464.58707091
1783641600000,357.493,357.51,356.79,357.4,1166646.34
1783642500000,357.64,357.78,356.71,356.9,537255.93
1783643400000,356.96,357.25,356.81,356.99,156389.12
1783644300000,356.91,357.27,356.82,357.21,414884.43
1783645200000,357.11,357.39,357.11,357.29,217568.94
1783646100000,357.31,357.4,357.14,357.4,833459.77
1783647000000,357.38,357.69,357.38,357.63,857667.13
1783647900000,357.52,357.85,357.52,357.63,360933.45
1783648800000,357.68,357.98,357.54,357.78,259424.96
1783649700000,357.8,357.84,357.55,357.84,539063.49
1783650600000,357.85,358.11,357.79,357.97,421671.1
1783651500000,357.99,358.35,357.97,358.35,210195.47
1783652400000,358.51,358.53,358.2,358.32,287437.97
1783653300000,358.3,358.3,357.79,357.92,484002.51
1783654200000,357.91,358.12,357.8,357.84,241635.28
1783655100000,357.8,357.96,357.73,357.85,154228.09
1783656000000,357.96,358.21,357.87,358.15,245623.52
1783656900000,358.14,358.17,357.38,357.6,705147.14
1783657800000,357.6,357.61,357.35,357.55,211276.28
1783658700000,357.45,357.51,357.0,357.07,334772.99
1783659600000,357.09,357.23,357.0,357.2,125356.82
1783660500000,357.19,357.39,357.1,357.36,222219.97
1783661400000,357.34,357.4,357.25,357.38,154012.76
1783662300000,357.47,357.56,356.88,356.88,327648.35
1783663200000,356.93,357.1,356.42,356.58,1267276.37
1783664100000,356.58,356.72,356.38,356.72,694132.55
1783665000000,356.72,357.01,356.71,356.8,351482.24
1783665900000,356.88,357.01,356.84,356.84,298070.76
1783666800000,356.81,356.82,356.49,356.61,313829.91
1783667700000,356.52,357.32,356.5,357.21,948886.67
1783668600000,357.22,357.23,356.98,357.02,315647.73
1783669500000,357.02,357.02,356.38,356.39,248217.33
1783670400000,357.251,357.635,356.547,357.45,14309742.27634865
1783671300000,357.451,357.465,357.181,357.239,534095.61359914
1783672200000,357.14,357.34,356.867,357.14,1507260.38284713
1783673100000,357.347,358.214,357.347,358.051,1496120.18877039
1783674000000,358.05,358.513,357.893,358.495,1795649.67150166
1783674900000,358.483,358.96,358.396,358.711,2234294.83627102
1783675800000,358.71,358.71,358.31,358.31,992182.74441115
1783676700000,358.31,358.57,358.26,358.57,726391.44248109
1783677600000,358.57,358.935,358.53,358.86,1583686.50098664
1783678500000,359.45,360.739,358.86,359.45,5667532.36833745
1783679400000,360.74,360.775,359.722,359.867,4329530.690581746
1783680300000,359.869,359.895,359.29,359.29,1314137.49495656
1783681200000,359.25,359.399,358.275,358.31,9602755.48341224
1783682100000,358.49,358.736,358.16,358.49,10550782.67470186
1783683000000,358.11,358.44,357.585,358.09,10454950.12675973
1783683900000,357.755,357.99,356.988,357.193,11518420.115609378
1783684800000,357.98,357.99,357.176,357.98,15063483.49866216
1783685700000,357.66,357.87,356.422,356.79,12605890.12956579
1783686600000,355.58,356.67,355.28,356.62,18911779.82178017
1783687500000,357.21,357.54,356.463,357.3,7752107.24076333
1783688400000,357.314,357.754,357.259,357.754,8074217.479975917
1783689300000,357.7,357.874,356.685,357.02,36392121.29143692
1783690200000,357.81,357.81,354.55,356.12,581558642.5756999
1783691100000,356.13,357.045,355.5,356.54,292679979.0617909
1783692000000,356.57,357.11,354.32,354.97,287741226.0961614
1783692900000,354.97,355.73,354.5,355.451,292482397.4354662
1783693800000,355.35,355.47,353.4,354.3,244920894.61096066
1783694700000,354.265,354.289,352.99,353.115,170217053.57603502
1783695600000,353.12,354.0,352.79,353.725,189749058.07750997
1783696500000,353.725,354.381,353.706,354.18,137465020.33280566
1783697400000,354.28,354.53,353.76,353.985,143790220.9830801
1783698300000,353.96,355.095,353.48,354.62,187015269.65587714
1783699200000,354.68,355.03,354.18,354.89,120315574.54376866
1783700100000,354.88,355.13,354.8,354.875,102962257.39120658
1783701000000,354.92,356.0,354.904,355.86,121064812.31357625
1783701900000,355.9,355.934,355.235,355.355,106086703.03330733
1783702800000,355.31,355.378,354.715,354.79,87736919.35036498
1783703700000,354.875,355.04,354.4,354.46,85209863.76210502
1783704600000,354.41,354.445,353.84,353.92,132956684.30257092
1783705500000,353.9,355.085,353.9,354.99,163046304.6596213
1783706400000,355.0,355.6,354.72,355.475,156126601.53347468
1783707300000,355.54,355.9,355.31,355.835,102306512.7249921
1783708200000,355.825,355.93,355.39,355.89,100758593.35372327
1783709100000,355.87,355.95,355.25,355.51,164874397.14529756
1783710000000,355.52,356.12,355.495,355.97,125469786.99981698
1783710900000,355.965,356.74,355.948,356.54,235958946.54184735
1783711800000,356.52,356.91,356.35,356.81,170252340.25344914
1783712700000,356.79,357.62,356.65,357.18,533047094.2769217
1783713600000,357.26,357.36,356.927,357.28,1255245214.8226464
1783714500000,357.25,357.341,356.977,357.25,37381810.34595157
1783715400000,357.12,357.173,357.02,357.173,4862832.88767215
1783716300000,357.174,357.19,357.098,357.114,47148500.00559802
1783717200000,357.108,357.197,357.055,357.115,615288.35475036
1783718100000,357.113,357.115,357.055,357.1,3047589.46867333
1783719000000,357.1,357.115,357.015,357.09,9989398.610631043
1783719900000,357.04,357.13,357.004,357.04,885482.31773092
1783720800000,357.092,357.11,357.041,357.091,373746.68064985
1783721700000,357.17,357.17,356.9,356.9,882634.13123776
1783722600000,356.95,356.95,356.775,356.781,680484.6377337
1783723500000,356.779,356.9,356.775,356.9,498928.08679054
1783724400000,356.9,357.08,356.9,357.08,1130390.67928882
1783725300000,357.08,357.09,357.025,357.09,856520.82068306
1783726200000,357.09,357.09,356.751,356.825,1303484.20455535
1783727100000,356.825,357.11,356.825,357.01,2547655.0338799013
1783728000000,357.01,357.01,357.01,357.01,0.0
1783735200000,357.21,357.21,357.21,357.21,37.364166
1783737900000,357.21,357.25,357.21,357.25,393.670404
1783774800000,356.85,356.85,356.62,356.62,519.019149
1783780200000,356.92,356.92,356.92,356.92,29.98128
1783785600000,356.92,356.92,356.92,356.92,22.378884
1783786500000,356.92,356.92,356.92,356.92,34.300012
1783787400000,356.92,356.92,356.92,356.92,13.705728
1783800000000,356.92,356.92,356.92,356.92,29.98128
1783804500000,356.62,356.62,356.38,356.38,1016.104378
1783805400000,356.28,356.28,356.15,356.15,802.946777
1783806300000,356.34,356.4,356.34,356.4,242.288286
1783807200000,356.4,356.69,356.4,356.69,1274.442313
1783808100000,356.74,357.25,356.74,357.25,1013.795773
1783818900000,357.23,357.38,357.16,357.27,4208.051603
1783826100000,357.27,357.27,357.27,357.27,10.968189
1783829700000,357.27,357.29,357.27,357.29,78.171866
1783832400000,357.29,357.41,357.29,357.41,1188.123379
1783837800000,356.91,357.34,356.91,357.34,463.664342
1783853100000,357.23,357.23,357.23,357.23,19.969157
1783861200000,356.9,356.9,356.9,356.9,20.3433
1783866600000,357.19,357.19,357.19,357.19,29.968241
1783876500000,357.19,357.2,357.19,357.2,109.980894
1783898100000,356.83,356.83,356.45,356.45,1455.194921
1783900800000,356.73,357.14,356.01,356.85,1250645.14
1783901700000,356.89,357.05,356.55,356.71,813931.17
1783902600000,356.72,356.76,356.26,356.59,401076.87
1783903500000,356.58,356.62,355.81,355.88,691683.08
1783904400000,355.77,355.85,355.3,355.62,589525.98
1783905300000,355.71,355.79,355.31,355.61,458260.17
1783906200000,355.67,356.15,355.56,355.76,465890.54
1783907100000,355.86,355.91,355.36,355.58,823587.03
1783908000000,355.78,355.94,355.41,355.86,367134.4
1783908900000,355.87,355.98,355.57,355.81,315178.36
1783909800000,355.76,355.76,355.24,355.31,806779.66
1783910700000,355.4,355.42,355.18,355.19,290989.91
1783911600000,355.17,355.36,354.77,355.36,800160.04
1783912500000,355.3,355.35,354.91,355.31,639232.05
1783913400000,355.26,355.72,355.24,355.45,420936.51
1783914300000,355.46,355.59,355.32,355.32,136487.82
1783915200000,355.39,355.53,355.08,355.25,398965.07
1783916100000,355.12,355.26,354.9,355.06,605335.27
1783917000000,355.01,355.13,354.71,354.81,786126.57
1783917900000,354.83,355.02,354.83,354.99,313067.09
1783918800000,354.84,355.36,354.84,355.15,681386.74
1783919700000,355.21,355.21,354.54,354.54,239886.7
1783920600000,354.58,355.01,354.37,354.89,308968.7
1783921500000,354.9,355.33,354.72,355.29,655038.18
1783922400000,355.31,355.41,354.88,355.03,323233.88
1783923300000,355.0,355.81,355.0,355.72,938702.99
1783924200000,355.72,355.82,355.39,355.71,567921.43
1783925100000,355.59,355.88,355.53,355.71,573043.18
1783926000000,355.77,356.15,355.38,356.14,772713.56
1783926900000,356.15,356.28,355.86,356.12,419879.19
1783927800000,356.07,356.2,355.72,355.99,564525.17
1783928700000,356.03,356.28,356.01,356.12,865563.76
1783929600000,356.27,357.81,355.57,356.27,16545893.84942538
1783930500000,357.95,357.95,357.31,357.94,4334729.19037269
1783931400000,357.26,357.474,357.089,357.26,1407845.67064625
1783932300000,357.071,357.199,356.845,357.175,962124.8427948
1783933200000,357.175,357.254,357.096,357.14,1721770.44908313
1783934100000,357.05,357.409,356.89,357.09,1728499.65590587
1783935000000,357.364,357.867,357.27,357.458,2334987.27477961
1783935900000,357.49,357.685,357.346,357.49,1123270.45516731
1783936800000,357.685,357.829,357.631,357.655,2809321.84746099
1783937700000,357.653,357.733,357.259,357.5,627124.77529647
1783938600000,357.508,357.544,357.25,357.37,640937.15435092
1783939500000,357.17,357.435,357.087,357.21,1035441.81177268
1783940400000,357.04,357.131,355.955,357.04,3965263.30062309
1783941300000,356.096,356.2,355.759,355.981,3871820.85110935
1783942200000,355.985,356.373,355.83,356.112,2630461.60557475
1783943100000,356.114,356.125,355.677,355.816,1413103.99789804
1783944000000,355.67,356.031,355.451,355.7,2857510.75208792
1783944900000,355.37,355.96,355.275,355.85,4757056.87890303
1783945800000,355.4,355.81,355.277,355.32,2741035.68153078
1783946700000,355.51,356.133,355.353,355.51,4235407.45775648
1783947600000,355.89,356.266,355.819,355.99,1564523.46786659
1783948500000,356.13,356.293,355.3,356.01,7717290.13040964
1783949400000,356.08,357.32,354.26,357.255,447923051.3454587
1783950300000,357.39,358.03,354.51,357.0,314392928.7539925
1783951200000,357.02,357.04,354.975,355.85,154968736.56191126
1783952100000,355.765,355.819,354.17,355.5,165203348.20361203
1783953000000,355.52,355.56,354.36,354.77,136336008.7789315
1783953900000,354.74,355.85,354.54,355.59,144695488.42188627
1783954800000,355.66,356.6,355.38,355.5,157823345.43230456
1783955700000,355.48,355.64,354.89,355.395,106033089.42431843
1783956600000,355.41,355.688,354.894,355.06,82559786.82143123
1783957500000,355.05,355.7,355.0,355.58,106333111.04453985
1783958400000,355.72,356.015,355.49,355.989,86711469.32444742
1783959300000,356.05,356.34,355.87,356.34,100687349.33327577
1783960200000,356.2,356.625,355.77,356.59,119677250.2745546
1783961100000,356.62,356.9,355.02,355.65,129701621.75796068
1783962000000,355.55,356.26,355.43,356.14,86754623.67223334
1783962900000,355.98,356.705,355.81,355.985,92848116.2388351
1783963800000,356.01,356.08,355.0,355.77,174566482.53487533
1783964700000,355.86,355.895,355.183,355.22,109914557.3782489
1783965600000,355.23,356.1,354.99,355.95,98481507.29819866
1783966500000,355.969,356.042,355.505,355.689,108154507.21913387
1783967400000,355.63,355.81,355.26,355.37,133559762.07255413
1783968300000,355.375,355.43,354.81,354.855,97451596.99435227
1783969200000,354.9,355.53,354.61,354.865,128600275.03346507
1783970100000,354.88,354.965,353.8,354.125,168186114.41773087
1783971000000,354.11,354.135,352.59,352.86,208130448.27791265
1783971900000,352.86,353.16,351.86,352.55,695379615.5236665
1783972800000,352.48,352.71,352.251,352.56,1284037553.7885911
1783973700000,352.318,352.318,352.001,352.188,13621436.16177197
1783974600000,352.49,352.599,351.931,352.49,3343072.4020119
1783975500000,352.529,352.622,352.4,352.4,5427513.33832132
1783976400000,352.409,352.623,352.055,352.208,1104947.73813105
1783977300000,352.225,352.325,352.002,352.275,3119876.81093419
1783978200000,352.275,352.35,352.275,352.325,497382.95186762
1783979100000,352.325,352.455,352.285,352.396,2620120.66211084
1783980000000,352.397,352.625,352.397,352.525,633033.47871887
1783980900000,352.522,352.603,352.37,352.603,2568639.85218691
1783981800000,352.604,352.71,352.577,352.71,3869843.60421837
1783982700000,352.49,352.785,352.386,352.49,712972.69010821
1783983600000,352.3,352.489,352.225,352.3,2841192.59515996
1783984500000,352.59,352.59,352.23,352.59,4493835.37924181
1783985400000,352.665,352.665,352.02,352.665,5953215.68015829
1783986300000,353.03,353.03,351.823,353.03,2601373.37799868
1783987200000,353.01,353.2,352.17,353.2,839419.49
1783988100000,353.08,353.08,352.29,352.4,411879.26
1783989000000,352.59,352.78,352.43,352.43,343059.62
1783989900000,352.59,353.06,352.59,353.02,561202.05
1783990800000,353.02,353.02,352.68,352.68,546951.61
1783991700000,352.83,352.9,352.66,352.67,249417.72
1783992600000,352.67,352.69,352.16,352.68,433919.13
1783993500000,352.57,352.7,352.2,352.26,317587.83
1783994400000,352.41,352.72,352.35,352.4,300312.06
1783995300000,352.41,352.47,352.13,352.26,342782.48
1783996200000,352.27,352.28,351.86,351.9,703314.51
1783997100000,352.08,352.14,351.89,351.92,403341.71
1783998000000,351.92,351.92,351.6,351.72,710607.63
1783998900000,351.72,351.74,351.2,351.51,862911.4
1783999800000,351.55,351.8,351.19,351.4,562010.17
1784000700000,351.4,351.7,351.31,351.62,230974.22
1784001600000,351.67,352.1,351.56,352.1,894179.21
1784002500000,352.12,352.29,351.96,352.22,239446.56
1784003400000,352.21,352.66,352.09,352.64,176194.38
1784004300000,352.63,352.73,352.49,352.66,341687.03
1784005200000,352.61,352.68,352.38,352.5,415625.11
1784006100000,352.5,352.9,352.35,352.82,536941.54
1784007000000,352.9,353.16,352.8,353.09,543519.81
1784007900000,353.07,353.07,352.87,353.0,138376.64
1784008800000,353.02,353.1,352.91,352.98,353715.3
1784009700000,353.04,353.2,352.75,352.76,444011.43
1784010600000,352.84,353.37,352.84,352.9,2070046.16
1784011500000,352.94,353.03,352.52,352.66,1292914.22
1784012400000,352.52,352.52,352.26,352.32,795998.66
1784013300000,352.3,352.31,351.85,351.85,581214.09
1784014200000,351.85,351.87,351.2,351.36,1179869.67
1784015100000,351.25,351.86,351.1,351.62,736545.98
1784016000000,350.87,352.851,350.65,350.87,19297428.203359
1784016900000,350.833,351.268,350.833,351.155,1098131.27679065
1784017800000,351.09,351.17,350.54,351.09,1062971.19728645
1784018700000,350.74,350.862,350.525,350.74,979466.98688781
1784019600000,351.07,351.07,350.545,351.07,1789267.84326065
1784020500000,351.004,351.094,350.91,350.955,826299.69924752
1784021400000,350.96,351.16,350.95,350.96,718790.25741107
1784022300000,351.153,351.202,350.96,350.975,552208.35104265
1784023200000,350.94,351.082,350.94,351.08,615303.42566956
1784024100000,350.76,351.025,350.545,350.76,2669905.30234611
1784025000000,350.582,350.965,350.435,350.77,973868.45552917
1784025900000,350.77,350.945,350.601,350.945,662328.7789308
1784026800000,350.53,351.065,350.386,350.71,8370517.21075556
1784027700000,351.04,351.244,350.657,350.7,5676128.34855619
1784028600000,350.91,351.05,350.35,350.41,5693047.52887865
1784029500000,350.52,350.68,350.462,350.49,3921411.15287388
1784030400000,350.05,350.6,349.99,349.99,6301339.98605819
1784031300000,350.4,351.05,350.037,350.99,11645927.07541885
1784032200000,352.4,353.337,350.603,352.36,16898173.66781582
1784033100000,351.847,351.86,350.802,350.905,7300229.56897482
1784034000000,351.13,351.269,350.504,350.58,6868799.63890225
1784034900000,350.28,351.738,349.59,351.11,26288704.92094301
1784035800000,351.195,354.28,351.013,353.9,417397926.0452566
1784036700000,353.855,354.93,352.64,354.03,219163225.42928746
1784037600000,354.2,354.81,353.36,354.81,188041680.05655548
1784038500000,354.9,356.59,353.975,356.08,223536849.78752273
1784039400000,356.11,357.6,356.0,356.92,274233932.34821874
1784040300000,356.92,357.375,356.44,357.235,113536782.48123755
1784041200000,357.37,358.38,357.315,358.285,178749723.79591534
1784042100000,358.205,358.46,357.6,358.14,152177299.34997228
1784043000000,358.31,358.64,355.77,356.4,184492823.70327902
1784043900000,356.38,356.75,356.01,356.14,111455328.82052705
1784044800000,356.21,356.22,355.275,356.09,123612367.23745675
1784045700000,356.06,356.111,355.36,355.68,86404374.44467925
1784046600000,355.68,356.21,354.7,356.1,92493092.38133018
1784047500000,356.24,356.44,355.88,356.34,28585259.72657845
1784048400000,356.31,357.41,356.29,357.295,114878943.61669502
1784049300000,357.44,358.71,357.0,358.595,124036395.55671863
1784050200000,358.605,359.21,358.12,358.415,149197351.9368069
1784051100000,358.4,358.625,357.84,358.0,156834621.63114426
1784052000000,358.01,358.125,357.38,357.595,132399973.56972592
1784052900000,357.6,358.41,357.49,357.91,112371243.61770165
1784053800000,357.85,358.18,357.43,357.92,122665959.50225386
1784054700000,357.895,358.8,357.86,358.62,109506735.75290376
1784055600000,358.84,359.89,358.653,359.54,193288120.42168024
1784056500000,359.565,360.03,359.21,359.94,154733387.4013993
1784057400000,359.945,360.06,359.39,359.405,226875345.5583631
1784058300000,359.57,360.14,359.08,359.56,586817552.1757947
1784059200000,359.655,359.764,358.689,359.135,1718786889.4478664
1784060100000,358.834,359.013,358.64,358.745,8519296.70709953
1784061000000,358.768,359.124,358.595,358.94,2450850.73598391
1784061900000,359.03,359.125,358.9,359.03,3200415.82483512
1784062800000,359.13,359.305,359.045,359.13,1394572.29694174
1784063700000,359.2,359.2,359.075,359.1,1450662.19511123
1784064600000,359.1,359.195,359.096,359.165,2325989.88155345
1784065500000,359.165,359.225,359.1,359.2,5322003.12405002
1784066400000,359.2,359.274,358.726,358.745,994580.79709092
1784067300000,358.745,358.816,358.705,358.745,1293440.05965098
1784068200000,358.745,358.853,358.745,358.75,627370.18411535
1784069100000,358.75,358.8,358.636,358.67,540712.02052193
1784070000000,358.67,358.67,358.24,358.47,1336494.91734069
1784070900000,358.47,359.092,358.36,358.89,1291474.11226298
1784071800000,358.892,358.975,358.789,358.795,1083359.19466333
1784072700000,359.17,359.205,358.781,359.17,1725221.22884602
1784073600000,359.14,359.51,358.86,359.3,538817.99
1784074500000,359.36,359.36,359.01,359.17,185333.54
1784075400000,359.16,359.32,358.96,358.99,755599.59
1784076300000,359.0,359.16,358.99,358.99,549316.25
1784077200000,358.98,359.3,358.79,359.29,589176.81
1784078100000,359.26,359.46,359.23,359.45,456019.21
1784079000000,359.45,359.66,359.42,359.54,684950.03
1784079900000,359.57,360.1,359.57,360.1,453788.77
1784080800000,360.1,360.1,359.85,359.97,714196.15
1784081700000,359.96,360.09,359.88,360.04,395273.85
1784082600000,360.08,360.55,360.03,360.48,1029074.08
1784083500000,360.46,360.51,360.31,360.31,223101.99
1784084400000,360.28,360.41,360.07,360.3,378616.01
1784085300000,360.36,360.57,360.34,360.52,160422.71
1784086200000,360.57,360.71,360.26,360.26,266058.96
1784087100000,360.27,360.3,360.09,360.09,163887.02
1784088000000,360.06,360.11,359.86,360.08,381588.09
1784088900000,360.09,360.13,360.06,360.12,253151.9
1784089800000,360.13,360.17,360.08,360.11,238047.95
1784090700000,360.18,360.35,360.1,360.35,126784.53
1784091600000,360.44,360.55,359.78,359.78,723824.94
1784092500000,359.91,360.24,359.91,360.06,387084.25
1784093400000,360.22,360.36,360.08,360.08,220114.75
1784094300000,360.08,360.27,360.08,360.23,376442.27
1784095200000,360.26,360.46,360.24,360.43,365035.33
1784096100000,360.4,360.4,359.86,360.03,1103826.66
1784097000000,360.16,360.21,359.99,360.12,188682.65
1784097900000,360.1,360.17,359.9,359.9,339110.63
1784098800000,359.91,360.0,359.66,359.86,918615.08
1784099700000,359.86,359.86,358.81,359.02,1775512.93
1784100600000,359.01,359.01,358.8,358.81,600821.14
1784101500000,358.82,359.4,358.79,359.19,333983.62
1784102400000,359.006,360.165,359.006,359.105,24525605.91700737
1784103300000,358.58,359.105,358.5,358.58,1855575.94238387
1784104200000,358.5,358.883,358.5,358.618,1126257.78891569
1784105100000,358.617,358.813,358.495,358.495,591496.01296159
1784106000000,358.495,358.495,358.406,358.46,859936.36598209
1784106900000,358.67,358.715,358.445,358.63,1047644.06620466
1784107800000,358.44,358.45,358.305,358.417,1249090.08966528
1784108700000,358.418,358.419,357.9,358.021,2101510.34482614
1784109600000,358.02,358.23,358.02,358.12,866828.53005106
1784110500000,358.04,358.229,357.73,358.18,2691401.16808538
1784111400000,357.869,357.96,357.815,357.815,930369.14939966
1784112300000,357.815,357.985,357.815,357.91,914335.70466275
1784113200000,357.73,358.03,357.231,357.56,8492356.25485859
1784114100000,357.55,357.774,357.306,357.7,10159915.42894711
1784115000000,357.32,357.664,357.32,357.32,4180466.35021052
1784115900000,356.91,357.462,356.91,357.1,4374182.22789545
1784116800000,357.303,357.358,357.091,357.325,41506561.79523015
1784117700000,357.27,357.34,356.853,356.98,5400216.49458426
1784118600000,358.08,358.225,356.994,358.0,7108852.60505681
1784119500000,357.91,358.6,357.879,358.36,8972499.57052674
1784120400000,358.23,358.608,358.2,358.505,5327086.28090845
1784121300000,357.71,358.565,357.576,357.71,139485832.36933
1784122200000,357.885,364.47,357.75,364.0,514651494.0703956
1784123100000,364.11,364.44,362.51,363.86,310148657.0897469
1784124000000,363.79,366.09,363.753,365.24,425076258.6945589
1784124900000,365.399,366.785,364.625,366.409,468561452.32246566
1784125800000,366.415,369.135,366.295,367.206,615310063.499274
1784126700000,366.97,367.825,366.76,366.925,319347821.42898196
1784127600000,366.98,369.71,366.825,369.485,449573226.72081876
1784128500000,369.42,371.025,368.85,370.84,392180932.2952355
1784129400000,371.01,372.185,370.695,371.34,343183036.0303968
1784130300000,371.29,372.38,370.42,371.74,338937367.9725715
1784131200000,371.63,373.11,371.225,372.5,302428886.2814705
1784132100000,372.49,373.66,372.29,372.71,297540554.26823455
1784133000000,372.785,373.115,372.04,372.385,260486446.46690094
1784133900000,372.449,372.695,371.295,372.294,236687479.92795688
1784134800000,372.43,372.75,371.5,371.5,169992854.98937
1784135700000,371.495,371.63,370.375,370.99,181283289.02652887
1784136600000,370.955,371.012,369.89,370.77,180073203.10045522
1784137500000,370.7,372.1,370.49,372.02,161046369.62043363
1784138400000,372.049,372.255,371.5,372.139,475807353.3296422
1784139300000,372.195,373.3,372.1,372.125,162736487.10202208
1784140200000,372.15,372.47,371.87,371.87,119810164.04118855
1784141100000,371.82,371.88,370.28,370.28,189569489.41606063
1784142000000,370.17,370.84,369.92,370.235,174935422.29777882
1784142900000,370.219,370.86,370.03,370.365,279814221.2595754
1784143800000,370.385,371.325,369.71,370.98,293027570.7739061
1784144700000,371.02,371.32,369.21,370.97,860297402.2625595
1784145600000,371.01,371.279,370.195,371.01,2043225978.8657088
1784146500000,370.4,370.558,370.25,370.335,3790912.78510959
1784147400000,370.22,370.534,370.202,370.22,1845176.19724737
1784148300000,370.32,370.4,369.679,370.39,3021543.33343473
1784149200000,370.2,370.32,370.109,370.3,13663675.91871237
1784150100000,370.285,370.345,370.233,370.33,21803003.67718539
1784151000000,370.33,370.33,370.216,370.3,3271770.295034584
1784151900000,370.3,370.806,370.3,370.719,5068307.77449321
1784152800000,371.48,371.6,370.731,371.48,7380765.21378411
1784153700000,371.51,371.698,371.455,371.51,3332975.75238903
1784154600000,371.505,371.629,371.416,371.565,4356291.5538122
1784155500000,371.563,372.301,371.557,372.1,13025095.028051604
1784156400000,372.1,372.357,372.025,372.18,2728961.04140373
1784157300000,371.92,372.18,371.899,371.92,1715047.30707433
1784158200000,372.05,372.135,371.904,372.05,2429370.79314448
1784159100000,372.129,372.196,371.935,372.043,1957306.2260783
1784160000000,372.09,372.43,371.83,372.25,923897.6
1784160900000,372.03,372.04,371.59,371.8,436533.82
1784161800000,371.74,371.95,371.52,371.88,910701.0
1784162700000,371.88,371.95,371.67,371.72,668171.9
1784163600000,371.68,371.91,371.47,371.6,768813.8
1784164500000,371.5,371.58,371.0,371.22,998224.31
1784165400000,371.32,371.61,371.22,371.39,644944.0
1784166300000,371.31,371.62,371.22,371.31,512893.35
1784167200000,371.29,371.29,371.0,371.07,396319.78
1784168100000,371.1,371.6,371.1,371.55,400699.84
1784169000000,371.6,371.71,371.54,371.71,308059.58
1784169900000,371.71,372.11,371.71,372.11,447862.17
1784170800000,372.06,372.26,371.97,372.22,359492.86
1784171700000,372.22,372.23,371.85,372.08,976000.77
1784172600000,372.08,372.26,372.02,372.22,614803.18
1784173500000,372.25,372.44,372.16,372.44,435962.04
1784174400000,372.44,372.93,372.44,372.92,995070.25
1784175300000,372.94,372.94,372.53,372.67,528201.68
1784176200000,372.68,372.88,372.66,372.85,505089.5
1784177100000,372.84,373.28,372.84,373.13,797968.63
1784178000000,373.19,373.26,373.07,373.16,479147.73
1784178900000,373.16,374.0,373.07,373.57,4040559.62
1784179800000,373.53,373.64,372.93,373.26,494568.17
1784180700000,373.22,373.93,373.22,373.79,2731080.68
1784181600000,373.79,373.86,373.16,373.79,2187563.3
1784182500000,373.79,373.79,373.12,373.2,785640.66
1784183400000,373.22,373.7,373.07,373.47,1124500.33
1784184300000,373.5,373.51,373.33,373.37,1249834.35
1784185200000,373.36,373.4,372.77,372.77,2090157.82
1784186100000,372.77,372.77,372.39,372.45,630731.32
1784187000000,372.55,372.67,372.28,372.5,942286.76
1784187900000,372.48,372.55,372.16,372.37,783362.76
1784188800000,374.27,375.711,372.085,374.27,48892331.24962281
1784189700000,376.17,378.248,375.4,377.61,19217258.95952849
1784190600000,377.39,378.146,376.766,378.09,11392995.75085772
1784191500000,378.155,379.25,377.947,378.141,24339233.668859832
1784192400000,377.21,378.115,377.19,377.38,12941046.06892886
1784193300000,377.32,379.37,377.22,377.63,10162141.62805581
1784194200000,378.601,379.11,378.185,378.691,9191678.74535239
1784195100000,378.24,378.695,377.723,378.24,8297481.00012148
1784196000000,377.9,378.034,377.333,377.574,4473661.56442118
1784196900000,377.43,378.139,377.34,378.08,5490185.74146622
1784197800000,377.85,377.871,377.56,377.56,5207588.56710291
1784198700000,377.25,377.965,377.215,377.25,6347180.33450339
1784199600000,377.25,378.249,377.212,377.33,15187196.872347247
1784200500000,377.14,377.323,375.447,377.01,18383191.86570182
1784201400000,375.11,375.641,374.684,374.79,12717985.25236577
1784202300000,375.19,375.236,374.402,374.85,15245537.9576202
1784203200000,374.515,375.198,373.96,374.07,10635903.63433522
1784204100000,374.079,374.11,373.4,373.444,14322297.447920756
1784205000000,373.79,373.79,372.405,372.56,29699812.58920206
1784205900000,372.88,373.058,372.497,373.03,15692197.72205516
1784206800000,373.15,373.15,372.792,372.89,15920499.36940225
1784207700000,372.92,373.606,372.421,372.995,27725524.64371036
1784208600000,373.325,375.18,369.21,369.765,837381561.7827156
1784209500000,369.685,371.59,369.64,370.725,345902959.3796331
1784210400000,370.76,370.955,369.325,370.27,349472120.747624
1784211300000,370.3,372.655,370.27,372.585,294319289.82673174
1784212200000,372.483,374.29,372.483,373.05,603141834.9084219
1784213100000,373.07,373.205,371.275,372.525,347470103.00076777
1784214000000,372.62,372.94,371.18,371.505,203221166.88521415
1784214900000,371.59,372.29,371.43,371.52,325031413.97866666
1784215800000,371.55,372.16,371.0,371.66,199493212.40768915
1784216700000,371.662,372.845,371.26,371.29,236386858.3969173
1784217600000,371.34,371.39,370.0,371.19,268457330.67927086
1784218500000,371.24,371.79,370.45,371.59,239707032.3849604
1784219400000,371.55,371.875,371.17,371.315,130180384.05103846
1784220300000,371.39,372.31,371.263,371.79,159101220.1384339
1784221200000,371.765,371.85,370.91,371.035,195964064.2427269
1784222100000,371.025,371.86,371.01,371.775,153009449.54989147
1784223000000,371.81,372.12,371.15,371.625,160309010.9386074
1784223900000,371.64,372.09,371.5,371.52,155996985.4446091
1784224800000,371.54,371.553,360.93,363.78,1107036333.4049044
1784225700000,363.818,365.5,359.09,361.08,1496687500.1424088
1784226600000,361.17,361.875,358.17,359.03,667166259.7753614
1784227500000,359.08,360.41,356.38,356.59,490082848.1874928
1784228400000,356.54,357.16,353.735,354.16,840483843.4804282
1784229300000,354.16,354.97,352.375,354.4,616822634.9354484
1784230200000,354.485,355.32,353.2,353.28,863466473.0297437
1784231100000,353.13,354.79,353.0,354.32,1211814530.8770874
1784232000000,355.85,355.85,354.411,355.83,2566400915.7506666
1784232900000,355.22,356.17,355.167,356.09,123095435.70338528
1784233800000,355.75,356.195,355.611,355.75,15837141.07713515
1784234700000,356.15,356.362,356.084,356.15,71294728.51852451
1784235600000,356.06,356.32,355.902,356.06,5578446.16923143
1784236500000,356.136,356.172,355.904,356.028,3287352.08300424
1784237400000,356.033,356.444,356.033,356.415,4738901.80758065
1784238300000,356.413,356.649,356.32,356.635,5945040.974339536
1784239200000,356.61,358.09,356.61,358.01,9848810.50135213
1784240100000,357.3,358.09,356.732,357.3,10099714.82943898
1784241000000,356.893,356.988,356.504,356.87,8097553.43030073
1784241900000,356.75,357.624,356.75,356.75,10007323.19100838
1784242800000,357.596,357.62,356.8,357.226,5759866.444879561
1784243700000,357.41,357.448,357.001,357.41,2517712.44467041
1784244600000,357.74,358.116,357.196,357.99,6704926.15827228
1784245500000,357.55,357.845,357.256,357.49,4843507.19823081
1784246400000,357.56,357.8,355.7,355.75,1787.33
1784247300000,355.77,356.65,355.77,355.97,1911576.54
1784248200000,355.96,356.01,354.7,355.69,2309912.91
1784249100000,355.61,355.84,355.19,355.29,993742.43
1784250000000,355.36,355.64,353.45,353.8,5445905.5
1784250900000,353.86,354.8,353.46,353.87,5897420.0
1784251800000,353.89,353.98,353.15,353.39,1559039.67
1784252700000,353.47,353.49,352.25,352.48,2939129.83
1784253600000,352.56,352.65,351.72,352.15,1637484.12
1784254500000,352.15,352.68,351.89,352.22,1344311.64
1784255400000,352.21,352.31,351.48,351.82,2478949.36
1784256300000,351.85,352.84,351.76,352.8,1042805.65
1784257200000,352.94,353.39,352.39,353.3,1383614.05
1784258100000,353.2,353.2,352.64,353.0,1239287.9
1784259000000,352.95,353.04,352.59,352.64,687251.38
1784259900000,352.6,352.6,352.09,352.17,897749.34
1784260800000,352.16,352.16,350.77,350.77,2258171.17
1784261700000,350.9,351.05,349.05,349.33,3030128.54
1784262600000,349.33,350.01,348.57,349.8,3629798.26
1784263500000,349.65,350.75,349.25,350.1,3047241.07
1784264400000,350.09,350.99,349.91,350.34,1053431.77
1784265300000,350.46,350.99,349.9,350.21,1144871.1
1784266200000,350.21,350.77,348.88,349.18,3822771.51
1784267100000,349.32,350.11,349.06,350.01,1882993.7
1784268000000,350.01,351.06,349.92,351.06,1279321.23
1784268900000,350.89,351.85,350.8,351.28,1273620.72
1784269800000,351.26,351.57,351.0,351.07,1204539.01
1784270700000,351.06,351.46,350.83,351.25,1336871.26
1784271600000,351.23,351.62,350.97,351.12,1285002.53
1784272500000,351.05,351.23,349.52,349.75,2232243.72
1784273400000,349.73,350.29,349.72,350.13,1242778.84
1784274300000,350.02,350.5,349.92,350.25,1282259.59
1784275200000,349.84,356.331,349.0,349.17,65657434.14855924
1784276100000,348.04,349.424,347.865,348.04,9636722.17546405
1784277000000,347.86,348.31,346.73,346.85,13494453.18562372
1784277900000,347.08,347.92,346.93,347.08,11725381.85487113
1784278800000,348.41,348.657,347.72,348.41,5077977.82739927
1784279700000,348.53,349.56,348.444,348.53,4955594.65645897
1784280600000,349.535,349.535,348.96,349.32,4510879.92991379
1784281500000,349.38,349.5,348.854,349.38,4040934.26856362
1784282400000,349.22,349.365,348.27,349.22,4945828.83136273
1784283300000,348.59,348.952,348.434,348.59,5754744.52643186
1784284200000,349.79,350.399,348.996,349.79,2372270.2794719
1784285100000,349.81,350.507,349.801,349.87,2687441.4627176
1784286000000,350.0,350.411,348.225,348.47,15709818.62804622
1784286900000,348.99,349.09,348.49,348.99,5108767.23391069
1784287800000,349.089,349.392,348.965,349.288,4981202.91414587
1784288700000,349.288,349.316,349.008,349.261,10313768.963497903
1784289600000,348.48,349.342,347.208,347.49,19718450.31021049
1784290500000,347.06,347.553,346.0,346.0,15348946.53199431
1784291400000,346.65,346.782,345.427,345.49,11675271.26833058
1784292300000,346.05,346.195,345.393,345.67,16507283.77371153
1784293200000,345.683,345.683,344.586,344.921,135352188.08701208
1784294100000,345.31,346.0,344.49,346.0,26453386.87566223
1784295000000,346.0,348.46,341.41,341.775,1430894091.1152155
1784295900000,341.77,346.518,341.37,346.47,460239184.67789537
1784296800000,346.76,347.69,346.34,347.085,377857058.0127723
1784297700000,347.189,347.34,344.69,345.351,435358449.96968126
1784298600000,345.225,346.985,344.975,346.985,301771250.31438667
1784299500000,346.87,347.99,345.59,345.755,214502788.06165382
1784300400000,345.775,346.91,345.06,346.18,184874026.9860957
1784301300000,346.14,347.37,345.99,347.14,175282846.67204177
1784302200000,347.157,348.17,346.955,348.136,233319190.35768655
1784303100000,348.21,348.465,347.24,347.51,194375924.5399216
1784304000000,347.68,347.72,346.07,346.395,220060252.65720174
1784304900000,346.44,347.54,346.03,347.03,218589272.43928263
1784305800000,347.05,347.234,346.07,346.775,187917975.8281901
1784306700000,346.738,347.7,346.365,347.436,178227761.16131544
1784307600000,347.435,347.931,346.07,346.15,182602536.54821315
1784308500000,346.2,346.5,345.5,345.565,171400476.58622482
1784309400000,345.575,345.79,344.23,344.325,316832518.7587346
1784310300000,344.31,344.7,343.47,344.03,183250507.68445417
1784311200000,344.06,344.815,342.97,343.02,216181451.36875632
1784312100000,343.035,344.385,342.81,344.36,262977850.70402345
1784313000000,344.39,345.41,344.32,344.735,193056435.00581127
1784313900000,344.74,345.275,344.185,345.24,141019924.99271846
1784314800000,345.21,345.49,344.77,345.161,177743008.7075276
1784315700000,345.16,345.61,344.785,345.488,213071885.24020752
1784316600000,345.53,345.69,344.17,345.09,548974251.390309
1784317500000,345.07,347.41,345.05,346.775,686783820.8535922
1784318400000,345.97,346.922,345.74,345.97,1856487945.6060271
1784319300000,346.53,346.928,346.03,346.53,27385103.40158978
1784320200000,346.1,346.545,346.1,346.1,2234210.91522069
1784321100000,346.545,346.757,346.151,346.675,169990186.1449236
1784322000000,346.59,346.73,346.45,346.49,2304525.95539181
1784322900000,346.495,346.644,346.46,346.595,1125773.4635973
1784323800000,346.595,346.854,346.595,346.854,20529799.23026531
1784324700000,346.84,347.12,346.806,346.96,2057357.88411204
1784325600000,346.984,347.02,346.638,346.638,2132329.447916
1784326500000,346.67,346.88,346.57,346.57,963732.46211735
1784327400000,346.675,346.838,346.637,346.82,812481.49132702
1784328300000,346.82,346.82,346.631,346.71,1033984.9067009
1784329200000,346.69,346.722,346.395,346.51,1382113.85646221
1784330100000,346.466,346.488,346.353,346.392,1186833.12378266
1784331000000,346.394,346.4,346.063,346.085,1233706.35859421
1784331900000,346.085,346.399,346.08,346.33,1784145.22435033
1784332800000,346.328,346.328,346.326,346.326,49.783428
1784333700000,346.46,346.46,345.94,345.94,2689.261605
1784336400000,346.56,346.56,346.56,346.56,1499.980992
1784337300000,346.66,346.66,346.35,346.35,399.856209
1784356200000,346.74,346.74,346.74,346.74,12.968076
1784364300000,346.74,346.74,346.74,346.74,69.972132
1784379600000,346.35,346.35,346.33,346.33,195.547576
1784381400000,346.77,346.77,346.77,346.77,29.995605
1784384100000,346.89,346.89,346.89,346.89,49.986849
1784392200000,346.9,346.95,346.9,346.95,84.370623
1784393100000,346.95,346.95,346.33,346.33,109.88488
1784396700000,346.98,346.98,346.98,346.98,34.975584
1784398500000,347.01,347.01,346.77,346.77,124.310016
1784399400000,347.02,347.02,347.02,347.02,10.93113
1784423700000,347.02,347.02,347.02,347.02,14.158416
1784439000000,347.09,347.13,347.09,347.13,119.991317
1784440800000,347.02,347.02,347.02,347.02,33.105708
1784443500000,347.13,347.13,347.13,347.13,10.170909
1784465100000,347.13,347.13,347.13,347.13,20.341818
1784466000000,346.6,346.6,346.6,346.6,4.54046
1784467800000,347.13,347.13,347.13,347.13,29.992032
1784468700000,347.13,347.14,347.13,347.14,249.10748
1784469600000,346.85,346.85,346.85,346.85,10.023965
1784471400000,347.15,347.15,347.15,347.15,23.988065
1784476800000,347.2,347.52,347.19,347.19,3631.224183
1784479500000,347.72,347.72,347.72,347.72,10.987952
1784480400000,347.72,347.75,347.13,347.13,220.677705
1784482200000,347.81,347.81,347.81,347.81,99.995375
1784484000000,347.88,347.88,347.3,347.3,132.857544
1784503800000,347.9,347.9,347.9,347.9,19.96946
1784505600000,346.4,348.8,346.4,348.48,3102908.76
1784506500000,348.51,348.72,348.03,348.11,1456667.02
1784507400000,348.14,348.15,347.41,347.58,1406907.5
1784508300000,347.58,348.09,347.43,347.9,771161.79
1784509200000,347.89,348.29,347.59,348.04,1732215.66
1784510100000,348.13,348.2,347.81,347.89,947335.18
1784511000000,347.84,348.67,347.63,348.58,4598604.09
1784511900000,348.52,348.75,347.77,347.91,1860528.9
1784512800000,347.9,348.44,347.9,348.1,621564.53
1784513700000,348.15,348.24,347.79,347.99,425615.84
1784514600000,347.94,348.45,347.94,348.3,663419.32
1784515500000,348.34,348.58,348.16,348.38,366522.57
1784516400000,348.39,348.41,348.3,348.38,263343.57
1784517300000,348.38,348.46,348.27,348.38,328524.34
1784518200000,348.38,348.49,348.25,348.29,790337.29
1784519100000,348.26,348.47,348.2,348.2,240335.3
1784520000000,348.25,348.34,348.07,348.07,239557.71
1784520900000,348.07,348.21,347.9,348.21,523381.16
1784521800000,348.18,348.34,348.12,348.34,294580.4
1784522700000,348.32,348.41,348.19,348.21,463291.62
1784523600000,348.21,348.25,347.7,347.84,499339.7
1784524500000,347.83,348.0,347.59,347.72,617298.67
1784525400000,347.73,347.79,347.54,347.6,326803.93
1784526300000,347.57,347.6,347.34,347.47,201883.02
1784527200000,347.49,347.61,347.42,347.54,224155.76
1784528100000,347.45,347.6,347.35,347.4,383237.38
1784529000000,347.4,347.53,347.19,347.4,350455.36
1784529900000,347.39,347.51,347.34,347.49,164003.08
1784530800000,347.48,348.14,347.48,348.11,1181142.28
1784531700000,348.12,348.31,347.99,348.31,380543.31
1784532600000,348.35,348.52,348.33,348.43,565181.13
1784533500000,348.4,348.44,348.02,348.02,822949.77
1784534400000,348.19,348.329,346.667,348.19,20056451.0339369
1784535300000,348.319,348.339,348.087,348.175,1396914.85022586
1784536200000,348.175,348.55,347.971,348.202,4237707.593635793
1784537100000,348.44,348.44,348.111,348.44,1039451.41022562
1784538000000,348.205,348.22,347.755,347.774,1426046.68626672
1784538900000,347.779,348.198,347.779,348.198,663531.36695369
1784539800000,348.199,348.576,348.199,348.399,1484247.96002128
1784540700000,348.398,348.529,348.245,348.36,1495731.20434881
1784541600000,348.29,348.438,348.266,348.37,1459894.01243659
1784542500000,348.25,348.375,348.107,348.25,2690497.39005561
1784543400000,348.315,348.369,348.207,348.24,895554.19301258
1784544300000,348.24,348.263,347.869,348.003,6082755.956130586
1784545200000,347.71,348.002,347.392,347.95,7855066.29497865
1784546100000,347.953,348.016,347.797,348.016,3039916.5564577
1784547000000,348.16,348.904,348.018,348.64,8605036.61249035
1784547900000,348.7,349.224,348.676,348.81,7834646.58583551
1784548800000,348.47,348.843,347.9,348.17,7061597.9610984
1784549700000,347.94,348.25,347.845,347.94,4019337.12706746
1784550600000,348.43,348.619,348.116,348.42,10450605.10683972
1784551500000,348.133,348.78,348.129,348.768,4852581.91362183
1784552400000,348.773,351.71,348.773,350.36,62181422.908064686
1784553300000,349.91,350.997,349.737,349.98,24390590.94795429
1784554200000,351.015,358.805,350.648,358.425,872067686.7094309
1784555100000,358.44,359.355,356.705,358.34,564052297.716634
1784556000000,358.4,359.59,358.04,358.62,349963590.1902872
1784556900000,358.64,359.68,358.205,358.56,309054955.73143554
1784557800000,358.66,359.12,356.71,356.89,220183728.62002587
1784558700000,356.81,357.5,355.99,356.39,166265041.68431258
1784559600000,356.4,357.27,356.055,356.64,187008771.83939856
1784560500000,356.7,357.06,356.1,357.06,166979461.88434806
1784561400000,357.03,357.89,356.83,357.425,124138686.58857343
1784562300000,357.43,357.48,356.545,356.6,128421095.6888715
1784563200000,356.51,356.68,355.325,355.48,211468686.22591993
1784564100000,355.51,355.82,354.975,355.22,145170391.1533379
1784565000000,355.255,355.93,354.6,355.12,250392292.3888717
1784565900000,355.01,355.73,354.43,354.48,133327433.128856
1784566800000,354.44,354.54,352.345,352.53,216983718.91216326
1784567700000,352.48,353.345,352.09,352.705,198072274.58332366
1784568600000,352.726,353.21,352.37,353.143,211682245.58310953
1784569500000,353.18,353.7,352.885,353.08,112340348.11236428
1784570400000,353.14,353.45,352.445,352.875,122356528.10998255
1784571300000,352.87,353.18,351.89,352.08,205855122.94661474
1784572200000,351.99,352.044,350.915,351.05,234313943.80029637
1784573100000,350.992,351.81,350.75,351.685,291545662.8036049
1784574000000,351.68,352.57,351.66,352.04,244678121.76058307
1784574900000,352.06,352.42,351.875,352.3,158287145.44872257
1784575800000,352.44,353.245,352.284,352.905,185464035.8856253
1784576700000,352.09,352.18,351.68,352.1,4156727.715
1784577600000,352.0,352.434,351.901,352.4,1903587595.2176616
1784578500000,352.32,352.584,351.806,352.32,29997124.66519396
1784579400000,352.555,352.604,352.305,352.6,1938050.56566067
1784580300000,352.6,352.612,352.39,352.415,5007657.08278839
1784581200000,352.426,352.55,352.391,352.405,7613577.495846167
1784582100000,352.408,352.645,352.408,352.645,2950059.93627221
1784583000000,352.64,352.749,352.622,352.64,38524662.60515888
1784583900000,352.67,352.919,352.58,352.67,1378018.56019686
1784584800000,352.89,352.89,351.636,351.997,3095782.24529254
1784585700000,351.996,352.49,351.914,352.354,1770834.90991977
1784586600000,352.355,352.357,351.98,352.2,1619162.92863503
1784587500000,352.183,352.183,351.991,352.042,947449.72775775
1784588400000,352.043,352.54,352.043,352.39,1798250.52636707
1784589300000,352.39,353.085,352.39,353.085,2849573.444967859
1784590200000,353.087,353.445,353.062,353.44,1431945.12497953
1784591100000,353.44,353.623,353.35,353.47,1816913.6866898
1784592000000,352.99,353.17,352.48,352.71,843198.26
1784592900000,352.75,353.51,352.67,353.51,540114.19
1784593800000,353.5,353.9,353.37,353.65,938277.44
1784594700000,353.78,353.89,353.62,353.7,326145.81
1784595600000,353.7,354.31,353.65,354.09,942177.22
1784596500000,354.1,354.21,353.9,354.0,746036.0
1784597400000,354.03,354.14,353.6,353.64,525280.35
1784598300000,353.69,353.91,353.53,353.55,644713.59
1784599200000,353.66,353.86,353.38,353.57,534912.1
1784600100000,353.51,353.85,353.47,353.75,400325.96
1784601000000,353.76,354.01,353.73,353.97,629574.34
1784601900000,353.99,354.19,353.94,354.02,321489.78
1784602800000,354.05,354.35,354.01,354.35,438048.69
1784603700000,354.38,354.73,354.38,354.6,207788.42
1784604600000,354.61,354.81,354.54,354.6,736953.14
1784605500000,354.61,354.98,354.6,354.98,1141053.86
1784606400000,354.98,355.6,354.98,355.53,1529360.82
1784607300000,355.49,355.54,355.38,355.41,915355.5
1784608200000,355.44,355.44,354.75,354.93,1780883.07
1784609100000,354.91,354.92,354.72,354.72,406968.66
1784610000000,354.72,354.77,354.18,354.47,1592200.05
1784610900000,354.47,354.62,354.25,354.6,590097.55
1784611800000,354.68,355.15,354.47,355.15,774804.51
1784612700000,355.18,355.23,354.96,355.11,864697.82
1784613600000,355.22,356.4,354.62,356.06,6125658.37
1784614500000,356.12,356.5,355.79,355.95,2704471.44
1784615400000,356.22,356.35,356.0,356.28,1621210.42
1784616300000,356.16,356.23,355.94,356.17,2348971.74
1784617200000,356.17,356.74,356.02,356.46,1331062.8
1784618100000,356.61,356.62,356.02,356.15,915255.73
1784619000000,356.09,356.3,355.99,356.26,1025043.59
1784619900000,356.12,356.25,355.66,356.19,1216468.41
1784620800000,353.862,356.039,353.862,355.054,44359177.55658953
1784621700000,355.34,355.644,354.607,355.31,4897614.7738864
1784622600000,355.575,355.783,355.135,355.135,2654468.62663279
1784623500000,354.96,355.307,354.704,355.05,1877742.64906113
1784624400000,355.311,355.359,354.886,354.911,3038300.1669812794
1784625300000,355.05,355.4,354.916,355.05,2439278.82299389
1784626200000,354.84,354.999,354.751,354.84,2014850.54099061
1784627100000,354.85,355.272,354.84,354.89,1498421.2815987
1784628000000,354.96,355.199,354.87,354.96,1203299.30898229
1784628900000,355.23,355.42,353.441,355.42,7552175.71739758
1784629800000,354.108,354.805,353.864,354.611,4321473.66688505
1784630700000,354.606,354.695,354.395,354.475,1181108.00904532
1784631600000,354.65,354.918,354.224,354.27,9100727.16148516
1784632500000,354.218,354.258,353.558,353.975,11570833.325002227
1784633400000,353.56,354.25,353.56,353.71,5283013.66321881
1784634300000,352.32,353.819,351.957,352.3,12780000.3521754
1784635200000,351.98,352.63,351.833,351.98,7303027.04857684
1784636100000,352.05,352.195,351.584,352.09,6647243.02887515
1784637000000,351.5,351.749,350.732,350.99,14978225.15183518
1784637900000,351.01,351.69,350.529,351.49,11488329.76420482
1784638800000,351.71,351.776,350.99,350.99,9130168.51593243
1784639700000,351.72,351.794,350.512,350.88,24295713.19769981
1784640600000,351.18,351.18,347.7,349.9,659667819.4518764
1784641500000,349.915,350.84,348.175,349.82,313186339.9363355
1784642400000,349.88,350.13,349.12,349.69,286893954.0707067
1784643300000,349.64,350.17,348.61,349.455,232612468.27757037
1784644200000,349.38,349.495,347.83,348.145,216262484.9580155
1784645100000,348.179,349.74,348.179,348.88,264674854.3845448
1784646000000,348.93,350.43,347.95,348.6,368241350.40367323
1784646900000,348.65,348.965,347.71,347.8,272813810.0636641
1784647800000,347.81,349.515,347.72,349.405,249568589.3695261
1784648700000,349.34,350.035,349.0,349.19,153919726.96331787
1784649600000,349.32,349.52,348.93,349.51,136879792.39124322
1784650500000,349.5,349.669,348.96,349.63,137629808.36781624
1784651400000,349.61,350.025,349.34,349.69,150541884.95823026
1784652300000,349.765,349.79,348.975,349.42,174300657.66100484
1784653200000,349.41,349.73,348.9,349.161,129892932.02131541
1784654100000,349.19,349.27,349.059,349.14,92309083.13191003
1784655000000,349.17,349.39,348.97,349.14,125828079.71358328
1784655900000,349.21,349.3,348.93,349.075,100986796.48112708
1784656800000,349.06,349.21,348.92,348.97,119329748.24082558
1784657700000,348.985,349.066,348.715,348.785,123359424.96133634
1784658600000,348.84,348.84,348.3,348.55,134078741.74559613
1784659500000,348.52,349.03,348.325,348.645,200886866.47669291
1784660400000,348.56,349.72,348.48,349.72,233576061.87943706
1784661300000,349.715,349.745,349.09,349.61,266852077.96407107
1784662200000,349.56,349.84,348.72,349.08,292089372.1590363
1784663100000,349.05,349.17,346.99,347.105,715213198.1189773
1784664000000,347.74,347.877,347.116,347.74,1690613242.1819334
1784664900000,347.7,348.035,347.15,347.94,50050045.74383821
1784665800000,347.948,348.001,347.801,347.9,9107046.521629589
1784666700000,347.75,347.95,347.675,347.75,252157354.1504349
1784667600000,348.0,348.284,347.682,348.0,4949897.09297573
1784668500000,348.29,348.456,348.1,348.39,4659648.84876953
1784669400000,348.11,348.653,348.11,348.11,6425026.3774353
1784670300000,348.541,348.6,348.346,348.575,4375400.10625587
1784671200000,348.12,348.575,348.12,348.12,5573887.44811577
1784672100000,348.17,348.345,348.072,348.17,3237614.6510078
1784673000000,348.17,348.274,348.1,348.17,5003506.06112844
1784673900000,348.172,348.439,348.055,348.367,5387506.450895464
1784674800000,348.45,348.784,348.28,348.45,4181889.74915764
1784675700000,348.786,349.192,348.786,349.065,5171521.11175835
1784676600000,349.043,349.067,348.8,348.93,4520289.9588187
1784677500000,348.93,349.05,348.7,348.824,4028336.84744359
1784678400000,348.79,349.3,348.45,348.8,348.828
1784679300000,348.72,348.99,348.6,348.73,781247.98
1784680200000,348.76,349.13,348.59,349.04,673080.27
1784681100000,349.02,349.16,348.79,349.15,954759.92
1784682000000,349.11,349.11,348.74,348.83,1117532.57
1784682900000,348.91,348.99,348.73,348.94,748644.22
1784683800000,348.97,349.05,348.76,349.02,726702.83
1784684700000,349.01,349.43,349.0,349.16,1007924.15
1784685600000,349.16,349.34,349.06,349.22,380555.23
1784686500000,349.24,349.31,348.98,349.24,1053611.33
1784687400000,349.13,349.17,349.01,349.03,685576.72
1784688300000,349.06,349.09,348.75,348.85,1524148.41
1784689200000,348.86,348.86,348.6,348.74,824724.49
1784690100000,348.73,349.43,348.69,349.42,559308.31
1784691000000,349.45,349.46,349.16,349.3,1039694.91
1784691900000,349.36,349.41,349.01,349.08,779807.8
1784692800000,349.07,349.26,348.95,349.26,631446.31
1784693700000,349.31,349.43,349.17,349.37,759402.06
1784694600000,349.38,349.38,349.08,349.22,687183.08
1784695500000,349.22,349.24,348.77,349.08,1760182.23
1784696400000,349.13,349.3,348.86,348.9,886811.8
1784697300000,348.9,348.98,348.6,348.61,1214758.03
1784698200000,348.74,349.05,348.6,348.81,1562851.9
1784699100000,348.83,348.91,348.51,348.6,1647844.4
1784700000000,348.6,348.92,348.5,348.87,1001050.11
1784700900000,348.86,348.88,348.5,348.7,1241488.73
1784701800000,348.75,348.89,348.68,348.84,361351.42
1784702700000,348.81,348.83,348.49,348.79,843000.65
1784703600000,348.79,348.79,348.19,348.31,1110158.91
1784704500000,348.32,348.32,348.02,348.11,637888.47
1784705400000,348.15,348.2,347.36,347.62,1899967.11
1784706300000,347.52,348.0,347.49,347.9,313045.8
1784707200000,348.19,348.692,347.691,348.19,36839066.6747362
1784708100000,348.118,348.335,348.118,348.311,3984250.91819036
1784709000000,348.57,348.778,348.312,348.66,3187915.13786098
1784709900000,348.666,349.279,348.56,349.251,6236363.624191484
1784710800000,349.34,349.71,349.225,349.32,5291406.65832018
1784711700000,349.4,349.466,349.155,349.21,3604408.54863691
1784712600000,349.57,349.615,349.181,349.57,3466989.08712856
1784713500000,349.61,349.615,349.069,349.3,4746913.50867822
1784714400000,349.367,350.158,349.367,349.881,6669836.09682481
1784715300000,349.77,350.063,349.631,349.77,3147347.2620476
1784716200000,349.61,349.985,349.535,349.61,3310276.02943539
1784717100000,349.5,349.575,349.2,349.2,3414258.6890436
1784718000000,349.11,349.276,348.75,348.83,11097851.75179045
1784718900000,348.5,348.785,348.39,348.59,7400605.22830569
1784719800000,348.54,348.79,348.129,348.28,6192266.06835354
1784720700000,347.99,348.661,347.99,348.61,11263111.36112586
1784721600000,348.389,348.59,348.076,348.467,9249829.995270615
1784722500000,348.46,348.539,347.91,348.16,9724349.42179421
1784723400000,348.01,348.368,347.702,348.21,10398297.38483008
1784724300000,348.15,348.27,347.593,347.61,8027259.4475424
1784725200000,347.96,348.241,347.699,348.08,6656785.60160749
1784726100000,348.12,348.414,347.682,348.167,23564466.16361845
1784727000000,348.155,348.83,346.19,346.62,581339111.6297624
1784727900000,346.65,348.68,346.625,348.25,334340027.58533996
1784728800000,348.225,349.935,347.645,348.11,379483322.61360687
1784729700000,348.13,348.69,347.11,347.83,268801672.7117431
1784730600000,347.84,348.552,347.455,347.72,254921503.37603483
1784731500000,347.71,348.27,347.39,348.11,228820542.368835
1784732400000,348.19,348.77,347.4,347.745,373450283.51406646
1784733300000,347.76,348.055,347.22,347.48,220291912.12985805
1784734200000,347.439,348.025,347.0,347.454,280893366.9973993
1784735100000,347.51,348.17,347.467,348.11,131552781.72652663
1784736000000,348.07,348.122,347.66,347.98,139342266.7590005
1784736900000,347.98,348.7,347.98,348.395,185363593.7540305
1784737800000,348.365,348.545,347.815,348.04,133068407.8647163
1784738700000,348.04,348.585,348.0,348.16,112216347.78060383
1784739600000,348.135,348.22,347.74,348.075,130212140.41239639
1784740500000,348.1,348.555,347.95,348.0,176013132.0778438
1784741400000,347.95,348.38,347.76,347.89,180520122.46010274
1784742300000,347.904,347.99,346.86,346.945,278310033.8140853
1784743200000,346.89,347.27,346.625,346.665,168712836.91556498
1784744100000,346.66,346.715,346.25,346.49,126199075.71087465
1784745000000,346.46,346.72,346.03,346.51,161106421.48441184
1784745900000,346.45,347.05,346.09,346.11,175086273.63175106
1784746800000,346.165,346.195,345.5,345.985,399152115.94804615
1784747700000,345.96,345.968,345.135,345.3,312554523.9306776
1784748600000,345.245,345.56,344.35,345.27,543497626.5436605
1784749500000,345.33,345.515,341.79,342.05,1430635662.9565217
1784750400000,342.257,352.56,331.0,349.99,3372258005.5609684
1784751300000,348.778,350.67,340.29,342.334,632151069.7738184
1784752200000,341.99,343.15,338.47,341.46,279462185.95872533
1784753100000,340.85,342.336,327.7,327.7,358173859.65941834
1784754000000,330.01,334.51,326.36,326.36,517620827.68248683
1784754900000,326.62,328.89,325.41,327.79,382095974.6812732
1784755800000,326.99,328.176,325.5,325.5,191354964.3303486
1784756700000,326.29,329.277,324.99,329.19,132848526.6034039
1784757600000,329.59,329.96,327.51,329.26,100348560.42864572
1784758500000,329.58,331.835,328.962,331.66,122072545.76064765
1784759400000,331.476,331.816,330.0,331.042,88165847.0115373
1784760300000,330.81,331.96,330.781,331.89,64222251.27746276
1784761200000,331.37,331.534,330.26,330.34,38730259.8419193
1784762100000,330.32,331.054,329.611,330.96,29079778.92116875
1784763000000,331.16,331.548,330.819,330.88,18862406.36026868
1784763900000,330.89,331.55,330.678,331.01,29594436.76961923
1784764800000,331.31,334.4,330.722,333.88,12268211.49
1784765700000,333.88,336.42,333.41,335.67,16140728.54
1784766600000,335.64,335.68,334.58,334.69,7791303.61
1784767500000,334.7,335.28,334.16,334.31,9010523.84
1784768400000,334.35,334.56,333.76,333.83,6525429.43
1784769300000,333.83,333.89,332.19,333.08,7043234.92
1784770200000,333.1,334.37,333.0,333.92,3726026.56
1784771100000,333.86,334.73,333.5,334.37,3291202.75
1784772000000,334.37,334.61,333.87,333.99,2870762.56
1784772900000,333.94,334.02,333.05,333.31,3007266.09
1784773800000,333.28,333.32,332.63,332.86,4883735.6
1784774700000,332.88,333.52,332.86,333.52,2809967.74
1784775600000,333.51,333.9,332.95,333.17,2685584.12
1784776500000,333.19,333.37,332.78,333.32,1905768.07
1784777400000,333.34,333.36,332.82,333.34,1757006.56
1784778300000,333.33,333.86,333.22,333.73,1905469.44
1784779200000,333.74,333.81,333.26,333.81,2583178.54
1784780100000,333.78,333.89,333.61,333.89,972217.44
1784781000000,333.9,333.95,333.44,333.44,1934435.93
1784781900000,333.55,333.55,332.95,333.18,3418630.46
1784782800000,333.19,333.19,332.42,332.44,3077419.48
1784783700000,332.46,333.18,332.24,333.18,2050375.12
1784784600000,333.17,333.34,332.14,332.41,3859400.65
1784785500000,332.45,332.45,331.8,331.89,3895329.72
1784786400000,332.01,332.68,332.01,332.57,2748544.32
1784787300000,332.6,333.32,332.6,333.21,2294893.97
1784788200000,333.28,333.29,332.93,332.94,2282381.61
1784789100000,332.96,333.08,332.61,332.75,2010877.82
1784790000000,332.75,332.79,331.79,331.99,4432306.07
1784790900000,332.01,332.47,330.87,330.98,5908265.86
1784791800000,330.98,331.44,330.56,330.81,3581300.73
1784792700000,330.88,332.05,330.57,331.08,4520344.3
1784793600000,330.01,331.668,329.185,330.42,133289682.28920756
1784794500000,328.49,330.674,328.389,329.11,23389814.89977192
1784795400000,328.75,330.109,328.69,329.15,13043793.73090059
1784796300000,329.18,330.128,328.989,329.29,11440784.00601501
1784797200000,328.99,330.794,328.95,328.99,17314560.87266022
1784798100000,328.61,329.655,328.61,328.8,14627326.86381951
1784799000000,329.279,329.327,328.381,328.914,13989121.19037617
1784799900000,329.0,329.27,327.701,327.99,46334923.8818177
1784800800000,327.78,328.188,327.653,327.78,12139718.79328948
1784801700000,328.21,328.409,326.99,327.39,26306219.96539968
1784802600000,328.46,329.702,327.523,328.99,42648902.4239358
1784803500000,327.94,329.353,327.143,327.2,32074026.69520384
1784804400000,327.31,327.488,326.59,327.01,52763032.03602496
1784805300000,327.51,327.558,325.779,325.99,66795172.29419737
1784806200000,326.01,326.337,324.77,325.02,79980563.0721867
1784807100000,324.78,325.662,324.2,324.99,58180254.28928025
1784808000000,325.0,325.89,324.472,325.23,75790711.13752076
1784808900000,325.12,325.815,324.17,325.22,79998394.87730168
1784809800000,324.91,325.203,323.619,324.33,84526542.37177867
1784810700000,324.49,324.96,323.29,324.75,98552018.8388372
1784811600000,324.91,325.89,322.86,322.99,134024015.46697274
1784812500000,323.33,324.87,321.395,321.395,158986839.27763617
1784813400000,321.53,324.47,320.25,320.445,2648662237.907307
1784814300000,320.4,321.81,318.23,321.01,1757739170.9400165
1784815200000,321.06,321.95,318.53,318.53,1078179500.4364662
1784816100000,318.5,319.2,317.14,318.6,1057482756.0554435
1784817000000,318.59,319.96,317.32,319.03,883909904.7830206
1784817900000,319.03,319.127,316.93,317.24,883556265.7299331
1784818800000,317.25,317.33,315.25,315.43,899597720.05274
1784819700000,315.4,317.23,314.92,316.62,748940920.650837
1784820600000,316.76,318.97,316.607,318.33,622436955.9067042
1784821500000,318.36,320.24,317.87,319.76,559245201.4709928
1784822400000,319.821,320.91,318.815,320.545,703195436.8952433
1784823300000,320.61,321.56,320.49,320.9,435667344.95826
1784824200000,320.99,321.41,319.08,319.08,393296839.76160574
1784825100000,319.06,319.85,318.75,319.825,410005851.5029566
1784826000000,319.79,320.2,319.22,320.085,403094274.9143782
1784826900000,320.08,321.01,319.925,320.39,309784046.03874755
1784827800000,320.42,320.42,319.33,319.63,320948963.0425019
1784828700000,319.49,319.83,319.15,319.5,266924482.25189957
1784829600000,319.495,320.155,319.46,320.045,287901300.5017612
1784830500000,320.048,320.19,319.55,319.666,298015908.7007613
1784831400000,319.6,319.68,318.33,318.95,372259308.40420216
1784832300000,318.945,319.5,318.385,318.745,317812361.3705781
1784833200000,318.78,318.99,317.945,318.11,379291281.9156807
1784834100000,318.13,318.51,317.84,318.115,473955993.1596242
1784835000000,318.08,318.45,317.33,318.03,786605494.7761352
1784835900000,318.03,319.09,317.525,317.73,1634767743.1378658
1784836800000,317.74,317.929,317.13,317.7,2037638910.393255
1784837700000,317.71,318.732,317.71,318.61,76878396.53284855
1784838600000,318.69,319.149,318.578,318.86,19439596.0838692
1784839500000,318.617,318.915,318.55,318.861,34936491.40981965
1784840400000,319.0,319.141,318.756,319.03,16636894.92231218
1784841300000,318.56,318.951,318.357,318.51,13236782.29627668
1784842200000,318.49,318.675,318.348,318.49,7582762.84781838
1784843100000,318.588,318.845,318.563,318.819,12493136.46332
1784844000000,319.03,319.215,318.761,319.0,12882463.39854342
1784844900000,319.08,319.325,319.035,319.08,15116541.72224158
1784845800000,319.14,319.58,319.05,319.15,14692494.83160281
1784846700000,319.62,319.71,319.525,319.62,14401064.33062588
1784847600000,319.64,319.675,319.528,319.632,5930045.352029952
1784848500000,319.52,319.655,319.5,319.52,10480745.64393124
1784849400000,319.26,319.505,319.082,319.26,7833028.15115508
1784850300000,319.1,319.25,318.746,319.1,6571889.55153429
1784851200000,318.99,319.79,318.42,319.3,3586391.59
1784852100000,319.3,319.66,319.09,319.45,1517197.16
1784853000000,319.45,319.76,319.26,319.6,1672312.64
1784853900000,319.63,320.25,319.62,320.15,2531611.28
1784854800000,320.26,320.5,319.69,319.72,3480628.9
1784855700000,319.73,320.04,319.58,319.78,3303805.83
1784856600000,319.78,319.98,319.53,319.66,2255385.04
1784857500000,319.65,319.75,319.2,319.36,1585190.12
1784858400000,319.41,319.53,319.13,319.47,2115728.78
1784859300000,319.46,319.62,319.35,319.49,1976319.65
1784860200000,319.43,319.48,318.96,319.1,2849026.97
1784861100000,319.1,319.16,318.47,318.63,2257691.75
1784862000000,318.58,318.72,318.3,318.55,1815124.31
1784862900000,318.59,318.61,318.19,318.44,1929702.91
1784863800000,318.4,318.44,317.93,317.97,2155562.34
1784864700000,317.96,318.16,317.46,317.54,3487358.13
1784865600000,317.51,317.62,316.78,317.35,5532193.9
1784866500000,317.32,318.2,317.22,318.2,2045592.58
1784867400000,318.19,318.4,318.0,318.32,1265234.18
1784868300000,318.32,318.59,318.19,318.59,956557.11
1784869200000,318.59,318.98,318.44,318.86,1004891.01
1784870100000,318.91,318.93,318.39,318.6,1400549.02
1784871000000,318.63,318.72,318.23,318.39,1840577.61
1784871900000,318.35,318.48,318.19,318.24,1205558.4
1784872800000,318.23,318.28,317.51,318.0,4203047.77
1784873700000,318.0,318.63,317.87,318.46,1690915.09
1784874600000,318.41,318.79,318.22,318.34,2052793.55
1784875500000,318.3,318.43,317.91,318.41,1592633.54
1784876400000,318.42,319.3,318.4,319.14,2761837.57
1784877300000,319.22,319.41,318.92,319.29,2107141.22
1784878200000,319.3,319.48,319.12,319.19,1624663.64
1784879100000,319.19,319.3,318.88,318.89,909749.26
1784880000000,319.09,319.717,319.09,319.65,67220990.78417923
1784880900000,319.57,319.92,319.341,319.77,5885987.86539751
1784881800000,319.99,320.46,319.812,320.01,11402820.77126325
1784882700000,320.35,320.355,319.93,320.35,5654450.08228911
1784883600000,320.26,321.098,320.1,320.8,14174547.67374079
1784884500000,320.43,320.94,320.391,320.74,5870747.90607937
1784885400000,321.04,321.622,320.837,321.55,7570410.84886769
1784886300000,321.24,321.376,320.151,320.38,7367507.69273542
1784887200000,320.4,320.505,319.84,319.84,7129999.3364363
1784888100000,320.24,320.24,319.768,320.01,5056398.52541612
1784889000000,319.91,320.017,319.633,319.85,7530647.1676761
1784889900000,319.56,319.755,319.525,319.56,4023959.23430224
1784890800000,319.59,319.75,319.199,319.3,14924992.27025503
1784891700000,319.35,319.435,319.1,319.21,11217098.76661923
1784892600000,319.11,319.3,318.995,319.09,7870619.82526841
1784893500000,319.1,319.236,318.601,319.15,8228298.53630454
1784894400000,318.74,319.352,318.462,318.74,13178928.79354911
1784895300000,319.14,319.366,318.767,318.89,41046418.5259268
1784896200000,318.53,319.02,318.258,318.31,19295922.97144176
1784897100000,318.05,318.414,317.86,318.37,22583184.6336348
1784898000000,318.27,318.401,318.056,318.25,10893263.11461859
1784898900000,318.11,319.372,317.85,318.148,52924283.82432113
1784899800000,318.04,320.92,317.31,320.32,906112190.6744641
1784900700000,320.12,324.16,319.65,322.6,768679232.7451276
1784901600000,322.57,323.21,319.785,320.98,460292565.3038503
1784902500000,320.975,321.39,319.88,319.9,294613815.6720825
1784903400000,319.82,320.063,317.83,318.105,384077130.0702727
1784904300000,317.89,320.035,317.62,320.035,302432369.3009556
1784905200000,320.095,321.01,319.74,320.81,259199984.84835845
1784906100000,320.68,321.81,319.405,321.74,298717645.71918607
1784907000000,321.705,322.105,320.89,321.01,277145804.9890551
1784907900000,320.93,321.015,319.89,320.06,231171455.48153707
1784908800000,320.09,320.12,319.32,319.69,181998728.00187233
1784909700000,319.6,320.08,319.39,319.39,194912682.9586356
1784910600000,319.3,319.73,318.57,319.07,211470791.07901284
1784911500000,319.035,319.6,318.73,319.46,166526380.07900703
1784912400000,319.485,320.3,318.91,320.07,243362543.0140636
1784913300000,320.13,320.83,319.92,320.525,172465479.79015112
1784914200000,320.54,320.81,319.67,319.67,136435223.13433918
1784915100000,319.64,320.14,319.35,320.01,216301226.07782593
1784916000000,319.96,321.12,319.93,320.87,194484190.5812954
1784916900000,320.92,321.08,319.985,319.985,236541400.2933363
1784917800000,319.99,320.09,319.315,319.325,216905522.2449718
1784918700000,319.34,319.64,319.01,319.32,174637260.73103878
1784919600000,319.42,320.25,319.36,319.97,273314496.5052251
1784920500000,319.978,320.16,319.42,319.566,282605067.92237926
1784921400000,319.48,320.3,319.31,320.3,327210538.5788714
1784922300000,320.295,320.66,319.17,319.715,835361468.1580031
1784923200000,319.74,320.033,319.539,319.7,1611503168.1853366
1784924100000,319.65,319.671,319.171,319.3,11233722.98638863
1784925000000,319.01,319.76,319.01,319.76,7919113.80587256
1784925900000,319.71,319.844,319.544,319.71,98057558.77722196
1784926800000,319.83,319.845,319.721,319.775,2274874.45245741
1784927700000,319.58,319.775,319.34,319.34,6277982.27942463
1784928600000,319.87,320.405,319.63,319.98,4337054.30030258
1784929500000,320.075,320.075,319.86,319.895,6353493.41311984
1784930400000,319.897,320.224,319.893,319.931,2582725.44553269
1784931300000,319.86,319.931,319.699,319.86,1952876.99156752
1784932200000,319.71,319.97,319.658,319.71,3124858.03876317
1784933100000,319.69,319.725,319.302,319.344,2990179.09690006
1784934000000,319.61,319.65,319.326,319.61,2631032.26260703
1784934900000,319.625,319.65,319.42,319.42,2119001.43517551
1784935800000,319.42,319.51,319.175,319.4,4258036.325774417
1784936700000,319.4,319.4,318.848,318.876,4722265.19357202
1784937600000,318.879,318.892,318.879,318.892,0.0
1784940300000,319.0,319.0,319.0,319.0,10.208
1784945700000,319.0,319.0,319.0,319.0,20.2565
1784946600000,319.1,319.1,319.1,319.1,10.2112
1784947500000,319.0,319.0,318.89,318.89,3168.70607
1784948400000,318.94,319.21,318.94,319.21,1180.2189
1784949300000,319.04,319.04,319.04,319.04,19.844288
1784952000000,318.85,318.85,318.85,318.85,13.232275
1784952900000,318.85,318.93,318.83,318.93,950.447444
1784953800000,318.93,318.93,318.93,318.93,25.992795
1784954700000,318.93,318.93,318.93,318.93,10.078188
1784957400000,318.93,318.93,318.93,318.93,19.996911
1784958300000,318.93,318.93,318.93,318.93,19.869339
1784959200000,318.8,318.8,318.8,318.8,17.78904
1784960100000,318.93,318.93,318.56,318.56,438.409173
1784961900000,318.93,319.05,318.93,319.05,653.997379
1784964600000,318.56,318.96,318.56,318.96,328.575544
1784967300000,318.82,318.82,318.82,318.82,218.71052
1784968200000,318.82,318.96,318.48,318.48,239.410324
1784970900000,318.58,318.58,318.58,318.58,99.970404
1784971800000,318.91,318.91,318.91,318.91,19.836202
1784975400000,318.91,318.91,318.91,318.91,41.968556
1784984400000,318.34,318.34,318.26,318.26,331.992247
1784985300000,318.25,318.25,318.25,318.25,37.23525
1784986200000,318.32,318.32,318.32,318.32,29.985744
1784987100000,318.32,318.33,318.32,318.33,22.02835
1784988900000,318.33,318.33,318.24,318.24,3943.890279
1784989800000,318.29,318.29,318.29,318.29,29.982918
1784991600000,318.29,318.29,318.09,318.09,204.59627
1784993400000,318.04,318.04,318.04,318.04,636.08
1784995200000,318.17,318.17,318.0,318.0,54.199168
1784996100000,318.0,318.0,317.9,317.9,158.97
1784997000000,318.0,318.0,318.0,318.0,19.9704
1784997900000,318.0,318.0,318.0,318.0,96.1314
1785000600000,318.0,318.0,318.0,318.0,19.9704
1785004200000,318.0,318.0,318.0,318.0,60.42
1785005100000,318.0,318.39,318.0,318.39,1998.203948
1785006000000,318.39,318.39,318.39,318.39,241.9764
1785006900000,318.39,318.4,318.39,318.4,305.622914
1785007800000,318.4,318.4,318.4,318.4,331.136
1785012300000,317.91,317.91,317.91,317.91,183.243324
1785015000000,318.01,318.02,318.01,318.02,318.013311
1785020400000,318.29,318.29,318.29,318.29,59.552059
1785021300000,318.29,318.29,318.29,318.29,99.974889
1785022200000,318.29,318.29,318.29,318.29,12.7316
1785024000000,318.29,318.29,318.29,318.29,24.381014
1785024900000,318.42,318.87,317.84,318.06,1431.267911
1785025800000,318.06,318.67,318.06,318.67,49.884823
1785026700000,317.8,318.87,317.8,318.87,64.374808
1785027600000,318.87,319.53,318.87,319.53,2058.574809
1785032100000,319.54,319.58,319.54,319.58,247.615353
1785033000000,319.59,319.75,319.59,319.75,14692.0091
1785033900000,319.59,319.59,319.59,319.59,292.392891
1785034800000,319.59,319.59,319.59,319.59,10.578429
1785035700000,320.37,320.37,320.37,320.37,19.991088
1785038400000,320.37,320.37,320.37,320.37,10.187766
1785040200000,320.37,320.4,320.37,320.4,55.747167
1785042900000,320.31,320.31,319.01,319.01,11365.753336
1785043800000,320.0,320.0,320.0,320.0,20.0
1785046500000,320.0,320.0,320.0,320.0,19.872
1785048300000,320.0,320.0,319.75,319.75,1627.506125
1785050100000,320.14,320.14,320.14,320.14,802.59098
1785053700000,320.07,320.07,320.07,320.07,99.029658
1785054600000,320.07,320.07,320.07,320.07,22.628949
1785057300000,320.07,320.07,320.07,320.07,112.98471
1785058200000,320.2,320.4,320.2,320.4,2263.38338
1785059100000,320.42,320.44,320.42,320.44,147.464148
1785060900000,320.47,320.47,320.47,320.47,521.436737
1785061800000,320.49,320.49,320.49,320.49,41.98419
1785062700000,320.58,320.58,320.58,320.58,1042.52616
1785063600000,320.66,320.74,320.66,320.74,1083.35997
1785064500000,320.79,320.79,320.79,320.79,2167.064766
1785066300000,320.89,320.89,320.89,320.89,499.978709
1785067200000,320.94,320.96,320.94,320.96,1018.69454
1785068100000,320.86,320.86,320.86,320.86,33.465698
1785069000000,321.01,321.01,321.01,321.01,39.708937
1785070800000,320.86,320.86,320.7,320.7,768.614394
1785072600000,321.07,321.07,321.07,321.07,29.987938
1785076200000,321.09,321.09,321.09,321.09,29.989806
1785077100000,321.1,321.11,321.1,321.11,201.397034
1785080700000,321.13,321.13,321.13,321.13,999.99882
1785081600000,321.19,321.45,321.19,321.45,804.40325
1785082500000,321.49,321.49,321.49,321.49,82.62293
1785083400000,321.53,321.58,321.53,321.58,69.1344
1785086100000,321.59,321.59,321.59,321.59,520.65421
1785087000000,321.61,321.61,321.61,321.61,19.971981
1785087900000,321.61,321.7,321.3,321.7,330.196416
1785088800000,321.7,321.7,321.3,321.3,200.68034
1785094200000,321.7,321.76,321.3,321.3,403.590893
1785103200000,321.77,321.83,321.77,321.83,345.95213
1785104100000,321.89,321.9,321.89,321.9,262.3459
1785105000000,321.92,322.23,321.92,322.23,2598.568734
1785105900000,322.3,322.53,322.3,322.53,403.1297
1785107700000,322.53,322.53,322.53,322.53,87.921678
1785108600000,322.5,322.79,322.5,322.79,1055.87273
1785109500000,322.81,322.96,322.81,322.96,1303.37707
1785110400000,322.05,323.4,321.0,322.74,6117199.86
1785111300000,322.72,322.75,321.92,322.48,4431800.48
1785112200000,322.52,322.99,321.94,321.94,4728452.18
1785113100000,321.93,322.1,321.39,321.71,2221688.38
1785114000000,321.82,322.15,321.68,321.69,2668152.57
1785114900000,321.77,321.94,321.06,321.44,2586421.45
1785115800000,321.44,322.39,321.29,321.79,2305935.67
1785116700000,321.85,322.11,321.76,321.9,1221448.97
1785117600000,321.95,322.0,321.59,321.99,673489.62
1785118500000,321.99,322.13,321.75,321.75,882058.62
1785119400000,321.74,322.1,321.37,321.82,1824540.6
1785120300000,321.95,322.18,321.68,322.14,998440.73
1785121200000,322.15,322.25,321.96,322.18,536555.37
1785122100000,322.21,322.28,322.02,322.18,627340.87
1785123000000,322.19,322.28,322.0,322.14,691616.68
1785123900000,322.22,322.23,322.12,322.18,453642.05
1785124800000,322.21,322.45,322.21,322.33,602155.12
1785125700000,322.32,322.53,322.16,322.4,804683.65
1785126600000,322.43,322.66,322.39,322.64,568047.64
1785127500000,322.68,322.82,322.62,322.69,539891.47
1785128400000,322.7,322.97,322.59,322.88,564942.3
1785129300000,322.89,323.15,322.72,323.15,1895938.82
1785130200000,323.15,323.77,323.07,323.68,3080448.94
1785131100000,323.7,323.74,323.43,323.67,1413202.53
1785132000000,323.75,324.12,323.75,323.75,3232882.04
1785132900000,323.8,323.88,323.59,323.69,1456548.66
1785133800000,323.66,323.9,323.56,323.57,1282684.26
1785134700000,323.57,323.66,323.42,323.6,1152854.89
1785135600000,323.61,324.06,323.59,324.06,2175844.49
1785136500000,324.06,324.31,324.01,324.13,1732736.2
1785137400000,324.16,324.21,323.74,323.82,1332441.03
1785138300000,323.82,324.24,323.81,323.98,1030879.86
1785139200000,319.328,324.936,319.328,324.901,51441350.89428742
1785140100000,324.902,325.045,324.583,324.64,5695106.52193271
1785141000000,324.64,324.925,324.57,324.638,3637568.34037237
1785141900000,324.642,325.067,324.64,324.995,10181640.425521547
1785142800000,324.92,325.09,324.92,325.09,3725742.53633766
1785143700000,325.3,325.39,325.071,325.3,5136786.79875383
1785144600000,325.244,325.244,325.075,325.093,3730463.49258682
1785145500000,324.95,325.449,324.917,325.39,7332287.88834503
1785146400000,325.45,325.45,325.19,325.45,3260971.74620527
1785147300000,325.409,325.485,324.905,324.905,6481416.05663708
1785148200000,324.95,324.96,324.845,324.87,4295362.96590251
1785149100000,324.7,324.893,324.205,324.53,6755617.51400258
1785150000000,324.205,324.41,323.683,323.868,25440049.096682474
1785150900000,323.62,324.064,323.51,323.55,14296801.38162961
1785151800000,323.59,324.115,323.463,324.1,11083625.0686424
1785152700000,324.0,324.052,323.792,323.99,5507994.64995317
1785153600000,324.0,324.484,323.858,323.86,14014002.87650394
1785154500000,324.12,324.458,323.887,324.41,7108272.65785672
1785155400000,324.48,324.929,324.032,324.48,12003699.76046647
1785156300000,324.98,325.033,324.655,324.94,16624907.6615493
1785157200000,324.81,325.005,324.272,324.64,14924655.96924436
1785158100000,324.7,325.662,324.276,324.986,55497105.01936092
1785159000000,325.235,329.07,325.03,328.635,983549844.7601489
1785159900000,328.65,329.21,327.29,327.7,536241226.28243595
1785160800000,327.735,330.02,327.54,329.685,554187393.4398985
1785161700000,329.68,330.415,326.5,326.54,500490646.33749616
1785162600000,326.622,326.75,324.46,324.95,569442984.4516498
1785163500000,325.0,328.31,324.94,327.61,403817267.7249686
1785164400000,327.55,329.74,327.36,329.49,397583239.33123225
1785165300000,329.405,329.498,327.94,328.22,240687241.52799448
1785166200000,328.259,328.259,327.15,327.596,269245660.87506735
1785167100000,327.599,328.91,327.375,328.549,255667584.8693751
1785168000000,328.58,329.12,327.81,327.935,173222438.30589592
1785168900000,327.93,328.62,327.535,327.83,162375938.11762413
1785169800000,327.87,328.19,327.17,327.31,158338253.15278733
1785170700000,327.29,327.6,326.35,326.54,141567972.8017927
1785171600000,326.64,326.89,325.9,326.88,156742163.60285455
1785172500000,326.88,327.36,326.52,326.74,134890726.12408012
1785173400000,326.74,326.905,326.3,326.41,126816463.51461683
1785174300000,326.45,326.8,326.18,326.18,122661967.55609147
1785175200000,326.22,326.52,325.85,326.444,163982475.3896563
1785176100000,326.32,326.44,325.79,326.22,105065156.08863991
1785177000000,326.2,326.5,325.655,326.48,128715989.83251652
1785177900000,326.49,327.835,326.363,327.47,367871888.932079
1785178800000,327.54,327.54,326.99,327.34,131002198.70594789
1785179700000,327.33,327.67,327.314,327.47,157696167.88968375
1785180600000,327.455,327.885,327.3,327.59,172118368.68197778
1785181500000,327.56,327.61,326.34,326.38,648086257.4637835
1785182400000,326.49,326.899,326.402,326.49,1284728926.6989212
1785183300000,326.56,326.995,326.531,326.91,10328113.158931717
1785184200000,327.32,327.4,326.878,327.32,3818612.14417689
1785185100000,326.98,327.225,326.65,326.65,235707595.21697477
1785186000000,327.11,327.182,326.911,327.09,8124642.42238106
1785186900000,327.184,327.567,327.184,327.469,7497028.0271235
1785187800000,327.467,327.467,327.14,327.345,5800555.980593544
1785188700000,327.25,327.464,327.215,327.25,1280681.52268182
1785189600000,327.46,327.46,327.117,327.46,3054923.6934536
1785190500000,326.94,327.2,326.751,326.94,2130453.41516294
1785191400000,326.78,326.994,326.692,326.795,1996745.34741407
1785192300000,326.793,326.85,326.35,326.5,7766925.646880563
1785193200000,326.3,326.564,326.179,326.3,3658665.03419655
1785194100000,326.227,326.755,326.115,326.705,2225836.15929957
1785195000000,326.705,326.767,326.415,326.416,999826.67333786
1785195900000,326.88,327.44,326.261,327.43,2523977.05595471
1785196800000,327.31,327.67,326.56,326.69,1580391.36
1785197700000,326.68,326.82,326.23,326.48,1005180.61
1785198600000,326.55,327.03,326.12,326.81,1281538.2
1785199500000,326.81,326.83,326.16,326.41,730789.69
1785200400000,326.4,326.4,324.76,325.03,2157702.79
1785201300000,324.86,325.82,324.37,325.46,2174328.19
1785202200000,325.52,325.92,325.31,325.84,945971.26
1785203100000,325.85,326.08,325.09,325.29,1254468.52
1785204000000,325.27,325.28,324.25,324.49,2337639.18
1785204900000,324.5,324.92,324.41,324.61,532722.02
1785205800000,324.61,324.87,324.37,324.56,951032.08
1785206700000,324.57,324.79,324.42,324.52,1082246.28
1785207600000,324.61,324.69,323.66,324.53,2432504.11
1785208500000,324.46,325.17,324.19,324.52,1995305.53
1785209400000,324.52,325.08,324.14,324.97,647956.66
1785210300000,325.01,325.3,324.92,325.29,572859.45
1785211200000,325.28,325.28,324.37,324.52,1076337.82
1785212100000,324.46,324.78,324.41,324.62,553758.74
1785213000000,324.55,324.66,324.25,324.42,1192508.31
1785213900000,324.41,324.67,324.24,324.4,498982.49
1785214800000,324.49,325.0,324.49,324.8,1248521.92
1785215700000,324.8,324.88,324.31,324.35,982359.78
1785216600000,324.43,324.43,323.61,323.88,2054565.05
1785217500000,323.91,324.56,323.75,324.3,1308459.96
1785218400000,324.34,324.49,323.77,324.36,1786558.55
1785219300000,324.32,324.73,324.32,324.73,1419231.19
1785220200000,324.74,324.89,324.5,324.76,920385.22
1785221100000,324.76,325.38,324.6,325.24,1571131.12
1785222000000,325.25,325.75,325.14,325.75,2598364.02
1785222900000,325.75,325.75,325.08,325.17,1656308.79
1785223800000,325.07,325.69,325.04,325.62,1130413.14
1785224700000,325.61,325.61,325.14,325.48,401764.79
1785225600000,325.66,326.797,324.923,325.73,38731739.86778153
1785226500000,324.92,326.175,324.92,325.43,5570883.48960385
1785227400000,326.15,326.887,325.63,326.15,3410548.59183819
1785228300000,326.99,327.07,326.74,326.79,3593970.54381338
1785229200000,327.18,327.276,326.956,327.16,2440501.80806464
1785230100000,327.43,327.534,327.116,327.52,2534677.52571559
1785231000000,326.94,327.44,326.847,326.91,2418502.56826502
1785231900000,327.01,327.164,326.82,326.83,1848741.29037283
1785232800000,326.91,327.042,326.691,326.89,1895893.42808301
1785233700000,326.48,326.755,326.141,326.21,2772258.97053603
1785234600000,326.75,326.875,326.398,326.59,3705966.86353725
1785235500000,326.61,326.77,326.489,326.61,1169968.74915741
1785236400000,326.04,326.951,325.982,326.04,9312011.17324528
1785237300000,326.8,327.138,326.095,327.02,4568949.95893687
1785238200000,327.81,327.92,326.906,327.89,11717310.19243149
1785239100000,327.73,327.897,327.153,327.66,5788829.2954898
1785240000000,327.594,328.202,327.247,327.605,11131068.96290966
1785240900000,327.35,328.144,327.03,327.99,6398148.96795885
1785241800000,328.01,328.545,327.982,328.01,10136744.87970846
1785242700000,328.24,328.431,327.618,328.0,6232947.52635062
1785243600000,327.25,327.795,327.06,327.1,7267563.24074369
1785244500000,327.1,327.773,326.6,327.52,17676755.15284763
1785245400000,327.98,330.22,324.97,325.55,918952964.7512436
1785246300000,325.54,327.7,324.44,325.49,493964208.7661758
1785247200000,325.545,327.75,325.485,327.15,403401307.93516093
1785248100000,327.26,328.05,326.69,327.82,340078169.7800691
1785249000000,327.755,328.14,327.28,328.1,276367897.49819165
1785249900000,328.12,329.095,327.95,328.72,259919324.55749694
1785250800000,328.67,330.395,328.67,330.31,294919775.9407226
1785251700000,330.49,333.115,330.33,332.4,429206001.941567
1785252600000,332.41,333.66,332.28,333.33,250718239.0298019
1785253500000,333.395,333.585,332.29,333.46,204916090.6124961
1785254400000,333.53,333.56,332.841,333.15,175750091.4454592
1785255300000,333.19,334.14,333.155,333.53,159021552.93416104
1785256200000,333.5,333.953,332.995,333.665,131668780.24764264
1785257100000,333.62,334.46,333.455,334.43,120068686.46813047
1785258000000,334.45,334.73,333.709,334.3,216483139.46432126
1785258900000,334.34,335.25,334.259,335.05,239982341.27374113
1785259800000,335.015,335.86,334.79,334.79,227162777.92709404
1785260700000,334.82,335.875,334.675,335.875,172783543.0845342
1785261600000,335.8,335.828,334.195,334.485,173303696.6869872
1785262500000,334.52,335.175,334.28,334.87,159673969.63417342
1785263400000,334.85,335.48,334.55,335.46,165044610.94670534
1785264300000,335.49,335.88,335.2,335.21,227599688.0091105
1785265200000,335.25,335.405,334.03,334.37,190672606.4275824
1785266100000,334.34,334.4,333.78,334.27,236459154.79314247
1785267000000,334.25,334.72,334.09,334.39,235410287.6459586
1785267900000,334.4,334.46,333.39,333.77,854989691.2751727
1785268800000,333.87,335.298,333.696,335.0,1866793668.0828598
1785269700000,334.88,335.405,334.515,334.699,40130279.86371067
1785270600000,334.85,334.952,334.5,334.85,8533243.83817427
1785271500000,334.78,334.955,334.737,334.82,153840777.25346544
1785272400000,334.868,335.264,334.771,334.771,2860236.41086686
1785273300000,334.66,334.775,334.361,334.66,1946612.9685168
1785274200000,334.614,334.629,334.275,334.349,5151650.06806215
1785275100000,334.355,334.475,334.325,334.379,3005554.83960123
1785276000000,334.378,334.899,334.375,334.547,2313610.08013037
1785276900000,333.99,334.554,333.885,333.99,2508883.34606338
1785277800000,334.169,334.202,333.154,333.227,5357402.74647527
1785278700000,333.7,333.974,332.797,333.7,8409269.93808702
1785279600000,332.97,333.851,332.576,333.0,6863006.61455307
1785280500000,333.9,334.122,333.095,334.0,2676524.62801451
1785281400000,334.024,334.183,333.585,334.16,3108990.01976295
1785282300000,334.49,335.889,334.171,335.88,8578631.33418151
1785283200000,334.88,335.83,334.56,334.76,1343.32
1785284100000,334.76,335.34,334.44,335.28,1900288.43
1785285000000,335.34,335.4,335.0,335.2,676813.48
1785285900000,335.36,335.4,334.87,334.97,670319.0
1785286800000,334.85,335.04,333.89,333.9,2013399.27
1785287700000,333.91,334.48,333.75,334.38,1402689.72
1785288600000,334.37,334.45,333.64,333.64,961685.85
1785289500000,333.64,333.76,331.81,331.81,3900708.02
1785290400000,331.79,332.4,331.5,332.08,2266097.47
1785291300000,332.15,333.01,331.64,332.97,1472341.91
1785292200000,333.01,333.23,332.8,333.07,1065302.12
1785293100000,333.09,333.12,332.27,332.35,1163883.23
1785294000000,332.32,332.45,331.75,332.0,1303955.93
1785294900000,332.0,332.14,331.19,331.26,1156475.95
1785295800000,331.21,331.8,331.18,331.61,1367156.88
1785296700000,331.59,331.72,330.99,331.38,1507073.4
1785297600000,331.38,332.31,331.17,331.62,2262410.59
1785298500000,331.5,331.52,330.52,330.9,3718286.09
1785299400000,330.96,331.34,330.59,331.07,3973351.19
1785300300000,331.05,331.81,331.04,331.72,2631556.2
1785301200000,331.78,332.11,331.71,331.92,1127369.65
1785302100000,331.88,332.43,331.64,332.38,1729239.69
1785303000000,332.38,332.86,332.26,332.85,2181937.03
1785303900000,332.85,333.0,332.67,332.85,1965413.2
1785304800000,332.84,333.09,332.64,332.93,1696774.44
1785305700000,332.77,332.98,332.6,332.95,838782.99
1785306600000,332.92,334.11,332.92,334.09,3178101.44
1785307500000,334.06,334.39,334.0,334.38,863821.85
1785308400000,334.35,334.84,334.11,334.7,1694477.35
1785309300000,334.72,334.84,334.47,334.67,1148369.44
1785310200000,334.62,334.76,334.34,334.5,653696.52
1785311100000,334.36,334.44,333.91,334.25,1777687.11
1785312000000,333.95,335.507,333.307,333.95,62542368.85065649
1785312900000,333.905,335.024,333.825,334.845,4972351.92669219
1785313800000,334.845,335.547,334.845,335.08,3370202.329522985
1785314700000,335.08,335.328,334.853,334.89,2249954.18613026
1785315600000,334.891,334.999,333.981,334.098,6415700.44881424
1785316500000,334.105,334.361,333.984,334.075,1159205.3317003
1785317400000,334.075,334.22,333.887,334.074,1326084.44523279
1785318300000,334.14,334.399,333.937,334.14,3242524.66290868
1785319200000,333.987,334.175,333.784,334.146,1926120.86881792
1785320100000,334.16,334.514,334.16,334.334,2190234.32426378
1785321000000,334.62,334.62,334.263,334.62,1697785.77898248
1785321900000,334.5,334.796,334.417,334.535,4295452.233203682
1785322800000,335.74,336.045,334.556,335.74,9812971.90590755
1785323700000,335.31,336.425,334.863,336.04,16860871.41139325
1785324600000,335.7,336.25,335.603,336.03,5071886.05087391
1785325500000,335.68,336.203,335.377,335.68,8628315.29225047
1785326400000,336.006,336.877,335.82,336.595,10189038.72484741
1785327300000,336.51,336.642,335.195,335.83,12171777.14750159
1785328200000,335.86,336.36,335.517,335.96,15814482.01624315
1785329100000,335.93,336.448,335.804,336.33,14440154.2792171
1785330000000,336.1,336.1,335.256,335.27,20341101.81369547
1785330900000,334.99,335.814,334.032,334.48,24219066.28773672
1785331800000,334.675,336.45,333.565,334.66,500545832.9929566
1785332700000,334.7,335.2,332.1,332.97,323099603.09099406
1785333600000,332.905,333.35,331.62,331.845,280396101.3373693
1785334500000,331.755,333.85,331.755,332.525,268861353.4199191
1785335400000,332.53,333.485,332.345,332.92,192548984.94069603
1785336300000,333.075,334.72,332.76,334.29,259340389.50191718
1785337200000,334.19,335.59,334.06,334.245,278864633.60767674
1785338100000,334.175,334.79,333.717,333.86,208578613.2194721
1785339000000,333.824,334.55,333.29,333.669,199586722.099003
1785339900000,333.63,334.0,332.355,332.87,207848081.9745012
1785340800000,332.91,334.88,332.86,334.2,189853656.71925557
1785341700000,334.01,335.8,333.99,335.62,177189144.7361907
1785342600000,335.63,335.84,334.775,335.25,127859335.19927853
1785343500000,335.21,336.68,335.09,336.562,188852884.67321178
1785344400000,336.65,337.68,335.985,337.615,229544482.17953202
1785345300000,337.54,338.17,337.23,337.27,212666818.8840736
1785346200000,337.13,337.254,335.975,336.37,188104682.3217508
1785347100000,336.35,338.005,336.23,337.895,190917204.18937954
1785348000000,337.866,340.38,337.866,339.374,405660770.5185813
1785348900000,339.5,340.44,339.385,340.16,335342365.03712267
1785349800000,340.195,341.246,339.37,341.2,253240133.1836921
1785350700000,341.145,342.51,340.905,341.72,278409381.79473704
1785351600000,341.655,342.16,339.79,340.22,282831581.3235036
1785352500000,340.15,340.55,336.56,336.99,247366040.14820838
1785353400000,337.04,337.23,335.345,336.146,306344080.1072863
1785354300000,336.27,337.085,335.5,336.48,1112039224.4472365
1785355200000,336.09,336.932,334.009,334.99,1363481648.0819342
1785356100000,334.11,335.699,332.567,333.01,20279822.84253337
1785357000000,332.9,334.348,332.71,333.99,18117382.1102615
1785357900000,333.544,333.844,332.68,333.469,11187278.68068232
1785358800000,333.72,333.72,332.223,332.89,39392239.26058173
1785359700000,333.01,333.145,331.682,332.01,11944325.22778836
1785360600000,330.42,331.9,329.577,330.0,18599694.47922584
1785361500000,330.4,331.28,329.671,330.4,11960242.77815424
1785362400000,332.72,335.635,331.25,334.71,31980986.8332512
1785363300000,334.99,336.109,334.218,334.99,15841652.64412597
1785364200000,336.0,336.77,335.203,336.71,15039928.24689359
1785365100000,336.79,336.812,334.553,334.6,12435973.67949189
1785366000000,335.46,335.949,335.306,335.77,7560219.00796121
1785366900000,335.355,335.865,335.191,335.862,4887961.34802211
1785367800000,335.89,336.144,335.669,335.89,3228901.94182243
1785368700000,336.05,336.48,335.707,336.05,3761387.13944617
1785369600000,335.912,337.14,335.49,336.86,1589448.2
1785370500000,336.87,337.02,336.24,336.58,1763428.38
1785371400000,336.7,336.76,336.07,336.19,626034.52
1785372300000,336.22,336.39,336.02,336.27,1169699.71
1785373200000,336.3,336.99,336.15,336.89,2130711.12
1785374100000,336.73,337.42,336.52,337.3,1774624.43
1785375000000,337.31,338.23,337.31,337.43,2689097.23
1785375900000,337.49,337.88,337.34,337.44,1223577.65
1785376800000,337.49,337.66,336.39,336.57,3800605.97
1785377700000,336.51,336.56,336.25,336.35,1082104.34
1785378600000,336.35,336.52,335.68,335.78,2671593.49
1785379500000,335.92,336.01,335.49,335.49,1222254.67
1785380400000,335.48,335.73,334.93,334.96,854965.38
1785381300000,334.95,335.35,334.73,335.27,1987173.45
1785382200000,335.05,335.49,334.78,335.01,1580441.24
1785383100000,335.03,335.49,334.97,335.09,538973.53
1785384000000,335.15,335.62,334.71,334.84,916643.31
1785384900000,334.84,335.31,334.65,335.31,1629713.8
1785385800000,335.3,335.5,335.13,335.23,1119982.02
1785386700000,335.23,335.38,334.69,334.86,1352333.41
1785387600000,334.79,334.95,334.73,334.93,892579.18
1785388500000,334.92,335.2,334.77,334.94,947016.55
1785389400000,334.96,335.03,334.51,334.95,1354926.9
1785390300000,335.03,335.14,334.76,334.99,477988.5
1785391200000,335.0,335.21,334.83,334.91,1461002.51
1785392100000,334.91,335.05,334.75,335.02,486948.22
1785393000000,334.9,334.93,334.37,334.43,596953.81
1785393900000,334.43,334.83,334.25,334.75,1593496.67
1785394800000,334.83,335.81,334.83,335.6,1998411.04
1785395700000,335.63,335.63,335.04,335.34,804986.04
1785396600000,335.32,335.32,334.9,335.09,1328046.28
1785397500000,335.02,335.05,334.41,334.41,862810.1
1785398400000,334.47,335.929,334.168,334.94,28222270.61873344
1785399300000,335.23,335.52,335.15,335.23,1871015.55562073
1785400200000,335.51,335.623,335.235,335.35,1432385.83565267
1785401100000,335.36,335.614,335.34,335.34,1272140.69199379
1785402000000,335.56,336.038,335.403,335.56,1456336.81881316
1785402900000,336.032,336.782,335.887,336.782,2519454.84991008
1785403800000,337.13,337.35,336.783,336.89,2275721.91734326
1785404700000,336.925,337.089,336.619,336.619,1204007.50105972
1785405600000,336.618,336.813,336.355,336.491,1909672.268422247
1785406500000,336.43,336.59,336.299,336.43,4623254.67182371
1785407400000,336.505,337.247,336.437,337.131,2805027.22401696
1785408300000,337.01,337.38,336.915,336.93,5661454.19851592
1785409200000,337.27,337.59,336.931,337.39,8028139.75111518
1785410100000,337.33,337.598,336.941,337.49,4843300.03377442
1785411000000,337.6,338.113,337.39,337.69,7818742.18791715
1785411900000,337.56,337.817,336.841,337.49,9276419.09426887
1785412800000,336.4,336.956,334.5,334.5,14666812.70599412
1785413700000,334.722,334.997,334.334,334.341,10665213.186764825
1785414600000,334.384,334.706,333.58,334.271,17132498.688318644
1785415500000,334.2,335.35,334.117,335.05,17041905.99261296
1785416400000,334.85,335.983,334.85,335.69,18484780.11775166
1785417300000,335.84,336.066,333.932,334.18,32872471.9018566
1785418200000,334.195,336.47,331.47,332.06,860285187.2951461
1785419100000,332.192,333.72,330.37,332.44,815268643.9279383
1785420000000,332.397,335.205,332.05,332.851,638289337.2550379
1785420900000,332.645,333.63,331.795,331.8,465046162.59305197
1785421800000,331.78,333.64,331.64,332.355,339514395.160515
1785422700000,332.3,333.35,331.91,332.8,221121747.09587306
1785423600000,332.925,332.925,331.43,331.65,353140888.817804
1785424500000,331.65,332.255,331.1,331.46,246937366.8683636
1785425400000,331.42,333.565,331.28,333.455,170669416.3808337
1785426300000,333.455,334.1,332.831,332.88,182432685.10809433
1785427200000,332.78,334.29,332.72,333.89,250007737.3247264
1785428100000,333.946,335.135,333.83,334.871,187992486.94400465
1785429000000,334.835,335.33,334.372,334.465,156207864.4143855
1785429900000,334.37,334.66,333.55,334.54,193424468.02414197
1785430800000,334.49,335.17,334.41,334.41,147158208.59785864
1785431700000,334.438,334.438,332.76,332.873,313708033.70763975
1785432600000,332.855,334.24,332.39,333.186,441501213.8301022
1785433500000,333.15,334.74,332.245,333.055,275582874.6985679
1785434400000,333.02,333.17,332.055,332.67,232208001.46027794
1785435300000,332.61,332.95,332.06,332.06,169262313.77928585
1785436200000,332.08,334.11,332.065,334.08,221705270.4072803
1785437100000,334.128,334.92,334.128,334.599,217311048.92429528
1785438000000,334.58,334.88,334.16,334.59,176401440.35148597
1785438900000,334.605,334.88,334.28,334.34,177456660.36970755
1785439800000,334.345,334.48,333.9,334.25,264041404.55708894
1785440700000,333.65,333.85,333.53,333.69,720771594.479361
1785441600000,333.666,334.34,333.335,333.519,1859484420.515055
1785442500000,333.69,334.634,333.526,334.36,22051828.96419276
1785443400000,335.05,336.086,334.422,334.82,35794759.64444495
1785444300000,334.55,334.897,334.536,334.55,84268848.20503716
1785445200000,334.704,334.704,334.279,334.279,7354838.24673643
1785446100000,334.278,334.32,334.073,334.312,13870002.727237606
1785447000000,334.19,334.347,333.82,334.0,11852584.29264732
1785447900000,334.45,334.62,334.325,334.45,6635764.35024001
1785448800000,334.44,335.521,334.347,335.25,8837137.5271203
1785449700000,335.23,335.367,335.021,335.23,6117778.69906716
1785450600000,335.058,335.51,335.025,335.49,6239603.57431885
1785451500000,335.49,335.726,335.336,335.489,7001499.39561642
1785452400000,335.485,335.685,335.193,335.193,2093396.33087462
1785453300000,335.19,335.34,335.123,335.19,2808730.67822294
1785454200000,335.3,335.571,335.1,335.571,7571984.81006481
1785455100000,335.61,335.748,335.441,335.61,8624528.56709532
1785456000000,335.71,336.48,335.25,336.48,33571.4
1785456900000,336.47,336.63,336.01,336.02,2613221.42
1785457800000,336.16,337.13,336.12,337.03,2372206.61
1785458700000,337.12,337.97,336.96,337.97,3074034.46
1785459600000,337.94,340.0,337.94,338.65,5547352.92
1785460500000,338.67,339.33,338.61,338.65,2591974.55
1785461400000,338.65,338.67,338.26,338.48,1871905.65
1785462300000,338.51,338.77,338.3,338.77,1790865.78
1785463200000,338.77,339.03,338.48,338.78,1431176.38
1785464100000,338.82,338.95,338.5,338.78,827149.86
1785465000000,338.8,339.01,338.6,339.0,421537.58
1785465900000,339.02,339.73,339.01,339.73,4413279.01
1785466800000,339.67,339.89,339.5,339.72,2504931.49
1785467700000,339.71,340.04,339.68,340.04,1306915.05
1785468600000,340.1,340.44,340.06,340.39,1491811.05
1785469500000,340.34,341.16,340.25,340.74,3462815.96
1785470400000,340.73,340.85,340.4,340.78,951442.37
1785471300000,340.8,341.09,340.67,341.0,1190164.94
1785472200000,341.11,341.75,341.11,341.49,1820728.06
1785473100000,341.51,341.57,340.8,341.06,701662.64
1785474000000,341.17,341.37,340.69,340.91,1502204.3
1785474900000,340.93,341.45,340.76,341.29,1281277.54
1785475800000,341.34,341.64,341.18,341.3,988913.03
1785476700000,341.3,342.0,341.24,341.98,1299188.04
1785477600000,342.01,342.21,340.71,341.07,4893047.03
1785478500000,340.88,341.06,340.75,341.04,1806301.9
1785479400000,341.05,341.08,339.26,339.54,5074946.25
1785480300000,339.53,340.13,339.11,339.82,1685595.5
1785481200000,339.75,340.42,339.51,340.41,1755323.51
1785482100000,340.36,340.53,340.11,340.5,1497805.89
1785483000000,340.56,340.64,340.24,340.43,995139.26
1785483900000,340.52,340.64,340.31,340.62,486197.07
1785484800000,342.32,343.207,336.383,343.13,74169266.37834802
1785485700000,342.59,343.113,341.908,341.98,14619588.3903437
1785486600000,341.84,342.0,341.592,341.75,4315953.13445689
1785487500000,341.92,342.438,341.872,342.07,4613464.03857279
1785488400000,341.45,342.35,341.25,341.4,9680375.63683634
1785489300000,341.48,341.7,340.795,341.21,7174250.0605773
1785490200000,341.31,341.651,340.805,341.54,9232690.38145082
1785491100000,341.67,341.8,341.581,341.8,3334328.0758806
1785492000000,341.57,341.638,340.747,340.87,9531432.0992165
1785492900000,340.53,341.215,340.331,340.53,3102206.85741694
1785493800000,340.33,340.651,340.102,340.33,2079031.83561729
1785494700000,340.06,340.249,339.685,339.89,9688248.30377801
1785495600000,339.35,339.879,338.813,338.86,14159835.95030084
1785496500000,339.005,339.647,338.92,339.63,17233708.79888189
1785497400000,339.37,339.72,338.873,339.0,9228143.50026019
1785498300000,338.68,338.937,338.27,338.4,69018182.7910962
1785499200000,338.29,338.466,337.665,338.17,7770834.02039352
1785500100000,337.6,337.932,337.452,337.69,5118137.76115038
1785501000000,338.01,338.219,337.665,337.83,11703040.35677249
1785501900000,337.49,337.845,337.192,337.6,5276041.67679966
1785502800000,337.66,338.055,337.591,338.055,12674428.43048718
1785503700000,337.83,341.112,337.66,340.14,44088306.09198129
1785504600000,340.84,345.9,340.345,341.645,1088722500.5554075
1785505500000,341.72,344.68,341.5,343.66,590259218.2757593
1785506400000,343.56,346.84,343.56,346.18,838173037.5478079
1785507300000,346.16,348.08,345.575,347.58,598980391.9344101
1785508200000,347.67,349.22,346.95,349.04,426119264.95217264
1785509100000,349.01,353.36,348.99,352.28,1114874868.0225868
1785510000000,352.285,353.655,348.99,349.705,584579094.39141
1785510900000,349.7,350.89,348.62,348.84,374281169.3871161
1785511800000,348.85,350.48,348.44,349.82,301754544.47229415
1785512700000,349.858,352.69,348.98,351.722,482403400.6492421
1785513600000,351.76,352.995,351.69,352.91,214808021.67565805
1785514500000,352.95,354.45,352.49,354.33,337558631.5452062
1785515400000,354.375,354.59,352.965,353.135,338519668.70621026
1785516300000,353.094,353.74,352.76,353.113,354748054.55439687
1785517200000,353.14,353.77,352.76,353.24,341697583.1909976
1785518100000,353.27,354.61,353.255,354.4,308550476.00563776
1785519000000,354.409,354.86,353.44,353.859,326784420.4422646
1785519900000,353.861,354.16,353.28,353.9,217411315.84771532
1785520800000,353.91,355.025,353.905,354.935,345293841.4822757
1785521700000,355.01,356.29,354.915,355.97,577261526.0603104
1785522600000,356.028,356.325,355.3,355.419,350769791.0960808
1785523500000,355.42,355.7,355.04,355.283,337338428.11554915
1785524400000,355.286,355.7,355.07,355.439,625122147.57541
1785525300000,355.438,355.9,354.6,355.632,325068274.9324498
1785526200000,355.66,357.61,355.45,357.335,695080183.654286
1785527100000,357.35,358.55,355.94,356.07,1617778896.568105
1785528000000,356.91,356.98,354.699,355.08,2908955248.144208
1785528900000,355.15,355.324,354.933,355.24,8999635.01143391
1785529800000,355.13,355.19,354.94,354.97,16828576.48024266
1785530700000,355.01,355.25,354.56,354.56,19633795.45200687
1785531600000,354.71,355.024,354.507,354.71,6105373.07939253
1785532500000,354.74,355.0,354.002,354.81,8656307.17925425
1785533400000,354.355,354.355,353.932,353.932,4672307.325391257
1785534300000,353.93,353.93,353.375,353.375,2959631.29957249
1785535200000,353.7,353.73,353.061,353.73,4114067.35335904
1785536100000,353.06,353.26,353.015,353.052,2490031.58525917
1785537000000,353.052,353.765,353.005,353.765,8759073.07527841
1785537900000,353.765,353.865,353.375,353.525,3380893.7757928
1785538800000,354.01,354.01,353.511,354.01,1485764.92069281
1785539700000,354.05,354.13,353.714,354.05,1913255.04830477
1785540600000,353.97,354.128,353.836,353.97,3047620.73127621
1785541500000,353.935,354.24,353.675,354.154,5379158.056820234
1785543300000,354.34,354.45,354.19,354.38,543.053649
1785544200000,354.49,357.93,353.74,354.98,4423.484163
1785545100000,357.99,358.81,355.11,358.48,660.583045
1785546000000,358.89,359.34,352.56,354.12,2803.011501
1785546900000,353.92,354.15,353.85,353.85,710.618077
1785548700000,353.84,353.96,353.78,353.78,378.037722
1785549600000,353.9,354.03,353.67,353.67,375.03588
1785550500000,353.67,353.67,353.67,353.67,19.310382
1785551400000,353.67,353.67,353.62,353.62,128.233062
1785553200000,353.62,353.62,353.62,353.62,1067.861676
1785554100000,353.81,353.89,353.47,353.47,1057.508272
1785555000000,353.74,353.96,353.47,353.47,922.243762
1785555900000,353.67,353.67,352.9,352.9,1196.799571
1785556800000,352.9,353.9,352.86,352.86,729.8674
1785557700000,353.02,354.49,352.52,354.3,2062.899749
1785558600000,354.38,354.75,354.27,354.28,3256.744699
1785559500000,354.61,354.61,353.04,353.04,14661.648596
1785560400000,353.11,353.9,351.2,351.69,2130.938734
1785561300000,351.25,353.86,351.18,351.39,604.018254
1785562200000,351.39,353.86,351.18,353.86,929.617278
1785563100000,353.86,353.86,351.21,353.86,631.516724
1785564000000,351.21,353.86,351.18,353.86,543.059105
1785564900000,351.22,353.95,350.37,350.9,2318.865351
1785565800000,350.32,353.9,350.3,350.3,890.078246
1785566700000,350.3,353.9,350.3,353.9,261.4737
1785567600000,353.9,353.9,350.25,353.89,849.055204
1785568500000,353.89,353.89,350.25,350.25,94.605396
1785569400000,353.89,353.89,350.1,350.1,702.455708
1785571200000,350.13,350.13,350.13,350.13,19.117098
1785572100000,353.89,353.89,350.13,350.13,57.239969
1785573000000,353.89,353.89,350.13,350.13,185.795194
1785573900000,353.89,353.89,350.13,350.13,258.938823
1785574800000,353.89,353.95,350.13,350.13,2926.770667
1785575700000,350.13,350.13,350.13,350.13,20.692683
1785576600000,353.95,353.95,350.13,353.95,664.909468
1785577500000,350.13,353.95,350.13,350.13,240.477416
1785578400000,350.13,353.95,350.13,353.95,184.395867
1785579300000,350.13,353.95,350.13,353.95,195.680455
1785580200000,350.13,354.02,350.12,354.02,279.697651
1785581100000,350.12,354.02,350.01,350.16,2509.911393
1785582000000,352.77,354.03,350.01,352.93,1296.342885
1785582900000,350.45,354.03,350.25,350.83,1292.94084
1785583800000,353.29,354.03,350.02,350.02,470.326858
1785584700000,352.78,353.74,350.76,351.12,1671.552523
1785585600000,353.11,354.03,350.01,352.78,4371.760702
1785586500000,350.26,354.03,350.02,351.0,2403.662503
1785587400000,352.17,354.02,350.01,352.34,1306.102286
1785588300000,352.33,354.03,350.0,350.0,2674.61176
1785589200000,350.31,352.55,349.73,349.76,763.69509
1785590100000,349.8,350.17,349.64,349.96,1210.710585
1785591000000,349.62,349.84,347.63,348.08,5010.353864
1785591900000,347.57,347.99,345.42,345.75,6765.528113
1785592800000,345.21,347.99,342.93,342.93,5738.247297
1785593700000,343.67,355.92,342.93,346.79,535.968137
1785594600000,351.64,353.87,342.93,345.7,2253.272546
1785596400000,346.34,353.87,346.34,353.87,532.05122
1785597300000,346.99,353.87,346.99,353.87,157.082289
1785598200000,351.65,353.87,342.19,344.88,41161.536904
1785599100000,347.68,350.81,342.65,347.99,780.476762
1785600000000,350.81,354.07,346.78,353.89,396.234435
1785600900000,352.65,354.07,342.64,342.66,1966.483121
1785601800000,349.35,353.5,342.66,353.5,363.287462
1785602700000,353.15,354.05,344.77,344.77,798.668382
1785603600000,352.01,352.01,343.69,343.69,94.718518
1785604500000,347.07,349.0,347.07,349.0,91.085438
1785605400000,353.5,353.5,353.5,353.5,19.97275
1785606300000,344.12,344.12,344.03,344.1,236.750793
1785607200000,353.88,353.88,344.11,344.11,85.888158
1785608100000,353.29,354.05,344.97,346.15,1037.15043
1785609000000,346.15,346.15,346.15,346.15,18.89979
1785609900000,353.8,353.8,344.83,353.07,722.906816
1785616200000,351.05,353.07,351.05,353.06,1192.788404
1785617100000,353.06,353.06,342.7,342.7,826.088819
1785621600000,342.7,354.07,342.7,342.7,235.355343
1785627000000,353.98,353.98,353.98,353.98,41.982028
1785629700000,353.98,353.98,353.98,353.98,107.645318
1785630600000,353.98,353.98,343.0,343.0,148.251438
1785632400000,343.21,353.98,343.21,353.98,130.856271
1785633300000,353.88,353.98,344.0,353.98,596.783882
1785635100000,353.98,353.98,344.51,344.51,396.988212
1785636000000,344.51,344.51,344.51,344.51,56.430738
1785636900000,353.97,353.97,344.51,344.51,45.092253
1785638700000,353.97,353.97,347.0,347.0,66.177338
1785639600000,348.0,348.0,348.0,348.0,19.0008
1785640500000,348.0,348.0,348.0,348.0,38.0016
1785641400000,348.1,348.1,348.1,348.1,71.98708
1785643200000,353.97,353.97,353.5,353.5,24.478462
1785645000000,353.97,353.97,353.97,353.97,38.972097
1785645900000,353.97,353.97,353.55,353.55,120.384549
1785646800000,353.55,353.55,353.55,353.55,38.643015
1785648600000,353.71,353.98,353.55,353.98,1240.274267
1785649500000,353.98,353.98,353.55,353.55,6348.794929
1785650400000,353.5,354.0,353.5,354.0,162.590026
1785651300000,353.94,354.0,352.9,353.62,996.141233
1785652200000,352.82,354.0,352.81,352.86,1747.320607
1785653100000,352.87,353.7,352.86,352.93,669.100227
1785654000000,353.64,353.84,352.82,352.82,1469.892242
1785654900000,353.6,353.69,352.81,353.62,832.906513
1785655800000,353.53,354.0,353.48,353.82,438.399376
1785656700000,353.83,354.05,353.2,353.2,13377.336082
1785657600000,353.28,353.28,351.51,351.51,2904.63836
1785658500000,351.92,354.46,348.87,348.87,2628.149187
1785659400000,349.28,350.63,348.9,349.09,355.134417
1785660300000,350.55,353.24,349.75,353.24,2545.219562
1785661200000,353.24,353.29,353.23,353.23,2342.171523
1785662100000,353.29,353.29,350.37,352.87,1539.499946
1785663000000,352.34,353.4,350.58,351.04,2420.733912
1785663900000,353.09,353.09,350.59,350.77,317.613958
1785664800000,352.84,353.58,351.0,353.35,1714.20987
1785665700000,353.34,353.35,351.17,353.35,4892.774763
1785667500000,353.34,353.35,352.01,352.01,550.434666
1785669300000,353.35,353.35,352.4,352.4,75.819395
1785670200000,353.35,353.35,352.4,352.4,28.327265
1785671100000,353.35,353.35,352.5,352.51,506.274671
1785672000000,353.35,353.41,350.39,350.39,1048.929273
1785673800000,353.41,353.41,353.41,353.41,25.975635
1785674700000,350.6,350.6,350.6,350.6,19.14276
1785675600000,350.63,351.59,350.39,351.37,233.858273
1785676500000,350.89,351.8,350.89,351.8,558.98511
1785677400000,353.41,353.41,350.91,350.91,445.565612
1785678300000,352.82,352.82,350.91,350.91,151.347302
1785679200000,352.81,352.81,350.91,350.91,265.949258
1785681000000,352.62,352.62,352.62,352.62,29.9727
1785681900000,352.67,352.67,350.4,352.67,69.316409
1785682800000,352.69,353.1,350.4,350.4,371.341746
1785683700000,353.1,353.1,350.39,350.39,589.10285
1785684600000,352.99,352.99,350.0,350.39,581.976318
1785685500000,353.1,353.1,350.4,350.4,791.51799
1785686400000,353.1,353.1,353.1,353.1,22.38654
1785687300000,350.4,350.4,350.4,350.4,19.13184
1785688200000,352.94,352.94,352.94,352.94,232.23452
1785689100000,353.1,353.1,353.1,353.1,349.9221
1785690000000,350.1,350.1,350.1,350.1,152.92368
1785690900000,350.1,353.47,350.1,350.1,929.563861
1785691800000,350.1,353.11,350.1,350.1,449.416276
1785692700000,350.1,353.37,350.09,350.09,798.821373
1785693600000,353.07,353.07,350.1,350.1,362.054511
1785694500000,353.06,353.06,350.12,350.13,108.989996
1785696300000,353.37,354.21,353.37,353.88,4977.431862
1785697200000,354.34,354.34,353.88,353.88,25.920852
1785698100000,354.34,354.34,353.88,353.88,430.243742
1785699000000,354.34,354.34,354.34,354.34,14.315336
1785699900000,353.86,353.86,353.67,353.67,1327.275835
1785703500000,354.3,354.47,353.66,353.66,648.95935
1785705300000,354.48,354.48,354.48,354.48,35.589792
1785708000000,354.5,354.51,354.28,354.28,88.862539
1785708900000,354.53,354.55,354.53,354.55,7090.6652
1785709800000,354.78,355.91,354.78,355.46,10154.796904
1785710700000,355.95,356.84,354.74,355.39,1950.733361
1785711600000,356.48,356.89,355.48,355.48,618.295206
1785712500000,356.43,357.54,355.28,355.77,1768.923546
1785713400000,357.43,357.63,357.0,357.53,3439.455963
1785714300000,357.53,359.0,357.44,358.84,3237.49945
1785715200000,356.99,359.9,355.78,359.85,8781461.14
1785716100000,359.9,361.23,359.35,359.97,6605200.46
1785717000000,359.98,360.79,359.76,359.84,5434598.22
1785717900000,359.85,360.39,359.68,359.92,2647817.61
1785718800000,359.86,359.86,358.78,359.26,4103559.86
1785719700000,359.17,359.46,358.86,359.37,1837401.81
1785720600000,359.37,359.43,358.66,359.24,1311412.94
1785721500000,359.16,359.82,358.93,359.73,1699456.67
1785722400000,359.79,360.55,359.65,360.55,2543310.99
1785723300000,360.55,360.97,360.33,360.61,2037180.21
1785724200000,360.56,361.31,360.51,360.79,1838661.05
1785725100000,360.84,361.18,360.75,360.96,957343.3
1785726000000,360.97,361.09,360.65,360.66,690629.65
1785726900000,360.59,360.71,360.2,360.38,1540468.39
1785727800000,360.28,360.6,360.2,360.48,590051.01
1785728700000,360.48,360.91,360.4,360.78,1117148.16
1785729600000,360.72,360.8,359.74,359.74,2389348.8
1785730500000,359.89,360.12,359.89,360.02,704929.61
1785731400000,360.01,360.13,359.9,360.13,658450.82
1785732300000,360.14,360.3,359.36,359.36,1601774.91
1785733200000,359.43,359.66,359.21,359.32,1092193.66
1785734100000,359.39,360.05,359.21,359.79,2343858.03
1785735000000,359.91,359.97,359.69,359.85,874812.13
1785735900000,359.9,360.6,359.86,360.59,1786437.65
1785736800000,360.59,360.88,360.49,360.6,1487945.93
1785737700000,360.56,361.05,360.53,360.54,2818382.22
1785738600000,360.61,360.71,360.53,360.56,1557028.85
1785739500000,360.57,361.12,360.5,360.99,1814438.45
1785740400000,361.03,361.18,360.64,361.18,2439968.06
1785741300000,361.18,361.4,360.94,360.94,775651.94
1785742200000,360.94,361.02,360.4,360.43,1967175.59
1785743100000,360.42,361.05,360.25,360.31,1733974.2
1785744000000,355.208,360.457,355.208,358.982,52705391.707507424
1785744900000,357.68,359.084,357.497,358.57,6498322.56869198
1785745800000,359.93,360.498,358.28,359.93,6830982.8588099
1785746700000,360.0,360.42,359.94,359.99,6169028.75790457
1785747600000,360.24,360.595,360.225,360.26,3872578.52862805
1785748500000,360.9,361.345,360.375,360.87,5887955.10343635
1785749400000,361.345,361.45,361.029,361.257,3594244.50049718
1785750300000,361.78,362.143,361.22,361.94,7412826.86155383
1785751200000,362.35,362.711,361.56,362.12,14483186.63504018
1785752100000,362.67,363.99,362.67,362.932,22587871.360357396
1785753000000,362.96,363.535,362.716,363.09,12130139.64567917
1785753900000,363.11,363.29,362.099,362.31,14489868.27959288
1785754800000,362.2,362.905,361.688,362.02,25891070.97206343
1785755700000,362.33,363.03,361.907,362.65,16772132.38585562
1785756600000,362.151,363.27,362.15,362.832,17969179.719452564
1785757500000,362.99,362.99,361.702,361.99,20048023.65013645
1785758400000,362.06,362.579,361.49,361.49,18726393.20127448
1785759300000,362.81,362.955,361.981,362.85,20583810.38841858
1785760200000,363.27,363.73,362.773,363.27,26804981.71620287
1785761100000,363.336,363.373,362.51,363.067,135477634.06021133
1785762000000,363.18,364.105,362.948,363.28,103278353.13423647
1785762900000,361.99,366.02,360.72,364.59,123366074.6435191
1785763800000,365.445,372.75,363.43,372.575,1649797999.8711667
1785764700000,372.68,374.29,371.13,371.32,920332451.2055935
1785765600000,371.375,372.62,368.54,369.205,750366291.8572669
1785766500000,369.35,369.43,367.52,367.945,579032802.1317405
1785767400000,368.045,368.885,366.796,368.405,417764804.91926426
1785768300000,368.461,369.251,367.575,368.953,367276624.205378
1785769200000,368.962,370.37,368.18,369.836,438589435.45334685
1785770100000,369.848,373.11,369.42,372.748,541516982.7703025
1785771000000,372.78,375.51,372.64,375.295,557795974.6964922
1785771900000,375.29,375.755,374.42,374.67,412885859.3918755
1785772800000,374.616,375.43,374.25,375.134,348774698.20902765
1785773700000,375.131,375.53,374.55,375.079,381564750.3242999
1785774600000,375.135,376.68,375.08,375.97,405057786.4688692
1785775500000,375.98,376.205,375.3,375.99,209969666.1881347
1785776400000,375.97,376.02,374.65,374.655,311721286.0656803
1785777300000,374.656,375.07,374.21,374.738,264658958.92632
1785778200000,374.736,375.04,374.35,374.547,210013494.98732764
1785779100000,374.56,375.08,373.9,374.22,315434629.91011834
1785780000000,374.18,374.39,373.6,374.115,226396483.35459712
1785780900000,374.14,374.38,373.54,373.58,242292032.5174298
1785781800000,373.65,375.51,373.51,375.285,314842864.59492683
1785782700000,375.335,375.77,374.85,375.46,230215466.69496292
1785783600000,375.51,375.63,374.74,374.97,321105555.47155976
1785784500000,374.99,375.0,374.17,374.25,353124070.17760587
1785785400000,374.251,374.615,374.09,374.17,666513429.7399447
1785786300000,374.16,374.78,373.17,373.51,1305151829.024673
1785787200000,373.458,373.626,372.516,372.56,2024110349.1542299
1785788100000,372.69,372.811,372.372,372.69,42280296.23750837
1785789000000,372.1,372.585,372.1,372.31,11214083.45804756
1785789900000,371.51,372.395,371.466,371.51,7495770.17330454
1785790800000,371.918,372.08,371.76,372.076,98902738.8981676
1785791700000,372.01,372.204,371.818,372.01,6204069.58344686
1785792600000,371.98,371.98,371.61,371.98,2050200.84258304
1785793500000,371.617,371.62,371.296,371.482,5741140.39517684
1785794400000,371.49,371.88,371.402,371.49,3693353.36007218
1785795300000,371.501,371.974,371.407,371.862,4228771.678202683
1785796200000,372.62,373.01,371.675,373.01,6294289.40602876
1785797100000,372.41,372.874,372.091,372.41,4521029.00954993
1785798000000,372.15,372.359,371.802,371.875,3818690.33579909
1785798900000,371.875,372.139,371.636,371.775,1936020.27355534
1785799800000,371.09,371.807,371.073,371.09,2889708.50795344
1785800700000,370.77,371.327,370.7,370.85,4243042.23831962
1785801600000,371.57,371.63,370.49,371.16,2003577.62
1785802500000,371.28,371.72,370.94,371.49,986717.99
1785803400000,371.48,371.92,371.22,371.92,1351126.28
1785804300000,371.99,372.41,371.84,372.25,1494464.8
1785805200000,372.25,372.84,371.86,372.68,1605663.8
1785806100000,372.83,373.42,372.38,373.37,1704511.26
1785807000000,373.3,373.73,373.22,373.73,802320.45
1785807900000,373.75,374.37,373.75,373.84,1950397.49
1785808800000,374.0,374.15,373.42,373.49,1067145.25
1785809700000,373.42,373.82,373.34,373.81,1379907.03
1785810600000,373.83,374.09,373.8,374.09,515983.83
1785811500000,374.07,374.41,373.87,374.27,1764601.2
1785812400000,374.28,374.31,373.95,373.95,261130.63
1785813300000,373.99,374.03,373.71,373.74,497275.57
1785814200000,373.83,374.34,373.75,374.3,662964.48
1785815100000,374.26,374.64,374.14,374.6,736216.73
1785816000000,374.63,374.75,374.2,374.23,383413.96
1785816900000,374.26,374.73,374.26,374.56,1078008.12
1785817800000,374.54,374.64,374.36,374.47,466583.0
1785818700000,374.37,374.57,374.28,374.47,413794.61
1785819600000,374.4,374.44,374.03,374.09,410872.52
1785820500000,374.19,374.36,374.0,374.18,506270.92
1785821400000,374.29,374.45,373.99,374.18,1409019.65
1785822300000,374.16,374.17,373.94,373.99,1364098.63
1785823200000,374.0,374.05,373.72,373.83,1098093.37
1785824100000,373.86,373.87,373.26,373.26,2017080.92
1785825000000,373.26,373.41,372.2,372.3,3870558.62
1785825900000,372.39,372.55,372.19,372.23,1012802.5
1785826800000,372.33,372.49,371.56,372.0,2164755.05
1785827700000,372.03,372.33,371.82,372.06,1606854.09
1785828600000,372.08,372.11,371.33,371.37,993958.23
1785829500000,371.37,371.75,371.37,371.54,684397.51
1785830400000,370.76,372.805,368.661,370.49,50537904.64771068
1785831300000,369.371,369.917,369.316,369.626,12951385.866433796
1785832200000,369.79,370.504,369.192,369.79,4027631.39229723
1785833100000,370.22,370.461,369.54,370.22,3380907.50573126
1785834000000,369.677,370.186,369.526,370.186,6200694.017763
1785834900000,370.01,370.302,369.75,369.75,1916671.28063407
1785835800000,369.941,370.25,369.701,369.98,2437832.01362719
1785836700000,369.98,370.874,369.972,370.792,2716241.75858302
1785837600000,369.96,370.815,369.96,369.96,3241146.19887252
1785838500000,369.04,370.016,368.152,368.32,8634061.42464523
1785839400000,368.151,368.688,367.518,368.196,16215954.73763221
1785840300000,367.89,368.777,367.402,368.51,12832204.13755429
1785841200000,368.78,368.78,366.596,366.97,24854721.91762392
1785842100000,366.74,367.995,366.375,366.89,17616527.00306139
1785843000000,368.6,369.122,367.394,368.51,76108436.7264092
1785843900000,368.3,369.134,367.654,367.8,12449079.27809035
1785844800000,368.46,368.579,367.194,367.94,14872826.67595557
1785845700000,368.37,369.486,367.793,368.92,15386766.87593
1785846600000,369.2,369.216,368.457,368.71,10182742.8674979
1785847500000,368.49,368.498,367.996,368.009,19568153.18729078
1785848400000,367.1,368.068,366.56,367.31,26970908.06664403
1785849300000,367.324,367.894,366.274,367.196,47405303.5402745
1785850200000,367.51,373.665,367.263,370.98,1066284018.5991294
1785851100000,371.01,376.01,370.775,375.91,600085037.2153844
1785852000000,375.92,378.03,375.145,377.33,662677874.1235905
1785852900000,377.305,377.815,376.05,376.95,511306502.0169306
1785853800000,377.11,377.11,375.1,375.69,352437923.80737287
1785854700000,375.655,376.24,374.73,376.18,319077956.9501573
1785855600000,376.174,377.31,376.04,376.877,681911702.67947
1785856500000,377.0,377.66,375.725,376.265,419801274.55449116
1785857400000,376.27,376.297,375.275,375.41,243520733.74747962
1785858300000,375.45,376.18,375.39,375.89,214347393.36395648
1785859200000,375.875,376.46,375.66,375.835,298080154.58356667
1785860100000,375.836,376.28,375.369,376.232,340218293.84374696
1785861000000,376.235,376.97,376.11,376.816,393250118.4504757
1785861900000,376.94,377.95,376.55,376.595,386826803.8850768
1785862800000,376.585,377.825,376.585,377.77,225447239.4096803
1785863700000,377.738,378.44,377.265,377.587,296519263.5493308
1785864600000,377.588,378.59,377.52,378.567,216291523.57079884
1785865500000,378.57,378.97,378.355,378.635,260649671.3872005
1785866400000,378.62,379.58,378.41,379.475,223341326.94834492
1785867300000,379.49,380.29,379.23,380.144,337005199.86798334
1785868200000,380.147,380.49,379.415,379.586,312790085.8843003
1785869100000,379.591,379.87,379.18,379.483,240177094.62529755
1785870000000,379.487,380.03,379.34,379.94,321600999.3046549
1785870900000,379.94,380.07,378.49,378.745,313611352.8731081
1785871800000,378.745,380.09,378.63,379.94,395168809.2800083
1785872700000,379.933,380.24,377.63,377.685,1070881708.4577333
1785873600000,377.729,377.841,376.81,377.53,2967298291.375209
1785874500000,377.57,379.957,377.387,379.7,22055218.55978917
1785875400000,380.25,380.375,379.499,380.15,17771545.17281568
1785876300000,380.43,380.577,380.242,380.41,34113196.71754944
1785877200000,379.84,380.321,378.913,379.4,36479930.30301738
1785878100000,378.906,379.349,378.79,378.871,10885547.794998609
1785879000000,378.87,379.775,378.58,379.775,4979969.64409544
1785879900000,379.792,380.178,379.391,379.463,6824645.22412548
1785880800000,379.474,380.344,379.45,380.004,5131796.24679904
1785881700000,380.014,380.396,379.825,380.22,5939842.59411461
1785882600000,380.22,380.22,379.501,379.501,4005244.637328723
1785883500000,379.5,379.915,379.5,379.889,1705283.9384778
1785884400000,380.0,380.0,379.78,380.0,2605814.45725808
1785885300000,379.941,380.063,379.777,379.8,2157655.7712373
1785886200000,379.34,379.8,379.2,379.34,2692241.42868248
1785887100000,379.326,379.74,379.181,379.74,3885880.456086547
1785888000000,378.99,379.763,378.62,379.23,1472224.67
1785888900000,379.36,379.36,378.74,378.83,1340569.36
1785889800000,378.88,379.04,378.18,378.24,1552994.03
1785890700000,378.21,378.29,377.77,378.09,1049347.8
1785891600000,378.27,378.54,377.94,378.24,1205247.56
1785892500000,378.24,379.91,377.9,379.91,3747183.78
1785893400000,379.72,380.16,379.59,379.59,2159760.69
1785894300000,379.58,379.7,379.31,379.47,1864316.97
1785895200000,379.38,379.73,379.27,379.62,541865.02
1785896100000,379.71,379.9,379.6,379.66,257103.69
1785897000000,379.73,379.85,379.68,379.76,749266.6
1785897900000,379.83,380.22,379.8,380.15,1097796.3
1785898800000,380.18,380.48,380.16,380.39,556874.93
1785899700000,380.44,380.61,380.29,380.29,686399.52
1785900600000,380.27,380.39,380.03,380.03,590087.18
1785901500000,380.03,380.18,379.95,380.13,308977.54
1785902400000,380.14,380.17,379.99,379.99,378977.47
1785903300000,379.92,379.92,379.71,379.72,538585.22
1785904200000,379.78,379.98,379.78,379.87,392808.9
1785905100000,379.93,379.93,379.57,379.77,1129684.55
1785906000000,379.7,379.79,379.33,379.76,1303240.14
1785906900000,379.77,379.77,379.27,379.27,929730.41
1785907800000,379.35,379.54,379.06,379.54,931375.54
1785908700000,379.49,379.96,379.47,379.83,1109704.09
1785909600000,379.82,379.96,379.63,379.92,1057480.91
1785910500000,379.92,380.2,379.88,380.02,1697094.91
1785911400000,380.1,380.3,380.09,380.2,287048.27
1785912300000,380.12,380.28,380.03,380.28,430755.8
1785913200000,380.3,380.6,380.22,380.29,1148079.61
1785914100000,380.25,380.6,380.06,380.3,2380924.26
1785915000000,380.32,380.42,380.19,380.38,1836142.79
1785915900000,380.44,380.54,380.36,380.39,613681.52
1785916800000,380.01,380.673,379.294,379.55,34378050.8884822
1785917700000,379.564,380.48,379.1,380.26,5462045.21085335
1785918600000,380.26,381.404,380.23,381.404,5175084.74508957
1785919500000,381.25,381.754,381.029,381.25,11801425.88404685
1785920400000,381.25,381.777,381.235,381.755,5268344.67216393
1785921300000,382.13,383.148,381.59,382.99,8817119.88160264
1785922200000,382.46,382.844,382.186,382.38,3403757.04845307
1785923100000,382.32,382.704,382.32,382.32,2318777.21243105
1785924000000,382.41,383.065,382.325,382.64,4295378.25456252
1785924900000,382.552,382.621,382.125,382.396,6991977.846770088
1785925800000,382.51,382.899,382.21,382.51,2376339.64480753
1785926700000,382.64,382.945,382.47,382.63,5117972.95049519
1785927600000,382.75,383.299,381.5,381.6,11729798.51728347
1785928500000,381.76,381.907,381.495,381.76,4433743.64110564
1785929400000,381.9,382.04,381.426,381.721,8026879.759606858
1785930300000,382.27,382.704,381.722,382.27,6409284.12471905
1785931200000,383.43,384.048,382.525,383.9,18785287.95333048
1785932100000,383.23,384.036,382.3,382.87,10033793.14591041
1785933000000,382.58,382.725,382.34,382.54,8537639.44616253
1785933900000,382.747,382.86,382.31,382.551,11428224.289405871
1785934800000,382.544,383.327,382.282,383.12,17170507.98821136
1785935700000,381.82,383.577,381.82,383.24,38122961.10740356
1785936600000,383.045,384.44,379.45,381.215,741638838.7145647
1785937500000,381.17,381.184,378.17,379.55,445773056.7384633
1785938400000,379.39,380.18,377.98,379.17,282277529.1348586
1785939300000,380.793,380.793,380.793,380.793,331254000.26224846
1785940200000,380.86,382.31,380.81,381.885,284665000.66437745
1785941100000,381.875,382.26,380.62,380.93,262043659.47354636
1785942000000,381.01,381.655,380.17,380.4,182941148.076105
1785942900000,380.33,380.385,378.735,378.93,170046400.7786045
1785943800000,378.782,379.05,377.16,377.384,303667822.10667
1785944700000,377.4,377.685,375.67,375.93,262056427.05315185
1785945600000,375.85,376.01,356.83,359.92,3873125312.532687
1785946500000,359.68,365.045,359.421,365.03,2042223566.5952275
1785947400000,365.12,365.245,361.61,362.96,797402894.4203619
1785948300000,362.995,365.01,362.31,364.33,718077061.0086992
1785949200000,364.41,365.11,362.88,363.053,427402245.83258075
1785950100000,362.865,363.47,362.39,362.43,401227201.2638278
1785951000000,362.495,362.56,360.83,360.97,382305036.63622427
1785951900000,360.98,363.165,360.92,362.6,297171759.4971147
1785952800000,362.627,364.97,362.619,363.671,411967503.22842765
1785953700000,363.69,364.04,362.595,362.632,302242533.7188584
1785954600000,362.63,363.0,361.625,361.79,255875937.15522182
1785955500000,361.75,362.47,361.19,361.45,319551890.5666698
1785956400000,361.435,361.79,361.045,361.235,270309770.25928575
1785957300000,361.269,362.69,361.12,361.834,490752261.00512284
1785958200000,361.833,363.18,361.745,362.69,421330812.1824193
1785959100000,362.64,363.165,361.18,362.395,1121091926.438565
1785960000000,361.87,362.97,361.53,362.97,1541765094.3955834
1785960900000,361.86,363.563,361.626,363.24,34149336.21787241
1785961800000,363.13,363.324,362.381,363.15,34678120.70118547
1785962700000,362.577,362.665,362.368,362.537,45733388.85246697
1785963600000,362.54,362.69,362.49,362.622,11386581.59770698
1785964500000,362.83,362.949,362.589,362.83,7592016.9123069
1785965400000,362.938,363.169,362.56,362.56,6146982.24986351
1785966300000,362.558,362.856,362.251,362.856,5413343.24423088
1785967200000,362.97,364.362,362.859,363.49,13342455.39871898
1785968100000,364.38,364.694,364.275,364.33,37593218.54763822
1785969000000,364.58,364.98,364.267,364.51,8857063.33687742
1785969900000,364.5,364.79,364.32,364.44,6689918.02859335
1785970800000,364.37,364.668,364.3,364.37,4668900.89845027
1785971700000,364.67,364.894,364.307,364.762,8806798.89644273
1785972600000,364.743,364.904,364.516,364.615,9721702.216750808
1785973500000,364.615,364.892,364.611,364.71,8167851.25828874
1785974400000,364.73,365.03,364.09,364.52,729.412
1785975300000,364.6,365.12,364.44,364.54,1498291.94
1785976200000,364.58,364.89,364.34,364.7,625274.21
1785977100000,364.69,364.86,364.24,364.29,1326773.23
1785978000000,364.28,364.29,363.59,363.89,2839515.58
1785978900000,363.83,364.31,363.57,364.27,1401839.14
1785979800000,364.3,364.59,364.18,364.34,982714.0
1785980700000,364.35,364.68,364.21,364.6,1329390.7
1785981600000,364.58,364.69,364.36,364.48,1030146.77
1785982500000,364.42,364.8,364.42,364.72,834622.07
1785983400000,364.7,364.88,364.58,364.84,1359058.33
1785984300000,364.82,364.86,364.53,364.53,1016399.63
1785985200000,364.54,364.82,364.52,364.72,846207.11
1785986100000,364.73,364.74,364.45,364.47,701909.16
1785987000000,364.48,364.73,364.34,364.64,1292825.35
1785987900000,364.63,364.8,364.38,364.49,1064984.94
1785988800000,364.5,364.52,364.35,364.37,1369192.56
1785989700000,364.35,364.8,364.33,364.59,465913.76
1785990600000,364.58,364.61,364.38,364.46,188450.52
1785991500000,364.4,364.67,364.27,364.67,341475.27
1785992400000,364.67,364.72,364.43,364.46,930782.06
1785993300000,364.5,364.65,364.44,364.65,590916.12
1785994200000,364.66,364.66,364.3,364.59,1033901.7
1785995100000,364.6,364.64,364.37,364.57,885470.77
1785996000000,364.53,364.53,364.12,364.14,800406.36
1785996900000,364.14,364.62,363.97,364.53,1004535.54
1785997800000,364.64,364.64,364.24,364.31,490830.41
1785998700000,364.39,364.51,364.01,364.5,951755.78
1785999600000,364.46,364.96,364.32,364.86,1746262.5
1786000500000,364.86,364.89,364.44,364.74,2274254.47
1786001400000,364.79,364.87,364.47,364.47,806414.48
1786002300000,364.47,364.77,364.42,364.52,329903.53
1786003200000,364.47,366.712,364.336,366.65,41777325.14471807
1786004100000,365.39,366.41,363.98,364.72,8574339.48747928
1786005000000,364.7,365.38,364.42,365.38,5792991.9991631
1786005900000,365.14,365.49,364.726,365.45,4271921.2899472
1786006800000,364.77,365.131,363.87,364.23,5298935.47681928
1786007700000,364.4,364.89,364.344,364.44,2646808.46036676
1786008600000,364.41,364.999,364.171,364.41,3965106.20749607
1786009500000,364.69,364.917,364.39,364.69,1905624.88723562
1786010400000,364.752,364.795,364.273,364.36,4570890.54233725
1786011300000,364.359,364.59,364.03,364.583,3162904.44794518
1786012200000,364.33,364.715,364.101,364.19,4808486.12979012
1786013100000,364.21,364.814,364.11,364.71,2808417.67226306
1786014000000,364.59,364.71,363.87,364.365,16164721.517728766
1786014900000,364.37,364.972,364.19,364.25,13739386.81230214
1786015800000,363.8,364.489,363.681,363.92,13707601.69336114
1786016700000,363.4,364.145,361.0,361.0,61409112.64635685
1786017600000,361.21,361.59,359.45,360.81,52645638.44654013
1786018500000,360.59,360.753,359.608,360.51,26100598.29207551
1786019400000,360.19,361.76,360.051,361.65,17586930.39524445
1786020300000,360.48,361.3,360.128,360.49,16009061.74709902
1786021200000,360.21,360.443,358.71,359.1,28191420.20598606
1786022100000,359.206,360.868,358.73,360.816,44574869.412776686
1786023000000,360.787,364.09,360.155,361.28,705838104.1707375
1786023900000,361.215,363.275,360.91,363.16,374597030.2200486
1786024800000,363.11,363.19,361.05,361.72,316794669.411467
1786025700000,361.76,362.41,360.355,360.51,264885735.13231364
1786026600000,360.515,360.79,359.61,359.666,377523744.93403405
1786027500000,359.683,362.09,359.38,361.893,402916573.98704463
1786028400000,362.035,362.06,359.11,359.14,247646086.6109106
1786029300000,359.14,360.245,358.7,360.245,281408699.9796399
1786030200000,360.29,360.4,359.57,360.13,192858285.94836912
1786031100000,360.059,360.317,359.07,359.22,193526875.48158765
1786032000000,359.188,359.55,358.81,359.54,198880102.99711853
1786032900000,359.465,359.74,359.245,359.72,169275608.68242967
1786033800000,359.725,359.79,358.336,358.49,183116351.9155227
1786034700000,358.47,358.74,357.93,358.34,220377845.39084214
1786035600000,358.338,358.83,357.94,358.049,214736186.8317312
1786036500000,358.051,358.26,357.69,357.791,263094976.0756054
1786037400000,357.91,358.48,357.78,357.83,181581975.22202858
1786038300000,357.85,358.28,357.59,357.65,164629834.99142587
1786039200000,357.675,357.83,356.9,357.225,315040559.4680792
1786040100000,357.243,357.87,356.985,357.647,309197430.25010514
1786041000000,357.66,357.845,357.22,357.24,132847227.85676764
1786041900000,357.26,357.57,357.09,357.38,162483947.38173124
1786042800000,357.33,358.31,357.29,357.93,222007579.94254455
1786043700000,357.935,357.975,357.128,357.16,191441848.9922338
1786044600000,357.125,357.74,357.01,357.368,282652451.9524557
1786045500000,357.42,358.17,357.275,357.875,617960387.7594995
1786046400000,358.07,358.945,357.785,358.45,1747421920.7783976
1786047300000,358.53,358.713,358.266,358.52,6787546.96182356
1786048200000,358.479,358.504,357.871,357.98,6721598.8444321
1786049100000,357.979,358.093,357.8,358.025,97681750.57665624
1786050000000,358.31,358.45,358.025,358.25,3669390.61235834
1786050900000,358.45,358.45,358.306,358.315,8286194.39755022
1786051800000,358.4,358.49,358.265,358.49,6272943.93609329
1786052700000,358.48,358.48,358.381,358.385,2240578.29463206
1786053600000,358.385,358.51,358.191,358.425,3311327.565385732
1786054500000,358.6,358.671,358.425,358.6,3298588.0750309
1786055400000,358.481,358.64,358.251,358.41,1116092.04031869
1786056300000,358.41,358.678,358.4,358.674,2199600.37352061
1786057200000,358.675,358.68,358.585,358.611,3253016.42181297
1786058100000,358.62,358.71,358.595,358.65,3245566.16544625
1786059000000,358.605,358.65,358.375,358.594,2611631.59301784
1786059900000,358.596,358.884,358.555,358.884,1669234.98877676
1786060800000,358.9,359.41,358.83,359.15,1158207.62
1786061700000,359.07,359.1,358.67,358.72,725230.46
1786062600000,358.74,359.06,358.5,358.87,678394.84
1786063500000,358.87,358.97,358.55,358.65,871324.02
1786064400000,358.68,358.77,358.5,358.6,560497.65
1786065300000,358.53,358.59,358.14,358.51,869997.16
1786066200000,358.52,358.74,358.28,358.32,450004.12
1786067100000,358.39,358.59,358.34,358.46,707188.47
1786068000000,358.52,358.67,358.3,358.63,510436.81
1786068900000,358.61,358.62,358.4,358.48,372825.88
1786069800000,358.46,358.48,358.16,358.25,254392.51
1786070700000,358.2,358.45,358.2,358.33,779379.6
1786071600000,358.3,358.44,358.14,358.19,743806.44
1786072500000,358.25,358.33,358.04,358.27,459513.53
1786073400000,358.26,358.52,358.26,358.35,458751.18
1786074300000,358.34,358.54,358.3,358.3,285644.17
1786075200000,358.28,358.88,358.17,358.34,1515955.12
1786076100000,358.38,358.38,358.09,358.28,279032.75
1786077000000,358.28,358.33,357.88,357.88,1101353.79
1786077900000,357.86,358.19,357.86,358.11,333668.05
1786078800000,358.15,358.67,357.98,358.3,1178366.82
1786079700000,358.52,358.67,358.41,358.53,154526.31
1786080600000,358.59,358.66,358.21,358.21,327554.13
1786081500000,358.18,358.28,358.18,358.23,173381.67
1786082400000,358.23,358.83,358.2,358.79,457229.73
1786083300000,358.74,359.02,358.69,359.02,562272.51
1786084200000,358.99,358.99,358.59,358.6,631109.49
1786085100000,358.62,358.7,358.52,358.7,252087.55
1786086000000,358.71,359.14,358.71,359.08,1476073.96
1786086900000,359.1,359.38,359.09,359.34,1039376.12
1786087800000,359.37,359.44,359.18,359.3,785124.72
1786088700000,359.25,359.44,359.01,359.13,1629011.3
1786089600000,359.07,359.274,358.054,358.26,24605637.5507315
1786090500000,357.9,358.269,357.369,357.85,5466341.66863307
1786091400000,357.398,358.097,357.327,358.094,3338253.02079708
1786092300000,358.095,358.753,358.095,358.613,1432545.82074341
1786093200000,358.612,358.708,358.455,358.708,2075886.99270786
1786094100000,358.709,358.795,358.103,358.103,1679614.64841627
1786095000000,357.9,358.102,357.82,357.82,1969413.3934048
1786095900000,358.02,358.335,357.99,358.215,2179872.308226479
1786096800000,358.68,358.782,358.19,358.68,2204449.65310963
1786097700000,358.2,358.613,357.965,358.2,4138535.7959827
1786098600000,358.351,358.37,358.046,358.163,1504234.51899397
1786099500000,358.161,358.21,358.13,358.21,3042946.95777672
1786100400000,358.31,358.433,358.16,358.31,2966452.96740776
1786101300000,358.49,358.696,358.205,358.59,3082149.68502709
1786102200000,359.0,359.0,358.545,359.0,4929536.11189823
1786103100000,358.855,358.87,357.612,357.677,8921244.1192491
1786104000000,357.673,357.874,357.42,357.42,7551049.591053172
1786104900000,357.463,357.698,357.244,357.299,6301154.0481921
1786105800000,358.18,358.197,357.323,358.05,17565220.21633214
1786106700000,357.82,358.712,357.75,358.56,16235221.09545689
1786107600000,358.86,358.883,358.18,358.35,11905488.24613076
1786108500000,358.303,358.549,356.54,356.693,28708688.374065496
1786109400000,356.61,358.83,355.09,355.97,270456108.8296057
1786110300000,355.88,356.76,354.74,356.05,518812491.36439615
1786111200000,355.98,356.59,354.57,356.4,299418587.11590433
1786112100000,356.41,356.44,355.225,355.68,261572726.39278448
1786113000000,355.75,356.18,354.2,354.52,300114407.7577437
1786113900000,354.576,355.675,353.83,355.621,510603771.7337293
1786114800000,355.42,357.36,354.95,356.95,315809955.9705912
1786115700000,356.94,357.47,356.185,356.985,196917550.6665399
1786116600000,357.205,357.23,356.48,357.05,123529002.80268145
1786117500000,357.07,357.075,355.77,355.87,164125980.81837893
1786118400000,355.88,355.91,355.21,355.223,102061615.1888225
1786119300000,355.22,356.01,354.33,354.589,248451393.92757073
1786120200000,354.63,355.58,354.394,355.475,97500473.01527719
1786121100000,355.44,355.617,355.095,355.28,77429773.7334858
1786122000000,355.235,355.424,354.67,354.73,115096176.26895684
1786122900000,354.699,354.85,354.34,354.824,103388971.03623313
1786123800000,354.825,354.88,354.485,354.712,135880961.33562505
1786124700000,354.7,355.27,354.633,355.13,83036877.92880084
1786125600000,355.08,355.293,354.26,354.27,113891945.42311957
1786126500000,354.315,354.59,354.18,354.185,91861103.00514387
1786127400000,354.18,354.34,353.885,353.94,112772524.42994484
1786128300000,353.917,354.36,353.839,354.255,122066822.75860375
1786129200000,354.34,355.03,353.975,354.74,171189781.62302393
1786130100000,354.77,355.27,354.58,355.27,155606758.6986573
1786131000000,355.25,355.25,354.28,354.71,211015268.60478476
1786131900000,354.703,355.59,354.26,354.345,662300312.543549
1786132800000,354.334,354.664,354.247,354.474,1197426639.057604
1786133700000,354.38,354.475,354.366,354.38,5833797.05952855
1786134600000,354.32,354.472,354.32,354.32,3391164.42601879
1786135500000,354.395,354.414,354.335,354.414,2933580.40494444
1786136400000,354.415,354.652,354.29,354.626,21446041.6067729
1786137300000,354.634,354.675,354.55,354.63,2076692.67001481
1786138200000,354.63,354.65,354.515,354.515,2703629.69088874
1786139100000,354.515,354.615,354.515,354.615,1537700.1611727
1786140000000,354.615,354.615,354.615,354.615,2200800.98802537
1786140900000,354.615,354.615,354.436,354.475,3579153.9644195833
1786141800000,354.475,354.6,354.475,354.55,1445129.47697445
1786142700000,354.41,354.595,354.277,354.41,3095624.61074354
1786143600000,354.455,354.51,354.38,354.51,1475693.14715607
1786144500000,354.51,354.529,354.425,354.456,1445034.69556267
1786145400000,354.457,354.615,354.457,354.595,5537686.708588801
1786146300000,354.7,354.82,354.595,354.7,6499084.33116814
1786147200000,354.793,354.793,354.791,354.791,0.0
1786154400000,355.17,355.17,355.17,355.17,49.972419
1786159800000,355.22,355.22,355.22,355.22,504.4124
1786161600000,355.25,355.25,355.25,355.25,49.983675
1786163400000,355.28,355.28,355.28,355.28,27.036808
1786167000000,355.3,355.34,355.3,355.34,69.960818
1786177800000,355.33,355.33,355.33,355.33,250.081254
1786179600000,355.33,355.33,355.33,355.33,109.974635
1786186800000,355.33,355.33,355.33,355.33,251.502574
1786193100000,355.33,355.33,355.07,355.07,134.964257
1786194000000,355.07,355.07,355.07,355.07,615.087761
1786195800000,355.21,355.21,355.21,355.21,29.979724
1786197600000,355.33,355.33,355.07,355.07,26.711872
1786199400000,355.33,355.33,355.33,355.33,49.994931
1786200300000,355.33,355.33,355.33,355.33,355.33
1786201200000,355.33,355.33,355.33,355.33,543.832565
1786202100000,355.33,355.33,355.33,355.33,130.974638
1786203000000,355.34,355.34,355.34,355.34,41.965654
1786203900000,355.33,355.33,355.33,355.33,35.852797
1786205700000,355.39,355.39,355.39,355.39,515.741968
1786210200000,355.49,355.49,355.49,355.49,39.957076
1786212900000,355.49,355.49,355.49,355.49,3559.983507
1786222800000,355.52,355.52,355.39,355.39,36.6828
1786226400000,355.52,355.52,355.52,355.52,4.657312
1786235400000,355.52,355.52,355.52,355.52,242.357984
1786239000000,355.55,355.55,355.55,355.55,24.995165
1786248000000,355.73,355.73,355.73,355.73,49.980065
1786248900000,355.76,355.81,355.66,355.66,474.103902
1786249800000,356.0,356.0,356.0,356.0,27.0204
1786251600000,356.22,356.22,356.17,356.17,11015.767701
1786253400000,356.29,356.29,356.29,356.29,19.987869
1786255200000,356.29,356.29,356.2,356.2,9981.018692
1786257000000,356.2,356.2,356.2,356.2,19.44852
1786260600000,356.31,356.33,356.31,356.33,112.811722
1786262400000,356.27,356.27,356.27,356.27,15.854015
1786263300000,356.39,356.45,356.39,356.45,712.671104
1786264200000,356.49,356.49,356.49,356.49,29.410425
1786267800000,356.27,356.27,356.27,356.27,12.82572
1786269600000,356.56,356.56,356.56,356.56,60.009048
1786271400000,356.79,356.79,356.79,356.79,10.097157
1786280400000,356.38,356.38,356.38,356.38,67.819114
1786282200000,356.79,356.89,356.79,356.89,110.341988
1786283100000,356.76,356.76,356.76,356.76,80.271
1786286700000,356.92,356.92,356.92,356.92,356.92
1786289400000,357.06,357.06,357.06,357.06,174.173868
1786290300000,357.08,357.08,357.08,357.08,105.69568
1786293000000,357.24,357.24,357.24,357.24,19.969716
1786296600000,357.24,357.24,357.24,357.24,39.939432
1786297500000,357.24,357.24,357.24,357.24,72.69834
1786298400000,357.0,357.0,357.0,357.0,19.4922
1786299300000,357.0,357.0,357.0,357.0,116.9532
1786302000000,357.0,357.0,357.0,357.0,19.4922
1786303800000,357.34,357.56,357.34,357.56,1008.21147
1786305600000,357.39,357.61,357.39,357.61,1170.950165
1786306500000,357.66,357.66,357.66,357.66,264.6684
1786311900000,357.67,357.69,357.67,357.69,248.619137
1786312800000,357.73,357.73,357.73,357.73,10.481489
1786313700000,357.73,357.73,357.73,357.73,99.055437
1786318200000,357.86,357.9,357.56,357.56,88.087894
1786320000000,355.01,355.96,354.7,355.58,5712720.18
1786320900000,355.6,355.6,355.0,355.2,2109180.83
1786321800000,355.16,355.29,354.9,354.95,1456743.66
1786322700000,354.96,355.53,354.92,355.21,1026682.05
1786323600000,355.24,355.51,355.16,355.39,1299033.34
1786324500000,355.44,355.61,355.38,355.48,1599771.66
1786325400000,355.46,355.58,355.21,355.48,711206.86
1786326300000,355.53,355.71,355.44,355.55,594862.46
1786327200000,355.52,355.9,355.5,355.83,867649.55
1786328100000,355.8,355.91,355.68,355.9,820854.01
1786329000000,355.9,356.33,355.87,356.0,2377974.51
1786329900000,356.08,356.09,355.81,355.87,839971.42
1786330800000,355.84,355.91,355.76,355.78,492466.06
1786331700000,355.76,355.76,355.48,355.6,1155523.9
1786332600000,355.51,355.64,355.5,355.56,625120.58
1786333500000,355.55,355.64,355.45,355.64,489542.32
1786334400000,355.64,355.68,355.54,355.6,624828.06
1786335300000,355.6,355.68,355.56,355.68,1423096.81
1786336200000,355.7,355.75,355.46,355.54,395386.37
1786337100000,355.56,355.71,355.56,355.71,153286.63
1786338000000,355.71,356.25,355.69,356.05,2064071.09
1786338900000,356.18,356.23,356.05,356.11,530273.28
1786339800000,356.11,356.13,355.99,356.04,661152.17
1786340700000,356.01,356.3,355.95,356.28,967050.86
1786341600000,356.28,356.46,356.17,356.3,518762.89
1786342500000,356.28,356.3,355.91,355.91,797584.7
1786343400000,356.01,356.36,356.01,356.27,1822156.15
1786344300000,356.2,356.36,356.12,356.29,806141.66
1786345200000,356.29,356.33,355.79,356.11,1911405.1
1786346100000,356.09,356.27,356.05,356.25,1570996.71
1786347000000,356.23,356.37,356.18,356.3,923483.6
1786347900000,356.34,356.37,356.12,356.12,671176.81
1786348800000,354.791,356.433,354.791,355.895,28435611.7323841
1786349700000,356.06,356.5,355.895,356.5,4047385.71973433
1786350600000,356.5,356.566,356.37,356.53,3554928.4018745
1786351500000,356.46,356.46,356.31,356.436,2356278.59114067
1786352400000,356.44,356.71,356.44,356.61,2683131.33102224
1786353300000,356.77,357.165,356.579,357.09,3954101.27925032
1786354200000,356.53,356.744,356.188,356.51,2247149.68823798
1786355100000,356.22,356.545,356.185,356.45,2508477.86785353
1786356000000,356.412,357.124,356.402,357.124,10938741.150721861
1786356900000,357.125,357.77,357.125,357.668,9366648.72462276
1786357800000,357.55,357.66,357.08,357.09,3503317.29770878
1786358700000,357.12,357.343,356.82,356.892,2052575.10415569
1786359600000,356.81,357.5,356.589,356.79,10196687.15600807
1786360500000,356.909,357.61,356.712,357.61,16472670.870416364
1786361400000,357.73,357.73,357.167,357.31,9796719.5278333
1786362300000,357.14,357.402,356.876,356.94,117588028.78595132
1786363200000,357.01,357.389,356.936,357.01,6610710.31862465
1786364100000,357.84,357.85,357.111,357.84,10558490.69161433
1786365000000,357.138,357.138,356.62,356.635,8205301.55372899
1786365900000,356.635,356.665,356.085,356.169,274176415.0741649
1786366800000,356.08,356.479,356.0,356.3,5685568.42365889
1786367700000,356.27,356.441,355.225,356.27,15842527.68742944
1786368600000,355.22,356.61,353.26,353.348,618792106.2257385
1786369500000,353.26,354.51,352.74,353.92,303882838.5209661
1786370400000,354.02,355.05,353.36,354.56,237094724.86843112
1786371300000,354.54,356.955,354.43,356.955,330658870.7610935
1786372200000,356.9,357.19,355.84,356.008,306556603.9811313
1786373100000,355.995,356.01,353.765,354.024,294276106.0128429
1786374000000,354.06,354.55,353.73,354.22,219810888.17342284
1786374900000,354.205,355.08,353.85,354.48,231149081.11407685
1786375800000,354.45,354.886,353.55,353.72,196320174.5804199
1786376700000,353.69,354.39,353.35,354.36,196657022.59829018
1786377600000,354.358,354.91,354.27,354.32,147836470.56345963
1786378500000,354.305,354.405,353.849,354.36,150449878.431522
1786379400000,354.48,354.821,353.69,354.26,115485092.84731899
1786380300000,354.2,354.715,354.099,354.475,67193636.63795659
1786381200000,354.459,354.675,354.07,354.393,90536718.52191551
1786382100000,354.45,354.952,354.393,354.735,88797782.45895934
1786383000000,354.7,354.905,354.37,354.49,85030982.49872577
1786383900000,354.44,354.635,353.98,354.24,77428808.57929914
1786384800000,354.24,354.48,354.14,354.38,70203610.20940393
1786385700000,354.375,354.505,354.03,354.362,114035443.3096364
1786386600000,354.19,355.629,354.19,355.585,116408755.91369312
1786387500000,355.675,356.216,355.64,356.01,125759504.74844588
1786388400000,355.93,356.17,355.645,355.65,115285149.60387735
1786389300000,355.67,355.674,355.18,355.3,115958634.58039936
1786390200000,355.244,355.655,354.843,355.582,194975948.79728493
1786391100000,355.57,357.555,355.35,357.545,597782596.7436987
1786392000000,357.28,357.585,356.966,357.57,1147196117.1996207
1786392900000,357.125,357.139,356.65,356.864,109372363.50478052
1786393800000,356.77,356.98,356.376,356.98,10617748.96872642
1786394700000,356.907,357.1,356.907,357.05,115648187.9217339
1786395600000,357.09,357.396,356.986,357.09,5755508.09814367
1786396500000,357.221,357.505,357.22,357.475,3225070.36697353
1786397400000,357.475,357.575,357.165,357.165,4144419.68966884
1786398300000,357.165,357.255,357.155,357.24,2110196.90493098
1786399200000,357.24,357.3,357.125,357.162,1413459.85912825
1786400100000,357.159,357.184,356.811,356.995,2652509.4047302
1786401000000,356.73,356.995,356.73,356.73,1040716.2701237
1786401900000,356.923,356.923,356.785,356.807,1594789.74775142
1786402800000,356.808,356.835,356.475,356.48,2017689.957970352
1786403700000,356.48,356.534,356.061,356.231,1991713.53140386
1786404600000,356.234,356.496,356.234,356.381,911827.86427311
1786405500000,356.47,356.504,356.216,356.47,2039257.49054368
1786406400000,357.27,357.27,355.87,357.11,698643.2
1786407300000,357.02,357.14,356.86,356.92,648690.81
1786408200000,356.96,357.2,356.85,357.19,725852.88
1786409100000,357.19,357.2,357.03,357.1,580048.68
1786410000000,357.16,357.62,357.16,357.62,3059817.69
1786410900000,357.59,357.74,357.54,357.55,567943.65
1786411800000,357.56,357.65,357.4,357.65,450072.56
1786412700000,357.65,357.71,357.36,357.36,256030.29
1786413600000,357.35,357.68,357.31,357.67,467597.53
1786414500000,357.69,357.78,357.5,357.6,1112426.9
1786415400000,357.62,357.99,357.62,357.86,632258.65
1786416300000,357.85,357.91,357.72,357.8,628373.83
1786417200000,357.81,358.01,357.81,357.88,227630.7
1786418100000,357.88,358.05,357.78,357.95,313197.52
1786419000000,357.97,357.99,357.77,357.77,407267.6
1786419900000,357.77,358.04,357.71,357.81,498153.12
1786420800000,357.8,357.98,357.71,357.85,663754.88
1786421700000,357.8,357.9,357.51,357.66,268267.66
1786422600000,357.63,357.7,357.51,357.54,295378.93
1786423500000,357.54,357.57,357.39,357.5,623389.35
1786424400000,357.49,357.61,357.46,357.59,174838.63
1786425300000,357.61,357.61,357.36,357.36,218406.18
1786426200000,357.37,357.54,357.31,357.39,411056.78
1786427100000,357.48,357.51,357.38,357.48,143705.35
1786428000000,357.46,357.6,357.41,357.49,478689.99
1786428900000,357.48,357.52,357.27,357.27,427081.34
1786429800000,357.29,357.29,356.83,357.02,478795.72
1786430700000,357.01,357.07,356.76,356.8,709044.93
1786431600000,356.96,357.13,356.9,357.13,249213.9
1786432500000,357.07,357.07,356.8,356.88,360802.32
1786433400000,356.9,356.97,356.66,356.85,593411.42
1786434300000,356.8,357.09,356.71,356.71,275903.03
1786435200000,356.32,356.904,356.241,356.32,12625057.74055
1786436100000,356.25,356.647,356.175,356.647,1308983.56578209
1786437000000,356.648,356.761,356.2,356.761,574637.52988322
1786437900000,356.762,356.765,356.479,356.479,359312.90226986
1786438800000,356.475,356.65,356.42,356.65,401849.41305503
1786439700000,356.54,356.75,356.54,356.54,1164784.22698111
1786440600000,356.85,356.93,356.55,356.86,654431.21139582
1786441500000,356.785,356.87,356.569,356.585,773283.54458697
1786442400000,356.88,356.923,356.495,356.88,1541134.9959162
1786443300000,356.99,357.4,356.67,356.99,1948261.36579942
1786444200000,357.4,357.46,357.245,357.374,653287.48208063
1786445100000,357.375,357.46,357.13,357.21,2239255.3543719496
1786446000000,357.21,357.855,357.105,357.651,10600352.27053523
1786446900000,357.39,357.773,357.295,357.39,3215841.28982562
1786447800000,357.19,357.37,356.769,356.83,3112447.77622311
1786448700000,356.806,357.047,356.755,357.047,1259040.54727403
1786449600000,357.16,357.2,356.954,357.16,2499239.67635632
1786450500000,356.62,357.18,356.486,356.64,4848493.05122387
1786451400000,356.486,356.769,356.358,356.675,2420837.64757631
1786452300000,356.69,356.69,356.3,356.45,3578793.77043759
1786453200000,356.448,356.573,355.849,355.849,5647687.01524296
1786454100000,355.835,356.51,355.421,356.063,16379183.28639449
1786455000000,355.725,356.77,350.77,350.9,727030963.4377496
1786455900000,350.85,351.67,349.45,351.32,592258891.0450524
1786456800000,351.28,352.07,350.885,351.745,278863091.0250326
1786457700000,351.74,352.41,351.367,352.225,223368713.09541357
1786458600000,352.253,352.5,351.81,351.962,143584501.2217795
1786459500000,351.88,352.61,351.88,352.33,144604793.96130764
1786460400000,352.32,352.565,351.455,351.665,172129491.6299421
1786461300000,351.715,351.955,351.35,351.36,172370701.63817662
1786462200000,351.35,351.39,349.785,349.852,316288768.3317552
1786463100000,349.855,350.08,349.12,349.767,254611480.0507168
1786464000000,349.78,350.045,349.196,349.85,203255168.50737244
1786464900000,349.81,350.24,349.59,350.225,159143141.624828
1786465800000,350.16,350.205,349.18,349.18,133215781.79578838
1786466700000,349.16,349.224,348.04,348.18,301266101.0067389
1786467600000,348.138,348.18,346.93,347.027,443290244.8614043
1786468500000,346.99,347.2,346.48,346.925,261010330.13652626
1786469400000,346.92,347.82,346.5,347.76,228443353.0317743
1786470300000,347.76,347.771,347.21,347.36,120729033.22037771
1786471200000,347.32,347.48,346.675,346.74,165927390.54863152
1786472100000,346.727,346.87,345.99,346.08,196801555.0197199
1786473000000,346.065,346.2,344.72,344.855,438326800.39390737
1786473900000,344.82,345.03,344.52,344.65,469372752.8730892
1786474800000,344.625,345.2,344.535,345.08,311647156.54907805
1786475700000,345.08,345.21,344.15,344.305,299222748.3963539
1786476600000,344.31,344.375,343.745,344.135,487405164.9386599
1786477500000,344.13,344.41,343.4,343.755,872554091.3614106
1786478400000,344.01,344.22,343.725,343.99,1967135858.1656785
1786479300000,344.23,344.71,344.179,344.71,22802277.86012071
1786480200000,344.7,344.95,344.61,344.88,20821769.30018895
1786481100000,344.858,344.919,344.825,344.825,17391461.30496793
1786482000000,344.7,344.845,344.59,344.76,23341541.93244137
1786482900000,344.764,344.835,344.75,344.763,9145627.91799384
1786483800000,344.69,344.782,344.58,344.58,5973513.42480508
1786484700000,344.671,344.879,344.671,344.845,4130229.04649479
1786485600000,344.82,344.845,344.621,344.82,5919319.24300906
1786486500000,344.7,345.847,344.7,345.54,15544035.66724029
1786487400000,345.295,345.426,345.005,345.005,4011077.32383436
1786488300000,345.05,345.05,344.96,345.05,2678879.99538367
1786489200000,345.045,345.045,344.964,344.964,8491170.245954486
1786490100000,345.0,345.085,344.935,345.0,4428691.06868653
1786491000000,345.085,345.085,344.966,344.966,4264843.34933679
1786491900000,345.09,345.101,344.965,345.09,4148009.5538743
1786492800000,345.051,345.9,344.92,345.31,2295763.14
1786493700000,345.27,345.4,345.19,345.36,1767159.96
1786494600000,345.37,345.65,345.31,345.51,2920734.83
1786495500000,345.53,345.67,345.29,345.44,1197331.65
1786496400000,345.38,345.56,345.05,345.12,1944145.58
1786497300000,345.13,345.13,344.6,344.98,2421927.06
1786498200000,344.94,344.97,344.63,344.71,1395088.93
1786499100000,344.71,345.21,344.67,345.1,1923652.97
1786500000000,345.18,345.33,345.09,345.26,1320443.36
1786500900000,345.21,345.59,345.18,345.56,1610064.26
1786501800000,345.56,345.64,344.98,345.03,2375077.34
1786502700000,345.03,345.27,344.99,345.14,1722915.61
1786503600000,345.23,345.47,345.1,345.26,1099381.54
1786504500000,345.18,345.33,345.07,345.19,1410719.86
1786505400000,345.25,345.26,345.03,345.08,600170.93
1786506300000,345.08,345.44,345.05,345.42,2515765.36
1786507200000,345.42,345.56,345.31,345.55,2474354.15
1786508100000,345.53,345.9,345.46,345.84,1459296.66
1786509000000,345.87,345.88,345.46,345.56,682016.45
1786509900000,345.56,345.9,345.54,345.86,1002758.98
1786510800000,345.86,345.89,345.58,345.71,1004365.81
1786511700000,345.71,345.84,345.56,345.59,1085172.57
1786512600000,345.62,345.78,345.52,345.55,705449.48
1786513500000,345.56,345.78,345.49,345.67,1613818.79
1786514400000,345.64,345.88,345.59,345.73,613047.96
1786515300000,345.84,345.9,345.55,345.67,597702.78
1786516200000,345.63,345.73,345.49,345.72,1172729.28
1786517100000,345.73,345.9,345.7,345.85,1366932.93
1786518000000,345.87,345.91,345.62,345.87,2624614.56
1786518900000,345.9,345.91,345.67,345.68,1771941.67
1786519800000,345.75,345.81,345.62,345.63,549665.38
1786520700000,345.75,345.75,345.27,345.39,1210957.2
1786521600000,345.17,346.442,345.17,346.383,41327547.84440291
1786522500000,346.375,346.434,346.1,346.41,4467890.97748795
1786523400000,346.31,346.497,346.24,346.36,2853335.70675524
1786524300000,346.43,346.642,346.4,346.483,3473416.49533671
1786525200000,346.482,346.578,346.442,346.456,3840221.98147515
1786526100000,346.455,346.907,346.455,346.6,5124305.51808157
1786527000000,346.6,346.644,346.544,346.616,1708886.19781187
1786527900000,346.4,346.667,346.32,346.4,3582666.05098387
1786528800000,346.43,346.609,346.32,346.45,3111104.72381408
1786529700000,346.37,346.39,346.285,346.285,3870477.16415418
1786530600000,346.288,346.407,346.182,346.304,2047277.97557211
1786531500000,346.307,346.32,346.083,346.155,3442281.66977456
1786532400000,345.99,346.185,345.474,345.65,15714353.5552072
1786533300000,345.62,345.955,345.52,345.69,7442443.07136507
1786534200000,345.8,345.932,345.5,345.5,7399428.90135669
1786535100000,345.58,345.903,345.552,345.7,4435340.22602627
1786536000000,345.65,345.706,345.275,345.65,9260319.00742347
1786536900000,345.45,346.294,345.45,345.94,12020852.65345808
1786537800000,346.64,346.64,345.177,345.6,27856472.4862668
1786538700000,345.763,345.954,345.44,345.692,35307064.953027874
1786539600000,345.69,345.85,345.35,345.845,20509457.753464434
1786540500000,345.9,346.622,345.848,346.48,31058947.17073986
1786541400000,346.345,346.37,342.245,343.415,757568276.5167476
1786542300000,343.46,344.545,342.94,343.95,426053575.49532366
1786543200000,343.785,344.85,341.69,343.39,473095169.1450924
1786544100000,343.377,343.44,342.29,342.839,230408615.45520398
1786545000000,342.78,344.14,342.43,343.261,219096990.44587073
1786545900000,343.26,343.34,342.33,342.96,242990437.01816377
1786546800000,342.97,343.58,341.33,341.91,339407671.6755793
1786547700000,341.965,342.38,341.83,342.18,169716819.250502
1786548600000,342.173,342.55,341.62,342.32,218377617.01158103
1786549500000,342.305,342.42,341.45,341.539,177079803.8348934
1786550400000,341.505,341.538,340.88,341.315,224372571.37626937
1786551300000,341.32,342.438,341.115,342.38,195392927.38776892
1786552200000,342.44,342.72,341.77,342.68,181287013.96837103
1786553100000,342.67,343.12,342.505,342.732,179076377.75216156
1786554000000,342.736,342.965,342.55,342.948,124633693.56511335
1786554900000,343.0,343.09,342.455,342.575,147055116.03636086
1786555800000,342.55,343.6,341.7,341.76,330305060.29033226
1786556700000,341.74,341.92,341.055,341.26,227208484.40100595
1786557600000,341.22,342.34,341.21,342.265,161778336.11230248
1786558500000,342.235,343.21,342.16,342.885,211040081.85565853
1786559400000,342.94,343.87,342.872,343.835,233961933.5041504
1786560300000,343.83,343.89,343.42,343.79,165849849.63813516
1786561200000,343.81,344.38,343.795,344.25,200059814.92661074
1786562100000,344.27,344.285,343.795,343.95,190426863.16934657
1786563000000,343.911,344.81,343.68,344.722,248736198.59346062
1786563900000,344.77,344.85,343.41,343.565,616667747.2097992
1786564800000,342.84,343.676,342.31,342.31,1197824764.7113733
1786565700000,342.66,343.2,342.66,343.133,7393910.79313011
1786566600000,343.47,343.703,343.129,343.51,3634611.18804977
1786567500000,343.525,343.649,343.415,343.607,301595435.8608601
1786568400000,343.85,343.922,343.566,343.85,61469224.90696563
1786569300000,343.93,343.93,343.726,343.93,2274801.48408489
1786570200000,343.855,343.945,343.688,343.836,2956537.20903265
1786571100000,343.835,343.855,343.762,343.855,1646800.50712688
1786572000000,343.855,343.855,343.591,343.7,3362979.428818357
1786572900000,343.703,343.719,343.511,343.575,2899378.6873581
1786573800000,343.571,343.615,343.515,343.58,1345050.94778982
1786574700000,343.58,343.603,343.521,343.568,1256007.10692191
1786575600000,343.37,343.71,343.335,343.36,1495850.89779003
1786576500000,343.32,343.52,343.3,343.32,1792363.55469053
1786577400000,343.415,343.472,343.315,343.35,2069113.68055526
1786578300000,343.29,343.35,343.1,343.1,3300664.03212306
1786579200000,343.03,344.11,343.03,343.74,8579.75
1786580100000,343.71,344.13,343.47,343.79,2553038.6
1786581000000,343.79,343.95,343.6,343.89,861463.27
1786581900000,343.9,343.95,343.4,343.53,1038168.01
1786582800000,343.54,343.55,342.53,343.04,3105832.7
1786583700000,343.1,343.36,343.05,343.26,1158964.36
1786584600000,343.29,343.48,343.28,343.42,595073.56
1786585500000,343.53,343.62,342.99,343.52,1136457.33
1786586400000,343.43,343.61,343.33,343.47,320462.21
1786587300000,343.55,343.7,343.35,343.36,445607.62
1786588200000,343.38,343.38,343.14,343.3,972003.09
1786589100000,343.3,343.48,343.24,343.42,274009.87
1786590000000,343.46,343.82,343.37,343.6,1975794.25
1786590900000,343.56,343.81,343.56,343.79,299046.91
1786591800000,343.8,344.14,343.73,344.14,571003.76
1786592700000,344.16,344.38,344.13,344.37,1007517.45
1786593600000,344.33,344.41,344.05,344.06,720208.63
1786594500000,344.06,344.18,343.86,344.05,424508.26
1786595400000,344.06,344.24,344.0,344.15,189959.96
1786596300000,344.1,344.32,344.05,344.18,544468.5
1786597200000,344.17,344.39,344.05,344.36,355235.67
1786598100000,344.34,344.7,344.24,344.7,710947.62
1786599000000,344.67,344.71,344.41,344.41,925489.14
1786599900000,344.41,344.45,344.02,344.02,1702379.94
1786600800000,344.03,344.18,343.93,344.15,1016718.76
1786601700000,344.15,344.23,343.96,344.11,796194.35
1786602600000,344.07,344.1,343.8,343.82,1021215.19
1786603500000,343.83,344.0,343.76,344.0,705895.99
1786604400000,344.09,344.26,343.98,344.23,1215150.79
1786605300000,344.24,344.3,344.1,344.13,1117247.43
1786606200000,344.17,344.37,344.01,344.37,3210941.63
1786607100000,344.43,344.51,343.76,343.9,932432.51
1786608000000,345.055,345.688,343.214,345.34,38007015.72558047
1786608900000,345.68,345.814,345.46,345.61,5202478.60662333
1786609800000,345.69,345.69,345.24,345.27,6759940.87086236
1786610700000,345.31,345.665,345.31,345.42,4174485.6061245915
1786611600000,345.42,345.455,345.106,345.2,1954672.5532255
1786612500000,345.205,345.694,345.07,345.694,2479309.8191484
1786613400000,345.79,345.92,345.605,345.79,1632663.20482513
1786614300000,345.7,345.82,345.23,345.58,2954942.41861398
1786615200000,345.19,345.525,345.136,345.19,1586029.10531118
1786616100000,345.25,345.544,345.246,345.267,1583297.62745313
1786617000000,345.35,345.485,345.27,345.35,1036459.71798907
1786617900000,345.336,345.344,344.766,344.845,1738752.4620108
1786618800000,344.845,345.226,344.69,344.965,8660190.031730682
1786619700000,344.67,345.05,344.601,344.67,7007063.45281498
1786620600000,344.82,344.976,344.744,344.87,3552175.3493665
1786621500000,344.85,345.227,344.847,344.85,4188123.67382881
1786622400000,345.0,345.315,344.975,345.0,3319569.69923183
1786623300000,345.255,345.26,344.926,345.2,6509827.994772174
1786624200000,345.32,345.396,344.946,345.01,6368714.87559914
1786625100000,344.93,345.175,344.9,344.93,4349484.92535372
1786626000000,344.76,345.248,344.604,344.76,4131236.22693178
1786626900000,344.935,345.764,344.706,345.66,17180145.89086998
1786627800000,345.77,346.48,343.8,344.839,199089776.30828512
1786628700000,344.835,346.11,344.73,345.59,262332136.8979626
1786629600000,345.43,346.88,345.28,346.05,426207215.73159987
1786630500000,346.015,347.86,345.93,346.28,333378393.38875806
1786631400000,346.297,347.355,346.0,346.418,201367257.531928
1786632300000,346.415,346.455,345.49,346.368,342665732.0374898
1786633200000,346.36,346.47,345.59,345.925,137346271.01724693
1786634100000,345.88,345.888,344.14,344.395,210635377.5084182
1786635000000,344.41,344.82,344.12,344.57,173421327.8512608
1786635900000,344.585,345.19,344.56,344.98,124947265.19201167
1786636800000,344.982,345.58,344.75,345.361,114584153.64971612
1786637700000,345.37,346.14,345.205,346.02,106846962.2298096
1786638600000,346.09,346.36,345.73,345.98,114427969.59178127
1786639500000,346.0,346.71,345.86,346.03,91018707.24015018
1786640400000,346.105,347.23,345.71,345.935,209028331.603694
1786641300000,345.935,345.98,345.35,345.683,92120009.94508833
1786642200000,345.71,345.82,345.61,345.675,69651699.99679714
1786643100000,345.68,345.94,345.61,345.9,64931771.06726362
1786644000000,345.9,346.52,345.8,346.4,102071350.33526714
1786644900000,346.42,346.48,345.9,346.37,100896596.54231083
1786645800000,346.36,346.65,345.799,345.799,145692212.3591685
1786646700000,345.79,346.06,345.64,345.78,97745802.81252865
1786647600000,345.79,346.35,345.59,346.02,106743914.27595015
1786648500000,346.06,346.445,345.89,346.16,148975226.01042947
1786649400000,346.19,346.455,346.17,346.44,208961169.08453476
1786650300000,346.39,347.1,345.95,346.34,576920380.9496471
1786651200000,346.5,346.69,346.25,346.47,1027944721.6934726
1786652100000,346.37,346.46,346.246,346.29,3124429.05855372
1786653000000,346.339,346.35,346.122,346.235,4265442.66144697
1786653900000,346.46,346.46,346.235,346.46,56439398.91835239
1786654800000,346.405,346.49,346.372,346.389,3954892.5265258574
1786655700000,346.388,346.465,346.37,346.44,1655615.88327523
1786656600000,346.44,346.44,346.335,346.36,1704303.08159247
1786657500000,346.359,346.36,346.175,346.175,1802698.37514359
1786658400000,346.175,346.22,346.086,346.123,2715454.50042375
1786659300000,346.124,346.235,346.111,346.161,2953755.592986456
1786660200000,346.16,346.385,346.155,346.385,2726475.58411513
1786661100000,346.385,346.485,346.33,346.43,2052175.33931165
1786662000000,346.43,346.558,346.43,346.558,3041481.94123603
1786662900000,346.67,346.874,346.556,346.67,1573445.91902884
1786663800000,346.621,346.665,346.524,346.604,1331217.47461601
1786664700000,346.26,346.6,346.212,346.26,2235068.74886433
1786665600000,346.34,347.07,346.21,346.8,2402121.64
1786666500000,346.74,347.04,346.63,346.63,1342161.72
1786667400000,346.62,346.68,346.34,346.43,924878.88
1786668300000,346.58,346.6,346.17,346.19,721667.66
1786669200000,346.19,346.21,345.91,345.91,1099128.98
1786670100000,345.99,346.25,345.93,346.25,500777.18
1786671000000,346.25,346.49,346.17,346.46,622684.95
1786671900000,346.52,346.57,346.45,346.47,315308.03
1786672800000,346.48,346.65,346.35,346.39,1002613.83
1786673700000,346.43,346.6,346.41,346.51,421020.93
1786674600000,346.49,346.53,346.35,346.43,435825.57
1786675500000,346.47,346.54,346.06,346.07,687339.04
1786676400000,346.07,346.16,345.94,346.16,605599.11
1786677300000,346.17,346.46,346.13,346.36,385401.86
1786678200000,346.44,346.52,346.34,346.52,463161.56
1786679100000,346.52,346.53,346.33,346.36,284083.84
1786680000000,346.4,346.59,346.36,346.59,263341.59
1786680900000,346.59,346.72,346.52,346.65,650991.34
1786681800000,346.65,346.65,346.36,346.58,684343.04
1786682700000,346.57,346.65,346.53,346.57,345890.81
1786683600000,346.62,346.62,346.26,346.27,1071488.93
1786684500000,346.34,346.57,346.21,346.41,911637.94
1786685400000,346.42,346.55,346.21,346.21,509234.37
1786686300000,346.24,346.5,346.14,346.19,2065642.5
1786687200000,346.24,346.41,346.16,346.33,518743.11
1786688100000,346.35,346.45,346.28,346.42,264969.04
1786689000000,346.41,346.46,346.3,346.39,225489.2
1786689900000,346.37,346.4,346.13,346.15,469142.15
1786690800000,346.13,346.3,346.06,346.17,725551.9
1786691700000,346.22,346.45,346.19,346.4,464458.74
1786692600000,346.46,346.7,346.42,346.7,997016.43
1786693500000,346.72,346.74,346.31,346.56,685458.74
1786694400000,347.16,347.4,346.211,347.22,25344067.50342895
1786695300000,347.65,347.844,347.355,347.65,3121752.37995841
1786696200000,347.838,347.839,347.2,347.292,5612347.52030739
1786697100000,347.11,347.396,347.11,347.11,2003590.18141135
1786698000000,347.236,347.41,347.118,347.226,848080.821138
1786698900000,347.224,347.3,347.1,347.108,1169549.90733121
1786699800000,347.107,347.265,347.016,347.265,1535015.29955026
1786700700000,347.265,347.33,347.197,347.225,1868991.75592062
1786701600000,347.01,347.225,346.646,346.68,2891850.98749823
1786702500000,346.745,346.91,346.745,346.894,2199217.04039132
1786703400000,346.79,346.998,346.686,346.8,2478262.20726615
1786704300000,346.999,347.379,346.94,346.94,4509306.677346948
1786705200000,346.34,346.94,346.116,346.27,5762922.64776063
1786706100000,346.52,346.804,346.293,346.5,3071911.59172173
1786707000000,346.86,346.86,346.381,346.86,4901693.36346153
1786707900000,346.63,346.839,346.601,346.63,3866917.50848556
1786708800000,346.809,347.114,346.764,346.92,8729267.122828752
1786709700000,347.05,347.097,346.753,347.05,4477917.2708994
1786710600000,347.24,347.269,346.868,347.24,6863276.69799066
1786711500000,347.0,347.0,346.348,346.36,6294434.5018941
1786712400000,346.25,346.47,345.6,345.6,22657135.1574259
1786713300000,345.742,346.637,345.741,346.637,15518919.903705306
1786714200000,346.7,350.415,346.42,348.295,489089509.7447908
1786715100000,348.18,348.865,347.35,347.89,262829504.1912209
1786716000000,347.73,348.39,346.99,347.75,215737503.83590922
1786716900000,347.746,348.49,346.36,346.398,195154754.41956532
1786717800000,346.4,346.755,345.6,346.457,268078767.1980527
1786718700000,346.51,346.649,345.97,345.97,123096433.89845613
1786719600000,345.94,346.116,345.59,345.825,184729331.483944
1786720500000,345.58,345.83,345.09,345.3,165614118.920169
1786721400000,345.355,345.485,344.8,345.442,217449105.57492983
1786722300000,345.42,345.605,345.1,345.477,258235033.812848
1786723200000,345.43,345.476,344.7,344.92,286632502.5771599
1786724100000,344.91,345.426,344.78,345.175,277693330.84192824
1786725000000,345.13,345.26,344.81,345.02,267174354.8095872
1786725900000,345.01,345.093,344.61,344.895,96455744.91708408
1786726800000,344.9,345.31,344.757,345.222,249875323.8209519
1786727700000,345.195,345.286,344.73,344.73,72781682.37222917
1786728600000,344.74,344.772,344.52,344.64,90310287.22265144
1786729500000,344.78,344.95,344.59,344.885,67183818.75144584
1786730400000,344.89,345.17,344.675,345.06,99495861.38681994
1786731300000,345.066,345.27,344.79,344.936,118065222.74463923
1786732200000,344.94,345.378,344.937,345.23,96082759.99414787
1786733100000,345.215,345.61,345.14,345.535,101708940.18890657
1786734000000,345.57,345.77,345.309,345.73,101240042.56053096
1786734900000,345.69,345.725,345.31,345.33,103046720.38130844
1786735800000,345.321,345.445,345.06,345.06,177992237.48112077
1786736700000,345.09,346.04,344.74,345.85,528068090.58025575
1786737600000,345.973,347.139,345.615,345.706,963671335.1172876
1786738500000,345.61,345.94,345.34,345.73,20688483.70726957
1786739400000,346.99,347.294,345.715,346.99,31511777.1507498
1786740300000,346.815,347.21,346.631,346.875,43028491.48129044
1786741200000,346.875,347.135,346.74,347.135,7181660.45997917
1786742100000,347.135,347.22,347.091,347.092,7853095.59160972
1786743000000,347.1,347.27,346.971,347.05,6485150.95583689
1786743900000,347.15,347.225,347.075,347.16,3656419.56170013
1786744800000,347.13,347.249,347.007,347.093,2471743.5971178217
1786745700000,347.092,347.295,347.09,347.215,1961068.18085245
1786746600000,347.215,347.253,347.06,347.165,2814903.42950615
1786747500000,347.3,347.364,347.117,347.3,2761225.50875988
1786748400000,347.31,347.347,347.201,347.3,2203660.56673941
1786749300000,347.34,347.382,347.263,347.34,2295457.03023991
1786750200000,347.39,347.428,347.275,347.39,2365186.85697378
1786751100000,347.395,347.41,347.255,347.334,4656237.31391828
1786752000000,347.334,347.334,347.334,347.334,0.0
1786754700000,347.81,347.84,347.81,347.84,2521.250086
1786756500000,347.75,347.75,347.68,347.68,444.00428
1786757400000,347.85,347.87,347.85,347.87,528.065332
1786761900000,347.75,347.75,347.75,347.75,49.971675
1786764600000,347.75,347.88,347.65,347.88,1467.850416
1786765500000,347.89,347.89,347.89,347.89,3999.969642
1786766400000,347.95,347.96,347.82,347.82,169.813732
1786768200000,348.01,348.01,347.82,347.82,767.502469
1786769100000,347.96,347.96,347.96,347.96,6.193688
1786771800000,347.82,348.09,347.82,348.09,120.465564
1786774500000,347.82,347.82,347.78,347.78,159.995572
1786775400000,348.09,348.09,347.78,347.78,522.555477
1786776300000,348.09,348.09,347.85,348.06,397.632177
1786782600000,348.11,348.11,347.9,347.9,224.463246
1786784400000,347.9,347.9,347.9,347.9,12.90709
1786789800000,348.13,348.13,348.13,348.13,4.456064
1786792500000,348.13,348.13,347.9,347.9,108.197875
1786795200000,348.12,348.12,347.75,347.75,2351.337484
1786796100000,347.75,347.92,347.58,347.92,1797.813194
1786797000000,347.92,347.92,347.73,347.73,716.378426
1786798800000,347.77,347.77,347.76,347.76,96.435133
1786799700000,347.76,347.76,347.7,347.7,39.053124
1786800600000,347.94,348.02,347.94,348.02,56.964674
1786801500000,348.03,348.06,348.03,348.06,706.329768
1786805100000,348.12,348.12,347.89,347.89,32.885817
1786806900000,347.89,347.89,347.89,347.89,22.682428
1786807800000,347.89,347.89,347.8,347.8,515.115839
1786808700000,348.12,348.12,348.12,348.12,24.995016
1786809600000,348.12,348.15,348.12,348.15,538.619841
1786815000000,348.16,348.2,348.16,348.2,284.859548
1786823100000,348.12,348.31,348.04,348.31,80.48577
1786824000000,348.31,348.31,347.94,347.94,345.33352
1786824900000,348.06,348.06,348.06,348.06,31.15137
1786842900000,348.31,348.31,348.31,348.31,400.347514
1786843800000,348.48,348.5,348.48,348.5,525.850326
1786846500000,348.53,348.53,348.53,348.53,329.988204
1786849200000,348.44,348.44,348.44,348.44,19.024824
1786852800000,348.59,348.59,348.59,348.59,49.987806
1786854600000,348.62,348.62,348.2,348.2,329.424978
1786858200000,348.53,348.59,348.53,348.59,532.139042
1786859100000,348.59,348.59,348.59,348.59,20.636528
1786869000000,348.65,348.65,348.65,348.65,9.90166
1786871700000,348.65,348.65,348.42,348.42,551.715814
1786873500000,348.42,348.42,348.42,348.42,108.776724
1786875300000,348.42,348.42,348.42,348.42,16.89837
1786879800000,348.4,348.42,348.4,348.42,78.669298
1786885200000,348.4,348.42,348.4,348.42,81.806402
1786886100000,348.57,348.57,348.57,348.57,171.984438
1786887000000,348.58,348.65,348.58,348.65,72.613217
1786889700000,348.65,348.65,348.65,348.65,4.46272
1786893300000,348.65,348.65,348.32,348.32,81.31404
1786894200000,348.32,348.32,348.32,348.32,11.006912
1786895100000,348.65,348.65,348.65,348.65,24.998205
1786896000000,348.68,348.74,348.32,348.36,11448.931612
1786899600000,348.36,348.73,348.36,348.73,47.937684
1786901400000,348.78,348.92,348.78,348.92,546.41502
1786903200000,348.94,348.94,348.87,348.87,103.72946
1786908600000,348.96,348.96,348.96,348.96,10.99224
1786909500000,349.05,349.05,349.05,349.05,19.96566
1786910400000,349.05,349.05,348.87,348.87,35.629941
1786922100000,349.0,349.0,348.76,348.79,811.543634
1786923000000,348.9,348.9,348.9,348.9,19.99197
1786924800000,348.0,349.31,347.75,348.95,6978042.41
1786925700000,348.94,349.23,348.63,348.63,3227978.19
1786926600000,348.62,348.86,348.24,348.44,1538862.83
1786927500000,348.38,348.76,348.35,348.69,1054108.7
1786928400000,348.68,348.76,348.55,348.71,1995530.25
1786929300000,348.71,348.71,348.4,348.53,1584153.88
1786930200000,348.59,348.59,348.19,348.23,1570589.59
1786931100000,348.3,348.41,347.95,348.02,1484279.64
1786932000000,348.05,348.18,347.84,348.16,545991.19
1786932900000,348.17,348.29,347.76,347.8,708215.14
1786933800000,347.9,347.9,347.44,347.53,1244711.45
1786934700000,347.53,347.91,347.45,347.8,742147.02
1786935600000,347.81,348.32,347.72,348.17,1218208.54
1786936500000,348.15,348.62,348.13,348.37,1626141.2
1786937400000,348.35,348.62,348.15,348.57,1676507.59
1786938300000,348.57,348.74,348.44,348.45,1530938.59
1786939200000,348.44,348.59,348.34,348.5,639394.81
1786940100000,348.56,348.56,348.19,348.41,911578.49
1786941000000,348.45,348.48,348.24,348.24,509354.41
1786941900000,348.24,348.32,347.99,348.16,1139067.77
1786942800000,348.15,348.44,348.09,348.35,698375.17
1786943700000,348.36,348.4,348.04,348.1,732935.19
1786944600000,348.14,348.31,347.72,348.01,2284822.02
1786945500000,348.06,348.12,347.65,347.94,1578136.46
1786946400000,347.93,348.14,347.93,348.1,844400.92
1786947300000,348.13,348.35,347.95,348.35,1258905.65
1786948200000,348.36,348.74,348.21,348.21,2027055.36
1786949100000,348.23,348.39,348.05,348.22,666224.66
1786950000000,348.22,348.23,347.76,347.78,2295940.26
1786950900000,347.79,347.9,347.52,347.66,2884348.77
1786951800000,347.8,347.99,347.71,347.97,805925.18
1786952700000,347.97,348.1,347.93,348.1,787219.13
1786953600000,347.335,348.415,347.335,348.312,34044398.61388905
1786954500000,348.36,348.521,348.09,348.09,7489331.64224342
1786955400000,348.23,348.315,348.125,348.23,3985450.90151737
1786956300000,348.295,348.443,348.275,348.43,2528663.43686079
1786957200000,348.15,348.441,348.079,348.15,6877762.81125074
1786958100000,348.442,348.559,348.095,348.097,2321826.65877765
1786959000000,348.096,348.096,347.92,348.013,2163978.55377083
1786959900000,348.014,348.135,347.854,347.868,2393029.72208188
1786960800000,348.0,348.725,347.865,348.45,5476355.32642257
1786961700000,348.63,348.806,348.429,348.59,4543252.31083641
1786962600000,348.764,348.775,348.337,348.535,2232338.35620734
1786963500000,348.59,348.655,348.1,348.1,5761906.47608294
1786964400000,348.0,348.5,347.945,348.27,9321020.27696899
1786965300000,347.71,348.115,347.675,347.71,6983656.7353905
1786966200000,347.71,347.972,347.621,347.839,5899593.07542732
1786967100000,347.68,347.849,347.515,347.65,9975982.48213001
1786968000000,347.44,347.533,347.038,347.44,8510018.09855773
1786968900000,347.04,347.155,346.563,347.04,9225851.96987914
1786969800000,346.43,346.904,346.418,346.43,11135767.50085994
1786970700000,346.58,346.888,346.466,346.65,6639194.40651724
1786971600000,347.09,347.09,346.798,347.02,8191069.96900213
1786972500000,347.2,347.339,346.0,346.11,15949264.65978732
1786973400000,346.255,347.22,343.87,344.315,473420953.0488463
1786974300000,344.3,345.525,343.76,344.16,230002466.2201214
1786975200000,344.171,344.907,343.82,344.907,209263295.68937534
1786976100000,344.97,345.13,343.3,343.585,190894695.69947758
1786977000000,343.47,343.64,342.965,343.27,204735679.75708407
1786977900000,343.275,343.308,341.955,342.885,251037765.19160727
1786978800000,342.93,343.94,342.896,343.81,264645851.0742364
1786979700000,343.82,344.44,343.6,344.01,218739988.8734433
1786980600000,344.05,344.08,343.645,344.055,162799121.94539955
1786981500000,344.035,344.565,343.69,343.95,151401727.72721702
1786982400000,343.978,343.98,343.15,343.936,172794246.6862365
1786983300000,343.935,344.67,343.935,344.471,189850779.53156203
1786984200000,344.473,344.68,343.49,343.551,155560657.783093
1786985100000,343.57,343.62,342.87,342.96,148456780.26365975
1786986000000,342.91,343.34,342.646,343.22,116145321.28339483
1786986900000,343.16,343.91,343.14,343.29,104576656.58101979
1786987800000,343.296,343.5,343.13,343.446,106445894.36638919
1786988700000,343.45,343.59,342.901,342.92,82399269.49108505
1786989600000,342.93,343.94,342.84,343.8,100454359.0712521
1786990500000,343.7,344.075,343.51,343.87,133467134.00418046
1786991400000,343.85,344.24,343.805,343.98,110091446.81895202
1786992300000,343.981,344.198,343.6,343.632,117487589.82190752
1786993200000,343.605,343.99,343.59,343.89,114024751.61085486
1786994100000,343.89,344.12,343.76,343.91,100435745.2559103
1786995000000,343.87,343.901,343.295,343.77,167455664.9578242
1786995900000,343.73,344.26,343.52,344.1,557609543.1214322
1786996800000,343.57,344.147,343.57,343.57,1494120083.724279
1786997700000,343.71,343.825,343.53,343.71,3718022.99965572
1786998600000,343.759,343.808,343.64,343.765,2013738.61600284
1786999500000,343.765,343.765,343.514,343.74,1401472.15578933
1787000400000,343.74,343.805,343.69,343.71,784930.2551001492
1787001300000,343.71,343.714,343.651,343.714,1199777.8750708126
1787002200000,343.715,343.78,343.705,343.741,1148367.75916957
1787003100000,343.79,343.79,343.711,343.79,1244988.9755747
1787004000000,343.79,343.79,343.59,343.59,3813898.52995647
1787004900000,343.76,343.765,343.696,343.76,1380071.51254694
1787005800000,343.64,343.709,343.64,343.64,1054237.96877505
1787006700000,343.67,343.755,343.67,343.745,1960625.90000637
1787007600000,343.7,343.745,343.65,343.7,1275146.78650615
1787008500000,343.69,343.719,343.65,343.674,1692334.81654744
1787009400000,343.675,343.865,343.661,343.772,3308355.5657489514
1787010300000,343.773,343.829,343.73,343.815,2045461.12347625
1787011200000,343.72,344.13,343.63,343.72,1035558.36
1787012100000,343.73,344.01,343.63,343.89,745134.19
1787013000000,343.91,344.09,343.7,343.74,1296511.97
1787013900000,343.73,343.92,343.68,343.75,252002.84
1787014800000,343.74,344.01,343.74,344.0,740158.6
1787015700000,344.08,344.12,343.84,343.91,753357.18
1787016600000,343.95,344.0,343.4,343.48,1403801.8
1787017500000,343.4,343.49,342.78,343.16,1857901.04
1787018400000,343.27,343.28,342.89,342.97,757262.29
1787019300000,343.08,343.17,342.38,342.81,3825755.04
1787020200000,342.77,343.0,342.48,342.48,974738.95
1787021100000,342.5,342.86,342.45,342.78,1099201.31
1787022000000,342.7,342.7,342.4,342.44,1882533.72
1787022900000,342.51,342.53,342.22,342.34,1390415.83
1787023800000,342.34,342.53,341.91,342.53,1413064.34
1787024700000,342.53,342.91,342.52,342.86,1284770.27
1787025600000,342.82,342.92,342.62,342.84,554300.55
1787026500000,342.87,342.89,342.37,342.55,876152.27
1787027400000,342.53,342.53,342.05,342.21,828984.36
1787028300000,342.27,342.68,342.27,342.62,274322.3
1787029200000,342.62,342.62,342.3,342.4,446150.08
1787030100000,342.42,342.6,342.39,342.45,334955.29
1787031000000,342.4,342.59,342.24,342.59,719712.75
1787031900000,342.6,342.71,342.37,342.47,488189.03
1787032800000,342.4,342.46,341.59,342.03,3424322.56
1787033700000,342.0,342.37,341.86,342.34,957588.36
1787034600000,342.4,342.58,341.99,342.39,1891024.32
1787035500000,342.47,342.72,342.45,342.71,313104.33
1787036400000,342.7,342.82,342.55,342.75,1041778.52
1787037300000,342.72,342.95,342.68,342.84,772039.67
1787038200000,342.86,342.86,342.44,342.57,890172.07
1787039100000,342.56,342.68,342.01,342.17,781496.62
1787040000000,343.568,343.568,341.618,342.241,34152310.54245547
1787040900000,342.24,342.317,342.062,342.09,3312292.48575359
1787041800000,342.09,342.46,342.032,342.376,2174466.9142751
1787042700000,342.375,342.76,342.365,342.756,1963053.79150866
1787043600000,343.01,343.484,342.695,343.01,3629068.83895779
1787044500000,343.184,343.185,342.704,342.8,3086874.8545245845
1787045400000,342.77,342.85,342.634,342.74,1610052.79144255
1787046300000,342.673,342.673,342.276,342.36,2846771.40398011
1787047200000,342.36,342.54,342.055,342.209,2200930.19183523
1787048100000,342.209,342.562,342.05,342.52,7699838.68416102
1787049000000,342.52,342.554,342.165,342.19,4455394.07404889
1787049900000,342.147,342.253,341.857,342.09,3590497.92705798
1787050800000,342.09,342.295,341.865,342.09,8452914.91693712
1787051700000,342.16,342.324,342.02,342.16,4047192.09357089
1787052600000,342.285,342.285,341.976,342.095,6184369.819575697
1787053500000,342.29,342.45,342.097,342.41,3600963.09518603
1787054400000,342.29,342.442,342.051,342.22,3769769.36924348
1787055300000,342.58,342.629,342.04,342.47,11501704.7478852
1787056200000,342.01,342.41,341.74,341.74,4903768.88451976
1787057100000,341.776,342.31,341.775,342.31,6681372.942190798
1787058000000,342.48,342.51,341.628,341.67,6955497.93729961
1787058900000,341.64,342.68,340.93,342.68,24456874.35282075
1787059800000,342.405,343.06,340.21,342.33,492683067.4585632
1787060700000,342.28,343.11,341.61,341.9,272959283.7950188
1787061600000,341.989,342.58,341.3,342.36,209484593.59556323
1787062500000,342.36,344.0,342.12,343.88,239406881.2298791
1787063400000,343.815,344.095,342.83,343.03,210103184.00751454
1787064300000,343.02,343.66,342.72,342.84,190927148.12077066
1787065200000,342.801,343.175,342.455,342.99,184330884.00308767
1787066100000,343.018,343.6,342.86,342.912,163119098.40492478
1787067000000,342.906,342.99,342.32,342.866,194977196.2049793
1787067900000,342.88,343.265,342.75,343.2,140787347.3637065
1787068800000,343.255,343.785,343.13,343.25,119152180.63729504
1787069700000,343.25,344.12,343.11,343.824,190846447.01305372
1787070600000,343.826,343.97,343.61,343.66,104473390.58680825
1787071500000,343.52,343.995,343.45,343.805,124645905.91583794
1787072400000,343.715,343.825,343.26,343.59,97510556.90022168
1787073300000,343.58,343.6,342.97,343.22,90696014.19920968
1787074200000,343.23,343.432,342.985,343.36,78655052.86453255
1787075100000,343.372,343.63,343.155,343.236,105374204.88215248
1787076000000,343.237,343.826,342.98,343.76,116380437.82949814
1787076900000,343.73,344.83,343.615,344.83,170786135.87085783
1787077800000,344.75,344.83,343.19,343.19,144039106.58028293
1787078700000,343.155,343.28,342.56,342.56,147753159.80330995
1787079600000,342.58,343.65,342.58,343.59,161765970.0759704
1787080500000,343.597,344.14,343.59,343.987,144854117.66131473
1787081400000,344.1,344.585,344.002,344.22,186666463.97479025
1787082300000,344.21,344.45,343.82,344.02,677253493.0689949
1787083200000,343.65,344.181,343.64,343.65,1563559889.4871979
1787084100000,343.909,343.96,343.825,343.911,20509580.12314395
1787085000000,343.913,343.944,343.77,343.837,3749776.165130323
1787085900000,343.838,343.864,343.676,343.752,16240626.34614231
1787086800000,343.751,343.825,343.75,343.805,1963636.6498669
1787087700000,343.805,343.863,343.766,343.81,660990.16252694
1787088600000,343.78,343.81,343.7,343.79,5136737.70166795
1787089500000,343.68,343.795,343.68,343.68,1115482.47508785
1787090400000,343.795,343.94,343.795,343.88,1343241.61441472
1787091300000,343.88,343.96,343.675,343.761,1810804.54798936
1787092200000,343.65,343.78,343.56,343.7,931608.94285378
1787093100000,343.75,343.784,343.38,343.42,2684983.161572315
1787094000000,343.78,343.79,343.38,343.78,4384672.3861703
1787094900000,343.79,343.999,343.76,343.765,3967774.90998633
1787095800000,343.765,343.94,343.765,343.827,1649542.83469364
1787096700000,343.96,343.96,343.815,343.96,1899207.39460192
1787097600000,344.0,344.05,343.26,343.64,2191512.21
1787098500000,343.5,343.73,343.39,343.7,1863305.21
1787099400000,343.7,344.16,343.68,344.12,1994126.63
1787100300000,344.14,344.16,343.7,343.72,602631.01
1787101200000,343.72,343.98,343.62,343.95,925155.13
1787102100000,343.98,344.02,343.76,343.79,599387.33
1787103000000,343.8,343.93,343.64,343.67,507749.16
1787103900000,343.67,343.82,343.64,343.74,134051.1
1787104800000,343.76,343.76,343.49,343.7,935782.01
1787105700000,343.7,343.8,343.56,343.61,475015.19
1787106600000,343.6,343.61,343.1,343.16,757015.05
1787107500000,343.3,343.39,343.0,343.11,1846235.43
1787108400000,343.11,343.34,343.06,343.13,267000.75
1787109300000,343.14,343.36,343.14,343.35,337398.67
1787110200000,343.37,343.54,343.35,343.41,689538.63
1787111100000,343.4,343.51,343.32,343.47,414521.47
1787112000000,343.47,343.64,343.41,343.53,545489.26
1787112900000,343.57,343.69,343.53,343.57,358752.62
1787113800000,343.56,343.57,343.43,343.5,455529.67
1787114700000,343.5,343.54,343.07,343.26,547879.56
1787115600000,343.27,343.48,343.27,343.48,141813.82
1787116500000,343.46,343.5,343.31,343.41,478365.91
1787117400000,343.45,343.45,343.24,343.35,371510.3
1787118300000,343.39,343.41,343.24,343.35,427443.19
1787119200000,343.32,343.36,342.97,343.1,644725.91
1787120100000,343.1,343.81,343.06,343.72,1371494.99
1787121000000,343.68,343.94,343.25,343.57,1067319.68
1787121900000,343.57,343.7,343.39,343.45,1202477.67
1787122800000,343.45,343.45,343.2,343.34,832546.93
1787123700000,343.34,343.34,342.74,342.85,1678132.16
1787124600000,342.84,343.02,342.65,342.88,1048794.58
1787125500000,342.86,342.96,342.69,342.9,443278.09
1787126400000,342.43,343.756,341.686,342.09,30121087.83090996
1787127300000,342.123,342.986,342.116,342.62,7701012.54506501
1787128200000,342.62,343.144,342.62,343.105,992972.93706037
1787129100000,342.83,343.105,342.765,342.83,2605937.35760008
1787130000000,342.97,342.99,342.696,342.97,836547.91102804
1787130900000,342.79,342.97,342.626,342.97,1380029.50917277
1787131800000,342.93,342.998,342.93,342.998,1200531.84194563
1787132700000,342.99,343.034,342.92,342.96,2536655.95268223
1787133600000,342.68,343.02,342.641,342.68,3507994.12196073
1787134500000,342.74,342.849,342.655,342.74,1039976.14430597
1787135400000,342.74,342.805,342.41,342.564,1812707.66613169
1787136300000,342.565,342.585,342.505,342.52,1631164.74031848
1787137200000,342.22,342.589,341.872,342.31,5282886.90272973
1787138100000,342.292,342.49,342.2,342.386,2060815.01745852
1787139000000,342.388,342.554,342.206,342.41,2514205.70551883
1787139900000,342.412,342.413,341.973,342.029,7287191.3192155035
1787140800000,342.029,342.14,341.903,342.078,6145111.719781943
1787141700000,342.05,342.1,341.531,341.9,5963649.33753408
1787142600000,342.34,342.541,341.491,342.3,10661910.94163638
1787143500000,342.66,343.059,342.325,342.65,13499200.43643565
1787144400000,342.75,342.844,342.51,342.67,12130562.43374461
1787145300000,342.848,342.996,342.01,342.5,42551153.6141764
1787146200000,342.49,344.27,341.0,342.024,163900495.29286012
1787147100000,342.011,342.89,340.68,342.179,12507288.965
1787148000000,342.095,345.01,341.79,343.711,14614752.37
1787148900000,343.69,344.01,343.04,343.16,11960507.63
1787149800000,343.167,344.835,342.99,344.382,16088241.305
1787150700000,344.26,346.09,344.25,345.7,18678600.45000003
1787151600000,345.81,346.25,344.355,344.72,12412330.95
1787152500000,344.692,345.51,344.54,344.883,13575879.065
1787153400000,344.913,345.405,344.905,345.13,6574418.24
1787154300000,345.147,345.81,344.73,344.789,6896467.25
1787155200000,344.79,346.38,344.79,346.319,11044034.575
1787156100000,346.31,346.72,345.58,345.847,11143668.4
1787157000000,345.76,346.09,344.78,344.78,129350816.38811335
1787157900000,344.77,344.807,344.14,344.26,133765225.05620068
1787158800000,344.266,344.65,344.22,344.543,6480296.4
1787159700000,344.541,344.705,343.76,344.075,256519599.82506105
1787160600000,344.051,344.415,343.64,344.136,88590620.64169188
1787161500000,344.138,344.165,343.518,343.718,69044541.97566089
1787162400000,343.715,344.332,343.64,344.03,82577700.69649585
1787163300000,343.97,344.093,343.71,343.855,76000841.81514317
1787164200000,343.8,344.31,343.33,343.49,98887695.91855377
1787165100000,343.471,344.735,343.471,344.42,133933562.9040774
1787166000000,344.423,344.85,344.2,344.623,122157468.3349943
1787166900000,344.623,344.67,343.84,344.069,104183374.68127353
1787167800000,344.09,345.07,344.07,345.04,163620447.31712508
1787168700000,344.96,345.16,344.35,344.795,512021348.1814827
1787169600000,344.764,345.169,344.699,344.919,1737515241.1810937
1787170500000,344.919,344.996,344.826,344.955,1928044.99885595
1787171400000,344.955,345.031,344.625,344.685,4246948.81043678
1787172300000,344.685,345.015,344.685,344.887,2909188.47650223
1787173200000,344.883,344.92,344.4,344.4,3167765.24060101
1787174100000,344.1,344.603,343.879,344.16,4844823.10081632
1787175000000,344.031,344.178,343.747,344.035,2747085.39422385
1787175900000,344.035,344.325,344.016,344.085,3083197.1564036375
1787176800000,343.99,344.6,343.99,344.44,3758667.75187236
1787177700000,344.549,344.55,344.389,344.47,4064681.06936322
1787178600000,344.4,344.548,344.281,344.4,2345025.1940479
1787179500000,344.4,344.564,344.21,344.4,3848660.28716585
1787180400000,344.77,344.913,344.451,344.77,5252284.65956698
1787181300000,344.875,344.922,344.705,344.825,2070448.56344844
1787182200000,344.825,344.945,344.73,344.886,1809501.97312767
1787183100000,344.886,344.886,344.643,344.722,3668608.48924378
1787184000000,344.723,345.41,344.71,345.4,2188436.99
1787184900000,345.46,345.67,345.24,345.24,1154138.45
1787185800000,345.27,345.58,345.22,345.38,771563.36
1787186700000,345.39,345.52,345.29,345.44,1369920.41
1787187600000,345.45,345.61,345.2,345.34,1262598.62
1787188500000,345.38,345.62,345.3,345.48,1095529.93
1787189400000,345.48,345.67,345.39,345.67,704585.31
1787190300000,345.74,345.74,345.19,345.44,1107109.73
1787191200000,345.44,345.66,345.43,345.58,609918.28
1787192100000,345.62,345.68,345.3,345.38,292928.42
1787193000000,345.4,345.5,345.23,345.43,330520.62
1787193900000,345.48,345.5,345.18,345.32,812564.11
1787194800000,345.31,345.4,345.06,345.28,708809.44
1787195700000,345.26,345.41,345.21,345.27,420981.73
1787196600000,345.27,345.29,345.1,345.29,380055.39
1787197500000,345.21,345.24,345.12,345.19,515336.8
1787198400000,345.19,345.34,345.17,345.34,502698.3
1787199300000,345.33,345.34,345.24,345.26,443018.87
1787200200000,345.27,345.4,345.16,345.4,756503.36
1787201100000,345.4,345.43,345.22,345.25,252431.6
1787202000000,345.23,345.24,344.87,344.98,1817175.73
1787202900000,344.96,345.19,344.95,344.98,913600.69
1787203800000,345.03,345.11,344.94,345.04,512626.93
1787204700000,345.06,345.11,344.99,344.99,331918.35
1787205600000,345.08,345.38,345.02,345.36,442293.88
1787206500000,345.37,345.37,345.19,345.29,734423.2
1787207400000,345.3,345.39,345.25,345.36,247233.75
1787208300000,345.36,345.56,345.34,345.56,978304.95
1787209200000,345.49,345.49,345.16,345.36,944295.83
1787210100000,345.36,345.47,345.01,345.11,1050705.95
1787211000000,345.04,345.45,344.93,345.04,978147.61
1787211900000,345.08,345.14,344.78,344.98,342199.95
1787212800000,344.4,345.213,344.045,344.4,23472852.20594846
1787213700000,344.204,344.794,344.19,344.44,3056202.83191209
1787214600000,343.88,344.453,343.686,343.88,2632979.41478003
1787215500000,343.715,343.824,343.55,343.55,2675588.5868797745
1787216400000,343.55,343.86,343.49,343.674,1296016.26605309
1787217300000,343.675,344.004,343.61,343.768,873490.76809815
1787218200000,343.765,343.765,343.571,343.65,1021756.76364939
1787219100000,343.43,343.78,343.34,343.43,2089571.61475636
1787220000000,343.443,343.655,343.36,343.578,2415146.004547209
1787220900000,343.58,343.964,343.521,343.9,4153226.18066759
1787221800000,343.52,343.995,343.444,343.49,4885553.879751
1787222700000,343.71,343.905,343.585,343.71,2007452.06233437
1787223600000,343.56,344.229,343.5,343.5,3761368.05700849
1787224500000,344.15,344.15,343.799,343.799,1606247.5366554
1787225400000,343.46,343.94,343.0,343.24,6601579.98259473
1787226300000,342.91,343.295,342.743,342.86,5281994.13729129
1787227200000,342.7,342.835,341.229,342.11,12821248.14602973
1787228100000,341.456,341.944,341.283,341.944,11038219.374871906
1787229000000,341.946,342.556,341.294,342.556,13553572.548212832
1787229900000,343.13,343.196,342.491,343.13,7305578.42548682
1787230800000,343.048,343.402,342.906,343.279,8882823.18169659
1787231700000,343.44,343.519,342.625,343.12,9215006.37844928
1787232600000,342.805,343.89,341.73,342.977,16203992.715
1787233500000,342.961,343.515,342.47,343.02,8001555.355
1787234400000,343.153,343.3,341.56,341.776,7770361.43
1787235300000,341.77,341.855,341.085,341.55,186161462.4470893
1787236200000,341.54,342.82,341.53,342.53,129050690.837658
1787237100000,342.6,342.615,340.94,341.32,201549879.49734172
1787238000000,341.293,341.745,339.035,339.305,12055916.49
1787238900000,339.285,340.17,339.11,339.396,14049917.49
1787239800000,339.398,339.45,338.57,338.966,8213273.175
1787240700000,338.966,339.92,338.89,339.498,9214019.27
1787241600000,339.53,340.14,339.38,339.715,84280905.97974724
1787242500000,339.8,340.95,339.715,340.88,100422153.70580068
1787243400000,340.875,342.02,340.76,342.02,125147706.55847801
1787244300000,341.98,342.03,341.368,341.537,74435553.32770884
1787245200000,341.536,341.72,340.935,341.491,115047608.14164147
1787246100000,341.495,341.57,340.935,341.01,109380668.26925378
1787247000000,341.011,341.17,340.58,340.713,70194402.81162152
1787247900000,340.69,341.17,340.69,340.93,85247495.14028406
1787248800000,340.95,340.95,339.5,339.645,115175973.07786472
1787249700000,339.625,340.27,339.57,339.84,123856228.67536364
1787250600000,339.825,340.46,339.81,340.314,104246430.85434337
1787251500000,340.31,340.395,340.06,340.069,386681199.86086404
1787252400000,340.067,340.67,340.066,340.654,107713280.45817222
1787253300000,340.68,341.165,340.615,340.9,143874768.67745334
1787254200000,340.89,341.21,340.87,341.005,160517572.77818835
1787255100000,341.02,341.56,339.97,340.58,643675812.5997188
1787256000000,340.567,340.716,340.05,340.101,1459110095.2872524
1787256900000,340.101,340.515,340.087,340.4,5898578.48629114
1787257800000,340.54,340.994,340.395,340.66,2956912.2883515
1787258700000,340.849,340.91,340.702,340.815,10209053.98911661
1787259600000,340.815,340.96,340.808,340.843,2156388.96253081
1787260500000,340.844,340.915,340.764,340.915,2697959.0866354126
1787261400000,340.915,341.004,340.836,341.004,1629677.5551635767
1787262300000,341.22,341.253,341.005,341.22,1425650.058153
1787263200000,341.2,341.213,341.026,341.09,1275290.17103974
1787264100000,341.09,341.1,340.979,340.979,4212381.67793593
1787265000000,340.978,341.035,340.915,341.035,1014577.8281157
1787265900000,341.035,341.145,340.95,340.962,1115002.63171996
1787266800000,340.961,340.977,340.842,340.9,1389607.49729575
1787267700000,340.9,340.955,340.9,340.915,697936.60016341
1787268600000,340.915,340.919,340.857,340.87,1347190.13112592
1787269500000,340.87,340.88,340.774,340.829,1537174.28648317
1787270400000,341.02,341.31,340.67,341.29,1255213.26
1787271300000,341.28,341.28,340.76,340.85,731693.05
1787272200000,340.86,341.19,340.77,341.01,647164.93
1787273100000,341.02,341.22,340.95,341.06,479883.18
1787274000000,341.05,341.16,340.89,341.07,465825.07
1787274900000,341.09,341.17,340.83,340.92,444667.9
1787275800000,340.97,341.18,340.94,341.08,500295.3
1787276700000,341.1,341.1,340.88,340.95,852691.45
1787277600000,340.97,341.38,340.97,341.38,706502.28
1787278500000,341.37,341.43,341.26,341.27,370718.46
1787279400000,341.35,341.53,341.26,341.45,886971.38
1787280300000,341.51,341.62,341.38,341.55,457287.92
1787281200000,341.56,341.56,340.98,340.98,1575037.46
1787282100000,341.03,341.22,340.99,341.15,237397.19
1787283000000,341.15,341.23,341.12,341.13,204354.85
1787283900000,341.2,341.22,340.95,341.08,920587.72
1787284800000,341.08,341.12,341.03,341.1,135746.92
1787285700000,341.11,341.14,340.99,341.02,301842.32
1787286600000,341.02,341.09,340.96,341.0,155844.94
1787287500000,340.98,341.03,340.78,340.87,608850.12
1787288400000,340.85,341.06,340.72,340.95,841182.91
1787289300000,341.0,341.14,340.99,341.06,437961.84
1787290200000,341.07,341.26,341.01,341.14,584996.56
1787291100000,341.16,341.16,340.96,341.06,461119.5
1787292000000,341.06,341.27,341.05,341.13,440089.78
1787292900000,341.18,341.36,341.18,341.36,683241.25
1787293800000,341.34,341.51,341.34,341.35,401831.71
1787294700000,341.34,341.39,341.2,341.28,893125.4
1787295600000,341.29,341.66,341.28,341.61,729829.68
1787296500000,341.62,341.79,341.54,341.55,2132398.59
1787297400000,341.49,341.75,341.48,341.52,497710.34
1787298300000,341.52,341.56,341.22,341.35,601939.51
1787299200000,341.0,342.664,341.0,342.565,22209374.34258997
1787300100000,342.557,342.902,342.402,342.902,9125997.104252646
1787301000000,343.15,343.15,342.67,342.95,4807365.53741214
1787301900000,342.755,342.819,342.6,342.6,1749947.39934011
1787302800000,342.5,342.83,342.44,342.83,2033477.87799726
1787303700000,342.88,343.06,342.784,342.96,1498453.33542393
1787304600000,343.06,343.06,342.611,342.611,2418428.7713423925
1787305500000,342.61,342.85,342.58,342.801,1016370.81697438
1787306400000,343.12,343.145,342.771,343.12,2585616.30140652
1787307300000,343.011,343.129,342.815,342.83,1187021.12964546
1787308200000,342.83,342.98,342.73,342.98,1094547.31825898
1787309100000,342.92,342.995,342.543,342.6,2301894.07088886
1787310000000,342.48,342.583,342.325,342.47,4660153.20438187
1787310900000,342.36,342.895,342.316,342.868,5390405.8390214
1787311800000,342.91,343.103,342.85,343.01,2840659.14093996
1787312700000,343.105,343.114,342.764,342.887,3815195.8776576906
1787313600000,342.47,342.929,342.47,342.78,7010094.65974141
1787314500000,342.89,343.044,342.825,342.86,3555191.24270625
1787315400000,343.04,343.54,343.04,343.54,5559721.2993874
1787316300000,343.472,343.501,343.12,343.208,5309597.38801648
1787317200000,343.21,343.217,342.897,342.897,5453777.603571357
1787318100000,342.99,342.99,341.636,342.97,17661145.83395216
1787319000000,342.345,342.65,340.42,341.72,1091310986.5381372
1787319900000,341.64,342.47,341.64,341.69,208698238.32473382
1787320800000,341.72,342.552,341.64,342.0,210644849.90093243
1787321700000,342.086,343.01,342.06,342.44,301901842.570852
1787322600000,342.405,343.66,342.32,342.94,189526673.05843216
1787323500000,343.01,344.78,342.87,344.37,213098078.4744028
1787324400000,344.41,345.11,343.743,343.97,217257370.96673
1787325300000,343.91,344.691,343.87,344.428,171997301.15144935
1787326200000,344.41,345.215,344.125,345.169,153482333.6235821
1787327100000,345.18,345.51,344.775,344.875,123884584.10570915
1787328000000,344.86,344.895,344.19,344.31,124797343.29995205
1787328900000,344.3,344.43,343.75,344.27,119692125.8122192
1787329800000,344.27,345.635,344.26,345.585,237394211.37463805
1787330700000,345.587,345.96,344.99,345.879,108881142.49568275
1787331600000,345.98,346.185,345.24,345.385,119071240.64809757
1787332500000,345.35,345.63,345.21,345.23,216687027.06509894
1787333400000,345.22,345.39,344.98,345.225,89726295.59240925
1787334300000,345.195,345.29,344.716,344.716,97108469.66601102
1787335200000,344.711,345.15,344.58,344.916,109937230.03378338
1787336100000,344.83,344.915,344.49,344.54,82233364.12432095
1787337000000,344.54,344.97,344.38,344.9,83171464.82849582
1787337900000,344.91,345.41,344.84,345.385,68121099.85536209
1787338800000,345.398,345.5,345.209,345.278,108680108.56548671
1787339700000,345.276,345.64,345.235,345.44,422555693.94169444
1787340600000,345.59,346.17,345.47,345.95,132020298.35123453
1787341500000,345.96,345.975,344.1,344.75,653607622.9347057
1787342400000,344.8,344.942,343.961,344.85,1799317987.1581228
1787343300000,344.25,344.48,344.135,344.31,16712134.65712929
1787344200000,344.335,345.15,344.335,344.905,10484828.705628997
1787345100000,345.04,345.213,344.905,345.06,21341912.72824234
1787346000000,345.045,345.059,344.642,345.043,2501618.78038265
1787346900000,345.0,345.12,344.8,345.0,1375082.1842763
1787347800000,344.975,345.07,344.95,345.045,1457861.35368409
1787348700000,345.045,345.345,345.031,345.2,2868702.0165609596
1787349600000,345.2,345.44,345.2,345.4,865992.68001211
1787350500000,345.38,345.448,345.098,345.38,4941042.40428184
1787351400000,345.351,345.4,345.25,345.33,6276999.48467156
1787352300000,345.33,345.38,345.208,345.21,1922350.68647281
1787353200000,345.21,345.23,345.1,345.23,692235.01875427
1787354100000,345.23,345.23,345.096,345.096,384740.47576333
1787355000000,345.096,345.24,345.02,345.1,853538.76046586
1787355900000,345.1,345.25,345.041,345.085,790736.33869426
1787356800000,344.62,344.62,344.62,344.62,17231.0
1787357700000,344.6,344.6,344.6,344.6,835.20702
1787359500000,344.79,344.79,344.79,344.79,102.540546
1787360400000,344.79,344.79,344.3,344.3,434.932206
1787362200000,344.79,344.79,344.79,344.79,23.066451
1787363100000,344.3,344.3,344.3,344.3,356.04063
1787364900000,344.28,344.39,344.28,344.39,7249.6503
1787367600000,344.23,344.23,343.99,343.99,3682.497387
1787368500000,343.96,344.24,343.96,344.24,721.32258
1787371200000,344.24,344.32,343.9,343.9,581.76753
1787372100000,343.89,343.89,343.61,343.61,1261.385
1787373000000,343.71,343.71,343.06,343.06,17741.053975
1787374800000,343.05,343.05,342.77,342.77,4894.446194
1787375700000,342.92,343.07,342.72,343.07,3348.560539
1787376600000,343.07,343.07,342.85,342.85,11576.551419
1787377500000,342.9,342.9,342.84,342.9,2056.816554
1787378400000,342.82,342.82,342.81,342.81,4136.304414
1787380200000,342.9,342.98,342.6,342.94,3621.397812
1787381100000,342.94,342.98,342.38,342.98,9435.800539
1787382000000,342.98,343.03,342.98,343.03,2149.9403
1787386500000,343.03,343.04,343.03,343.04,1893.855194
1787387400000,343.04,343.04,343.04,343.04,2.607104
1787388300000,343.06,343.06,343.06,343.06,1444.2826
1787389200000,342.96,342.96,342.9,342.95,12487.79474
1787390100000,342.88,342.88,342.88,342.88,509.382528
1787394600000,342.87,343.13,342.78,343.13,23783.752938
1787395500000,342.72,342.9,342.72,342.9,6712.9293
1787397300000,342.9,343.15,342.7,342.7,23.831275
1787399100000,343.15,343.15,343.15,343.15,192.164
1787400000000,342.7,342.86,342.7,342.86,1225.06978
1787400900000,343.01,343.01,343.01,343.01,999.977053
1787401800000,343.01,343.17,342.68,343.17,4036.845045
1787403600000,342.76,342.93,342.65,342.82,2772.134106
1787405400000,342.93,343.21,342.93,343.02,3700.412977
1787411700000,342.79,342.79,342.79,342.79,98.38073
1787413500000,343.21,343.21,342.45,342.85,3171.885809
1787414400000,342.61,343.04,342.42,342.74,3047.534796
1787415300000,342.89,342.89,342.89,342.89,456.0437
1787416200000,342.89,342.89,342.89,342.89,394.3235
1787419800000,342.89,343.01,342.89,343.01,1085.820921
1787420700000,342.66,343.2,342.66,343.2,3142.317069
1787427900000,343.34,343.34,343.34,343.34,195.085788
1787428800000,343.34,343.34,343.34,343.34,188.218988
1787429700000,343.34,343.44,343.34,343.44,905.856434
1787433300000,343.44,343.47,343.44,343.46,1025.40782
1787436900000,343.46,343.46,343.46,343.46,27.4768
1787445000000,343.44,343.44,343.44,343.44,49.901832
1787445900000,343.47,343.47,343.0,343.0,95242.025104
1787446800000,343.36,343.36,342.98,343.0,28936.955066
1787448600000,343.36,343.36,343.0,343.0,5362.48504
1787450400000,342.97,343.36,342.97,343.24,4838.354093
1787451300000,343.24,343.36,343.24,343.36,110.973568
1787452200000,343.36,343.36,343.36,343.36,2369.184
1787453100000,343.36,343.37,343.24,343.24,3938.254489
1787455800000,343.37,343.38,343.24,343.38,6409.431227
1787457600000,343.38,343.39,343.38,343.39,2141.0366
1787459400000,343.39,343.42,343.39,343.42,3253.11446
1787464800000,343.24,343.49,343.24,343.49,519.817761
1787465700000,343.24,343.24,343.24,343.24,1024.502752
1787473800000,343.24,343.24,343.0,343.0,213.499004
1787474700000,343.49,343.49,343.49,343.49,49.977795
1787479200000,343.49,343.49,343.0,343.0,26.155269
1787480100000,343.49,343.49,343.0,343.0,52.104591
1787487300000,343.49,343.49,343.0,343.0,176.530928
1787490000000,343.0,343.0,343.0,343.0,76.3518
1787490900000,343.49,343.49,343.19,343.34,3188.832508
1787491800000,343.34,343.34,343.34,343.34,29.973582
1787492700000,343.34,343.34,343.34,343.34,128.92417
1787493600000,343.39,343.39,343.39,343.39,17.1695
1787494500000,343.39,343.39,343.39,343.39,89.2814
1787497200000,343.34,343.39,342.94,342.94,2869.386097
1787498100000,343.13,343.3,343.13,343.3,2016.792458
1787499000000,343.3,343.3,343.3,343.3,456.589
1787499900000,343.3,343.43,343.3,343.43,24.966555
1787500800000,343.43,343.49,343.43,343.49,2548.552546
1787501700000,343.49,343.49,343.49,343.49,454.574666
1787506200000,343.55,343.55,343.55,343.55,19.99461
1787509800000,343.49,343.55,343.49,343.55,2654.620171
1787511600000,343.55,343.55,343.49,343.55,464.601654
1787513400000,343.55,343.79,343.55,343.59,2247.851284
1787514300000,343.59,344.14,343.57,344.07,2835.40875
1787515200000,344.07,344.07,344.07,344.07,19.990467
1787522400000,343.78,343.78,343.49,343.49,1560.0308
1787523300000,343.49,343.49,343.49,343.49,425.9276
1787525100000,343.49,343.49,343.49,343.49,383.231793
1787526000000,343.72,343.72,343.72,343.72,344.201208
1787527800000,343.84,343.84,343.81,343.84,1693.238113
1787528700000,343.84,347.07,343.84,347.07,27768.919848
1787529600000,346.28,347.51,344.53,346.19,2662571.55
1787530500000,346.19,346.19,344.7,344.7,2526734.26
1787531400000,344.7,344.84,344.54,344.54,505647.83
1787532300000,344.56,345.11,344.56,345.09,359354.16
1787533200000,345.1,345.26,344.82,345.13,1057354.36
1787534100000,345.18,345.43,345.01,345.01,996692.11
1787535000000,345.05,345.13,344.59,344.74,1056584.78
1787535900000,344.62,344.68,343.89,343.94,885314.06
1787536800000,343.91,344.12,343.78,344.11,1125091.51
1787537700000,344.08,344.21,343.97,344.13,751752.74
1787538600000,344.16,344.51,344.01,344.51,825669.37
1787539500000,344.55,344.61,344.34,344.38,792704.49
1787540400000,344.48,344.48,343.61,343.71,1034007.3
1787541300000,343.72,343.9,343.0,343.1,2904050.93
1787542200000,343.07,343.25,342.9,343.09,1135154.06
1787543100000,343.06,343.39,343.06,343.3,665967.69
1787544000000,343.3,343.37,343.11,343.25,451004.65
1787544900000,343.26,343.42,343.17,343.2,587326.19
1787545800000,343.19,343.37,343.19,343.34,174059.2
1787546700000,343.32,343.35,343.17,343.22,510005.39
1787547600000,343.24,343.49,343.21,343.49,407930.6
1787548500000,343.45,343.45,343.12,343.25,451011.37
1787549400000,343.23,343.8,343.11,343.76,1672902.86
1787550300000,343.66,343.82,343.55,343.71,379762.16
1787551200000,343.72,343.73,342.96,343.16,1316808.22
1787552100000,343.19,343.31,342.73,343.19,1487614.83
1787553000000,343.3,343.31,342.85,342.91,506075.5
1787553900000,342.91,343.3,342.84,343.11,665129.66
1787554800000,343.18,343.46,343.06,343.32,1179013.04
1787555700000,343.32,343.34,343.0,343.0,931814.67
1787556600000,343.01,343.53,342.95,342.95,1313521.67
1787557500000,343.08,343.11,342.72,342.72,435807.4
1787558400000,344.813,344.813,342.199,343.185,26933901.833789572
1787559300000,343.187,343.385,343.094,343.351,1516762.30305347
1787560200000,343.16,343.523,343.07,343.07,1818530.75581426
1787561100000,343.495,343.618,343.483,343.53,825411.99652995
1787562000000,343.99,343.99,343.485,343.99,1973269.29240335
1787562900000,343.592,343.605,343.425,343.425,890348.57705105
1787563800000,343.425,343.8,343.425,343.723,628728.72405063
1787564700000,343.724,343.959,343.724,343.935,545555.7054553
1787565600000,343.935,343.975,343.821,343.865,563853.29206738
1787566500000,343.865,343.865,343.621,343.715,883934.448621006
1787567400000,343.715,343.804,343.691,343.71,913666.5073813152
1787568300000,343.61,343.71,343.325,343.61,1435213.48576911
1787569200000,343.24,343.599,343.195,343.26,3391466.65877131
1787570100000,343.585,343.798,343.508,343.779,5772759.05738824
1787571000000,343.82,344.154,343.71,343.82,2896067.25387678
1787571900000,343.985,344.0,343.619,343.619,1954506.1396456
1787572800000,343.618,343.719,343.505,343.705,1434797.14266848
1787573700000,343.705,344.296,343.705,344.285,2140236.8479206
1787574600000,344.13,344.273,343.658,343.75,4095569.78417319
1787575500000,343.671,343.705,343.039,343.104,7358758.418675746
1787576400000,342.96,343.339,342.895,342.94,5401610.43071824
1787577300000,342.79,343.484,342.628,342.79,5364001.19823898
1787578200000,343.61,348.03,342.48,346.17,642321413.0535898
1787579100000,345.87,348.09,345.76,348.09,359235211.5440993
1787580000000,347.879,349.02,347.39,348.556,510660703.08058167
1787580900000,348.62,349.38,348.13,348.71,355095247.8028441
1787581800000,348.775,349.78,348.28,349.74,401774832.8875992
1787582700000,349.68,350.31,349.54,349.73,415279234.9541946
1787583600000,349.688,350.5,348.76,349.911,408090307.25128937
1787584500000,349.887,351.07,349.64,350.912,364404243.1728936
1787585400000,350.85,351.55,350.635,351.195,292082245.5760755
1787586300000,351.19,351.59,350.535,350.86,234835968.9519946
1787587200000,350.81,351.187,350.59,350.735,150848851.38158914
1787588100000,350.752,351.2,350.67,351.067,219904108.60489857
1787589000000,351.06,351.329,350.825,351.04,144700877.16638446
1787589900000,351.04,351.4,350.82,351.02,147970581.6049117
1787590800000,351.01,351.19,349.605,349.72,150593630.42668217
1787591700000,349.711,349.8,349.23,349.279,140224915.94573158
1787592600000,349.282,349.44,348.96,349.0,135428813.42490804
1787593500000,348.994,349.055,348.41,348.493,155492606.8106967
1787594400000,348.505,349.15,348.43,348.99,140549164.4826888
1787595300000,349.0,349.02,348.531,348.93,120744565.43566129
1787596200000,348.875,349.07,348.155,348.24,101129813.54631376
1787597100000,348.231,348.54,347.93,348.358,163933677.85788074
1787598000000,348.35,348.96,348.255,348.54,137763570.104436
1787598900000,348.57,349.03,348.195,348.91,124333766.0993937
1787599800000,348.92,349.26,348.76,349.215,209066153.59316963
1787600700000,349.212,349.26,347.89,348.087,1056589423.5102916
1787601600000,348.079,348.179,347.59,347.6,2346214097.346667
1787602500000,347.6,347.875,347.6,347.707,7013978.059341915
1787603400000,347.57,347.76,347.555,347.57,3921300.60992155
1787604300000,347.8,348.368,347.638,347.75,272197713.08210397
1787605200000,348.231,348.249,347.927,348.15,3813753.15331828
1787606100000,348.15,348.385,348.052,348.295,1788467.73272742
1787607000000,348.44,348.525,348.255,348.44,2551702.11896531
1787607900000,348.52,348.549,348.307,348.375,728511.86382324
1787608800000,348.375,348.4,348.333,348.396,1945171.22560619
1787609700000,348.392,348.4,348.291,348.291,1603272.97790585
1787610600000,348.29,348.29,348.13,348.13,1695260.8644622406
1787611500000,348.13,348.16,348.085,348.1,1627353.2277181
1787612400000,348.1,348.1,348.055,348.1,996465.01383095
1787613300000,348.1,348.139,348.017,348.1,1851468.34123284
1787614200000,347.99,348.075,347.622,347.99,1999512.82628641
1787615100000,347.626,348.097,347.575,347.902,1397403.75955547
1787616000000,348.0,348.0,347.51,347.53,741977.13
1787616900000,347.53,347.71,347.13,347.71,551034.42
1787617800000,347.81,348.06,347.81,348.06,191020.3
1787618700000,348.1,348.26,348.1,348.22,361094.58
1787619600000,348.22,348.27,348.15,348.26,238524.48
1787620500000,348.2,348.25,347.88,347.92,875362.67
1787621400000,347.94,348.37,347.88,348.22,584231.92
1787622300000,348.22,348.22,347.96,347.96,320960.42
1787623200000,347.97,348.14,347.75,347.91,510775.88
1787624100000,347.9,348.01,347.73,347.89,302617.03
1787625000000,347.92,348.0,347.36,347.65,1700527.56
1787625900000,347.57,347.71,347.51,347.64,224552.5
1787626800000,347.67,347.89,347.67,347.84,183310.35
1787627700000,347.86,347.97,347.8,347.91,393075.76
1787628600000,347.91,347.99,347.84,347.86,385827.79
1787629500000,347.89,348.1,347.8,348.01,660417.15
1787630400000,348.03,348.3,348.03,348.28,549368.85
1787631300000,348.3,348.38,348.29,348.34,372358.59
1787632200000,348.36,348.5,348.34,348.35,669297.2
1787633100000,348.46,348.46,348.21,348.32,414505.85
1787634000000,348.31,348.45,348.02,348.06,463129.99
1787634900000,348.07,348.07,347.59,347.64,1201759.31
1787635800000,347.65,347.78,347.51,347.55,715444.94
1787636700000,347.57,347.82,347.56,347.8,1170994.04
1787637600000,347.79,347.91,347.73,347.81,446604.67
1787638500000,347.81,348.01,347.68,347.93,891426.15
1787639400000,347.93,348.09,347.82,348.02,588744.43
1787640300000,348.02,348.09,347.9,347.9,665027.09
1787641200000,347.99,348.13,347.89,347.89,587431.1
1787642100000,347.91,348.01,347.6,347.63,561255.97
1787643000000,347.62,347.8,347.52,347.8,513468.76
1787643900000,347.76,347.79,347.58,347.65,160282.4
1787644800000,347.89,347.96,347.717,347.89,20189842.34897754
1787645700000,347.96,348.814,347.8,348.355,1860821.96320462
1787646600000,348.355,348.699,348.355,348.46,2540601.737696001
1787647500000,348.83,349.0,348.46,349.0,1752661.03644632
1787648400000,348.98,349.1,348.88,348.98,2361264.74733343
1787649300000,348.975,349.11,348.955,348.975,687582.59790779
1787650200000,348.975,349.38,348.946,349.38,1888582.10032866
1787651100000,349.38,349.555,349.336,349.555,4739808.3468454275
1787652000000,349.27,349.555,349.232,349.26,1628512.14552223
1787652900000,349.42,349.42,349.051,349.131,1038274.23519638
1787653800000,349.13,349.25,349.121,349.121,1194869.78497704
1787654700000,349.29,349.385,349.125,349.29,1339119.14219511
1787655600000,349.15,349.57,348.81,349.55,8705449.994476017
1787656500000,349.56,350.802,349.214,350.0,12283077.79706918
1787657400000,350.02,350.035,349.545,350.02,13749695.4149039
1787658300000,349.68,349.837,349.42,349.48,7277102.07017443
1787659200000,350.2,350.438,349.838,350.27,6798117.19458542
1787660100000,350.38,350.429,349.975,350.41,6231328.38251825
1787661000000,349.995,350.017,349.675,349.878,5456813.98586471
1787661900000,349.878,349.878,349.355,349.355,3019032.2950507
1787662800000,349.23,349.45,349.134,349.25,6243811.32070552
1787663700000,349.439,349.783,349.192,349.352,18419488.902461916
1787664600000,349.365,350.1,347.75,349.4,372470178.53953576
1787665500000,349.38,349.55,347.9,348.24,179313601.86343104
1787666400000,348.15,348.455,347.31,348.45,229538347.59103063
1787667300000,348.435,348.63,346.43,346.75,242859406.3082275
1787668200000,346.751,347.375,346.0,346.913,240351144.2488237
1787669100000,346.865,347.2,346.19,346.26,152754504.45123965
1787670000000,346.22,346.45,345.63,346.23,154634080.20828408
1787670900000,346.26,346.56,345.845,346.365,137846603.26662615
1787671800000,346.345,347.025,346.03,346.734,254485402.47356948
1787672700000,346.736,346.76,346.12,346.554,166410886.55570385
1787673600000,346.605,346.99,346.46,346.725,94521320.8251573
1787674500000,346.67,346.95,346.56,346.74,80635700.64954099
1787675400000,346.69,347.02,346.49,346.515,69346701.19927628
1787676300000,346.555,347.46,346.39,347.44,111908037.7590327
1787677200000,347.424,347.623,346.945,347.207,120046608.79294203
1787678100000,347.17,347.28,346.48,346.57,89946555.16190973
1787679000000,346.59,346.87,346.525,346.705,68092364.93675788
1787679900000,346.66,347.335,346.55,347.23,69045107.31170599
1787680800000,347.245,347.245,345.93,345.936,202412656.8124475
1787681700000,345.938,346.15,345.62,345.981,135019491.9207815
1787682600000,346.02,346.215,345.77,346.215,79737739.93694922
1787683500000,346.18,346.38,345.86,345.93,84909257.5346173
1787684400000,345.95,346.425,345.94,346.22,89952251.85854708
1787685300000,346.207,346.575,346.15,346.481,149490802.37415144
1787686200000,346.483,347.175,346.483,346.99,279859869.609324
1787687100000,346.885,347.37,346.295,346.945,476954677.19980454
1787688000000,346.976,347.218,346.552,346.98,3082620608.0154223
1787688900000,346.976,347.159,346.955,347.127,12529674.5422678
1787689800000,347.126,347.2,347.085,347.085,742601.0502494
1787690700000,347.084,347.35,347.025,347.121,31088849.444678303
1787691600000,347.119,347.24,347.005,347.135,821137.63583997
1787692500000,347.135,347.243,347.065,347.13,1191431.18943466
1787693400000,347.13,347.13,347.05,347.055,650923.74616333
1787694300000,347.08,347.185,347.046,347.08,760313.90885862
1787695200000,347.09,347.1,347.0,347.03,3713561.6432659826
1787696100000,347.09,347.239,347.025,347.09,2317780.64954307
1787697000000,347.115,347.15,347.09,347.11,1189925.66479258
1787697900000,347.13,347.164,347.11,347.13,1732172.34885345
1787698800000,347.135,347.135,347.025,347.06,520105.37489474
1787699700000,347.06,347.06,346.804,346.894,1483258.4310179045
1787700600000,346.895,346.895,346.47,346.47,1429802.97023374
1787701500000,346.47,346.52,346.258,346.347,2168020.32980437
1787702400000,346.92,346.92,346.2,346.38,659521.27
1787703300000,346.38,346.66,346.2,346.2,471867.7
1787704200000,346.22,346.25,345.89,345.99,924255.0
1787705100000,346.01,346.13,345.59,345.6,1012014.13
1787706000000,345.59,345.86,345.31,345.52,1230390.54
1787706900000,345.34,345.67,345.23,345.35,1742537.46
1787707800000,345.37,345.84,345.35,345.79,563775.28
1787708700000,345.81,345.91,345.72,345.91,732105.21
1787709600000,345.95,346.02,345.85,345.9,199952.1
1787710500000,346.0,346.13,345.96,346.12,194486.49
1787711400000,346.14,346.33,346.08,346.32,410215.07
1787712300000,346.32,346.5,346.32,346.42,625323.22
1787713200000,346.44,346.49,346.27,346.43,526494.21
1787714100000,346.44,346.47,346.39,346.41,109813.87
1787715000000,346.37,346.61,346.3,346.6,248049.96
1787715900000,346.6,346.86,346.6,346.68,287068.66
1787716800000,346.67,346.84,346.65,346.72,250692.38
1787717700000,346.71,346.91,346.7,346.74,264946.43
1787718600000,346.8,346.86,346.71,346.72,226445.6
1787719500000,346.7,346.78,346.51,346.78,188574.87
1787720400000,346.79,346.9,346.74,346.83,201167.28
1787721300000,346.82,346.95,346.79,346.87,328498.37
1787722200000,346.9,347.0,346.84,346.85,275815.97
1787723100000,346.87,346.88,346.69,346.72,480221.29
1787724000000,346.75,346.77,346.43,346.57,500896.19
1787724900000,346.57,346.65,346.47,346.56,155950.64
1787725800000,346.55,346.84,346.54,346.72,306126.63
1787726700000,346.83,346.98,346.69,346.77,685033.68
1787727600000,346.81,346.95,346.72,346.9,288234.29
1787728500000,346.88,346.96,346.68,346.69,299638.45
1787729400000,346.72,346.85,346.72,346.76,123461.32
1787730300000,346.79,346.9,346.76,346.85,76645.82
1787731200000,346.28,346.816,346.233,346.27,11766697.13074867
1787732100000,346.319,346.482,346.211,346.482,1529030.5162801119
1787733000000,346.483,346.715,346.37,346.706,547807.02961763
1787733900000,346.706,347.064,346.705,347.064,568888.93563739
1787734800000,347.066,347.318,346.95,346.975,5907683.5405846
1787735700000,346.95,346.99,346.695,346.95,699338.81916681
1787736600000,346.695,346.909,346.682,346.888,585718.3632698416
1787737500000,346.67,346.887,346.636,346.69,826768.5106108
1787738400000,346.87,347.0,346.482,346.87,865600.20782183
1787739300000,346.477,346.84,346.468,346.63,572948.35611473
1787740200000,346.63,346.915,346.526,346.805,1251712.7512231
1787741100000,346.805,346.97,346.805,346.815,674514.70861906
1787742000000,347.03,347.186,346.803,347.03,2567814.48419889
1787742900000,347.187,347.492,347.187,347.25,1921127.47781527
1787743800000,347.09,347.27,346.99,346.99,1411549.38509852
1787744700000,347.06,347.145,346.968,347.074,2435503.4259210196
1787745600000,347.1,347.125,346.84,346.84,2599462.58736496
1787746500000,346.93,347.065,346.746,346.93,3151308.75828014
1787747400000,347.16,347.16,346.361,346.42,4332953.7096004
1787748300000,346.15,346.619,346.085,346.15,3343517.96491331
1787749200000,346.097,347.86,346.03,347.221,28529746.255648978
1787750100000,346.6,347.356,346.212,346.81,23444835.23614098
1787751000000,346.62,346.866,343.09,344.265,493185796.527482
1787751900000,344.3,344.78,343.305,343.88,351265296.62777716
1787752800000,343.88,344.11,341.73,341.73,329344164.80112976
1787753700000,341.785,342.43,341.56,342.303,313160531.92362005
1787754600000,342.24,342.742,341.46,342.15,208729492.95984516
1787755500000,342.12,343.19,342.02,343.06,149379600.27594474
1787756400000,343.06,343.445,342.92,343.22,146286519.38090953
1787757300000,343.212,343.245,342.6,342.937,161721712.7586733
1787758200000,342.922,342.922,341.855,342.215,190777693.82796913
1787759100000,342.225,342.724,341.42,341.42,166742569.92902532
1787760000000,341.42,341.73,341.15,341.48,105069686.0724451
1787760900000,341.47,341.52,340.56,340.61,128120216.40710846
1787761800000,340.597,340.664,340.195,340.301,180458759.9835846
1787762700000,340.275,340.94,340.23,340.725,135794576.98588163
1787763600000,340.63,341.45,340.63,341.23,115473658.3222945
1787764500000,341.29,341.704,341.245,341.43,113023079.96226884
1787765400000,341.465,341.795,341.407,341.655,91416505.0453902
1787766300000,341.57,341.805,341.45,341.535,174833905.54996237
1787767200000,341.55,341.906,341.39,341.394,103202274.8578488
1787768100000,341.36,341.756,341.36,341.46,81865693.5560057
1787769000000,341.435,341.53,341.25,341.48,82629023.42478588
1787769900000,341.475,341.89,341.47,341.77,90489258.457325
1787770800000,341.69,342.025,341.6,341.6,314028742.4713381
1787771700000,341.611,341.77,341.28,341.319,148722822.46156585
1787772600000,341.325,342.18,341.29,342.14,150175469.22981519
1787773500000,342.105,342.71,341.43,342.06,473935037.8342409
1787774400000,342.03,342.359,341.99,342.03,2066299333.951775
1787775300000,341.91,342.2,341.688,342.05,6977837.45145087
1787776200000,341.856,341.996,341.75,341.899,6403447.332959809
1787777100000,341.899,342.244,341.867,342.241,2924135.89521574
1787778000000,341.61,342.367,340.79,341.56,16354975.56992754
1787778900000,341.616,342.293,341.579,341.722,7246125.6011032
1787779800000,341.1,341.712,340.957,341.0,17874818.0010906
1787780700000,341.416,341.913,341.131,341.148,22610121.27062109
1787781600000,341.09,341.838,340.945,341.6,12126020.99649324
1787782500000,341.8,342.312,341.651,342.24,8986836.56612098
1787783400000,342.55,342.699,342.313,342.55,7956230.40836912
1787784300000,342.59,342.794,342.59,342.75,5896422.07456739
1787785200000,342.791,342.879,342.72,342.832,9770228.393127326
1787786100000,342.8,342.85,342.639,342.8,2786068.03877894
1787787000000,342.782,342.865,342.725,342.826,2243994.67929211
1787787900000,342.99,343.065,342.721,343.02,6242668.94328798
1787788800000,342.86,343.29,342.78,342.94,2066704.17
1787789700000,342.96,343.02,342.65,342.68,497449.43
1787790600000,342.74,342.74,342.1,342.34,1690846.15
1787791500000,342.17,342.31,341.69,341.75,2044952.93
1787792400000,341.72,342.0,341.49,341.68,1322032.52
1787793300000,341.7,342.01,341.57,342.01,746834.98
1787794200000,342.1,342.12,341.62,341.62,1260510.5
1787795100000,341.65,341.89,341.55,341.61,1393490.02
1787796000000,341.68,341.85,341.59,341.8,570303.33
1787796900000,341.87,341.95,341.66,341.66,727304.42
1787797800000,341.73,342.06,341.73,342.03,452424.41
1787798700000,342.07,342.23,341.92,341.96,631863.51
1787799600000,341.96,342.2,341.93,342.07,536986.91
1787800500000,342.1,342.24,341.97,342.0,1437702.72
1787801400000,342.01,342.35,342.0,342.34,551978.45
1787802300000,342.35,342.38,342.16,342.24,2570230.03
1787803200000,342.24,342.24,341.96,342.16,1269096.27
1787804100000,342.22,342.27,341.99,342.04,643202.26
1787805000000,342.07,342.15,341.61,341.72,1534559.06
1787805900000,341.77,341.9,341.61,341.85,1308714.21
1787806800000,341.87,341.89,341.34,341.35,1403985.9
1787807700000,341.35,341.54,340.99,341.13,2514322.97
1787808600000,341.03,341.14,340.72,340.8,2398963.21
1787809500000,340.8,340.9,340.44,340.74,3542889.81
1787810400000,340.72,340.85,340.5,340.84,1378383.96
1787811300000,340.86,341.0,340.59,340.63,2114055.32
1787812200000,340.6,341.02,340.56,340.9,1391729.13
1787813100000,340.91,341.05,340.65,340.79,2119086.0
1787814000000,340.79,341.24,340.7,341.06,1744714.41
1787814900000,341.09,341.24,340.72,341.0,2033386.09
1787815800000,341.01,341.06,340.77,340.83,1440070.11
1787816700000,340.85,341.1,340.75,340.93,624766.78
1787817600000,342.939,342.94,340.622,340.815,50134509.35923815
1787818500000,340.77,340.889,340.681,340.77,4702591.42657871
1787819400000,340.67,340.895,340.665,340.85,3817572.14534516
1787820300000,340.815,340.9,340.456,340.529,5091732.0266367
1787821200000,340.67,340.675,340.345,340.57,3954048.59060826
1787822100000,340.55,341.005,340.55,341.004,4806153.201278115
1787823000000,341.04,341.186,340.93,341.05,3240192.78896762
1787823900000,341.02,341.384,340.976,341.02,3239433.95154705
1787824800000,341.03,341.213,340.768,341.01,4576692.75376514
1787825700000,340.779,341.095,340.712,341.049,4517458.36612924
1787826600000,341.048,341.107,340.868,340.87,3666759.9380102847
1787827500000,340.72,341.315,340.628,341.01,4360668.31433393
1787828400000,341.13,341.416,340.9,341.29,7379300.20703606
1787829300000,341.29,341.449,340.781,340.86,7670445.15044684
1787830200000,340.7,340.772,340.354,340.61,5665748.4335282
1787831100000,340.44,340.62,340.428,340.43,9603953.35449993
1787832000000,340.49,340.859,340.461,340.62,10053951.07158081
1787832900000,340.81,340.869,340.623,340.664,3043568.63921375
1787833800000,340.44,340.665,340.378,340.44,6394457.31852798
1787834700000,340.59,340.66,340.266,340.4,12995219.003491344
1787835600000,340.3,340.606,340.3,340.3,7385578.44603158
1787836500000,340.33,340.612,339.6,339.89,26920142.48489248
1787837400000,339.69,341.22,338.53,340.905,784959799.4411398
1787838300000,340.775,341.63,339.975,340.485,322064440.43302935
1787839200000,340.495,341.0,339.76,340.242,193562774.81991678
1787840100000,340.235,340.49,339.34,340.01,393452051.7269216
1787841000000,339.99,340.065,339.01,339.44,156403953.29172346
1787841900000,339.365,341.07,339.35,340.9,213995833.20349926
1787842800000,340.942,340.942,339.65,340.741,232252088.73142576
1787843700000,340.733,341.42,340.48,340.619,160985264.54230815
1787844600000,340.625,340.98,340.26,340.572,103714773.9081078
1787845500000,340.55,340.94,340.19,340.62,116353335.19947737
1787846400000,340.54,341.145,340.239,341.135,105728563.51003288
1787847300000,341.118,341.31,340.86,341.268,118964277.08751488
1787848200000,341.27,341.68,341.19,341.46,161939720.35839215
1787849100000,341.52,341.575,340.568,340.865,112411210.7747506
1787850000000,340.775,341.575,340.65,341.575,80574934.39621738
1787850900000,341.54,341.6,340.83,341.04,200611049.68442902
1787851800000,341.031,341.575,340.971,341.288,341938765.22199076
1787852700000,341.285,341.385,340.485,340.788,130831591.5947009
1787853600000,340.87,341.389,340.39,340.528,95960401.94390982
1787854500000,340.515,341.01,340.3,340.51,113708703.90666448
1787855400000,340.54,340.96,340.508,340.605,78516735.36636403
1787856300000,340.6,340.99,340.54,340.715,97169520.93764608
1787857200000,340.747,341.05,340.576,340.801,133807467.3681667
1787858100000,340.83,340.83,340.385,340.53,125939325.62741505
1787859000000,340.54,340.815,340.29,340.705,168884238.29749683
1787859900000,340.61,341.17,340.255,340.6,461256907.62668085
1787860800000,340.664,340.7,340.427,340.7,2330991843.921313
1787861700000,340.7,340.75,340.651,340.715,4292106.309272531
1787862600000,340.715,340.957,340.676,340.73,3203663.4033918763
1787863500000,340.73,340.73,340.65,340.665,564623954.380315
1787864400000,340.665,340.8,340.642,340.782,1941378.97829678
1787865300000,340.782,340.785,340.705,340.736,6637218.09957821
1787866200000,340.71,340.75,340.706,340.71,7641198.29007654
1787867100000,340.71,340.801,340.705,340.801,4224779.02549852
1787868000000,340.803,340.907,340.706,340.715,2872990.63077373
1787868900000,340.715,340.999,340.715,340.946,1477155.64505951
1787869800000,340.943,340.945,340.8,340.82,918495.59964479
1787870700000,340.82,340.82,340.645,340.77,10115725.154359773
1787871600000,340.77,340.785,340.62,340.761,1286002.5645434
1787872500000,340.762,340.765,340.595,340.64,735077.73272014
1787873400000,340.65,340.708,340.55,340.65,1379520.62354528
1787874300000,340.574,340.648,340.414,340.463,2140722.0650515
1787875200000,340.65,340.99,340.426,340.92,672017.49
1787876100000,340.97,341.0,340.77,340.96,251251.73
1787877000000,340.94,341.01,340.89,340.98,578601.88
1787877900000,340.97,341.02,340.86,340.99,465719.0
1787878800000,340.97,341.1,340.89,341.06,461656.45
1787879700000,341.1,341.21,341.04,341.11,445826.17
1787880600000,341.09,341.18,340.99,341.05,819961.7
1787881500000,341.06,341.24,341.0,341.17,551927.1
1787882400000,341.19,341.54,341.19,341.52,473780.15
1787883300000,341.52,341.6,341.37,341.55,955915.15
1787884200000,341.53,341.53,341.27,341.31,485507.96
1787885100000,341.32,341.32,341.18,341.22,326223.31
1787886000000,341.23,341.31,341.2,341.25,606400.18
1787886900000,341.23,341.33,341.23,341.3,611937.41
1787887800000,341.29,341.31,341.04,341.15,531858.44
1787888700000,341.13,341.24,341.08,341.18,218014.77
1787889600000,341.18,341.2,341.01,341.1,328797.53
1787890500000,341.1,341.16,341.05,341.13,135753.3
1787891400000,341.16,341.31,341.07,341.27,566703.47
1787892300000,341.25,341.28,341.19,341.21,599571.63
1787893200000,341.24,341.24,341.13,341.17,703916.36
1787894100000,341.16,341.22,341.14,341.17,717151.83
1787895000000,341.16,341.24,341.09,341.2,697348.89
1787895900000,341.17,341.18,341.0,341.04,422946.77
1787896800000,341.05,341.1,340.89,341.03,781224.58
1787897700000,341.04,341.14,341.04,341.1,461847.92
1787898600000,341.12,341.23,341.09,341.21,834570.7
1787899500000,341.2,341.51,341.2,341.48,1023270.25
1787900400000,341.48,341.63,341.4,341.6,876301.25
1787901300000,341.64,341.65,341.52,341.61,523360.18
1787902200000,341.61,341.64,341.51,341.55,227484.48
1787903100000,341.54,341.61,341.28,341.28,331888.14
1787904000000,341.61,342.1,340.426,342.1,16608297.9877423
1787904900000,342.05,342.13,341.823,341.999,1991882.3244112292
1787905800000,342.0,342.259,342.0,342.172,1360976.26397154
1787906700000,341.94,342.171,341.89,341.94,1404908.91045686
1787907600000,342.01,342.275,341.915,342.01,1561761.54253291
1787908500000,342.23,342.275,342.072,342.15,2719625.55728483
1787909400000,342.15,342.169,342.0,342.16,2140955.4168879
1787910300000,342.09,342.173,341.896,342.09,1705360.691096
1787911200000,341.89,341.998,341.797,341.89,1258267.75250428
1787912100000,341.85,342.021,341.691,341.85,1095308.96482706
1787913000000,341.859,341.87,341.766,341.775,1659592.5076446824
1787913900000,341.775,341.775,341.535,341.607,1114872.10209328
1787914800000,341.46,341.849,341.341,341.46,3878062.29457068
1787915700000,341.74,341.825,341.67,341.74,3008071.17843557
1787916600000,341.757,341.845,341.696,341.696,2091120.60467903
1787917500000,341.695,341.695,341.456,341.456,2123274.166385607
1787918400000,341.455,341.674,341.365,341.635,3134921.60283319
1787919300000,341.73,341.87,341.581,341.87,3051051.55731228
1787920200000,341.64,341.867,341.523,341.61,2090120.15365063
1787921100000,341.63,341.82,341.63,341.64,1986605.40133669
1787922000000,341.64,341.705,341.403,341.451,3670921.743544243
1787922900000,341.39,341.451,340.383,340.74,11889161.49325654
1787923800000,340.845,343.27,340.769,343.08,439446436.630681
1787924700000,342.99,344.085,342.7,343.79,293262851.1757849
1787925600000,343.72,344.78,342.79,343.4,300492442.8527244
1787926500000,343.357,344.266,342.945,343.89,240648047.33765715
1787927400000,344.01,345.85,343.47,345.85,252526707.42073035
1787928300000,345.98,348.08,345.565,347.37,462272338.20031476
1787929200000,347.31,349.1,347.18,347.39,421298151.75357574
1787930100000,347.387,348.65,346.91,348.406,284101828.8368677
1787931000000,348.452,348.84,347.23,347.4,232037796.3067076
1787931900000,347.42,348.285,346.53,346.825,288536794.71789914
1787932800000,346.84,347.552,346.12,347.54,161084963.40097138
1787933700000,347.63,347.645,345.51,346.45,164904690.909111
1787934600000,346.43,347.117,345.97,346.059,111735788.7837997
1787935500000,346.062,346.53,345.455,345.476,136678232.6054287
1787936400000,345.46,346.085,345.01,345.95,138683727.2832691
1787937300000,346.05,346.585,345.937,346.48,95752514.09649643
1787938200000,346.489,346.55,345.71,346.379,122293667.20824152
1787939100000,346.379,346.79,346.24,346.649,98820024.63408642
1787940000000,346.649,347.12,346.499,346.828,112627820.13461298
1787940900000,346.82,347.024,346.165,346.18,87261917.33801013
1787941800000,346.155,346.92,346.155,346.92,97720970.05066983
1787942700000,346.92,347.14,346.45,346.93,134872415.6194554
1787943600000,346.959,348.07,346.88,347.574,182984439.681406
1787944500000,347.578,347.85,347.334,347.66,189444029.78764158
1787945400000,347.675,347.865,347.14,347.74,505365466.1729983
1787946300000,347.71,347.75,346.46,346.72,665182172.1682724
1787947200000,346.14,346.768,346.052,346.14,2587206633.674654
1787948100000,346.355,346.355,346.082,346.082,2528247.4613873353
1787949000000,346.08,346.199,346.015,346.171,199783031.3040706
1787949900000,346.35,346.39,346.156,346.28,92127046.92203462
1787950800000,346.39,346.4,346.21,346.305,1285938.67631931
1787951700000,346.305,346.379,346.006,346.107,3202252.34260389
1787952600000,346.109,346.125,346.0,346.0,968830.34490388
1787953500000,346.004,346.304,346.004,346.15,40086842.98964975
1787954400000,346.15,346.178,345.956,346.054,906600.41544139
1787955300000,346.054,346.17,345.966,346.17,557837.13566241
1787956200000,345.96,346.17,345.556,345.96,2288800.27086813
1787957100000,345.905,346.03,345.9,345.961,738428.88301327
1787958000000,345.96,345.96,345.9,345.91,830643.9661046412
1787958900000,345.908,345.925,345.592,345.795,3048194.34655647
1787959800000,345.795,345.85,345.7,345.785,701397.2947769
1787960700000,345.82,346.187,345.79,346.09,2288175.36112726
1787961600000,346.214,346.295,346.214,346.295,0.0
1787967000000,346.42,346.42,345.79,345.79,500.013312
1787968800000,346.21,346.6,346.21,346.29,1527.314534
1787975100000,346.6,346.6,346.53,346.53,1824.773215
1787976000000,346.67,346.67,346.67,346.67,49.989814
1787981400000,346.65,346.65,346.65,346.65,19.96704
1787987700000,346.65,346.65,346.53,346.53,119.92014
1787988600000,346.72,346.77,346.42,346.54,1049.154103
1787990400000,346.8,346.8,346.8,346.8,47.47692
1787994000000,346.54,346.54,346.54,346.54,127.18018
1787994900000,346.56,346.56,346.46,346.46,170.957288
1787996700000,346.77,346.77,346.46,346.46,107.624376
1788000300000,346.46,346.46,346.46,346.46,135.1194
1788004800000,346.79,346.79,346.79,346.79,79.588305
1788010200000,346.86,346.86,346.86,346.86,29.968704
1788011100000,346.73,346.73,346.73,346.73,117.8882
1788012000000,346.79,346.79,346.79,346.79,20.980795
1788013800000,346.89,346.89,346.89,346.89,23.970099
1788015600000,346.91,346.91,345.99,346.15,1529.501473
1788016500000,346.15,346.15,345.88,345.99,712.862174
1788017400000,345.99,345.99,345.99,345.99,23.734914
1788018300000,346.42,346.42,346.42,346.42,24.976882
1788019200000,346.37,346.4,345.71,345.71,301.682175
1788020100000,346.56,346.61,346.56,346.61,21.384337
1788021000000,346.59,346.59,346.59,346.59,19.998243
1788021900000,346.59,346.59,346.59,346.59,298.0674
1788024600000,346.86,346.86,345.72,346.62,533.291751
1788032700000,346.6,346.91,346.45,346.45,50.374336
1788033600000,346.59,346.59,346.59,346.59,19.998243
1788035400000,346.48,346.48,346.48,346.48,14.448216
1788043500000,346.65,346.65,346.65,346.65,190.969485
1788047100000,346.46,346.49,346.45,346.45,3557.574189
1788053400000,346.91,346.92,346.46,346.47,3420.366583
1788061500000,346.69,346.69,346.69,346.69,99.985396
1788062400000,346.73,346.73,346.72,346.72,64.97677
1788067800000,346.46,346.79,345.94,346.79,313.703436
1788068700000,346.77,346.77,346.77,346.77,26.215812
1788071400000,346.73,346.73,346.73,346.73,99.996932
1788078600000,346.46,346.46,345.7,345.7,134.555904
1788079500000,346.17,346.17,346.17,346.17,263.0892
1788083100000,346.1,346.1,346.1,346.1,31.70276
1788087600000,346.08,346.08,346.08,346.08,197.2656
1788091200000,346.16,346.55,346.06,346.06,1189.976485
1788093000000,346.11,346.29,346.11,346.29,138.481332
1788096600000,346.27,346.27,346.27,346.27,29.986982
1788097500000,346.04,346.04,346.04,346.04,64.813292
1788100200000,346.15,346.21,346.15,346.21,77.578497
1788102000000,346.29,346.39,346.29,346.38,290.607725
1788102900000,346.38,346.44,346.21,346.44,451.053738
1788103800000,346.44,346.44,346.44,346.44,43.65144
1788104700000,346.45,346.52,346.45,346.52,24.98062
1788105600000,346.4,346.6,346.4,346.6,59.977254
1788106500000,346.54,346.54,346.54,346.54,10.985318
1788111000000,346.55,346.75,346.55,346.75,19.999515
1788114600000,346.4,346.4,346.4,346.4,10.08024
1788116400000,346.37,346.39,346.37,346.39,155.597234
1788119100000,346.39,346.4,346.39,346.4,39.973983
1788120000000,346.4,346.4,346.4,346.4,19.98728
1788121800000,346.4,346.4,346.4,346.4,519.6
1788128100000,346.29,346.29,346.29,346.29,69.258
1788131700000,346.29,346.29,345.17,345.17,4635.193771
1788132600000,345.14,345.14,344.65,344.65,1472.6716
1788133500000,344.63,344.63,344.28,344.28,1408.9552
1788134400000,344.66,345.81,343.77,344.4,3554491.61
1788135300000,344.4,344.69,344.15,344.28,1150739.0
1788136200000,344.25,345.14,344.24,344.93,1541517.09
1788137100000,344.92,344.95,344.59,344.61,554719.65
1788138000000,344.6,344.68,344.17,344.35,1583189.64
1788138900000,344.34,344.54,344.23,344.27,290272.97
1788139800000,344.25,344.38,344.02,344.23,327023.01
1788140700000,344.22,344.53,344.22,344.48,347566.08
1788141600000,344.55,344.88,344.49,344.78,1364766.54
1788142500000,344.94,344.94,344.39,344.46,459362.97
1788143400000,344.47,344.58,343.98,344.23,1181519.46
1788144300000,344.26,344.33,344.02,344.33,424765.27
1788145200000,344.39,344.69,344.37,344.59,178132.16
1788146100000,344.63,344.68,344.48,344.65,166431.24
1788147000000,344.66,344.74,344.49,344.56,318787.61
1788147900000,344.55,344.56,344.28,344.45,656460.65
1788148800000,344.54,344.54,344.31,344.44,436733.92
1788149700000,344.42,344.43,344.28,344.38,368462.67
1788150600000,344.41,344.7,344.35,344.68,223932.72
1788151500000,344.67,344.95,344.55,344.88,498865.64
1788152400000,344.87,345.18,344.83,345.18,525043.1
1788153300000,345.16,345.48,345.11,345.37,976610.22
1788154200000,345.37,345.6,345.29,345.51,1777795.16
1788155100000,345.5,345.66,345.34,345.63,1081000.01
1788156000000,345.58,345.66,345.21,345.64,1187965.94
1788156900000,345.69,345.81,345.63,345.73,1075567.96
1788157800000,345.68,345.86,345.57,345.76,1004695.7
1788158700000,345.83,345.96,345.75,345.91,249380.84
1788159600000,345.86,345.87,345.74,345.75,537379.53
1788160500000,345.74,345.74,345.45,345.53,356638.12
1788161400000,345.51,345.54,345.37,345.42,339263.33
1788162300000,345.39,346.349,345.34,345.95,171711.25
1788163200000,346.349,346.349,344.824,344.851,19295656.18976227
1788164100000,344.844,344.995,344.736,344.91,534359.24287556
1788165000000,344.91,345.1,344.91,344.951,467552.2202988
1788165900000,344.951,344.96,344.688,344.762,730042.43538005
1788166800000,344.759,344.894,344.716,344.882,541295.55539241
1788167700000,344.883,345.03,344.861,344.9,1838365.2952868715
1788168600000,344.9,344.955,344.9,344.917,985403.59133484
1788169500000,344.916,345.02,344.906,344.95,489044.69151225
1788170400000,344.948,344.948,344.76,344.838,684365.63023872
1788171300000,344.84,344.953,344.84,344.937,394141.95658446
1788172200000,344.936,344.936,344.7,344.783,884854.52634437
1788173100000,344.99,345.005,344.78,344.99,1260434.08102313
1788174000000,344.5,344.866,344.5,344.5,1958938.76663138
1788174900000,344.627,344.95,344.593,344.9,1969312.92728994
1788175800000,344.99,345.038,344.645,345.01,1963828.81487434
1788176700000,344.712,344.715,344.076,344.085,4265325.0609178
1788177600000,344.21,344.292,343.836,343.99,5841728.71704536
1788178500000,343.92,344.265,343.78,343.78,5203036.20740594
1788179400000,344.084,344.125,343.617,343.693,5140284.9667585
1788180300000,343.86,344.172,343.695,343.86,2801783.42383149
1788181200000,344.173,344.519,344.105,344.487,3166998.31901528
1788182100000,344.5,345.293,343.623,345.22,18674138.16042319
1788183000000,344.06,344.25,340.49,340.54,571382927.5686612
1788183900000,340.55,341.44,340.19,340.372,353948458.95732576
1788184800000,340.32,340.375,337.31,337.485,430513160.6785187
1788185700000,337.565,338.43,337.165,337.555,280574834.5060729
1788186600000,337.47,338.332,337.375,338.08,192408966.93360388
1788187500000,338.075,338.152,337.44,338.065,174996958.12279227
1788188400000,338.03,338.894,337.756,338.76,212285364.65791562
1788189300000,338.75,339.08,338.5,338.56,158646913.78726184
1788190200000,338.62,338.824,337.94,338.55,167671152.58727995
1788191100000,338.56,338.835,338.09,338.145,151062113.3713084
1788192000000,338.146,338.62,337.86,338.601,257447724.24617857
1788192900000,338.599,338.61,337.925,338.308,159753823.5458127
1788193800000,338.365,338.365,337.89,338.0,169222176.7277557
1788194700000,337.935,338.645,337.89,338.42,121606402.738217
1788195600000,338.45,338.785,338.16,338.77,98136370.2304846
1788196500000,338.725,338.92,338.342,338.37,116213558.29477105
1788197400000,338.355,338.739,338.18,338.7,103208225.4274363
1788198300000,338.66,338.9,338.34,338.34,125591280.1723422
1788199200000,338.34,338.71,338.06,338.46,102080544.09174404
1788200100000,338.51,338.755,338.035,338.035,108669657.7137102
1788201000000,338.047,338.179,337.75,337.928,536226520.31536764
1788201900000,337.96,338.405,337.934,338.24,98200243.6187127
1788202800000,338.195,338.94,338.105,338.8,143937756.81036845
1788203700000,338.815,338.815,338.32,338.63,123998409.03535224
1788204600000,338.525,339.19,338.35,339.01,495499696.75116324
1788205500000,338.99,341.4,338.79,339.17,1297178982.5433004
1788206400000,339.311,339.775,339.303,339.646,4480910773.195402
1788207300000,339.69,339.769,339.406,339.76,107183544.56138557
1788208200000,339.82,339.923,339.503,339.87,17481402.90840758
1788209100000,339.81,339.859,339.74,339.81,502903562.6897135
1788210000000,339.76,339.97,339.726,339.855,66139409.27776976
1788210900000,339.88,339.935,339.82,339.88,5042870.85718578
1788211800000,339.899,339.915,339.838,339.85,1494050.19089853
1788212700000,339.95,340.256,339.85,339.95,3358763.3741884
1788213600000,340.02,340.09,339.915,340.08,2930350.20604896
1788214500000,340.12,340.131,340.0,340.01,2108249.93248792
1788215400000,340.033,340.115,340.025,340.091,2693876.77681935
1788216300000,340.089,340.124,339.96,339.975,2580207.04794422
1788217200000,339.975,339.975,339.853,339.91,1913538.87344317
1788218100000,339.91,339.91,339.84,339.873,2145229.4838577
1788219000000,339.871,339.94,339.86,339.865,2173390.4353014184
1788219900000,339.865,339.865,339.625,339.625,2285394.41106079
1788220800000,339.38,340.05,339.34,339.41,2231035.45
1788221700000,339.45,339.7,339.36,339.64,869429.72
1788222600000,339.63,339.77,339.52,339.74,549842.96
1788223500000,339.71,339.84,339.66,339.72,503520.01
1788224400000,339.75,339.81,339.57,339.71,403889.69
1788225300000,339.7,339.7,339.42,339.53,659790.89
1788226200000,339.55,339.79,339.52,339.71,416120.61
1788227100000,339.67,339.8,339.5,339.6,1324961.07
1788228000000,339.64,339.78,339.57,339.6,229263.06
1788228900000,339.65,339.69,339.5,339.6,493758.71
1788229800000,339.6,339.64,339.35,339.35,1488816.16
1788230700000,339.41,339.5,339.41,339.49,492230.38
1788231600000,339.49,339.51,339.28,339.45,523026.88
1788232500000,339.4,339.51,339.36,339.45,579094.72
1788233400000,339.45,339.5,339.43,339.47,283116.4
1788234300000,339.47,339.65,339.46,339.61,180978.21
1788235200000,339.63,339.73,339.61,339.69,227924.23
1788236100000,339.72,339.74,339.62,339.69,427321.45
1788237000000,339.7,339.7,339.49,339.49,328741.86
1788237900000,339.55,339.69,339.47,339.49,167052.67
1788238800000,339.51,339.56,339.42,339.46,402627.95
1788239700000,339.46,339.53,339.43,339.5,289571.28
1788240600000,339.58,339.83,339.52,339.83,355614.09
1788241500000,339.81,339.81,339.58,339.72,762567.16
1788242400000,339.75,339.82,339.67,339.82,919701.76
1788243300000,339.86,339.89,339.79,339.81,541698.19
1788244200000,339.81,339.9,339.75,339.84,378880.88
1788245100000,339.86,339.87,339.59,339.65,268715.87
1788246000000,339.64,339.7,339.37,339.45,2379871.37
1788246900000,339.38,339.4,339.04,339.12,2315968.43
1788247800000,339.2,339.27,338.69,338.92,1533136.14
1788248700000,338.85,338.87,338.5,338.5,1916072.21
1788249600000,339.08,339.625,338.165,338.18,24558829.62464478
1788250500000,338.0,338.287,337.41,337.41,5414649.45640195
1788251400000,337.579,337.87,337.217,337.217,3279811.87629965
1788252300000,337.28,337.484,337.198,337.28,2647955.15528111
1788253200000,337.14,337.335,336.922,337.21,5033146.82144332
1788254100000,336.96,337.018,336.629,336.64,5631534.32531686
1788255000000,336.81,336.81,336.374,336.49,4286177.09163142
1788255900000,336.98,336.98,336.566,336.98,1630222.40282933
1788256800000,336.35,336.78,336.336,336.49,2359245.92892913
1788257700000,336.78,337.335,336.756,337.31,2367333.76379414
1788258600000,337.31,337.545,337.274,337.525,4434072.83873238
1788259500000,337.525,337.535,337.222,337.222,1550039.02028964
1788260400000,337.221,337.253,336.803,337.202,5860491.36341797
1788261300000,337.37,337.475,337.175,337.24,2760714.51317081
1788262200000,337.14,337.37,337.098,337.32,5318740.49983387
1788263100000,336.9,337.244,336.32,336.32,9567994.3081276
1788264000000,336.49,336.744,336.08,336.08,6866860.91981072
1788264900000,336.19,336.508,336.137,336.15,5782761.09743137
1788265800000,336.11,336.29,335.695,335.81,13191062.8986664
1788266700000,335.82,335.925,335.784,335.82,6234232.86118779
1788267600000,335.67,335.821,335.046,335.26,15427829.87577195
1788268500000,335.21,336.107,335.04,335.36,19243868.15177634
1788269400000,335.98,336.24,333.1,336.099,947100467.7249492
1788270300000,335.915,337.05,335.85,336.307,435739524.4816034
1788271200000,336.39,336.841,335.631,336.485,278668334.1252648
1788272100000,336.545,337.165,336.38,336.6,177047036.72643062
1788273000000,336.64,337.13,336.348,336.375,175494732.9825756
1788273900000,336.45,336.71,335.835,336.355,171558497.49846494
1788274800000,336.38,336.77,335.645,336.212,175960504.75162366
1788275700000,336.211,336.601,335.951,336.24,176474204.7587421
1788276600000,336.225,336.444,335.84,335.9,125149733.86967228
1788277500000,335.855,336.43,335.82,336.195,210928430.7520956
1788278400000,336.23,336.53,335.6,335.635,109291342.19261678
1788279300000,335.63,335.693,335.115,335.385,132834659.13412452
1788280200000,335.42,335.678,335.27,335.36,138324951.25129887
1788281100000,335.35,335.65,335.24,335.35,106677756.3319648
1788282000000,335.26,335.645,335.1,335.525,86787083.61353102
1788282900000,335.54,335.574,334.97,335.15,98467885.16872211
1788283800000,335.171,335.61,335.125,335.287,94581231.99308418
1788284700000,335.28,335.293,334.575,335.07,170881519.2184234
1788285600000,335.05,335.105,334.408,334.51,143068002.61205646
1788286500000,334.52,334.82,334.22,334.26,101147544.76729731
1788287400000,334.29,334.34,333.51,333.51,172862841.8482489
1788288300000,333.54,334.285,333.49,334.2,125104003.027002
1788289200000,334.07,334.67,334.06,334.62,142586500.17639235
1788290100000,334.64,334.723,334.325,334.4,115217287.01966555
1788291000000,334.39,334.431,333.95,334.28,164541117.8151423
1788291900000,334.28,335.1,334.1,335.005,512314786.9756593
1788292800000,335.054,335.316,335.05,335.055,1895450770.7389836
1788293700000,335.055,335.38,335.055,335.38,4271410.158919988
1788294600000,335.4,335.495,335.188,335.4,3053317.46008034
1788295500000,335.284,335.311,335.036,335.15,1593758.82680998
1788296400000,335.51,339.279,335.128,338.19,680164568.6058544
1788297300000,337.83,338.344,337.64,338.01,17384534.1212505
1788298200000,337.98,338.099,337.44,337.44,48353425.59755201
1788299100000,337.46,337.623,336.984,337.29,6998102.51917871
1788300000000,337.009,337.055,336.8,336.966,6141944.13336074
1788300900000,337.0,337.149,336.95,337.0,3197619.15692045
1788301800000,337.108,337.79,337.025,337.301,11053195.112188313
1788302700000,337.25,337.375,337.25,337.25,2099648.59199545
1788303600000,337.272,337.272,336.961,337.05,1677552.94794375
1788304500000,337.051,337.135,336.981,337.094,2394865.54517759
1788305400000,337.14,337.26,337.076,337.14,1586693.9145807
1788306300000,337.14,337.21,336.972,337.14,2627575.43660992
1788307200000,337.34,337.69,336.89,337.0,845464.24
1788308100000,337.04,337.57,337.03,337.4,3163299.95
1788309000000,337.35,337.57,337.25,337.37,423099.48
1788309900000,337.43,337.43,337.06,337.07,601270.54
1788310800000,337.02,337.1,336.75,336.86,974012.95
1788311700000,336.77,336.92,336.7,336.84,346896.78
1788312600000,336.89,336.93,336.58,336.61,370057.14
1788313500000,336.63,336.72,336.37,336.72,578792.92
1788314400000,336.72,336.72,336.49,336.64,162890.47
1788315300000,336.63,336.8,336.6,336.68,324245.53
1788316200000,336.66,336.7,336.59,336.68,176742.84
1788317100000,336.7,336.72,336.55,336.58,331571.74
1788318000000,336.57,336.64,336.46,336.63,333505.7
1788318900000,336.62,336.82,336.6,336.73,535058.09
1788319800000,336.71,336.8,336.69,336.71,527969.39
1788320700000,336.74,336.76,336.69,336.7,350850.42
1788321600000,336.71,336.72,336.6,336.6,479403.5
1788322500000,336.63,336.79,336.63,336.67,162611.94
1788323400000,336.68,336.84,336.67,336.78,274814.27
1788324300000,336.77,336.87,336.73,336.86,171094.14
1788325200000,336.84,336.95,336.76,336.88,285989.57
1788326100000,336.89,337.03,336.89,336.98,262491.7
1788327000000,336.99,337.07,336.79,336.97,390164.08
1788327900000,336.97,337.23,336.97,337.22,643883.27
1788328800000,337.22,337.26,336.71,337.05,910521.01
1788329700000,336.95,336.96,336.59,336.77,889063.49
1788330600000,336.75,336.96,336.55,336.91,322860.27
1788331500000,336.89,336.92,336.85,336.92,142503.88
1788332400000,336.92,337.3,336.88,337.16,852950.01
1788333300000,337.19,337.19,336.76,336.88,416499.08
1788334200000,336.86,336.9,336.74,336.81,188614.56
1788335100000,336.78,336.8,336.54,336.55,248431.05
1788336000000,337.072,338.45,336.75,337.772,17689559.04353677
1788336900000,337.769,337.823,337.397,337.679,6439277.60728951
1788337800000,337.32,337.892,337.194,337.21,1059008.53040539
1788338700000,337.21,337.37,336.376,336.8,2966539.46307852
1788339600000,336.82,336.919,336.48,336.81,953794.11124012
1788340500000,336.52,336.674,336.255,336.52,3350004.6003965
1788341400000,336.564,336.629,335.946,335.946,1526902.40164574
1788342300000,336.48,336.669,335.831,336.48,2826036.84105886
1788343200000,336.496,336.61,336.26,336.496,2446114.53322073
1788344100000,336.507,336.618,336.34,336.52,2298271.1516298135
1788345000000,336.19,336.563,334.262,334.64,14024990.73560298
1788345900000,334.68,334.778,334.026,334.7,6103282.36136629
1788346800000,334.36,335.01,333.768,335.01,10928093.68983848
1788347700000,334.78,335.193,334.575,335.19,7272813.74588539
1788348600000,335.194,335.635,335.111,335.353,13008240.908105707
1788349500000,335.96,336.107,335.363,336.01,8702732.5067715
1788350400000,336.28,336.712,335.856,336.28,11321862.04375017
1788351300000,336.36,336.57,334.656,334.76,22299151.89519914
1788352200000,335.15,335.427,334.676,334.94,21510789.97121743
1788353100000,335.11,335.224,334.653,334.678,15928822.038539298
1788354000000,334.677,334.989,334.098,334.418,15643067.44915118
1788354900000,334.419,334.69,333.54,333.93,31393442.15660267
1788355800000,333.93,335.6888,332.82,334.67,525233260.7188303
1788356700000,334.59,336.9696,334.0,336.58,364745984.0138935
1788357600000,336.54,339.82,335.98,339.38,745510799.7074183
1788358500000,339.36,340.0,338.26,338.66,536174328.88607824
1788359400000,338.6,338.655,337.4,337.79,199818621.35283983
1788360300000,337.79,337.79,336.52,336.86,197642448.83737186
1788361200000,336.825,336.9,335.84,336.485,213164822.49688804
1788362100000,336.51,337.6,336.24,337.485,212860749.77585572
1788363000000,337.49,337.58,336.53,336.76,175993608.12658596
1788363900000,336.76,338.54,336.305,338.47,184848640.58592346
1788364800000,338.435,339.11,338.01,338.605,204934177.09501538
1788365700000,338.6,338.645,337.45,337.695,153799171.56784782
1788366600000,337.755,338.13,337.635,337.635,101810485.40368198
1788367500000,337.725,338.6,337.674,338.01,99112928.89880508
1788368400000,338.03,338.82,338.028,338.365,133204039.33581133
1788369300000,338.33,338.53,338.09,338.215,88090020.09791876
1788370200000,338.265,338.32,337.47,337.64,130850777.27023785
1788371100000,337.67,338.104,337.351,338.01,133801373.22843274
1788372000000,337.97,338.03,337.49,337.82,85396707.10323209
1788372900000,337.865,338.4,337.425,337.875,109824287.60312048
1788373800000,337.843,338.0,337.265,337.43,128253696.29327366
1788374700000,337.41,337.59,337.105,337.48,90798740.66538171
1788375600000,337.51,338.12,337.31,337.92,115682781.8018325
1788376500000,338.01,338.16,337.64,337.85,133653338.35201205
1788377400000,337.83,337.83,336.99,337.29,203257200.0812248
1788378300000,337.31,337.7,336.99,337.11,466312528.5844259
1788379200000,337.36,337.55,337.07,337.36,1433948755.014263
1788380100000,337.297,337.364,337.071,337.083,5923425.44884824
1788381000000,337.086,337.345,337.086,337.186,2702655.92762595
1788381900000,337.172,337.526,337.105,337.275,503479868.92044955
1788382800000,337.49,337.603,337.265,337.5,2050399.99415036
1788383700000,337.88,337.88,337.504,337.76,8390750.20104116
1788384600000,337.76,337.804,337.045,337.53,18820659.76810725
1788385500000,337.3,337.64,336.905,337.51,8638468.1556555
1788386400000,337.45,337.765,337.309,337.36,4352989.29508238
1788387300000,337.81,337.92,337.487,337.81,3214608.17719471
1788388200000,338.0,338.245,337.92,338.0,4676959.27595439
1788389100000,338.075,338.205,338.075,338.1,995904.05822962
1788390000000,338.16,338.19,338.1,338.16,1911636.15872617
1788390900000,338.115,338.165,337.99,338.165,1243352.00200478
1788391800000,338.19,338.29,338.091,338.25,1925953.78328957
1788392700000,338.37,338.4,338.194,338.37,5042565.99298
1788393600000,338.17,338.7,338.06,338.19,716440.85
1788394500000,338.19,338.36,337.94,338.13,690846.46
1788395400000,338.14,338.34,338.04,338.25,453860.77
1788396300000,338.31,338.52,338.11,338.23,775864.35
1788397200000,338.24,338.5,338.05,338.41,446868.53
1788398100000,338.41,338.55,338.1,338.15,375520.12
1788399000000,338.23,338.51,338.23,338.39,208119.29
1788399900000,338.31,338.31,337.58,337.58,754673.11
1788400800000,337.82,338.45,337.67,338.38,259779.24
1788401700000,338.43,338.49,338.29,338.4,149917.03
1788402600000,338.43,338.5,338.33,338.43,522540.04
1788403500000,338.35,338.51,338.34,338.42,186139.22
1788404400000,338.44,338.67,338.43,338.65,296584.23
1788405300000,338.65,339.04,338.62,338.89,1248864.52
1788406200000,338.94,339.17,338.93,339.12,311600.25
1788407100000,339.1,339.2,339.02,339.18,350660.04
1788408000000,339.23,339.31,339.14,339.21,653329.2
1788408900000,339.24,339.25,339.12,339.12,237770.54
1788409800000,339.13,339.13,338.8,338.87,2031964.57
1788410700000,338.89,339.01,338.85,338.9,157262.79
1788411600000,338.86,338.86,338.41,338.41,811861.4
1788412500000,338.47,338.49,337.59,337.95,1238241.16
1788413400000,337.95,338.29,337.91,338.02,625730.31
1788414300000,338.04,338.45,337.98,338.34,560994.61
1788415200000,338.33,338.59,338.25,338.42,289023.77
1788416100000,338.39,338.6,338.39,338.54,670220.11
1788417000000,338.59,338.73,338.49,338.56,333858.51
1788417900000,338.54,338.54,338.19,338.19,486151.82
1788418800000,338.2,338.78,338.15,338.57,987384.26
1788419700000,338.56,338.63,338.29,338.63,911198.5
1788420600000,338.64,338.87,338.43,338.84,530764.69
1788421500000,338.84,338.84,338.56,338.59,699103.49
1788422400000,338.239,339.8,338.239,339.255,26646812.74032651
1788423300000,339.255,339.764,339.255,339.72,2800048.562846512
1788424200000,339.72,339.86,339.452,339.485,3568305.5226617586
1788425100000,339.485,339.515,339.29,339.429,1714499.5588866447
1788426000000,339.419,339.824,339.27,339.6,3215099.180915061
1788426900000,339.6,339.6,339.396,339.417,3231599.55860367
1788427800000,339.416,339.622,339.24,339.4,2514114.4608118506
1788428700000,339.4,339.409,338.876,338.966,4236124.890365833
1788429600000,338.966,338.98,338.551,338.552,3055720.6130823055
1788430500000,338.551,338.684,338.288,338.4,2454499.3513139295
1788431400000,338.4,338.46,338.235,338.46,3422075.4858136564
1788432300000,338.46,338.613,338.226,338.447,2434065.4191556494
1788433200000,338.439,338.889,338.31,338.889,5162012.441053779
1788434100000,338.871,339.35,338.56,339.095,9851299.047428874
1788435000000,339.117,339.198,338.419,338.419,3352088.1726336614
1788435900000,338.418,338.418,338.045,338.1,3933393.6823117933
1788436800000,338.06,338.378,337.893,338.173,5240346.140050896
1788437700000,338.174,338.175,337.761,337.79,5140091.481595339
1788438600000,337.791,338.7,337.791,338.375,11745188.684785131
1788439500000,338.375,338.95,338.354,338.87,10303740.743652577
1788440400000,338.87,339.39,336.03,338.505,33181873.55466661
1788441300000,338.501,340.625,338.41,340.522,34501266.17858351
1788442200000,340.495,344.6,340.21,343.932,747527624.5693829
1788443100000,343.937,344.34,342.45,342.93,391806013.7290205
1788444000000,342.656,342.79,341.45,342.323,318487894.276274
1788444900000,342.338,342.9,341.97,342.868,251488566.20865828
1788445800000,342.88,343.115,341.87,342.788,210754479.36346307
1788446700000,342.785,342.92,341.1,341.185,243260201.03590012
1788447600000,341.224,342.65,340.87,342.509,283991710.66629934
1788448500000,342.535,343.29,342.535,342.768,220158101.77832365
1788449400000,342.765,342.895,342.31,342.39,133387968.12488948
1788450300000,342.381,342.859,342.335,342.608,150255675.3957165
1788451200000,342.604,342.78,341.27,341.341,163026705.89589128
1788452100000,341.3,341.795,340.825,341.266,119790345.47037987
1788453000000,341.264,341.83,340.82,341.462,129057360.10070792
1788453900000,341.451,341.945,341.45,341.783,82339652.49093853
1788454800000,341.775,342.035,341.693,341.991,80670315.08273534
1788455700000,341.998,342.34,341.998,342.28,84854403.40950549
1788456600000,342.284,342.96,342.284,342.7,192586982.99552584
1788457500000,342.702,342.92,342.41,342.803,101425891.37414867
1788458400000,342.811,343.11,342.334,342.759,141812287.41965374
1788459300000,342.76,343.65,342.654,343.546,127682550.55865988
1788460200000,343.555,343.67,342.59,342.786,132317432.11364499
1788461100000,342.789,342.855,342.33,342.779,106294488.84860924
1788462000000,342.79,343.435,342.54,343.268,156851238.39582166
1788462900000,343.263,343.341,342.39,343.199,234978560.54925442
1788463800000,343.17,343.546,343.045,343.438,187568815.63320145
1788464700000,343.4,343.427,342.185,342.36,495569804.888968
1788465600000,342.436,342.602,342.205,342.56,1652008421.9790301
1788466500000,342.56,342.56,342.347,342.506,11539611.749613695
1788467400000,342.505,342.88,342.505,342.88,4619970.563661362
1788468300000,342.88,342.931,342.56,342.56,43544450.08093932
1788469200000,342.56,342.81,342.56,342.695,1075833644.4278252
1788470100000,342.693,342.885,342.66,342.885,3149936.6628428814
1788471000000,342.866,342.934,342.662,342.88,4217958.928028438
1788471900000,342.883,342.94,342.8,342.85,1512428.4659093637
1788472800000,342.85,342.85,342.58,342.775,3768201.006379988
1788473700000,342.775,342.775,342.63,342.665,1582773.698682112
1788474600000,342.665,342.725,342.625,342.665,1918344.9555473593
1788475500000,342.665,343.015,342.661,342.86,4077191.94285204
1788476400000,342.86,343.174,342.831,343.114,5167602.0889493525
1788477300000,343.114,343.148,342.901,342.961,1185770.544342564
1788478200000,342.961,343.027,342.905,342.98,1450075.9023799875
1788479100000,342.98,343.015,342.915,342.98,2111614.3614987372
1788480000000,342.82,343.04,342.3,342.62,731778.09
1788480900000,342.6,342.66,342.45,342.66,655981.17
1788481800000,342.64,342.84,342.56,342.75,249128.67
1788482700000,342.75,342.88,342.69,342.69,476078.84
1788483600000,342.69,342.76,342.59,342.69,226164.14
1788484500000,342.7,342.9,342.68,342.88,434025.95
1788485400000,342.86,343.15,342.82,343.15,344334.8
1788486300000,343.14,343.15,342.94,343.12,338944.77
1788487200000,343.13,343.21,343.09,343.16,263884.82
1788488100000,343.14,343.36,343.14,343.31,188111.93
1788489000000,343.31,343.39,343.22,343.29,382805.37
1788489900000,343.23,343.36,343.23,343.31,629891.17
1788490800000,343.33,343.47,343.27,343.33,345792.52
1788491700000,343.43,343.51,343.42,343.45,293322.02
1788492600000,343.46,343.55,343.38,343.38,262425.73
1788493500000,343.38,343.43,343.28,343.36,339212.74
1788494400000,343.42,343.58,343.33,343.58,878552.43
1788495300000,343.59,343.65,343.41,343.63,353555.7
1788496200000,343.66,343.71,343.26,343.32,399773.94
1788497100000,343.32,343.43,343.27,343.43,154831.67
1788498000000,343.43,343.45,343.32,343.45,179584.52
1788498900000,343.45,343.65,343.43,343.58,549656.34
1788499800000,343.55,343.58,343.25,343.34,694704.37
1788500700000,343.32,343.43,343.21,343.43,447676.08
1788501600000,343.42,343.58,343.41,343.58,375773.11
1788502500000,343.53,343.74,343.48,343.65,435734.31
1788503400000,343.68,343.73,343.42,343.42,606087.22
1788504300000,343.42,343.48,343.26,343.44,903472.42
1788505200000,343.44,343.63,343.32,343.62,484930.91
1788506100000,343.62,343.67,343.45,343.65,329843.15
1788507000000,343.57,343.69,343.44,343.55,430783.64
1788507900000,343.51,343.63,343.36,343.36,252807.93
1788508800000,343.2355,343.9388,342.48,342.9,18883186.196500838
1788509700000,342.86,343.5888,342.78,343.39,2176881.7814356885
1788510600000,343.5795,343.845,343.2873,343.78,4043372.333288918
1788511500000,343.74,343.95,343.4,343.95,3921361.7831199886
1788512400000,343.95,343.95,343.32,343.4,2522117.0561222485
1788513300000,343.79,343.81,343.0832,343.31,1986950.4811164937
1788514200000,343.4117,343.4459,343.1372,343.389,948360.9270915148
1788515100000,343.6,343.8,343.3545,343.6,1761724.9703579869
1788516000000,343.55,343.6,343.236,343.4,2263250.750465005
1788516900000,343.39,343.5088,343.1895,343.315,2036491.6193183463
1788517800000,343.3242,343.4,343.16,343.33,2344706.7218175894
1788518700000,343.35,343.48,343.09,343.1058,4259865.538239053
1788519600000,343.14,343.29,342.48,343.06,4540922.778838715
1788520500000,343.03,343.45,342.9001,343.35,3771091.961425187
1788521400000,343.25,343.6402,343.1112,343.5,3166075.601456756
1788522300000,343.49,343.8588,343.475,343.72,7778260.971601727
1788523200000,343.8,343.8,342.39,342.4955,8846656.565234872
1788524100000,342.48,342.87,342.28,342.6057,6481366.725519162
1788525000000,342.61,342.93,340.64,341.4975,44767226.678053394
1788525900000,341.5,341.7,340.83,341.1666,10743289.821758926
1788526800000,341.2,341.92,341.0,341.8,6406427.869799406
1788527700000,341.7645,342.51,341.3,342.4,13470716.45056651
1788528600000,342.575,343.53,340.5,341.04,385249482.5195299
1788529500000,341.055,341.72,339.72,341.54,404847585.725065
1788530400000,341.49,341.97,340.64,340.87,338042347.8324367
1788531300000,340.85,340.925,337.9,337.99,674724334.7323916
1788532200000,337.96,339.28,337.6603,338.86,360425501.34044385
1788533100000,338.895,338.98,337.57,337.72,271645688.3743903
1788534000000,337.73,337.9801,337.235,337.755,229137544.116522
1788534900000,337.79,338.01,337.09,337.75,247796534.08271807
1788535800000,337.745,338.15,337.5,337.73,198856264.82681087
1788536700000,337.74,338.32,337.39,338.19,246623927.6177646
1788537600000,338.21,338.4,337.76,338.265,194693921.6265708
1788538500000,338.245,338.87,338.05,338.63,206618878.74744856
1788539400000,338.62,338.73,338.4096,338.65,162726431.7482513
1788540300000,338.65,338.87,338.43,338.55,127448056.51242606
1788541200000,338.5144,338.9567,338.41,338.6192,117437489.32005072
1788542100000,338.61,338.88,338.51,338.72,193416260.69574672
1788543000000,338.72,338.72,338.2001,338.36,147086192.23953116
1788543900000,338.38,338.6298,338.28,338.56,119300960.98182438
1788544800000,338.56,338.685,337.75,337.84,132497762.77400334
1788545700000,337.84,338.5999,337.84,338.44,205818132.070919
1788546600000,338.4301,339.06,338.33,338.88,148907607.80525073
1788547500000,338.9,339.24,338.565,339.17,171865138.84303752
1788548400000,339.17,339.3499,338.8901,339.29,174469260.9062981
1788549300000,339.27,339.58,339.06,339.56,200795900.8905348
1788550200000,339.55,339.6,338.62,338.8,353435532.58686966
1788551100000,338.8,339.32,338.11,338.46,662483347.0144783
1788552000000,338.305,338.64,338.226,338.493,1659340565.062533
1788552900000,338.46,338.76,338.3062,338.6235,15536697.008514792
1788553800000,338.6527,338.9,338.5,338.8,5356040.866739774
1788554700000,338.75,338.91,338.5075,338.8828,13200483.378168654
1788555600000,338.8122,339.33,338.8122,339.3,5677610.57526999
1788556500000,339.1482,339.24,339.0,339.0598,946642983.6841629
1788557400000,339.0574,339.08,338.87,338.94,2003668.2058147886
1788558300000,338.9471,339.15,338.9471,339.0985,106332308.69665615
1788559200000,339.05,339.11,338.88,338.93,2805914.893851682
1788560100000,339.0,339.0,338.8,338.87,1996871.7481687546
1788561000000,338.92,339.0,338.803,338.9991,1924897.7683649724
1788561900000,339.0,339.0,338.7555,338.8701,2457053.124336249
1788562800000,338.953,339.07,338.87,338.945,1200858.3588799872
1788563700000,338.95,338.97,338.87,338.95,1619168.9995415763
1788564600000,338.97,338.97,338.7,338.86,3498343.0919115935
1788565500000,338.85,338.95,338.7,338.7937,2088958.3488884035
1788570000000,338.83,338.83,338.83,338.83,14.976286
1788571800000,338.83,338.83,338.83,338.83,23.074323
1788573600000,338.92,338.92,338.92,338.92,119.97768
1788579000000,338.87,338.87,338.87,338.87,10.84384
1788580800000,338.94,338.94,338.94,338.94,49.99365
1788583500000,338.79,338.79,338.16,338.16,1809.550748
1788586200000,338.99,339.06,338.99,339.06,19.967883
1788589800000,338.8,339.03,338.8,339.03,478.628364
1788591600000,338.93,338.93,338.93,338.93,14.980706
1788593400000,339.02,339.02,339.02,339.02,14.713468
1788595200000,338.62,338.62,338.62,338.62,4000.016474
1788596100000,338.51,338.51,338.51,338.51,157.441001
1788597900000,338.53,338.53,338.5,338.5,1028.375236
1788599700000,338.68,338.68,338.68,338.68,465.312452
1788600600000,338.74,338.74,338.74,338.74,15.988528
1788606900000,338.74,338.74,338.74,338.74,742.382584
1788608700000,338.74,338.77,338.74,338.77,567.423448
1788611400000,338.77,338.88,338.77,338.88,637.57095
1788613200000,338.72,338.72,338.72,338.72,39.96896
1788615000000,338.72,338.72,338.69,338.69,99.580161
1788618600000,338.71,338.72,338.47,338.6,20929.45193
1788619500000,338.6,338.6,338.6,338.6,209.55954
1788620400000,338.6,338.6,338.6,338.6,351.66996
1788621300000,338.6,338.6,338.6,338.6,649.67182
1788622200000,338.6,338.6,338.6,338.6,243.82586
1788623100000,338.6,338.6,338.6,338.6,926.54504
1788624900000,338.6,338.61,338.45,338.55,1749.745019
1788625800000,338.45,338.45,338.44,338.44,117.88021
1788626700000,338.54,338.55,338.54,338.55,613.584325
1788627600000,338.54,338.55,338.54,338.55,264.067249
1788628500000,338.55,338.55,338.39,338.43,10788.07299
1788629400000,338.43,338.55,338.43,338.55,6169.428152
1788630300000,338.55,338.56,338.55,338.56,4123.798928
1788631200000,338.56,338.61,338.56,338.61,3166.63701
1788632100000,338.61,338.61,338.61,338.61,2167.104
1788633000000,338.64,338.64,338.64,338.64,4235.742984
1788635700000,338.64,338.67,338.64,338.67,14.088495
1788637500000,338.67,338.67,338.67,338.67,39.96306
1788638400000,338.67,338.67,338.67,338.67,19.98153
1788642900000,338.42,338.42,338.41,338.41,493.506286
1788643800000,338.48,338.49,338.48,338.48,124.494085
1788649200000,338.48,338.49,338.48,338.48,44.003327
1788650100000,338.48,338.67,338.48,338.67,822.789385
1788654600000,338.67,338.67,338.67,338.67,193.0419
1788655500000,338.67,338.67,338.67,338.67,727.80183
1788656400000,338.67,338.67,338.67,338.67,14.969214
1788658200000,338.67,338.67,338.67,338.67,1064.507544
1788665400000,338.67,338.67,338.67,338.67,12.666258
1788667200000,338.67,338.67,338.67,338.67,49.987692
1788671700000,338.67,338.67,338.67,338.67,247.940307
1788672600000,338.67,338.67,338.67,338.67,19.98153
1788674400000,338.67,338.67,338.67,338.67,520.19712
1788678000000,338.67,338.69,338.67,338.67,2724.576479
1788678900000,338.69,338.69,338.39,338.44,2023.546505
1788681600000,338.68,338.68,338.68,338.68,15.74862
1788684300000,338.69,338.69,338.69,338.69,240.80859
1788685200000,338.69,338.69,338.69,338.69,341.73821
1788687900000,338.68,338.68,337.99,337.99,81540.534053
1788688800000,338.19,338.19,338.19,338.19,30.504738
1788691500000,338.19,338.19,337.91,338.12,1163.154641
1788693300000,338.12,338.13,337.92,338.12,50.708484
1788694200000,338.12,338.12,338.12,338.12,47.3368
1788696000000,338.12,338.29,338.12,338.29,63228.775672
1788696900000,338.29,338.29,338.29,338.29,519.444295
1788697800000,338.29,338.29,337.91,337.91,201.710711
1788699600000,338.25,338.25,338.18,338.18,2728.700496
1788701400000,338.18,338.18,338.18,338.18,29.996566
1788704100000,338.18,338.18,338.18,338.18,569.123122
1788705000000,338.18,338.18,338.01,338.18,664.366129
1788706800000,338.18,338.18,338.18,338.18,29.996566
1788707700000,338.01,338.03,338.01,338.01,188.718425
1788708600000,338.01,338.01,338.01,338.01,10.47831
1788709500000,338.17,338.17,338.17,338.17,24.990763
1788710400000,338.17,338.17,338.17,338.17,59.991358
1788714900000,338.02,338.02,338.02,338.02,10.005392
1788715800000,338.17,338.18,338.17,338.18,19.985891
1788717600000,338.18,338.18,338.18,338.18,340.310534
1788719400000,338.02,338.02,338.02,338.02,60.708392
1788721200000,338.17,338.17,338.17,338.17,20.019664
1788723000000,338.17,338.18,338.17,338.18,39.97257
1788723900000,338.17,338.18,338.17,338.18,39.971978
1788724800000,338.18,338.18,338.18,338.18,19.986438
1788728400000,338.18,338.18,338.18,338.18,103.922714
1788732000000,338.18,338.18,338.18,338.18,10.99085
1788737400000,338.18,338.18,338.11,338.11,69.959096
1788738300000,338.09,338.25,337.98,337.98,29415.781059
1788742800000,337.93,337.93,336.82,336.82,65025.534496
1788743700000,336.74,336.74,336.2,336.36,40464.690923
1788744600000,336.36,336.52,336.36,336.52,8453.663064
1788745500000,336.52,336.57,336.52,336.57,3345.50548
1788746400000,336.57,336.7,336.57,336.7,6232.139447
1788747300000,336.7,336.82,336.7,336.82,11774.324582
1788749100000,336.82,336.87,336.82,336.87,4342.25395
1788750000000,336.87,336.9,336.87,336.9,3449.754657
1788750900000,336.9,337.15,336.9,337.15,9826.680306
1788751800000,337.15,337.34,337.15,337.34,18745.031151
1788752700000,337.36,337.36,337.36,337.36,150.664976
1788753600000,337.36,337.36,337.36,337.36,387.356752
1788755400000,337.36,337.49,337.36,337.49,5447.369439
1788756300000,337.63,337.63,337.63,337.63,1999.985068
1788757200000,337.63,337.63,337.63,337.63,337.63
1788758100000,337.63,337.63,337.63,337.63,29.981544
1788759000000,337.63,337.63,337.63,337.63,19.987696
1788759900000,337.51,337.51,337.51,337.51,50.322741
1788760800000,337.51,337.63,337.51,337.63,521.158595
1788762600000,337.62,337.63,337.62,337.63,2571.152248
1788763500000,337.63,337.8,337.51,337.8,1815.918081
1788768000000,337.8,338.37,337.8,338.37,6202.63765
1788771600000,338.37,338.37,337.58,337.58,200.688449
1788772500000,337.58,338.37,337.57,338.37,219.246224
1788773400000,337.97,338.62,337.97,338.62,815.736109
1788774300000,338.23,338.23,338.23,338.23,19.989393
1788780600000,338.13,338.16,338.13,338.16,244.993332
1788783300000,338.23,338.23,337.81,337.82,217.640451
1788784200000,337.58,337.58,337.58,337.58,39.901956
1788786000000,337.58,337.58,337.58,337.58,84.867612
1788786900000,337.58,337.58,337.57,337.57,346.583735
1788791400000,337.79,337.79,337.79,337.79,39.85922
1788792300000,337.79,337.79,337.79,337.79,16.045025
1788793200000,338.04,338.04,337.95,338.04,3503.324772
1788794100000,338.04,338.26,338.04,338.26,302.88221
1788795000000,338.27,338.27,337.8,337.8,63.514638
1788795900000,337.86,337.86,337.86,337.86,24.967854
1788796800000,338.09,338.1,338.09,338.1,31.003178
1788798600000,338.1,338.1,338.09,338.09,31.983787
1788799500000,337.93,337.94,337.93,337.94,168.966928
1788802200000,338.11,338.11,338.11,338.11,19.982301
1788803100000,338.1,338.24,338.1,338.24,40.176589
1788804000000,338.23,338.23,337.52,337.52,711.987271
1788810300000,338.26,338.38,337.91,338.18,110.900972
1788811200000,338.17,338.17,338.17,338.17,19.985847
1788816600000,337.68,337.68,337.68,337.68,709.128
1788819300000,338.15,338.15,338.15,338.15,12.8497
1788822000000,337.51,337.51,337.5,337.5,401.627793
1788825600000,339.06,339.4,337.14,337.32,4970425.34
1788826500000,337.28,337.91,337.11,337.77,3406606.5
1788827400000,337.77,338.24,337.72,338.09,2190708.92
1788828300000,338.09,338.12,337.52,337.59,3718427.62
1788829200000,337.59,337.75,337.4,337.69,3170771.89
1788830100000,337.68,338.0,337.67,337.89,2010396.12
1788831000000,337.85,338.05,337.4,337.89,2408855.85
1788831900000,337.82,338.37,337.8,338.37,1334181.66
1788832800000,338.38,338.69,338.34,338.69,2138971.91
1788833700000,338.65,338.65,338.4,338.41,1085189.09
1788834600000,338.41,338.58,338.32,338.34,1353109.8
1788835500000,338.33,338.35,337.94,337.98,1491804.56
1788836400000,337.94,338.26,337.9,338.15,884962.17
1788837300000,338.15,338.24,338.06,338.21,476480.85
1788838200000,338.21,338.3,337.97,337.98,1503434.85
1788839100000,337.99,338.13,337.81,338.06,1541373.27
1788840000000,338.04,338.28,338.0,338.23,2660950.37
1788840900000,338.23,338.52,338.17,338.5,1340850.54
1788841800000,338.47,338.73,338.46,338.67,1590077.55
1788842700000,338.67,338.81,338.5,338.5,1562972.88
1788843600000,338.5,338.5,337.84,337.84,2235704.49
1788844500000,337.85,338.18,337.69,337.69,1612870.55
1788845400000,337.7,337.8,337.37,337.4,2481204.65
1788846300000,337.4,337.44,337.19,337.19,1839472.07
1788847200000,337.17,337.27,337.03,337.12,1245758.82
1788848100000,337.12,337.28,337.0,337.22,2183565.81
1788849000000,337.24,337.26,336.89,336.94,3023239.96
1788849900000,336.94,337.13,336.94,337.06,864286.96
1788850800000,337.06,337.32,337.0,337.02,2578107.67
1788851700000,337.03,337.25,337.0,337.14,562309.58
1788852600000,337.14,337.14,336.87,337.07,907844.02
1788853500000,336.95,337.11,336.87,336.87,764022.61
1788854400000,337.11,338.812,336.5224,336.7885,43997274.15479402
1788855300000,336.79,336.96,336.52,336.85,3606518.098293849
1788856200000,336.87,336.9,336.55,336.7869,4873527.043836789
1788857100000,336.7744,336.85,336.45,336.49,3444132.788235208
1788858000000,336.49,336.7,336.44,336.6,2062779.2901484503
1788858900000,336.62,336.7,336.55,336.6984,1642386.6770192182
1788859800000,336.7,336.9955,336.61,336.7487,7818821.3883416485
1788860700000,336.75,337.1788,336.7237,337.17,2072495.329021029
1788861600000,337.17,337.4988,337.11,337.3,2560721.8861231175
1788862500000,337.27,337.5997,336.99,337.1,4369385.453067512
1788863400000,337.05,337.1,336.8037,336.8439,5041803.276291646
1788864300000,336.8474,336.8474,336.3,336.3,4951629.149763433
1788865200000,336.37,336.5,335.72,335.9637,13642915.068167098
1788866100000,335.9637,336.37,335.82,336.1,6788839.516511654
1788867000000,336.09,336.23,335.84,336.1424,4210107.909623762
1788867900000,336.1732,336.65,336.05,336.4487,5909722.818285333
1788868800000,336.3647,336.45,335.9,335.9992,14817102.124996202
1788869700000,335.9947,336.31,335.87,336.1527,5735032.678950043
1788870600000,336.18,336.43,336.08,336.2345,6378654.693817282
1788871500000,336.15,336.4,336.0,336.4,9404742.225477943
1788872400000,336.36,336.45,336.02,336.37,7336382.216313479
1788873300000,336.4,336.44,335.03,335.44,18582686.278483044
1788874200000,335.38,336.99,334.74,335.31,834957125.2923168
1788875100000,335.3,335.37,333.5,333.9109,459830297.00946265
1788876000000,333.905,334.65,333.22,333.48,396427724.26029295
1788876900000,333.4689,334.91,333.43,334.63,278162381.2630075
1788877800000,334.6407,336.37,334.31,336.27,273140441.03233874
1788878700000,336.27,337.7,336.07,337.112,314459986.017823
1788879600000,337.13,337.9599,337.0628,337.76,203649717.61131868
1788880500000,337.8,338.61,337.4033,338.27,187655780.0941496
1788881400000,338.27,338.7,338.0803,338.55,150247363.25371614
1788882300000,338.64,338.78,338.14,338.515,105199476.02990478
1788883200000,338.49,338.76,337.98,338.14,137431162.0231795
1788884100000,338.14,338.945,338.115,338.5207,99628581.54872061
1788885000000,338.53,338.71,338.1602,338.71,87088455.07203843
1788885900000,338.71,339.28,338.37,338.67,168080539.23650774
1788886800000,338.67,339.505,338.64,338.82,133517122.75442919
1788887700000,338.82,339.455,338.502,339.31,154688594.37227157
1788888600000,339.29,339.665,338.66,338.7,186906179.40811282
1788889500000,338.725,339.515,338.52,338.76,186422578.02541858
1788890400000,338.77,338.84,337.93,338.165,152113356.93462956
1788891300000,338.165,338.26,337.845,338.085,135048013.10088086
1788892200000,338.1,338.42,337.8148,338.265,93587389.99988288
1788893100000,338.31,338.46,337.26,337.79,140916566.17838362
1788894000000,337.7851,338.105,337.115,337.275,177142050.37687716
1788894900000,337.27,337.76,337.0,337.69,145965405.50382096
1788895800000,337.68,338.475,337.32,338.29,174500103.9156374
1788896700000,338.3,338.645,337.79,338.36,536777506.04791087
1788897600000,338.46,338.5496,338.0582,338.3398,1457471368.006605
1788898500000,338.34,338.36,336.5,337.7,12741540.920225095
1788899400000,337.7,338.16,337.67,338.0999,3922175.877842418
1788900300000,337.91,338.43,337.9,338.28,3582457.2141696657
1788901200000,338.04,338.71,338.03,338.53,2891933.475672573
1788902100000,338.505,338.58,338.16,338.5,3477132.079792832
1788903000000,338.37,339.3143,337.4521,338.4658,191615027.80989566
1788903900000,338.49,338.49,338.3012,338.395,1298765.1742377956
1788904800000,338.35,338.59,338.2537,338.5,7945000.454488539
1788905700000,338.5975,338.89,338.5,338.83,4980958.1879491955
1788906600000,338.8461,338.93,338.68,338.9,3846058.940137471
1788907500000,338.9,339.266,338.79,339.18,1655402.1938860572
1788908400000,339.2339,339.26,338.6872,338.9597,3856489.28313548
1788909300000,338.88,339.01,338.54,338.7155,1951011.5784431642
1788910200000,338.72,338.7596,338.51,338.6,654134.409871941
1788911100000,338.72,338.75,338.33,338.45,1633325.3619159919
1788912000000,338.5,339.26,338.42,338.95,1735104.86
1788912900000,339.0,339.0,338.77,338.9,430762.9
1788913800000,338.92,338.97,338.82,338.97,245688.66
1788914700000,338.95,339.17,338.95,339.16,650663.15
1788915600000,339.14,339.21,339.0,339.0,973900.57
1788916500000,339.04,339.22,338.98,339.15,1746686.53
1788917400000,339.14,339.19,339.0,339.06,1148794.6
1788918300000,339.1,339.23,339.08,339.2,336451.45
1788919200000,339.2,339.43,339.2,339.25,461792.8
1788920100000,339.25,339.38,339.18,339.31,412275.87
1788921000000,339.31,339.38,339.25,339.38,1036174.18
1788921900000,339.31,339.33,339.05,339.15,1094867.2
1788922800000,339.22,339.22,339.04,339.12,584293.52
1788923700000,339.12,339.3,339.12,339.3,445388.32
1788924600000,339.3,339.39,339.15,339.18,881093.09
1788925500000,339.15,339.32,339.06,339.29,309687.92
1788926400000,339.33,339.36,339.23,339.23,144548.92
1788927300000,339.21,339.44,339.2,339.44,672009.81
1788928200000,339.39,339.65,339.38,339.58,812156.27
1788929100000,339.62,339.69,339.5,339.62,151122.64
1788930000000,339.66,339.66,339.42,339.55,577207.64
1788930900000,339.51,339.51,339.2,339.2,307443.47
1788931800000,339.26,339.35,339.17,339.25,201494.6
1788932700000,339.23,339.63,339.23,339.63,429428.48
1788933600000,339.64,339.71,339.47,339.54,773926.56
1788934500000,339.54,339.57,339.35,339.46,733582.96
1788935400000,339.48,339.64,339.35,339.61,303567.85
1788936300000,339.53,339.57,339.31,339.35,713186.0
1788937200000,339.33,339.61,339.18,339.45,642741.97
1788938100000,339.39,339.55,339.09,339.53,770069.95
1788939000000,339.51,339.53,339.17,339.18,832091.44
1788939900000,339.25,339.25,339.0,339.0,448302.9
1788940800000,339.3515,339.74,338.36,338.68,16420529.296401393
1788941700000,338.6,338.7155,338.38,338.6788,3794639.705997676
1788942600000,338.6,338.75,338.3512,338.3512,2372408.36315155
1788943500000,338.4,338.7588,338.36,338.42,2599087.973445293
1788944400000,338.4,338.71,338.2135,338.32,7399413.926168021
1788945300000,338.32,338.4511,338.15,338.163,3492382.436241651
1788946200000,338.36,338.3988,337.83,337.83,2524912.0050950786
1788947100000,337.7887,338.0888,336.0,336.13,4835952.469247646
1788948000000,336.14,336.4688,335.26,335.3,10909487.442820339
1788948900000,335.46,336.25,334.22,334.67,9972601.041794568
1788949800000,334.54,335.2888,334.25,335.0,8436447.023456296
1788950700000,335.0,335.36,334.57,334.8,8475807.588214718
1788951600000,334.775,335.02,333.33,333.6167,36763851.02819229
1788952500000,333.6,333.66,330.85,332.6505,97532232.1476994
1788953400000,332.56,332.91,330.98,331.03,68019356.2128298
1788954300000,331.03,331.37,330.31,330.86,86164363.86301726
1788955200000,330.93,331.24,329.72,330.05,50636497.26165833
1788956100000,330.02,331.09,329.95,331.0,46382166.88978573
1788957000000,330.92,331.4997,330.74,331.4261,28314738.310339723
1788957900000,331.43,332.0,331.35,331.6,25782754.98835839
1788958800000,331.5981,331.93,330.7,330.79,31390482.253149875
1788959700000,330.84,331.84,330.29,331.71,92646873.71093723
1788960600000,331.69,331.85,328.15,329.1501,1239245012.4507504
1788961500000,329.165,329.77,328.47,329.375,582865423.4343619
1788962400000,329.375,330.5,327.9,330.41,590904835.2039374
1788963300000,330.405,331.235,329.91,330.88,400900675.42704713
1788964200000,330.81,330.85,329.5,330.22,321506669.05458474
1788965100000,330.2001,330.66,329.55,329.62,242851525.74445966
1788966000000,329.68,329.72,327.985,328.15,352776843.77167606
1788966900000,328.175,329.46,328.15,329.03,247379093.46173364
1788967800000,329.06,329.7,328.99,329.35,196143873.3707929
1788968700000,329.345,330.17,329.33,329.55,183852689.56664672
1788969600000,329.555,329.74,329.0,329.4,194819620.64637634
1788970500000,329.4,329.69,329.13,329.54,133278696.26935224
1788971400000,329.54,329.7899,329.42,329.69,292750815.0839306
1788972300000,329.72,330.25,329.59,330.13,124348913.7341664
1788973200000,330.11,331.0,330.11,330.94,188115524.5928029
1788974100000,330.93,331.71,330.91,331.135,212147474.092168
1788975000000,331.13,331.56,330.8,330.87,155865013.15872726
1788975900000,330.86,330.935,330.58,330.64,125212927.69004916
1788976800000,330.64,330.69,330.15,330.37,105665167.78004701
1788977700000,330.38,330.6684,330.23,330.465,102844482.74094926
1788978600000,330.46,330.695,329.87,330.48,151407209.0493966
1788979500000,330.49,330.56,330.22,330.3599,114782840.36687188
1788980400000,330.34,330.83,330.2,330.545,139969253.36336926
1788981300000,330.55,331.56,330.305,331.28,202534761.0507083
1788982200000,331.2799,331.2799,330.2141,330.705,211510937.51537365
1788983100000,330.7,330.87,330.12,330.65,697007462.3148152
1788984000000,330.69,331.06,330.47,330.9,2378956750.24627
1788984900000,330.85,331.06,330.65,330.92,11335914.187191835
1788985800000,330.91,331.36,330.85,331.2782,5987158.791800247
1788986700000,331.2795,331.28,331.06,331.1564,11525817.254096067
1788987600000,331.17,331.35,330.6842,331.3,2379373.8750237753
1788988500000,331.3,331.3,330.4078,331.2188,91599029.05420484
1788989400000,331.18,331.26,331.0217,331.159,2036888.0800473175
1788990300000,331.16,331.2,330.942,330.95,12755073.59139103
1788991200000,330.9892,331.1942,330.85,330.9984,4755540.210993259
1788992100000,330.9968,331.1,330.95,331.0,2894624.795769609
1788993000000,330.999,331.1,330.9203,331.05,2118013.756654368
1788993900000,331.05,331.1,330.9,330.99,4672498.248695364
1788994800000,330.9539,330.99,330.9,330.93,1729901.4421413615
1788995700000,330.93,331.1,330.87,331.0075,1951070.02861053
1788996600000,331.04,331.07,330.8025,330.84,3691631.5385619146
1788997500000,330.85,331.0,330.81,330.92,2913654.3651308217
1788998400000,330.86,331.35,330.74,331.21,2395116.58
1788999300000,331.25,331.38,331.08,331.29,891770.38
1789000200000,331.33,331.35,331.15,331.29,790337.3
1789001100000,331.23,331.25,330.44,330.45,2904053.13
1789002000000,330.45,330.49,330.2,330.33,2058529.66
1789002900000,330.32,330.67,330.27,330.27,819087.3
1789003800000,330.31,330.53,330.14,330.53,1232640.83
1789004700000,330.53,330.6,330.31,330.5,854265.05
1789005600000,330.51,330.61,330.33,330.51,728053.68
1789006500000,330.5,330.58,330.43,330.55,437252.78
1789007400000,330.51,330.89,330.51,330.89,547258.96
1789008300000,330.89,330.95,330.76,330.94,408935.65
1789009200000,330.94,331.11,330.93,331.05,279045.72
1789010100000,331.05,331.17,331.04,331.08,434404.44
1789011000000,331.1,331.21,331.03,331.05,527468.55
1789011900000,331.05,331.16,330.86,330.86,594460.36
1789012800000,330.95,331.21,330.95,331.12,281430.48
1789013700000,331.12,331.4,331.09,331.4,764108.57
1789014600000,331.38,331.43,331.18,331.38,507290.0
1789015500000,331.41,331.48,331.34,331.36,290662.64
1789016400000,331.36,331.41,331.21,331.41,1130457.71
1789017300000,331.42,331.44,331.31,331.44,609048.48
1789018200000,331.45,331.54,331.37,331.54,1228751.47
1789019100000,331.54,331.67,331.4,331.43,1237430.0
1789020000000,331.5,331.69,331.23,331.23,1202369.34
1789020900000,331.26,331.5,331.2,331.49,236867.31
1789021800000,331.52,331.66,331.48,331.59,699926.75
1789022700000,331.62,331.64,331.34,331.39,942371.34
1789023600000,331.38,331.43,331.11,331.29,982170.34
1789024500000,331.28,331.29,331.13,331.16,1067843.34
1789025400000,331.16,331.35,331.0,331.29,1112612.87
1789026300000,331.27,331.33,331.2,331.23,287220.09
1789027200000,331.3,331.8,330.65,331.5475,24940468.936357446
1789028100000,331.6657,331.7047,331.27,331.4911,1012026.0443706937
1789029000000,331.4,331.5,331.3,331.3464,1039021.801327731
1789029900000,331.339,331.36,331.0,331.07,4213006.621091609
1789030800000,331.2,331.304,331.0037,331.13,1266929.2429362745
1789031700000,331.38,331.4588,331.0,331.06,1488298.50469318
1789032600000,331.06,331.07,330.7027,330.8,3711033.514052299
1789033500000,330.8,330.9953,330.64,330.7,5742201.2329931
1789034400000,330.68,330.7,330.65,330.6879,3152545.4246369996
1789035300000,330.688,332.6,330.6,331.42,9661882.772623846
1789036200000,331.42,331.9887,331.0,331.65,2794056.4085566257
1789037100000,331.66,332.0,331.5097,331.74,5414151.259895014
1789038000000,331.67,331.9,331.24,331.344,6841865.407547561
1789038900000,331.35,331.6,331.3348,331.5,3547168.662583308
1789039800000,331.5585,332.31,331.5015,331.71,7585470.6007291535
1789040700000,331.71,331.95,330.8,330.9,9380458.241755914
1789041600000,330.98,331.29,330.01,330.7308,13105849.466649594
1789042500000,330.7367,330.75,330.055,330.3,7707243.704286887
1789043400000,330.05,330.65,328.8,329.21,754408404.3681921
1789044300000,329.29,329.4,328.0603,328.08,18190495.427817155
1789045200000,328.17,329.0,328.1,328.6837,18865780.67155572
1789046100000,328.61,329.25,327.77,328.18,14295947.451320555
1789047000000,328.01,330.45,327.7465,328.78,553644420.4390614
1789047900000,328.81,329.36,328.08,328.13,252964201.80031282
1789048800000,328.14,329.46,328.055,329.18,208974167.25964442
1789049700000,329.1601,331.2,328.88,330.7511,259599521.5249966
1789050600000,330.77,331.7,330.6536,330.92,246166729.1027466
1789051500000,330.89,331.38,330.71,331.175,238150686.46436387
1789052400000,331.19,331.33,330.41,330.6839,185860292.5173845
1789053300000,330.68,330.955,329.9,329.985,158191950.6581292
1789054200000,329.96,330.5194,329.33,330.355,164183698.3739
1789055100000,330.35,330.79,329.74,329.9,249297648.07686043
1789056000000,329.9,330.77,329.8714,330.27,138681132.5416
1789056900000,330.21,331.005,330.1401,330.56,154530212.2429
1789057800000,330.55,331.32,330.3,331.2001,171343266.23568365
1789058700000,331.2,332.0,331.2,331.86,181556987.3353
1789059600000,331.87,332.2,330.9792,331.665,130459311.52610706
1789060500000,331.665,332.39,331.58,331.78,178760049.3437
1789061400000,331.78,332.04,331.3,331.975,90075752.0230619
1789062300000,331.9999,332.17,331.67,331.81,84386158.26299837
1789063200000,331.78,332.285,331.54,332.12,129445645.32034552
1789064100000,332.11,332.16,331.72,331.7679,97177526.80677542
1789065000000,331.76,332.14,331.64,332.015,109911453.413316
1789065900000,332.015,332.55,331.645,332.0828,154433350.0441
1789066800000,332.03,332.83,331.92,332.67,142122275.31194696
1789067700000,332.7,332.78,332.19,332.4208,135376039.88305607
1789068600000,332.43,333.11,332.215,333.11,247354388.7502
1789069500000,333.12,333.23,332.47,332.6,549708839.1240251
1789070400000,332.66,332.75,332.1897,332.394,1643799233.9173925
1789071300000,332.55,332.6565,332.05,332.2199,7910671.923067515
1789072200000,332.208,332.4,332.0,332.27,2820352.4775534864
1789073100000,332.3323,332.38,332.11,332.38,43035121.70314363
1789074000000,332.23,334.0883,331.3902,332.1504,2365727.699207687
1789074900000,334.0883,334.0883,331.6,331.6108,123894396.07359564
1789075800000,331.6,331.78,331.2822,331.32,165167009.16426453
1789076700000,331.33,331.8248,331.32,331.7349,12950141.547310883
1789077600000,331.56,331.9,331.5182,331.8,1439232.2347860667
1789078500000,331.68,331.88,331.508,331.65,1018224.6404828717
1789079400000,331.76,331.88,331.42,331.71,1383697.0507977956
1789080300000,331.773,331.8,331.5012,331.7814,2225935.6227639983
1789081200000,331.7122,331.85,331.68,331.81,1591293.4769282923
1789082100000,331.81,331.85,331.42,331.62,2375931.293855228
1789083000000,331.62,331.76,331.5,331.65,824622.004134685
1789083900000,331.66,331.7,331.0,331.1999,6990405.405810153
1789084800000,331.58,331.87,331.0,331.76,2732121.17
1789085700000,331.75,331.97,331.56,331.8,1106420.94
1789086600000,331.8,331.93,331.59,331.74,446552.26
1789087500000,331.83,332.11,331.83,331.97,358212.08
1789088400000,332.04,332.3,332.02,332.15,633850.69
1789089300000,332.17,332.23,331.79,331.79,1151678.07
1789090200000,331.79,331.95,331.53,331.58,702001.11
1789091100000,331.55,331.84,331.49,331.83,489468.65
1789092000000,331.84,331.95,331.73,331.95,870142.07
1789092900000,331.94,331.94,331.73,331.86,378634.22
1789093800000,331.89,331.9,331.56,331.56,311518.62
1789094700000,331.58,331.79,331.55,331.64,222854.64
1789095600000,331.63,331.68,331.38,331.47,735320.51
1789096500000,331.47,331.59,331.28,331.28,778545.37
1789097400000,331.28,331.39,330.96,331.39,632175.29
1789098300000,331.35,331.35,331.01,331.15,659632.71
1789099200000,331.15,331.36,331.04,331.34,1220242.33
1789100100000,331.32,331.52,331.25,331.52,256479.52
1789101000000,331.43,331.57,331.34,331.48,699363.44
1789101900000,331.48,331.68,331.38,331.49,387197.26
1789102800000,331.48,331.66,331.45,331.58,332858.75
1789103700000,331.6,331.66,331.4,331.44,489649.61
1789104600000,331.44,331.77,331.43,331.76,867790.17
1789105500000,331.67,332.24,331.66,332.19,889745.82
1789106400000,332.15,332.24,331.93,332.24,839014.48
1789107300000,332.24,332.3,331.96,331.96,666870.04
1789108200000,331.99,332.27,331.93,332.23,400176.35
1789109100000,332.27,332.8,332.25,332.8,2011796.56
1789110000000,332.8,333.15,332.8,333.13,1795197.78
1789110900000,333.11,333.33,333.03,333.15,3052109.88
1789111800000,333.12,333.17,333.0,333.11,1061852.37
1789112700000,333.08,333.1,332.74,332.74,2383840.41
1789113600000,333.01,333.31,331.03,332.9984,30335072.11391771
1789114500000,333.0,333.69,332.9752,333.4033,3552657.7051429925
1789115400000,333.3,333.69,333.2162,333.6052,2348150.3725230354
1789116300000,333.68,334.1853,333.6185,334.11,2359568.527258846
1789117200000,334.17,334.2,333.77,333.92,3078868.442003058
1789118100000,333.84,333.93,333.68,333.68,1399278.3166255564
1789119000000,333.68,333.9627,333.5078,333.65,765148.6719460688
1789119900000,333.68,333.97,333.59,333.84,2392449.3628937043
1789120800000,333.82,334.0948,333.6899,333.78,1557258.3284471454
1789121700000,333.77,333.88,333.73,333.85,1268839.2042810095
1789122600000,333.83,334.1969,333.746,334.19,3859876.298316136
1789123500000,334.19,334.33,334.12,334.19,2749247.99640257
1789124400000,334.195,334.49,333.87,334.4232,15468657.537040085
1789125300000,334.36,334.66,334.1648,334.66,2555698.2356554125
1789126200000,334.6515,334.88,334.35,334.4782,8471375.386707481
1789127100000,334.47,334.65,334.1257,334.3288,4395848.8590094885
1789128000000,334.19,334.36,333.36,333.8244,6753541.613745727
1789128900000,333.8284,334.39,333.5,334.346,6569624.77240254
1789129800000,334.39,334.69,332.7,334.385,321301497.49745107
1789130700000,334.35,335.4,334.21,335.37,18515288.08527942
1789131600000,335.33,335.63,334.5,334.89,17015594.099171832
1789132500000,334.88,335.27,334.22,335.0,7911305.863314944
1789133400000,335.065,340.72,335.065,338.33,737458775.6923347
1789134300000,338.365,338.95,337.5401,338.23,254008441.2573
1789135200000,338.165,339.42,337.53,338.93,258441820.2352
1789136100000,338.95,340.61,338.92,340.055,332923262.4813482
1789137000000,340.08,340.45,339.32,340.0,236297930.4805
1789137900000,340.0,340.38,339.48,340.19,202532343.6312
1789138800000,340.2,342.32,340.04,342.2501,335749148.8666
1789139700000,342.2701,342.97,341.626,342.09,350043016.28158116
1789140600000,342.04,342.1399,341.28,341.3975,182686439.38404706
1789141500000,341.3602,341.86,340.93,341.42,158663824.4274
1789142400000,341.36,341.8,341.26,341.53,123887159.10047153
1789143300000,341.53,341.669,340.1271,340.14,170156126.25035363
1789144200000,340.22,340.6882,340.0,340.65,112261130.06706688
1789145100000,340.65,341.06,340.39,340.715,93186438.701
1789146000000,340.74,341.2394,340.66,341.13,74766975.0306
1789146900000,341.135,341.41,340.73,340.73,82201808.52329448
1789147800000,340.725,341.07,340.5,340.555,115188161.2758968
1789148700000,340.54,340.63,340.15,340.2094,129820728.69128637
1789149600000,340.21,340.73,339.201,339.47,122691278.27913877
1789150500000,339.478,339.68,339.11,339.56,131781343.07694511
1789151400000,339.5601,339.59,339.035,339.065,86208353.76575302
1789152300000,339.07,339.165,338.66,338.845,144906228.4853
1789153200000,338.86,339.185,338.7903,339.07,103024197.65717259
1789154100000,339.07,339.2995,338.85,339.0899,112147628.85559827
1789155000000,339.08,339.18,338.56,338.74,155238194.51340768
1789155900000,338.72,339.195,338.09,338.5,644130345.7622769
1789156800000,338.42,342.81,338.22,338.41,1636073177.208243
1789157700000,338.5,342.81,338.07,342.81,2293378.7415162087
1789158600000,342.81,342.81,338.15,338.31,5316231.50964968
1789159500000,338.31,338.7,338.23,338.56,625145900.4759115
1789160400000,338.5,338.61,338.35,338.5,533289.379609977
1789161300000,338.5,338.5,338.35,338.4,102680256.0267735
1789162200000,338.35,338.5,338.35,338.4079,25730170.795582384
1789163100000,338.41,338.65,338.4,338.5,2475446.407056043
1789164000000,338.5,338.64,338.4,338.4025,26311481.592269827
1789164900000,338.45,338.5,338.373,338.4,950197.537086298
1789165800000,338.3995,338.49,338.3,338.4872,1060280.8055415973
1789166700000,338.49,338.49,338.23,338.23,844825.9248900905
1789167600000,338.29,338.44,338.17,338.39,1357117.368596417
1789168500000,338.2294,338.4537,338.18,338.2505,1234435.3564631057
1789169400000,338.25,338.46,338.15,338.3012,2390650.759637696
1789170300000,338.31,338.44,338.19,338.3675,1153785.988199768
1789173000000,338.54,338.54,338.54,338.54,39.981574
1789175700000,338.22,338.22,338.21,338.21,506.302141
1789176600000,338.55,338.55,338.54,338.55,4331.185039
1789177500000,338.54,338.75,338.15,338.15,1360.820871
1789178400000,338.16,338.16,338.16,338.16,37.1976
1789180200000,338.68,338.68,338.68,338.68,39.998108
1789181100000,338.69,338.78,338.18,338.18,4319.127543
1789182000000,338.18,338.82,338.18,338.82,1637.962546
1789183800000,338.76,338.76,338.76,338.76,39.97368
1789186500000,338.83,338.83,338.83,338.83,63.971104
1789187400000,338.83,338.92,338.32,338.48,2537.185064
1789188300000,338.81,338.91,338.39,338.39,2418.383783
1789189200000,338.53,338.53,338.53,338.53,72.580832
1789191000000,338.89,338.91,338.89,338.91,49.953566
1789194600000,338.87,338.87,338.87,338.87,39.783338
1789195500000,338.87,338.87,338.87,338.87,47.4418
1789201800000,338.91,338.92,338.24,338.24,468.450985
1789202700000,338.28,339.17,338.15,338.15,4512.473875
1789204500000,338.86,338.96,338.16,338.96,969.706162
1789205400000,338.9,338.99,338.9,338.99,1192.9
1789206300000,339.01,339.28,339.01,339.28,3861.642632
1789209900000,338.97,338.98,338.79,338.98,4625.473396
1789210800000,338.83,339.07,338.8,338.86,1530.545347
1789211700000,338.96,339.23,338.78,338.79,2611.366049
1789212600000,339.02,339.33,338.78,338.78,3241.376029
1789215300000,338.94,338.94,338.94,338.94,14.506632
1789217100000,339.11,339.13,339.08,339.09,1371.769241
1789218000000,339.17,339.17,339.08,339.08,299.684749
1789219800000,338.75,339.18,338.74,339.18,1083.51032
1789221600000,338.81,339.44,338.81,339.32,3646.991099
1789223400000,339.39,339.39,339.39,339.39,23.994873
1789225200000,339.4,339.4,339.12,339.12,848.93367
1789226100000,339.12,339.27,339.01,339.01,2735.54825
1789227000000,339.01,339.01,339.01,339.01,43.088171
1789227900000,339.29,339.29,339.29,339.29,33.929
1789228800000,339.29,339.3,339.29,339.3,169.648049
1789234200000,339.31,339.31,339.31,339.31,19.985359
1789236000000,339.31,339.39,339.31,339.39,2642.431804
1789236900000,339.44,339.72,339.44,339.72,2825.884197
1789237800000,339.51,339.91,339.51,339.91,5033.026724
1789238700000,339.95,339.95,339.95,339.95,50.006645
1789239600000,339.99,339.99,339.99,339.99,1560.5541
1789240500000,340.1,340.18,340.1,340.18,2744.9295
1789241400000,340.23,340.36,340.2,340.27,1242.0162
1789242300000,340.37,340.58,340.26,340.58,5436.982098
1789243200000,340.58,340.58,340.58,340.58,19.992046
1789245900000,340.58,340.62,340.58,340.62,2084.472
1789246800000,340.66,340.74,340.66,340.74,2984.673
1789250400000,340.84,341.04,340.79,341.04,5006.299831
1789251300000,341.13,341.13,341.05,341.05,688.9658
1789252200000,341.17,341.17,341.17,341.17,247.382367
1789254900000,341.03,341.18,341.03,341.18,1043.072333
1789255800000,340.86,341.06,340.86,341.06,211.005262
1789256700000,340.86,340.86,340.86,340.86,1639.5366
1789257600000,340.86,340.88,340.7,340.7,4937.815308
1789258500000,340.7,340.7,340.33,340.33,9032.531327
1789260300000,340.2,340.2,340.2,340.2,1398.222
1789261200000,340.2,340.32,340.13,340.13,2500.117381
1789263000000,340.34,340.34,340.34,340.34,23.075052
1789263900000,340.37,340.66,340.36,340.66,3426.023687
1789264800000,340.65,341.21,340.65,341.21,6589.632783
1789265700000,341.21,341.32,341.21,341.32,3996.3298
1789268400000,341.23,341.23,341.23,341.23,771.1798
1789269300000,341.23,341.23,341.21,341.21,651.506568
1789272900000,341.21,341.21,341.07,341.07,1949.864279
1789273800000,341.07,341.07,340.98,340.98,1157.968764
1789275600000,341.17,341.17,341.17,341.17,341.17
1789276500000,341.18,341.18,340.78,340.78,5415.695357
1789277400000,340.78,340.78,340.55,340.74,3239.088264
1789278300000,340.74,340.77,340.54,340.54,1315.306224
1789279200000,340.54,340.54,340.47,340.47,1001.0525
1789280100000,340.54,340.54,340.38,340.38,1481.574745
1789281000000,340.25,340.25,340.24,340.24,1339.13941
1789282800000,340.24,340.24,339.89,339.89,3785.098783
1789283700000,339.89,339.89,339.35,339.35,7813.659457
1789284600000,339.18,339.18,337.25,338.93,27497.235518
1789290000000,338.29,338.29,338.29,338.29,99.829379
1789290900000,338.28,338.29,337.82,337.82,13797.234097
1789291800000,337.81,337.81,336.9,336.9,15457.683188
1789292700000,336.88,336.88,336.48,336.55,2518.5626
1789293600000,336.83,337.13,336.67,337.13,4198.932643
1789294500000,337.09,337.09,337.09,337.09,981.066736
1789295400000,337.02,337.02,337.02,337.02,52.74363
1789297200000,337.09,338.5,337.09,338.49,21436.224196
1789298100000,338.49,338.89,338.49,338.89,7678.787825
1789299000000,338.83,339.08,338.83,339.08,3291.43335
1789299900000,338.36,338.45,338.36,338.45,114.43733
1789300800000,338.35,338.45,338.34,338.45,3166.42808
1789301700000,338.41,338.41,338.34,338.34,32.48309
1789303500000,338.32,338.36,338.31,338.31,429.978745
1789304400000,338.32,338.32,338.32,338.32,23.6824
1789305300000,338.32,338.32,338.31,338.32,339.596285
1789306200000,338.34,338.34,337.79,337.79,12103.011121
1789307100000,338.26,338.31,337.89,337.93,1297.784133
1789308000000,338.44,338.44,338.44,338.44,250.073316
1789308900000,338.38,338.4,336.78,336.78,9339.91196
1789309800000,337.06,337.06,336.65,336.65,1623.453657
1789310700000,336.78,336.93,336.78,336.93,506.500752
1789311600000,336.93,336.99,336.93,336.99,812.624346
1789312500000,336.99,337.02,336.99,337.01,806.309342
1789313400000,336.92,337.02,336.92,337.02,56.847304
1789315200000,337.02,337.06,337.02,337.06,79.98087
1789316100000,337.06,337.06,337.06,337.06,299.9834
1789317000000,337.06,337.06,337.06,337.06,17.52712
1789318800000,337.06,337.06,337.06,337.06,30.975814
1789320600000,337.05,337.05,337.05,337.05,19.987065
1789322400000,337.05,337.05,336.79,336.79,139.563193
1789326000000,336.96,336.96,336.89,336.89,31.806574
1789326900000,337.06,337.06,337.06,337.06,21.774076
1789328700000,337.06,337.06,337.06,337.06,19.987658
1789329600000,337.06,337.06,337.06,337.06,19.987658
1789330500000,337.06,337.28,337.06,337.28,2481.113837
1789335900000,337.96,338.28,337.96,338.28,794.741308
1789336800000,337.2,337.2,336.95,336.95,4142.84108
1789337700000,336.94,336.94,336.94,336.94,515.5182
1789338600000,337.15,338.05,337.15,338.05,7643.406952
1789339500000,337.88,337.88,337.37,337.37,6702.087629
1789340400000,337.32,337.32,336.6,336.6,7484.73395
1789341300000,336.88,336.96,336.88,336.96,1134.490768
1789342200000,336.96,337.05,336.96,337.05,464.892984
1789344000000,336.85,337.48,336.06,336.62,5080919.14
1789344900000,336.65,336.73,335.21,335.4,4823792.64
1789345800000,335.4,335.79,334.14,334.58,4662668.84
1789346700000,334.67,335.35,334.63,334.95,2734979.01
1789347600000,334.86,335.0,334.65,334.66,1630818.95
1789348500000,334.63,334.87,334.45,334.87,1335194.36
1789349400000,334.87,335.31,334.84,335.0,2606106.94
1789350300000,335.01,336.16,335.0,335.93,2108979.48
1789351200000,335.93,336.17,335.77,335.99,1901797.1
1789352100000,335.99,336.49,335.9,336.25,1065134.93
1789353000000,336.16,336.32,335.63,335.66,1393344.51
1789353900000,335.81,336.1,335.81,335.94,604441.87
1789354800000,335.92,336.42,335.8,336.0,1963875.91
1789355700000,335.93,336.0,335.65,335.83,803260.51
1789356600000,335.83,335.88,335.64,335.7,255844.74
1789357500000,335.7,335.8,335.58,335.64,384672.27
1789358400000,335.63,335.79,335.53,335.62,412145.43
1789359300000,335.6,335.88,335.5,335.88,398123.99
1789360200000,335.82,335.83,335.56,335.68,260798.13
1789361100000,335.69,336.01,335.6,335.61,528884.01
1789362000000,335.61,335.71,335.46,335.49,946585.64
1789362900000,335.5,335.58,335.0,335.27,1994435.06
1789363800000,335.26,335.43,335.0,335.33,1838553.37
1789364700000,335.37,336.35,335.37,336.26,836535.26
1789365600000,336.28,336.73,336.03,336.51,2313831.13
1789366500000,336.48,336.65,336.15,336.43,1366720.69
1789367400000,336.43,336.45,335.98,336.09,1070043.25
1789368300000,335.99,336.22,335.83,336.01,449599.17
1789369200000,335.99,336.03,335.31,335.7,2911223.07
1789370100000,335.69,335.91,335.27,335.9,2891777.56
1789371000000,335.9,336.08,335.61,335.89,1094563.22
1789371900000,335.88,335.89,335.41,335.54,709958.52
1789372800000,335.86,336.7662,334.82,336.3,38769211.07821852
1789373700000,336.3244,336.69,336.01,336.06,3476360.909617079
1789374600000,336.0492,336.41,335.8287,336.2072,3293282.5618060436
1789375500000,336.28,336.48,335.7035,336.09,3241405.9749191175
1789376400000,336.07,336.1388,334.971,335.5,8883193.480676709
1789377300000,335.5,335.95,335.2212,335.9411,2898034.290973486
1789378200000,335.8059,335.95,335.458,335.7158,2325396.4120302787
1789379100000,335.6476,336.0,335.3703,335.54,4249681.552986188
1789380000000,335.35,336.24,335.35,336.07,4526188.790295316
1789380900000,336.07,337.43,335.91,337.34,6664219.674440373
1789381800000,337.34,340.24,337.24,339.96,9806890.345430357
1789382700000,339.89,340.21,339.47,339.95,9725850.996879835
1789383600000,339.94,345.5,339.8,345.46,65970753.976659074
1789384500000,345.1956,346.53,343.13,343.85,87106047.37058426
1789385400000,343.82,344.97,342.55,344.84,31209894.93111943
1789386300000,344.84,345.099,344.3,344.9,42462470.49743473
1789387200000,344.8199,345.1,344.4,344.41,32410098.657828078
1789388100000,344.4008,344.87,343.0014,343.3163,72186726.06450897
1789389000000,343.43,344.11,341.89,341.96,50643025.6043027
1789389900000,341.9442,343.62,341.49,343.59,30083010.08879699
1789390800000,343.6,343.75,342.47,342.5,39430465.01669142
1789391700000,342.5,344.33,342.13,343.07,26833584.595163263
1789392600000,343.215,345.365,342.28,345.35,1369326880.5178
1789393500000,345.35,347.28,344.38,346.52,678621738.9964515
1789394400000,346.565,347.14,344.65,345.15,468563778.9436
1789395300000,345.155,345.69,342.75,344.14,275104556.91228926
1789396200000,344.14,344.294,343.31,344.135,150970438.48505205
1789397100000,344.135,345.3599,344.045,345.184,240205835.26094687
1789398000000,345.14,345.76,344.08,345.535,287369455.4111039
1789398900000,345.56,346.07,344.99,345.45,186077244.40660638
1789399800000,345.43,345.99,344.698,345.6582,201914477.8497714
1789400700000,345.68,346.07,345.22,345.305,134848238.0688537
1789401600000,345.315,346.1199,344.955,345.84,245532166.288054
1789402500000,345.85,346.6,345.85,346.08,181742394.85773748
1789403400000,346.07,347.275,346.06,346.73,217483017.58349505
1789404300000,346.72,347.87,346.21,347.69,429251071.68075097
1789405200000,347.6701,347.72,346.71,346.78,174307222.6958
1789406100000,346.78,348.16,346.685,348.05,237242862.63164786
1789407000000,348.03,349.65,348.02,348.8578,396794242.3894597
1789407900000,348.83,349.88,348.83,349.26,225487585.97207198
1789408800000,349.23,349.9,348.46,348.63,546334937.2465363
1789409700000,348.58,349.13,346.66,347.695,332398659.25928074
1789410600000,347.73,348.57,346.735,346.94,219142301.8358986
1789411500000,346.9,347.9205,346.69,347.38,258938576.56503126
1789412400000,347.38,347.59,346.97,347.4,164588374.41714582
1789413300000,347.335,348.64,346.83,348.585,178224863.6223743
1789414200000,348.585,348.83,347.95,348.285,292303844.06204486
1789415100000,348.285,349.585,348.23,349.39,1108940954.0743172
1789416000000,349.42,349.515,347.99,348.4272,2090872827.276747
1789416900000,348.5,349.39,348.115,348.2077,91561985.07963206
1789417800000,348.17,348.43,348.07,348.28,6025043.505777743
1789418700000,348.2936,348.5,348.28,348.4,3971144.72012188
1789419600000,348.4009,348.695,348.2001,348.2889,6364492.235715051
1789420500000,348.2139,348.4557,347.74,347.9547,4985685.467452148
1789421400000,347.96,347.9788,347.75,347.87,45909824.03403664
1789422300000,347.91,348.08,347.75,347.92,205563244.0408305
1789423200000,347.99,348.27,347.8,347.84,38880789.26464923
1789424100000,347.85,347.89,347.41,347.5,2885734.773253109
1789425000000,347.51,347.57,347.3936,347.43,2156414.7880798657
1789425900000,347.4314,347.5377,347.31,347.4,2578732.499830365
1789426800000,347.4019,347.4019,346.86,347.2,2732055.364030315
1789427700000,347.1661,347.51,347.06,347.31,2316909.779408598
1789428600000,347.427,347.5265,347.0492,347.4686,508026.5187067557
1789429500000,347.2852,347.4945,347.2245,347.4675,1493695.7870293725
1789430400000,347.26,347.62,346.51,347.16,1702219.27
1789431300000,347.23,347.23,346.95,347.04,664038.17
1789432200000,347.05,347.24,346.95,347.2,576885.6
1789433100000,347.2,347.33,347.01,347.2,615146.05
1789434000000,347.2,348.08,347.08,348.08,2607622.99
1789434900000,348.05,348.08,347.75,347.9,1632517.29
1789435800000,347.88,348.05,347.55,347.94,2117835.79
1789436700000,347.94,348.16,347.75,347.89,1639681.43
1789437600000,347.89,348.11,347.79,347.95,654146.59
1789438500000,347.95,348.01,347.85,347.88,404965.35
1789439400000,347.85,347.95,347.73,347.85,1516983.26
1789440300000,347.77,347.88,347.66,347.86,869440.05
1789441200000,347.85,347.95,347.68,347.95,654229.15
1789442100000,347.94,348.01,347.68,347.78,915540.39
1789443000000,347.82,347.9,347.73,347.74,414902.43
1789443900000,347.8,347.88,347.61,347.68,536953.74
1789444800000,347.68,347.74,347.35,347.42,1240257.95
1789445700000,347.45,347.58,347.13,347.13,573444.09
1789446600000,347.11,347.11,346.8,347.06,1181393.49
1789447500000,347.08,347.09,346.67,346.74,622613.57
1789448400000,346.81,346.92,346.45,346.45,704001.7
1789449300000,346.45,346.72,346.2,346.72,2122850.36
1789450200000,346.72,347.24,346.65,347.07,564568.32
1789451100000,347.18,347.42,346.99,346.99,970372.38
1789452000000,347.12,347.35,346.99,347.35,1238398.72
1789452900000,347.35,347.37,346.99,347.0,1115271.52
1789453800000,347.0,347.0,346.58,346.59,828115.0
1789454700000,346.59,346.76,346.44,346.59,814267.9
1789455600000,346.63,346.7,346.13,346.26,1887181.37
1789456500000,346.28,346.3,345.88,346.01,1478813.14
1789457400000,346.15,346.34,346.0,346.08,1035064.6
1789458300000,345.97,346.02,345.51,345.51,897478.07
1789459200000,345.96,349.39,344.49,345.1124,30590619.797798138
1789460100000,345.11,345.5,345.0,345.2,1783008.1290134226
1789461000000,345.4088,345.5288,345.11,345.2,646165.7564889927
1789461900000,345.4088,345.4145,345.02,345.293,1168618.632778712
1789462800000,345.1104,345.571,344.8,344.98,2411925.579495474
1789463700000,345.0,345.18,344.2389,345.18,4114294.507606521
1789464600000,344.9112,345.5,344.9112,345.41,1352021.6340648727
1789465500000,345.32,345.87,345.2251,345.71,2602838.448315191
1789466400000,345.87,345.99,345.56,345.7,824684.5619628459
1789467300000,345.58,345.85,345.4025,345.616,1200481.4253640827
1789468200000,345.7,346.03,345.62,345.7,3029417.6721734116
1789469100000,345.61,346.1,345.43,346.0,1883576.5476492215
1789470000000,346.03,346.44,345.9,346.05,6291959.714287287
1789470900000,346.03,346.617,345.93,346.6088,4030114.8548164926
1789471800000,346.44,346.59,345.9612,346.1033,4259211.601533121
1789472700000,346.127,346.2888,345.95,346.18,213253579.25750548
1789473600000,346.18,346.38,346.0399,346.329,4717997.6379514085
1789474500000,346.36,346.36,345.57,346.1955,6817354.032602987
1789475400000,346.05,346.89,345.7841,346.7295,4686885.719211116
1789476300000,346.64,347.4,346.0,346.6,6930990.68046734
1789477200000,346.67,346.85,346.33,346.33,9134083.467367768
1789478100000,346.2779,347.35,346.03,347.17,11751688.04018838
1789479000000,346.78,348.07,344.71,347.05,521871817.0693648
1789479900000,347.05,347.41,345.37,345.86,201071949.49714288
1789480800000,345.83,345.83,344.11,344.7701,298823380.6751
1789481700000,344.825,345.13,343.8,344.635,217245971.2235695
1789482600000,344.64,345.09,344.0,344.47,194093282.01764423
1789483500000,344.48,344.75,343.8,343.905,149487039.0851823
1789484400000,343.99,345.16,343.82,344.34,160935289.75738013
1789485300000,344.27,344.52,343.5,343.595,121022632.3027
1789486200000,343.63,343.785,343.2,343.22,178320705.5606497
1789487100000,343.225,343.94,342.96,343.71,120554451.378927
1789488000000,343.73,344.4,343.585,344.19,128265060.43837005
1789488900000,344.16,344.79,344.1,344.35,231818798.36863035
1789489800000,344.34,344.7899,344.05,344.145,144072200.78129
1789490700000,344.14,344.2,343.545,343.82,90293559.27828825
1789491600000,343.81,344.315,343.37,343.41,106313631.06474131
1789492500000,343.39,343.42,342.7,342.885,105980038.38744971
1789493400000,342.865,343.455,342.759,343.365,82150407.67556584
1789494300000,343.37,343.5298,343.03,343.2,81688230.06367768
1789495200000,343.2338,344.12,343.16,343.9125,73274546.75797941
1789496100000,343.92,344.43,343.68,343.975,139897651.69392806
1789497000000,344.06,344.54,343.82,343.97,100977578.18562287
1789497900000,343.97,344.33,343.72,344.29,106176287.7208468
1789498800000,344.29,344.33,343.95,344.2,97253530.01845731
1789499700000,344.18,344.25,343.91,344.06,91601713.96824345
1789500600000,344.08,344.2,343.73,344.075,138841327.99160546
1789501500000,344.075,345.2097,344.06,344.98,689060241.1650004
1789502400000,344.98,345.2688,344.87,345.03,2258870534.925682
1789503300000,345.0,345.0,344.5037,344.6286,4094832.297573327
1789504200000,344.6235,344.65,344.3,344.6,1742621.5543193147
1789505100000,344.6,344.6,344.31,344.3207,86241183.54036866
1789506000000,344.32,344.4399,344.0132,344.1,21692068.329312786
1789506900000,344.1511,344.423,344.1,344.1693,1452063.532499011
1789507800000,344.18,344.3157,344.09,344.1,113669713.60611176
1789508700000,344.1251,344.31,344.1,344.24,3878226.0822624974
1789509600000,344.24,344.65,344.11,344.37,1458119.3219430002
1789510500000,344.18,344.42,344.0,344.07,1488275.1480326783
1789511400000,344.07,344.55,344.0,344.34,1611061.452170367
1789512300000,344.24,344.6412,344.024,344.4102,996060.3658226716
1789513200000,344.4103,344.65,344.2657,344.429,2118314.0031186184
1789514100000,344.43,344.43,344.0237,344.16,857904.8049919364
1789515000000,344.26,344.5,344.0,344.5,1193005.6537578152
1789515900000,344.17,344.6,344.05,344.597,1382510.093178015
1789516800000,344.64,344.73,344.13,344.33,222795.15
1789517700000,344.37,344.49,344.24,344.33,76101.98
1789518600000,344.4,344.48,344.31,344.42,464571.09
1789519500000,344.46,344.69,344.45,344.48,764842.84
1789520400000,344.49,344.57,344.15,344.57,388454.69
1789521300000,344.45,344.66,344.42,344.5,116441.57
1789522200000,344.42,344.52,344.12,344.14,447844.01
1789523100000,344.21,344.3,343.92,344.01,376847.97
1789524000000,344.02,344.3,344.02,344.13,246099.83
1789524900000,344.13,344.37,344.13,344.37,151805.25
1789525800000,344.37,344.64,344.28,344.49,541202.41
1789526700000,344.47,344.72,344.44,344.69,120965.76
1789527600000,344.71,344.93,344.64,344.93,200314.05
1789528500000,344.94,345.17,344.92,344.95,493073.57
1789529400000,344.95,344.98,344.79,344.91,144152.18
1789530300000,344.92,345.05,344.85,344.85,343254.95
1789531200000,344.83,344.97,344.77,344.87,148310.08
1789532100000,344.87,344.9,344.66,344.66,219626.58
1789533000000,344.65,344.73,344.41,344.43,586400.23
1789533900000,344.42,344.67,344.42,344.48,86134.11
1789534800000,344.49,344.6,344.33,344.6,275618.83
1789535700000,344.6,344.67,344.49,344.67,154021.17
1789536600000,344.65,344.94,344.61,344.94,394785.34
1789537500000,344.94,344.96,344.58,344.7,438204.26
1789538400000,344.7,345.05,344.7,345.0,340329.5
1789539300000,345.0,345.0,344.49,344.5,505036.07
1789540200000,344.48,344.71,344.46,344.61,237775.78
1789541100000,344.61,344.76,344.4,344.74,1100482.39
1789542000000,344.81,345.03,344.77,344.89,369360.08
1789542900000,344.89,345.22,344.87,345.2,567196.26
1789543800000,345.22,345.5,345.13,345.31,1034087.49
1789544700000,345.33,345.54,345.12,345.13,1347593.43
1789545600000,345.34,345.5662,344.34,345.0646,14487014.51512809
1789546500000,345.27,345.3422,344.51,344.5786,1870510.4303757586
1789547400000,344.7,344.85,344.6,344.6466,923152.2311364193
1789548300000,344.6983,344.85,344.6255,344.85,964217.9332451547
1789549200000,344.76,344.85,344.59,344.59,588683.752172628
1789550100000,344.57,344.5757,344.1557,344.1557,1316352.8193055966
1789551000000,344.2475,344.77,344.1477,344.77,1323778.0924864602
1789551900000,344.5212,344.84,344.5212,344.8,167774.880910335
1789552800000,344.85,345.22,344.69,345.08,1069589.358781132
1789553700000,345.0721,345.34,345.0225,345.2,520851.3144736047
1789554600000,345.29,345.8088,345.2522,345.6475,2117041.0416969587
1789555500000,345.6096,345.6096,345.06,345.46,876504.7906938744
1789556400000,345.43,345.64,345.3,345.33,3767447.428034135
1789557300000,345.3,346.08,345.0,345.6,6092841.4637344275
1789558200000,345.6,345.7388,345.2903,345.49,1667856.8662639714
1789559100000,345.5,345.8159,345.23,345.7,2300569.96302027
1789560000000,345.5972,346.12,345.55,346.0,3246344.5590233295
1789560900000,346.0,346.63,345.78,346.5696,4158648.9199320567
1789561800000,346.58,346.6095,345.7137,345.8562,34040060.45493485
1789562700000,345.7137,346.04,345.7,345.84,1882548.6651869728
1789563600000,345.84,346.1288,345.3877,346.06,5165760.446014533
1789564500000,345.88,347.22,345.32,347.18,5109433.732126314
1789565400000,346.98,348.4,343.75,344.56,392135830.1035
1789566300000,344.48,347.25,344.47,346.52,398849184.508
1789567200000,346.515,346.89,344.2,344.535,277385302.8367
1789568100000,344.5,345.4894,344.1756,345.031,183558314.6513
1789569000000,345.04,346.25,344.7409,345.725,208659115.15459406
1789569900000,345.725,346.75,345.67,346.72,210919437.444
1789570800000,346.72,347.07,346.2,346.48,145130164.6978
1789571700000,346.52,346.75,345.65,346.18,86783971.72630128
1789572600000,346.14,346.23,345.5,346.055,107046074.15045577
1789573500000,346.03,346.32,345.61,346.04,146460393.4236166
1789574400000,346.0,346.17,345.2814,345.505,66208625.07511942
1789575300000,345.53,346.07,345.37,345.6,58948667.68158202
1789576200000,345.6,345.91,345.33,345.835,93894294.20321073
1789577100000,345.85,345.99,345.34,345.57,142128096.2332
1789578000000,345.6,345.71,345.02,345.095,90694097.3003
1789578900000,345.08,345.41,344.94,345.21,63898861.57430595
1789579800000,345.21,345.52,344.86,344.935,69130417.94155379
1789580700000,344.95,345.17,344.43,345.08,70365564.25681928
1789581600000,345.0,346.32,344.73,345.745,125447326.6167
1789582500000,345.75,346.68,345.5735,345.81,136377312.0333
1789583400000,345.85,346.015,343.82,345.43,150776373.3595
1789584300000,345.455,345.7,342.43,342.48,161636564.3578
1789585200000,342.44,343.235,341.35,341.57,267498557.7684
1789586100000,341.5307,341.94,340.64,341.4,216718961.5508
1789587000000,341.38,342.89,341.04,342.63,173152698.528
1789587900000,342.62,344.01,342.58,342.87,649263439.6019
1789588800000,342.86,343.48,342.65,343.47,1507182042.5499976
1789589700000,343.42,343.73,342.87,343.23,3642847.9187551085
1789590600000,343.3525,343.57,343.13,343.36,679848.5155744893
1789591500000,343.07,343.4488,343.05,343.1488,158894277.9118017
1789592400000,343.13,343.69,343.0,343.59,1151449.8744865556
1789593300000,343.58,343.687,343.36,343.42,688899.190395359
1789594200000,343.53,343.8799,343.38,343.8712,562559.1221938262
1789595100000,343.7,343.85,343.2801,343.43,3496878.4378031325
1789596000000,343.43,343.756,343.05,343.604,3294515.980056794
1789596900000,343.7015,344.19,343.6,344.0,2079687.1014739056
1789597800000,344.0344,344.79,344.0,344.65,5141108.294500421
1789598700000,344.71,344.71,344.0095,344.497,3549887.249002633
1789599600000,344.5,344.86,344.38,344.58,3636670.026399032
1789600500000,344.43,345.11,344.43,345.11,2470579.773196998
1789601400000,345.11,345.2,344.6479,345.2,1184866.380743245
1789602300000,345.19,345.66,345.005,345.3,3494800.081066495
1789603200000,344.89,345.42,344.63,345.0,1143967.09
1789604100000,344.92,345.19,344.8,345.0,490919.76
1789605000000,345.0,345.48,345.0,345.42,548998.18
1789605900000,345.33,345.41,345.06,345.33,570966.52
1789606800000,345.26,345.59,345.18,345.4,483189.18
1789607700000,345.44,345.49,345.17,345.29,659174.35
1789608600000,345.29,345.49,345.1,345.16,2476133.01
1789609500000,345.26,345.26,344.92,344.97,605649.3
1789610400000,344.98,345.1,344.96,345.08,361248.99
1789611300000,345.07,345.17,345.03,345.07,416499.54
1789612200000,345.1,345.33,345.06,345.33,665815.03
1789613100000,345.3,345.3,345.05,345.05,111500.62
1789614000000,345.05,345.22,345.0,345.08,339903.03
1789614900000,345.15,345.23,345.02,345.22,130098.68
1789615800000,345.22,345.59,345.21,345.59,477982.93
1789616700000,345.6,345.6,345.4,345.58,513756.38
1789617600000,345.56,345.62,345.56,345.56,346983.63
1789618500000,345.56,345.64,345.42,345.46,211834.96
1789619400000,345.46,345.54,345.37,345.4,172717.09
1789620300000,345.43,345.48,345.36,345.43,182048.26
1789621200000,345.43,345.43,345.22,345.22,433444.04
1789622100000,345.24,345.35,345.19,345.25,154341.04
1789623000000,345.25,345.28,344.88,344.88,559692.85
1789623900000,344.88,344.95,344.69,344.69,207600.16
1789624800000,344.68,345.05,344.68,345.05,273812.34
1789625700000,345.05,345.25,344.93,345.25,417628.32
1789626600000,345.26,345.66,345.26,345.6,495037.78
1789627500000,345.59,345.67,345.52,345.67,478303.72
1789628400000,345.6,346.26,345.58,346.21,1986883.61
1789629300000,346.22,346.78,346.22,346.76,1416796.44
1789630200000,346.75,346.97,346.67,346.96,1978041.95
1789631100000,346.96,346.97,346.75,346.95,780828.71
1789632000000,346.59,347.57,344.64,347.27,18363377.56060845
1789632900000,347.24,347.35,346.89,347.22,2321215.3064848916
1789633800000,347.3,347.4851,347.1,347.17,1212829.7533981034
1789634700000,347.17,347.43,347.0312,347.21,777109.7084794829
1789635600000,347.2073,347.66,347.194,347.4191,1636021.9772848026
1789636500000,347.5699,347.5699,346.78,346.8667,1598559.5298890162
1789637400000,346.895,347.5927,346.895,347.45,2062013.8803851393
1789638300000,347.47,348.0022,347.1003,347.7083,1309185.7644853145
1789639200000,347.86,347.86,347.26,347.39,1196989.6345889443
1789640100000,347.5,347.6088,347.16,347.3306,1318296.791116329
1789641000000,347.18,347.3,346.61,346.71,3455707.706782871
1789641900000,346.73,347.0,346.6,346.78,505945.0791373683
1789642800000,346.79,347.0,346.0,346.1,7972290.339857981
1789643700000,346.28,346.5188,346.0,346.25,2577998.896476495
1789644600000,346.26,346.4888,345.99,346.1437,3025109.3605528246
1789645500000,346.14,346.69,345.8,346.66,4486179.766799249
1789646400000,346.5,347.2,346.3867,346.94,5241305.1952473335
1789647300000,346.94,347.77,346.8,347.7488,9197999.747736331
1789648200000,347.66,348.32,347.66,348.2,18256692.316592567
1789649100000,348.1999,348.47,347.75,348.12,8124822.319353216
1789650000000,348.0,348.4832,347.44,347.56,9142150.85806289
1789650900000,347.53,348.98,347.26,348.71,17432852.78476026
1789651800000,348.67,349.5,345.156,345.805,492546556.2485
1789652700000,345.7909,345.84,343.8857,345.62,290111443.6091
1789653600000,345.6125,346.31,344.575,346.14,283708170.2156
1789654500000,346.1,347.3,345.32,346.655,248615998.4158
1789655400000,346.6558,348.65,346.6123,347.715,219964830.5006
1789656300000,347.74,347.854,345.82,346.32,154925887.4941
1789657200000,346.425,347.12,345.14,347.04,203664052.8638
1789658100000,347.0,348.0458,346.9717,347.6,170949571.0556
1789659000000,347.625,347.91,346.74,346.78,126105002.2693
1789659900000,346.785,346.94,344.87,345.38,238647626.1251
1789660800000,345.375,345.8,344.76,345.38,192925132.8389
1789661700000,345.42,345.87,345.085,345.3,103555074.8423
1789662600000,345.3,346.06,344.91,345.865,115413076.8196
1789663500000,345.875,346.05,345.15,345.555,80990456.4062646
1789664400000,345.59,345.96,345.53,345.8,45884633.45198208
1789665300000,345.77,345.82,344.87,344.93,79520775.9731487
1789666200000,344.93,345.45,344.79,345.42,93629988.21393847
1789667100000,345.39,345.55,344.92,345.4562,107247413.6096
1789668000000,345.49,345.525,344.92,345.35,80864200.9989
1789668900000,345.375,345.9192,345.26,345.785,78328915.18673055
1789669800000,345.83,346.0011,345.56,346.0011,88145381.8222
1789670700000,345.99,346.29,345.76,346.0,109286384.7723
1789671600000,345.99,346.6,345.99,346.37,207586274.5931
1789672500000,346.3953,347.01,346.29,346.75,182610326.29973906
1789673400000,346.74,347.65,346.74,347.63,247394210.6725
1789674300000,347.635,347.9,347.14,347.33,440334706.43103045
1789675200000,347.35,347.41,346.71,346.79,281691031.7173
1789676100000,346.9,347.33,346.5,346.6817,1452671.1015607005
1789677000000,346.6817,348.8,346.35,346.35,10537525.492815113
1789677900000,346.37,348.6428,346.37,346.583,3121968.4923194186
1789678800000,346.58,348.5469,346.5001,346.6103,1952018.7165665925
1789679700000,346.61,347.33,346.35,346.5012,5710552.100891119
1789680600000,346.52,346.69,346.5,346.6852,913327.3056712633
1789681500000,346.6,347.0499,346.5535,346.81,2957165.428990732
1789682400000,346.78,347.062,346.55,346.6869,902184.8378971736
1789683300000,346.56,346.6965,346.5,346.6504,799258.1764636296
1789684200000,346.65,346.6657,346.25,346.32,4382034.146960153
1789685100000,346.36,346.4,346.16,346.4,777555.9450023675
1789686000000,346.42,346.67,346.34,346.49,439877.7377168108
1789686900000,346.55,346.55,346.3,346.5,340450.40958175063
1789687800000,346.5,346.96,346.4915,346.7772,1503769.4059153022
1789688700000,346.672,346.83,346.5,346.5,585609.6741862312
1789689600000,346.5,346.91,346.5,346.71,662869.81
1789690500000,346.75,346.92,346.68,346.88,199741.59
1789691400000,346.83,346.88,346.69,346.83,322185.87
1789692300000,346.85,346.85,346.65,346.72,269408.67
1789693200000,346.73,346.76,346.55,346.62,178172.77
1789694100000,346.62,346.65,346.38,346.41,334360.67
1789695000000,346.45,346.6,346.32,346.59,284066.39
1789695900000,346.61,346.69,346.6,346.63,216652.29
1789696800000,346.69,346.83,346.68,346.83,142514.18
1789697700000,346.83,346.87,346.74,346.83,183460.8
1789698600000,346.82,347.09,346.79,347.09,337602.39
1789699500000,347.06,347.11,346.98,347.01,586508.41
1789700400000,347.01,348.59,347.01,348.07,4282366.85
1789701300000,348.15,348.47,348.01,348.2,1544847.72
1789702200000,348.21,348.77,348.14,348.7,2487122.32
1789703100000,348.7,351.3,348.7,351.24,15657152.98
1789704000000,351.25,352.55,351.01,352.38,11826591.36
1789704900000,352.38,352.75,351.47,352.62,9720030.88
1789705800000,352.65,352.78,351.92,352.72,9156612.09
1789706700000,352.76,353.91,352.76,353.4,9224826.3
1789707600000,353.4,354.1,353.38,353.47,7719455.52
1789708500000,353.59,353.93,353.43,353.8,4280164.34
1789709400000,353.73,354.7,353.67,354.38,9002102.23
1789710300000,354.36,356.0,354.31,354.9,20128751.72
1789711200000,354.9,355.2,354.74,354.95,7983268.65
1789712100000,354.99,355.54,354.86,355.11,6277083.62
1789713000000,355.11,355.14,353.59,353.81,7713105.36
1789713900000,353.86,354.38,353.81,354.24,3683581.66
1789714800000,354.24,354.39,354.03,354.03,5002195.71
1789715700000,354.07,354.25,353.99,354.07,3457213.31
1789716600000,354.04,354.28,353.75,353.82,3765587.26
1789717500000,353.8,354.09,353.79,354.01,1080124.8
1789718400000,353.91,355.96,347.33,354.16,181932303.6596581
1789719300000,353.94,354.38,353.5389,353.6911,8584997.591501184
1789720200000,353.57,354.5488,353.35,354.5,4741588.780611225
1789721100000,354.48,355.1,354.48,354.9,5804737.396814132
1789722000000,354.91,355.55,354.79,354.93,6861755.179243613
1789722900000,354.93,355.0896,354.5957,354.74,3090289.0906212786
1789723800000,354.66,354.7352,354.43,354.4317,2597322.9687954993
1789724700000,354.4317,354.857,353.9,354.51,3777927.7022118936
1789725600000,354.5488,355.11,354.0,355.04,3198259.9117617235
1789726500000,355.02,355.55,354.83,355.52,5630386.243414121
1789727400000,355.47,356.4,355.258,355.84,15533784.209926762
1789728300000,355.7,356.28,355.7,355.85,22696632.253533825
1789729200000,355.83,356.89,355.7112,355.83,29877679.23034717
1789730100000,355.75,355.7696,355.2,355.6,8149854.619044968
1789731000000,355.62,356.4737,355.26,355.94,17446611.37770328
1789731900000,355.9422,355.9422,355.1,355.39,15254195.55341927
1789732800000,355.4,355.6679,354.52,354.79,166322205.90336153
1789733700000,354.75,354.75,354.02,354.7,14247426.424571939
1789734600000,354.67,356.2004,354.36,356.2004,24969911.969976526
1789735500000,356.18,356.34,354.7786,354.7786,21951282.14930367
1789736400000,354.7895,355.67,354.7,355.58,11203775.102108875
1789737300000,355.5303,357.88,355.28,356.68,62207450.37109353
1789738200000,356.92,359.44,355.53,356.435,2936225377.3694687
1789739100000,356.45,357.15,354.62,355.36,686962537.4832
1789740000000,355.37,355.71,351.934,351.995,552620941.1558
1789740900000,352.0,352.1,350.0287,350.53,733067679.2751
1789741800000,350.56,351.8,349.53,351.005,403489993.5035
1789742700000,350.99,351.9601,350.58,351.41,310051342.5378
1789743600000,351.44,351.68,349.58,349.58,307432843.5635
1789744500000,349.62,351.1,349.48,350.8475,407269939.4989
1789745400000,350.835,350.9499,349.5,349.945,213713633.26934746
1789746300000,349.945,350.09,349.08,349.42,266339770.9171
1789747200000,349.4603,350.3,349.08,349.48,190101369.7696
1789748100000,349.46,349.94,348.89,349.81,158673280.5143
1789749000000,349.8,350.1494,349.32,349.935,125928096.878
1789749900000,349.95,350.14,349.6492,349.81,95433966.93737936
1789750800000,349.81,349.89,349.36,349.475,143649657.3982427
1789751700000,349.475,349.69,349.34,349.355,59463546.27933322
1789752600000,349.32,349.68,349.12,349.55,78166161.88860816
1789753500000,349.56,350.1,349.49,349.7279,107318286.7402
1789754400000,349.75,350.71,349.67,350.62,167517130.2398057
1789755300000,350.61,350.99,350.4418,350.76,117758266.9139284
1789756200000,350.75,351.41,350.6901,351.325,152930414.7338705
1789757100000,351.33,352.09,351.3,351.75,226383762.5632
1789758000000,351.74,351.77,350.8701,351.5,177886071.4373
1789758900000,351.51,352.14,351.47,351.89,133314875.09836459
1789759800000,351.91,351.94,351.16,351.32,204241718.6977755
1789760700000,351.33,351.57,348.45,349.54,1531832815.9321
1789761600000,349.0,350.5,349.0,350.2272,5443117250.748643
1789762500000,350.26,350.26,349.29,349.98,211596607.9825032
1789763400000,349.99,350.24,349.88,350.18,7701914.132118609
1789764300000,350.03,350.69,349.9,350.0,41111557.83531539
1789765200000,350.04,350.1999,349.87,349.99,6710836.048020034
1789766100000,350.0,350.29,349.97,350.22,2997131.44933331
1789767000000,350.25,350.6167,350.1,350.4901,4088682.747023459
1789767900000,350.6199,350.68,350.49,350.58,1319027.5687753817
1789768800000,350.59,350.7167,349.87,350.19,9844505.833893014
1789769700000,350.3705,350.7751,350.1,350.61,16760663.837403037
1789770600000,350.61,350.7,350.2201,350.3,1556952.3623170634
1789771500000,350.49,350.495,350.305,350.3698,827359.5417306744
1789772400000,350.37,350.83,350.31,350.82,3167465.3407931537
1789773300000,350.4515,350.89,350.451,350.6,1541605.5280552749
1789774200000,350.64,350.66,350.402,350.44,817491.2707270896
1789775100000,350.4425,350.88,350.4,350.83,3308574.9682589187
1789776000000,350.77,350.77,350.68,350.68,626.037041
1789781400000,350.99,350.99,350.99,350.99,23.095142
1789782300000,350.65,350.65,350.65,350.65,120.06256
1789783200000,350.64,350.64,350.57,350.57,2599.773781
1789784100000,350.5,350.5,350.38,350.38,1737.541716
1789785000000,350.31,350.31,350.31,350.31,520.91097
1789788600000,350.29,350.29,350.29,350.29,983.929581
1789790400000,350.28,350.28,350.28,350.28,158.641812
1789795800000,350.99,350.99,350.99,350.99,76.937008
1789799400000,350.99,350.99,350.99,350.99,14.952174
1789800300000,350.99,350.99,350.99,350.99,379.981774
1789801200000,350.99,350.99,350.24,350.24,802.194199
1789802100000,350.98,350.99,350.22,350.22,259.306734
1789827300000,350.22,350.99,350.22,350.67,10229.847047
1789828200000,351.02,351.02,351.02,351.02,23.974666
1789829100000,350.65,350.65,350.65,350.65,14.481845
1789830000000,351.02,351.03,351.02,351.02,271.238035
1789830900000,351.02,351.03,351.02,351.03,301.77911
1789831800000,351.03,351.03,350.64,350.64,532.178227
1789833600000,351.02,351.03,350.62,350.62,266.278364
1789835400000,351.02,351.02,351.02,351.02,46.68566
1789839000000,351.03,351.03,351.03,351.03,19.973607
1789843500000,351.03,351.03,351.03,351.03,1043.050542
1789844400000,351.03,351.03,351.03,351.03,29.977962
1789846200000,351.03,351.03,351.03,351.03,351.38103
1789847100000,351.03,351.03,351.03,351.03,19.973607
1789848000000,351.03,351.03,351.02,351.02,130.897507
1789859700000,351.03,351.03,351.03,351.03,94.7781
1789861500000,351.03,351.05,351.03,351.05,1999.944421
1789863300000,351.04,351.06,351.04,351.04,1060.190918
1789865100000,351.04,352.12,351.04,352.12,9556.934581
1789866000000,352.15,352.21,352.15,352.21,1517.9363
1789867800000,352.24,352.24,352.24,352.24,23.07172
1789870500000,352.29,352.42,352.29,352.42,2999.956771
1789872300000,352.07,352.23,351.85,351.85,6325.19917
1789874100000,352.06,352.06,351.83,351.83,1260.089956
1789875900000,352.12,352.12,352.12,352.12,16.866548
1789877700000,351.02,351.02,350.86,350.86,1065.325722
1789878600000,350.86,350.87,350.55,350.58,10296.999541
1789879500000,350.58,350.58,350.13,350.13,3384.933564
1789882200000,350.99,350.99,350.99,350.99,19.971331
1789885800000,350.14,350.14,350.05,350.05,1573.460867
1789886700000,350.04,350.99,349.93,349.93,561.023304
1789888500000,349.93,349.93,349.93,349.93,1.259748
1789892100000,349.93,349.93,349.93,349.93,116.17676
1789893000000,350.8,351.02,349.74,349.74,775.763889
1789893900000,350.01,350.01,349.85,349.85,2829.466145
1789894800000,349.79,349.79,349.79,349.79,499.84991
1789895700000,349.93,349.93,349.71,349.77,2028.80825
1789897500000,349.67,349.89,349.66,349.89,1289.987047
1789898400000,349.83,349.83,349.83,349.83,499.90707
1789900200000,350.0,350.0,350.0,350.0,21.315
1789902900000,349.65,349.65,349.43,349.53,3494.21606
1789903800000,349.38,349.45,349.37,349.37,1851.9413
1789905600000,349.34,349.37,349.27,349.35,1979.890802
1789906500000,349.3,349.48,349.25,349.48,1473.712556
1789908300000,349.48,349.48,349.48,349.48,52.422
1789911000000,349.48,349.48,349.48,349.48,19.990256
1789914600000,349.48,349.48,349.2,349.2,545.38393
1789916400000,349.48,349.48,349.48,349.48,298.246232
1789917300000,349.48,349.48,349.48,349.48,409.031392
1789918200000,349.48,349.68,349.48,349.68,3694.196678
1789919100000,349.45,349.56,349.44,349.56,6300.731057
1789920900000,349.56,349.56,349.56,349.56,349.874604
1789921800000,349.56,349.91,349.56,349.91,5921.549384
1789922700000,349.57,349.57,349.57,349.57,19.086522
1789925400000,349.91,349.91,349.91,349.91,332.904374
1789926300000,349.81,349.81,349.71,349.71,1302.529955
1789927200000,349.76,349.76,349.66,349.66,370.069477
1789930800000,349.75,349.75,349.75,349.75,49.979275
1789931700000,349.85,349.85,349.85,349.85,21.76067
1789933500000,349.9,349.9,349.9,349.9,19.97929
1789934400000,349.9,349.9,349.9,349.9,19.97929
1789940700000,349.91,349.91,349.91,349.91,19.979861
1789941600000,349.91,349.92,349.91,349.92,4275.17241
1789942500000,349.92,349.94,349.92,349.94,901.222366
1789943400000,349.94,350.22,349.94,350.22,3690.460119
1789947000000,350.8,350.8,350.8,350.8,5.75312
1789948800000,350.98,351.25,350.02,350.71,4568288.04
1789949700000,350.71,351.35,350.67,350.83,2842884.97
1789950600000,350.85,351.19,350.85,350.99,1337454.43
1789951500000,350.97,351.2,350.79,351.19,1410975.65
1789952400000,351.16,351.53,350.71,350.95,2896545.15
1789953300000,350.95,351.33,350.82,351.19,1807048.69
1789954200000,351.29,351.49,351.21,351.34,576574.12
1789955100000,351.3,351.66,351.1,351.6,1320287.08
1789956000000,351.51,351.68,351.48,351.56,1196155.51
1789956900000,351.57,351.59,351.4,351.43,1341136.14
1789957800000,351.42,351.43,351.02,351.27,1361013.11
1789958700000,351.33,351.51,351.26,351.28,510199.59
1789959600000,351.29,351.77,351.29,351.67,301296.92
1789960500000,351.72,352.0,351.54,351.88,888480.4
1789961400000,351.9,351.93,351.65,351.82,501683.57
1789962300000,351.8,351.82,351.59,351.59,393603.3
1789963200000,351.6,351.78,351.54,351.56,293953.73
1789964100000,351.56,351.7,351.53,351.7,358979.12
1789965000000,351.66,351.7,351.5,351.53,316797.87
1789965900000,351.51,351.65,351.45,351.6,362077.06
1789966800000,351.59,351.63,351.49,351.6,427147.76
1789967700000,351.55,351.65,351.46,351.55,258772.22
1789968600000,351.52,351.53,351.32,351.36,695507.9
1789969500000,351.35,351.36,351.11,351.21,621392.9
1789970400000,351.28,351.51,351.28,351.46,567876.75
1789971300000,351.46,351.58,351.44,351.54,171899.94
1789972200000,351.53,351.84,351.53,351.77,642172.88
1789973100000,351.78,351.99,351.74,351.88,891594.96
1789974000000,351.9,352.11,351.8,351.99,665911.2
1789974900000,351.98,352.05,351.87,351.87,561359.23
1789975800000,351.87,351.96,351.8,351.85,648163.62
1789976700000,351.86,352.28,351.86,352.05,757240.87
1789977600000,351.36,354.05,351.11,353.87,28458639.283328984
1789978500000,353.85,354.1365,353.57,353.91,4418667.766548357
1789979400000,353.779,353.8588,353.5003,353.83,3589947.6511030016
1789980300000,353.85,353.91,352.9704,352.9718,3305281.339113667
1789981200000,353.0,353.09,352.535,352.7311,2528238.175266228
1789982100000,352.8,352.97,352.6067,352.69,2191313.821315831
1789983000000,352.69,353.1207,352.6,353.09,3520275.85273325
1789983900000,353.02,353.386,352.91,352.97,2669775.258342659
1789984800000,352.96,353.25,352.815,352.8786,2334185.812671748
1789985700000,352.87,353.0,352.75,352.92,1326028.4045087988
1789986600000,352.89,352.89,352.5148,352.8025,2312214.251602879
1789987500000,352.8,352.8177,352.21,352.4,1978957.0795668543
1789988400000,352.35,352.65,351.15,351.2035,9144890.936229851
1789989300000,351.23,351.67,350.58,350.72,6561365.1402197415
1789990200000,350.72,351.3499,349.5,350.6808,9671652.514548114
1789991100000,350.69,351.0,350.07,350.4886,20166860.392614596
1789992000000,350.5,350.84,349.73,350.49,15986525.943181038
1789992900000,350.51,350.8,349.9,350.6807,9719614.551435016
1789993800000,350.75,351.73,350.75,351.25,10503895.36619094
1789994700000,351.17,351.2497,350.5,350.7791,15827385.161428716
1789995600000,350.68,351.09,350.5,350.5,449632690.0775155
1789996500000,350.513,351.28,349.09,350.51,20389929.003678333
1789997400000,350.67,355.14,349.1,354.93,960877125.8751956
1789998300000,354.92,355.14,352.84,353.5475,386957714.68590474
1789999200000,353.68,356.26,352.43,355.54,404940502.17506856
1790000100000,355.54,357.58,355.49,356.255,406582334.6487
1790001000000,356.21,357.53,355.931,356.075,243364932.282
1790001900000,356.05,356.35,354.83,355.37,176038772.3114
1790002800000,355.44,355.44,354.18,354.855,121948965.69771846
1790003700000,354.855,356.64,354.855,356.345,179843872.8721894
1790004600000,356.355,356.66,355.8301,356.425,167547794.92535326
1790005500000,356.47,356.99,356.38,356.96,146762895.68088818
1790006400000,356.96,356.965,356.08,356.77,162301754.9871
1790007300000,356.77,357.0399,356.04,356.435,203800035.26207918
1790008200000,356.5,356.67,355.5,355.585,118133846.82172915
1790009100000,355.575,355.66,355.0,355.5,186312110.63200614
1790010000000,355.5,356.0,355.1,355.8791,135680208.7141
1790010900000,355.85,356.16,355.39,356.0,81689163.9635
1790011800000,355.995,356.4525,355.74,356.3998,125691067.59525153
1790012700000,356.4,356.525,355.84,356.145,156967060.60514015
1790013600000,356.145,356.21,355.07,355.72,209283941.93293896
1790014500000,355.71,356.49,355.2,355.23,151581826.47339445
1790015400000,355.27,355.47,354.46,355.0478,222184991.49562684
1790016300000,355.1,355.61,354.66,354.77,217180560.19975412
1790017200000,354.81,355.4,354.0,355.36,277074051.3781
1790018100000,355.34,356.22,355.16,356.175,173098669.86204737
1790019000000,356.175,356.76,356.02,356.04,190657948.5859
1790019900000,356.02,356.34,354.715,354.97,596621229.7067
1790020800000,355.24,355.79,354.556,355.45,654329453.4737
1790021700000,355.34,355.83,354.97,355.79,8125270.698273529
1790022600000,355.7894,355.79,355.4635,355.51,3218524.8501621955
1790023500000,355.53,355.7699,355.35,355.7699,3161529.7760570697
1790024400000,355.5,355.77,355.33,355.63,1696410.9771549776
1790025300000,355.5868,355.92,355.2622,355.91,17550759.93500041
1790026200000,355.8001,355.9,355.8,355.84,834326.3197464911
1790027100000,355.8368,355.96,355.8122,355.88,750661519.1076535
1790028000000,355.88,356.25,355.65,356.22,2255138.2428131853
1790028900000,356.22,356.33,355.96,356.028,1061928.6533168065
1790029800000,356.1268,356.35,356.0,356.35,3281380.2672111117
1790030700000,356.3001,356.65,356.1172,356.463,3594959.334588983
1790031600000,356.31,356.47,356.1107,356.4283,2409762.8087365245
1790032500000,356.32,356.4465,356.0,356.1,1850441.3429438996
1790033400000,356.0,356.3462,356.0,356.19,1854392.795127093
1790034300000,356.1805,356.31,356.15,356.2,912855.3871051902
1790035200000,356.3,356.55,355.9,355.97,1941739.54
1790036100000,355.98,356.34,355.85,356.34,841353.32
1790037000000,356.3,356.33,355.95,356.14,706951.53
1790037900000,356.2,356.28,356.12,356.19,584529.99
1790038800000,356.2,356.33,356.09,356.31,1837480.98
1790039700000,356.29,356.82,356.27,356.78,1178323.44
1790040600000,356.7,357.02,356.5,356.99,2562519.03
1790041500000,356.95,357.3,356.89,357.24,2043896.71
1790042400000,357.23,357.53,357.23,357.5,1117734.33
1790043300000,357.5,357.63,357.42,357.6,1419401.46
1790044200000,357.57,357.57,357.37,357.5,1221511.89
1790045100000,357.5,357.64,357.47,357.64,1615980.19
1790046000000,357.56,357.6,357.31,357.35,789616.93
1790046900000,357.39,357.45,357.34,357.39,305234.32
1790047800000,357.34,357.45,357.27,357.39,680793.38
1790048700000,357.4,357.41,357.19,357.31,978302.09
1790049600000,357.31,357.33,356.97,357.22,2333772.72
1790050500000,357.21,357.6,357.2,357.54,1507929.93
1790051400000,357.56,357.7,357.52,357.61,1777013.94
1790052300000,357.6,357.6,357.31,357.55,1895477.2
1790053200000,357.55,357.55,356.86,356.99,3469306.29
1790054100000,356.86,356.95,356.7,356.75,2983066.41
1790055000000,356.76,357.17,356.76,357.17,797917.63
1790055900000,357.17,357.24,356.98,356.99,567764.45
1790056800000,356.99,356.99,356.52,356.57,953523.45
1790057700000,356.54,356.67,356.38,356.65,869815.75
1790058600000,356.77,356.81,356.69,356.76,707465.28
1790059500000,356.76,357.02,356.66,356.98,1254158.42
1790060400000,357.0,357.02,356.73,356.95,775878.88
1790061300000,356.97,357.26,356.96,357.23,802077.99
1790062200000,357.24,357.49,357.11,357.48,1135520.55
1790063100000,357.48,357.5,357.23,357.43,807618.04
1790064000000,357.22,357.7,354.97,357.38,44877613.449836746
1790064900000,357.36,357.6,356.83,356.9942,11572789.121745812
1790065800000,356.77,357.3666,356.2846,357.28,2594392.9486191766
1790066700000,357.4288,358.5906,357.22,358.3,7214459.147841376
1790067600000,358.26,358.49,357.9288,357.99,2409526.2373617976
1790068500000,357.99,358.26,357.895,358.1962,1186867.2257808356
1790069400000,358.19,358.6602,358.1242,358.59,3146111.688936592
1790070300000,358.52,359.12,358.4947,359.014,6427827.005293362
1790071200000,359.05,359.12,357.17,357.6162,10745010.55871575
1790072100000,357.4141,357.6688,356.6,357.4806,4527280.646621238
1790073000000,357.5,357.56,356.9807,357.46,1189718.6129845355
1790073900000,357.34,357.55,357.13,357.31,1468932.4069729073
1790074800000,357.25,357.41,356.75,356.801,5380769.706457686
1790075700000,356.8214,357.43,356.8,356.9865,2917911.9326054873
1790076600000,356.8506,357.2596,356.8506,356.9087,5833411.870182928
1790077500000,356.87,357.1588,356.45,356.59,2972290.913231675
1790078400000,356.59,356.84,356.22,356.3475,6396518.159459151
1790079300000,356.34,356.37,355.9,356.35,6736553.745891055
1790080200000,356.3088,356.5272,356.25,356.4585,5329351.735828419
1790081100000,356.4,356.8,356.25,356.3009,9450078.237050727
1790082000000,356.29,356.9168,356.0212,356.86,5786827.487283698
1790082900000,356.9,357.7437,356.4,357.39,14154550.148407225
1790083800000,357.905,361.9,357.153,361.72,684222848.7782
1790084700000,361.75,364.17,359.8135,360.24,638282940.1846
1790085600000,360.25,361.59,359.3401,361.12,607758479.3475
1790086500000,361.1,362.18,360.76,362.045,455281399.3022686
1790087400000,362.045,362.12,360.395,361.525,279024528.0851816
1790088300000,361.43,361.87,359.54,360.0,204766461.2012346
1790089200000,360.06,360.14,357.96,358.45,283865798.9374
1790090100000,358.5,358.65,357.72,357.737,162824776.3919
1790091000000,357.72,357.74,355.98,356.085,290214658.2551
1790091900000,356.085,356.27,355.13,355.37,210896432.0621527
1790092800000,355.39,355.4938,353.03,353.0473,288386921.7048
1790093700000,353.055,353.63,352.06,352.075,334025627.65466416
1790094600000,352.075,352.15,350.22,351.57,411015963.9859144
1790095500000,351.48,351.6,350.63,350.875,215962076.30971566
1790096400000,350.9,351.5,350.27,351.4,231787570.31817016
1790097300000,351.41,352.84,351.1911,352.45,286166337.1967481
1790098200000,352.37,352.46,351.205,351.83,140686780.71457183
1790099100000,351.79,353.79,351.65,353.52,201351450.76141468
1790100000000,353.53,353.87,352.8,352.94,108975298.662
1790100900000,352.96,353.28,352.8,352.86,110618259.27329305
1790101800000,352.825,353.805,352.7,353.5,116035760.822493
1790102700000,353.5297,353.62,352.2,352.43,146292503.5585954
1790103600000,352.46,352.59,351.88,352.41,158279254.4612846
1790104500000,352.43,353.33,352.41,353.27,153379838.0471809
1790105400000,353.27,353.67,352.4501,352.5,208409083.9252
1790106300000,352.53,352.57,350.93,351.16,771130468.974
1790107200000,351.086,351.56,351.02,351.4,280579292.441
1790108100000,351.4,351.5377,351.16,351.46,5134831.0252611255
1790109000000,351.4807,351.8,351.4,351.7,3111883.805175385
1790109900000,351.71,351.8,350.79,351.71,37922293.50071659
1790110800000,351.7,351.94,351.66,351.78,4631125.280863658
1790111700000,351.76,351.9012,351.6999,351.9,4440788.7153496165
1790112600000,351.9,352.42,351.83,352.17,7347507.134373128
1790113500000,352.1795,352.25,352.1,352.1699,44269946.33727773
1790114400000,352.1699,352.78,352.168,352.78,4707361.308891313
1790115300000,352.64,352.78,352.5601,352.62,2828840.2497370085
1790116200000,352.606,352.68,352.11,352.45,1915810.31388685
1790117100000,352.46,352.46,352.05,352.36,2825028.646130677
1790118000000,352.4,352.5699,352.33,352.33,2334486.472685496
1790118900000,352.45,352.5,352.33,352.4403,2255754.3459678204
1790119800000,352.45,352.45,352.0,352.163,3500376.490699992
1790120700000,352.11,352.37,351.55,351.9,2044521.1497347998
1790121600000,352.0,352.4,351.83,352.14,1686057.07
1790122500000,352.15,352.25,351.88,352.08,1436371.42
1790123400000,352.09,352.33,352.05,352.25,1161159.54
1790124300000,352.26,352.27,352.04,352.18,505355.62
1790125200000,352.18,352.3,352.15,352.3,641758.37
1790126100000,352.31,352.5,352.25,352.5,1182577.61
1790127000000,352.5,352.57,352.39,352.4,1143136.79
1790127900000,352.39,352.49,352.32,352.43,415810.42
1790128800000,352.43,352.49,352.17,352.35,1358302.71
1790129700000,352.35,352.45,352.21,352.4,553236.42
1790130600000,352.37,352.37,352.23,352.28,201174.04
1790131500000,352.31,352.33,352.25,352.31,383991.26
1790132400000,352.31,352.51,352.25,352.49,1110325.56
1790133300000,352.48,352.6,352.46,352.48,880298.88
1790134200000,352.54,352.73,352.47,352.61,580977.6
1790135100000,352.65,352.65,352.3,352.36,1892610.04
1790136000000,352.41,352.52,352.38,352.5,382039.91
1790136900000,352.5,352.8,352.49,352.6,731377.63
1790137800000,352.64,352.72,352.59,352.7,744420.11
1790138700000,352.74,352.8,352.64,352.68,499830.49
1790139600000,352.68,352.75,352.55,352.69,213352.43
1790140500000,352.69,352.69,352.45,352.56,494289.14
1790141400000,352.66,352.66,352.52,352.54,401577.54
1790142300000,352.58,352.72,352.55,352.59,493003.48
1790143200000,352.64,352.84,352.61,352.84,415938.76
1790144100000,352.83,352.87,352.67,352.82,765945.34
1790145000000,352.82,353.0,352.75,352.89,864556.21
1790145900000,352.89,352.89,352.67,352.67,1245736.09
1790146800000,352.69,352.77,352.37,352.42,1941248.96
1790147700000,352.43,352.69,352.33,352.64,452609.4
1790148600000,352.65,352.65,352.42,352.53,726908.97
1790149500000,352.5,352.56,352.3,352.4,866774.73
1790150400000,352.3675,353.19,351.16,352.577,24538672.39279638
1790151300000,352.72,352.9888,352.5757,352.9888,762013.9887661563
1790152200000,352.61,352.9888,352.36,352.46,2450720.2075845334
1790153100000,352.3788,352.72,352.3788,352.5834,666192.7477545307
1790154000000,352.5,352.6072,352.4345,352.47,1037017.636922464
1790154900000,352.4342,352.6,352.352,352.39,428524.21117491
1790155800000,352.39,352.51,352.16,352.24,1098322.0008518521
1790156700000,352.2477,352.68,352.2099,352.5,1059907.8334691257
1790157600000,352.57,352.97,352.4103,352.9365,1004851.1342487986
1790158500000,352.92,353.2188,352.8012,353.1488,1211895.3744564163
1790159400000,353.1272,353.1385,352.55,352.9911,1010645.9178650145
1790160300000,352.99,352.9927,352.71,352.77,879775.0124455945
1790161200000,352.87,352.9147,351.8,351.8,5432818.783284409
1790162100000,351.95,352.33,351.5,351.5,3657806.804767539
1790163000000,351.53,351.6,350.55,350.78,8676081.608482528
1790163900000,351.0,351.25,350.65,351.0,6002463.6939908145
1790164800000,351.09,351.3199,350.39,350.6494,3097466.461762755
1790165700000,350.69,350.9,350.22,350.5,4149940.063552136
1790166600000,350.5422,350.85,350.21,350.2991,8502003.658937493
1790167500000,350.2953,350.3799,348.83,349.9922,26629357.033677336
1790168400000,349.95,351.16,349.85,350.4,11040616.58145436
1790169300000,350.4699,350.8,349.2962,349.77,16169880.895731023
1790170200000,349.78,350.0,345.85,346.92,762050480.2881682
1790171100000,346.88,347.0,343.275,343.68,617322088.06
1790172000000,343.6275,343.77,341.38,341.495,813703107.3721
1790172900000,341.48,341.68,340.135,341.21,606720013.5116
1790173800000,341.28,342.03,341.04,341.88,397937312.22144073
1790174700000,341.87,342.75,341.45,342.66,441898257.3851756
1790175600000,342.68,342.73,341.29,341.545,345959053.8527718
1790176500000,341.52,341.855,340.78,341.02,326057631.7705242
1790177400000,341.015,341.1317,340.46,340.91,316370184.76904446
1790178300000,340.919,341.28,340.27,340.66,257641711.9446633
1790179200000,340.668,341.0,340.38,340.715,145668903.80890745
1790180100000,340.7001,340.8082,338.88,338.96,381927025.7632
1790181000000,338.96,339.4704,338.44,338.52,349068387.8129554
1790181900000,338.51,338.95,337.73,337.98,410158184.0118441
1790182800000,337.97,338.5666,337.78,337.9225,278449157.3935
1790183700000,337.89,338.5446,337.84,338.37,207317307.71483687
1790184600000,338.35,338.97,338.0,338.65,175735406.78129637
1790185500000,338.63,339.38,338.61,339.29,216033129.08436602
1790186400000,339.28,339.75,338.855,339.71,133133692.34839424
1790187300000,339.72,339.93,339.5,339.795,131510729.11835288
1790188200000,339.76,339.76,338.87,339.37,183417183.6664219
1790189100000,339.38,339.635,339.01,339.08,124547523.20454036
1790190000000,339.08,339.59,339.01,339.195,127173758.7256
1790190900000,339.2046,339.3599,338.9,339.03,207851733.26392066
1790191800000,339.045,339.47,337.82,338.11,328497918.12052995
1790192700000,338.11,338.25,337.45,337.83,1248010440.3987
1790193600000,337.86,338.3004,337.8142,338.24,2149566304.8143873
1790194500000,338.16,338.2996,337.83,338.28,92097709.2203
1790195400000,338.29,338.79,338.2865,338.6994,21853606.463519007
1790196300000,338.69,338.7,338.54,338.65,5158980.600633784
1790197200000,338.61,338.66,338.55,338.55,4297070.25495216
1790198100000,338.52,338.69,338.1597,338.69,19026683.65555415
1790199000000,338.6377,338.9,338.6,338.89,6884188.584422693
1790199900000,338.89,339.28,338.739,338.79,7170013.891218862
1790200800000,338.7877,339.17,338.763,339.11,5880942.437386267
1790201700000,339.11,339.28,338.9025,339.0,5660232.333792645
1790202600000,338.9985,339.19,338.98,339.16,4845245.112588858
1790203500000,339.16,339.19,339.03,339.08,3453554.401645856
1790204400000,339.03,339.35,339.01,339.1396,3550735.171793812
1790205300000,339.1368,339.16,338.9,339.0,2868536.2683908683
1790206200000,339.0,339.1,338.8,338.95,2834237.57356605
1790207100000,338.94,339.15,338.8025,339.0482,4080171.1302091707
1790208000000,339.19,339.32,338.84,338.84,1937727.76
1790208900000,338.93,339.12,338.86,339.01,1226369.31
1790209800000,339.02,339.13,338.86,338.97,827461.92
1790210700000,338.96,339.1,338.74,338.89,2976163.52
1790211600000,338.94,339.1,338.89,339.1,1167487.92
1790212500000,339.1,339.1,338.86,338.93,1372525.59
1790213400000,338.93,339.26,338.93,339.21,1162232.23
1790214300000,339.2,339.22,338.96,339.15,910881.29
1790215200000,339.18,339.27,339.09,339.18,798775.17
1790216100000,339.22,342.64,339.15,341.95,29919612.46
1790217000000,341.93,342.62,341.74,341.8,10492181.97
1790217900000,341.82,342.1,341.24,341.64,5380661.55
1790218800000,341.61,341.74,340.75,341.06,4958575.88
1790219700000,341.11,341.21,340.68,340.7,1099262.22
1790220600000,340.69,340.74,340.11,340.12,2088402.05
1790221500000,340.11,340.58,340.09,340.42,2363027.83
1790222400000,340.48,340.48,339.58,339.64,2455076.57
1790223300000,339.65,340.1,339.54,340.07,1191951.99
1790224200000,340.1,340.65,340.03,340.26,2115247.6
1790225100000,340.26,340.6,340.21,340.55,1109355.25
1790226000000,340.64,340.67,339.93,339.98,2610479.76
1790226900000,339.99,340.02,339.39,339.57,3256849.01
1790227800000,339.52,339.61,339.1,339.31,4948062.38
1790228700000,339.3,339.35,338.7,338.7,3654347.08
1790229600000,338.77,339.05,338.47,338.97,2743327.65
1790230500000,339.0,339.01,338.73,338.84,1818684.35
1790231400000,338.83,338.84,338.47,338.8,1961613.98
1790232300000,338.81,338.88,338.59,338.6,1374314.87
1790233200000,338.61,338.88,338.23,338.88,3147769.49
1790234100000,338.84,338.87,338.37,338.57,1186230.16
1790235000000,338.61,339.32,338.6,339.05,2079669.44
1790235900000,339.04,339.08,338.22,338.22,4255292.38
1790236800000,338.69,341.32,337.6417,337.74,76165542.85522886
1790237700000,337.8199,338.3907,337.6242,337.68,5583510.656473815
1790238600000,337.7,338.1085,336.4,336.97,14692884.602707302
1790239500000,336.97,337.14,336.09,336.46,11530471.720088258
1790240400000,336.61,337.1,336.46,336.78,5114576.020811545
1790241300000,336.78,336.95,335.9,336.0982,11801470.667513223
1790242200000,336.1,336.64,335.93,336.0,3689499.9636643617
1790243100000,335.93,336.64,335.54,336.628,5086082.504847458
1790244000000,336.63,336.9948,336.45,336.9025,3206374.453964936
1790244900000,336.9948,337.37,336.72,336.9527,6444352.883226591
1790245800000,336.9288,337.4488,336.6441,337.32,2394720.023593197
1790246700000,337.44,337.44,337.0,337.16,3115365.027531916
1790247600000,337.17,337.83,336.1,336.55,10923095.97665597
1790248500000,336.56,336.88,335.38,335.78,8837404.106492626
1790249400000,335.7902,335.92,335.07,335.5,8766268.406912567
1790250300000,335.5798,335.9,335.2,335.78,10288238.22461801
1790251200000,335.87,335.87,335.38,335.82,4456489.062186163
1790252100000,335.8688,336.45,335.5162,336.0,10096100.751291843
1790253000000,336.0,336.68,335.7089,336.68,10554433.696471179
1790253900000,336.7001,337.38,336.5578,337.3458,14573604.25295912
1790254800000,337.3,338.68,337.3,338.14,22573714.9129432
1790255700000,338.1432,338.35,336.05,336.15,52106192.85976355
1790256600000,336.235,339.57,336.0201,337.51,860868073.5149
1790257500000,337.475,338.5,337.19,337.73,264165019.3484145
1790258400000,337.7,339.8,337.665,338.61,369032021.3462
1790259300000,338.6,339.74,338.29,339.28,300596839.4765
1790260200000,339.27,339.5292,338.28,338.31,208738894.4243
1790261100000,338.32,340.28,338.25,338.99,241471982.3478615
1790262000000,339.0,339.09,337.35,337.545,244257156.3686
1790262900000,337.54,339.1299,337.44,338.23,163537451.0744
1790263800000,338.18,338.94,337.74,338.37,138148812.8598
1790264700000,338.365,339.3299,337.71,339.24,283709089.9854334
1790265600000,339.24,340.3,338.935,340.245,168361583.0494695
1790266500000,340.31,342.11,340.2,340.91,335043885.2486
1790267400000,340.875,342.3,340.57,341.68,240819989.7178956
1790268300000,341.67,343.09,341.4051,342.59,300230858.9673961
1790269200000,342.5,342.86,342.02,342.77,174497064.5094
1790270100000,342.79,342.79,340.94,341.47,130093931.29894018
1790271000000,341.49,341.64,340.905,341.09,128576254.99678302
1790271900000,341.07,341.6,340.92,341.5608,73634748.32587302
1790272800000,341.53,342.44,341.23,342.3105,110355865.7021
1790273700000,342.35,342.66,341.77,341.79,135455966.76767054
1790274600000,341.8,342.535,341.7,342.24,111047017.26582696
1790275500000,342.225,342.56,341.7,341.7284,134229875.5762
1790276400000,341.71,341.87,340.99,341.525,232067666.4712
1790277300000,341.525,342.09,341.495,342.05,149173878.13421005
1790278200000,342.05,342.24,341.65,342.07,168507776.87923744
1790279100000,342.065,343.02,341.69,342.36,730029952.1763936
1790280000000,342.385,342.664,341.97,342.0005,1450484138.9321117
1790280900000,342.06,342.36,340.91,341.25,17709078.81429829
1790281800000,341.38,341.74,341.33,341.67,2517123.4295502426
1790282700000,341.6916,342.15,341.69,341.99,33839109.846834205
1790283600000,342.15,342.18,341.0417,341.88,754517.710982625
1790284500000,342.0,342.0,341.0417,341.8,668253.742559858
1790285400000,341.77,341.89,341.67,341.8788,341034.16203093575
1790286300000,341.89,342.0,341.5125,341.594,57352421.474665
1790287200000,341.55,341.97,341.34,341.696,1884409.0056799944
1790288100000,341.5077,341.8087,341.32,341.5,1528488.363809482
1790289000000,341.39,341.6988,341.3512,341.67,464438.566822855
1790289900000,341.67,341.7,341.43,341.4562,1143378.6929409648
1790290800000,341.54,341.7,341.4245,341.59,1380979.9800832323
1790291700000,341.5471,341.8937,341.5,341.73,682186.3900522001
1790292600000,341.6562,341.91,341.566,341.65,461021.046203249
1790293500000,341.52,341.65,341.202,341.3768,1717538.3331459428
1790294400000,341.56,341.86,341.49,341.53,545353.48
1790295300000,341.65,341.92,341.45,341.89,1985296.29
1790296200000,341.77,341.85,341.45,341.65,728042.62
1790297100000,341.65,341.72,341.5,341.72,374049.69
1790298000000,341.67,342.29,341.6,342.22,801126.29
1790298900000,342.22,342.34,342.01,342.22,2216005.33
1790299800000,342.2,342.48,342.0,342.46,1754355.19
1790300700000,342.45,342.45,342.16,342.3,368638.37
1790301600000,342.3,342.5,342.25,342.33,672858.17
1790302500000,342.36,342.63,342.33,342.4,1221100.13
1790303400000,342.4,342.4,342.18,342.25,841315.05
1790304300000,342.32,342.39,342.11,342.39,682469.36
1790305200000,342.4,342.68,342.4,342.58,592300.66
1790306100000,342.58,342.89,342.58,342.84,798621.54
1790307000000,342.87,342.88,342.59,342.59,443578.41
1790307900000,342.67,342.71,342.57,342.7,152478.05
1790308800000,342.65,342.67,342.22,342.37,656175.42
1790309700000,342.4,342.51,342.33,342.45,148262.33
1790310600000,342.57,342.87,342.57,342.69,415776.71
1790311500000,342.7,342.8,342.59,342.66,647685.53
1790312400000,342.65,342.86,342.59,342.76,678575.51
1790313300000,342.85,342.87,342.73,342.81,207395.75
1790314200000,342.88,343.06,342.81,342.93,874879.54
1790315100000,342.95,342.98,342.83,342.93,1100086.97
1790316000000,342.94,343.29,342.94,343.13,686990.01
1790316900000,343.13,343.24,342.98,342.98,780593.78
1790317800000,343.07,343.39,343.07,343.33,1310934.68
1790318700000,343.28,343.33,343.16,343.17,568056.99
1790319600000,343.17,343.25,342.8,342.85,1057086.79
1790320500000,342.92,342.97,342.48,342.57,1774409.25
1790321400000,342.68,342.68,342.2,342.27,1776845.95
1790322300000,342.41,342.68,342.24,342.3,548876.9
1790323200000,342.49,343.4,341.97,342.32,9887736.9901
1790324100000,342.32,342.87,342.17,342.82,2148996.908258915
1790325000000,342.77,343.3717,342.6382,343.15,1960625.6320278754
1790325900000,343.18,343.41,342.8087,343.4085,1924948.2363028922
1790326800000,343.23,343.78,343.22,343.6852,2796694.3770111552
1790327700000,343.4975,343.99,343.4,343.92,1747127.933321148
1790328600000,343.8656,344.05,343.8437,343.9088,4553553.654488173
1790329500000,343.8612,344.0,343.6003,343.9532,3120411.1312452494
1790330400000,343.8,343.939,343.4389,343.7788,8452059.216429465
1790331300000,343.768,343.8865,343.47,343.4974,6039729.8284
1790332200000,343.59,343.6,343.3025,343.44,1213584.466123525
1790333100000,343.44,343.48,343.3,343.36,1151949.0154006237
1790334000000,343.38,343.55,342.8,343.4548,7197159.994894276
1790334900000,343.49,343.6692,343.227,343.5588,8991579.842919918
1790335800000,343.5,343.98,343.4,343.49,3849209.398628535
1790336700000,343.4,343.95,343.39,343.53,3079202.1098448643
1790337600000,343.5273,344.33,343.43,344.14,8377396.5544495685
1790338500000,344.05,344.23,343.7,343.8,51399839.282871336
1790339400000,343.8137,343.9,343.0,343.18,6645407.598204331
1790340300000,343.07,343.42,342.77,343.2242,4396913.9583133925
1790341200000,343.2242,343.4,342.79,343.018,4344439.42846368
1790342100000,343.01,343.1699,341.16,342.0482,9096482.168385832
1790343000000,342.41,347.03,342.0,344.05,551884053.943
1790343900000,344.06,344.97,343.5001,343.79,252609766.65249583
1790344800000,343.79,344.01,341.6501,341.73,245073140.1957
1790345700000,341.745,342.77,341.11,342.49,224637067.3647
1790346600000,342.49,343.0,342.1012,342.755,177706640.1225
1790347500000,342.775,344.07,342.23,343.17,135004430.0809
1790348400000,343.19,343.94,343.0287,343.53,129770727.1084318
1790349300000,343.52,344.085,342.96,343.92,104171133.26259415
1790350200000,343.93,344.86,343.73,343.98,180534385.7646
1790351100000,343.85,344.65,343.1901,344.595,133681233.28062293
1790352000000,344.595,345.56,344.44,345.415,133772383.0594
1790352900000,345.45,345.45,343.905,344.69,90773180.0574143
1790353800000,344.74,344.76,343.545,343.91,103219636.0941097
1790354700000,343.9125,344.01,343.39,343.6595,75039339.13787995
1790355600000,343.64,344.02,343.5401,343.905,63324871.56676968
1790356500000,343.92,344.71,343.67,344.68,281492975.3637003
1790357400000,344.69,344.69,344.01,344.07,234229145.00815028
1790358300000,344.08,344.22,343.8164,344.22,51403243.75699675
1790359200000,344.24,344.9399,343.99,344.28,135701071.0383901
1790360100000,344.285,344.33,343.375,343.85,83658064.27271701
1790361000000,343.865,344.32,343.65,344.26,117166943.85386902
1790361900000,344.295,344.355,343.93,344.11,71366439.16930312
1790362800000,344.11,344.63,343.92,344.39,90986764.07269384
1790363700000,344.344,344.4596,343.7,343.78,113387443.9084622
1790364600000,343.785,344.07,343.22,343.92,171871721.3250072
1790365500000,343.92,344.31,343.47,343.92,568755451.3960558
1790366400000,343.85,344.0901,343.63,343.8,1620480710.71241
1790367300000,343.92,343.9962,343.7,343.7,1926484.238887031
1790368200000,343.88,344.2847,343.7,344.08,3715616.71242035
1790369100000,344.13,344.3427,343.5892,344.27,1983681.16353108
1790370000000,344.27,344.32,344.06,344.0701,1079863.3468864092
1790370900000,344.07,344.5,342.02,344.35,187009508.75220546
1790371800000,344.34,344.4319,343.1,344.3036,3402110.43267725
1790372700000,344.29,344.45,344.08,344.29,6276830.519981481
1790373600000,344.34,344.35,344.08,344.2174,1598911.036101491
1790374500000,344.08,344.32,344.08,344.152,588364.537608272
1790375400000,344.2583,344.3255,344.08,344.29,516495.547401351
1790376300000,344.28,344.34,344.16,344.1603,1042955.4630639136
1790377200000,344.1795,344.18,344.0712,344.1285,1921469.378216897
1790378100000,344.1262,344.19,344.0217,344.0988,1508479.784338302
1790379000000,344.2737,344.2737,344.09,344.092,590969.6692855539
1790379900000,344.0912,344.27,344.0,344.0,1657055.208133444
1790382600000,344.03,344.13,343.81,343.81,6624.595842
1790384400000,343.74,343.74,343.57,343.57,2758.669852
1790385300000,343.55,343.55,343.48,343.48,1089.095508
1790387100000,343.46,343.46,343.46,343.46,97.473948
1790388000000,343.41,343.41,343.41,343.41,521.880177
1790388900000,343.44,343.44,343.44,343.44,5838.48
1790397000000,343.36,343.36,343.36,343.36,35.572096
1790397900000,343.39,343.39,343.39,343.39,398.3324
1790400600000,343.55,343.55,343.55,343.55,19.99461
1790401500000,343.28,343.28,343.27,343.27,343.270582
1790402400000,343.33,343.33,343.33,343.33,11.020893
1790403300000,343.33,343.33,343.32,343.32,93.623625
1790405100000,343.26,343.26,343.26,343.26,687.515454
1790409600000,343.55,343.59,343.27,343.27,3436.80482
1790410500000,343.27,343.6,343.25,343.25,623.69894
1790411400000,343.19,343.19,343.18,343.18,556.064542
1790420400000,343.25,343.25,343.17,343.17,29190.049443
1790423100000,343.11,343.11,343.11,343.11,20.449356
1790424000000,343.38,343.38,343.38,343.38,52.605816
1790425800000,343.09,343.09,343.09,343.09,26.280694
1790427600000,343.09,343.25,343.09,343.25,686.382256
1790429400000,343.25,343.25,343.25,343.25,20.011475
1790431200000,343.21,343.21,343.21,343.21,96.888183
1790432100000,343.21,343.22,343.21,343.21,422.429815
1790433000000,343.21,343.21,343.2,343.2,73.960299
1790434800000,343.09,343.09,342.74,343.05,1903.899994
1790435700000,343.03,343.1,342.66,342.66,3005.598142
1790436600000,343.09,343.09,343.09,343.09,100.250898
1790437500000,343.18,343.18,343.18,343.18,920.992166
1790438400000,343.18,343.18,343.18,343.18,23.988282
1790441100000,343.18,343.18,343.18,343.18,34.970042
1790443800000,343.18,343.18,343.18,343.18,19.973076
1790445600000,343.18,343.18,343.03,343.03,532.479372
1790450100000,343.01,343.01,343.01,343.01,2270.177384
1790451900000,343.18,343.18,343.18,343.18,19.973076
1790452800000,343.18,343.18,343.18,343.18,19.973076
1790457300000,342.98,342.98,342.98,342.98,4347.511586
1790458200000,342.96,342.96,342.96,342.96,342.78852
1790465400000,342.91,342.91,342.91,342.91,1816.908635
1790467200000,343.17,343.17,343.17,343.17,29.993058
1790473500000,342.77,342.77,342.77,342.77,14.979049
1790474400000,342.76,342.76,342.76,342.76,39.451676
1790475300000,342.71,342.71,342.7,342.7,62.988697
1790484300000,342.77,342.77,342.77,342.77,421.744208
1790485200000,342.87,343.16,342.77,342.77,1037.455448
1790487000000,342.97,342.97,342.97,342.97,19.995151
1790488800000,342.77,343.07,342.77,343.07,235.882353
1790492400000,343.17,343.17,343.17,343.17,58.819338
1790496000000,343.17,343.17,343.17,343.17,110.946861
1790496900000,343.17,343.17,343.17,343.17,96.533721
1790497800000,343.17,343.21,343.17,343.21,10680.003369
1790499600000,343.21,343.22,343.21,343.22,4498.172138
1790500500000,343.22,343.62,343.22,343.62,30151.460614
1790501400000,344.0,344.0,344.0,344.0,499.9696
1790504100000,344.0,344.13,344.0,344.13,13039.0232
1790505000000,344.14,344.14,344.14,344.14,99.97267
1790507700000,344.16,344.16,343.88,343.88,2678.112974
1790508600000,343.89,343.89,343.55,343.55,4118.965845
1790509500000,343.55,343.55,343.47,343.47,988.605487
1790511300000,344.11,344.12,344.11,344.12,508.538436
1790512200000,343.37,343.37,343.37,343.37,23.34916
1790515800000,344.11,344.12,344.11,344.12,65.071342
1790519400000,344.11,344.12,344.11,344.12,73.950173
1790520300000,343.41,343.41,343.29,343.29,1111.050361
1790521200000,343.24,343.24,342.94,342.94,43023.032608
1790522100000,342.94,342.94,342.91,342.91,1160.951145
1790523000000,342.91,343.19,342.91,343.19,68.675054
1790523900000,343.19,343.19,343.18,343.19,119.909186
1790525700000,342.92,342.92,342.91,342.91,706.600783
1790526600000,343.18,343.18,343.18,343.18,24.0226
1790528400000,343.19,343.19,343.19,343.19,12.800987
1790530200000,343.19,343.19,343.19,343.19,19.973658
1790531100000,343.19,343.2,343.19,343.2,9999.973484
1790532000000,343.2,343.21,343.2,343.21,69.97995
1790533800000,343.21,343.21,343.21,343.21,1390.0005
1790535600000,343.21,343.21,343.21,343.21,3332.672063
1790536500000,343.21,343.32,343.21,343.32,2521.131358
1790537400000,343.32,343.34,343.32,343.34,4080.693532
1790538300000,343.34,343.4,343.34,343.4,3046.525418
1790539200000,343.4,343.4,343.4,343.4,2009.30208
1790542800000,343.4,343.4,343.4,343.4,72.4574
1790549100000,343.19,343.19,343.19,343.19,44.992209
1790550000000,343.31,343.32,343.31,343.32,23.997413
1790550900000,343.19,343.21,342.99,343.11,1159.915687
1790551800000,343.22,343.22,343.22,343.22,19.975404
1790552700000,342.95,343.03,342.81,342.81,2251.93982
1790553600000,343.34,343.8,343.03,343.68,2694503.98
1790554500000,343.72,343.81,343.2,343.2,1420514.25
1790555400000,343.2,343.42,342.79,343.0,2818926.3
1790556300000,343.08,343.61,342.96,342.99,729683.73
1790557200000,342.98,343.17,342.48,343.0,1768286.2
1790558100000,342.95,343.05,342.84,342.84,769612.65
1790559000000,342.85,343.26,342.83,342.95,1262028.6
1790559900000,342.9,342.93,342.12,342.28,2355522.01
1790560800000,342.26,342.27,341.87,342.01,1127357.91
1790561700000,341.98,342.02,341.83,341.92,1275890.26
1790562600000,341.96,342.11,341.85,342.08,885028.24
1790563500000,342.04,342.08,341.84,341.85,1234782.02
1790564400000,341.87,342.18,341.83,342.18,1362986.16
1790565300000,342.18,342.18,342.04,342.05,535053.92
1790566200000,342.04,342.04,341.69,341.71,1875914.88
1790567100000,341.75,341.99,341.69,341.79,751290.81
1790568000000,341.8,341.8,341.47,341.78,972592.47
1790568900000,341.79,342.09,341.7,342.08,416789.33
1790569800000,342.09,342.28,342.03,342.22,237457.45
1790570700000,342.22,342.3,342.12,342.14,478770.41
1790571600000,342.23,342.29,341.72,341.82,700498.28
1790572500000,341.82,341.89,341.73,341.79,209195.32
1790573400000,341.81,341.81,341.18,341.25,1335385.61
1790574300000,341.25,341.82,341.25,341.77,577057.4
1790575200000,341.77,342.1,341.53,341.77,863232.67
1790576100000,341.74,341.78,341.38,341.51,940106.99
1790577000000,341.49,341.75,341.4,341.66,396554.74
1790577900000,341.66,341.8,341.65,341.73,395357.57
1790578800000,341.73,341.75,341.58,341.59,440075.93
1790579700000,341.6,341.67,341.44,341.53,965317.71
1790580600000,341.55,341.65,341.43,341.5,461035.39
1790581500000,341.54,341.9,341.53,341.66,537876.78
1790582400000,341.5352,342.5188,340.8,341.3,24569781.485638466
1790583300000,341.5,341.8895,341.2,341.4581,655635.5515608541
1790584200000,341.45,341.8588,341.21,341.38,652983.4510083672
1790585100000,341.38,341.5988,340.75,340.85,2282038.2771211346
1790586000000,340.97,340.98,340.18,340.33,1642619.4308992128
1790586900000,340.69,340.9788,340.2045,340.9276,1471811.954204699
1790587800000,340.83,340.98,340.5,340.9767,1487177.3741432307
1790588700000,340.98,340.98,340.588,340.8433,2983183.619097292
1790589600000,340.8325,341.1945,340.0,340.26,1567050.4835827148
1790590500000,340.2,340.9788,340.0,340.57,3968489.9757549153
1790591400000,340.52,340.9488,340.52,340.56,751291.2619444592
1790592300000,340.62,341.43,340.62,341.06,3327386.478454141
1790593200000,341.09,341.2,340.13,340.5,5484711.280070488
1790594100000,340.51,340.63,340.0,340.39,4766733.901512603
1790595000000,340.37,340.64,340.22,340.55,4903110.033530845
1790595900000,340.55,340.5518,340.06,340.3767,13772594.788068717
1790596800000,340.38,341.37,340.15,341.2327,8512853.460930247
1790597700000,341.33,341.6788,340.71,340.9,5867800.862149412
1790598600000,340.9,341.2,340.52,341.1958,32327023.55820973
1790599500000,341.23,341.3,340.91,341.15,3755554.92082315
1790600400000,341.0847,341.52,340.55,341.42,51615049.077066846
1790601300000,341.4114,341.87,340.41,341.0,14825893.432990117
1790602200000,340.7,343.59,340.2701,343.005,510060810.2928954
1790603100000,342.9,343.18,341.79,341.9,239081652.7948
1790604000000,341.885,341.9,339.92,340.03,289504223.6283
1790604900000,340.03,341.69,339.56,341.2284,245903859.0198
1790605800000,341.205,341.8,340.94,341.025,176040764.22461277
1790606700000,341.0,341.21,340.06,340.165,171939983.9331629
1790607600000,340.165,341.515,340.14,341.0,246129548.53719214
1790608500000,341.02,341.2125,340.22,340.66,266251602.3436
1790609400000,340.675,340.8401,339.73,339.85,121441154.36182936
1790610300000,339.8434,340.825,339.68,340.73,141085074.96847025
1790611200000,340.72,340.8272,340.05,340.16,50039469.3869
1790612100000,340.16,341.69,339.881,341.0001,157851510.36500546
1790613000000,341.02,341.24,340.21,340.25,79356928.17305301
1790613900000,340.2584,341.115,340.195,340.955,52522817.34993623
1790614800000,340.96,342.5399,340.5701,342.46,81416276.39969225
1790615700000,342.485,342.56,341.48,341.78,113613008.98814976
1790616600000,341.83,342.8,341.83,342.69,77255994.49640203
1790617500000,342.64,342.9,342.37,342.46,73062244.29581174
1790618400000,342.48,342.9599,342.42,342.4799,114111323.59039122
1790619300000,342.47,342.625,342.1,342.25,94090208.38123393
1790620200000,342.24,342.87,341.9001,342.85,107362073.09748657
1790621100000,342.82,342.91,342.32,342.52,78825747.13280095
1790622000000,342.5,342.5,341.63,341.86,93663292.8194908
1790622900000,341.84,342.1,341.46,341.93,141396519.35174772
1790623800000,341.94,342.25,341.72,342.03,122470188.19666785
1790624700000,342.03,342.83,342.0,342.75,418876606.6869
1790625600000,342.79,343.03,342.3022,342.6913,1876969567.4525313
1790626500000,342.75,342.75,342.5,342.5842,6027221.960714376
1790627400000,342.5842,342.7,342.25,342.377,1094528.6277102348
1790628300000,342.6,342.6,342.09,342.31,408157.7696405392
1790629200000,342.5,342.7,342.31,342.66,4517553.421456808
1790630100000,342.6,342.66,342.2,342.28,6240488.68710156
1790631000000,342.4524,342.62,342.2,342.437,639636.3384897185
1790631900000,342.32,342.617,342.32,342.49,3585763.397234355
1790632800000,342.49,342.7,342.33,342.669,20793551.454498358
1790633700000,342.5,342.7,342.33,342.52,371060.0374966912
1790634600000,342.5,342.7,342.34,342.34,192165.267792577
1790635500000,342.371,342.7,342.306,342.64,1133198.184419015
1790636400000,342.53,342.7,342.25,342.5665,510561.91991884005
1790637300000,342.6197,342.62,342.22,342.46,517046.4516688319
1790638200000,342.26,342.62,342.26,342.53,648726.8659997135
1790639100000,342.5,342.523,342.2,342.3588,1041950.006845928
1790640000000,342.4,342.82,342.15,342.62,1842791.73
1790640900000,342.62,342.88,342.21,342.39,4958806.11
1790641800000,342.48,342.64,342.3,342.61,249376.67
1790642700000,342.61,342.61,342.16,342.21,504972.07
1790643600000,342.2,342.44,342.2,342.2,230739.87
1790644500000,342.2,342.32,341.92,342.32,746955.9
1790645400000,342.37,342.49,342.27,342.39,217387.52
1790646300000,342.38,342.43,342.11,342.4,778444.89
1790647200000,342.43,342.54,342.3,342.49,593041.95
1790648100000,342.49,342.65,342.45,342.46,426134.62
1790649000000,342.5,342.53,342.24,342.25,539876.1
1790649900000,342.28,342.28,341.93,342.08,327992.71
1790650800000,342.08,342.15,341.7,341.7,323732.61
1790651700000,341.73,342.12,341.7,342.11,685329.97
1790652600000,342.07,342.17,342.0,342.16,77657.44
1790653500000,342.19,342.21,341.71,341.87,571810.92
1790654400000,341.94,341.97,341.85,341.91,276255.2
1790655300000,341.93,341.95,341.84,341.84,289578.23
1790656200000,341.84,341.88,341.75,341.85,144932.82
1790657100000,341.79,341.9,341.65,341.87,142184.75
1790658000000,341.86,342.0,341.69,341.89,449582.61
1790658900000,341.88,341.99,341.68,341.75,413593.72
1790659800000,341.69,341.69,341.0,341.3,2483230.34
1790660700000,341.27,341.56,341.2,341.56,188128.33
1790661600000,341.6,342.38,341.6,342.38,1231384.35
1790662500000,342.37,342.42,342.13,342.38,1140088.07
1790663400000,342.38,342.79,342.38,342.7,813380.23
1790664300000,342.73,342.74,342.18,342.2,1492865.18
1790665200000,342.2,342.57,342.03,342.36,494527.03
1790666100000,342.38,342.49,342.13,342.3,342978.49
1790667000000,342.29,342.58,342.29,342.39,447282.2
1790667900000,342.39,342.44,341.94,342.17,494591.41
1790668800000,342.27,342.825,341.0,341.7168,7348471.503581508
1790669700000,341.71,341.99,341.55,341.99,1607677.2827757825
1790670600000,342.07,342.3935,341.8012,342.39,1047680.8275924909
1790671500000,342.1503,342.4849,342.0578,342.19,1568427.2956885505
1790672400000,342.18,342.4702,341.9,341.9965,2195459.5445189443
1790673300000,341.9765,342.02,341.606,341.9222,1155077.5947904366
1790674200000,341.87,342.02,341.6085,342.02,1276317.247570272
1790675100000,342.0,342.28,341.66,341.8027,1619004.40346668
1790676000000,342.03,342.274,341.63,342.0104,1288141.5003129977
1790676900000,342.01,342.2,341.8777,342.1957,1498730.0687714815
1790677800000,342.2,342.5,342.0,342.4122,2054427.456202793
1790678700000,342.3,342.5388,342.2,342.4788,1284175.5400019754
1790679600000,342.45,342.57,342.22,342.341,3126807.873426752
1790680500000,342.3834,342.68,342.2768,342.5,1595295.998126356
1790681400000,342.5,343.1322,342.46,342.7855,4347983.814506943
1790682300000,342.7915,343.47,342.766,343.2057,3909795.524221163
1790683200000,343.25,343.6,343.16,343.41,2642753.1854918175
1790684100000,343.43,343.6137,342.73,343.07,4535383.74613565
1790685000000,343.0359,343.1337,342.52,342.52,3458016.410657385
1790685900000,342.5312,342.72,342.2,342.25,4793689.521466928
1790686800000,342.25,342.56,341.94,341.95,3711042.84213478
1790687700000,341.9943,342.75,341.49,341.99,9993767.98139777
1790688600000,341.95,342.84,340.22,340.995,438714654.5246697
1790689500000,340.995,341.13,339.4401,339.79,411470284.0507097
1790690400000,339.735,340.57,339.5,339.605,227424881.9155297
1790691300000,339.58,339.64,338.02,338.76,368632267.05613357
1790692200000,338.73,339.39,338.69,339.16,184983330.55460453
1790693100000,339.14,340.01,339.0,339.095,199596866.8898104
1790694000000,339.095,339.2895,338.51,339.11,166156050.6641
1790694900000,339.1,339.32,338.7,338.86,132118202.2318035
1790695800000,338.865,339.39,338.5,338.64,230539376.71786115
1790696700000,338.625,339.0,338.34,338.53,176384459.25461248
1790697600000,338.5,338.975,338.24,338.735,85990431.32839927
1790698500000,338.715,339.69,338.67,339.555,77957460.39429903
1790699400000,339.555,339.61,338.79,339.01,95243543.39607267
1790700300000,339.01,339.73,338.87,339.61,119688478.27478945
1790701200000,339.62,339.7188,339.21,339.455,109800717.8688
1790702100000,339.5,339.54,338.765,339.1,120030209.11451069
1790703000000,339.18,339.61,338.7,339.02,124972050.09990834
1790703900000,339.06,339.155,338.3001,338.46,215373603.44995612
1790704800000,338.5,339.96,338.44,339.3,139999113.63040045
1790705700000,339.3,340.3,339.25,340.2,136110095.1721863
1790706600000,340.21,340.89,339.94,340.43,86135243.78144261
1790707500000,340.43,340.97,339.93,340.855,85316520.16191809
1790708400000,340.87,341.3296,340.3701,340.525,134336839.509
1790709300000,340.52,340.88,340.27,340.78,158863630.0886531
1790710200000,340.77,341.26,340.55,341.06,254469281.3231
1790711100000,341.1,342.04,340.67,340.92,722486107.5964566
1790712000000,341.0,341.01,340.72,340.86,1316205394.9887774
1790712900000,340.9,341.17,340.4883,340.82,174812234.6960942
1790713800000,341.0,341.35,340.8652,341.1897,1829167.9960364338
1790714700000,341.15,341.2,341.0,341.18,2756500.690534489
1790715600000,341.18,341.27,341.12,341.27,1015558.6258925971
1790716500000,341.27,341.5,341.1812,341.26,32481098.8038874
1790717400000,341.2592,341.27,341.12,341.25,724239.0907084394
1790718300000,341.19,341.27,341.12,341.1987,105088476.8185126
1790719200000,341.12,341.7,341.0147,341.61,1570478.1736751467
1790720100000,341.61,341.71,341.32,341.61,1066053.997178736
1790721000000,341.61,341.81,341.11,341.5744,4069161.396027994
1790721900000,341.4892,341.59,341.01,341.24,1599657.1947781122
1790722800000,341.24,341.44,341.0875,341.29,430883.5462312245
1790723700000,341.16,341.29,341.0,341.1195,536710.6531932402
1790724600000,341.0,341.51,341.0,341.35,1026785.0006774751
1790725500000,341.4,341.56,341.09,341.48,5836698.457771549
1790726400000,341.43,341.58,341.19,341.3,540101.21
1790727300000,341.31,341.38,341.1,341.13,325507.73
1790728200000,341.13,341.32,341.1,341.19,419325.12
1790729100000,341.17,341.18,340.92,341.14,1604333.09
1790730000000,341.13,341.14,340.99,341.08,465914.01
1790730900000,341.09,341.18,340.97,340.97,567587.47
1790731800000,340.99,341.24,340.97,341.16,765839.22
1790732700000,341.15,341.16,341.09,341.11,494622.68
1790733600000,341.08,341.1,340.81,340.92,1564874.26
1790734500000,340.92,341.09,340.9,340.99,391419.44
1790735400000,340.96,340.97,340.51,340.72,714413.66
1790736300000,340.75,340.97,340.75,340.76,396483.04
1790737200000,340.76,340.97,340.72,340.9,480282.82
1790738100000,340.93,340.99,340.84,340.99,273416.51
1790739000000,340.99,341.23,340.98,341.19,576191.23
1790739900000,341.21,341.29,341.18,341.25,420413.61
1790740800000,341.24,341.26,341.12,341.21,144666.34
1790741700000,341.25,341.29,341.23,341.24,271637.9
1790742600000,341.24,341.27,341.18,341.24,221801.91
1790743500000,341.24,341.26,341.06,341.16,326474.22
1790744400000,341.15,341.2,340.77,340.8,431620.06
1790745300000,340.77,340.9,340.55,340.84,658877.9
1790746200000,340.78,341.28,340.78,341.25,1373648.23
1790747100000,341.2,341.25,340.81,341.22,688781.57
1790748000000,341.09,341.22,340.91,341.03,376862.06
1790748900000,340.95,341.22,340.92,341.01,567574.97
1790749800000,341.06,341.06,340.47,340.66,1047290.26
1790750700000,340.66,340.88,340.24,340.88,380669.01
1790751600000,340.88,341.4,340.88,341.37,491762.15
1790752500000,341.44,341.92,341.42,341.42,1143041.81
1790753400000,341.48,342.31,341.43,342.16,2118623.13
1790754300000,342.18,342.3,342.01,342.3,797177.31
1790755200000,341.7535,343.0265,340.25,341.7,4109430.2518285145
1790756100000,341.8849,343.9,341.6356,343.0756,2250582.1608134485
1790757000000,342.8,344.21,342.35,343.49,2902689.8543790695
1790757900000,343.55,344.27,343.14,343.81,8885431.91888881
1790758800000,343.89,344.493,343.8,344.378,4819935.112810984
1790759700000,344.35,344.55,344.02,344.31,2927979.196195966
1790760600000,344.37,344.63,344.098,344.3,3278041.592499072
1790761500000,344.38,344.488,344.18,344.2252,1426223.933150004
1790762400000,344.2252,344.338,343.92,344.06,2515754.2197672594
1790763300000,344.06,344.185,343.7075,343.85,1504972.3385488344
1790764200000,343.81,344.11,343.7367,343.85,1291108.064769337
1790765100000,343.84,343.9788,343.39,343.39,2135679.983355997
1790766000000,343.36,344.87,340.92,343.33,9981592.726357738
1790766900000,343.5,344.27,343.2636,344.23,5280823.040666346
1790767800000,344.11,344.97,343.94,344.8,9108495.654628482
1790768700000,344.62,344.92,344.21,344.47,2977683.3896147115
1790769600000,344.33,345.06,344.29,344.9188,10631837.73813288
1790770500000,344.8934,345.1071,343.86,345.09,10039861.21597387
1790771400000,345.19,346.17,345.04,345.44,119889612.9813107
1790772300000,345.54,345.57,345.0,345.1701,8496836.72320461
1790773200000,345.21,345.85,345.0032,345.2399,12449743.128974551
1790774100000,345.23,345.4,343.99,344.22,13074254.34932073
1790775000000,344.215,348.5,344.08,347.57,668553322.2979
1790775900000,347.63,350.25,347.35,349.98,617242612.3977479
1790776800000,349.96,352.6,349.95,350.64,748125059.2535
1790777700000,350.6,351.37,349.14,349.415,338810476.6633
1790778600000,349.43,349.71,348.0,348.08,339079114.115
1790779500000,348.05,349.18,347.83,348.245,259092529.38136005
1790780400000,348.245,350.21,347.25,350.06,293328125.8438
1790781300000,350.15,351.38,350.1,351.135,290434988.1877123
1790782200000,351.13,352.08,350.95,351.135,269316324.97244555
1790783100000,351.1,352.55,350.84,351.6897,373474131.747195
1790784000000,351.67,352.095,350.7215,352.08,187832279.55773607
1790784900000,352.0466,352.4,351.5003,351.9,169357594.2557825
1790785800000,351.91,352.095,351.16,351.59,256316238.46773678
1790786700000,351.615,351.87,351.01,351.83,107110023.5678
1790787600000,351.825,352.0199,351.1324,351.16,119201769.76059704
1790788500000,351.18,351.19,349.7301,350.0643,122691445.91228035
1790789400000,350.07,350.3194,349.81,349.98,110532797.56646162
1790790300000,349.99,350.215,349.41,349.47,84141973.00275107
1790791200000,349.42,349.8,348.97,349.31,111738795.8047483
1790792100000,349.31,349.51,348.81,349.14,117222462.05273996
1790793000000,349.13,349.16,348.54,348.905,91428849.28060307
1790793900000,348.92,349.43,348.69,349.06,127104906.2425
1790794800000,349.045,349.61,348.9,349.28,136709972.37653255
1790795700000,349.29,349.44,348.37,348.64,176455170.219409
1790796600000,348.6,348.78,348.23,348.54,233530663.5188886
1790797500000,348.57,348.6503,341.0,344.08,2212802781.9230204
1790798400000,344.185,360.0,343.65,352.3,2829213829.6630754
1790799300000,352.2078,352.8,346.67,347.98,185879569.22881237
1790800200000,347.7,349.0,346.1,348.9,91413151.12971039
1790801100000,348.9,350.45,348.87,349.96,74155491.58863911
1790802000000,349.95,350.5,349.07,349.95,13832817.614638012
1790802900000,350.06,350.0988,349.1,349.7085,13976758.95481151
1790803800000,349.834,349.8399,348.41,349.16,10904144.767302029
1790804700000,349.173,349.43,348.21,348.7,2961709.874529764
1790805600000,348.7,349.2415,348.45,348.65,137992500.95603165
1790806500000,348.8,348.87,348.3,348.85,6283839.872297571
1790807400000,348.83,349.133,348.8,349.0,4354185.074004759
1790808300000,349.0488,349.05,348.26,348.6447,6522194.872218449
1790809200000,348.49,348.76,348.25,348.4938,1374223.4896985253
1790810100000,348.5768,349.15,348.45,348.82,2873038.054341105
1790811000000,348.89,349.39,348.89,349.3483,8170931.1960980175
1790811900000,349.32,349.47,348.29,349.34,14011889.16361716
1790812800000,348.47,350.44,348.44,349.69,3474696.74
1790813700000,349.7,349.76,349.2,349.45,1406320.04
1790814600000,349.45,351.01,349.25,351.0,4138309.63
1790815500000,351.0,351.47,349.88,350.22,4593461.94
1790816400000,350.22,350.84,350.11,350.76,924831.76
1790817300000,350.7,351.0,350.33,350.74,1015738.9
1790818200000,350.79,351.53,350.75,351.41,2087698.93
1790819100000,351.48,351.8,351.24,351.36,2033606.4
1790820000000,351.4,352.02,351.39,351.77,1442642.3
1790820900000,351.83,352.5,351.77,352.5,3336362.13
1790821800000,352.54,352.69,352.08,352.21,1992447.16
1790822700000,352.16,352.48,352.08,352.46,1202751.33
1790823600000,352.45,352.97,352.14,352.84,2806683.05
1790824500000,352.84,353.08,352.36,352.9,1008820.9
1790825400000,352.89,352.89,352.25,352.37,1110315.38
1790826300000,352.27,353.07,352.15,353.0,1141234.12
1790827200000,353.01,353.96,352.92,353.9,4427516.02
1790828100000,353.91,353.91,353.2,353.48,2343959.83
1790829000000,353.54,353.61,353.34,353.39,957239.97
1790829900000,353.39,353.95,353.32,353.95,1369449.25
1790830800000,353.84,354.16,353.79,353.96,2722777.25
1790831700000,353.96,354.45,353.88,354.45,2563578.54
1790832600000,354.44,355.19,354.36,354.36,3695413.32
1790833500000,354.36,354.74,354.06,354.55,2676687.02
1790834400000,354.58,355.47,354.41,355.19,4305195.65
1790835300000,355.19,355.2,354.73,355.13,2193835.37
1790836200000,355.16,355.21,353.51,353.74,3551044.76
1790837100000,353.73,353.8,353.1,353.2,2067960.55
1790838000000,353.14,353.27,352.33,352.33,2337643.4
1790838900000,352.33,352.4,350.75,351.01,5378358.6
1790839800000,351.01,351.95,351.0,351.03,3313726.14
1790840700000,351.13,351.85,350.99,351.78,1767891.55
1790841600000,351.44,355.48,350.5952,351.192,13182681.396849187
1790842500000,350.9867,351.194,350.2547,350.98,7679082.884518528
1790843400000,351.096,351.812,350.68,351.743,4429725.060468683
1790844300000,351.53,351.5752,350.25,350.75,5084095.204104182
1790845200000,350.9386,351.71,350.68,351.67,4839633.7119299285
1790846100000,351.88,352.13,351.46,351.58,4215264.63597257
1790847000000,351.58,352.2942,351.5075,352.19,2379782.440402723
1790847900000,352.1264,352.365,351.56,351.56,3395172.6777290804
1790848800000,351.9877,351.9877,350.85,351.47,4099568.2150844494
1790849700000,351.55,351.9988,351.0,351.52,3297906.146890947
1790850600000,351.53,351.85,351.53,351.8458,2017861.9841247862
1790851500000,351.7742,352.0,351.3872,351.51,4064865.519105304
1790852400000,351.405,351.7,350.03,350.1,14505295.57561128
1790853300000,350.11,350.12,348.78,349.88,15635931.8737175
1790854200000,349.8613,350.8632,349.62,350.7,9240619.626546215
1790855100000,350.84,350.88,350.0612,350.51,10239905.003997799
1790856000000,350.25,350.4,347.77,348.98,88062858.09753697
1790856900000,348.8817,349.4744,348.41,349.39,10560745.784086313
1790857800000,349.35,349.76,348.96,349.39,8574688.245980546
1790858700000,349.3037,349.9,349.08,349.6709,7579923.24675589
1790859600000,349.67,350.44,349.4995,349.9937,19561317.39595962
1790860500000,350.0,350.96,348.19,350.96,15178204.389991388
1790861400000,350.785,353.22,343.8,344.63,923098177.5218853
1790862300000,344.64,345.01,342.24,343.22,709588307.4594098
1790863200000,343.31,343.602,341.7001,342.435,530074915.3247
1790864100000,342.4457,342.59,341.6,341.72,319394281.6049
1790865000000,341.7,342.7499,341.26,341.4499,327622117.8247
1790865900000,341.36,341.7,340.38,340.821,312218360.3842744
1790866800000,340.78,341.04,339.62,341.04,399394076.1317
1790867700000,341.04,341.5,340.5751,340.5804,277369703.2387
1790868600000,340.64,341.2293,340.02,340.45,190923449.7259
1790869500000,340.43,340.59,339.5,340.25,381629847.6021902
1790870400000,340.27,340.55,339.5,339.81,167104175.6648
1790871300000,339.82,340.22,339.14,339.17,202857560.52261442
1790872200000,339.16,339.4632,337.87,338.0425,441656118.4408
1790873100000,338.0299,338.14,335.5108,337.065,675191469.4059467
1790874000000,337.035,338.45,336.8,338.0,401347826.218
1790874900000,337.98,339.01,337.57,338.89,268851533.1004
1790875800000,338.9,339.71,338.77,339.29,284786201.2428
1790876700000,339.325,339.65,339.0,339.3399,165510875.2382
1790877600000,339.34,339.89,338.84,339.14,138704725.1022
1790878500000,339.16,339.46,338.56,338.7529,125842849.37244841
1790879400000,338.7615,339.255,338.37,338.57,213448473.1937443
1790880300000,338.615,338.68,338.16,338.37,131834799.22772904
1790881200000,338.36,339.085,338.26,339.05,154947697.3884
1790882100000,339.05,339.37,338.7,339.14,184946917.2602
1790883000000,339.14,339.26,338.5,339.09,213711960.94278586
1790883900000,339.085,339.21,337.96,338.24,717691491.4343464
1790884800000,338.3,339.32,338.1,339.15,1775467595.9184632
1790885700000,339.01,339.22,338.24,339.0,21251340.685453955
1790886600000,339.0,339.1,338.69,338.98,5504030.648133888
1790887500000,339.0007,339.1,338.67,338.96,3091706.729588417
1790888400000,338.9,339.18,337.56,339.0198,4620500.890034991
1790889300000,339.02,339.18,339.0,339.1,3074115.5630089166
1790890200000,339.1,339.13,339.01,339.1191,1365909.7161957184
1790891100000,339.1188,339.4,339.01,339.28,1847272.3836311172
1790892000000,339.28,339.5,339.1342,339.2554,3792283.9724216396
1790892900000,339.26,339.3,338.9,338.98,1590162.450074791
1790893800000,338.914,339.03,338.78,338.79,2364009.4838236473
1790894700000,338.79,339.15,338.79,339.0972,2188707.669250764
1790895600000,339.09,339.45,338.89,339.4299,8381876.6969422875
1790896500000,339.38,339.44,339.09,339.162,6231097.121741664
1790897400000,339.2,339.2,338.97,339.0845,1900880.890000739
1790898300000,339.1,339.35,338.97,339.2,2309766.9735528445
1790899200000,339.33,339.52,338.83,339.52,3140910.06
1790900100000,339.51,339.75,339.21,339.27,1314427.52
1790901000000,339.27,339.42,339.06,339.25,1968797.24
1790901900000,339.31,339.47,339.24,339.35,587082.15
1790902800000,339.4,339.47,339.25,339.41,515134.34
1790903700000,339.41,339.45,339.15,339.3,1358017.29
1790904600000,339.3,339.5,339.14,339.48,694564.7
1790905500000,339.46,339.8,339.44,339.8,1535230.38
1790906400000,339.83,339.85,339.57,339.7,1453674.54
1790907300000,339.7,339.92,339.7,339.86,1114276.16
1790908200000,339.9,339.9,339.34,339.5,2057500.57
1790909100000,339.56,339.73,339.5,339.73,540949.27
1790910000000,339.74,339.78,339.55,339.7,618936.05
1790910900000,339.7,339.74,339.6,339.66,274100.7
1790911800000,339.66,339.72,339.59,339.66,602552.78
1790912700000,339.7,339.73,339.6,339.72,439165.61
1790913600000,339.72,339.95,339.72,339.83,751722.04
1790914500000,339.83,339.87,339.74,339.81,563735.83
1790915400000,339.8,339.83,339.7,339.79,873531.97
1790916300000,339.83,340.07,339.42,340.07,5846270.57
1790917200000,340.0,340.16,339.74,339.95,904131.05
1790918100000,339.96,340.0,339.88,339.88,299178.74
1790919000000,339.86,339.93,339.7,339.81,789068.47
1790919900000,339.81,339.81,339.54,339.6,956487.88
1790920800000,339.62,339.9,339.62,339.8,863013.39
1790921700000,339.77,339.83,339.48,339.78,2231794.1
1790922600000,339.79,339.95,339.75,339.83,1646341.47
1790923500000,339.77,339.79,339.53,339.67,1407777.8
1790924400000,339.66,340.0,339.62,339.94,1504715.27
1790925300000,339.9,339.96,339.72,339.83,1359450.29
1790926200000,339.85,339.96,339.72,339.87,730013.72
1790927100000,339.91,340.42,339.91,340.26,1150204.41
1790928000000,339.64,340.9,338.24,340.789,38607454.5626805
1790928900000,340.6,341.05,340.57,341.05,2398390.989709754
1790929800000,341.04,341.3367,340.9,340.9,3128431.1805160595
1790930700000,340.98,341.25,340.85,340.87,1745737.699731982
1790931600000,340.99,341.1288,340.7,340.9689,2178901.6763588493
1790932500000,340.9689,341.1901,340.85,340.9588,1875187.9400210371
1790933400000,341.0,341.0817,340.82,340.82,984007.6305331107
1790934300000,340.9555,341.1,340.6897,340.8322,3358081.9403176643
1790935200000,340.72,340.83,340.4,340.4369,2697660.6356142503
1790936100000,340.43,340.6147,340.0,340.36,1641700.7934171364
1790937000000,340.5,340.77,340.28,340.624,1403935.0579564623
1790937900000,340.63,340.8,340.4922,340.501,861935.72391354
1790938800000,340.5,340.66,338.24,339.88,5074156.188889751
1790939700000,340.0401,340.1999,339.3,339.53,6589057.868514136
1790940600000,339.5,339.98,339.22,339.62,5216288.101139917
1790941500000,339.79,339.98,339.53,339.73,3541902.326954631
1790942400000,339.74,340.2,339.55,340.0533,5184864.722659716
1790943300000,340.16,340.22,339.53,339.86,8695716.006980704
1790944200000,339.94,341.5,339.93,341.0,32191876.560573764
1790945100000,341.0474,341.53,340.82,341.3975,45925295.17742779
1790946000000,341.39,342.04,341.1352,341.33,20686887.69743709
1790946900000,341.33,343.1,341.15,341.3474,13027449.732366404
1790947800000,341.315,344.44,341.16,344.125,735985496.5204258
1790948700000,344.155,344.79,342.87,343.805,654027176.4158
1790949600000,343.84,345.29,343.63,344.88,405900763.89927274
1790950500000,344.9035,345.2,344.0204,344.4,309448986.8846384
1790951400000,344.41,345.47,344.27,345.4,183311902.0332
1790952300000,345.375,345.77,344.4,344.475,266816097.37023762
1790953200000,344.495,344.79,343.24,343.47,251344486.0296
1790954100000,343.39,343.67,341.7,342.06,263250434.95636812
1790955000000,342.06,342.5507,341.595,342.12,148018047.51487255
1790955900000,342.13,342.7,341.45,342.65,137944844.73347467
1790956800000,342.615,343.63,342.47,343.275,287255669.06
1790957700000,343.2701,343.72,342.8,342.845,95986043.21582632
1790958600000,342.855,343.92,342.82,343.5,71761320.86475551
1790959500000,343.4901,344.19,343.48,344.14,149279985.80931082
1790960400000,344.1599,344.61,344.0849,344.28,135424198.0584
1790961300000,344.29,344.48,343.54,343.7,125675620.00411479
1790962200000,343.675,343.89,343.28,343.58,87475965.41885968
1790963100000,343.57,344.02,343.53,343.77,66635104.56138542
1790964000000,343.82,343.98,343.4,343.5669,64242818.755711295
1790964900000,343.5956,343.5956,342.826,343.3727,93666562.65197356
1790965800000,343.3914,343.44,342.9,343.31,76334186.19080345
1790966700000,343.37,343.4,342.81,342.945,164342332.885723
1790967600000,342.96,343.1325,342.61,342.78,72299199.28068344
1790968500000,342.77,343.24,342.655,343.19,92913239.05826376
1790969400000,343.15,343.425,342.74,342.76,127018389.493915
1790970300000,342.77,343.62,342.66,343.5,492106223.613479
1790971200000,343.58,343.59,343.13,343.55,1627265503.5559053
1790972100000,343.5,343.55,343.21,343.29,5410413.316269617
1790973000000,343.21,343.33,343.09,343.1091,1541299.9654209842
1790973900000,343.2,343.2,343.09,343.16,1814082.5941966432
1790974800000,343.16,343.33,343.09,343.3299,12403267.38351241
1790975700000,343.18,343.33,343.18,343.26,26038006.542274803
1790976600000,343.39,343.46,343.2,343.22,3151914.754451395
1790977500000,343.2198,343.22,343.04,343.11,300428475.01349217
1790978400000,343.2,343.27,343.11,343.18,300682540.7540518
1790979300000,343.19,343.27,343.07,343.07,541605.5039454727
1790980200000,343.1,343.1477,342.6601,342.98,2443177.310895344
1790981100000,342.98,343.1937,342.755,343.145,3066499.5936202994
1790982000000,343.1,343.15,342.9732,343.09,569569.9704221424
1790982900000,343.0865,343.11,342.93,343.09,525267.2583910943
1790983800000,343.1,343.25,343.05,343.23,761042.391465404
1790984700000,343.2046,343.25,343.05,343.2,566161.082601509
1790986500000,343.35,343.35,343.35,343.35,11.982915
1790990100000,343.35,343.35,343.35,343.35,12.875625
1790993700000,343.35,343.35,343.35,343.35,930.100815
1790998200000,343.36,343.36,343.36,343.36,2347.724
1791000000000,343.36,343.36,343.36,343.36,4.257664
1791002700000,343.36,343.39,343.36,343.39,52.604552
1791005400000,343.39,343.4,343.39,343.4,19.985452
1791008100000,343.36,343.36,343.36,343.36,0.583712
1791009000000,343.36,343.39,343.36,343.39,29.976252
1791016200000,343.39,343.4,343.35,343.35,513.826979
1791019800000,343.35,343.43,343.11,343.11,122.368463
1791021600000,343.12,343.12,343.12,343.12,58.536272
1791030600000,343.12,343.13,343.07,343.07,4660.82625
1791032400000,343.06,343.06,343.02,343.02,20436.002336
1791033300000,343.08,343.08,342.96,342.96,380.541686
1791034200000,343.08,343.08,343.08,343.08,20.001564
1791035100000,343.08,343.09,343.08,343.09,201.357191
1791036000000,342.97,342.97,342.96,342.96,201.283807
1791037800000,342.95,342.95,342.83,342.83,1876.400121
1791039600000,343.07,343.08,342.48,342.85,4963.799624
1791040500000,342.85,342.86,342.83,342.86,824.128479
1791041400000,342.86,342.86,342.86,342.86,27.188798
1791043200000,342.84,342.84,342.61,342.61,666.887927
1791045000000,342.61,342.61,342.61,342.61,17.81572
1791046800000,342.61,342.61,342.61,342.61,19.802858
1791048600000,342.86,342.86,342.85,342.86,242.846991
1791052200000,342.61,342.61,342.61,342.61,12.710831
1791054000000,342.85,342.86,342.85,342.86,20.091223
1791054900000,342.85,342.86,342.85,342.86,2639.06162
1791056700000,342.92,342.92,342.92,342.92,5.109508
1791059400000,342.92,343.08,342.92,343.08,4699.525176
1791064800000,342.98,342.98,342.97,342.97,1002.095915
1791070200000,343.07,343.07,343.07,343.07,134.723589
1791071100000,343.07,343.27,343.07,343.27,426.023537
1791072000000,343.27,343.34,343.27,343.34,4450.97215
1791072900000,343.34,343.34,343.34,343.34,439.4752
1791073800000,343.34,343.55,343.34,343.55,18158.833789
1791074700000,343.59,343.59,343.17,343.17,156.140116
1791075600000,343.64,343.64,343.64,343.64,30.893236
1791076500000,343.65,343.65,343.65,343.65,6873.0
1791081000000,343.67,343.67,343.67,343.67,499.971116
1791083700000,343.68,343.7,343.68,343.7,168.168216
1791092700000,343.68,343.72,343.68,343.72,986.334512
1791093600000,343.8,343.8,343.8,343.8,96.264
1791094500000,343.8,343.96,343.7,343.96,2953.906798
1791095400000,343.99,343.99,343.99,343.99,29.995928
1791097200000,343.89,343.89,343.89,343.89,199.972035
1791099000000,343.81,343.81,343.81,343.81,521.869199
1791100800000,344.05,344.17,343.81,343.81,2753.506135
1791106200000,344.14,344.14,344.14,344.14,20.99254
1791111600000,344.07,344.07,344.07,344.07,747.904959
1791114300000,344.0,344.0,344.0,344.0,7.9464
1791120600000,344.15,344.15,344.15,344.15,39.99023
1791125100000,343.81,343.81,343.81,343.81,10.348681
1791126000000,343.81,343.81,343.81,343.81,259.989122
1791126900000,343.81,343.81,343.78,343.78,1594.350231
1791127800000,343.78,343.78,343.78,343.78,13.716822
1791130500000,344.15,344.18,344.15,344.18,119.940631
1791139500000,344.05,344.05,344.05,344.05,700.657825
1791140400000,344.16,344.16,344.16,344.16,19.995696
1791141300000,344.16,344.16,344.16,344.16,21.750912
1791143100000,344.23,344.23,344.23,344.23,19.999763
1791145800000,344.23,344.23,344.23,344.23,86.091923
1791152100000,344.12,344.12,344.12,344.12,10.117128
1791153000000,344.12,344.12,344.12,344.12,19.993372
1791155700000,343.89,343.89,343.89,343.89,1541.899593
1791158400000,343.83,344.36,343.76,344.18,2074050.42
1791159300000,344.27,344.44,344.11,344.17,2221445.56
1791160200000,344.17,344.67,344.13,344.6,1466587.51
1791161100000,344.6,345.0,344.43,345.0,2027024.71
1791162000000,344.91,344.96,344.68,344.81,856228.96
1791162900000,344.82,344.84,344.54,344.54,530105.99
1791163800000,344.54,344.87,344.54,344.8,722920.84
1791164700000,344.75,344.82,344.35,344.35,856597.21
1791165600000,344.41,344.52,344.32,344.32,332368.75
1791166500000,344.35,344.45,344.2,344.38,518184.08
1791167400000,344.39,344.39,344.06,344.14,369748.77
1791168300000,344.21,344.3,343.78,343.93,615838.97
1791169200000,343.81,343.93,343.6,343.85,1059086.2
1791170100000,343.85,344.07,343.71,344.06,604287.31
1791171000000,344.07,344.07,343.77,343.89,501130.85
1791171900000,343.86,343.95,343.58,343.59,397103.27
1791172800000,343.59,343.65,343.34,343.57,1212281.23
1791173700000,343.6,343.75,343.51,343.6,332644.31
1791174600000,343.55,343.61,343.34,343.58,339675.26
1791175500000,343.58,343.79,343.44,343.54,225078.39
1791176400000,343.57,343.92,343.5,343.7,372243.02
1791177300000,343.65,343.66,343.27,343.29,748270.14
1791178200000,343.28,343.28,342.95,343.25,1647508.64
1791179100000,343.25,343.53,343.14,343.27,232081.43
1791180000000,343.39,343.75,343.19,343.74,294735.95
1791180900000,343.7,343.7,343.12,343.12,471161.48
1791181800000,343.16,343.3,342.82,343.08,835109.13
1791182700000,343.19,343.22,342.99,343.22,664928.77
1791183600000,343.25,343.54,343.24,343.49,422791.45
1791184500000,343.5,343.54,343.0,343.09,869786.47
1791185400000,343.04,343.04,342.58,342.6,1009136.82
1791186300000,342.63,343.13,342.5,343.02,786654.67
1791187200000,343.21,344.119,342.181,343.36,7458907.9979
1791188100000,343.2654,343.4902,342.9257,343.09,1120953.0966900103
1791189000000,342.96,343.2488,342.52,342.59,2084304.3972692808428345
1791189900000,342.591,342.993,342.4,342.8872,2333772.3318686524
1791190800000,342.88,343.15,342.7816,342.83,1345163.90250505636003426
1791191700000,342.86,343.06,342.55,342.7842,1122616.8486092356
1791192600000,342.7842,342.88,342.36,342.4,2694447.7548611454
1791193500000,342.37,342.74,342.236,342.74,862982.9893515935
1791194400000,342.7792,342.8,342.47,342.59,1346001.857128332
1791195300000,342.7452,343.1662,342.55,342.83,833292.3220678288
1791196200000,342.95,343.1412,342.7612,342.8863,1063636.4486752896
1791197100000,342.9242,343.24,342.8427,343.2062,914776.4705288104
1791198000000,343.21,343.5,342.69,342.9677,1808622.7449795916
1791198900000,342.97,343.7267,342.97,343.61,2111638.4121640704
1791199800000,343.7,343.7427,343.26,343.26,7142993.7921446051
1791200700000,343.2,343.3,343.0012,343.15,2548223.465761539
1791201600000,343.2488,343.4988,343.11,343.2794,3341703.8252002165
1791202500000,343.36,343.5,343.01,343.24,1638471.26889678489699833
1791203400000,343.23,343.23,342.13,342.2,4704073.5398793557
1791204300000,342.2,342.76,342.163,342.6,3797635.9675033376
1791205200000,342.62,342.706,342.2012,342.3637,4891116.1392156703425324
1791206100000,342.36,343.35,342.31,342.55,6590863.2066939274274448
1791207000000,342.695,344.7,342.41,344.41,379291731.4738
1791207900000,344.405,345.9571,344.16,344.75,324794842.8657
1791208800000,344.67,345.13,344.16,344.77,270305213.0348
1791209700000,344.8,345.19,344.28,345.075,252892336.2691
1791210600000,345.09,345.09,344.1501,344.28,179866921.7267
1791211500000,344.32,344.4799,343.66,344,153283004.2256
1791212400000,344.02,345.2299,343.93,345.095,204561084.3901
1791213300000,345.115,345.66,344.68,345.17,170865766.2781
1791214200000,345.18,345.97,345.18,345.47,152898807.5443
1791215100000,345.565,345.68,344.92,344.98,110831339.5119
1791216000000,344.98,345.38,344.65,344.91,119811752.2502
1791216900000,344.89,345.6799,344.6399,345.48,355685619.5147
1791217800000,345.46,345.8,345.335,345.59,90639202.1245618918
1791218700000,345.585,345.685,345.16,345.31,93146429.3435
1791219600000,345.32,345.87,345,345.86,79988660.1606082073813052
1791220500000,345.865,346.585,345.86,346.46,176830226.657781921046168
1791221400000,346.455,346.9775,346.13,346.97,132948753.504319796536994
1791222300000,346.96,347.1699,346.661,347.1,137603319.3927
1791223200000,347.12,347.4,346.69,346.9,138416285.2941271859
1791224100000,346.91,347.19,346.46,346.68,111065150.4355
1791225000000,346.68,347.3,346.41,347.16,159845479.029
1791225900000,347.155,347.89,347.13,347.38,161929200.398
1791226800000,347.395,347.7,347.245,347.44,141373107.5028
1791227700000,347.44,348.09,347.4,347.6,355778153.17748801563339
1791228600000,347.615,347.63,346.99,347.06,220567653.122780682776794
1791229500000,347.02,347.0498,345.4,346.47,535891886.5527146816
1791230400000,346.6145,347,346.2006,346.3676,2544346724.1076771243606
1791231300000,346.42,346.47,346,346.3299,2117713.6521540736
1791232200000,346.3177,346.45,345.9,346.4299,753386345.3048751964538544
1791233100000,346.3404,346.45,346.15,346.18,64253216.814569366
1791234000000,346.19,346.35,346.15,346.3,1942281.7350741821462022
1791234900000,346.22,346.7,346.15,346.27,3122157.7593379026537085
1791235800000,346.35,346.6895,346.21,346.3283,203970122.9733291032
1791236700000,346.35,346.35,346.2101,346.2327,645712.110431
1791237600000,346.25,346.65,346.24,346.51,1860562.4087886896
1791238500000,346.5243,346.65,346.32,346.33,761262.70640988026931988
1791239400000,346.3205,346.35,346.1,346.13,4099815.5918347552
1791240300000,346.22,346.35,346.06,346.2,1062289.5720600526
1791241200000,346.2,346.345,346,346.345,575283.7223207615
1791242100000,346.35,346.35,346.067,346.34,623415.44029915293462821
1791243000000,346.35,346.35,346.15,346.29,765748.4012069585
1791243900000,346.3487,346.35,346,346.05,1033166.5589302069307458
1791244800000,346.23,346.49,346.01,346.3,881250.87
1791245700000,346.3,346.59,346.3,346.58,459429.34
1791246600000,346.56,346.84,346.38,346.62,797932.89
1791247500000,346.69,347,346.65,347,738086.73
1791248400000,347,347.43,346.94,347.18,2363064.26
1791249300000,347.13,347.16,346.76,346.97,541241.91
1791250200000,347,347.15,346.88,346.9,429608.75
1791251100000,346.91,346.95,346.83,346.84,397881.6
1791252000000,346.84,346.95,346.78,346.92,542884.62
1791252900000,346.92,347.12,346.92,347.12,574729.08
1791253800000,347.11,347.12,346.75,346.84,836731.28
1791254700000,346.88,346.96,346.84,346.96,212989.86
1791255600000,346.99,347.08,346.94,347.07,962973.67
1791256500000,347,347.26,347,347.23,921329.19
1791257400000,347.23,347.23,347.02,347.05,399189.81
1791258300000,347.05,347.13,347.01,347.06,65250.83
1791259200000,347.07,347.23,347.07,347.12,151359.92
1791260100000,347.17,347.43,347.17,347.32,558790.28
1791261000000,347.37,347.38,347.21,347.28,204903.06
1791261900000,347.3,347.58,347.18,347.5,508274.49
1791262800000,347.5,347.71,347.47,347.63,421990.27
1791263700000,347.63,347.84,347.61,347.84,591573.57
1791264600000,347.84,347.95,347.62,347.62,610388.07
1791265500000,347.66,347.93,347.53,347.8,450945.32
1791266400000,347.8,347.99,347.71,347.98,837222.42
1791267300000,347.97,348.16,347.9,347.95,622247.32
1791268200000,347.91,348.09,347.88,348.09,545284.15
1791269100000,348.11,348.24,348.04,348.06,540672.76
1791270000000,348.04,348.24,347.84,348.22,507027.7
1791270900000,348.23,348.27,347.89,348.1,1252054.2
1791271800000,348.05,348.2,347.61,348.18,633171.7
1791272700000,348.07,348.17,347.73,347.81,369929.11
1791273600000,348.11,348.962,346.47,348.15,7689066.729891119
1791274500000,348.2725,348.62,348.0612,348.32,2029917.3688557853
1791275400000,348.16,348.6005,347.86,348.6,1419570.30607322233923352
1791276300000,348.3856,348.92,348.3856,348.51,4205017.4387
1791277200000,348.7788,349.09,348.4212,348.8,2152598.50388255
1791278100000,348.73,348.8896,348.5,348.57,1126477.74404755647437785
1791279000000,348.6,348.7937,348.4012,348.5852,771260.1181929405
1791279900000,348.59,348.8629,348.4,348.5,2450682.0932057528257037
1791280800000,348.5,348.51,348.13,348.1853,2552271.9869506570516417
1791281700000,348.1668,348.4111,347.98,348.29,1991492.939280001651897
1791282600000,348.29,348.3767,348.0427,348.25,1283226.1242592025
1791283500000,348.33,348.3448,348.04,348.07,1140560.64739599074379747
1791284400000,348.04,348.15,346.47,348.1,7070547.8587267292
1791285300000,348.0025,348.79,348.0025,348.5,3799675.4500554594
1791286200000,348.44,348.5101,348.1,348.35,4150287.837634957
1791287100000,348.35,348.42,347.93,348.03,7202379.0167952272
1791288000000,348.0292,348.19,347.75,348.115,6388196.867306776
1791288900000,348.1,348.26,347.44,347.64,4939224.151164997
1791289800000,347.64,347.72,347.07,347.47,6553507.4468781134
1791290700000,347.4193,348.0474,347.3,348,7556628.003538159304824
1791291600000,348,348.12,347.7,347.88,6120163.462389203
1791292500000,347.9446,348.66,347.2,347.2,7505351.4299859059
1791293400000,347.37,348.089,344.8,345.595,497467373.41
1791294300000,345.6,345.89,344.6805,345.3861,396889947.7373746868
1791295200000,345.35,346.2,345.08,345.76,257813751.7407
1791296100000,345.765,347.3868,345.68,346.5771,266437185.6948
1791297000000,346.5772,348.49,346.34,348.375,205099023.0395
1791297900000,348.3985,348.4,347.59,347.78,291767758.3497
1791298800000,347.79,348.435,347.27,348.12,251636753.4017665122
1791299700000,348.12,348.7721,348.01,348.275,186481764.5084013098
1791300600000,348.23,349.09,348.07,348.4495,163620344.3485
1791301500000,348.4499,348.47,347.6,347.7,128314122.4598108775
1791302400000,347.75,348.85,347.71,348.63,131859858.3445
1791303300000,348.59,348.59,347.37,347.58,96817442.1284115247
1791304200000,347.57,347.92,347.16,347.855,101689032.7287
1791305100000,347.86,347.95,347.14,347.1699,75463529.4575
1791306000000,347.15,347.4399,346.89,347.03,64363267.4549992512
1791306900000,347.025,347.03,346.5,346.9,93670333.8511
1791307800000,346.92,347.5699,346.7675,347.11,123352963.4957
1791308700000,347.135,347.79,347.135,347.53,90408721.852
1791309600000,347.49,348.37,347.4,348.2,98745341.5216263338
1791310500000,348.19,349.001,348.1634,348.6601,96452860.509007320932526
1791311400000,348.67,348.715,348.24,348.43,75381268.9421783291
1791312300000,348.4144,348.54,348.21,348.35,52886853.2679919946
1791313200000,348.34,348.5,347.83,347.915,82602227.16137852259225
1791314100000,347.9,348.62,347.8996,348.58,114599407.827403107039976
1791315000000,348.58,348.8878,348.27,348.27,131719355.9024985439
1791315900000,348.27,348.545,347.34,347.68,463276991.139603510350856
1791316800000,347.72,347.8875,347.48,347.6288,1775706790.8358629025
1791317700000,347.63,347.9,347.48,347.8,1628076.4014271366
1791318600000,347.805,347.9497,347.6745,347.8552,2228618.550220241
1791319500000,347.68,348.2,347.68,347.81,1460335.5272626823608774
1791320400000,347.7901,348,347.75,347.8865,4259553.7602132705
1791321300000,347.75,348,347.6755,347.93,4845273.4812307545
1791322200000,347.9,347.95,347.75,347.889,1356912.7319303926
1791323100000,347.85,347.93,347.85,347.9,1602473.8708896956
1791324000000,347.9,348.15,347.85,348.1499,1665548.9962802635
1791324900000,348.1499,348.15,347.85,348.01,104735754.9401871605
1791325800000,348.02,348.04,347.85,347.91,684577.252532736
1791326700000,347.93,347.99,347.85,347.93,440199.54766152
1791327600000,347.9,347.9767,347.85,347.86,1001539.7341654856
1791328500000,347.86,347.97,347.85,347.9307,360758.7863207240347909
1791329400000,347.9329,348,347.8501,347.92,855105.624921955
1791330300000,347.92,348.25,347.85,348.05,2109836.2935078536
1791331200000,348.1,348.32,348,348.31,798331.91
1791332100000,348.29,348.37,348.17,348.25,830013.17
1791333000000,348.28,348.4,348.21,348.33,621764.21
1791333900000,348.35,348.4,348.1,348.34,355244.79
1791334800000,348.35,348.35,348.1,348.32,470473.22
1791335700000,348.31,348.42,348.23,348.3,566378.85
1791336600000,348.3,348.53,348.3,348.45,425799.01
1791337500000,348.48,348.52,348.37,348.37,546335.37
1791338400000,348.39,348.39,346.78,346.9,3785606.66
1791339300000,346.9,347.07,346.55,347.04,1440183.77
1791340200000,347.04,347.31,347.01,347.16,494038.99
1791341100000,347.16,347.31,347.15,347.23,412500.24
1791342000000,347.27,347.48,347.27,347.31,411605.28
1791342900000,347.31,347.43,347.23,347.25,229251.01
1791343800000,347.26,347.48,347.11,347.43,882468.7
1791344700000,347.42,347.67,347.42,347.66,277722.89
1791345600000,347.63,347.63,347.52,347.61,156756.96
1791346500000,347.61,347.66,347.5,347.63,738233.09
1791347400000,347.67,347.67,347.57,347.57,217261.88
1791348300000,347.58,347.76,347.58,347.74,120306.57
1791349200000,347.75,347.86,347.72,347.72,592285.28
1791350100000,347.71,347.74,347.47,347.74,730693.47
1791351000000,347.74,348.03,347.66,347.73,801054.49
1791351900000,347.73,347.84,347.61,347.61,672176.66
1791352800000,347.62,347.7,347.46,347.55,896407.39
1791353700000,347.51,347.63,347.4,347.5,639357.13
1791354600000,347.53,347.72,347.43,347.61,417532.67
1791355500000,347.59,347.67,347.42,347.47,262714.54
1791356400000,347.47,347.78,347.47,347.71,848258.47
1791357300000,347.71,347.71,347.5,347.56,457413.08
1791358200000,347.59,347.6,347.4,347.44,328041.31
1791359100000,347.49,347.66,347.41,347.61,289852.36
1791360000000,347.48,348.5212,347.3562,348.0615,5409949.1202372422
1791360900000,348.05,348.2632,348.0045,348.06,810982.4085642835
1791361800000,348.06,348.2201,348.03,348.1832,847630.6060876196
1791362700000,348.16,348.4,348.0478,348.1194,902961.2409753811
1791363600000,348.2806,348.2855,347.57,347.8,1421345.4301615148
1791364500000,347.82,347.84,347.3415,347.56,2094417.1320320385
1791365400000,347.482,348.3588,347.47,348.011,7794700.6524103248
1791366300000,348.011,348.2602,347.8009,348.12,2025927.0891218823
1791367200000,348.1033,348.215,347.74,347.75,1593165.1437345544
1791368100000,347.766,347.95,347.4799,347.69,1093709.02527788276087532
1791369000000,347.5,347.69,346.96,346.97,4146706.2622650075736547
1791369900000,346.97,347.09,346.46,346.92,3552848.6048995936
1791370800000,346.935,347.68,345.7161,346.02,18126166.7623532876
1791371700000,346.11,346.48,345.943,346.07,4321527.7398801915
1791372600000,346,346.27,345.62,345.8439,9479044.8646970602
1791373500000,345.87,346.42,345.3099,346.4122,7315828.0889635585
1791374400000,346.3063,346.41,346.01,346.2,2893811.2004224802
1791375300000,346.1,346.32,345.61,345.71,15350532.5658825062
1791376200000,345.88,347,345.71,346.68,7507985.5592785416
1791377100000,346.52,346.7122,346.18,346.4,4407339.6185068896
1791378000000,346.4,346.7047,346.13,346.31,4507811.2540490702
1791378900000,346.36,346.95,346.1,346.74,5112251.0037358228536349
1791379800000,346.61,347.25,343.0658,344.2424,656247173.5246176888
1791380700000,344.26,346.65,343.87,346.14,298937802.5020741544
1791381600000,346.105,346.31,344.1448,344.365,233341722.41177798465862
1791382500000,344.35,345.25,343.82,344.19,251757528.4868056272
1791383400000,344.22,345.008,344.07,344.85,141930150.7237
1791384300000,344.85,345.51,344.46,344.75,168163555.971777918
1791385200000,344.78,345.43,344.48,345.17,154660434.994907375
1791386100000,345.15,345.93,345.1,345.245,117702008.738000927963638
1791387000000,345.285,346.39,345.22,346.16,168357411.2911391853
1791387900000,346.17,347.15,345.93,346.28,170539902.1473
1791388800000,346.25,346.335,345.43,345.85,90955021.5886
1791389700000,345.854,346,345.5562,345.84,214669761.8492890027
1791390600000,345.83,346.15,345.77,345.855,86468508.483271669141217
1791391500000,345.91,346.115,345.4,345.455,69557470.1709545472
1791392400000,345.44,346.15,345.2902,346.11,127475426.03272848454434
1791393300000,346.115,347.21,345.96,347.0095,94015864.346855282470142
1791394200000,346.9855,347.68,346.64,347.63,191567295.5947
1791395100000,347.63,348.47,347.61,348.47,192822998.0516
1791396000000,348.41,348.5,347.81,348.135,165922456.7520230003
1791396900000,348.14,348.1519,347.475,348.06,134083565.2989
1791397800000,348.05,348.77,347.88,348.68,114529282.3148
1791398700000,348.71,349.44,348.48,349.2978,127760942.3445542356
1791399600000,349.31,349.52,348.67,348.695,147635404.2884729025
1791400500000,348.69,349.8,348.57,349.49,176872191.6900995167
