1782330300000,365.065,365.74,365.0,365.45,1930764730.266546
1782331200000,365.464,366.479,364.01,364.954,311901452.7623556
1782332100000,364.945,366.241,364.8,365.198,133305107.05268362
1782333000000,365.199,366.61,364.79,365.32,34747941.90067075
1782333900000,365.298,366.05,365.18,366.05,26160972.05368513
1782334800000,366.05,366.263,365.437,365.527,13098539.874193998
1782335700000,365.527,367.039,365.525,367.039,12159469.936715651
1782336600000,367.041,367.069,366.8,366.991,14063370.77646
1782337500000,366.991,367.39,366.9,367.024,10856753.13932427
1782338400000,367.019,367.414,366.032,366.032,10715647.921850752
1782339300000,366.01,366.058,365.27,365.72,16490678.83695585
1782340200000,365.686,365.715,365.305,365.6,12305287.368010942
1782341100000,365.6,365.687,365.51,365.675,8124915.41940645
1782342000000,365.662,365.745,365.46,365.65,5834501.644885966
1782342900000,365.65,365.65,365.175,365.182,7740626.444862912
1782343800000,365.182,365.47,365.155,365.405,6269381.430586542
1782344700000,365.405,365.515,365.253,365.385,9619189.441746032
1782345600000,366.0,366.19,365.01,366.01,2041390.34
1782346500000,366.02,366.17,365.55,365.68,1156234.21
1782347400000,365.66,365.72,365.44,365.48,1079575.64
1782348300000,365.52,365.53,365.25,365.29,1758291.63
1782349200000,365.35,365.39,364.71,365.02,3554184.48
1782350100000,365.13,365.23,365.05,365.11,670426.18
1782351000000,365.09,365.17,364.79,364.91,2757157.53
1782351900000,364.96,365.11,364.43,364.75,6927864.53
1782352800000,364.75,364.85,364.4,364.49,1618172.64
1782353700000,364.53,364.83,364.4,364.78,837354.24
1782354600000,364.78,364.99,364.68,364.99,641680.17
1782355500000,364.99,365.0,364.89,364.98,667874.86
1782356400000,364.98,365.01,364.68,364.75,858220.07
1782357300000,364.75,365.58,364.65,365.54,3598974.03
1782358200000,365.55,365.63,365.34,365.41,647945.25
1782359100000,365.37,365.81,365.37,365.78,1083460.19
1782360000000,365.75,365.86,365.51,365.51,973945.41
1782360900000,365.51,365.71,365.28,365.4,1291737.9
1782361800000,365.45,365.45,364.91,365.02,2893469.3
1782362700000,365.02,365.12,364.51,364.56,1833054.16
1782363600000,364.58,364.67,364.0,364.03,3010269.16
1782364500000,364.03,364.42,363.3,363.3,2247904.02
1782365400000,363.4,363.92,362.83,363.79,4859988.92
1782366300000,363.96,364.73,363.96,364.32,1436006.42
1782367200000,364.43,364.5,363.93,363.93,1652527.14
1782368100000,363.97,364.19,363.76,363.82,812187.99
1782369000000,363.82,364.02,363.77,363.96,1164930.33
1782369900000,363.97,364.26,363.84,364.03,1347071.31
1782370800000,364.09,364.48,364.05,364.28,1688325.24
1782371700000,364.28,364.8,364.11,364.64,2481610.32
1782372600000,364.65,364.79,364.26,364.78,1750105.44
1782373500000,364.65,364.84,364.31,364.52,817989.06
1782374400000,364.67,364.67,364.56,364.56,63859894.11685299
1782375300000,364.263,364.695,364.263,364.303,2958436.4260452697
1782376200000,364.302,364.353,364.091,364.35,2567332.793135441
1782377100000,364.35,364.544,364.189,364.466,3181922.52843648
1782378000000,364.461,365.224,364.445,365.165,4815127.796890066
1782378900000,365.165,365.189,365.02,365.15,4132796.2384354915
1782379800000,365.15,366.493,365.146,366.345,5772599.66415906
1782380700000,366.345,366.345,365.347,365.49,6921920.567442966
1782381600000,365.49,365.625,365.454,365.551,3198304.7192803584
1782382500000,365.553,365.727,364.974,365.167,3044435.553884004
1782383400000,365.17,365.2,364.74,365.005,7142188.3290339
1782384300000,365.009,365.197,364.91,365.044,3386626.2976222606
1782385200000,365.062,365.18,363.918,364.097,15241776.12548819
1782386100000,364.098,364.1,363.732,363.85,8548981.496982237
1782387000000,363.85,364.5,363.85,364.175,7186096.936826065
1782387900000,364.175,364.2,363.858,364.001,7298395.208858264
1782388800000,364.0,364.116,363.645,363.799,12438132.308414254
1782389700000,363.799,363.879,363.617,363.617,9908236.9006952
1782390600000,363.616,364.1,363.01,363.192,29748351.912280105
1782391500000,363.191,363.45,362.691,362.895,14696235.760714183
1782392400000,362.895,363.6,362.81,363.573,20560804.93730701
1782393300000,363.581,364.678,362.737,362.766,40790538.687073424
1782394200000,362.76,364.18,358.54,358.899,1440736604.9359984
1782395100000,358.88,359.27,356.62,357.323,873899339.8300834
1782396000000,357.42,358.65,356.98,358.352,762341091.4258606
1782396900000,358.349,360.01,358.1,359.865,583484862.0460906
1782397800000,359.87,359.965,356.8,357.654,553544594.6448486
1782398700000,357.8,358.0,355.39,355.541,776186175.0428919
1782399600000,355.554,356.0,353.74,354.8,883940953.4110833
1782400500000,354.83,356.145,354.105,356.058,669881235.9802591
1782401400000,356.03,356.6,355.01,355.766,544178250.7011307
1782402300000,355.765,356.255,354.825,355.615,443600135.3169945
1782403200000,355.575,355.616,352.8,353.025,721056783.4488393
1782404100000,353.035,354.29,352.38,352.445,600280637.7330703
1782405000000,352.4,352.6,351.475,351.835,661548815.1750331
1782405900000,351.817,352.0,351.11,351.6,585966933.4339378
1782406800000,351.64,351.96,350.86,351.841,574112091.2150064
1782407700000,351.81,352.3,351.34,351.6,503048080.868477
1782408600000,351.603,351.7,350.01,350.107,601917836.4129575
1782409500000,350.19,350.93,349.195,350.61,872205018.9844342
1782410400000,350.63,351.975,350.28,351.401,493898312.2254954
1782411300000,351.401,357.645,351.399,357.634,795043538.2947588
1782412200000,357.656,357.775,355.905,355.941,611748026.3700949
1782413100000,355.895,355.934,354.355,355.395,546908761.3743469
1782414000000,355.397,355.62,353.94,354.531,696560834.6646092
1782414900000,354.49,354.523,352.305,352.648,673846178.9628857
1782415800000,352.615,353.49,352.495,352.938,853196085.630949
1782416700000,352.76,354.83,351.66,352.47,2256409726.0270023
1782417600000,352.468,354.16,352.446,353.15,152741091.25872296
1782418500000,353.15,354.429,353.15,354.281,20934175.945027333
1782419400000,354.282,354.686,354.029,354.1,10974726.611208254
1782420300000,354.1,354.4,353.875,353.875,7791165.111945306
1782421200000,353.875,353.889,353.6,353.87,4488390.404960694
1782422100000,353.87,354.524,353.87,354.124,7565019.750733552
1782423000000,354.121,354.524,354.006,354.325,5519671.745898928
1782423900000,354.325,354.47,354.272,354.46,214215958.64331445
1782424800000,354.47,354.635,353.816,354.347,5482062.738202897
1782425700000,354.346,354.43,354.08,354.08,3234460.1138717346
1782426600000,354.08,354.425,354.074,354.3,3403306.8475265987
1782427500000,354.3,354.67,354.3,354.637,5998264.2652761275
1782428400000,354.635,355.406,354.39,355.406,8734517.75274987
1782429300000,355.41,357.344,355.25,356.957,18544125.724234816
1782430200000,356.933,357.124,355.701,355.924,8624810.46807632
1782431100000,355.932,355.965,354.55,355.302,9718701.009330936
1782432000000,355.35,356.22,355.12,356.1,1172534.95
1782432900000,356.08,356.09,355.12,355.55,1067817.51
1782433800000,355.57,355.87,355.14,355.69,1222985.67
1782434700000,355.82,355.95,355.17,355.18,503421.05
1782435600000,355.17,355.3,354.45,355.18,1627241.34
1782436500000,355.28,355.52,355.12,355.32,1145224.38
1782437400000,355.34,355.41,354.14,354.2,1143023.5
1782438300000,354.11,354.23,353.56,353.61,2015553.73
1782439200000,353.76,354.22,353.54,354.08,1156802.75
1782440100000,354.18,354.19,353.4,353.61,3066400.9
1782441000000,353.6,353.74,352.75,353.0,2780382.35
1782441900000,352.92,353.2,352.17,352.41,3409941.55
1782442800000,352.42,352.47,350.59,351.37,4428964.4
1782443700000,351.4,352.21,351.33,351.43,1703253.95
1782444600000,351.31,352.15,350.53,351.9,4433743.88
1782445500000,351.9,352.81,351.73,352.32,1622291.86
1782446400000,352.34,353.12,352.16,353.01,1869907.28
1782447300000,352.99,353.45,352.49,352.62,1763082.59
1782448200000,352.63,352.92,351.96,352.67,1959922.93
1782449100000,352.72,352.84,352.5,352.75,587538.88
1782450000000,352.71,353.35,352.69,353.35,1571064.18
1782450900000,353.4,353.48,353.01,353.34,1214143.08
1782451800000,353.33,353.51,353.12,353.33,1099115.14
1782452700000,353.27,353.71,353.0,353.5,1995753.16
1782453600000,353.46,353.99,353.25,353.78,2101145.26
1782454500000,353.86,354.66,353.8,354.55,2143555.46
1782455400000,354.66,355.83,354.61,355.81,2717132.43
1782456300000,355.78,356.35,355.57,355.77,2747046.24
1782457200000,355.85,356.02,354.65,355.4,3324125.44
1782458100000,355.4,356.32,355.4,356.3,2911238.61
1782459000000,356.32,356.86,356.28,356.28,3192313.59
1782459900000,356.29,356.72,356.13,356.41,542742.73
1782460800000,357.73,357.84,355.008,357.84,73778929.22104877
1782461700000,356.865,356.96,356.235,356.94,3085234.642757178
1782462600000,356.78,357.45,356.606,356.78,3891235.9818662773
1782463500000,356.902,356.965,356.35,356.35,3432988.8081896813
1782464400000,355.89,356.35,355.86,356.23,4076589.557796739
1782465300000,356.28,356.28,355.786,356.149,3534330.317831845
1782466200000,356.31,357.065,356.029,357.01,3556466.6173246806
1782467100000,356.31,357.065,356.125,356.24,3262059.640830276
1782468000000,356.01,356.415,355.64,356.24,4602278.938778055
1782468900000,356.415,356.485,355.926,356.25,3584220.0076249423
1782469800000,356.4,356.599,356.05,356.4,2719451.571918767
1782470700000,356.12,356.795,356.12,356.12,4080233.2712435713
1782471600000,356.185,356.39,355.55,355.92,23776570.329793446
1782472500000,356.22,356.46,355.694,355.89,11835881.512219653
1782473400000,356.34,356.604,355.77,356.36,7361792.765487562
1782474300000,356.34,356.665,356.175,356.49,11052232.14747366
1782475200000,356.6,357.326,356.235,356.65,13928512.637303159
1782476100000,357.37,357.688,357.136,357.5,16752424.369573958
1782477000000,357.46,357.647,356.79,357.2,221457208.6329835
1782477900000,357.14,357.4,356.769,357.11,18212028.035089426
1782478800000,357.24,357.845,357.171,357.59,24147342.860301863
1782479700000,357.57,357.57,355.338,356.974,51284134.99886953
1782480600000,357.27,361.715,355.44,361.23,2278045949.261298
1782481500000,361.16,364.175,360.03,362.27,1387029250.4865077
1782482400000,362.18,365.34,360.935,364.265,908455884.0239648
1782483300000,364.2,367.73,363.425,367.06,1022568657.1552804
1782484200000,367.082,367.76,365.3,367.236,869645625.2918307
1782485100000,367.345,370.27,367.09,369.88,1023188255.7340873
1782486000000,369.88,370.51,368.495,368.92,816421984.4013082
1782486900000,368.92,370.59,367.61,370.35,819739559.1245823
1782487800000,370.31,371.51,370.13,371.22,860326983.2721972
1782488700000,371.24,371.28,369.24,370.11,826169332.8925557
1782489600000,370.155,370.535,367.535,368.69,569658825.8016577
1782490500000,368.615,369.08,367.51,367.97,646149496.6757988
1782491400000,368.01,369.74,367.77,369.525,532779167.5695879
1782492300000,369.525,370.81,369.23,369.476,572708672.081292
1782493200000,369.48,370.38,369.19,369.8,466763398.4934167
1782494100000,369.81,370.29,368.89,369.86,576107313.7773172
1782495000000,369.905,371.14,368.61,371.13,446352816.16194326
1782495900000,371.05,371.49,370.1,370.73,709279908.7780154
1782496800000,370.73,371.79,370.48,371.59,676826701.745819
1782497700000,371.605,371.7,370.42,370.445,472900686.0142911
1782498600000,370.47,372.0,370.24,370.645,671649777.8831872
1782499500000,370.64,370.88,369.43,369.66,732866739.7786406
1782500400000,369.64,371.27,369.61,370.78,965090192.2198296
1782501300000,370.77,371.69,369.74,369.953,1056011272.316703
1782502200000,370.03,372.98,369.958,372.74,1399510867.1620243
1782503100000,372.76,376.6,371.57,371.7,4317826870.870616
1782504000000,374.67,374.67,371.655,372.96,6675546146.4133625
1782504900000,373.27,373.377,372.284,372.94,17464111.797774237
1782505800000,371.99,372.737,371.85,372.39,15403656.527503058
1782506700000,372.52,372.767,372.3,372.59,33899412.77744756
1782507600000,372.6,372.6,371.714,371.8,14408889.144274266
1782508500000,371.53,371.81,371.33,371.48,12231020.470662484
1782509400000,371.71,371.88,371.456,371.526,6201436.1033331035
1782510300000,371.5,372.096,371.395,371.5,158426553.23720673
1782511200000,371.95,372.369,371.833,371.906,6080241.038451426
1782512100000,371.905,372.043,371.55,371.951,4092077.829745612
1782513000000,372.01,372.125,371.834,372.01,2087678.9487235604
1782513900000,372.125,372.59,372.125,372.565,6102455.543109562
1782514800000,372.565,372.819,372.565,372.62,5048622.149933077
1782515700000,372.62,372.729,372.595,372.634,4624404.80325966
1782516600000,372.635,372.921,372.63,372.921,3719251.4121363475
1782517500000,372.71,372.95,372.65,372.71,7008663.193824309
1782518400000,372.782,372.782,372.767,372.767,0.0
1782519300000,373.78,373.78,373.78,373.78,104.247242
1782520200000,373.8,373.93,373.8,373.93,297.999639
1782523800000,374.11,374.11,374.11,374.11,9.988737
1782535500000,374.11,374.11,373.91,373.91,63.918319
1782539100000,374.24,374.24,374.24,374.24,10.965232
1782550800000,374.24,374.24,374.24,374.24,54.975856
1782551700000,373.91,373.91,373.86,373.86,54.887666
1782565200000,373.86,373.86,373.75,373.75,31.59084
1782572400000,374.25,374.25,373.75,373.75,173.12598
1782578700000,374.32,374.32,373.99,373.99,104.060784
1782579600000,373.99,373.99,373.8,373.8,118.330324
1782580500000,373.75,373.75,373.75,373.75,87.009
1782595800000,374.34,374.34,374.03,374.03,99.988704
1782603000000,374.36,374.36,374.04,374.04,22.30232
1782610200000,374.36,375.15,373.75,375.15,3267.151511
1782612000000,375.15,375.15,375.15,375.15,12.792615
1782617400000,375.15,375.15,375.15,375.15,24.53481
1782628200000,375.15,375.15,375.15,375.15,475.46511
1782630000000,375.16,375.16,375.16,375.16,85.423932
1782633600000,375.2,375.2,375.2,375.2,19.99816
1782634500000,375.0,375.0,375.0,375.0,250.9125
1782641700000,375.2,375.2,375.2,375.2,129.96928
1782643500000,375.24,375.24,375.0,375.0,55.405236
1782651600000,375.0,375.0,375.0,375.0,12.45
1782657900000,375.0,375.0,375.0,375.0,208.95
1782665100000,375.0,375.0,374.95,374.95,58.4961
1782666000000,375.0,375.0,374.9,374.9,57.182845
1782691200000,374.44,377.5,374.03,376.74,8608960.74
1782692100000,376.68,376.68,375.68,376.35,5284104.42
1782693000000,376.35,381.81,376.32,380.91,16478360.11
1782693900000,380.94,383.13,379.54,382.15,12900527.09
1782694800000,382.19,382.99,379.0,380.24,13179586.33
1782695700000,380.26,380.59,378.41,379.61,5769316.81
1782696600000,379.6,381.6,378.53,380.54,8063247.77
1782697500000,380.55,380.56,379.42,379.42,2700277.91
1782698400000,379.49,379.9,378.43,378.43,3090190.7
1782699300000,378.49,380.01,378.49,379.94,2860252.85
1782700200000,379.95,380.24,379.7,380.22,2329747.4
1782701100000,380.23,380.99,380.1,380.43,2355458.0
1782702000000,380.56,380.97,379.97,380.18,3824082.17
1782702900000,380.18,380.49,379.78,380.19,1911709.17
1782703800000,380.3,380.38,379.49,380.35,2600558.9
1782704700000,380.35,382.0,380.23,381.23,4489531.78
1782705600000,381.14,381.6,380.8,381.19,2004911.12
1782706500000,381.1,381.22,380.56,380.95,1388094.64
1782707400000,380.95,381.23,380.28,380.5,2193839.21
1782708300000,380.52,381.99,380.45,381.82,4531067.94
1782709200000,381.92,382.17,381.6,382.17,2429430.87
1782710100000,382.19,382.49,381.75,381.81,1683854.24
1782711000000,381.9,382.15,381.73,382.09,1503300.65
1782711900000,382.08,382.33,380.52,380.61,3938569.28
1782712800000,380.63,380.66,379.41,379.8,3247950.86
1782713700000,379.8,380.08,379.31,379.71,2647998.56
1782714600000,379.72,379.96,378.51,378.9,5609033.69
1782715500000,378.94,378.95,378.36,378.4,3917952.51
1782716400000,378.42,378.51,377.59,377.69,5221798.44
1782717300000,377.7,378.81,377.7,378.64,2538639.5
1782718200000,378.64,378.75,378.39,378.64,1787632.36
1782719100000,378.7,378.75,378.02,378.39,1451666.0
1782720000000,378.02,378.51,373.682,378.0,83000848.45158942
1782720900000,379.64,379.64,378.137,379.64,10429591.539433401
1782721800000,379.442,380.4,379.112,379.311,11010287.524047945
1782722700000,379.61,379.695,379.151,379.61,6784674.427232115
1782723600000,379.449,379.82,379.32,379.69,4198204.714062418
1782724500000,379.68,380.909,379.665,380.4,8150975.197419597
1782725400000,380.41,380.915,380.328,380.41,5785920.921749645
1782726300000,380.59,380.705,379.2,380.01,8876402.263147196
1782727200000,379.998,379.998,378.777,378.777,4599800.796404685
1782728100000,378.92,378.933,378.455,378.74,5324489.156575073
1782729000000,378.676,378.695,378.056,378.495,7931441.469583134
1782729900000,378.495,378.59,378.15,378.575,4618509.078103493
1782730800000,378.56,378.96,377.635,378.89,24742593.623807378
1782731700000,378.929,379.764,378.929,379.084,21172735.370025773
1782732600000,379.69,380.385,379.004,379.89,21749576.096138135
1782733500000,379.7,380.065,379.324,379.7,10084062.503221544
1782734400000,379.48,380.235,378.84,379.68,15042984.860510638
1782735300000,380.25,380.33,379.371,379.91,18406668.88354312
1782736200000,379.35,379.94,379.102,379.14,14501218.872196995
1782737100000,379.11,379.799,378.775,379.7,10875754.337489355
1782738000000,380.0,380.385,379.61,380.3,24391476.970507257
1782738900000,380.3,380.425,377.398,377.81,38118484.95095583
1782739800000,377.095,379.71,374.57,377.66,1521660194.6401994
1782740700000,378.01,380.49,377.42,379.115,1061607988.4856029
1782741600000,379.42,379.46,375.17,375.65,716786496.5746808
1782742500000,375.57,377.05,375.22,376.28,547526840.7266569
1782743400000,376.205,377.11,374.46,376.509,632973506.1653271
1782744300000,376.45,376.482,371.7,371.96,734836034.9227986
1782745200000,371.99,373.1,371.54,372.805,583561991.7836612
1782746100000,372.84,373.64,372.19,373.04,482087129.55537707
1782747000000,373.315,373.55,371.275,371.68,427889120.10449994
1782747900000,371.6,371.66,370.25,371.567,696092185.5650615
1782748800000,371.605,371.76,368.04,368.2,661178560.4449619
1782749700000,368.37,368.75,367.765,368.17,447056316.94571155
1782750600000,368.15,368.435,367.3,367.38,517397485.68657047
1782751500000,367.4,369.42,367.24,368.96,461831974.59946597
1782752400000,369.0,369.08,367.79,368.89,389323459.6333825
1782753300000,368.915,370.25,368.75,369.545,413862146.23300195
1782754200000,369.66,370.22,368.365,369.13,363678116.56018853
1782755100000,369.12,369.46,368.68,368.81,287903882.693256
1782756000000,368.765,368.77,368.05,368.23,245900808.8900844
1782756900000,368.22,368.384,367.54,368.05,295299407.73993504
1782757800000,368.05,368.79,367.95,368.12,345265929.88819647
1782758700000,368.1,368.43,367.3,368.11,449148350.16997856
1782759600000,368.15,369.595,367.92,368.92,414002768.4099025
1782760500000,368.87,369.05,367.41,367.41,561702858.3625914
1782761400000,367.42,368.35,366.85,367.815,1260182562.5812953
1782762300000,367.835,369.005,367.831,368.505,1005988207.3709342
1782763200000,368.3,369.1,368.075,369.1,2963671198.4842744
1782764100000,369.05,369.259,368.975,369.244,9305192.337489678
1782765000000,369.22,369.243,368.892,369.01,6634731.02809517
1782765900000,369.12,369.434,368.915,369.03,14504214.12987513
1782766800000,369.14,369.41,368.994,369.14,82458746.16746399
1782767700000,369.435,369.941,369.224,369.85,15095632.76291438
1782768600000,369.95,370.873,369.85,370.65,22369002.39689712
1782769500000,370.645,370.662,370.4,370.49,16332931.10700198
1782770400000,370.531,370.79,370.257,370.79,9737481.75178966
1782771300000,370.84,371.299,370.763,371.2,11151872.77652102
1782772200000,371.24,371.68,371.13,371.41,16506402.29937382
1782773100000,371.649,371.858,371.59,371.604,11380834.62729235
1782774000000,372.01,372.178,371.51,372.01,14635749.88980785
1782774900000,372.16,372.49,372.113,372.49,13008294.58997119
1782775800000,372.131,372.131,371.4,371.464,5145749.971483019
1782776700000,371.1,371.507,371.051,371.1,6579617.47389219
1782777600000,371.05,371.305,370.01,370.82,1856.525
1782778500000,370.8,371.31,370.49,370.5,985446.96
1782779400000,370.52,370.56,369.7,369.7,1866097.96
1782780300000,369.69,370.44,369.59,370.29,1090996.65
1782781200000,370.22,370.22,369.78,369.85,1102424.86
1782782100000,369.88,370.81,369.88,370.81,803464.34
1782783000000,370.83,370.83,370.4,370.64,1686828.2
1782783900000,370.64,370.84,370.42,370.62,583807.5
1782784800000,370.66,370.68,370.16,370.32,923778.03
1782785700000,370.3,370.57,370.01,370.57,607581.65
1782786600000,370.62,370.78,370.38,370.39,1552119.88
1782787500000,370.39,370.53,370.17,370.18,459660.37
1782788400000,370.17,370.66,370.01,370.65,407829.88
1782789300000,370.41,370.65,370.3,370.41,519385.0
1782790200000,370.49,370.77,370.3,370.61,396926.27
1782791100000,370.61,370.8,370.38,370.58,426564.83
1782792000000,370.62,370.91,370.54,370.67,331012.23
1782792900000,370.66,370.8,370.56,370.65,278746.22
1782793800000,370.65,371.08,370.65,371.02,676598.18
1782794700000,371.07,371.08,370.81,370.99,723412.56
1782795600000,370.99,371.39,370.99,371.37,615423.73
1782796500000,371.31,371.4,370.93,370.95,1117998.06
1782797400000,370.94,370.94,370.54,370.54,1078306.8
1782798300000,370.7,370.94,370.57,370.75,347787.37
1782799200000,370.81,371.1,370.8,371.01,962739.93
1782800100000,371.09,371.3,371.06,371.27,1016933.75
1782801000000,371.24,371.25,370.84,370.9,1242701.87
1782801900000,370.87,370.91,370.77,370.86,232876.27
1782802800000,370.82,371.15,370.82,371.0,539762.01
1782803700000,371.08,371.08,370.66,370.87,1163542.53
1782804600000,370.87,370.99,370.8,370.81,294131.66
1782805500000,370.71,371.305,370.29,370.37,1113113.72
1782806400000,370.8,371.305,370.177,370.8,28453980.00104719
1782807300000,370.0,370.898,369.95,370.0,3101449.46625159
1782808200000,370.08,370.521,370.08,370.08,2664194.08223932
1782809100000,370.275,370.65,370.191,370.65,2253716.91009648
1782810000000,370.49,370.65,370.3,370.49,2662493.78423464
1782810900000,370.3,370.3,369.812,369.82,2607633.52789189
1782811800000,369.71,369.856,369.401,369.71,3288122.99594218
1782812700000,369.99,370.15,369.75,370.15,2127557.4262204
1782813600000,370.05,370.133,369.737,370.06,4526009.54507454
1782814500000,370.07,370.255,370.055,370.18,1707116.97180127
1782815400000,370.198,370.437,369.911,370.437,4909378.31399491
1782816300000,370.452,370.595,370.292,370.292,2759308.36833469
1782817200000,370.37,370.58,370.193,370.28,6344408.52618402
1782818100000,370.3,370.409,369.986,370.26,12400910.17624307
1782819000000,369.74,370.32,369.74,369.74,12342719.66402393
1782819900000,370.5,370.633,369.142,369.4,13385780.9497812
1782820800000,369.0,369.468,369.0,369.35,10393768.64377216
1782821700000,368.97,369.26,368.01,368.01,50842908.67665306
1782822600000,368.49,369.217,368.2,368.21,12150348.29837489
1782823500000,369.15,369.325,368.663,368.715,11021552.78812068
1782824400000,368.78,368.919,368.304,368.78,9220517.31529165
1782825300000,368.82,372.0,368.233,371.99,56828941.52769044
1782826200000,370.93,371.89,367.52,369.87,937937910.6575733
1782827100000,369.91,372.58,369.75,371.5,617185773.1272792
1782828000000,371.53,372.23,370.46,371.54,439641568.38291496
1782828900000,371.53,372.53,371.43,371.98,343446308.65770495
1782829800000,371.94,372.5,371.31,372.2,310866728.06173944
1782830700000,372.32,372.6,369.19,369.765,467319753.43436754
1782831600000,369.73,370.02,368.19,369.605,318393984.4748053
1782832500000,369.57,370.68,369.24,370.68,277030081.27294314
1782833400000,370.64,370.91,370.02,370.125,236902321.13521278
1782834300000,370.13,370.745,369.83,370.325,356632809.9301537
1782835200000,370.555,371.41,370.25,370.66,238392037.1243284
1782836100000,370.625,371.07,370.485,370.925,160703082.99300203
1782837000000,370.805,371.157,370.535,370.99,197910527.52512333
1782837900000,371.005,373.36,370.98,372.73,443796058.56269234
1782838800000,372.73,373.0,370.72,370.77,285932017.7383633
1782839700000,370.82,371.69,370.784,371.29,310936790.2006074
1782840600000,371.38,371.445,370.6,370.95,193502891.3750418
1782841500000,370.755,371.42,370.43,370.89,217146021.82134593
1782842400000,370.86,371.16,370.38,370.69,243589998.6140241
1782843300000,370.68,371.42,370.68,370.79,245613418.46916083
1782844200000,370.7,370.92,370.35,370.37,332244181.92310387
1782845100000,370.355,370.76,369.84,370.475,437306674.9265503
1782846000000,370.49,371.35,370.36,371.32,281500826.7961588
1782846900000,371.28,371.83,371.02,371.19,308047408.8377397
1782847800000,371.215,372.26,371.13,371.845,479653738.5766218
1782848700000,371.84,374.12,370.9,372.92,1885360755.5982087
1782849600000,373.99,373.99,372.905,373.55,5360184143.054707
1782850500000,373.21,373.575,373.125,373.21,62268010.62823233
1782851400000,373.51,373.62,373.325,373.51,14416939.02390016
1782852300000,373.11,373.545,373.11,373.32,34939237.84554252
1782853200000,373.98,374.29,373.203,374.29,9217974.69080935
1782854100000,374.325,374.717,374.132,374.51,27231452.84957643
1782855000000,374.6,374.675,374.245,374.5,10490675.49102559
1782855900000,374.91,376.109,374.453,375.39,328055114.09494466
1782856800000,375.99,375.99,375.172,375.36,9954731.65991154
1782857700000,375.51,376.331,375.42,375.66,10767706.55307806
1782858600000,375.888,376.127,375.77,375.8,6492119.74481759
1782859500000,375.61,375.8,375.29,375.29,4275309.37593518
1782860400000,375.425,375.596,375.291,375.291,4698816.45128158
1782861300000,375.275,375.347,374.95,375.01,4562737.44729362
1782862200000,375.16,375.423,375.02,375.16,3939415.83841779
1782863100000,375.22,375.565,375.22,375.22,2858055.11735483
1782864000000,375.56,375.89,374.89,375.1,1797637.05
1782864900000,375.09,375.1,374.52,374.7,1592521.52
1782865800000,374.97,375.51,374.95,375.44,869611.1
1782866700000,375.45,375.65,375.23,375.24,593264.18
1782867600000,375.21,375.26,374.51,374.59,1343194.59
1782868500000,374.72,375.45,374.72,375.38,1783823.04
1782869400000,375.36,375.37,374.83,375.01,316606.1
1782870300000,375.02,375.32,375.0,375.11,1125787.21
1782871200000,375.13,375.14,374.51,374.68,1269123.05
1782872100000,374.71,374.84,374.45,374.63,761983.77
1782873000000,374.56,374.94,374.55,374.83,1161058.74
1782873900000,374.92,375.16,374.86,375.07,709518.53
1782874800000,375.08,375.49,375.05,375.42,584675.59
1782875700000,375.46,375.46,375.16,375.23,237955.07
1782876600000,375.24,375.39,375.15,375.21,166238.0
1782877500000,375.23,375.62,375.18,375.43,471225.29
1782878400000,375.39,375.48,375.23,375.28,462868.83
1782879300000,375.26,375.45,375.12,375.45,297540.61
1782880200000,375.44,375.78,375.26,375.77,552269.42
1782881100000,375.76,376.15,375.76,375.82,762133.56
1782882000000,375.83,375.95,375.65,375.66,446427.07
1782882900000,375.66,375.74,375.24,375.48,857898.02
1782883800000,375.46,375.53,375.3,375.51,532689.02
1782884700000,375.47,375.83,375.4,375.83,686306.18
1782885600000,375.83,375.83,375.43,375.52,748782.53
1782886500000,375.51,375.55,375.31,375.52,564640.96
1782887400000,375.5,375.56,375.36,375.55,1180169.11
1782888300000,375.54,375.69,375.43,375.62,1592343.73
1782889200000,375.64,375.66,375.29,375.35,1639729.2
1782890100000,375.32,375.45,375.01,375.28,2326265.72
1782891000000,375.27,375.36,375.09,375.14,656960.58
1782891900000,375.2,375.83,375.0,375.83,737938.92
1782892800000,375.94,376.8,375.056,376.8,33041192.29296246
1782893700000,376.56,377.875,376.493,377.86,8893342.14476929
1782894600000,377.869,378.605,377.869,378.294,17005814.17044128
1782895500000,378.296,378.66,378.105,378.12,10089385.2133651
1782896400000,378.6,379.248,378.122,379.01,8049104.09934244
1782897300000,379.68,379.68,378.905,379.68,10173884.26672633
1782898200000,378.94,379.419,378.617,378.94,9046833.76755083
1782899100000,379.01,379.28,378.49,379.14,10296948.24094644
1782900000000,378.65,378.79,378.25,378.65,7719783.13930676
1782900900000,378.79,379.649,378.57,379.2,7476606.55615661
1782901800000,379.99,380.227,379.154,379.51,11423803.06683279
1782902700000,379.346,379.375,378.62,378.62,6543821.83889455
1782903600000,378.25,379.501,378.25,379.29,16678833.52208108
1782904500000,380.01,380.347,379.25,380.12,19642412.82389208
1782905400000,379.69,380.01,379.187,379.98,12363705.86713899
1782906300000,379.51,379.546,379.31,379.47,17322950.03885852
1782907200000,379.7,379.973,379.45,379.87,14589558.9761252
1782908100000,379.62,379.985,379.586,379.7,11969161.63317595
1782909000000,379.63,379.863,376.513,376.73,79307792.53251734
1782909900000,376.7,381.036,376.304,380.99,76823420.99000238
1782910800000,380.01,380.582,378.804,380.51,29595501.60459554
1782911700000,380.7,382.98,379.927,381.39,77675632.13738342
1782912600000,380.94,380.96,376.58,377.147,569115483.0656326
1782913500000,377.19,378.5,374.9,377.556,473904575.3905312
1782914400000,377.75,380.65,376.78,380.1,578731031.9354827
1782915300000,380.095,383.22,379.83,382.31,680060773.2150156
1782916200000,382.22,384.46,381.44,383.875,683548624.4257998
1782917100000,383.73,385.43,382.99,385.34,833332575.8174014
1782918000000,385.33,387.0,384.81,386.34,564704958.847377
1782918900000,386.345,387.78,386.15,386.76,773900948.3808162
1782919800000,386.805,386.878,384.19,384.6,546655590.3683351
1782920700000,384.56,386.065,383.83,385.77,353044490.4886835
1782921600000,385.774,386.34,385.59,386.215,276759730.70271224
1782922500000,386.23,386.4,385.08,385.63,514989373.531046
1782923400000,385.62,386.31,385.381,386.08,218339169.69151497
1782924300000,386.09,387.045,385.68,386.3,306428164.56142503
1782925200000,386.33,387.09,386.08,386.81,274038975.8392529
1782926100000,386.78,388.12,386.778,387.86,394022191.96605575
1782927000000,387.86,387.99,386.57,386.66,282881458.7460351
1782927900000,386.73,388.26,386.687,387.745,273774195.97380626
1782928800000,387.745,388.84,387.61,387.85,436407252.4169121
1782929700000,387.91,388.63,387.23,388.14,323216187.0995349
1782930600000,388.155,388.31,387.625,387.625,312203742.2227544
1782931500000,387.64,387.78,386.8,386.95,324722832.5840537
1782932400000,386.93,388.01,386.65,387.13,673952216.514064
1782933300000,387.09,387.1,385.13,385.13,596328950.1828251
1782934200000,385.165,385.6,384.82,385.595,519011599.8237006
1782935100000,385.54,385.77,383.05,384.37,1535572602.4913993
1782936000000,383.67,385.073,383.203,384.5,2639156419.3738356
1782936900000,384.8,385.049,384.645,384.8,441934622.10099053
1782937800000,384.68,384.835,384.439,384.68,19423401.03047402
1782938700000,384.56,384.689,384.355,384.533,131539686.88347203
1782939600000,384.528,384.695,384.455,384.555,2795530.10705784
1782940500000,384.51,384.6,384.395,384.51,3519065.05245082
1782941400000,384.58,384.58,384.37,384.58,3061597.55718733
1782942300000,384.579,384.615,384.535,384.535,276857575.0845541
1782943200000,383.84,384.535,383.704,383.76,4547481.61376853
1782944100000,383.89,384.2,383.76,383.89,4991639.56435322
1782945000000,383.855,383.989,383.801,383.95,2005968.48802742
1782945900000,383.946,384.335,383.745,384.157,4436888.84424122
1782946800000,384.134,384.134,383.759,383.784,14094788.01448352
1782947700000,383.785,384.2,383.764,384.198,2535906.82481227
1782948600000,384.197,384.499,384.195,384.427,3234486.66947863
1782949500000,384.64,384.98,384.359,384.46,6913860.04305984
1782950400000,384.28,384.69,383.08,383.44,1764705.22
1782951300000,383.65,384.84,383.6,384.84,914807.91
1782952200000,384.73,385.0,384.64,384.64,730849.89
1782953100000,384.64,385.41,384.48,385.28,1218240.96
1782954000000,385.26,385.83,385.16,385.64,969143.03
1782954900000,385.62,385.62,384.75,384.93,1642633.54
1782955800000,384.91,385.49,384.88,385.22,1163899.37
1782956700000,385.22,385.54,384.96,385.0,750517.68
1782957600000,384.99,385.19,384.81,385.19,668710.65
1782958500000,385.24,385.47,385.24,385.35,1287824.1
1782959400000,385.3,385.47,385.26,385.45,359507.32
1782960300000,385.45,385.76,385.44,385.7,1125947.88
1782961200000,385.76,385.86,385.27,385.43,1460433.07
1782962100000,385.43,385.43,385.22,385.31,720521.77
1782963000000,385.39,385.72,385.39,385.51,726763.75
1782963900000,385.4,385.49,385.29,385.41,356832.64
1782964800000,385.47,385.52,385.29,385.29,635994.87
1782965700000,385.27,385.4,385.07,385.31,853285.16
1782966600000,385.29,385.29,384.81,384.9,1570292.61
1782967500000,384.9,385.5,384.9,385.47,290026.58
1782968400000,385.47,385.81,385.34,385.51,887105.39
1782969300000,385.53,385.53,384.79,384.79,1390151.95
1782970200000,384.81,385.0,384.44,384.44,835139.11
1782971100000,384.43,384.71,384.27,384.55,963868.44
1782972000000,384.67,385.56,384.67,385.0,3730981.82
1782972900000,384.81,385.4,384.7,385.15,1088961.08
1782973800000,385.18,385.67,385.18,385.54,2977949.32
1782974700000,385.48,386.5,385.4,386.5,1723381.11
1782975600000,386.5,387.1,385.46,385.46,4184265.74
1782976500000,385.43,385.69,384.99,385.12,2732475.55
1782977400000,385.11,385.89,385.01,385.72,1796011.52
1782978300000,385.9,385.9,385.01,385.32,805462.85
1782979200000,386.86,387.075,385.067,386.66,51989355.87073082
1782980100000,387.0,387.665,386.35,386.8,7912903.86438861
1782981000000,387.221,387.61,386.52,387.165,7432241.29459216
1782981900000,386.01,387.165,385.687,385.71,8839217.36394962
1782982800000,385.35,385.687,385.215,385.35,5219592.82071509
1782983700000,385.62,386.21,385.62,385.66,3852955.88326483
1782984600000,385.71,385.966,385.3,385.3,3828955.03527296
1782985500000,385.295,386.049,385.066,385.682,6190982.689480046
1782986400000,385.105,385.671,385.105,385.105,4517819.05751992
1782987300000,386.41,386.725,385.587,386.41,4954672.43908047
1782988200000,385.784,386.269,385.515,385.86,3749620.6757171
1782989100000,385.7,386.498,385.586,385.7,5083620.98466972
1782990000000,386.4,387.407,386.008,387.0,12835837.41655343
1782990900000,387.26,387.469,386.99,386.99,8008548.75654203
1782991800000,386.63,387.403,386.189,386.7,8086695.48937445
1782992700000,385.77,386.225,385.01,385.28,21579873.95253659
1782993600000,385.585,385.75,382.958,383.21,23234280.0943173
1782994500000,382.69,383.387,381.615,382.03,26796047.90699999
1782995400000,382.3,383.289,381.0,382.21,45426092.81095915
1782996300000,382.66,384.099,382.556,383.81,34672615.61200527
1782997200000,384.01,384.858,383.42,383.42,21764183.95452196
1782998100000,383.45,384.735,383.403,383.435,36112805.6075245
1782999000000,384.47,387.215,383.73,386.09,929773987.0020348
1782999900000,385.5,386.59,384.99,386.43,500488783.68118155
1783000800000,386.32,388.02,385.985,387.58,349938159.33308524
1783001700000,387.56,389.75,387.26,388.699,371764333.3900391
1783002600000,388.655,390.44,387.76,388.6,632021571.1512108
1783003500000,388.73,390.34,388.35,390.07,498533682.9697143
1783004400000,389.99,390.555,387.62,388.99,666485663.4049581
1783005300000,389.125,389.64,386.36,387.695,559889479.6431761
1783006200000,387.84,388.89,387.6,388.344,244087138.82885402
1783007100000,388.34,389.31,388.11,389.13,322296647.5225031
1783008000000,389.25,390.07,388.43,390.06,875265752.6464376
1783008900000,390.05,390.89,389.51,390.89,405226413.0425546
1783009800000,390.95,391.03,389.42,390.64,385457492.13302064
1783010700000,390.631,390.631,389.48,390.381,291605329.3604404
1783011600000,390.44,390.89,388.79,390.84,347014233.83413327
1783012500000,390.795,391.77,390.69,391.66,311889750.67980415
1783013400000,391.67,392.09,390.24,390.595,365211854.5241034
1783014300000,390.675,390.86,390.16,390.61,256790652.56137583
1783015200000,390.64,391.845,390.18,391.31,309507876.1526285
1783016100000,391.34,391.37,389.725,390.96,315579189.84730935
1783017000000,391.01,391.56,390.735,391.27,203919319.87159428
1783017900000,391.23,391.286,390.17,390.88,239265339.423205
1783018800000,390.866,392.2,390.145,391.31,319852102.0498132
1783019700000,391.15,391.85,391.065,391.21,463382949.9534257
1783020600000,391.21,391.5,390.28,390.615,364141558.16832834
1783021500000,390.635,391.43,389.665,389.8,1390215750.6742785
1783022400000,389.825,390.328,389.253,389.615,2906766576.6882067
1783023300000,389.87,390.971,389.704,390.11,31617637.95821624
1783024200000,390.41,390.65,390.148,390.5,72797473.58953542
1783025100000,390.52,390.75,390.36,390.52,5367020.98299134
1783026000000,390.455,390.88,390.4,390.75,149920177.9992332
1783026900000,390.68,390.825,390.475,390.532,2809593.848007818
1783027800000,390.531,390.569,390.142,390.525,269895049.25356394
1783028700000,390.41,390.56,390.35,390.41,69727471.30650938
1783029600000,390.4,390.4,390.275,390.37,6858899.03816855
1783030500000,390.37,390.37,390.113,390.12,5021113.47723659
1783031400000,390.15,390.627,390.004,390.29,3070304.18760323
1783032300000,390.51,390.61,390.313,390.51,3716013.81736466
1783033200000,390.79,390.895,390.35,390.79,2206739.26347356
1783034100000,390.4,390.75,390.261,390.75,4292515.05544401
1783035000000,390.75,391.316,390.565,390.734,3029799.2900464563
1783035900000,390.734,390.825,390.425,390.8,3262932.7973674033
1783044000000,390.59,390.59,390.59,390.59,39.059
1783045800000,390.64,390.64,390.64,390.64,39.064
1783048500000,390.92,390.92,390.92,390.92,10.711208
1783050300000,390.59,390.59,390.53,390.53,509.252207
1783060200000,390.78,390.78,390.78,390.78,11.91879
1783061100000,390.78,390.78,390.32,390.32,749.557318
1783062000000,390.61,390.61,390.61,390.61,22.850685
1783062900000,390.61,390.61,390.24,390.24,25.143925
1783070100000,390.24,390.24,390.13,390.13,608.372468
1783075500000,390.42,392.97,390.42,392.97,1828.761953
1783083600000,390.44,390.45,390.41,390.41,135.793762
1783089000000,390.7,390.8,390.65,390.8,101.28481
1783095300000,390.81,390.9,390.41,390.41,119.898794
1783096200000,390.84,390.84,390.84,390.84,8.59848
1783097100000,390.5,390.94,390.5,390.94,27.384302
1783098000000,390.96,390.96,390.96,390.96,0.938304
1783104300000,390.41,390.41,390.41,390.41,13.625309
1783125000000,390.62,390.62,390.62,390.62,10.976422
1783128600000,390.62,390.73,390.62,390.73,13.362878
1783143000000,390.77,391.16,390.77,391.16,976.95345
1783163700000,390.94,390.94,390.1,390.1,1288.057465
1783169100000,390.38,391.54,390.38,391.54,1867.109004
1783172700000,390.95,390.95,390.95,390.95,123.38382
1783175400000,390.95,390.95,390.9,390.9,81.03996
1783177200000,390.9,390.9,390.9,390.9,13.32969
1783178100000,390.9,390.9,390.9,390.9,215.11227
1783180800000,390.9,390.9,390.89,390.89,47.767369
1783181700000,390.9,390.9,390.89,390.89,110.036943
1783183500000,390.89,390.89,390.89,390.89,11.140365
1783209600000,390.89,390.89,390.89,390.89,26.697787
1783216800000,390.9,390.9,390.9,390.9,10.98429
1783217700000,390.89,390.89,390.77,390.77,216.109271
1783218600000,390.9,390.9,390.9,390.9,11.53155
1783221300000,390.77,390.77,390.77,390.77,13.129872
1783231200000,390.9,390.9,390.9,390.9,13.60332
1783233900000,390.9,390.9,390.77,390.77,65.262048
1783237500000,390.9,390.9,390.9,390.9,58.51773
1783238400000,390.9,390.9,390.9,390.9,44.99259
1783242900000,390.9,390.9,390.73,390.73,24.895588
1783253700000,390.73,390.73,389.71,389.71,1427.606772
1783254600000,389.85,389.85,389.85,389.85,18.63483
1783261800000,390.49,390.5,390.49,390.5,99.966491
1783267200000,390.5,390.5,390.5,390.5,23.23475
1783269000000,390.47,390.52,390.0,390.0,58.803101
1783285200000,390.0,390.0,390.0,390.0,49.998
1783296000000,390.91,393.0,390.83,391.73,6494648.85
1783296900000,391.68,392.53,391.63,391.96,3301268.61
1783297800000,391.95,392.28,391.5,391.71,2304108.45
1783298700000,391.65,392.03,391.45,391.46,2015215.27
1783299600000,391.46,391.46,390.82,390.99,2885204.95
1783300500000,391.01,391.2,389.21,389.91,3686598.76
1783301400000,390.01,390.84,390.0,390.14,1693013.69
1783302300000,390.06,390.93,389.54,390.77,3241932.13
1783303200000,390.75,390.89,390.12,390.33,949539.17
1783304100000,390.34,390.72,390.04,390.51,732705.31
1783305000000,390.52,390.59,390.25,390.25,1507081.96
1783305900000,390.26,390.48,390.17,390.45,418802.26
1783306800000,390.38,390.38,389.64,389.74,1353954.61
1783307700000,389.78,390.18,389.77,390.15,389970.15
1783308600000,390.11,390.15,389.79,389.82,437542.16
1783309500000,389.84,390.0,389.31,390.0,1251665.46
1783310400000,389.99,390.28,389.8,390.23,234763.41
1783311300000,390.12,390.56,390.12,390.48,308841.88
1783312200000,390.55,390.57,390.32,390.4,420487.7
1783313100000,390.4,390.42,390.12,390.12,218951.49
1783314000000,390.19,390.19,389.66,389.71,1591991.68
1783314900000,389.72,389.89,389.59,389.61,595824.66
1783315800000,389.57,389.61,389.11,389.59,1364012.03
1783316700000,389.58,389.61,389.28,389.46,281229.4
1783317600000,389.45,389.6,389.13,389.2,737920.61
1783318500000,389.22,389.46,389.21,389.32,321580.56
1783319400000,389.34,389.61,389.24,389.5,1096192.97
1783320300000,389.52,389.69,389.37,389.5,416821.49
1783321200000,389.5,390.73,389.24,390.71,2237743.61
1783322100000,390.75,390.88,390.22,390.37,1843853.97
1783323000000,390.39,390.71,390.37,390.68,935853.97
1783323900000,390.77,390.8,390.41,390.5,985721.01
1783324800000,392.16,392.16,390.599,391.98,32304100.40327456
1783325700000,390.771,390.875,390.37,390.821,3306372.15513975
1783326600000,391.01,391.42,390.56,391.01,3845658.70758398
1783327500000,391.395,391.501,391.196,391.196,4171312.54319762
1783328400000,391.196,391.196,390.84,390.997,3261403.56353208
1783329300000,391.005,391.335,391.005,391.285,2167936.59992982
1783330200000,391.1,391.324,390.738,391.1,2702934.83412606
1783331100000,391.45,391.595,390.735,391.45,5095228.11423371
1783332000000,391.38,391.575,390.836,391.01,3226729.43819148
1783332900000,391.008,391.3,390.821,391.16,2702072.41423461
1783333800000,391.16,391.475,391.16,391.3,2699124.36520642
1783334700000,391.3,391.3,390.725,391.05,2427419.01810482
1783335600000,390.92,391.389,390.515,390.92,10965038.4996935
1783336500000,390.57,390.749,390.01,390.15,8514624.38623515
1783337400000,389.98,390.324,389.29,389.29,5504793.74223081
1783338300000,388.49,389.465,388.237,388.49,11156660.46026407
1783339200000,388.355,388.695,387.828,388.094,15230191.54492305
1783340100000,387.89,388.215,387.176,387.24,13400720.56314063
1783341000000,387.47,387.689,387.17,387.42,9535691.77068805
1783341900000,387.3,387.374,386.646,387.0,20909741.89079144
1783342800000,387.21,387.31,386.427,386.5,12452188.85347762
1783343700000,386.81,387.501,386.583,387.0,26760901.43532614
1783344600000,387.085,389.03,381.325,384.14,1165653651.6243114
1783345500000,384.23,385.76,383.29,384.94,508004317.07163686
1783346400000,384.96,385.39,383.18,383.72,585034193.812356
1783347300000,384.116,384.121,384.104,384.104,445479879.6846798
1783348200000,384.07,384.75,382.62,384.12,448006907.2976075
1783349100000,384.07,385.27,383.9,385.265,373781326.3095917
1783350000000,385.29,386.17,385.06,385.905,319179432.845114
1783350900000,385.82,386.88,385.39,386.765,305461583.8795057
1783351800000,386.765,387.01,386.32,386.59,299471838.1088809
1783352700000,386.595,386.84,386.08,386.08,251926324.63139197
1783353600000,386.03,386.29,384.409,384.58,318520068.3019536
1783354500000,384.61,384.77,383.69,384.045,280606894.6297141
1783355400000,384.07,384.88,383.85,384.778,471673815.14411116
1783356300000,384.725,385.29,384.64,385.06,200690300.52250096
1783357200000,385.06,386.16,385.06,385.79,206845395.1595561
1783358100000,385.74,386.125,385.315,385.81,191211030.5823672
1783359000000,385.815,386.07,385.165,385.32,167477402.1743187
1783359900000,384.647,384.647,384.647,384.647,205734645.27898425
1783360800000,384.74,385.77,384.19,385.77,236012841.85870418
1783361700000,385.83,386.59,385.699,386.35,199181177.8720833
1783362600000,386.395,386.78,385.99,386.105,165796970.03236058
1783363500000,386.105,386.54,385.62,385.795,179187537.32128632
1783364400000,385.82,386.29,385.798,386.195,224819125.06327537
1783365300000,386.18,386.53,385.74,386.32,409789556.5651788
1783366200000,386.31,386.73,386.0,386.71,268617985.46266264
1783367100000,386.72,387.19,386.33,386.82,835658240.5273817
1783368000000,386.786,387.263,386.58,387.176,2858829918.887394
1783368900000,387.17,387.277,387.11,387.13,42132229.48151953
1783369800000,387.13,387.27,386.882,387.0,6651431.64666199
1783370700000,386.925,387.15,386.87,387.12,148770720.64581183
1783371600000,387.055,387.15,386.511,387.055,4530274.81434128
1783372500000,387.39,387.575,386.477,387.39,15066346.11693163
1783373400000,387.54,387.54,386.91,387.12,18155671.60399638
1783374300000,387.12,387.283,387.02,387.05,62971404.11657534
1783375200000,387.05,387.215,386.787,387.208,486103465.0788485
1783376100000,387.206,387.283,387.051,387.245,2722705.4148816145
1783377000000,387.245,387.273,387.145,387.173,1299535.02826094
1783377900000,387.02,387.195,386.97,386.99,4547438.09280866
1783378800000,386.976,387.2,386.919,386.925,1931148.23004049
1783379700000,386.51,387.0,384.37,385.45,14808358.62085219
1783380600000,385.51,386.005,385.28,385.51,4419049.27149071
1783381500000,385.568,386.31,385.285,386.31,3736635.06828136
1783382400000,385.55,386.65,385.55,386.36,577124.86
1783383300000,386.46,386.99,386.46,386.76,239429.06
1783384200000,386.73,386.73,386.31,386.65,522588.91
1783385100000,386.65,386.8,386.55,386.67,1050245.33
1783386000000,386.68,386.7,386.23,386.5,719165.97
1783386900000,386.47,386.85,386.4,386.85,1504460.37
1783387800000,386.84,386.99,386.62,386.72,1105354.2
1783388700000,386.7,386.97,386.7,386.79,572921.94
1783389600000,386.69,386.98,386.66,386.97,504420.99
1783390500000,386.98,387.12,386.91,387.08,804590.9
1783391400000,387.08,387.16,386.92,387.16,652544.43
1783392300000,387.15,387.46,387.08,387.26,1220366.77
1783393200000,387.33,387.6,387.33,387.52,680037.16
1783394100000,387.5,387.51,386.95,387.0,1171199.5
1783395000000,386.98,387.78,386.98,387.78,1055475.37
1783395900000,387.69,387.75,387.27,387.44,909293.06
1783396800000,387.52,387.71,387.28,387.62,995993.43
1783397700000,387.69,388.42,387.62,388.41,2216834.17
1783398600000,388.47,388.51,388.14,388.35,1362239.59
1783399500000,388.29,389.11,388.22,389.0,1756409.4
1783400400000,389.12,389.71,387.96,387.99,2741934.5
1783401300000,388.14,388.5,387.97,388.49,2167448.78
1783402200000,388.5,389.01,388.29,388.29,1210795.66
1783403100000,388.46,388.66,388.25,388.64,790785.0
1783404000000,388.6,388.66,388.19,388.38,2517025.04
1783404900000,388.24,388.65,388.12,388.49,659959.79
1783405800000,388.51,388.78,388.35,388.78,638629.96
1783406700000,388.79,388.95,388.54,388.83,638258.81
1783407600000,388.87,389.59,388.76,389.41,1168689.2
1783408500000,389.41,389.64,389.29,389.42,1589293.46
1783409400000,389.41,389.47,389.18,389.21,1071699.13
1783410300000,389.19,389.41,388.1,388.1,350725.73
1783411200000,389.29,391.796,386.31,391.62,55747473.73391318
1783412100000,391.8,392.212,391.23,391.8,8450396.76725104
1783413000000,392.04,392.284,391.286,392.04,4596433.89212454
1783413900000,392.26,392.406,391.525,392.26,4977579.72342755
1783414800000,392.8,393.24,392.125,392.99,7131445.98808786
1783415700000,392.58,393.178,392.213,392.51,7213165.76520622
1783416600000,393.0,393.435,392.961,393.37,13961476.54109517
1783417500000,393.19,393.435,392.49,392.68,5900577.26660723
1783418400000,392.35,392.542,392.05,392.31,3271581.9716254
1783419300000,392.02,392.687,391.844,392.16,10027579.61800744
1783420200000,392.66,392.66,392.105,392.66,5333818.95684449
1783421100000,392.572,392.572,391.578,391.612,3389306.74446456
1783422000000,391.61,393.48,391.61,393.29,25306920.59675391
1783422900000,392.3,393.194,392.3,392.3,18899439.96356102
1783423800000,392.353,393.0,392.353,392.907,6235539.189305195
1783424700000,392.95,393.125,392.207,392.51,16335554.94878178
1783425600000,391.98,392.415,391.34,391.98,21864678.09597798
1783426500000,391.68,392.12,391.537,391.88,13639746.84421787
1783427400000,391.64,392.093,391.592,391.64,12914863.35353128
1783428300000,392.44,392.785,391.817,392.69,10423825.6198516
1783429200000,393.01,393.593,392.356,392.79,16304985.5454154
1783430100000,392.69,410.834,392.351,392.68,21461168.55627848
1783431000000,392.46,394.555,388.59,390.14,1242275340.711507
1783431900000,393.204,393.324,393.204,393.324,416338125.9129848
1783432800000,393.31,393.36,391.545,392.97,466920377.51432705
1783433700000,393.0,395.55,392.44,393.88,812854499.0539398
1783434600000,393.91,394.88,392.42,393.95,456206957.99722904
1783435500000,393.99,394.25,391.51,391.91,391449978.8038294
1783436400000,391.94,394.08,391.79,392.043,255544910.45761424
1783437300000,392.08,393.74,391.925,393.36,257163138.08457798
1783438200000,393.39,393.86,392.54,393.42,265333960.09788257
1783439100000,393.44,394.12,392.85,393.72,287528200.66283685
1783440000000,393.8,394.25,393.04,393.24,312234565.7934504
1783440900000,393.26,394.35,392.74,394.03,367177401.0765765
1783441800000,394.12,394.85,393.59,394.225,293973954.9343589
1783442700000,394.23,394.615,393.965,394.18,181322626.6301538
1783443600000,394.035,394.31,393.36,393.56,180808904.59356
1783444500000,393.551,393.82,393.0,393.595,169771112.14679646
1783445400000,393.5,393.585,392.75,393.04,162017044.06041408
1783446300000,393.04,393.14,392.3,392.78,178728516.74046367
1783447200000,392.8,393.38,392.58,392.63,204278292.83092988
1783448100000,392.64,393.1,391.72,391.82,380210442.4048608
1783449000000,391.86,392.035,391.445,391.782,171573996.0346426
1783449900000,391.765,391.83,390.69,391.055,200496788.86514056
1783450800000,391.04,391.045,389.86,389.89,261443169.0445659
1783451700000,389.88,390.36,389.46,389.51,298213488.9699261
1783452600000,389.53,390.16,389.08,389.12,280108152.6782118
1783453500000,389.12,389.4,388.24,388.78,728746205.1729435
1783454400000,388.7,389.095,388.583,388.81,1522504190.5013592
1783455300000,388.69,388.841,388.508,388.68,8072137.43367536
1783456200000,388.6,388.835,388.475,388.6,4290987.10441621
1783457100000,388.835,388.995,388.79,388.984,9220972.918974848
1783458000000,388.997,389.6,388.993,389.6,6767905.74633307
1783458900000,389.52,389.6,389.4,389.51,5519609.2749212
1783459800000,389.59,389.624,389.525,389.59,2855026.33753291
1783460700000,389.5,389.59,389.5,389.5,28257892.21703889
1783461600000,389.39,389.56,388.317,388.9,32546957.54748817
1783462500000,388.49,388.615,388.32,388.49,6667743.25763016
1783463400000,388.585,388.585,388.265,388.409,2741112.82250373
1783464300000,388.47,388.566,388.117,388.29,3393914.22039773
1783465200000,388.448,388.6,388.145,388.42,9531515.16951086
1783466100000,388.445,388.675,388.404,388.425,2796939.2160591
1783467000000,388.402,388.599,388.285,388.322,2844795.47142679
1783467900000,388.3,388.472,388.12,388.3,5988690.04627681
1783468800000,388.0,388.85,387.49,388.85,808737.49
1783469700000,388.93,389.07,388.68,389.01,787193.86
1783470600000,389.0,389.07,388.7,388.86,689572.62
1783471500000,388.85,388.89,387.8,388.05,1348900.61
1783472400000,388.03,388.36,387.87,388.28,1375194.25
1783473300000,388.28,388.51,387.96,388.12,838099.03
1783474200000,388.1,388.48,388.02,388.41,210754.74
1783475100000,388.38,388.39,387.96,388.1,702062.95
1783476000000,388.1,388.11,387.44,387.84,1717502.87
1783476900000,387.85,388.05,387.71,387.99,212886.34
1783477800000,387.81,387.98,387.71,387.95,173363.25
1783478700000,388.0,388.06,387.49,387.87,385419.94
1783479600000,387.84,388.08,387.79,387.97,575721.93
1783480500000,387.93,388.27,387.79,388.27,558612.91
1783481400000,388.27,388.61,388.13,388.25,1271113.58
1783482300000,388.36,388.39,388.12,388.12,69112.18
1783483200000,388.12,388.28,387.99,388.21,391644.53
1783484100000,388.2,388.44,388.2,388.41,493613.65
1783485000000,388.41,388.41,388.12,388.12,498942.01
1783485900000,388.21,388.29,388.07,388.14,501529.41
1783486800000,388.19,388.31,388.16,388.24,641420.39
1783487700000,388.29,388.4,388.2,388.32,592971.46
1783488600000,388.29,388.47,388.09,388.36,491483.96
1783489500000,388.38,388.41,388.0,388.16,426944.72
1783490400000,388.31,388.38,388.13,388.3,666688.69
1783491300000,388.31,388.94,388.3,388.66,2067594.09
1783492200000,388.71,389.01,388.49,388.59,3413316.43
1783493100000,388.58,390.53,388.58,390.24,3693484.12
1783494000000,390.24,390.3,389.5,389.73,2612502.21
1783494900000,389.6,389.9,389.21,389.34,1249263.22
1783495800000,389.35,389.88,388.99,388.99,1436554.75
1783496700000,389.26,389.42,388.8,388.9,402821.75
1783497600000,388.285,389.725,388.285,388.908,39448868.15434842
1783498500000,388.01,388.882,385.745,386.15,16106278.56913071
1783499400000,385.59,386.104,384.107,384.35,21685164.77522274
1783500300000,384.42,384.97,382.874,383.93,15880697.52356594
1783501200000,383.4,383.824,382.29,382.46,15482432.47010091
1783502100000,382.38,383.339,382.09,382.09,13928931.36807309
1783503000000,382.96,383.992,382.47,382.91,10930042.30212212
1783503900000,383.27,383.458,382.66,383.22,5150152.66085462
1783504800000,383.24,383.24,382.304,382.675,4673113.65956023
1783505700000,382.26,382.86,381.975,382.0,4788320.57232188
1783506600000,383.28,383.335,382.77,383.28,5482752.64627452
1783507500000,383.36,383.915,383.18,383.83,6034693.09809036
1783508400000,383.36,383.79,382.843,383.51,9973360.72567826
1783509300000,383.26,383.55,382.905,382.99,9327983.09179041
1783510200000,382.949,384.359,382.8,383.779,10556607.79858631
1783511100000,383.57,384.299,383.567,383.57,16167910.38211034
1783512000000,384.67,384.695,383.79,384.59,7032963.32051106
1783512900000,384.573,384.622,383.841,384.254,6363114.04418849
1783513800000,384.08,384.566,383.895,384.5,10376213.47920801
1783514700000,384.07,384.57,383.251,383.4,11213758.24155501
1783515600000,383.3,383.674,382.566,382.99,18046363.17340152
1783516500000,382.6,384.131,382.01,382.69,28303441.11907953
1783517400000,383.76,385.22,381.86,384.44,875784198.3628566
1783518300000,384.4,384.705,382.41,383.265,342004830.72078973
1783519200000,383.31,384.52,382.37,382.448,236596726.08205995
1783520100000,382.01,383.13,381.34,382.245,412787075.3814963
1783521000000,382.18,383.08,381.76,382.91,290695176.6160061
1783521900000,382.99,383.83,382.62,383.15,221855394.7408328
1783522800000,383.14,383.23,382.44,382.895,223831020.05443943
1783523700000,382.89,383.13,382.03,382.03,257168696.25851318
1783524600000,382.08,382.62,381.59,382.22,195806682.7586874
1783525500000,382.14,382.92,382.055,382.705,141524434.2425114
1783526400000,382.75,382.96,382.364,382.56,128982174.62752496
1783527300000,382.61,382.84,382.079,382.48,106502887.62603754
1783528200000,382.43,383.23,382.11,382.815,160043828.03346354
1783529100000,382.695,382.97,382.06,382.11,543836788.0027659
1783530000000,382.03,382.64,381.54,382.52,216702754.91190264
1783530900000,382.51,383.556,382.493,383.49,172386533.60993472
1783531800000,383.48,383.68,382.985,383.446,226108187.850557
1783532700000,383.43,383.78,383.225,383.5,233841003.0587839
1783533600000,383.45,384.03,383.31,383.87,171343325.65031528
1783534500000,383.91,384.04,383.469,383.83,148076560.09044385
1783535400000,383.84,384.56,383.52,384.22,173399217.20134133
1783536300000,384.236,384.445,383.575,383.891,166085770.57172287
1783537200000,383.92,383.93,382.975,383.025,167728822.86369815
1783538100000,383.015,383.56,382.69,383.455,155577686.07706925
1783539000000,383.46,383.735,383.18,383.43,196981455.20285833
1783539900000,383.41,383.73,382.665,383.1,741656195.509425
1783540800000,382.9,383.22,382.752,382.935,2270885900.905438
1783541700000,382.69,382.987,382.661,382.69,8061069.25507949
1783542600000,382.783,382.949,382.387,382.785,15947266.04425798
1783543500000,382.99,383.179,382.785,382.99,5854981.46873344
1783544400000,383.16,383.21,383.125,383.19,9360250.08176551
1783545300000,383.05,383.195,382.904,383.05,1847390.88510665
1783546200000,383.14,383.225,382.989,383.14,7118902.93441755
1783547100000,383.225,383.245,383.07,383.081,1641703.63980613
1783548000000,383.081,383.4,383.08,383.175,379369538.9208151
1783548900000,383.175,383.265,383.17,383.24,1179404.63953269
1783549800000,383.24,383.4,383.24,383.24,845721.65692862
1783550700000,383.24,383.4,383.207,383.315,1090610.37756503
1783551600000,383.45,383.475,383.27,383.46,2316083.2024952
1783552500000,383.46,383.489,383.395,383.395,1336517.48765331
1783553400000,383.395,383.6,383.365,383.562,2648685.17876584
1783554300000,383.563,383.839,383.5,383.817,3505634.64356329
1783555200000,383.9,383.98,383.01,383.11,612023.8
1783556100000,383.39,384.22,383.01,384.22,743777.96
1783557000000,384.24,384.58,383.99,384.25,1070318.37
1783557900000,384.15,384.22,383.72,383.81,324408.22
1783558800000,383.82,383.86,383.38,383.75,782217.97
1783559700000,383.76,384.1,383.75,383.93,620104.38
1783560600000,383.94,383.96,383.64,383.77,641347.21
1783561500000,383.97,383.97,383.51,383.58,355268.13
1783562400000,383.57,384.23,383.57,384.23,479927.33
1783563300000,384.15,384.5,384.14,384.43,945852.13
1783564200000,384.39,384.48,384.12,384.18,509220.6
1783565100000,384.16,384.16,383.82,384.16,472321.48
1783566000000,384.14,384.26,383.87,384.11,332227.7
1783566900000,384.08,384.27,383.95,384.12,150166.2
1783567800000,384.16,384.21,384.0,384.18,172841.09
1783568700000,384.09,384.41,384.08,384.3,490792.26
1783569600000,384.34,384.41,384.22,384.22,257114.54
1783570500000,384.24,384.29,384.13,384.21,331196.32
1783571400000,384.28,384.64,384.28,384.62,1151409.81
1783572300000,384.62,384.69,384.51,384.64,274228.64
1783573200000,384.61,384.97,384.35,384.97,294255.99
1783574100000,384.9,384.99,384.63,384.78,411804.2
1783575000000,384.7,385.0,384.67,384.97,450242.33
1783575900000,384.81,385.04,384.8,384.8,1406574.11
1783576800000,384.78,385.0,384.58,385.0,1050659.8
1783577700000,384.98,385.01,384.39,384.47,1666587.76
1783578600000,384.42,384.56,384.3,384.34,1823257.12
1783579500000,384.34,384.34,384.06,384.25,473384.84
1783580400000,384.29,384.34,383.78,383.89,1289333.58
1783581300000,383.99,383.99,383.2,383.38,1666747.05
1783582200000,383.4,383.68,383.09,383.39,1528859.28
1783583100000,383.38,383.47,383.08,383.36,526298.12
1783584000000,383.819,383.905,382.2,382.2,52422094.97787372
1783584900000,382.2,382.53,382.15,382.53,4167968.21722433
1783585800000,382.53,382.635,381.57,381.57,9374156.77921755
1783586700000,381.24,381.57,380.793,381.2,11316602.35896922
1783587600000,381.37,381.546,381.076,381.34,2476795.91775765
1783588500000,381.19,381.27,380.73,381.15,3531744.49218389
1783589400000,380.79,381.378,380.7,380.79,3275277.59390552
1783590300000,380.865,381.213,380.865,381.2,1761476.59459341
1783591200000,381.2,381.7,381.2,381.505,2598638.20064524
1783592100000,381.1,381.505,379.58,379.58,14304273.11574226
1783593000000,380.34,380.755,379.395,379.51,8051442.27620253
1783593900000,379.88,379.96,378.687,379.08,10982140.3523596
1783594800000,379.62,379.784,378.822,378.94,20731894.45604104
1783595700000,379.405,379.405,377.41,377.6,49488099.76839648
1783596600000,377.62,377.778,377.01,377.01,25243676.64589529
1783597500000,377.44,377.546,376.133,376.74,29262455.21021744
1783598400000,376.75,376.99,375.327,375.59,38233514.59438615
1783599300000,375.4,376.369,375.128,375.98,46855908.74763243
1783600200000,375.9,376.433,375.8,375.9,20698229.45301761
1783601100000,376.24,376.564,375.612,375.65,27370743.32821032
1783602000000,375.32,375.654,374.69,374.69,51936574.69481294
1783602900000,374.99,376.209,374.097,374.25,54827745.32942887
1783603800000,374.46,378.5,373.38,377.952,823000840.2964994
1783604700000,378.43,379.31,377.14,378.675,440845188.2429445
1783605600000,378.67,378.78,376.155,376.21,487914618.770254
1783606500000,376.22,376.88,375.16,376.53,476015830.07667905
1783607400000,376.535,377.55,376.1,377.045,265813060.24567342
1783608300000,378.848,378.848,378.848,378.848,369014109.72522664
1783609200000,378.9,379.95,378.84,379.09,313672351.91320014
1783610100000,379.17,380.26,379.087,380.1,244075260.8985804
1783611000000,380.16,380.435,379.845,380.17,202043240.9818742
1783611900000,380.2,380.59,379.92,380.095,193644969.29976377
1783612800000,380.12,380.2,379.37,379.44,170607757.0841074
1783613700000,379.38,379.852,378.99,379.66,164710525.53375417
1783614600000,379.62,380.15,379.52,379.67,130364634.34660907
1783615500000,379.66,379.855,379.18,379.44,169626510.84111902
1783616400000,379.465,379.92,379.415,379.608,263501191.64143187
1783617300000,379.59,380.915,379.545,380.795,190786882.04314604
1783618200000,380.8,380.89,380.26,380.57,198172478.27043357
1783619100000,380.63,380.75,380.45,380.66,181650387.56795153
1783620000000,380.67,381.24,380.51,381.015,203332814.53461775
1783620900000,381.05,381.06,380.44,380.63,161936701.00777483
1783621800000,380.65,380.95,380.52,380.8,452565418.6948316
1783622700000,380.75,380.89,380.455,380.805,206318846.47373667
1783623600000,380.785,381.89,380.762,381.51,191742982.94220963
1783624500000,381.47,382.41,381.42,382.381,307303890.88339996
1783625400000,382.4,383.51,382.382,383.34,322601800.5799675
1783626300000,383.33,384.65,383.08,384.25,924484497.2669287
1783627200000,383.9,384.454,383.551,384.36,2824438330.7815137
1783628100000,384.25,384.296,384.008,384.25,6581025.91530566
1783629000000,384.275,384.315,384.057,384.16,51989421.2309009
1783629900000,384.175,384.205,384.025,384.175,128131297.40646288
1783630800000,384.125,384.325,384.055,384.265,2460411.77469876
1783631700000,384.265,384.265,384.089,384.089,58355001.87239774
1783632600000,384.084,384.084,383.795,383.795,4599416.31017305
1783633500000,383.795,383.94,383.76,383.76,31869315.36098731
1783634400000,383.765,384.1,383.679,383.777,3410083.71538727
1783635300000,383.78,383.825,383.415,383.525,2679758.31375878
1783636200000,383.62,383.85,383.525,383.62,1180311.94510863
1783637100000,383.8,383.882,383.675,383.733,2568779.789853007
1783638000000,383.727,383.882,383.552,383.851,2060284.29361732
1783638900000,384.15,384.2,383.85,384.15,2961894.27192985
1783639800000,384.29,384.395,384.1,384.29,4155331.01671498
1783640700000,384.14,384.32,384.023,384.14,3738338.68708894
1783641600000,384.37,384.61,383.8,384.52,1597814.12
1783642500000,384.52,384.55,384.11,384.19,993495.2
1783643400000,384.14,384.2,383.6,383.7,355117.86
1783644300000,383.6,383.72,383.3,383.72,699342.67
1783645200000,383.7,383.8,383.41,383.58,303764.25
1783646100000,383.6,383.79,383.5,383.54,267032.92
1783647000000,383.67,383.77,383.57,383.77,156909.7
1783647900000,383.74,384.11,383.69,383.88,359353.28
1783648800000,383.83,384.22,383.69,384.01,340202.53
1783649700000,384.0,384.2,383.96,384.11,273125.36
1783650600000,384.18,384.69,384.12,384.66,1185523.26
1783651500000,384.67,385.35,384.63,384.78,1231499.02
1783652400000,384.78,384.98,384.61,384.84,516525.59
1783653300000,384.84,384.98,384.66,384.68,177791.02
1783654200000,384.69,384.69,384.27,384.4,449853.8
1783655100000,384.44,384.51,383.99,384.01,656904.26
1783656000000,384.01,384.37,384.01,384.25,358846.25
1783656900000,384.25,384.25,383.84,383.91,373614.48
1783657800000,383.93,384.06,383.84,383.9,105571.75
1783658700000,383.89,384.31,383.82,383.9,564585.0
1783659600000,383.97,384.3,383.87,384.19,319572.59
1783660500000,384.16,384.43,384.16,384.17,262137.38
1783661400000,384.16,384.42,384.14,384.42,440055.13
1783662300000,384.4,384.41,384.1,384.2,479135.33
1783663200000,384.32,384.32,384.03,384.29,440708.35
1783664100000,384.14,384.47,384.03,384.28,541032.95
1783665000000,384.34,384.54,384.28,384.31,484782.59
1783665900000,384.37,384.79,384.37,384.79,1081448.93
1783666800000,384.79,385.82,384.7,385.76,3607774.42
1783667700000,385.76,385.98,385.5,385.78,1042301.43
1783668600000,385.81,385.81,385.34,385.38,729408.87
1783669500000,385.36,385.36,384.84,384.85,1137496.85
1783670400000,387.43,387.61,384.287,387.61,27921561.10918698
1783671300000,387.45,387.778,387.06,387.45,3995393.35599824
1783672200000,388.78,389.042,387.35,388.89,7729495.06833569
1783673100000,387.845,388.5,387.665,387.845,4238934.47956322
1783674000000,388.36,388.628,387.985,388.44,4506629.84317188
1783674900000,388.549,388.549,388.047,388.1,3177420.81207679
1783675800000,388.1,388.129,387.305,387.5,3584694.12739382
1783676700000,387.507,387.754,387.258,387.565,2416799.75829058
1783677600000,387.565,388.08,387.565,388.08,2554825.41896237
1783678500000,388.85,388.85,388.082,388.56,5069724.36557179
1783679400000,388.429,388.43,387.94,388.1,5502168.873308086
1783680300000,388.035,388.1,387.337,387.42,3404553.22839855
1783681200000,386.81,387.316,385.989,386.69,16435305.30793197
1783682100000,385.895,386.307,384.885,385.61,25404883.31058215
1783683000000,385.91,386.203,385.548,385.78,9880898.23599665
1783683900000,385.89,387.01,385.75,386.815,15007973.105433596
1783684800000,386.34,386.995,386.176,386.69,7566633.67919265
1783685700000,387.0,387.232,386.75,387.09,10356653.93021616
1783686600000,387.51,387.759,386.767,387.75,7716116.07730783
1783687500000,387.88,388.12,387.37,388.12,9680618.80950044
1783688400000,387.705,389.155,387.705,388.644,30715415.056230765
1783689300000,388.26,388.755,387.545,387.62,12328683.85616539
1783690200000,387.65,391.85,386.41,386.87,995743234.0350106
1783691100000,386.71,386.91,384.765,385.05,420169071.27252704
1783692000000,385.02,385.6,383.54,385.05,421262836.6886581
1783692900000,385.02,385.84,383.875,384.367,297035198.73919743
1783693800000,384.265,384.56,381.98,383.15,334937238.4261297
1783694700000,383.13,383.18,382.33,382.595,204143721.95377022
1783695600000,382.48,382.935,381.54,382.23,226198303.9011651
1783696500000,382.265,383.27,382.09,382.93,230780794.00777787
1783697400000,382.91,384.72,382.859,383.95,489023962.3006668
1783698300000,383.925,384.69,383.5,384.14,150445630.37136436
1783699200000,384.2,384.45,383.615,384.39,210983056.72631606
1783700100000,384.4,385.05,384.03,384.55,178073924.14204845
1783701000000,384.65,385.24,384.305,384.82,162120728.19841287
1783701900000,384.82,385.75,384.679,385.66,165194575.04911992
1783702800000,385.665,385.77,384.975,385.33,326898985.50573176
1783703700000,385.26,385.345,384.12,384.14,137547830.4501099
1783704600000,384.15,384.595,383.165,383.205,145264182.50308228
1783705500000,383.225,383.79,383.207,383.515,96889527.61831161
1783706400000,383.5,384.09,383.47,383.86,322613578.9650902
1783707300000,383.79,385.16,383.725,385.12,184970383.1166747
1783708200000,384.99,385.59,384.99,385.45,250147736.10378334
1783709100000,385.43,385.45,384.78,385.0,139036245.26966304
1783710000000,384.97,385.63,384.88,385.36,151591418.57131407
1783710900000,385.355,385.53,385.06,385.125,235743377.15848976
1783711800000,385.12,385.35,384.78,384.87,194531229.79249102
1783712700000,384.79,385.71,384.785,385.09,535327221.9961299
1783713600000,385.16,385.444,384.946,385.26,1906285762.1465816
1783714500000,385.31,385.495,385.16,385.3,19380562.4982984
1783715400000,385.21,385.3,384.916,385.21,20099490.79060688
1783716300000,385.61,385.82,385.196,385.65,15002724.92978222
1783717200000,385.63,385.821,385.47,385.63,4799465.95557314
1783718100000,385.52,385.575,384.93,385.39,63638013.52439516
1783719000000,384.93,385.197,384.83,385.197,122239824.89722598
1783719900000,385.2,385.264,385.2,385.231,1339905.6935886
1783720800000,385.229,385.255,385.19,385.195,1473784.38125433
1783721700000,385.195,385.22,385.105,385.22,1791713.73293503
1783722600000,385.22,385.25,385.161,385.22,864426.83569226
1783723500000,385.22,385.36,385.201,385.34,2229119.88883631
1783724400000,385.34,385.4,385.316,385.34,1250839.37874714
1783725300000,385.29,385.399,385.27,385.29,1744083.93002023
1783726200000,385.274,385.372,385.193,385.313,2066796.91124529
1783727100000,385.307,385.37,385.22,385.369,4241719.793826647
1783732500000,384.87,384.87,384.87,384.87,11.738535
1783738800000,385.17,385.17,384.87,384.87,181.113438
1783739700000,385.17,385.17,385.17,385.17,90.51495
1783755900000,385.17,385.18,385.17,385.18,99.990754
1783773900000,385.51,385.51,385.51,385.51,156.362856
1783774800000,384.82,384.82,384.68,384.68,344.756346
1783780200000,385.01,385.09,385.01,385.09,99.961884
1783785600000,385.09,385.09,385.09,385.09,22.373729
1783827000000,385.09,385.09,385.09,385.09,10.975065
1783861200000,384.62,384.62,384.62,384.62,155.886486
1783863000000,384.22,384.22,384.22,384.22,98.283476
1783866600000,384.44,384.57,384.44,384.57,99.998165
1783885500000,384.85,384.85,384.85,384.85,29.979815
1783900800000,385.04,386.0,383.42,385.61,4969761.81
1783901700000,385.56,385.61,384.99,385.04,1861904.38
1783902600000,385.03,385.21,384.58,384.78,666703.64
1783903500000,384.71,384.86,384.17,384.3,985548.63
1783904400000,384.21,384.48,384.1,384.3,1009145.38
1783905300000,384.4,384.51,383.16,384.02,2069247.87
1783906200000,383.95,384.71,383.61,384.4,1086915.63
1783907100000,384.25,384.81,384.25,384.8,1889676.92
1783908000000,384.8,384.8,384.43,384.51,552261.42
1783908900000,384.52,384.64,384.26,384.49,2243498.38
1783909800000,384.55,384.61,384.35,384.44,212993.8
1783910700000,384.45,384.59,383.99,384.1,1020430.61
1783911600000,384.11,385.48,384.11,385.32,2933076.54
1783912500000,385.32,385.39,384.97,385.01,1495603.06
1783913400000,385.08,385.45,384.82,384.82,1114658.75
1783914300000,384.82,384.87,384.59,384.65,215086.57
1783915200000,384.69,384.87,384.56,384.8,1057139.57
1783916100000,384.74,385.19,384.69,384.98,1278432.53
1783917000000,384.91,386.31,384.9,386.13,3669385.33
1783917900000,386.17,386.31,386.0,386.0,1500810.13
1783918800000,385.95,386.31,385.73,386.15,2163909.9
1783919700000,386.15,386.46,385.92,386.4,2322591.81
1783920600000,386.36,386.49,386.19,386.32,1744230.05
1783921500000,386.21,386.34,385.34,385.69,5733635.68
1783922400000,385.43,385.91,385.38,385.44,583924.52
1783923300000,385.44,386.5,385.43,386.47,2227146.39
1783924200000,386.46,386.69,386.34,386.51,1006459.4
1783925100000,386.49,387.04,386.4,387.04,1661081.91
1783926000000,387.06,387.51,386.83,387.51,2105386.21
1783926900000,387.4,387.43,386.9,386.91,932887.96
1783927800000,386.91,387.16,386.74,387.03,677156.95
1783928700000,387.23,387.47,387.11,387.47,474064.14
1783929600000,385.625,388.983,384.247,388.626,50574259.28754503
1783930500000,388.628,388.705,387.351,387.558,4637387.05817991
1783931400000,387.565,387.95,387.194,387.327,2679843.24273601
1783932300000,387.339,387.391,386.8,387.005,3728245.058027
1783933200000,387.06,387.645,387.019,387.44,1867003.97189652
1783934100000,387.51,387.535,387.105,387.29,1558669.39142048
1783935000000,387.33,387.553,386.836,387.33,2579208.18106915
1783935900000,386.855,387.605,386.77,387.604,1595367.50060614
1783936800000,387.6,387.855,387.1,387.6,3316533.21081843
1783937700000,387.855,388.04,387.751,388.04,1522056.02209015
1783938600000,388.039,388.04,387.75,387.75,2729759.23483374
1783939500000,387.75,387.95,387.431,387.535,1845162.80249867
1783940400000,387.535,387.545,386.335,386.856,11337193.21157236
1783941300000,386.77,387.295,386.685,386.77,5303537.37046066
1783942200000,386.01,386.7,386.01,386.24,7735776.17398388
1783943100000,386.81,386.999,386.227,386.81,5641352.94057411
1783944000000,386.99,387.48,386.683,387.39,11918074.01446038
1783944900000,387.49,387.964,386.93,387.69,7151995.11447363
1783945800000,387.28,387.924,387.051,387.28,7213922.56029188
1783946700000,387.301,387.849,387.186,387.186,3869714.35594051
1783947600000,386.94,387.397,386.94,386.94,7019623.98597511
1783948500000,386.42,387.523,386.181,386.42,16694056.64173701
1783949400000,387.9,391.08,386.3,389.5,799200174.8586824
1783950300000,389.49,389.49,385.66,387.34,457622957.74733007
1783951200000,387.4,387.695,384.57,385.835,406842104.0016662
1783952100000,385.84,386.41,384.19,385.65,385952701.16781205
1783953000000,385.68,386.24,385.43,385.835,247870992.54308847
1783953900000,385.8,389.69,385.59,389.42,400497226.6486877
1783954800000,389.46,390.62,389.34,389.78,370316694.700258
1783955700000,389.81,391.15,389.63,391.015,267652933.6032389
1783956600000,391.03,391.24,390.5,390.95,255475152.9951648
1783957500000,390.955,391.12,390.39,390.561,351325672.5241383
1783958400000,390.56,390.99,390.32,390.753,259182296.3208218
1783959300000,390.85,392.38,390.675,392.285,346825147.7589565
1783960200000,392.32,393.335,391.64,392.615,477888351.302206
1783961100000,392.73,393.21,392.475,393.03,239391260.29607055
1783962000000,393.02,393.555,392.44,392.77,263428228.7011099
1783962900000,392.74,393.17,392.27,392.5,203553080.32917342
1783963800000,392.56,392.77,392.11,392.345,180339637.5545994
1783964700000,392.335,392.615,391.405,391.87,203179130.50159216
1783965600000,391.905,392.58,391.85,392.3,167724287.57456282
1783966500000,392.24,392.51,391.99,392.372,214488035.460497
1783967400000,392.38,393.1,392.16,393.02,230662678.46423858
1783968300000,392.99,393.64,392.6,392.88,295373312.1832336
1783969200000,392.91,393.16,391.985,392.09,267011669.9937868
1783970100000,392.1,392.11,390.37,390.385,281082298.8562502
1783971000000,390.34,390.55,389.61,390.515,380736846.28750974
1783971900000,390.515,391.63,389.815,390.985,813878142.4484731
1783972800000,390.53,391.225,390.248,390.96,2479669947.822514
1783973700000,390.4,390.78,390.185,390.4,18842151.23598677
1783974600000,390.32,390.73,390.201,390.63,3926029.37820507
1783975500000,390.79,390.833,390.402,390.59,5139270.1093503
1783976400000,390.6,390.705,390.55,390.55,20349911.0976547
1783977300000,390.54,390.615,390.365,390.42,3350849.59408343
1783978200000,390.485,390.485,389.859,389.859,2140133.71514765
1783979100000,389.935,389.98,389.75,389.865,6118789.34612109
1783980000000,389.99,390.33,389.84,389.84,2881477.12541645
1783980900000,389.846,390.064,389.831,390.064,2105204.47951388
1783981800000,389.99,390.071,389.89,389.99,1381860.60124962
1783982700000,389.93,389.973,389.267,389.93,2662881.33698673
1783983600000,389.4,389.625,389.251,389.38,2641145.90950294
1783984500000,389.52,389.903,389.38,389.52,1492107.58937487
1783985400000,389.37,389.44,389.111,389.19,3924508.46441449
1783986300000,389.47,389.99,389.117,389.49,6223607.60223837
1783987200000,389.25,391.45,387.79,389.02,1059757.95
1783988100000,389.23,389.5,388.69,388.88,627112.38
1783989000000,388.84,389.52,388.84,388.97,546469.82
1783989900000,388.97,389.99,388.97,389.53,540360.62
1783990800000,389.61,389.98,389.28,389.29,484649.88
1783991700000,389.29,389.5,389.27,389.32,198195.68
1783992600000,389.3,389.38,388.88,389.12,546272.47
1783993500000,389.33,389.59,388.81,389.01,1126829.26
1783994400000,389.15,389.71,389.15,389.34,370773.25
1783995300000,389.41,389.54,389.21,389.36,689877.28
1783996200000,389.48,389.6,389.25,389.45,645230.95
1783997100000,389.5,389.67,389.29,389.47,645339.63
1783998000000,389.45,389.45,389.04,389.26,532078.56
1783998900000,389.11,389.69,389.09,389.69,1727486.59
1783999800000,389.68,389.85,389.19,389.44,232951.34
1784000700000,389.43,389.58,389.22,389.4,893558.8
1784001600000,389.4,389.55,389.23,389.51,804524.56
1784002500000,389.48,389.61,389.24,389.49,88803.82
1784003400000,389.49,389.88,389.43,389.86,237696.29
1784004300000,389.8,389.96,389.71,389.95,1144940.46
1784005200000,389.92,389.92,389.25,389.56,1407338.77
1784006100000,389.58,389.87,389.37,389.59,779191.8
1784007000000,389.61,389.89,388.84,388.92,1271810.24
1784007900000,388.96,389.01,388.19,388.49,1548074.11
1784008800000,388.49,388.82,388.3,388.81,852661.82
1784009700000,388.79,389.02,388.78,389.02,596230.23
1784010600000,389.0,389.3,389.0,389.18,1169841.07
1784011500000,389.21,389.21,388.98,388.98,348227.71
1784012400000,388.97,389.13,387.01,388.8,2230527.77
1784013300000,388.77,388.77,388.05,388.24,1436522.17
1784014200000,388.24,388.44,386.38,386.67,2001581.42
1784015100000,386.68,386.94,386.16,386.61,2702775.29
1784016000000,386.5,389.492,385.76,386.5,42370407.78744522
1784016900000,386.82,387.355,386.708,386.82,3597919.06410431
1784017800000,386.78,386.83,386.452,386.75,2562024.8220379
1784018700000,386.75,386.874,386.545,386.765,1936716.60660643
1784019600000,386.54,387.465,386.54,386.81,1477387.64541186
1784020500000,387.38,387.471,386.951,387.333,1208565.28411316
1784021400000,387.59,387.602,387.326,387.59,1140912.67887662
1784022300000,387.59,387.599,387.451,387.49,1652493.16198807
1784023200000,387.86,388.16,387.55,388.16,1021421.42960915
1784024100000,387.946,387.946,387.635,387.635,633393.972874
1784025000000,387.708,388.075,387.608,387.7,1080223.8910784
1784025900000,387.52,387.7,387.45,387.52,1863266.69102007
1784026800000,385.61,387.7,378.407,378.58,125184642.1894073
1784027700000,379.86,380.304,377.99,379.51,59567789.95078615
1784028600000,379.88,380.548,378.46,378.58,57151328.55662938
1784029500000,378.07,379.486,377.99,378.81,39986608.51316072
1784030400000,379.24,379.8,378.51,378.91,36165810.98187747
1784031300000,378.78,379.452,378.273,379.0,28142207.82642302
1784032200000,379.89,381.159,377.55,378.29,77574646.43719396
1784033100000,378.01,379.141,377.76,378.51,48981609.94635808
1784034000000,379.52,380.728,379.128,380.43,48534244.06345696
1784034900000,380.33,382.395,379.431,382.18,68622788.96716274
1784035800000,382.505,383.46,378.71,383.015,999530363.2413547
1784036700000,382.92,385.25,381.72,385.24,523802473.740578
1784037600000,385.24,385.57,382.86,384.68,510030892.74474484
1784038500000,384.74,384.74,383.1,384.61,369073957.50542283
1784039400000,384.61,386.51,384.495,385.88,365211601.27535915
1784040300000,385.89,387.75,385.838,387.46,241297475.47045454
1784041200000,387.53,387.635,386.01,386.04,220372823.89760467
1784042100000,386.09,386.225,385.475,385.81,307842251.14967287
1784043000000,385.87,386.18,384.7,384.75,278357030.0148471
1784043900000,384.605,385.4,384.45,384.765,228028087.04474613
1784044800000,384.76,385.121,384.2,385.12,148084652.54584658
1784045700000,385.1,386.625,384.975,386.605,187852392.36511198
1784046600000,386.65,387.5,386.4,386.83,125926317.387958
1784047500000,386.84,387.57,386.78,387.54,63535183.30282652
1784048400000,387.55,388.18,386.47,386.48,232962134.47258505
1784049300000,386.52,386.865,386.34,386.735,191385403.39440846
1784050200000,386.71,387.33,386.49,387.28,152198873.64870474
1784051100000,387.275,387.4,386.99,387.17,139402825.52222422
1784052000000,387.15,387.6,386.71,386.75,163485330.20331624
1784052900000,386.76,387.21,386.28,386.9,147314686.45277885
1784053800000,386.78,386.95,386.24,386.61,161898661.2771174
1784054700000,386.55,386.564,385.28,385.3,164590238.52810004
1784055600000,385.325,385.82,384.97,385.81,193205640.04735273
1784056500000,385.75,386.36,385.5,386.1,180854072.96347773
1784057400000,386.11,386.11,384.76,385.45,266128811.52261934
1784058300000,385.44,386.225,384.91,384.95,916117532.538461
1784059200000,385.21,385.452,384.901,385.22,2071027964.3259788
1784060100000,385.15,385.23,385.075,385.12,9222747.29618021
1784061000000,385.225,385.624,385.225,385.401,312226518.9381755
1784061900000,385.31,385.404,385.29,385.36,4867378.46254619
1784062800000,385.305,385.822,385.305,385.625,2986517.99591919
1784063700000,385.41,385.799,385.253,385.3,7509965.41146749
1784064600000,385.237,385.237,384.97,384.97,6609890.07495617
1784065500000,384.95,385.2,384.826,384.95,10798497.16265732
1784066400000,385.49,385.5,384.975,385.49,2706682.17271581
1784067300000,384.972,385.4,384.936,385.285,1819030.89684294
1784068200000,385.285,385.655,385.285,385.65,1761698.15422941
1784069100000,385.65,385.66,385.21,385.524,1309777.84961122
1784070000000,385.53,385.628,385.175,385.53,1568114.54143293
1784070900000,385.629,385.764,385.344,385.764,2162426.29933141
1784071800000,385.93,386.25,385.504,385.92,2598206.18530345
1784072700000,386.21,386.79,385.692,386.79,5292761.60356565
1784073600000,386.82,386.83,386.21,386.3,1566870.97
1784074500000,386.18,386.48,386.18,386.2,273902.6
1784075400000,386.22,386.46,385.68,385.68,611940.95
1784076300000,386.07,386.37,385.86,386.22,477994.75
1784077200000,386.19,386.39,385.98,386.37,434498.91
1784078100000,386.37,386.43,386.12,386.4,348462.88
1784079000000,386.31,386.39,386.03,386.2,452215.8
1784079900000,386.22,386.47,386.12,386.34,268520.56
1784080800000,386.41,386.69,386.32,386.54,670163.28
1784081700000,386.48,386.82,386.48,386.82,703386.05
1784082600000,386.8,386.87,386.56,386.85,408035.47
1784083500000,386.82,386.84,386.51,386.66,301567.77
1784084400000,386.67,386.82,386.57,386.76,366181.73
1784085300000,386.66,386.84,386.49,386.51,233530.57
1784086200000,386.52,386.7,386.41,386.46,382276.84
1784087100000,386.57,386.64,386.35,386.35,563166.62
1784088000000,386.34,386.36,386.19,386.29,469687.89
1784088900000,386.29,386.5,386.29,386.5,423517.3
1784089800000,386.5,386.89,386.5,386.68,1964135.71
1784090700000,386.65,386.78,386.5,386.78,119105.52
1784091600000,386.79,386.91,386.24,386.5,1113338.47
1784092500000,386.69,386.75,386.0,386.06,799559.8
1784093400000,386.05,386.09,385.64,385.99,671117.02
1784094300000,385.99,386.12,385.7,386.12,1872007.26
1784095200000,386.16,386.26,385.56,385.59,2331462.95
1784096100000,385.58,385.61,384.44,384.87,3030934.36
1784097000000,384.86,384.97,384.66,384.9,1790068.95
1784097900000,384.81,384.84,384.28,384.3,1847079.88
1784098800000,384.25,384.37,383.93,384.0,3424630.21
1784099700000,384.08,384.54,383.91,384.54,1872030.32
1784100600000,384.55,384.9,384.27,384.45,1619605.61
1784101500000,384.26,384.45,384.01,384.02,746136.12
1784102400000,384.97,386.231,384.51,384.97,44347907.21082971
1784103300000,386.72,387.785,385.87,386.72,8402580.12274256
1784104200000,386.89,387.265,386.518,386.79,3663428.29718809
1784105100000,386.89,387.225,386.67,386.89,1675769.06866573
1784106000000,386.67,386.67,386.03,386.67,1197960.92716632
1784106900000,386.62,386.715,386.158,386.62,908031.2965072
1784107800000,386.66,387.05,386.33,386.66,1276279.75440458
1784108700000,386.5,386.893,385.167,386.4,8821734.43944151
1784109600000,386.25,386.895,386.25,386.25,1016704.07757818
1784110500000,385.64,386.515,384.932,384.97,5768326.24170496
1784111400000,385.66,386.081,385.555,385.66,1623917.29577756
1784112300000,385.89,386.343,385.625,385.89,1672397.93904655
1784113200000,385.6,386.077,385.411,385.6,5212735.07714385
1784114100000,386.41,386.52,385.75,386.4,2359199.77066269
1784115000000,386.449,386.476,386.2,386.265,2545944.59401713
1784115900000,386.59,386.59,386.193,386.21,5756418.87051353
1784116800000,386.191,386.575,385.92,386.398,6722395.440922734
1784117700000,386.67,387.039,386.279,386.54,5443937.10190775
1784118600000,388.19,388.557,386.475,388.33,11265066.04584441
1784119500000,388.336,388.599,387.627,387.704,8341417.44310901
1784120400000,388.26,388.67,387.645,388.67,6450422.66829465
1784121300000,388.71,390.019,387.217,387.57,40823264.15231507
1784122200000,387.655,391.34,386.9,387.515,986148263.1314816
1784123100000,387.455,391.46,386.525,389.48,589435537.5852363
1784124000000,389.63,394.91,389.57,394.11,618004293.2877853
1784124900000,394.22,397.66,393.46,395.051,1036444565.5614482
1784125800000,395.046,397.78,394.97,396.247,667686876.0702059
1784126700000,396.2,396.72,393.775,394.0,517512566.16627425
1784127600000,394.09,396.09,393.74,395.73,439288217.11686975
1784128500000,395.77,397.895,395.655,396.725,415006589.571319
1784129400000,396.77,397.61,395.78,397.16,453291423.4315675
1784130300000,397.08,397.86,396.99,397.33,291919077.7881424
1784131200000,397.28,398.95,397.115,398.41,403316680.80952936
1784132100000,398.36,398.67,397.12,397.67,370220757.746132
1784133000000,397.74,397.795,395.83,396.21,393813007.85340375
1784133900000,396.23,396.23,394.19,394.532,448460775.8417055
1784134800000,394.525,396.07,394.355,395.89,236024579.05870473
1784135700000,395.905,396.51,395.23,396.455,211778132.1625579
1784136600000,396.4,396.89,395.9,396.12,206375150.0315384
1784137500000,396.1,396.33,395.25,396.13,267794740.1580384
1784138400000,396.14,396.69,395.34,396.574,327268117.8821251
1784139300000,396.69,397.16,396.06,396.57,371604687.4755899
1784140200000,396.46,397.11,396.44,396.52,229011605.99553847
1784141100000,396.57,396.57,395.67,395.67,258615245.3726307
1784142000000,395.63,395.94,395.3,395.41,230656447.8074834
1784142900000,395.438,395.94,394.835,395.583,555811981.1530329
1784143800000,395.53,396.4,395.03,395.14,365041431.26844025
1784144700000,395.115,396.01,394.63,395.6,885459474.291693
1784145600000,395.77,395.77,395.235,395.33,2948053142.40572
1784146500000,395.365,395.94,395.11,395.94,5756059.33555337
1784147400000,395.74,396.094,395.553,395.56,3474992.88175715
1784148300000,396.0,396.124,395.512,396.0,5215243.7485719
1784149200000,396.225,396.398,396.0,396.225,77456466.66430251
1784150100000,396.315,396.781,396.14,396.28,40254981.13410397
1784151000000,396.28,396.28,396.125,396.175,4309890.294017243
1784151900000,396.175,396.175,396.05,396.12,2390530.41118385
1784152800000,396.12,396.75,396.12,396.37,6727680.78123225
1784153700000,396.49,396.84,396.37,396.49,3301606.14180585
1784154600000,396.647,396.797,396.645,396.645,3813810.86530691
1784155500000,396.645,397.22,396.645,397.22,7142842.1007664865
1784156400000,397.11,397.378,397.03,397.11,3378165.02846673
1784157300000,397.075,397.075,396.73,396.9,2231353.58286285
1784158200000,397.01,397.046,396.9,397.01,1597082.01366705
1784159100000,396.95,397.17,396.95,397.165,1898086.07227374
1784160000000,397.02,397.68,396.67,397.59,821693.11
1784160900000,397.46,397.48,396.79,396.86,526975.42
1784161800000,396.87,397.4,396.5,397.12,1154410.65
1784162700000,396.76,397.65,396.76,397.15,962502.0
1784163600000,397.16,397.5,397.05,397.22,677871.61
1784164500000,397.29,397.6,397.07,397.14,940877.67
1784165400000,397.08,397.36,397.01,397.05,415421.52
1784166300000,397.01,397.68,397.01,397.21,1334956.1
1784167200000,397.26,397.3,396.84,396.84,608649.29
1784168100000,396.87,397.19,396.87,397.19,479670.4
1784169000000,397.11,397.24,397.0,397.07,234686.19
1784169900000,397.11,397.46,397.1,397.27,398859.29
1784170800000,397.26,397.49,397.17,397.42,325015.57
1784171700000,397.41,397.48,397.14,397.26,726240.34
1784172600000,397.25,397.4,397.14,397.32,517657.13
1784173500000,397.24,397.5,397.22,397.45,152603.89
1784174400000,397.5,397.63,397.41,397.55,288593.73
1784175300000,397.53,397.61,397.28,397.32,331459.81
1784176200000,397.37,397.37,397.11,397.18,384895.16
1784177100000,397.16,397.17,396.85,397.16,560983.67
1784178000000,397.18,397.19,396.98,397.19,113161.49
1784178900000,397.2,397.47,397.16,397.47,360762.84
1784179800000,397.48,397.49,396.68,396.73,516815.21
1784180700000,396.88,396.97,396.76,396.88,557979.23
1784181600000,396.87,397.32,396.69,397.29,711435.19
1784182500000,397.32,397.34,396.81,397.16,1992647.21
1784183400000,397.13,397.45,396.97,397.41,2223221.92
1784184300000,397.4,397.53,397.38,397.48,663724.55
1784185200000,397.38,397.62,397.21,397.56,1175674.79
1784186100000,397.55,397.9,397.29,397.9,844504.98
1784187000000,397.9,398.36,397.68,398.36,1743690.15
1784187900000,398.36,398.45,397.85,398.45,1423388.79
1784188800000,398.64,400.064,397.304,400.01,42814507.35148044
1784189700000,399.11,399.755,398.905,399.2,8697442.10051694
1784190600000,399.546,400.631,399.16,400.631,6625307.22811166
1784191500000,400.64,401.044,400.355,400.67,12553647.930512104
1784192400000,400.81,401.13,400.252,400.98,8099976.63028453
1784193300000,400.84,400.87,400.405,400.53,3601786.38511726
1784194200000,401.19,401.24,400.615,400.67,6799137.04509558
1784195100000,400.61,401.114,400.417,400.56,5748334.77508322
1784196000000,400.593,400.8,399.609,400.645,10315363.33495237
1784196900000,400.29,401.01,400.039,401.01,5833540.14945182
1784197800000,400.64,401.122,399.745,400.64,9243542.66050635
1784198700000,401.33,401.85,400.44,401.85,9381019.82420998
1784199600000,400.1,402.01,399.808,401.435,34754928.98323853
1784200500000,401.01,401.591,400.715,401.29,13178305.14813986
1784201400000,400.7,401.108,400.35,400.8,13995001.09244383
1784202300000,400.22,400.8,400.21,400.36,7970562.31119526
1784203200000,400.41,401.099,400.25,400.41,12785538.6471315
1784204100000,400.605,400.605,398.75,398.75,24374629.24575482
1784205000000,399.19,399.657,398.735,399.46,19610727.58129039
1784205900000,399.15,399.641,399.126,399.3,9307120.19311811
1784206800000,399.51,399.69,398.744,399.26,17037953.56383134
1784207700000,398.3,399.572,397.962,399.09,24724044.20903836
1784208600000,398.08,398.74,392.19,392.24,1076937532.7531385
1784209500000,392.18,395.56,392.14,393.27,477407827.61222833
1784210400000,393.3,394.5,392.7,394.45,395759894.73090225
1784211300000,394.43,396.21,393.58,396.0,433380775.8762863
1784212200000,395.95,397.66,395.945,397.496,536432511.3897026
1784213100000,397.4,398.18,396.54,397.305,308915254.02484256
1784214000000,397.4,398.28,397.0,397.55,256425801.22753474
1784214900000,397.51,399.63,397.405,399.03,312172476.47228473
1784215800000,399.005,399.455,398.3,399.08,203964785.23333755
1784216700000,399.1,400.51,398.75,400.413,450414629.7629309
1784217600000,400.45,400.6,399.545,399.87,291599558.38282573
1784218500000,399.885,400.84,399.885,400.705,281286375.2838426
1784219400000,400.81,402.03,400.705,401.495,345290162.9030227
1784220300000,401.56,404.47,401.505,403.055,612648767.1438271
1784221200000,403.013,403.23,401.41,401.466,444457972.00983006
1784222100000,401.44,403.93,401.42,403.76,330064091.8287555
1784223000000,403.76,403.98,402.04,402.97,304335848.5804651
1784223900000,402.97,403.1,402.18,402.69,267013498.55275407
1784224800000,402.63,404.57,402.505,403.92,429162025.4172363
1784225700000,403.871,404.72,403.71,404.066,585633435.2928529
1784226600000,404.025,404.84,403.7,404.07,395634794.6854293
1784227500000,404.075,405.76,404.01,405.56,395281070.35758984
1784228400000,405.565,405.97,402.44,402.46,615644992.5035212
1784229300000,402.44,403.055,401.78,401.81,536256685.46612215
1784230200000,401.775,401.825,399.85,400.242,674841618.606205
1784231100000,400.11,401.37,398.99,401.11,1114469572.3922985
1784232000000,401.3,401.991,400.25,401.35,2899775939.7410197
1784232900000,400.666,401.4,400.557,400.776,38132881.18204844
1784233800000,400.96,400.99,400.452,400.51,17770056.42694373
1784234700000,400.45,400.675,400.245,400.49,83495099.33398567
1784235600000,400.36,401.467,400.15,400.23,4294727.45518687
1784236500000,400.1,400.555,400.04,400.1,58277883.95251915
1784237400000,400.256,400.505,400.161,400.17,1519487.05707648
1784238300000,400.17,400.224,400.075,400.148,4049502.1567829596
1784239200000,400.24,400.71,400.149,400.61,34376610.25223123
1784240100000,400.5,400.5,399.301,399.301,7850103.05379184
1784241000000,399.84,400.237,399.295,399.84,7860707.40484483
1784241900000,400.37,400.64,399.981,400.51,6270927.64038582
1784242800000,400.64,400.816,400.291,400.43,4174642.562121466
1784243700000,400.32,400.876,400.302,400.32,3930886.2889207
1784244600000,400.14,400.69,399.926,400.6,8239376.69202834
1784245500000,400.29,400.478,400.035,400.28,3599363.24395947
1784246400000,400.0,400.72,399.17,399.35,1125432.43
1784247300000,399.54,400.21,399.54,399.61,571786.82
1784248200000,399.79,400.01,399.31,399.7,800429.57
1784249100000,399.54,400.2,399.33,400.01,862684.33
1784250000000,400.01,400.13,399.1,399.2,1320010.95
1784250900000,399.1,399.1,398.5,398.72,1693608.12
1784251800000,398.85,398.85,397.94,398.11,2027174.75
1784252700000,398.1,398.22,397.07,397.22,2686393.43
1784253600000,397.3,397.49,396.13,396.46,2175593.57
1784254500000,396.49,396.71,395.66,396.22,1633934.36
1784255400000,396.04,396.34,395.27,395.66,1919683.54
1784256300000,395.74,396.77,395.6,396.77,1464688.65
1784257200000,396.76,396.87,396.04,396.25,1801902.4
1784258100000,396.32,396.78,395.71,396.04,1196874.53
1784259000000,395.99,396.25,395.34,395.34,1691653.23
1784259900000,395.55,395.9,395.3,395.5,654298.57
1784260800000,395.52,395.76,394.77,395.12,2249200.39
1784261700000,394.84,394.84,393.87,394.11,3211071.16
1784262600000,394.2,394.34,393.04,394.12,1914850.29
1784263500000,394.34,394.6,393.77,394.26,3519136.02
1784264400000,394.2,394.33,392.33,392.48,5502855.52
1784265300000,392.34,394.27,392.04,394.12,3133803.43
1784266200000,394.26,394.93,393.21,393.8,3436227.94
1784267100000,393.81,394.0,392.29,392.55,3802948.78
1784268000000,392.72,394.01,392.36,393.7,2837381.3
1784268900000,393.68,394.44,393.67,393.99,1164485.05
1784269800000,394.0,394.27,393.3,393.32,1798234.29
1784270700000,393.34,394.01,392.99,393.64,1492839.41
1784271600000,393.57,395.45,393.55,394.76,4885431.95
1784272500000,394.78,395.7,394.21,395.0,2230589.26
1784273400000,395.0,396.05,394.9,395.96,2083551.03
1784274300000,395.83,396.68,395.66,396.01,2400144.1
1784275200000,396.0,399.703,395.186,396.0,79814382.30919054
1784276100000,395.546,395.546,393.547,394.108,11141591.21533342
1784277000000,394.098,394.825,393.646,394.466,7548288.01090412
1784277900000,395.01,395.22,394.25,394.99,5260170.90194282
1784278800000,394.72,395.539,394.68,395.01,5152738.91517322
1784279700000,395.53,395.685,394.715,394.97,4030495.76242765
1784280600000,395.125,395.375,393.753,394.384,9590161.975476164
1784281500000,394.391,394.8,393.625,394.39,3449721.75789348
1784282400000,393.63,394.504,390.79,390.79,15497175.41615267
1784283300000,391.28,393.01,390.723,391.33,9289663.42101448
1784284200000,392.5,393.274,391.896,392.32,8674111.03999985
1784285100000,392.84,393.279,392.061,392.85,5353118.17722818
1784286000000,394.08,394.584,393.17,394.37,15372224.67454827
1784286900000,393.51,394.045,393.23,393.51,8514607.2694478
1784287800000,393.374,394.284,393.2,394.24,5532011.25931429
1784288700000,394.24,394.49,393.336,393.75,9512759.490941405
1784289600000,393.93,394.454,393.75,393.93,11339766.97645088
1784290500000,394.02,394.47,393.291,393.62,10114638.95713728
1784291400000,393.61,394.398,393.298,393.61,10934625.62606837
1784292300000,393.83,393.899,393.007,393.85,14395508.34767369
1784293200000,393.056,393.3,392.624,392.905,23479691.445572328
1784294100000,392.82,394.26,392.389,392.98,32962598.9392901
1784295000000,395.05,398.38,393.49,395.18,1786041082.3960357
1784295900000,395.24,395.43,392.475,393.37,543352815.8405026
1784296800000,393.4,393.75,391.23,392.245,775227480.5638478
1784297700000,392.28,393.55,392.155,393.034,552192863.1592406
1784298600000,393.005,393.44,391.3,391.55,481353123.11954445
1784299500000,391.55,392.3,390.745,392.3,452541325.9780276
1784300400000,392.36,392.39,390.1,390.1,384223407.05227363
1784301300000,390.14,391.1,389.42,391.02,380222782.44651943
1784302200000,391.069,392.51,390.985,392.342,251253110.37345964
1784303100000,392.28,392.71,391.59,392.535,223266572.04108548
1784304000000,392.58,392.69,391.157,391.91,203528586.89273012
1784304900000,391.95,392.99,391.875,392.665,210545996.94957665
1784305800000,392.57,393.89,392.44,393.6,160429824.687503
1784306700000,393.63,394.74,393.53,393.943,265522922.24737778
1784307600000,393.935,394.79,393.935,394.18,194214076.41373074
1784308500000,394.22,394.9,394.12,394.66,171424652.56542665
1784309400000,394.67,395.46,394.604,394.925,176009869.32080784
1784310300000,394.96,395.1,394.605,395.03,133729470.49520773
1784311200000,395.04,395.97,394.53,395.945,323154465.92174906
1784312100000,395.865,395.97,394.775,394.775,165966091.18384686
1784313000000,394.79,395.04,394.23,394.275,206345227.56402496
1784313900000,394.26,395.28,393.99,395.185,178965273.27084225
1784314800000,395.216,395.216,394.47,394.794,470857770.12489355
1784315700000,394.765,395.64,394.455,395.603,320326148.07223177
1784316600000,395.6,395.89,394.63,395.035,302125808.92336243
1784317500000,395.08,395.5,393.8,394.025,754252181.3532314
1784318400000,393.785,393.972,393.001,393.51,2457852137.2297697
1784319300000,393.32,394.04,393.206,393.99,47903128.73727406
1784320200000,394.01,394.2,393.6,394.01,10523350.6475482
1784321100000,393.986,394.213,393.662,394.0,122235966.5998241
1784322000000,394.0,394.13,394.0,394.13,1386887.48164953
1784322900000,394.124,394.599,394.095,394.599,2323253.98574779
1784323800000,394.6,394.6,394.275,394.353,3298167.87159361
1784324700000,394.355,394.884,394.331,394.575,1816611.30691785
1784325600000,394.575,394.79,394.55,394.65,2057120.12207667
1784326500000,394.65,394.855,394.5,394.699,1635248.43404078
1784327400000,394.7,394.844,394.595,394.62,1831673.50012476
1784328300000,394.62,394.7,394.62,394.62,1262186.43499097
1784329200000,394.62,394.62,394.276,394.276,1346266.46157671
1784330100000,394.275,394.39,394.245,394.262,2422954.38740602
1784331000000,394.259,394.275,393.88,393.88,2698264.55839203
1784331900000,393.88,394.274,393.651,393.651,3848362.815647934
1784335500000,394.11,394.11,394.11,394.11,40.041576
1784336400000,394.16,394.16,394.16,394.16,100.5108
1784337300000,394.22,394.22,394.22,394.22,19.986954
1784339100000,393.94,393.94,393.81,393.81,127.303607
1784349000000,394.22,394.22,393.43,393.43,85.420577
1784356200000,394.22,394.22,393.89,393.89,22.06708
1784361600000,394.22,394.22,394.22,394.22,14.19192
1784364300000,394.22,394.22,394.22,394.22,69.97405
1784367900000,393.72,393.72,393.72,393.72,10.906044
1784379600000,393.72,393.72,393.59,393.59,43.533544
1784380500000,394.22,394.22,394.22,394.22,19.986954
1784382300000,393.78,393.78,393.78,393.78,4.489092
1784388600000,394.22,394.75,394.22,394.25,1261.90503
1784391300000,394.8,394.8,394.25,394.25,206.7311
1784396700000,394.89,394.89,394.89,394.89,33.96054
1784397600000,394.29,394.92,394.29,394.92,202.484138
1784398500000,394.93,394.93,394.93,394.93,33.806008
1784399400000,394.54,394.54,394.54,394.54,33.73317
1784423700000,394.95,394.95,394.95,394.95,19.98447
1784424600000,394.95,394.95,394.67,394.67,104.585183
1784426400000,394.96,395.73,394.96,395.73,2173.68188
1784438100000,395.76,395.84,395.76,395.84,395.8
1784442600000,396.02,396.02,396.02,396.02,198.01
1784443500000,396.05,396.05,396.05,396.05,198.025
1784444400000,395.73,395.73,395.73,395.73,14.206707
1784451600000,396.08,396.08,396.08,396.08,19.962432
1784463300000,396.08,396.08,396.08,396.08,25.982848
1784466000000,395.74,395.74,395.74,395.74,23.783974
1784466900000,396.09,396.09,396.09,396.09,19.962936
1784467800000,395.74,395.85,395.55,395.55,791.403474
1784468700000,395.55,395.55,395.55,395.55,25.94808
1784471400000,396.09,396.09,396.09,396.09,21.982995
1784473200000,395.74,395.74,395.38,395.48,347.567226
1784474100000,395.38,395.38,395.3,395.3,58.666544
1784476800000,396.14,396.14,395.18,395.18,100.996841
1784478600000,396.15,396.15,395.0,395.0,263.974335
1784479500000,396.19,396.19,395.0,395.0,34.358436
1784480400000,396.19,396.19,396.19,396.19,1986.89285
1784483100000,395.98,395.98,395.89,395.89,791.88512
1784484000000,395.89,395.89,395.81,395.81,197.93332
1784484900000,395.81,395.95,395.73,395.73,593.744434
1784485800000,395.73,395.73,395.62,395.62,132.479481
1784489400000,396.28,396.28,396.28,396.28,20.051768
1784503800000,396.35,396.35,396.35,396.35,19.97604
1784505600000,394.1,396.01,393.64,394.44,2737097.96
1784506500000,394.48,394.72,393.94,394.28,1239561.5
1784507400000,394.21,394.48,394.1,394.19,342640.81
1784508300000,394.21,394.21,393.82,394.11,415233.09
1784509200000,393.99,394.4,393.96,394.24,477780.3
1784510100000,394.16,394.22,393.9,393.99,557597.67
1784511000000,393.91,393.98,393.59,393.67,686777.23
1784511900000,393.66,393.8,393.38,393.69,949998.93
1784512800000,393.81,394.21,393.81,393.92,788482.78
1784513700000,393.91,393.93,393.81,393.83,196147.18
1784514600000,393.83,394.14,393.83,394.01,1048442.81
1784515500000,394.12,394.14,393.84,393.85,386923.96
1784516400000,393.87,394.04,393.74,393.88,491955.0
1784517300000,393.97,394.16,393.88,394.11,321931.79
1784518200000,394.11,394.49,394.02,394.35,807565.32
1784519100000,394.48,394.68,394.36,394.58,371229.11
1784520000000,394.58,394.58,394.23,394.25,256366.4
1784520900000,394.27,394.44,394.11,394.44,198706.51
1784521800000,394.46,394.83,394.19,394.72,461929.49
1784522700000,394.71,394.79,394.49,394.5,813207.24
1784523600000,394.31,394.4,394.17,394.18,135226.93
1784524500000,394.23,394.31,394.01,394.01,284926.87
1784525400000,394.0,394.21,393.84,394.02,658529.21
1784526300000,394.1,394.16,393.97,394.01,423598.66
1784527200000,394.08,394.19,394.01,394.03,222673.4
1784528100000,394.1,394.17,393.94,393.95,199387.53
1784529000000,394.0,394.24,393.75,394.02,1100174.16
1784529900000,394.0,394.14,393.9,394.0,155616.48
1784530800000,394.16,394.64,394.07,394.3,382528.59
1784531700000,394.4,394.91,394.3,394.56,1551875.61
1784532600000,394.56,394.65,394.46,394.64,1004164.26
1784533500000,394.65,394.83,394.53,394.71,471647.03
1784534400000,393.812,394.712,393.304,393.451,22511796.79365041
1784535300000,393.19,393.652,392.462,393.2,4658498.69040233
1784536200000,393.207,393.405,393.005,393.405,3962927.16803582
1784537100000,393.29,393.56,392.969,393.29,2440723.64941605
1784538000000,393.265,393.265,392.928,393.005,1066736.90440431
1784538900000,393.005,393.005,392.62,392.735,1962175.83151333
1784539800000,392.735,393.25,392.735,393.175,3688515.00527739
1784540700000,393.175,393.175,392.38,392.491,1747073.76248336
1784541600000,392.49,393.158,392.49,392.671,2285867.9065181
1784542500000,392.64,392.671,392.232,392.64,2641620.32551164
1784543400000,392.41,392.41,391.006,391.545,5225597.67717903
1784544300000,391.545,392.05,391.2,392.05,4948443.641338204
1784545200000,391.17,392.05,390.521,390.69,9877672.77005263
1784546100000,390.85,391.475,390.648,390.85,5059200.36203158
1784547000000,391.93,392.114,391.02,391.02,8641821.75502493
1784547900000,391.0,391.5,390.826,391.41,10434342.92662392
1784548800000,390.89,391.36,390.28,390.28,10233368.672784
1784549700000,390.56,390.667,390.276,390.28,6526470.4982055
1784550600000,389.72,390.57,389.72,390.19,17738422.21972028
1784551500000,389.83,390.56,388.992,389.31,22942032.54103669
1784552400000,389.36,389.613,389.009,389.071,24566951.11651268
1784553300000,389.0,391.056,388.639,390.44,42714756.42620735
1784554200000,390.63,392.9,389.73,391.97,807735306.8969104
1784555100000,392.11,392.27,390.095,391.0,461541243.8587825
1784556000000,390.955,392.66,390.17,392.63,359410747.80267835
1784556900000,392.63,395.14,392.55,394.33,361156355.3371264
1784557800000,394.43,396.08,394.11,395.36,342051682.2238476
1784558700000,395.425,396.26,394.68,395.86,264203620.32996526
1784559600000,395.9,396.77,395.545,396.63,301521195.3613786
1784560500000,396.589,398.08,396.49,397.686,436757924.8659631
1784561400000,397.67,398.48,397.08,398.45,254357102.41221663
1784562300000,398.51,399.17,397.94,398.94,211897677.50724256
1784563200000,398.98,400.11,398.81,399.765,280236035.8181045
1784564100000,399.775,401.75,399.615,401.38,308578349.33023864
1784565000000,401.49,403.16,401.412,402.08,453130084.2167087
1784565900000,402.0,402.47,401.41,401.42,276158041.1307922
1784566800000,401.4,401.564,400.27,400.725,283807736.91144437
1784567700000,400.65,402.08,400.44,401.88,220631774.7871126
1784568600000,401.913,402.38,400.82,400.989,309735520.38389504
1784569500000,400.995,401.94,400.99,401.71,182930381.2809148
1784570400000,401.72,401.98,401.41,401.795,168346775.32844543
1784571300000,401.795,402.35,401.335,401.945,213292309.43993083
1784572200000,401.92,402.19,400.095,400.115,310824311.93617827
1784573100000,400.14,400.86,399.88,400.528,350255319.49013495
1784574000000,400.53,401.4,400.48,400.755,310345809.3388634
1784574900000,400.71,401.37,400.57,401.2,194932385.8563167
1784575800000,401.3,402.52,401.175,401.86,309698495.0414427
1784576700000,401.87,402.68,400.73,402.429,1275198866.067751
1784577600000,401.87,402.654,401.416,401.69,1981008269.9110956
1784578500000,401.01,401.55,400.525,400.64,37480521.45930333
1784579400000,400.98,400.99,400.187,400.98,5924173.04546425
1784580300000,400.6,400.655,400.48,400.48,3960239.75675037
1784581200000,400.5,400.549,400.39,400.549,13278861.63981973
1784582100000,400.55,400.825,400.55,400.776,12063503.2484011
1784583000000,400.775,401.407,400.775,401.351,47196103.55353152
1784583900000,401.351,401.4,401.12,401.15,1614488.82388582
1784584800000,400.26,401.2,400.26,400.26,2991576.20495072
1784585700000,400.46,400.47,400.226,400.46,2233292.40963963
1784586600000,400.35,400.404,399.601,399.87,4534623.70339341
1784587500000,399.51,400.074,399.51,399.78,2989374.62047387
1784588400000,400.48,400.49,399.803,400.49,4762860.34681605
1784589300000,400.445,401.493,400.401,401.172,3659780.5397683093
1784590200000,400.89,401.24,400.798,400.89,1834660.66113051
1784591100000,401.04,401.2,400.751,401.04,2019951.53577782
1784592000000,401.62,401.76,400.61,400.85,528261.55
1784592900000,400.84,401.47,400.69,401.47,654188.35
1784593800000,401.22,401.5,401.19,401.34,518545.54
1784594700000,401.48,401.75,401.34,401.47,337607.71
1784595600000,401.4,401.84,401.28,401.76,399987.92
1784596500000,401.77,401.81,401.49,401.72,220503.87
1784597400000,401.71,401.71,401.2,401.24,527967.57
1784598300000,401.28,401.45,401.19,401.19,428943.79
1784599200000,401.23,401.71,401.09,401.09,274637.81
1784600100000,401.21,401.62,401.03,401.39,176163.28
1784601000000,401.5,401.75,401.29,401.32,1974964.23
1784601900000,401.37,401.6,401.37,401.51,376167.09
1784602800000,401.56,401.56,401.48,401.51,261793.04
1784603700000,401.51,401.7,401.5,401.61,394382.54
1784604600000,401.65,401.65,401.04,401.24,1089229.47
1784605500000,401.33,401.51,401.13,401.45,424243.79
1784606400000,401.46,401.67,401.37,401.39,826318.1
1784607300000,401.4,401.42,400.72,401.28,1090580.85
1784608200000,401.31,401.32,401.08,401.23,110734.68
1784609100000,401.22,401.22,400.8,400.9,743010.08
1784610000000,400.88,400.88,400.24,400.26,817808.65
1784610900000,400.22,400.22,399.9,400.0,1306029.19
1784611800000,400.0,400.24,399.99,400.24,479329.46
1784612700000,400.23,400.77,400.2,400.56,713660.64
1784613600000,400.56,400.8,400.32,400.48,919925.59
1784614500000,400.46,400.49,399.99,400.2,614312.66
1784615400000,400.2,400.41,400.2,400.26,363494.34
1784616300000,400.28,400.4,400.1,400.3,727263.18
1784617200000,400.3,400.39,399.76,399.8,2591539.17
1784618100000,399.87,399.92,399.46,399.59,1173280.0
1784619000000,399.61,399.75,399.45,399.48,901187.87
1784619900000,399.53,399.62,399.29,399.57,748953.95
1784620800000,398.24,400.838,398.125,398.24,32716969.56652264
1784621700000,399.1,399.274,398.759,399.15,2952045.58819819
1784622600000,398.894,399.23,398.625,399.195,2425525.567774
1784623500000,399.31,399.56,399.145,399.31,2515115.77291371
1784624400000,399.42,399.72,399.01,399.01,4352907.870778693
1784625300000,399.01,399.52,398.85,399.52,3311476.47495568
1784626200000,399.42,399.52,399.205,399.42,1586448.50150682
1784627100000,399.06,399.36,399.04,399.06,1185374.59951816
1784628000000,399.105,399.734,399.105,399.425,1417139.16544547
1784628900000,398.37,399.617,398.37,398.37,5670415.42237043
1784629800000,398.88,399.36,398.37,398.88,2040163.71457049
1784630700000,399.3,399.84,398.92,399.84,6586808.73132658
1784631600000,398.51,399.228,398.34,398.48,9112618.16903592
1784632500000,398.471,398.494,397.186,397.59,28511625.139028758
1784633400000,397.59,398.256,397.504,397.717,7345213.01023478
1784634300000,397.81,398.303,397.642,397.96,8640719.90267756
1784635200000,398.08,398.4,397.863,398.36,9888487.40594211
1784636100000,398.11,398.143,397.773,398.11,3844828.87910799
1784637000000,398.15,398.24,397.825,397.94,9330035.83235281
1784637900000,398.24,398.396,398.006,398.31,6091874.97377364
1784638800000,398.32,399.274,398.32,399.09,15506188.30072354
1784639700000,399.01,399.296,398.198,398.78,18031949.44782741
1784640600000,399.025,401.44,396.36,399.933,824421709.1873763
1784641500000,399.89,400.49,398.76,400.005,392344036.4293084
1784642400000,400.005,400.78,398.9,400.02,380759280.3531487
1784643300000,399.99,401.34,398.33,401.045,321595978.81672215
1784644200000,401.005,401.31,399.731,400.125,405845323.9180986
1784645100000,400.126,400.92,399.28,399.325,307980258.0257082
1784646000000,399.34,399.34,398.275,398.58,312360846.8480661
1784646900000,398.56,399.17,398.085,398.725,256876706.49671966
1784647800000,398.66,400.015,398.6,399.745,196604511.5880938
1784648700000,399.67,399.745,398.48,398.57,391323647.40464145
1784649600000,398.535,398.66,397.635,397.71,221417111.27082467
1784650500000,397.76,398.33,397.44,398.005,218443104.79787853
1784651400000,398.0,398.74,397.74,398.295,171257463.88892776
1784652300000,398.38,399.36,398.322,398.64,166107197.7600825
1784653200000,398.644,398.74,398.05,398.566,226075462.63365933
1784654100000,398.54,399.61,398.22,399.455,171102497.66541678
1784655000000,399.45,399.55,398.7,399.04,141045516.13683596
1784655900000,398.95,399.5,398.54,399.2,124584361.12223507
1784656800000,399.16,399.205,398.303,398.72,128569678.55858666
1784657700000,398.73,398.886,398.38,398.8,125126533.88049415
1784658600000,398.79,398.843,398.06,398.52,130828153.01742277
1784659500000,398.54,398.595,397.99,398.22,166640703.2801108
1784660400000,398.15,399.34,398.07,399.17,192280775.233563
1784661300000,399.18,399.6,398.92,399.553,214030517.8074568
1784662200000,399.48,399.64,398.565,398.76,201979433.4163696
1784663100000,398.74,398.768,397.39,397.575,654865584.837969
1784664000000,397.73,397.8,397.425,397.61,2322846473.8540177
1784664900000,397.737,397.742,397.436,397.675,33746975.21153784
1784665800000,397.646,397.646,397.007,397.164,10135515.340558011
1784666700000,396.83,397.397,396.75,396.79,79556105.0746152
1784667600000,396.91,397.291,396.845,396.91,5034833.7982236
1784668500000,396.71,396.85,396.546,396.71,4851539.43056492
1784669400000,396.5,396.67,396.481,396.66,14816728.63109442
1784670300000,396.67,397.165,396.571,396.92,3630267.3857121
1784671200000,396.92,396.92,396.302,396.369,7157170.48858854
1784672100000,396.26,396.674,396.1,396.21,4255205.86113428
1784673000000,396.335,396.429,396.102,396.13,3855390.46206384
1784673900000,396.129,396.303,395.756,396.176,8771997.577158432
1784674800000,396.24,396.34,396.125,396.24,1997718.92006873
1784675700000,396.19,396.27,395.989,396.02,3371472.40713526
1784676600000,396.06,396.147,395.773,396.05,5401774.36020754
1784677500000,395.983,396.175,395.69,396.098,4300036.33101717
1784678400000,396.15,396.15,395.52,395.76,1088392.6
1784679300000,395.92,395.97,395.49,395.8,621185.87
1784680200000,395.96,396.22,395.78,396.0,712440.98
1784681100000,396.0,396.52,395.77,396.2,546011.93
1784682000000,396.26,396.31,396.08,396.17,257143.69
1784682900000,396.18,396.23,395.94,396.22,656700.9
1784683800000,396.23,396.29,395.98,396.18,782332.97
1784684700000,396.19,396.56,396.19,396.39,112556.84
1784685600000,396.36,396.45,396.2,396.45,435503.78
1784686500000,396.44,396.58,396.4,396.56,463078.23
1784687400000,396.52,396.66,396.48,396.62,816915.35
1784688300000,396.69,396.9,396.69,396.88,410285.8
1784689200000,396.84,397.21,396.82,396.94,629728.11
1784690100000,396.92,397.03,396.82,396.86,359210.68
1784691000000,397.02,397.02,396.86,396.99,123447.42
1784691900000,396.99,397.1,396.91,397.09,291003.81
1784692800000,397.09,397.62,397.07,397.62,535459.82
1784693700000,397.62,397.73,397.5,397.51,317326.25
1784694600000,397.53,397.67,397.41,397.6,269943.51
1784695500000,397.59,397.95,397.51,397.94,826392.52
1784696400000,397.81,398.39,397.81,398.3,1041619.74
1784697300000,398.36,399.05,398.36,399.02,1530770.94
1784698200000,399.14,399.55,398.81,399.1,2275624.76
1784699100000,399.1,399.8,399.1,399.49,1893695.21
1784700000000,399.5,400.0,399.49,399.91,787409.78
1784700900000,399.95,399.95,399.56,399.77,926716.82
1784701800000,399.77,399.77,398.09,398.19,2099222.75
1784702700000,398.03,398.9,398.01,398.54,1400115.21
1784703600000,398.61,398.63,397.9,397.93,3219367.84
1784704500000,398.06,398.73,398.06,398.56,1723162.57
1784705400000,398.62,398.62,398.08,398.21,1305213.19
1784706300000,398.29,398.98,398.08,398.94,829616.19
1784707200000,399.81,399.852,396.599,399.78,45267452.46208722
1784708100000,399.4,399.46,398.672,399.26,3195792.94353206
1784709000000,399.015,399.07,399.015,399.069,888634.80765317
1784709900000,399.07,399.1,398.629,398.629,2909253.4256613115
1784710800000,398.628,399.227,398.4,398.94,2958526.72508503
1784711700000,398.42,398.94,398.125,398.42,3316071.66917206
1784712600000,398.77,398.77,398.28,398.77,961429.78803552
1784713500000,398.86,399.144,398.657,398.86,1900574.16515313
1784714400000,399.144,399.485,399.035,399.035,1191480.52677863
1784715300000,399.035,399.31,398.835,398.95,1879943.85941382
1784716200000,398.68,399.1,398.68,399.1,1410592.62971465
1784717100000,398.975,399.529,398.85,399.462,2260928.14285585
1784718000000,398.82,399.457,398.75,399.3,3997192.96562651
1784718900000,398.7,398.809,398.651,398.7,1366473.64364647
1784719800000,398.99,399.3,398.624,399.3,5363396.02360663
1784720700000,398.92,399.349,398.911,398.92,7440390.57696981
1784721600000,399.041,400.069,398.955,399.704,9686082.97908445
1784722500000,399.55,400.0,399.366,399.55,5400259.48133866
1784723400000,399.68,399.965,399.001,399.08,4761303.09041204
1784724300000,399.29,399.29,398.794,399.29,6694962.53875638
1784725200000,399.7,399.786,399.035,399.62,8160010.37093598
1784726100000,399.199,399.59,398.26,399.2,22050919.9513789
1784727000000,399.59,401.0,392.26,392.59,721818191.1726452
1784727900000,392.55,393.42,390.78,391.71,472802325.19612473
1784728800000,391.515,393.01,391.515,391.625,350132132.2810331
1784729700000,391.64,392.0,389.51,389.675,355075034.25927126
1784730600000,389.685,390.33,388.235,388.8,350627716.2905701
1784731500000,388.74,389.71,388.3,389.56,431382230.6037052
1784732400000,389.565,389.72,388.97,389.31,245620589.9575231
1784733300000,389.32,390.09,388.97,389.64,250213372.93616688
1784734200000,389.63,389.64,388.12,388.42,361959079.2924014
1784735100000,388.54,389.49,388.435,389.49,200006226.81697983
1784736000000,389.495,389.5,388.55,388.63,186280440.34160328
1784736900000,388.61,389.15,388.22,389.01,232828689.96123683
1784737800000,389.015,389.02,388.535,388.75,360549995.92067426
1784738700000,388.86,389.61,388.49,389.45,161260467.588731
1784739600000,389.39,389.446,388.59,388.9,126964895.57609698
1784740500000,388.88,388.892,387.15,387.845,444746410.2726624
1784741400000,387.91,388.135,387.665,387.75,114157299.19010507
1784742300000,387.778,387.96,387.125,387.164,157927364.4177201
1784743200000,387.18,387.49,386.97,387.24,214978507.69736758
1784744100000,387.13,388.6,387.09,388.6,184741988.24855238
1784745000000,388.56,388.72,388.19,388.68,158549243.82519338
1784745900000,388.69,388.875,388.35,388.795,189660228.893094
1784746800000,388.765,389.75,388.58,389.75,217298921.27963004
1784747700000,389.78,389.88,389.235,389.4,447327886.97330445
1784748600000,389.38,389.487,388.305,388.73,311841788.83726895
1784749500000,388.71,390.84,388.66,390.28,979775493.6561078
1784750400000,390.359,390.523,389.341,390.477,2516368832.574288
1784751300000,390.489,391.44,390.489,390.845,58369294.679089785
1784752200000,390.98,390.98,390.294,390.98,43339065.08946759
1784753100000,390.34,390.575,390.206,390.34,10039443.77935075
1784754000000,387.21,390.552,386.4,386.4,30391545.56018283
1784754900000,388.01,388.096,386.27,387.29,43406371.9978143
1784755800000,387.45,387.592,386.865,386.99,9350895.26372592
1784756700000,386.78,387.049,386.524,386.85,7638674.1818434
1784757600000,386.99,387.87,386.99,386.99,8455745.31065599
1784758500000,387.87,387.87,387.304,387.756,5903931.78328047
1784759400000,387.754,387.754,387.001,387.475,6457548.816505609
1784760300000,387.31,387.75,387.23,387.75,3481658.25647443
1784761200000,387.29,387.525,386.84,387.3,4602662.82466918
1784762100000,387.445,387.74,387.375,387.65,2997606.02166371
1784763000000,387.75,387.84,387.597,387.75,2708927.26623317
1784763900000,388.21,388.28,387.725,388.21,5894208.95116238
1784764800000,388.17,388.89,388.16,388.52,796037.85
1784765700000,388.6,389.51,388.57,389.35,1235750.08
1784766600000,389.35,389.52,389.15,389.5,644424.55
1784767500000,389.52,389.7,389.45,389.59,688751.72
1784768400000,389.54,389.61,388.92,389.07,1437883.73
1784769300000,389.1,389.11,388.7,388.94,584438.35
1784770200000,388.94,389.22,388.82,389.03,367593.98
1784771100000,388.96,389.3,388.96,389.3,663471.63
1784772000000,389.45,389.45,389.04,389.22,933767.66
1784772900000,389.09,389.11,388.88,389.01,919166.36
1784773800000,389.1,389.11,388.74,388.94,849088.31
1784774700000,389.03,389.08,388.86,389.07,127579.96
1784775600000,389.11,389.16,388.64,388.64,216609.75
1784776500000,388.65,388.65,388.21,388.3,483692.25
1784777400000,388.3,388.42,388.23,388.42,204276.1
1784778300000,388.44,388.67,388.43,388.65,197345.8
1784779200000,388.6,388.61,388.34,388.61,247040.79
1784780100000,388.61,388.98,388.52,388.98,209527.42
1784781000000,388.93,389.0,388.86,388.91,704789.44
1784781900000,388.92,388.99,388.75,388.8,318140.52
1784782800000,388.82,388.82,388.55,388.57,71900.51
1784783700000,388.67,389.09,388.67,389.09,271097.69
1784784600000,389.1,389.25,388.99,388.99,389857.85
1784785500000,388.89,388.94,388.72,388.84,492645.84
1784786400000,388.84,388.98,388.62,388.76,277971.51
1784787300000,388.82,388.9,388.66,388.85,426892.51
1784788200000,388.85,388.89,388.1,388.1,843470.89
1784789100000,388.23,388.53,388.12,388.25,581327.48
1784790000000,388.42,388.51,386.98,387.4,1734161.86
1784790900000,387.4,387.79,387.39,387.49,461287.27
1784791800000,387.5,387.5,386.53,386.54,2123557.6
1784792700000,386.6,387.38,386.03,387.26,2141547.06
1784793600000,387.3,388.145,386.523,387.3,28470588.64008344
1784794500000,387.226,387.285,386.825,387.285,1436421.09443221
1784795400000,387.285,387.285,386.655,386.655,1825317.62131514
1784796300000,386.56,386.693,385.99,385.99,4234043.53312708
1784797200000,386.59,386.59,385.75,386.59,3572363.65339308
1784798100000,386.51,386.51,386.1,386.5,1958617.52297265
1784799000000,386.2,386.629,386.2,386.605,3380690.26495008
1784799900000,386.607,386.799,386.575,386.725,2914397.55991849
1784800800000,386.37,386.725,385.527,386.37,6748769.86418925
1784801700000,385.519,386.727,385.38,386.507,3372847.69946509
1784802600000,390.0,390.611,386.397,389.68,50582010.78175253
1784803500000,388.484,388.766,388.475,388.595,3409961.61183563
1784804400000,388.32,390.895,388.22,390.74,15735114.43747065
1784805300000,390.79,391.0,389.42,389.61,14553285.8093518
1784806200000,388.51,389.795,388.259,388.51,12046895.7416547
1784807100000,388.49,388.575,388.085,388.28,8237657.14117813
1784808000000,388.79,389.15,388.1,389.0,7603006.2553803
1784808900000,388.99,389.606,386.99,386.99,14302728.17702489
1784809800000,387.367,387.92,387.249,387.557,12569755.07306485
1784810700000,387.88,388.27,387.402,387.74,17110571.26020061
1784811600000,388.48,388.528,387.572,388.37,12488689.30029205
1784812500000,387.99,390.476,387.571,387.9,25970895.40764264
1784813400000,389.965,391.73,387.235,388.333,310752948.35655665
1784814300000,388.2,389.47,388.02,388.325,550044742.6291407
1784815200000,388.3,388.9,383.905,384.28,528640077.17271143
1784816100000,384.07,384.31,382.94,383.29,460875410.4590436
1784817000000,383.175,384.045,379.61,379.86,537808240.2184393
1784817900000,379.285,379.285,379.285,379.285,544761717.5193782
1784818800000,379.26,379.5,377.39,378.96,587458721.4730119
1784819700000,378.89,379.5,378.38,378.59,390602670.57355934
1784820600000,378.59,379.18,378.0,378.415,413897177.50488144
1784821500000,378.415,379.79,377.89,379.6,295010652.8735917
1784822400000,379.6,380.9,379.53,380.115,419725995.2118913
1784823300000,380.125,381.104,380.05,380.58,166900263.7414551
1784824200000,380.51,380.87,380.14,380.38,127526752.5557049
1784825100000,380.38,381.38,379.91,381.335,184989203.70420235
1784826000000,381.34,382.14,381.15,381.38,150518183.27261752
1784826900000,381.34,381.58,380.93,381.465,121250142.70056535
1784827800000,381.47,381.585,380.685,380.86,147266051.10478246
1784828700000,380.79,381.58,380.73,380.955,158046470.00551206
1784829600000,380.94,381.35,380.77,381.105,191052117.3072897
1784830500000,381.138,381.73,381.138,381.549,192559661.32010496
1784831400000,381.61,381.79,381.18,381.38,163502726.55564415
1784832300000,381.42,382.2,381.385,381.92,176609525.92555198
1784833200000,382.01,382.17,380.71,380.86,248008474.27486828
1784834100000,380.86,381.48,380.7,380.98,304985173.6426436
1784835000000,380.98,381.3,380.145,380.191,384747832.89636445
1784835900000,380.12,382.44,379.44,381.55,939452568.3249428
1784836800000,381.5,382.223,380.42,382.01,2231493287.3655286
1784837700000,381.58,381.7,381.195,381.56,61371815.54902144
1784838600000,381.394,381.884,381.285,381.6,7163606.22265169
1784839500000,381.6,382.31,381.422,382.232,24296148.5464817
1784840400000,382.41,382.673,382.225,382.47,4604189.63648041
1784841300000,382.78,383.04,382.25,382.78,4117681.68460079
1784842200000,382.709,383.008,382.676,382.8,2516580.33264932
1784843100000,382.8,382.825,382.34,382.682,2300187.54663364
1784844000000,382.39,382.84,382.225,382.39,3323675.93830081
1784844900000,382.84,382.84,382.506,382.784,10382302.39976953
1784845800000,382.786,383.415,382.727,383.082,3810856.44572688
1784846700000,383.083,383.193,383.046,383.193,2785331.50221119
1784847600000,383.193,383.393,383.035,383.195,1851929.3960440245
1784848500000,383.04,383.218,382.7,383.04,2673894.09205946
1784849400000,382.7,382.85,382.233,382.564,2043678.3191011
1784850300000,382.564,382.798,382.34,382.392,4225792.82794552
1784851200000,382.44,382.71,381.97,382.3,323717.85
1784852100000,382.25,382.52,382.16,382.4,160599.47
1784853000000,382.42,383.38,382.34,383.12,675246.85
1784853900000,383.21,383.3,382.9,383.05,173148.47
1784854800000,383.28,383.28,382.69,382.69,357948.43
1784855700000,382.74,383.04,382.7,382.87,612890.0
1784856600000,383.0,383.01,382.65,382.77,97998.44
1784857500000,382.7,382.84,382.23,382.32,563863.03
1784858400000,382.32,382.69,382.3,382.6,172497.98
1784859300000,382.44,382.6,382.35,382.41,217972.87
1784860200000,382.4,382.48,381.73,381.73,799668.11
1784861100000,381.8,382.25,381.77,382.13,399889.02
1784862000000,382.11,382.18,381.83,382.09,578345.96
1784862900000,382.16,382.16,381.75,381.81,156573.69
1784863800000,381.76,381.89,381.41,381.49,648311.55
1784864700000,381.45,381.65,381.33,381.39,179290.15
1784865600000,381.36,381.91,381.17,381.85,627318.67
1784866500000,381.74,382.08,381.74,382.08,242535.82
1784867400000,382.07,382.23,381.84,382.11,448905.98
1784868300000,382.13,382.77,382.11,382.54,1344820.21
1784869200000,382.52,382.63,382.39,382.39,310250.55
1784870100000,382.27,382.41,382.21,382.21,169716.46
1784871000000,382.3,382.36,382.13,382.13,234709.01
1784871900000,382.1,382.24,381.91,381.91,628134.79
1784872800000,381.9,382.02,381.57,381.57,601356.1
1784873700000,381.56,381.99,381.56,381.8,150799.91
1784874600000,381.76,382.09,381.76,381.87,1015076.31
1784875500000,381.87,382.18,381.73,382.18,435351.07
1784876400000,382.21,383.6,382.21,383.37,1781096.55
1784877300000,383.5,384.46,383.32,384.39,2793213.96
1784878200000,384.15,384.56,384.14,384.29,840479.88
1784879100000,384.36,384.42,384.01,384.19,476757.45
1784880000000,385.39,385.693,382.39,385.39,29246913.01125696
1784880900000,385.09,385.414,385.005,385.09,2028982.37468361
1784881800000,385.2,385.749,385.06,385.249,1957889.55931954
1784882700000,385.241,385.747,385.135,385.511,3326651.67352172
1784883600000,385.58,386.15,385.375,385.58,2142734.58401472
1784884500000,385.49,386.53,385.375,385.49,2528819.58228112
1784885400000,386.01,386.53,385.967,386.01,1985368.06778944
1784886300000,385.97,386.062,385.6,385.97,2178712.72149991
1784887200000,385.825,385.825,385.55,385.815,1864041.2759897
1784888100000,385.815,385.815,385.3,385.3,1939929.4507303
1784889000000,385.22,385.804,385.17,385.34,3357962.07553886
1784889900000,385.45,385.825,385.25,385.25,2109100.06195809
1784890800000,385.31,385.899,385.25,385.69,4868760.82457953
1784891700000,385.68,386.299,385.498,386.01,5125314.41809076
1784892600000,386.101,386.314,385.69,386.2,3825003.39198244
1784893500000,386.2,386.25,385.915,386.08,4425744.90909009
1784894400000,385.79,386.203,385.79,386.09,4946189.30202234
1784895300000,386.3,386.358,386.01,386.15,5422690.28456885
1784896200000,385.94,386.5,385.901,385.94,5690205.02598665
1784897100000,385.75,386.15,385.657,385.75,6922922.83032965
1784898000000,385.57,386.13,385.34,386.13,8053921.48934712
1784898900000,385.85,387.085,384.832,386.656,23089815.61166719
1784899800000,387.535,388.99,381.13,381.17,1382077708.0322275
1784900700000,381.07,382.38,380.76,381.25,580219678.1795279
1784901600000,381.25,383.14,380.81,381.67,468540230.386646
1784902500000,381.65,383.385,381.65,381.71,402448167.54835546
1784903400000,381.705,383.91,381.695,382.85,322837844.5032558
1784904300000,382.8,384.47,382.73,384.2,311506141.3064555
1784905200000,384.2,385.285,383.505,385.11,378388147.7707978
1784906100000,385.09,386.03,384.32,385.24,307650375.77235
1784907000000,385.23,385.65,384.21,384.46,241525693.60457772
1784907900000,384.445,384.45,383.52,383.9,191811100.10133535
1784908800000,383.905,384.63,383.905,384.33,157078649.49632752
1784909700000,384.33,385.3,384.33,385.155,164201704.10339287
1784910600000,385.145,385.23,384.335,384.41,130971950.63817379
1784911500000,384.37,384.54,383.885,383.96,140551851.62115648
1784912400000,383.99,384.29,383.64,384.26,158503931.05497363
1784913300000,384.28,384.313,383.787,384.19,261055231.2997418
1784914200000,384.24,384.68,383.72,384.095,137027528.1974945
1784915100000,384.1,384.91,384.095,384.73,146030852.18123773
1784916000000,384.705,384.94,384.41,384.705,135249896.13173082
1784916900000,384.74,384.77,383.955,383.975,167581795.6546532
1784917800000,383.95,384.63,383.675,384.47,175018970.9384515
1784918700000,384.47,384.93,384.405,384.58,168362279.53085735
1784919600000,384.59,384.79,383.94,384.3,252804398.30830717
1784920500000,384.305,384.67,383.44,383.48,328672848.0133979
1784921400000,383.42,383.75,382.48,382.88,488612008.19815207
1784922300000,382.875,383.39,381.42,381.8,870844521.5589406
1784923200000,381.8,382.169,380.827,380.96,2134172243.6579049
1784924100000,381.7,381.919,381.581,381.7,3217244.29648618
1784925000000,381.88,381.88,381.231,381.88,4971698.11542246
1784925900000,381.51,381.745,381.219,381.71,38514750.62290863
1784926800000,381.456,381.705,381.24,381.24,3247553.88644997
1784927700000,381.24,381.455,381.082,381.382,2143020.61972416
1784928600000,381.89,381.949,381.383,381.89,3559654.45481613
1784929500000,381.85,381.928,381.725,381.801,18846097.60600532
1784930400000,381.6,381.878,381.6,381.6,2782996.50667105
1784931300000,381.73,381.756,381.605,381.756,1883552.10043755
1784932200000,381.758,381.8,381.65,381.65,1949718.46687492
1784933100000,381.65,381.845,381.6,381.675,2095066.10954985
1784934000000,381.675,381.68,381.546,381.57,597615.61107198
1784934900000,381.571,381.67,381.553,381.67,1611191.75064204
1784935800000,381.67,381.675,381.45,381.587,3614174.9630323495
1784936700000,381.593,381.62,381.28,381.375,3859629.797853366
1784942100000,381.48,381.48,381.48,381.48,19.989552
1784967300000,381.14,381.14,381.04,381.04,88.062724
1784984400000,381.0,381.0,381.0,381.0,93.5355
1784985300000,381.11,381.14,381.11,381.14,19.970425
1784994300000,380.9,380.9,380.9,380.9,100.97659
1784995200000,380.98,380.98,380.98,380.98,22.363526
1784997000000,380.98,381.05,380.98,381.05,19.965032
1785003300000,381.01,381.12,381.01,381.12,31.206039
1785005100000,380.96,381.71,380.96,381.71,143.233984
1785006000000,381.55,381.55,380.89,380.89,225.0476
1785024900000,380.71,380.71,380.71,380.71,125.367803
1785028500000,381.06,381.06,381.06,381.06,19.967544
1785032100000,380.64,380.64,380.64,380.64,148.030896
1785049200000,380.61,380.61,380.58,380.58,3044.647881
1785051000000,380.68,380.68,380.68,380.68,10.240292
1785054600000,380.68,380.68,380.4,380.4,22.983524
1785055500000,380.68,380.68,380.68,380.68,249.992556
1785056400000,380.66,380.66,380.41,380.41,211.805806
1785059100000,380.33,380.33,380.33,380.33,249.762711
1785062700000,380.46,380.46,380.46,380.46,104.968914
1785067200000,380.25,380.25,380.25,380.25,49.850775
1785070800000,380.23,380.23,380.23,380.23,13.536188
1785071700000,380.34,380.34,380.34,380.34,36.32247
1785077100000,380.34,380.34,380.34,380.34,10.07901
1785080700000,380.4,380.45,380.4,380.45,487.561965
1785089700000,380.66,380.72,380.66,380.72,371.51142
1785108600000,380.72,380.72,380.72,380.72,19.9878
1785110400000,382.0,385.32,382.0,384.6,5901579.96
1785111300000,384.65,384.89,384.14,384.79,1576028.3
1785112200000,384.86,385.53,384.26,384.36,1687550.24
1785113100000,384.25,384.5,383.95,384.31,1469847.64
1785114000000,384.09,384.36,383.25,383.29,2827199.84
1785114900000,383.28,384.44,383.28,384.4,2141063.21
1785115800000,384.35,384.99,384.1,384.7,1072493.38
1785116700000,384.58,384.66,384.34,384.44,474910.86
1785117600000,384.51,384.64,384.29,384.56,281413.57
1785118500000,384.53,384.94,384.53,384.8,373521.09
1785119400000,384.72,384.72,384.33,384.64,607594.85
1785120300000,384.61,384.92,384.6,384.83,490941.61
1785121200000,384.84,384.86,384.59,384.68,280086.79
1785122100000,384.72,384.78,384.5,384.5,394708.29
1785123000000,384.53,384.61,384.34,384.53,572856.94
1785123900000,384.52,384.55,384.19,384.41,788064.71
1785124800000,384.39,384.63,384.36,384.47,170720.63
1785125700000,384.48,384.66,384.31,384.39,289977.26
1785126600000,384.45,384.7,384.43,384.65,323038.16
1785127500000,384.69,384.7,384.49,384.49,526523.14
1785128400000,384.54,384.54,384.21,384.53,254888.32
1785129300000,384.51,384.75,384.38,384.64,639232.47
1785130200000,384.76,384.96,384.65,384.95,363652.07
1785131100000,384.93,385.32,384.89,385.01,1639508.49
1785132000000,385.0,385.32,385.0,385.17,918245.68
1785132900000,385.16,385.21,384.97,385.13,939930.93
1785133800000,385.02,385.05,384.01,384.32,1166143.92
1785134700000,384.38,384.51,384.07,384.29,1226999.21
1785135600000,384.11,384.89,383.5,384.74,3076021.66
1785136500000,384.73,384.91,384.56,384.77,641118.53
1785137400000,384.68,384.76,384.55,384.59,231206.54
1785138300000,384.66,384.95,384.53,384.69,789796.44
1785139200000,386.0,386.224,381.934,386.0,29052333.1016161
1785140100000,386.035,386.249,385.002,386.24,3509598.8581044
1785141000000,386.24,386.24,385.611,386.03,3691787.19518595
1785141900000,386.03,386.17,385.726,385.831,4483460.561632398
1785142800000,385.83,386.045,385.682,385.705,1867406.088965
1785143700000,385.93,385.97,385.705,385.78,2384110.52267036
1785144600000,385.51,385.869,385.139,385.51,2641373.36788119
1785145500000,385.78,385.97,385.345,385.78,1062338.70439964
1785146400000,385.685,385.97,385.49,385.49,2586244.85493658
1785147300000,385.88,386.02,385.49,385.88,1631074.04733759
1785148200000,385.9,386.29,385.795,386.29,3505998.32998307
1785149100000,386.05,386.22,385.7,386.05,2578660.573193
1785150000000,386.095,387.51,386.092,386.549,27223429.110426296
1785150900000,387.3,387.349,386.436,387.3,7643829.98810631
1785151800000,387.01,387.52,386.91,387.49,7368923.61619242
1785152700000,387.35,387.395,387.001,387.08,4717756.84785432
1785153600000,387.17,387.57,387.081,387.1,6245626.91837476
1785154500000,387.37,387.562,386.812,387.32,5916333.0612459
1785155400000,387.46,388.035,387.19,388.0,17227614.77590834
1785156300000,388.1,388.222,387.603,388.09,9107786.04430298
1785157200000,388.0,388.824,387.833,388.52,11474960.83113291
1785158100000,388.425,389.98,387.753,389.827,43133197.87311169
1785159000000,389.69,392.45,388.01,389.89,934957733.581521
1785159900000,389.83,392.37,388.885,391.08,547417808.7306691
1785160800000,391.12,393.3,390.67,392.44,521929364.92187893
1785161700000,392.45,393.02,390.23,390.375,450013750.4550286
1785162600000,390.428,390.92,389.5,389.735,510066464.5900085
1785163500000,389.8,390.22,389.3,389.62,299279397.73055124
1785164400000,389.625,393.06,389.38,393.06,403289811.1976524
1785165300000,393.02,393.87,392.67,393.54,321907935.66950923
1785166200000,393.504,393.75,391.3,391.438,383231318.6296763
1785167100000,391.54,391.6,390.0,390.312,324581365.1098777
1785168000000,390.3,390.825,389.99,389.99,213283756.49985144
1785168900000,389.97,390.93,389.465,390.47,224984170.64051753
1785169800000,390.46,392.0,390.34,391.165,216300792.76840612
1785170700000,391.175,391.6,390.8,391.3,166246003.73730353
1785171600000,391.38,391.79,390.91,391.63,153733673.76488543
1785172500000,391.715,392.34,391.52,391.52,192738927.945461
1785173400000,391.56,392.77,391.555,392.28,222921094.6474398
1785174300000,392.3,393.75,391.91,393.73,438240888.68419945
1785175200000,393.76,394.2,393.45,393.577,353058693.446961
1785176100000,393.52,393.72,392.54,392.725,183641610.30891278
1785177000000,392.75,393.44,392.53,393.36,220000536.16530615
1785177900000,393.345,394.09,393.32,393.56,205506301.2055336
1785178800000,393.57,393.58,391.93,391.98,216928665.4560275
1785179700000,392.02,392.22,391.225,391.28,264848052.43275845
1785180600000,391.245,391.51,390.01,390.1,319133173.9355797
1785181500000,390.08,390.09,388.84,389.14,831126363.9775268
1785182400000,388.7,389.355,388.48,388.78,1820728863.8125808
1785183300000,389.299,389.389,388.71,388.9,14185009.641480125
1785184200000,389.3,389.57,388.88,389.14,4544835.30221349
1785185100000,389.275,389.275,388.985,389.048,3595486.76936222
1785186000000,389.048,389.05,388.925,389.03,1844295.74756782
1785186900000,389.033,389.35,388.876,389.18,4886217.45299291
1785187800000,389.178,389.19,388.875,389.075,2605529.2644460197
1785188700000,389.2,389.599,389.04,389.19,2328767.1985899
1785189600000,389.39,389.645,389.309,389.39,1982329.00935528
1785190500000,389.376,389.599,389.35,389.5,7798010.75164106
1785191400000,389.5,389.5,389.215,389.296,7076034.95557692
1785192300000,389.296,389.3,388.928,389.2,8516090.54200271
1785193200000,389.2,389.2,388.885,388.923,1944112.25795855
1785194100000,388.925,389.6,388.833,389.325,2517737.23484843
1785195000000,389.325,389.569,389.3,389.355,819839.35147086
1785195900000,389.362,389.8,389.362,389.69,2428207.74139433
1785196800000,389.11,389.95,388.12,389.0,973310.24
1785197700000,389.1,389.45,388.65,388.98,284804.71
1785198600000,389.12,389.62,388.85,389.21,802414.83
1785199500000,389.12,389.12,388.8,389.09,529724.77
1785200400000,389.01,389.13,388.21,388.21,814571.31
1785201300000,388.2,389.83,387.76,389.7,1445493.3
1785202200000,389.67,389.89,389.06,389.2,755134.77
1785203100000,389.34,389.56,389.2,389.37,1029976.96
1785204000000,389.31,389.36,388.88,389.07,613685.54
1785204900000,388.98,389.16,388.88,389.0,342350.6
1785205800000,388.82,389.17,388.79,389.11,313095.37
1785206700000,389.1,389.49,388.9,389.43,1301196.47
1785207600000,389.4,390.41,389.16,390.08,2702311.26
1785208500000,390.02,390.99,390.02,390.48,1352632.71
1785209400000,390.51,391.1,390.32,391.08,328708.98
1785210300000,391.1,391.13,390.4,390.4,847385.31
1785211200000,390.41,390.51,390.05,390.05,1158302.16
1785212100000,390.03,390.03,389.82,389.96,443373.16
1785213000000,389.85,390.54,389.8,389.93,726167.05
1785213900000,389.94,391.0,389.71,390.41,660255.17
1785214800000,390.44,390.8,390.22,390.22,381154.16
1785215700000,390.24,390.24,389.55,389.61,324720.51
1785216600000,389.59,390.03,389.59,390.01,1042049.65
1785217500000,389.99,390.27,389.75,390.14,427090.23
1785218400000,390.21,390.5,389.7,390.35,1109881.31
1785219300000,390.45,390.99,390.39,390.7,1127218.61
1785220200000,390.72,391.25,390.45,391.21,972159.77
1785221100000,391.22,391.6,391.12,391.54,1583996.93
1785222000000,391.53,393.01,391.45,392.6,4068930.29
1785222900000,392.61,392.71,392.23,392.26,733609.38
1785223800000,392.26,392.88,392.05,392.59,1904857.91
1785224700000,392.44,392.75,392.08,392.75,629941.68
1785225600000,392.32,392.815,390.113,392.32,34195803.73801925
1785226500000,392.47,392.65,391.5,392.47,5360964.35806185
1785227400000,391.5,392.093,391.45,392.093,2368560.52773052
1785228300000,392.094,392.095,391.995,392.05,957631.95184152
1785229200000,392.43,392.65,391.805,392.53,3741000.79175598
1785230100000,392.8,392.8,392.305,392.8,2360394.08439938
1785231000000,392.79,393.06,392.55,392.92,3630741.66180105
1785231900000,392.81,393.53,392.711,393.02,4022594.00775984
1785232800000,393.02,393.334,392.61,393.029,3263457.63986152
1785233700000,393.028,393.1,392.626,393.1,2634922.86884724
1785234600000,393.06,393.156,392.5,393.06,3577150.83503954
1785235500000,392.28,392.975,392.26,392.26,3024291.76140538
1785236400000,393.0,393.926,392.358,393.59,14568571.48715978
1785237300000,394.33,394.428,393.6,394.22,15337601.65284322
1785238200000,395.0,395.244,394.125,395.0,17563469.58978802
1785239100000,394.51,394.581,394.2,394.51,15365168.13148673
1785240000000,394.94,395.163,394.305,395.0,11349843.4351639
1785240900000,395.09,395.781,394.926,395.56,12701815.59895619
1785241800000,395.4,396.147,395.059,395.99,14671062.55317225
1785242700000,395.41,396.162,395.41,395.57,9660203.3076165
1785243600000,395.34,395.707,394.506,394.83,17957809.16856862
1785244500000,395.2,395.394,391.35,392.83,43701188.59255162
1785245400000,393.25,400.2,392.11,394.4,1498944063.367778
1785246300000,394.49,395.11,391.42,392.32,772999451.2930777
1785247200000,392.4,394.41,392.23,394.28,482630937.0508095
1785248100000,394.255,397.14,394.1,395.48,592247943.4079406
1785249000000,395.49,396.75,394.72,396.61,339370104.3639335
1785249900000,396.565,397.66,396.065,396.54,361758836.28007954
1785250800000,396.535,398.1,396.0,398.01,335737783.90792835
1785251700000,398.08,400.16,397.8,399.96,488686179.11923623
1785252600000,399.93,400.31,398.745,398.81,297167885.90663934
1785253500000,398.87,398.87,397.0,397.845,250748113.91177222
1785254400000,397.855,397.87,396.135,397.62,310259028.12733066
1785255300000,397.64,398.87,397.619,398.075,331427750.7445792
1785256200000,398.075,398.6,398.06,398.46,159184947.1180953
1785257100000,398.465,398.905,398.03,398.84,258990107.41169688
1785258000000,398.82,398.89,397.71,397.785,153931899.0565722
1785258900000,397.84,398.27,397.51,398.08,151540244.47837332
1785259800000,398.05,399.45,397.895,398.97,387828054.64814806
1785260700000,398.99,399.51,398.84,399.2,172238646.58830252
1785261600000,399.15,399.2,397.1,397.41,191378439.48231488
1785262500000,397.39,397.75,396.955,397.53,210083082.33513704
1785263400000,397.51,397.61,397.01,397.33,441308849.24658895
1785264300000,397.31,397.98,396.73,396.95,206702786.40477338
1785265200000,396.98,397.12,394.25,394.26,404341150.8040426
1785266100000,394.21,394.55,392.65,392.845,302356147.6153378
1785267000000,392.82,393.445,392.4,393.035,343339542.69125265
1785267900000,393.04,393.81,392.63,393.43,933807169.7390149
1785268800000,393.34,393.852,392.689,393.34,2067389780.9927452
1785269700000,393.74,393.99,393.51,393.99,8508099.856306
1785270600000,393.7,394.085,393.601,393.71,6085746.65138569
1785271500000,393.79,394.163,393.75,393.79,8203506.5430834
1785272400000,393.828,393.85,393.792,393.81,2745318.17560902
1785273300000,393.76,394.149,393.75,393.75,3517505.24642023
1785274200000,394.149,394.195,393.96,394.099,1951258.8781863
1785275100000,394.1,394.249,394.03,394.148,3300121.00081427
1785276000000,394.144,394.46,394.039,394.232,2901892.45384661
1785276900000,394.231,394.24,393.885,394.127,1750639.53103751
1785277800000,393.71,394.14,393.575,393.71,2650247.29998518
1785278700000,394.74,395.585,393.651,395.0,8565748.64834421
1785279600000,395.48,395.691,394.501,395.5,7522629.4502389
1785280500000,395.31,395.953,395.201,395.71,4746917.01539186
1785281400000,395.68,395.755,394.591,395.69,7925961.46256923
1785282300000,394.76,395.787,394.435,394.54,10592470.64952662
1785283200000,395.01,395.44,394.13,394.46,1087567.25
1785284100000,394.21,394.8,394.07,394.79,673155.39
1785285000000,394.7,394.8,394.29,394.7,621496.37
1785285900000,394.71,394.95,394.24,394.56,450724.73
1785286800000,394.41,394.41,393.84,393.84,589986.0
1785287700000,393.85,394.99,393.68,394.59,1004526.19
1785288600000,394.44,394.49,394.08,394.48,838967.83
1785289500000,394.41,394.48,393.37,393.41,1754228.29
1785290400000,393.4,394.18,393.21,394.05,1211101.06
1785291300000,393.79,394.57,393.79,394.31,806048.76
1785292200000,394.45,394.7,394.27,394.7,413056.09
1785293100000,394.94,395.1,394.46,394.65,862658.98
1785294000000,394.66,395.02,394.5,394.81,511623.24
1785294900000,394.84,394.91,394.59,394.73,145657.76
1785295800000,394.69,395.11,394.58,395.11,1317825.92
1785296700000,395.11,395.97,394.99,395.7,1385570.33
1785297600000,395.7,396.36,395.41,395.74,1828970.4
1785298500000,395.74,396.77,395.41,395.69,1558800.37
1785299400000,395.7,396.34,394.86,396.14,3318816.25
1785300300000,395.77,396.51,395.51,395.9,1027047.77
1785301200000,395.9,395.91,395.48,395.51,794143.85
1785302100000,395.49,395.8,395.3,395.59,424423.92
1785303000000,395.49,395.61,394.99,395.27,612559.97
1785303900000,395.28,395.43,395.0,395.1,381725.2
1785304800000,395.09,395.43,395.05,395.33,871413.19
1785305700000,395.35,395.42,394.78,395.1,1616106.06
1785306600000,395.18,395.76,395.09,395.71,785494.61
1785307500000,395.71,395.72,395.31,395.43,670762.73
1785308400000,395.43,396.81,395.43,396.19,3248076.91
1785309300000,396.24,396.69,396.24,396.68,868746.82
1785310200000,396.54,397.96,396.54,397.96,2073142.58
1785311100000,397.52,398.01,397.51,397.95,2191967.08
1785312000000,395.299,398.102,395.299,396.845,50265003.89287145
1785312900000,396.845,397.35,396.775,397.149,2595660.91269993
1785313800000,397.149,397.595,396.751,396.751,2347588.351490101
1785314700000,396.751,396.751,396.515,396.75,2153400.9227032
1785315600000,396.35,396.75,394.214,396.35,5437345.42177422
1785316500000,394.339,394.625,393.943,394.157,5348658.84361385
1785317400000,393.93,394.384,392.332,392.56,9651427.94626754
1785318300000,392.42,393.215,392.277,393.14,6542002.61313971
1785319200000,393.44,393.916,392.565,393.0,7362030.68020196
1785320100000,393.93,393.995,393.325,393.93,1771366.38261836
1785321000000,394.11,394.44,393.372,394.11,3286683.37919574
1785321900000,394.416,395.322,394.415,394.825,9969484.091127202
1785322800000,395.09,395.994,393.752,394.26,9424973.81559957
1785323700000,393.98,394.28,392.91,393.37,11433802.88049197
1785324600000,393.87,394.59,393.381,393.87,77934702.81205343
1785325500000,393.95,394.45,393.872,394.29,4786059.15902158
1785326400000,394.25,394.25,393.682,393.766,6790435.085860943
1785327300000,394.15,394.33,393.225,393.31,7450262.80450515
1785328200000,393.62,394.895,393.5,394.29,7161398.40960909
1785329100000,394.61,394.896,394.329,394.36,6607982.59238838
1785330000000,394.59,394.8,393.92,393.92,9311798.50279814
1785330900000,394.55,394.649,392.78,393.09,12602816.66475445
1785331800000,393.36,394.145,389.1,389.75,809763877.4584948
1785332700000,389.66,392.71,388.735,392.53,657315395.6508683
1785333600000,392.35,393.525,391.371,391.6,440387134.0503919
1785334500000,391.64,393.38,390.835,392.396,483959801.4008646
1785335400000,392.55,394.33,392.422,394.2,367539842.81962407
1785336300000,394.21,394.99,393.74,394.24,575583492.7876385
1785337200000,394.26,395.8,394.14,394.83,311874040.0376542
1785338100000,394.83,395.455,394.43,394.615,218072966.14630786
1785339000000,394.605,394.939,394.11,394.342,282254636.99158466
1785339900000,394.31,395.29,394.31,394.74,189586028.4077168
1785340800000,394.78,394.94,392.865,393.31,248610768.58016488
1785341700000,393.265,395.66,393.1,395.64,482147793.607197
1785342600000,395.63,395.99,393.895,394.23,407047322.48071456
1785343500000,394.182,395.59,393.67,395.302,696803911.4533796
1785344400000,395.36,396.085,395.06,396.065,445342479.87253296
1785345300000,396.065,397.175,395.43,396.165,362163043.6151435
1785346200000,396.17,396.4,395.685,396.31,205687422.5557776
1785347100000,396.29,396.805,395.465,396.5,278287725.8994089
1785348000000,396.456,399.12,396.456,397.633,327493575.670778
1785348900000,397.59,398.64,397.43,398.64,261672836.5947394
1785349800000,398.63,399.37,398.09,399.16,373762679.3413565
1785350700000,399.2,401.25,399.07,399.53,722796798.624103
1785351600000,399.62,399.635,396.825,397.97,478096888.01803356
1785352500000,397.97,398.24,395.8,395.955,362818366.1399726
1785353400000,396.02,396.265,392.46,392.545,531969270.6980159
1785354300000,392.555,392.905,389.38,390.99,1901978387.3250382
1785355200000,396.12,409.15,390.529,392.04,2850729842.235812
1785356100000,392.74,401.73,392.01,398.57,228128674.95016026
1785357000000,399.52,407.098,398.333,402.53,237236760.11930105
1785357900000,403.51,403.857,401.99,402.15,81116372.375315
1785358800000,402.21,404.453,397.885,398.13,115112228.21332364
1785359700000,397.44,401.544,397.44,401.5,88884108.1787161
1785360600000,401.5,401.748,399.99,401.2,39101910.22579425
1785361500000,400.01,401.283,396.66,398.2,60188420.72809505
1785362400000,398.1,429.95,397.702,423.04,793499762.0588067
1785363300000,422.4,423.38,417.51,421.01,257353364.11844993
1785364200000,420.51,423.79,420.166,422.69,138183392.56718013
1785365100000,424.0,424.774,419.26,419.26,102107452.4089286
1785366000000,420.01,425.162,419.426,424.96,125737812.3750694
1785366900000,424.4,426.495,424.221,424.9,125883032.52969071
1785367800000,425.05,426.085,421.99,422.99,87225409.19770306
1785368700000,422.66,425.4,422.331,425.4,66509401.10681086
1785369600000,424.72,426.0,421.09,421.22,9313306.05
1785370500000,421.22,422.67,420.59,421.8,12658364.14
1785371400000,421.75,422.17,418.35,419.0,13164199.81
1785372300000,419.0,419.74,417.67,418.05,7831361.89
1785373200000,418.06,420.81,417.67,418.01,10925748.72
1785374100000,418.0,419.58,417.66,418.98,7269418.13
1785375000000,418.98,419.96,418.81,418.89,6894141.51
1785375900000,418.86,419.7,418.63,418.8,3883222.02
1785376800000,418.81,420.31,418.5,419.78,5857299.93
1785377700000,419.9,420.96,419.6,420.1,3546114.58
1785378600000,420.13,421.35,419.99,421.33,2922240.36
1785379500000,421.23,422.49,420.8,421.88,7223131.4
1785380400000,421.87,422.49,420.54,421.24,7080165.75
1785381300000,421.27,421.74,420.34,420.38,3045525.4
1785382200000,420.3,420.84,419.78,420.17,1944623.64
1785383100000,420.13,420.95,419.99,420.39,2642079.67
1785384000000,420.29,420.42,419.4,419.42,3374995.28
1785384900000,419.44,420.77,419.44,420.3,1888464.19
1785385800000,420.19,420.39,419.77,420.39,1415099.92
1785386700000,420.24,420.82,420.15,420.82,2228621.07
1785387600000,420.78,421.2,420.5,421.01,3488681.59
1785388500000,421.09,421.67,421.09,421.14,3157601.11
1785389400000,421.15,421.16,420.25,420.29,4875355.66
1785390300000,420.25,420.7,419.63,419.76,2214731.09
1785391200000,419.7,419.73,419.01,419.01,4852559.3
1785392100000,418.99,419.34,418.58,419.32,5002718.69
1785393000000,419.23,419.51,418.8,419.18,3625555.9
1785393900000,419.11,419.5,418.9,419.06,2284020.23
1785394800000,419.08,420.18,418.99,419.03,4527826.59
1785395700000,419.03,419.15,417.29,417.5,6695432.74
1785396600000,417.51,417.54,416.49,417.39,7690416.09
1785397500000,417.36,418.61,417.16,418.42,2702876.5
1785398400000,418.48,425.024,417.127,420.35,145113626.73049745
1785399300000,420.99,421.574,419.986,421.41,29062922.8476176
1785400200000,421.5,424.434,421.286,424.0,49270468.6555599
1785401100000,423.53,424.529,422.755,422.86,35846623.12489799
1785402000000,423.99,424.422,423.204,423.71,33297169.38669213
1785402900000,423.203,423.203,421.61,423.023,24179580.99003467
1785403800000,422.98,423.269,422.5,422.76,22171129.63877475
1785404700000,423.91,424.89,422.502,424.89,31994380.16579175
1785405600000,424.025,425.28,424.025,425.243,66508592.29597945
1785406500000,425.2,426.441,425.09,426.05,36074836.51020067
1785407400000,425.99,426.962,425.824,425.94,36955060.13452755
1785408300000,426.08,427.527,425.725,427.215,39696066.01433841
1785409200000,427.04,427.59,425.693,426.01,112435255.5754314
1785410100000,425.34,427.188,425.34,427.02,74119386.4901577
1785411000000,427.39,429.16,427.071,428.01,129562444.73506214
1785411900000,428.36,430.387,428.17,428.91,203040499.3156369
1785412800000,428.24,429.383,428.04,428.86,100450166.00500757
1785413700000,428.661,428.7,427.238,427.583,116960217.23887365
1785414600000,427.586,427.99,425.37,426.591,192447491.62825242
1785415500000,426.43,427.597,425.92,426.84,110954939.1973164
1785416400000,427.0,428.9,426.972,427.06,136398078.60813364
1785417300000,427.24,439.99,426.53,438.89,503843749.8241706
1785418200000,438.45,451.35,432.43,449.25,9192558616.114445
1785419100000,448.822,451.69,446.195,449.809,4642890197.232956
1785420000000,450.16,451.67,445.285,447.889,2645396259.9830017
1785420900000,448.37,450.56,445.74,449.93,2102266636.77664
1785421800000,449.89,451.92,449.43,451.44,2182018999.488953
1785422700000,451.45,452.22,446.785,447.19,2304083162.7207017
1785423600000,447.16,447.19,443.99,444.415,1721040215.4950285
1785424500000,444.45,447.5,443.69,444.612,1569199671.2016354
1785425400000,444.49,449.615,444.4,449.34,1031730138.4900551
1785426300000,449.42,450.55,448.99,449.92,940119791.4194542
1785427200000,449.91,456.5,449.64,455.54,1820159671.918349
1785428100000,455.6,455.915,454.85,455.207,1086311030.786641
1785429000000,455.31,455.36,453.0,453.45,744817862.6755675
1785429900000,453.38,455.68,453.26,455.1,972375006.4106147
1785430800000,455.25,456.425,454.95,455.85,606505979.587351
1785431700000,455.835,456.215,455.01,455.908,730255519.046345
1785432600000,456.421,456.421,456.421,456.421,1063559615.109175
1785433500000,456.44,457.01,455.465,455.879,846554060.5550897
1785434400000,455.95,458.69,455.38,457.86,886899358.2069114
1785435300000,457.82,458.44,457.36,458.19,648964343.9604949
1785436200000,458.15,458.3,455.83,455.88,680574898.3588648
1785437100000,455.99,456.905,455.85,455.998,757853634.2964913
1785438000000,455.87,456.51,454.76,454.945,818796051.590239
1785438900000,454.95,457.315,454.68,456.78,847509715.1062561
1785439800000,456.805,457.03,455.24,455.69,901611536.3488888
1785440700000,451.0,451.68,450.98,451.545,3066037452.0858455
1785441600000,451.335,451.583,448.51,448.608,4415661534.318361
1785442500000,448.57,450.15,448.35,449.65,53740308.87094756
1785443400000,449.25,449.99,448.638,448.8,32327159.28372774
1785444300000,448.65,449.016,448.525,448.61,59862157.24559952
1785445200000,448.5,448.706,446.61,446.61,36525036.11992452
1785446100000,446.977,447.792,446.062,447.679,58651432.64309512
1785447000000,447.72,447.72,446.398,447.3,22463825.92666477
1785447900000,447.51,448.0,446.055,447.52,21561624.74957358
1785448800000,447.99,448.14,447.128,447.17,14338708.28292524
1785449700000,445.99,447.553,445.315,446.22,16736175.78641869
1785450600000,445.339,447.157,445.11,447.082,19696009.966744836
1785451500000,448.01,449.253,447.081,449.09,22838529.8756544
1785452400000,449.46,449.46,447.953,449.46,6007826.19337081
1785453300000,448.01,448.188,447.5,447.95,4594862.23608146
1785454200000,447.89,448.146,447.235,447.89,6648620.2287462
1785455100000,447.7,448.498,447.7,447.75,13391583.87951224
1785456000000,447.89,448.56,447.12,447.98,2469214.6
1785456900000,447.96,448.04,447.24,447.31,1550096.76
1785457800000,447.29,447.47,446.15,447.01,3270987.66
1785458700000,447.08,447.23,445.84,446.35,3782833.04
1785459600000,446.37,446.49,445.92,446.37,3484445.64
1785460500000,446.38,447.23,445.96,447.18,3676037.04
1785461400000,447.21,447.5,446.61,447.1,3257069.99
1785462300000,447.14,448.37,446.93,447.47,3676864.23
1785463200000,447.46,447.75,446.83,447.0,1125896.7
1785464100000,447.09,447.68,446.9,447.43,1196760.4
1785465000000,447.43,447.76,447.07,447.21,1263630.46
1785465900000,447.27,447.32,446.85,447.1,1074179.31
1785466800000,447.18,447.36,446.61,446.7,1922610.78
1785467700000,446.73,447.3,446.73,447.06,1681809.69
1785468600000,447.14,448.02,447.08,447.75,1555113.71
1785469500000,447.35,447.51,447.09,447.29,743873.81
1785470400000,447.29,447.3,446.99,447.06,1515182.76
1785471300000,447.07,447.4,446.88,447.31,780703.71
1785472200000,447.32,447.48,447.02,447.34,1730554.05
1785473100000,447.36,447.4,447.15,447.17,674029.37
1785474000000,447.18,447.19,446.29,446.45,1920493.89
1785474900000,446.43,446.82,446.31,446.31,1659135.87
1785475800000,446.34,446.36,445.99,446.02,2363511.68
1785476700000,446.12,446.74,446.06,446.66,2270194.94
1785477600000,446.71,446.83,446.25,446.32,2545243.39
1785478500000,446.34,447.0,446.29,446.95,1966794.79
1785479400000,446.9,446.9,446.44,446.45,2161850.46
1785480300000,446.48,446.79,446.37,446.7,2564828.49
1785481200000,446.68,447.4,446.48,447.4,3384653.71
1785482100000,447.28,448.2,447.23,447.69,3640984.4
1785483000000,447.59,447.87,447.2,447.32,1822091.7
1785483900000,447.34,447.5,447.08,447.17,826476.25
1785484800000,444.99,448.401,444.99,447.74,62573530.08691349
1785485700000,447.3,449.527,447.107,449.47,15369842.36671962
1785486600000,448.12,448.431,447.532,448.2,5823075.88356683
1785487500000,448.02,448.235,447.71,448.02,4586410.19999156
1785488400000,447.88,448.165,447.06,447.42,4482912.7427737
1785489300000,447.56,448.608,447.341,447.56,8604389.6041186
1785490200000,447.95,448.555,447.041,447.95,4223886.59773329
1785491100000,448.1,448.837,447.692,448.1,6803766.41091321
1785492000000,448.838,448.943,448.05,448.25,5186023.89800238
1785492900000,448.18,448.475,447.447,448.18,4182235.97897849
1785493800000,448.206,448.305,447.93,448.065,6272802.05502266
1785494700000,448.065,448.228,447.889,448.105,4207944.34740306
1785495600000,448.29,448.698,447.85,448.0,24061728.96347154
1785496500000,448.8,449.66,447.901,448.78,20047125.94954892
1785497400000,448.49,449.212,448.49,448.79,14123452.13242055
1785498300000,449.89,450.835,448.776,449.6,36143216.93918104
1785499200000,449.69,450.003,448.612,449.18,21158736.07841538
1785500100000,448.89,451.812,448.82,451.59,27121406.54552165
1785501000000,450.83,451.626,450.648,450.87,16247091.19228839
1785501900000,450.89,451.457,450.11,450.96,19399433.77866292
1785502800000,452.01,452.288,451.301,451.44,28833612.98204456
1785503700000,451.13,452.0,448.961,449.84,61177838.73441331
1785504600000,450.105,460.51,449.88,460.01,2483385904.8951025
1785505500000,460.01,462.81,455.91,462.57,1710609554.774048
1785506400000,462.64,462.96,455.88,456.97,1395412295.1825747
1785507300000,456.99,457.021,452.895,453.35,876466911.0653676
1785508200000,453.38,455.88,452.11,455.64,775960190.8902704
1785509100000,455.75,456.215,451.795,452.418,729338098.2405331
1785510000000,452.4,455.51,450.74,454.87,666389582.7474912
1785510900000,455.0,458.94,454.84,457.825,981446940.2932518
1785511800000,457.83,460.575,456.55,459.82,786471640.0565447
1785512700000,459.834,463.53,459.57,463.085,1036441842.3295126
1785513600000,463.065,464.31,461.04,462.47,600760287.7701845
1785514500000,462.48,464.8,462.35,463.65,734886779.7671338
1785515400000,463.688,464.34,462.5,463.584,545396710.2250985
1785516300000,463.576,464.155,461.675,461.916,492435068.5915316
1785517200000,461.93,462.61,461.05,461.92,509154846.4830373
1785518100000,461.91,463.765,461.75,463.59,441926104.94618034
1785519000000,463.59,463.76,461.23,461.289,471054986.67726755
1785519900000,461.284,461.715,460.24,460.398,477170613.4606512
1785520800000,460.44,462.415,460.01,462.26,414000841.77822566
1785521700000,462.315,463.15,461.89,462.92,383752586.8910458
1785522600000,463.028,463.52,461.74,462.121,445150511.1434229
1785523500000,462.113,462.2,461.14,461.229,537350753.6887813
1785524400000,461.15,462.725,461.11,462.121,732210741.5641989
1785525300000,462.04,463.765,462.04,462.297,856090521.0155016
1785526200000,462.1,463.1,461.67,462.77,719605244.3133297
1785527100000,462.69,466.82,462.32,464.71,2838474763.9029365
1785528000000,464.0,464.796,463.782,463.8,5672074211.54315
1785528900000,463.86,463.91,463.18,463.21,21522617.16684246
1785529800000,463.58,464.42,463.275,464.31,41105603.78779955
1785530700000,464.02,464.425,463.604,464.02,27615217.61612101
1785531600000,463.51,463.675,463.365,463.51,7589413.4619037
1785532500000,463.356,463.356,462.59,462.59,12514052.81579425
1785533400000,462.59,462.787,462.125,462.18,15544878.41539125
1785534300000,462.0,462.238,461.627,462.0,5323744.13155418
1785535200000,461.67,461.915,461.605,461.628,6753633.50193201
1785536100000,461.51,461.794,461.35,461.51,5173818.8195221
1785537000000,461.403,461.593,460.941,461.152,18247663.13348271
1785537900000,460.875,461.165,460.725,460.875,4114632.87480597
1785538800000,461.35,461.75,461.03,461.56,5748302.95149124
1785539700000,461.69,461.69,461.325,461.49,3841421.21269217
1785540600000,461.57,461.826,461.408,461.57,2370867.38317939
1785541500000,461.785,461.919,461.686,461.848,8544960.246347947
1785542400000,461.65,462.02,461.65,462.02,1772.578007
1785546900000,462.02,462.02,462.02,462.02,19.959264
1785547800000,462.02,462.02,462.02,462.02,10.996076
1785548700000,461.29,461.29,461.29,461.29,32.2903
1785549600000,461.27,461.27,461.24,461.24,110.7018
1785550500000,461.13,461.13,461.13,461.13,470.3526
1785551400000,461.2,461.3,461.05,461.05,220.52486
1785553200000,461.04,461.04,461.04,461.04,54.587136
1785555900000,461.02,461.02,460.99,460.99,545.031546
1785556800000,460.97,460.97,460.97,460.97,32.2679
1785561300000,461.1,461.11,461.1,461.11,173.143712
1785569400000,460.96,460.96,460.96,460.96,173.828016
1785570300000,460.94,460.94,460.94,460.94,46.78541
1785575700000,460.9,460.9,460.9,460.9,46.09
1785579300000,461.0,461.0,460.88,460.88,238.490368
1785588300000,461.09,461.09,461.09,461.09,49.982156
1785589200000,460.87,461.05,460.77,460.77,94.667596
1785590100000,460.88,460.88,460.88,460.88,19.956104
1785595500000,460.88,460.88,460.88,460.88,10.001096
1785598200000,460.75,460.75,460.75,460.75,219.96205
1785600900000,461.05,461.05,460.73,460.73,200.487182
1785603600000,461.05,461.05,461.05,461.05,19.963465
1785607200000,460.64,460.64,460.64,460.64,11.562064
1785613500000,460.64,460.64,460.64,460.64,133.5856
1785615300000,460.6,460.6,460.6,460.6,506.66
1785618000000,460.55,460.55,460.55,460.55,520.4215
1785618900000,460.66,460.66,460.66,460.66,43.99303
1785619800000,460.49,460.49,460.48,460.48,55.672977
1785623400000,460.48,460.48,460.48,460.48,47.521536
1785630600000,460.45,460.45,460.45,460.45,102.86453
1785633300000,460.58,460.58,460.58,460.58,19.989172
1785641400000,460.44,460.44,460.44,460.44,460.20978
1785644100000,460.3,460.3,460.3,460.3,2547.48432
1785645900000,460.58,460.58,460.58,460.58,25.700364
1785663000000,460.1,460.1,460.1,460.1,46.01
1785671100000,460.35,460.35,460.0,460.0,21.85833
1785675600000,460.0,460.0,460.0,460.0,11.27
1785676500000,460.35,460.35,460.35,460.35,19.97919
1785681000000,460.0,460.0,460.0,460.0,69.552
1785682800000,460.35,460.35,460.35,460.35,11.69289
1785684600000,460.35,460.35,460.35,460.35,47.32398
1785685500000,460.35,460.35,460.35,460.35,725.833845
1785686400000,460.46,460.46,460.46,460.46,22.378356
1785704400000,460.46,460.94,460.46,460.94,3375.702953
1785705300000,460.73,462.12,460.73,462.12,1520.308388
1785706200000,462.21,462.71,462.21,462.71,1151.426228
1785707100000,462.81,463.17,462.81,463.17,575.58456
1785708000000,463.18,463.18,463.18,463.18,504.8662
1785709800000,463.31,463.31,463.31,463.31,34.701919
1785710700000,463.39,463.48,463.39,463.48,1047.3423
1785713400000,463.5,463.5,463.5,463.5,19.97685
1785715200000,461.99,468.88,461.99,467.88,11561862.44999999
1785716100000,467.78,468.46,467.01,467.74,5853562.37
1785717000000,467.72,468.2,467.38,468.2,2617064.15
1785717900000,468.03,468.5,468.01,468.06,2654720.35
1785718800000,468.04,468.34,467.29,467.9,4731588.95
1785719700000,467.86,468.86,467.61,468.67,2911134.95
1785720600000,468.68,469.81,468.63,469.49,3665807.57
1785721500000,469.6,470.29,469.51,470.13,6109440.64
1785722400000,469.99,470.57,469.6,470.43,3515481.49
1785723300000,470.43,470.78,469.63,469.7,2468666.37
1785724200000,469.68,470.72,469.68,469.84,3894707.79
1785725100000,469.89,470.42,469.47,470.15,2304394.59
1785726000000,470.21,470.22,469.21,469.21,1971685.19
1785726900000,469.2,469.32,467.99,468.03,2713867.31
1785727800000,468.04,469.47,468.0,469.47,1995457.74
1785728700000,469.46,470.01,468.8,468.91,1560856.26
1785729600000,468.86,468.86,467.99,468.34,1628522.73
1785730500000,468.3,468.99,468.24,468.54,1085888.07
1785731400000,468.56,468.81,468.39,468.79,1162088.26
1785732300000,468.78,468.8,468.24,468.3,642478.34
1785733200000,468.31,468.51,468.07,468.29,1386665.32
1785734100000,468.29,468.31,468.04,468.14,526199.66
1785735000000,468.13,468.13,467.16,467.53,1659334.46
1785735900000,467.52,467.74,467.52,467.74,594844.06
1785736800000,467.65,467.77,467.52,467.57,1344008.75
1785737700000,467.57,467.61,466.79,466.92,3537702.52
1785738600000,466.99,467.39,466.94,467.11,2898546.1
1785739500000,467.06,467.14,466.86,467.05,623012.23
1785740400000,467.04,467.7,466.53,467.32,5209523.75
1785741300000,467.29,468.7,467.25,468.42,4308428.96
1785742200000,468.28,469.16,468.01,468.75,3555978.44
1785743100000,468.63,469.02,468.55,468.74,1185786.08
1785744000000,461.849,468.63,461.849,468.233,71470889.17698874
1785744900000,468.99,469.819,467.965,469.01,19275562.13966766
1785745800000,469.7,469.82,468.646,469.38,10536802.09989305
1785746700000,468.75,469.084,468.551,469.0,8093346.15546705
1785747600000,470.0,470.0,468.957,470.0,16138434.43229203
1785748500000,470.31,470.466,469.671,470.31,12271690.57160948
1785749400000,470.13,470.49,469.471,470.13,5846917.0117419
1785750300000,470.0,470.285,469.69,470.04,6025878.91795824
1785751200000,470.45,470.87,469.97,470.87,13592039.42819124
1785752100000,470.805,472.52,470.805,471.747,48437784.23500542
1785753000000,471.28,471.897,471.081,471.65,10428335.87669715
1785753900000,471.2,472.264,471.2,471.49,16239081.14044206
1785754800000,471.28,474.576,471.28,473.77,66470949.93063872
1785755700000,473.21,473.824,472.86,472.89,25065457.93125752
1785756600000,473.59,474.817,473.465,474.113,56678098.96691983
1785757500000,474.99,475.421,474.128,474.91,60676874.57872935
1785758400000,474.1,474.637,473.15,473.6,38467205.11097668
1785759300000,473.61,474.299,473.025,473.09,38561968.05973585
1785760200000,474.2,475.672,473.981,475.65,58212093.56175214
1785761100000,475.609,475.79,474.211,474.211,62954560.405329265
1785762000000,474.67,474.826,473.628,474.04,43582456.58548799
1785762900000,474.1,475.99,471.926,475.235,119726791.7425827
1785763800000,476.4,489.9,475.17,489.72,4683432942.878148
1785764700000,489.745,490.85,487.11,489.525,2331349133.772068
1785765600000,489.87,491.32,486.25,486.595,1917998466.2980227
1785766500000,486.57,487.52,484.77,484.95,998508480.0345365
1785767400000,484.83,487.55,484.08,486.465,980175404.0598996
1785768300000,486.466,486.85,482.89,483.981,917378513.3239232
1785769200000,483.978,484.86,481.63,481.743,936629457.9338433
1785770100000,481.757,485.67,481.66,485.536,1000975264.6889187
1785771000000,485.57,488.26,485.29,487.16,909876465.1305054
1785771900000,487.32,487.9,485.67,486.4,469920425.6145416
1785772800000,486.46,487.57,485.965,487.475,728113994.1866653
1785773700000,487.479,487.81,486.3,487.492,621512548.0823169
1785774600000,487.45,489.51,487.36,489.24,1171243419.4826362
1785775500000,489.28,489.46,488.05,488.87,471826012.52288884
1785776400000,488.84,489.045,487.71,488.06,424399501.59454983
1785777300000,488.055,489.95,487.915,489.116,795540047.6762304
1785778200000,489.105,489.445,488.18,488.556,977316278.9890869
1785779100000,488.56,489.12,487.95,487.99,469107136.27680135
1785780000000,487.99,489.71,487.675,489.0,560444733.946082
1785780900000,489.03,490.76,488.93,490.705,613114085.3270264
1785781800000,490.715,491.24,489.79,491.031,842688520.242032
1785782700000,491.06,491.65,489.22,489.285,690846566.4316621
1785783600000,489.37,489.64,488.26,488.68,498121460.0569108
1785784500000,488.71,490.44,488.475,490.05,769939269.363462
1785785400000,490.06,490.28,488.815,488.945,983283339.8753421
1785786300000,488.95,489.45,487.01,487.525,2312764900.3467507
1785787200000,487.532,487.9,486.95,487.068,4665233615.357723
1785788100000,486.89,487.124,486.325,486.72,841372139.7671658
1785789000000,486.405,487.046,486.325,486.906,16673973.99398826
1785789900000,486.81,486.906,486.21,486.53,42264396.78701379
1785790800000,486.67,487.356,486.564,486.67,235554509.56454125
1785791700000,487.8,487.86,487.201,487.45,18148330.81927359
1785792600000,486.05,487.35,486.025,486.05,7453709.3167526
1785793500000,485.99,486.017,485.17,485.25,11325300.5431717
1785794400000,485.22,485.275,484.629,485.22,9842838.87731199
1785795300000,484.771,484.849,484.205,484.497,8160766.339142632
1785796200000,484.29,484.871,484.285,484.59,5927435.49467727
1785797100000,484.09,484.34,484.03,484.04,5844362.98802078
1785798000000,484.0,484.378,483.735,483.89,9789486.69619166
1785798900000,483.71,484.046,483.366,483.7,9167913.53199966
1785799800000,483.44,484.07,483.34,484.0,8194104.92789769
1785800700000,483.53,484.616,483.52,484.01,7314251.91599042
1785801600000,484.37,484.37,483.41,483.64,2377635.15
1785802500000,483.65,483.8,483.58,483.61,509311.93
1785803400000,483.59,484.76,483.56,484.5,1881443.53
1785804300000,484.49,484.67,484.33,484.54,843527.76
1785805200000,484.44,484.5,484.18,484.47,525499.14
1785806100000,484.49,484.54,484.1,484.13,726643.46
1785807000000,484.06,484.61,484.03,484.3,1444192.95
1785807900000,484.29,486.77,484.29,486.47,2542391.45
1785808800000,486.46,486.77,485.35,485.52,1688343.63
1785809700000,485.55,485.8,485.38,485.45,680830.44
1785810600000,485.46,486.0,485.42,485.82,682399.67
1785811500000,485.9,485.9,485.5,485.5,366653.36
1785812400000,485.48,485.71,485.14,485.15,663042.4
1785813300000,485.26,485.86,485.26,485.84,1138703.61
1785814200000,485.85,487.01,485.85,486.12,2059273.93
1785815100000,486.1,486.28,485.92,486.09,455944.36
1785816000000,486.12,486.18,485.92,485.98,590997.71
1785816900000,485.93,486.66,485.84,486.66,1133974.78
1785817800000,486.66,486.66,486.33,486.49,467497.47
1785818700000,486.46,486.5,486.28,486.32,281156.49
1785819600000,486.39,486.39,485.9,485.9,752500.96
1785820500000,485.97,486.12,485.75,485.77,1194491.72
1785821400000,485.77,485.97,485.39,485.97,2332436.99
1785822300000,485.76,486.21,485.76,486.2,1811497.65
1785823200000,486.22,486.48,485.66,485.87,5372370.17
1785824100000,485.85,485.86,485.01,485.22,3750838.77
1785825000000,485.24,486.07,484.52,484.58,3421369.33
1785825900000,484.58,484.7,483.94,483.94,2636018.29
1785826800000,484.05,484.24,483.13,483.46,4558911.91
1785827700000,483.47,484.1,483.32,483.72,2273459.54
1785828600000,483.81,484.18,483.37,483.79,2447779.29
1785829500000,483.8,484.16,483.8,484.09,960851.86
1785830400000,482.55,484.289,481.25,481.46,76545110.25188518
1785831300000,481.836,481.993,481.254,481.507,19039836.95541131
1785832200000,481.482,481.825,480.82,481.326,16921440.41129782
1785833100000,481.25,481.96,481.129,481.68,9467900.96160189
1785834000000,482.61,482.88,481.593,482.82,8255708.69890699
1785834900000,482.773,482.803,481.783,482.01,6683000.35997838
1785835800000,482.01,482.455,481.81,482.43,4838003.5168054
1785836700000,482.4,483.299,482.4,482.55,6199306.74845715
1785837600000,482.88,483.54,482.18,482.29,6588841.87321085
1785838500000,480.49,482.177,480.14,480.31,19589755.48012688
1785839400000,480.562,480.829,479.311,479.475,31416930.96837593
1785840300000,479.18,480.132,478.97,479.18,18458690.3771841
1785841200000,479.31,479.688,476.993,477.09,50950711.78818946
1785842100000,476.4,477.712,476.356,476.99,49222997.34859109
1785843000000,477.99,478.722,477.15,478.15,123993194.36684716
1785843900000,478.26,478.299,477.173,477.99,27127216.04509954
1785844800000,478.05,478.212,477.288,477.57,32033893.342693
1785845700000,477.04,477.86,476.74,477.86,28716560.90956038
1785846600000,477.84,478.772,477.39,477.39,39079106.16735516
1785847500000,476.883,476.883,476.883,476.883,46847709.6146468
1785848400000,476.6,477.213,475.626,475.79,408767458.41988766
1785849300000,475.6,480.46,475.59,479.94,64886202.36064865
1785850200000,480.765,488.62,479.4,485.46,2185727115.0778236
1785851100000,486.02,491.14,485.813,491.14,1119044806.7015262
1785852000000,491.06,494.475,490.595,493.184,1543194152.364164
1785852900000,493.24,495.83,493.11,493.64,1044433915.6587825
1785853800000,493.67,497.98,493.66,496.855,1175047952.1177073
1785854700000,496.945,497.045,495.11,496.02,717149141.8513274
1785855600000,496.067,498.41,495.86,496.116,943549806.9310753
1785856500000,496.092,499.34,496.051,498.56,1141742408.9924228
1785857400000,498.695,498.73,496.77,496.79,511139500.5902498
1785858300000,496.82,497.91,496.467,497.515,493269640.6970958
1785859200000,497.523,497.69,496.94,497.143,429751099.6187115
1785860100000,497.132,497.71,495.93,495.962,470492874.11509097
1785861000000,495.9,496.36,494.56,495.098,601659317.5873199
1785861900000,495.08,495.37,494.245,494.44,372340605.14079684
1785862800000,494.38,495.57,494.34,495.52,352218126.39826137
1785863700000,495.64,495.9,495.04,495.23,403683782.26414144
1785864600000,495.235,495.73,494.44,495.609,368568871.5705268
1785865500000,495.628,496.23,495.44,495.626,467123371.0538249
1785866400000,495.48,497.12,495.48,496.88,326178229.3945405
1785867300000,496.9,497.53,496.67,497.343,389826428.2943397
1785868200000,497.34,497.37,495.96,496.314,390916600.885558
1785869100000,496.315,496.86,496.08,496.255,970029612.1574563
1785870000000,496.26,497.76,496.1,497.517,577025554.2797431
1785870900000,497.565,497.61,496.72,496.83,460916136.4090272
1785871800000,496.834,497.115,495.875,496.93,669386706.7746394
1785872700000,496.96,497.17,492.35,492.82,2117963585.3254344
1785873600000,492.6,492.687,491.172,491.91,5460764316.400393
1785874500000,493.89,494.87,491.91,493.72,43271716.27844312
1785875400000,493.609,495.202,493.404,494.207,19738684.67944531
1785876300000,493.58,494.21,492.584,493.01,17894050.12714094
1785877200000,493.0,493.125,492.335,493.0,234241505.05539727
1785878100000,492.505,492.934,492.325,492.36,10524678.021650031
1785879000000,492.5,492.5,491.537,492.5,8519564.25220306
1785879900000,491.88,492.1,491.651,491.85,4572793.67612029
1785880800000,491.879,492.93,491.875,492.6,6147572.28716489
1785881700000,492.6,492.685,491.801,491.936,10150133.773106
1785882600000,491.938,491.95,489.842,490.625,43091373.65496454
1785883500000,489.97,490.753,489.74,489.97,35482140.71407056
1785884400000,490.51,491.297,490.2,490.51,6120357.6677548
1785885300000,490.625,491.393,490.625,490.886,3905825.68475358
1785886200000,490.57,490.88,490.245,490.57,3009279.26555022
1785887100000,490.25,490.996,489.822,490.748,13272643.355838398
1785888000000,490.65,491.14,490.18,490.56,836771.89
1785888900000,490.43,491.42,490.36,490.71,694476.07
1785889800000,490.69,490.7,489.87,489.97,2061540.58
1785890700000,489.91,490.7,489.82,490.59,1683123.3
1785891600000,490.51,490.96,490.0,490.96,1951571.84
1785892500000,490.53,490.84,490.26,490.46,815241.37
1785893400000,490.44,490.57,490.09,490.52,658051.3
1785894300000,490.54,491.4,490.46,491.12,1781726.46
1785895200000,491.13,491.3,490.85,491.19,1399182.68
1785896100000,491.2,491.22,490.85,490.85,588847.57
1785897000000,490.94,491.2,490.82,491.2,880832.38
1785897900000,491.11,491.39,491.09,491.39,327181.01
1785898800000,491.36,491.69,491.34,491.51,817856.6
1785899700000,491.5,491.62,491.3,491.34,634434.57
1785900600000,491.3,491.3,491.02,491.02,690138.36
1785901500000,491.03,491.1,490.9,491.0,1047357.84
1785902400000,490.97,491.14,490.75,490.8,612159.28
1785903300000,490.71,490.95,490.53,490.95,850022.09
1785904200000,490.94,490.98,490.65,490.71,1244083.39
1785905100000,490.65,490.75,490.51,490.6,1666566.77
1785906000000,490.55,490.66,490.1,490.61,2180168.66
1785906900000,490.61,490.97,490.4,490.71,1608578.49
1785907800000,490.71,490.77,490.41,490.71,1676330.7
1785908700000,490.57,490.86,490.54,490.59,2725464.94
1785909600000,490.59,491.0,490.56,490.79,1081681.84
1785910500000,490.71,490.78,490.07,490.09,2517339.46
1785911400000,490.19,490.64,490.1,490.63,2220432.76
1785912300000,490.63,491.51,490.57,491.4,2979260.44
1785913200000,491.4,491.97,491.28,491.6,4683715.79
1785914100000,491.49,492.1,491.49,491.9,1831659.03
1785915000000,491.86,493.74,491.82,493.58,6157225.73
1785915900000,493.57,493.57,492.19,492.32,2769983.07
1785916800000,492.5,492.632,490.749,491.89,59840067.63084739
1785917700000,491.51,494.125,491.5,493.206,14074953.49757577
1785918600000,493.205,494.535,493.056,493.755,14285763.37784348
1785919500000,493.754,493.893,492.93,493.175,7140147.9806447
1785920400000,493.175,494.133,492.26,493.83,9258879.685916197
1785921300000,493.7,494.0,493.391,493.7,4326763.81454847
1785922200000,493.612,495.213,493.42,495.098,4845304.6831425
1785923100000,495.093,495.093,493.9,493.901,4746112.34697186
1785924000000,494.01,494.222,493.64,493.64,9071489.74847211
1785924900000,494.012,494.797,493.896,494.766,5063435.448635797
1785925800000,494.99,495.25,494.767,495.02,5447083.05896238
1785926700000,494.86,495.842,494.86,495.188,9253618.40637052
1785927600000,496.27,496.27,495.248,495.76,18895763.06801823
1785928500000,495.79,495.85,494.837,495.07,10280410.88201958
1785929400000,494.957,495.674,494.505,494.704,13524048.187978212
1785930300000,495.76,497.01,494.705,497.01,13856726.64661361
1785931200000,497.25,497.744,496.596,496.9,85093765.0223924
1785932100000,497.18,497.693,496.619,497.0,20274024.71930679
1785933000000,497.29,497.38,495.609,497.38,21272757.22439294
1785933900000,495.607,496.4,495.546,496.336,23901304.240965594
1785934800000,496.338,498.91,496.338,498.465,37996033.59723677
1785935700000,498.44,498.99,496.409,496.85,50404230.14120521
1785936600000,496.54,498.15,491.68,492.43,1153619664.420311
1785937500000,492.325,492.441,487.23,488.555,774895841.3212862
1785938400000,488.35,489.565,487.3,489.19,677928226.3514267
1785939300000,489.598,489.598,489.598,489.598,603079994.9841979
1785940200000,489.52,491.15,489.52,490.88,495934119.21806395
1785941100000,490.96,491.38,490.264,491.08,516155665.17247134
1785942000000,491.18,492.275,489.43,490.78,487960779.177183
1785942900000,490.76,492.51,489.95,492.4,1300387947.8176057
1785943800000,492.375,492.376,488.96,489.224,378117340.3894168
1785944700000,489.224,489.43,487.86,488.777,378013123.3045744
1785945600000,488.73,489.395,487.705,488.22,302261855.9223203
1785946500000,488.28,489.685,487.88,488.995,275850746.8778588
1785947400000,489.035,489.47,488.445,488.985,351731891.9301235
1785948300000,488.89,489.01,487.89,488.21,269262271.5500013
1785949200000,488.226,488.928,487.42,488.838,290210984.15210056
1785950100000,488.88,488.99,487.65,488.21,189780930.00572848
1785951000000,488.25,488.712,487.91,488.655,202055344.98590857
1785951900000,488.58,489.145,488.29,488.785,230444747.4830278
1785952800000,488.782,490.23,485.72,489.913,1148903675.21383
1785953700000,490.24,490.37,489.36,489.746,319506842.0437957
1785954600000,489.74,489.85,489.17,489.85,228369103.29851857
1785955500000,489.9,490.34,489.77,489.88,287858657.8832718
1785956400000,489.9,491.0,489.57,490.825,355824739.3449783
1785957300000,490.81,491.025,489.69,489.899,396765625.9169601
1785958200000,489.84,490.82,489.55,490.493,502551827.2912751
1785959100000,490.455,491.445,487.2,487.47,1442410552.883136
1785960000000,486.41,488.948,486.097,487.39,2926722783.6557026
1785960900000,487.23,487.75,486.157,487.0,27829024.08269507
1785961800000,486.6,488.29,486.3,487.12,59237035.15120009
1785962700000,486.715,487.739,486.39,487.022,36116183.46786503
1785963600000,487.018,487.44,486.347,486.402,23581187.936374143
1785964500000,486.51,486.965,486.106,486.51,19774043.81313081
1785965400000,485.74,486.858,485.406,485.74,5303268.14971667
1785966300000,485.13,485.525,484.163,484.39,12078438.60849868
1785967200000,484.51,484.924,484.151,484.41,10303622.049674
1785968100000,484.1,484.572,483.6,484.1,29785894.09156029
1785969000000,484.49,486.169,484.085,486.0,10363556.05211709
1785969900000,486.74,486.74,485.46,486.74,3571803.10668796
1785970800000,485.749,485.85,485.6,485.6,1207280.84762659
1785971700000,485.6,486.703,485.6,486.119,5785682.726430024
1785972600000,486.129,486.21,485.418,485.55,4136702.914744988
1785973500000,485.68,485.773,485.321,485.68,4417702.67916851
1785974400000,485.99,486.54,485.47,485.59,609918.99
1785975300000,485.52,485.76,485.14,485.14,721484.57
1785976200000,485.19,486.01,485.14,485.99,1047178.56
1785977100000,485.83,485.93,484.99,485.45,604355.54
1785978000000,485.47,486.1,485.31,485.93,1253373.03
1785978900000,485.69,485.98,485.39,485.84,1602892.47
1785979800000,485.84,486.07,485.09,485.13,1362043.76
1785980700000,485.13,485.62,485.01,485.18,820627.97
1785981600000,485.16,485.99,485.02,485.71,897594.12
1785982500000,485.79,486.84,485.79,486.45,1632493.89
1785983400000,486.34,486.75,486.29,486.61,505550.54
1785984300000,486.6,486.6,486.22,486.22,505427.08
1785985200000,486.2,486.4,486.2,486.35,270861.51
1785986100000,486.24,486.35,485.69,485.81,799003.0
1785987000000,485.73,485.82,485.49,485.79,571617.78
1785987900000,485.71,485.99,485.49,485.93,923853.04
1785988800000,485.8,486.12,485.78,485.98,181252.1
1785989700000,485.98,486.3,485.8,486.11,217268.89
1785990600000,486.08,486.12,485.27,485.28,414739.55
1785991500000,485.28,485.9,485.11,485.69,1518849.75
1785992400000,485.81,485.9,485.69,485.78,152518.4
1785993300000,485.88,485.97,485.51,485.71,466781.78
1785994200000,485.81,486.15,485.68,485.95,823628.1
1785995100000,485.85,485.99,485.65,485.89,383764.32
1785996000000,485.87,485.87,485.16,485.41,1665802.51
1785996900000,485.15,485.45,485.02,485.38,836420.56
1785997800000,485.39,485.39,483.87,484.5,1726431.29
1785998700000,484.28,484.87,483.91,484.87,785940.76
1785999600000,484.59,486.14,484.53,485.8,4394689.27
1786000500000,485.99,486.54,485.67,485.76,1272165.85
1786001400000,485.73,486.11,485.21,485.59,1595642.06
1786002300000,485.6,485.76,485.21,485.58,947108.73
1786003200000,485.17,485.774,483.785,485.01,35107859.37069948
1786004100000,484.6,485.625,484.0,484.6,10125353.14639113
1786005000000,485.1,485.1,484.445,485.06,4705859.28426121
1786005900000,484.875,485.315,484.66,485.035,2610326.30872425
1786006800000,484.34,485.035,484.34,484.56,4123190.97966214
1786007700000,484.501,485.025,484.475,485.025,2659727.87933165
1786008600000,485.08,485.445,484.95,485.04,3410660.82945636
1786009500000,484.95,485.446,484.9,485.446,2003763.49890284
1786010400000,485.463,485.625,484.98,485.405,2618251.09568321
1786011300000,485.82,486.54,485.2,486.0,7005914.94658081
1786012200000,486.131,486.419,486.09,486.246,4018016.78164846
1786013100000,487.16,487.59,486.247,487.16,5732475.96240025
1786014000000,487.59,487.59,483.254,483.754,44452111.4628331
1786014900000,484.12,484.569,483.642,484.14,7624283.97254997
1786015800000,483.24,484.58,483.24,483.24,8467174.64635587
1786016700000,483.6,484.755,482.741,482.99,13284148.61927396
1786017600000,483.08,483.879,481.793,483.09,33488621.37018688
1786018500000,484.01,484.01,483.333,483.51,16951360.05025363
1786019400000,483.71,484.389,483.201,484.12,7538945.14546872
1786020300000,484.377,485.14,484.135,484.5,11130972.7878485
1786021200000,484.7,485.49,484.519,484.79,12775558.42066885
1786022100000,484.88,488.763,484.19,488.658,85996437.14651948
1786023000000,488.8,495.0,488.63,493.267,965072199.5197004
1786023900000,493.23,497.105,491.73,494.845,896910401.6312823
1786024800000,494.85,496.02,493.74,494.815,542687540.6054046
1786025700000,494.76,498.49,494.46,496.6,840957268.6832607
1786026600000,496.511,497.94,494.815,497.77,652849601.07744
1786027500000,497.779,498.43,496.695,498.35,672477800.6289208
1786028400000,498.34,498.915,496.045,496.06,597985511.9969865
1786029300000,496.045,496.58,494.67,496.23,436372388.50692856
1786030200000,496.53,496.715,495.72,495.87,260036110.49702698
1786031100000,495.8,496.36,494.695,495.438,328950762.69197476
1786032000000,495.53,495.72,494.5,494.875,223693267.47942725
1786032900000,494.84,495.33,494.56,494.79,207203296.2163915
1786033800000,494.73,495.01,493.5,493.75,203259429.9683738
1786034700000,493.81,495.255,493.66,495.22,219580555.9270988
1786035600000,495.24,496.45,494.9,496.415,323140668.3543592
1786036500000,496.398,497.09,496.05,496.444,376267604.8731538
1786037400000,496.44,496.71,495.42,496.13,250505049.2215718
1786038300000,496.21,496.47,495.89,495.96,183144351.62033504
1786039200000,495.97,497.42,495.891,497.37,646108540.5840483
1786040100000,497.358,497.79,496.59,497.35,569111664.2660934
1786041000000,497.35,497.62,496.46,496.645,349044596.2592513
1786041900000,496.66,497.26,496.66,497.01,431865800.72503895
1786042800000,497.125,497.85,496.928,497.78,260940466.11068687
1786043700000,497.79,498.98,497.25,498.895,553778763.096861
1786044600000,498.874,499.895,498.79,498.894,941261800.1720345
1786045500000,498.88,501.55,497.33,500.025,2035668784.538832
1786046400000,499.92,501.7,499.23,499.38,3452380635.242512
1786047300000,499.87,499.899,499.173,499.87,13267297.96733244
1786048200000,499.0,499.317,498.503,498.86,12605376.96049562
1786049100000,498.98,499.09,498.801,498.925,22946239.189155266
1786050000000,498.9,499.141,498.385,498.5,10180724.46282672
1786050900000,498.76,498.969,498.381,498.76,7037789.62072434
1786051800000,498.73,498.87,498.526,498.73,6581286.36405904
1786052700000,498.94,498.95,498.49,498.95,3366771.64854168
1786053600000,498.513,499.102,498.5,499.102,502448910.2606425
1786054500000,499.104,499.105,498.545,498.595,2006418.61623961
1786055400000,498.595,498.595,498.37,498.465,1659760.95298852
1786056300000,498.468,498.497,498.215,498.344,5306673.79783508
1786057200000,498.3,498.375,498.2,498.3,2634405.1247869
1786058100000,498.2,498.775,498.2,498.775,3568479.55640148
1786059000000,498.775,498.859,498.653,498.859,2166929.89949688
1786059900000,498.859,498.944,498.55,498.944,3482066.00350369
1786060800000,499.49,499.49,498.2,498.7,1398415.0
1786061700000,498.71,498.71,498.14,498.14,999658.53
1786062600000,498.1,498.58,497.95,498.49,544606.02
1786063500000,498.54,498.54,498.13,498.33,193832.92
1786064400000,498.26,498.36,498.14,498.19,347784.5
1786065300000,498.08,498.08,497.64,497.84,915450.11
1786066200000,497.9,498.23,497.71,497.71,480049.65
1786067100000,497.69,497.83,497.68,497.73,188158.43
1786068000000,497.8,497.96,497.5,497.79,940207.58
1786068900000,497.69,497.97,497.69,497.87,1952321.82
1786069800000,497.8,497.95,497.77,497.85,751690.45
1786070700000,497.78,498.04,497.75,497.93,742416.44
1786071600000,497.87,498.03,497.84,497.9,435191.07
1786072500000,497.9,498.09,497.83,497.98,409292.91
1786073400000,497.95,498.18,497.89,498.08,634553.83
1786074300000,498.06,498.08,497.64,497.64,765806.18
1786075200000,497.65,497.77,497.43,497.44,281641.94
1786076100000,497.41,497.68,497.23,497.56,759223.58
1786077000000,497.6,497.71,497.52,497.54,238859.2
1786077900000,497.51,497.9,497.44,497.77,637055.96
1786078800000,497.73,498.0,497.72,497.83,434687.67
1786079700000,497.81,497.97,497.72,497.82,117977.59
1786080600000,497.83,497.84,497.67,497.71,1513715.06
1786081500000,497.71,498.58,497.71,498.57,2628655.6
1786082400000,498.58,498.96,497.99,498.21,8282242.38
1786083300000,498.19,498.68,498.03,498.68,3192511.01
1786084200000,498.72,498.8,498.0,498.05,1332947.04
1786085100000,498.12,498.19,497.77,498.12,413827.31
1786086000000,498.14,498.98,498.14,498.98,1652223.93
1786086900000,498.96,499.41,498.72,499.24,2311213.6
1786087800000,499.22,500.19,499.18,499.55,4807534.91
1786088700000,499.55,499.98,499.22,499.47,1755131.18
1786089600000,499.49,499.49,498.274,498.98,54228603.25372509
1786090500000,497.46,498.643,497.343,497.46,6190894.21947652
1786091400000,497.35,497.868,496.875,497.36,5449999.4016299
1786092300000,497.36,497.614,497.237,497.515,2150565.09069325
1786093200000,497.515,497.515,496.85,496.875,4128734.48175258
1786094100000,496.875,497.465,496.69,497.315,4839185.9393829
1786095000000,497.325,497.799,497.25,497.65,5521379.74697111
1786095900000,497.671,497.825,497.625,497.65,2486644.9567872905
1786096800000,497.65,497.75,497.5,497.65,2249525.32203299
1786097700000,497.65,497.65,497.395,497.395,1000346.90734461
1786098600000,497.395,497.505,497.215,497.505,1574167.34796902
1786099500000,497.505,498.204,497.505,498.204,2804469.92147176
1786100400000,498.19,498.675,497.826,498.19,11048460.10504017
1786101300000,497.87,498.54,497.766,497.87,3242844.21100941
1786102200000,498.3,498.544,497.925,498.3,6024515.28341895
1786103100000,497.8,498.401,497.8,497.81,7362517.11555461
1786104000000,498.015,498.203,497.701,498.203,12069880.45859449
1786104900000,498.0,498.245,497.806,498.0,15935366.94289768
1786105800000,497.5,499.096,497.106,498.34,38203907.54374261
1786106700000,497.34,498.203,497.14,497.25,22346438.10508339
1786107600000,497.67,498.219,497.261,497.49,14150207.67935032
1786108500000,497.545,499.403,496.452,499.403,24585715.588759366
1786109400000,499.99,504.91,499.587,503.67,471213457.5978466
1786110300000,503.475,505.1,501.53,501.734,278108879.20663977
1786111200000,501.66,503.06,501.15,501.765,510319792.06776685
1786112100000,501.765,504.165,501.5,504.11,395513347.7116621
1786113000000,504.0,504.39,502.295,502.82,387690966.9475633
1786113900000,502.819,504.8,502.819,503.706,513568502.1551031
1786114800000,503.75,503.78,501.555,502.54,434853446.17686063
1786115700000,502.595,503.325,501.89,502.01,279533623.07544863
1786116600000,502.07,503.955,501.96,503.61,320084736.1297581
1786117500000,503.61,503.827,502.92,503.56,254417934.43940103
1786118400000,503.558,503.765,502.97,503.486,192938458.57309127
1786119300000,503.48,503.695,502.59,502.967,272746961.891058
1786120200000,502.92,503.25,502.16,502.35,189083364.02247518
1786121100000,502.385,503.0,500.945,500.965,407651979.2443803
1786122000000,500.78,501.003,500.1,500.54,279802922.2704799
1786122900000,500.574,500.75,498.92,499.649,369784980.0920742
1786123800000,499.74,500.035,498.74,499.583,272011075.7919955
1786124700000,499.51,500.78,499.48,500.35,195827631.82204062
1786125600000,500.36,500.81,500.06,500.195,178981572.91633418
1786126500000,500.16,500.179,499.11,499.695,181704300.817483
1786127400000,499.76,499.77,498.87,498.98,186619588.5847165
1786128300000,499.01,500.09,498.941,499.826,227807122.44441396
1786129200000,500.16,501.1,499.82,501.1,270323043.1675068
1786130100000,501.14,501.91,500.72,501.18,344887060.8020047
1786131000000,501.205,501.735,501.07,501.395,242935940.51764542
1786131900000,501.43,501.89,499.79,499.89,1088046736.3422387
1786132800000,499.872,499.947,499.209,499.721,3953626050.559731
1786133700000,499.722,500.345,499.722,500.043,17688388.15918844
1786134600000,500.04,500.079,500.0,500.04,136362962.7959557
1786135500000,500.01,500.145,499.795,500.05,5654571.29281484
1786136400000,499.93,500.095,499.758,499.93,7437685.55983
1786137300000,500.05,500.078,499.752,500.05,1376073.39237821
1786138200000,499.751,499.77,499.55,499.56,439848278.2316565
1786139100000,499.75,499.797,499.543,499.75,2883368.38983248
1786140000000,499.727,499.925,499.606,499.625,5044339.86361812
1786140900000,499.625,499.743,499.379,499.39,2104420.153399209
1786141800000,499.45,499.57,499.321,499.55,767126.72349425
1786142700000,499.65,499.66,499.345,499.66,2398069.05915356
1786143600000,499.49,499.75,499.255,499.49,1912698.35770914
1786144500000,499.45,499.7,499.45,499.53,672169.45362763
1786145400000,499.53,499.83,499.53,499.681,4425038.151227249
1786146300000,499.681,499.704,499.241,499.474,4793067.284332993
1786151700000,499.87,499.87,499.87,499.87,19.9948
1786161600000,499.71,499.71,499.71,499.71,18.539241
1786163400000,499.53,499.53,499.53,499.53,10.390224
1786167900000,498.89,499.53,498.89,499.53,36.841186
1786172400000,499.53,499.53,499.53,499.53,26.674902
1786183200000,499.51,499.51,499.51,499.51,4995.1
1786192200000,499.53,499.53,499.53,499.53,562.47078
1786194000000,499.49,499.49,499.49,499.49,50.997929
1786194900000,499.53,499.53,499.53,499.53,19.9812
1786195800000,499.53,499.53,499.53,499.53,10.090506
1786198500000,499.53,499.53,499.45,499.45,24.97426
1786206600000,499.45,499.45,499.45,499.45,50.54434
1786210200000,499.53,499.53,499.53,499.53,19.9812
1786219200000,499.53,499.53,499.53,499.53,19.9812
1786238100000,499.53,499.57,499.53,499.57,19.982164
1786239000000,499.57,499.57,499.57,499.57,24.9785
1786248900000,499.39,499.39,499.39,499.39,185.623263
1786256100000,499.56,499.56,499.37,499.37,26.82071
1786257900000,499.37,499.37,499.37,499.37,4186.368521
1786259700000,499.55,499.55,499.33,499.33,42.301919
1786265100000,499.3,499.3,499.3,499.3,10.03593
1786267800000,499.3,499.3,499.2,499.2,351.30417
1786273200000,499.52,499.52,499.16,499.16,464.234924
1786281300000,499.37,499.37,499.37,499.37,19.9748
1786293000000,499.37,499.37,499.37,499.37,19.9748
1786295700000,499.37,499.37,499.37,499.37,11.635321
1786296600000,499.37,499.37,499.37,499.37,19.9748
1786298400000,499.37,499.37,498.97,498.97,23.759292
1786305600000,499.37,499.37,498.97,498.97,588.8006
1786312800000,499.37,499.37,499.37,499.37,50.486307
1786313700000,499.37,499.37,499.37,499.37,116.802643
1786318200000,499.37,499.37,499.37,499.37,19.9748
1786320000000,498.56,499.97,498.2,498.2,2896876.46
1786320900000,498.14,498.76,498.09,498.32,1468050.12
1786321800000,498.34,498.57,498.28,498.34,453545.56
1786322700000,498.37,498.78,498.36,498.42,526974.53
1786323600000,498.58,499.55,498.58,499.54,2178895.1
1786324500000,499.54,499.65,499.03,499.13,1700405.27
1786325400000,499.14,499.55,499.0,499.42,593666.58
1786326300000,499.39,499.98,499.39,499.64,806187.45
1786327200000,499.73,499.91,499.64,499.64,1148413.44
1786328100000,499.62,499.62,499.36,499.5,198271.83
1786329000000,499.5,499.56,499.35,499.52,726226.35
1786329900000,499.46,499.49,499.07,499.07,226140.58
1786330800000,499.11,499.3,499.06,499.12,564124.73
1786331700000,499.23,499.3,499.05,499.13,110819.6
1786332600000,499.13,499.27,499.13,499.25,93846.23
1786333500000,499.25,499.31,499.16,499.18,157265.16
1786334400000,499.18,499.19,499.07,499.16,252077.9
1786335300000,499.18,499.39,499.18,499.3,566669.14
1786336200000,499.34,499.36,499.12,499.12,55913.97
1786337100000,499.2,499.33,499.2,499.25,194717.8
1786338000000,499.26,499.84,499.25,499.8,1195064.9
1786338900000,499.73,500.18,499.72,500.09,1119507.32
1786339800000,500.12,500.49,500.0,500.22,3433154.86
1786340700000,500.24,500.9,500.09,500.88,2406237.28
1786341600000,500.83,500.92,500.55,500.77,2216882.75
1786342500000,500.76,501.11,500.0,500.12,3168107.79
1786343400000,500.06,500.2,499.97,499.97,615580.31
1786344300000,499.91,499.92,499.69,499.7,874707.53
1786345200000,499.69,499.73,499.3,499.48,1106898.72
1786346100000,499.47,499.58,499.24,499.51,1835767.43
1786347000000,499.47,499.86,499.39,499.72,2222247.08
1786347900000,499.72,500.01,499.57,499.57,828235.23
1786348800000,499.16,499.748,498.305,499.16,35899687.96012548
1786349700000,498.68,498.68,498.3,498.68,3859099.83257289
1786350600000,498.41,498.848,498.29,498.49,4326554.37320882
1786351500000,498.07,498.849,498.07,498.07,8554367.53769327
1786352400000,498.25,498.968,498.25,498.911,4594599.13025334
1786353300000,498.79,498.899,498.555,498.79,2488075.45325269
1786354200000,498.716,499.115,498.69,499.115,2856050.52872131
1786355100000,499.115,499.115,499.115,499.115,2053554.98618441
1786356000000,499.115,499.245,499.01,499.2,3024483.136221526
1786356900000,499.25,499.295,499.2,499.25,4822547.76327215
1786357800000,499.06,499.225,499.04,499.06,2929388.89743519
1786358700000,499.141,499.527,499.13,499.492,2995437.07608201
1786359600000,499.8,500.145,499.08,499.44,11382504.15553813
1786360500000,499.455,499.6,498.905,499.38,9045250.39733446
1786361400000,499.22,499.399,498.585,498.71,6813972.96713546
1786362300000,498.969,499.098,498.47,498.611,4520202.68098351
1786363200000,498.49,498.951,498.457,498.52,12310926.95339441
1786364100000,499.38,499.467,498.82,499.0,4900116.24804498
1786365000000,499.54,499.93,499.273,499.88,7036929.65514909
1786365900000,499.66,500.09,499.432,499.81,18659922.55380981
1786366800000,501.62,504.99,499.796,502.87,83739373.17244367
1786367700000,502.24,503.374,500.21,502.5,67756896.25593589
1786368600000,505.322,505.322,505.322,505.322,1314621084.7787876
1786369500000,505.2,507.77,504.96,507.51,655050192.7548121
1786370400000,507.59,509.77,507.13,509.52,812237718.145345
1786371300000,509.72,512.76,508.665,512.39,1013504742.0815916
1786372200000,512.412,513.72,510.72,510.827,756291819.1040351
1786373100000,510.81,511.01,508.515,509.153,797431802.7774228
1786374000000,509.08,510.28,508.24,508.91,336713620.75491875
1786374900000,508.78,509.88,507.75,509.585,364429184.31250554
1786375800000,509.64,509.885,509.12,509.78,251304433.98402816
1786376700000,509.73,510.69,509.65,510.682,331263509.9099431
1786377600000,510.77,511.131,510.48,511.008,294586190.7936466
1786378500000,511.01,511.025,509.91,509.93,262604486.07035944
1786379400000,509.81,510.19,507.82,508.075,315017574.25264263
1786380300000,508.055,508.395,506.555,508.32,583190198.8019139
1786381200000,508.303,509.065,506.91,507.718,424590159.75268054
1786382100000,507.74,508.39,507.61,508.32,248927299.79342496
1786383000000,508.31,508.6,507.16,507.16,215101584.91628414
1786383900000,507.18,507.186,505.71,505.72,273737910.87004095
1786384800000,505.625,505.703,504.745,504.83,498125108.9979293
1786385700000,504.84,505.63,504.669,505.05,286071720.25378674
1786386600000,505.0,505.85,504.83,505.66,684356272.5718158
1786387500000,505.65,506.33,505.25,506.29,190922284.5830696
1786388400000,506.34,506.362,505.33,505.675,206223585.4365775
1786389300000,505.72,505.748,504.34,504.34,205815514.9551987
1786390200000,504.366,505.54,504.362,505.359,300835326.3053236
1786391100000,505.28,506.93,504.065,505.93,994364136.4246005
1786392000000,505.77,506.55,505.22,505.22,3553779556.972174
1786392900000,505.65,505.767,505.146,505.415,4001665.142072
1786393800000,505.415,505.687,505.122,505.265,14028623.51271919
1786394700000,505.275,505.774,505.2,505.375,128774135.79483026
1786395600000,505.379,506.1,505.379,506.025,4756788.86794571
1786396500000,506.89,507.045,506.025,506.91,9640546.15591222
1786397400000,507.045,507.125,506.25,506.391,1718786.9180974
1786398300000,505.6,506.404,505.567,505.6,1827318.01475632
1786399200000,505.686,506.524,505.686,505.944,2107790.96958962
1786400100000,505.966,506.198,505.73,505.75,2932705.84574881
1786401000000,505.75,505.75,505.7,505.7,2732810.031357
1786401900000,505.7,505.844,505.685,505.801,1373464.62175129
1786402800000,505.799,505.8,505.6,505.745,919430.2010367349
1786403700000,505.54,505.755,505.29,505.54,2528470.87346632
1786404600000,505.328,505.647,505.316,505.647,2247449.04542599
1786405500000,505.648,505.648,505.111,505.22,2246410.11970481
1786406400000,505.12,505.84,504.73,505.61,611422.58
1786407300000,505.57,506.39,505.57,506.25,284446.95
1786408200000,506.24,506.52,506.11,506.52,641488.48
1786409100000,506.53,506.84,506.17,506.28,991683.79
1786410000000,506.39,507.04,506.36,506.98,339392.34
1786410900000,507.0,507.02,506.4,506.4,381525.11
1786411800000,506.41,506.41,506.17,506.2,208068.21
1786412700000,506.2,506.32,506.03,506.08,712168.57
1786413600000,506.08,506.2,505.97,506.03,299096.96
1786414500000,506.05,506.23,506.05,506.09,513238.97
1786415400000,506.18,506.21,506.1,506.16,304706.01
1786416300000,506.17,506.4,506.17,506.25,490088.46
1786417200000,506.23,506.27,506.17,506.17,358890.17
1786418100000,506.23,506.44,506.07,506.44,476917.42
1786419000000,506.42,506.45,506.2,506.23,305336.25
1786419900000,506.32,506.33,505.99,506.2,235321.2
1786420800000,506.09,506.11,505.7,506.01,714831.22
1786421700000,506.0,506.02,505.84,505.91,378963.83
1786422600000,505.9,505.93,505.59,505.76,667654.93
1786423500000,505.76,505.99,505.76,505.9,288362.66
1786424400000,505.89,506.09,505.83,505.99,481198.65
1786425300000,505.99,506.04,505.85,505.85,255999.08
1786426200000,505.91,505.91,505.52,505.57,825782.36
1786427100000,505.54,505.57,505.18,505.36,950091.58
1786428000000,505.49,505.55,505.38,505.5,258810.87
1786428900000,505.52,505.54,504.91,504.91,1074621.37
1786429800000,504.91,505.02,504.64,504.92,1457846.89
1786430700000,504.93,504.93,504.61,504.72,609730.37
1786431600000,504.67,504.99,504.46,504.54,942336.32
1786432500000,504.58,504.71,504.31,504.66,1422662.61
1786433400000,504.7,505.18,504.7,504.8,819025.31
1786434300000,504.75,504.92,504.63,504.76,897460.41
1786435200000,504.26,505.062,503.315,504.26,26186929.96350122
1786436100000,504.57,504.79,503.905,504.57,4606281.68761466
1786437000000,504.675,504.75,504.6,504.75,1386865.1248701
1786437900000,504.75,504.75,504.507,504.507,720240.08807261
1786438800000,504.5,504.78,504.44,504.5,1472828.27711873
1786439700000,504.68,504.7,504.66,504.68,1050497.96630043
1786440600000,504.7,504.845,504.65,504.65,786478.62388893
1786441500000,504.72,504.855,504.62,504.756,2614663.18649537
1786442400000,505.2,505.315,504.772,505.2,1686490.60045086
1786443300000,505.185,505.6,505.185,505.565,2350234.41028618
1786444200000,505.571,505.84,505.515,505.78,1796529.57141404
1786445100000,505.78,506.615,505.65,506.455,2871981.041662468
1786446000000,506.455,506.8,506.17,506.215,9699278.76897573
1786446900000,505.51,506.27,505.425,505.51,6239729.50535439
1786447800000,505.415,505.415,504.513,504.567,4872311.0603981
1786448700000,504.62,504.999,504.253,504.84,6688169.76996151
1786449600000,504.54,504.999,504.425,504.54,4707895.68628685
1786450500000,504.639,504.785,504.071,504.071,8659868.74491356
1786451400000,504.07,504.862,503.981,504.395,4129102.30259099
1786452300000,504.49,505.213,504.395,504.49,6392705.33643556
1786453200000,504.94,505.185,503.75,503.75,11420935.87570598
1786454100000,503.867,505.5,503.656,504.485,16873072.850177668
1786455000000,504.195,505.08,501.19,501.51,839651864.6330308
1786455900000,501.55,502.02,499.76,501.46,506944946.7984105
1786456800000,501.46,502.42,500.48,502.19,410846328.21447694
1786457700000,502.21,502.41,500.31,501.66,303520107.1879349
1786458600000,501.48,502.96,500.82,502.687,263486956.9334509
1786459500000,502.735,504.44,502.62,503.83,345083721.04693687
1786460400000,503.89,504.325,502.384,502.57,419230544.76298964
1786461300000,502.57,503.205,501.555,501.555,230628697.9241894
1786462200000,501.618,501.772,500.63,501.003,350436668.04093915
1786463100000,500.985,501.265,500.46,501.214,200109914.17415616
1786464000000,501.22,502.7,501.19,502.1,183495743.68690345
1786464900000,502.27,502.34,500.3,500.73,213063586.08855617
1786465800000,500.77,501.73,500.71,501.6,167165173.79035264
1786466700000,501.56,502.5,501.56,502.08,150710067.03248578
1786467600000,502.102,502.71,501.96,502.042,473815392.40671885
1786468500000,502.02,502.715,502.02,502.635,157859720.62207457
1786469400000,502.65,503.455,502.59,503.395,141969612.20804673
1786470300000,503.46,503.58,502.78,502.91,162750290.96443665
1786471200000,502.89,503.045,502.5,502.7,431669411.9061221
1786472100000,502.647,502.96,502.02,502.222,180509856.61150408
1786473000000,502.01,503.11,501.94,502.845,221639641.91019252
1786473900000,503.005,503.73,502.865,503.02,333067828.3194956
1786474800000,503.0,503.585,502.35,503.03,216180463.8653203
1786475700000,502.99,503.39,502.53,502.855,212704882.4403974
1786476600000,502.888,503.81,502.829,503.618,365715228.73585963
1786477500000,503.645,504.28,502.08,503.76,1099438463.7256024
1786478400000,502.99,503.745,502.582,502.99,3088740201.1999826
1786479300000,502.59,502.85,502.301,502.515,4180311.134179
1786480200000,502.562,502.762,502.22,502.416,3222573.56655231
1786481100000,502.413,502.56,502.02,502.056,3275658.7648144434
1786482000000,502.01,502.047,501.446,501.74,2922809.66501431
1786482900000,501.59,501.793,501.515,501.775,11746948.68099659
1786483800000,501.775,501.88,501.715,501.849,907009.24831369
1786484700000,501.85,501.854,501.8,501.805,620635.81561357
1786485600000,501.806,501.881,501.721,501.814,1202466.97988159
1786486500000,501.81,501.9,501.81,501.81,3967423.49883841
1786487400000,501.93,501.94,501.77,501.94,1736086.48124523
1786488300000,501.77,501.82,501.629,501.629,1051771.93620626
1786489200000,501.661,501.82,501.661,501.82,1336238.067233613
1786490100000,501.82,501.84,501.81,501.81,4036735.802447552
1786491000000,501.81,501.937,501.809,501.825,1140482.41686588
1786491900000,501.825,502.391,501.82,502.33,3869024.94751494
1786492800000,501.79,502.33,501.44,502.05,154554.73
1786493700000,502.0,502.38,502.0,502.23,557497.79
1786494600000,502.23,502.47,501.89,501.89,272720.09
1786495500000,502.01,502.7,502.01,502.59,543192.0
1786496400000,502.56,502.67,502.39,502.4,388467.0
1786497300000,502.4,502.4,502.05,502.3,377679.4
1786498200000,502.28,502.31,502.13,502.2,99940.99
1786499100000,502.13,502.18,501.62,501.62,244424.38
1786500000000,501.65,501.87,501.58,501.65,423393.1
1786500900000,501.66,501.77,501.61,501.61,246811.0
1786501800000,501.72,501.76,501.62,501.62,188624.29
1786502700000,501.64,501.93,501.63,501.89,321126.5
1786503600000,501.92,502.0,501.41,501.41,555851.5
1786504500000,501.42,501.49,501.27,501.38,514445.17
1786505400000,501.38,501.41,501.13,501.14,277196.89
1786506300000,501.14,501.33,501.13,501.2,258122.0
1786507200000,501.19,501.33,501.08,501.16,209999.58
1786508100000,501.18,501.41,501.04,501.04,380447.04
1786509000000,501.1,501.22,501.04,501.18,108244.31
1786509900000,501.08,501.28,501.07,501.22,152868.95
1786510800000,501.26,501.31,501.16,501.22,458136.64
1786511700000,501.15,501.35,501.05,501.15,382378.88
1786512600000,501.28,501.29,501.15,501.15,106255.56
1786513500000,501.17,501.33,501.13,501.24,245608.36
1786514400000,501.32,501.35,501.07,501.09,570312.25
1786515300000,501.09,501.37,501.08,501.3,789014.18
1786516200000,501.29,501.41,501.24,501.27,634647.67
1786517100000,501.26,501.39,501.16,501.29,325324.79
1786518000000,501.33,501.4,500.76,500.76,2008902.3
1786518900000,500.76,500.99,500.64,500.77,683490.07
1786519800000,500.78,500.86,500.08,500.16,1237684.19
1786520700000,500.21,500.4,499.99,500.15,1320457.83
1786521600000,498.95,502.024,497.594,498.95,25964271.9317283
1786522500000,498.26,498.924,497.742,498.26,8262801.12081275
1786523400000,498.21,498.862,498.023,498.21,5428671.51053612
1786524300000,498.894,499.35,498.735,499.308,3932857.47175557
1786525200000,499.15,499.37,498.814,499.15,5957710.46378365
1786526100000,499.23,500.321,498.5,499.71,8188523.73033531
1786527000000,500.25,500.25,499.693,499.875,3546437.87393096
1786527900000,499.875,500.305,499.758,499.8,2991994.08827502
1786528800000,499.8,499.95,499.67,499.75,1857830.13735719
1786529700000,499.29,499.795,499.29,499.3,3973856.25339954
1786530600000,499.505,500.29,499.505,500.29,3290159.86870141
1786531500000,500.05,500.29,499.755,499.87,3649058.48431889
1786532400000,499.95,500.4,499.701,500.22,6645332.61515125
1786533300000,500.21,500.6,500.16,500.26,3170400.23261139
1786534200000,500.317,500.45,499.505,499.505,7315030.37292909
1786535100000,500.01,500.245,499.362,500.01,8929972.7238705
1786536000000,500.57,501.726,499.855,500.57,11221276.54254398
1786536900000,501.2,501.784,501.2,501.28,5689193.78587472
1786537800000,500.7,501.726,500.208,501.29,21552039.73154612
1786538700000,501.111,501.111,499.51,499.6,221811108.85914263
1786539600000,499.609,500.33,499.012,500.33,37798292.815296285
1786540500000,500.29,500.79,499.472,500.34,21672184.19223365
1786541400000,500.26,501.41,497.1,497.75,970849627.0690361
1786542300000,497.955,498.11,492.72,493.48,967628890.1465801
1786543200000,493.555,496.31,491.975,495.655,663713450.7501111
1786544100000,495.513,496.39,494.975,495.809,343064727.3023511
1786545000000,495.811,496.405,493.99,494.288,334103397.2580445
1786545900000,494.365,495.34,493.9,494.97,305685247.911508
1786546800000,494.955,495.095,493.38,493.65,343282668.23568904
1786547700000,493.65,493.74,492.97,493.135,345713558.3439344
1786548600000,493.151,493.49,492.105,493.115,285233570.4181543
1786549500000,493.116,493.7,492.725,492.781,266063077.2738005
1786550400000,492.92,493.13,492.2,492.96,230744387.05244908
1786551300000,492.965,494.0,492.956,493.86,195700170.04394314
1786552200000,493.855,494.071,493.185,493.745,395409122.6751499
1786553100000,493.767,494.97,493.767,494.126,198288485.98724824
1786554000000,494.06,494.17,493.51,493.74,158127929.5591369
1786554900000,493.79,493.92,493.09,493.22,178433058.9142036
1786555800000,493.255,493.56,492.49,492.54,135606041.24201688
1786556700000,492.54,492.75,491.54,492.105,353149112.6306453
1786557600000,492.0,492.44,491.881,492.1,164375427.0746987
1786558500000,492.16,492.65,491.89,492.093,216207065.3179652
1786559400000,492.11,492.54,491.85,492.425,173343100.92539814
1786560300000,492.44,492.993,492.2,492.93,195448054.7425336
1786561200000,492.96,493.77,492.67,492.98,429686937.95844793
1786562100000,492.96,494.63,492.885,494.255,270406776.19951886
1786563000000,494.272,494.455,493.22,493.589,325039489.6958967
1786563900000,493.67,494.355,492.04,492.45,980604327.2206632
1786564800000,492.37,492.517,491.561,491.81,3768705632.943663
1786565700000,491.71,491.892,491.56,491.71,7122282.0555396
1786566600000,491.91,492.015,491.533,491.57,20708341.5807778
1786567500000,491.532,491.619,491.376,491.485,504233062.22281617
1786568400000,491.485,491.675,491.467,491.522,88901454.85656835
1786569300000,491.54,491.679,491.524,491.54,2390928.80675819
1786570200000,491.54,491.7,491.425,491.51,3938171.6869311
1786571100000,491.37,491.504,491.302,491.38,2088142.13128176
1786572000000,491.515,491.57,491.37,491.37,4346093.448380974
1786572900000,491.22,491.416,491.044,491.22,179858849.65666538
1786573800000,491.0,491.21,490.74,490.81,4439754.27036088
1786574700000,490.74,490.74,490.62,490.649,2224083.30957871
1786575600000,490.649,490.765,490.331,490.445,2905250.84184685
1786576500000,490.12,490.445,489.717,490.01,13054548.15680055
1786577400000,489.32,489.843,489.233,489.32,5961520.07319219
1786578300000,489.375,489.375,488.822,489.004,9044917.57769
1786579200000,489.84,489.84,488.99,489.29,1565192.61
1786580100000,489.3,489.76,489.18,489.42,683794.5
1786581000000,489.44,489.67,489.34,489.51,966213.31
1786581900000,489.51,489.7,488.96,489.16,1415458.98
1786582800000,489.14,489.15,488.92,488.99,989768.32
1786583700000,488.99,489.14,488.53,488.63,995435.01
1786584600000,488.69,489.17,488.69,489.15,840372.04
1786585500000,489.21,489.3,489.09,489.16,731375.48
1786586400000,489.16,489.27,489.0,489.11,609975.89
1786587300000,489.12,489.4,489.12,489.33,522979.31
1786588200000,489.31,490.26,489.1,489.96,1296576.17
1786589100000,489.96,490.02,489.69,490.0,540859.06
1786590000000,489.92,490.09,489.56,489.95,1031111.24
1786590900000,490.01,490.06,489.85,489.88,137681.37
1786591800000,489.98,490.17,489.67,490.13,580678.53
1786592700000,490.11,490.18,489.76,489.77,474333.24
1786593600000,489.87,490.05,489.78,489.78,403637.94
1786594500000,489.77,489.77,489.26,489.47,439517.83
1786595400000,489.54,489.63,489.4,489.63,269741.19
1786596300000,489.54,489.83,489.47,489.79,148876.83
1786597200000,489.76,490.01,489.67,489.83,384533.59
1786598100000,489.89,490.08,489.68,490.04,688747.05
1786599000000,490.04,490.12,489.51,489.7,1546055.67
1786599900000,489.7,489.99,489.6,489.78,362381.95
1786600800000,489.72,489.79,489.44,489.54,2140086.7
1786601700000,489.56,489.56,489.34,489.34,733196.05
1786602600000,489.39,489.45,489.1,489.2,2251779.33
1786603500000,489.2,489.32,489.0,489.2,867342.4
1786604400000,489.3,489.99,489.19,489.83,1960002.02
1786605300000,489.85,490.41,489.74,490.22,2876569.13
1786606200000,490.37,490.66,490.21,490.41,932325.62
1786607100000,490.41,490.65,490.21,490.41,480164.12
1786608000000,491.56,492.38,489.2,492.38,32725455.78195536
1786608900000,492.89,493.345,492.211,492.63,10765314.824286
1786609800000,492.82,493.07,492.6,492.82,2553810.57275779
1786610700000,493.07,493.07,492.45,492.565,3204044.883889195
1786611600000,492.567,492.585,492.325,492.575,4621010.84534556
1786612500000,493.0,493.226,492.476,493.0,4166733.50872692
1786613400000,492.696,492.798,492.375,492.375,1814268.85457432
1786614300000,492.375,492.375,492.265,492.375,1464937.44150136
1786615200000,492.81,493.481,492.375,493.1,3950326.0110594
1786616100000,493.9,494.395,493.226,493.95,6094245.33255169
1786617000000,493.61,493.93,493.605,493.69,4522014.62220712
1786617900000,493.605,493.862,493.265,493.497,2978422.65742461
1786618800000,493.414,493.687,492.775,492.849,15169616.193709875
1786619700000,493.21,493.453,492.841,493.31,3993585.06909821
1786620600000,493.58,494.1,493.09,494.1,5281354.85314589
1786621500000,493.49,494.2,493.33,493.49,5560365.97162591
1786622400000,494.46,494.795,493.44,494.46,10714575.5873189
1786623300000,494.571,494.7,494.204,494.405,7425509.022482546
1786624200000,494.15,494.7,493.726,494.7,4872964.59635141
1786625100000,494.84,496.244,494.567,495.89,27914644.67651354
1786626000000,495.7,496.875,495.427,495.84,43119669.96014996
1786626900000,493.0,495.9,493.0,493.0,22014238.21478813
1786627800000,493.585,498.945,493.581,497.902,709405049.7210053
1786628700000,497.895,499.935,497.895,498.7,441768835.3842618
1786629600000,498.54,501.02,498.42,500.16,566596397.6330957
1786630500000,500.14,501.31,498.37,498.46,457170241.06371737
1786631400000,498.495,499.365,497.7,497.991,318714327.28278005
1786632300000,497.987,498.04,497.0,497.533,289843963.74333334
1786633200000,497.425,497.695,495.4,495.89,293909150.5794499
1786634100000,495.85,496.04,493.43,494.02,372638585.8212615
1786635000000,493.81,495.65,493.81,495.47,232355291.72471854
1786635900000,495.39,495.799,494.56,494.9,160415846.98802325
1786636800000,494.935,494.955,494.14,494.491,112678558.00433218
1786637700000,494.47,494.782,493.77,494.635,510902889.39323986
1786638600000,494.65,494.901,494.035,494.275,112910978.55692229
1786639500000,494.28,494.86,494.25,494.32,90983970.24208444
1786640400000,494.32,494.804,494.23,494.56,88423176.74813204
1786641300000,494.596,494.708,494.114,494.46,89755393.23235379
1786642200000,494.485,494.52,493.47,493.8,485231901.7214452
1786643100000,493.735,494.515,493.64,494.14,136598253.58122838
1786644000000,494.12,494.365,493.836,494.365,82005628.95326829
1786644900000,494.365,494.366,493.03,493.19,107459362.62510295
1786645800000,493.145,497.245,493.141,496.846,369000868.49371725
1786646700000,496.74,497.0,495.325,496.93,246753477.2800205
1786647600000,497.02,497.52,496.29,497.39,213668343.4284617
1786648500000,497.395,497.82,495.75,497.0,274492165.5993602
1786649400000,497.19,498.5,497.078,498.5,346719156.18919516
1786650300000,498.441,498.441,495.935,496.9,778969433.1842303
1786651200000,497.21,497.599,496.147,496.62,2647037542.959061
1786652100000,496.29,496.502,496.152,496.29,5154228.13624629
1786653000000,496.1,496.53,495.68,496.1,6284395.76005309
1786653900000,495.761,496.194,495.76,495.85,244301473.51174903
1786654800000,495.85,496.21,495.555,496.21,3628886.6824561204
1786655700000,496.208,496.21,495.626,496.12,180245992.55086735
1786656600000,496.55,496.818,495.6,496.26,5230756.90738568
1786657500000,495.922,496.099,495.776,496.099,15041332.31970767
1786658400000,496.099,496.1,495.601,495.8,3762205.17949397
1786659300000,495.8,496.164,495.525,495.874,4051121.152425444
1786660200000,495.873,495.975,495.6,495.96,1623484.40875979
1786661100000,495.86,495.96,495.4,495.4,1413540.81188943
1786662000000,495.51,495.72,495.442,495.57,1306072.54763646
1786662900000,495.57,495.695,495.4,495.66,935889.30003892
1786663800000,495.661,495.788,495.482,495.482,961612.98110861
1786664700000,495.63,495.775,495.165,495.63,2287523.36024532
1786665600000,495.41,495.97,495.37,495.7,218604.53
1786666500000,495.69,496.05,495.69,495.95,128950.48
1786667400000,495.88,496.02,495.77,495.99,165658.44
1786668300000,495.84,496.41,495.84,496.3,356252.59
1786669200000,496.08,496.08,495.6,495.75,387213.31
1786670100000,495.66,495.78,495.49,495.51,295929.07
1786671000000,495.49,495.76,495.37,495.76,163522.17
1786671900000,495.76,495.76,495.51,495.52,53524.57
1786672800000,495.52,495.68,495.52,495.63,78304.03
1786673700000,495.63,495.74,495.51,495.55,158092.22
1786674600000,495.62,495.88,495.54,495.7,368263.59
1786675500000,495.84,495.84,495.62,495.7,158131.96
1786676400000,495.73,496.13,495.73,495.99,158200.7
1786677300000,496.0,496.07,495.84,495.99,190427.52
1786678200000,495.98,495.99,495.7,495.9,442284.71
1786679100000,495.78,495.78,495.54,495.54,338016.16
1786680000000,495.49,495.56,495.42,495.49,85222.53
1786680900000,495.5,495.51,495.22,495.27,602373.77
1786681800000,495.29,495.44,495.22,495.4,180783.28
1786682700000,495.4,495.4,495.21,495.33,109956.51
1786683600000,495.31,495.32,494.01,494.97,1180792.27
1786684500000,494.92,495.03,494.89,494.96,218762.56
1786685400000,494.96,494.96,494.37,494.51,958565.6
1786686300000,494.54,495.01,494.52,494.94,530493.44
1786687200000,494.86,494.99,494.62,494.84,291904.42
1786688100000,494.84,494.84,494.47,494.55,223078.46
1786689000000,494.58,495.12,494.57,495.12,505261.51
1786689900000,495.1,495.36,495.04,495.36,211955.95
1786690800000,495.38,496.59,495.31,495.99,4147524.79
1786691700000,495.92,496.78,495.9,496.02,965728.7
1786692600000,496.09,496.53,495.82,496.34,559509.5
1786693500000,496.41,496.75,496.15,496.15,1967391.41
1786694400000,495.835,496.55,495.835,496.442,21182108.73489174
1786695300000,496.441,496.484,495.815,495.815,2353294.02531203
1786696200000,495.815,495.815,495.55,495.695,3985419.451701792
1786697100000,495.695,495.791,495.5,495.631,1453490.39428186
1786698000000,495.63,495.725,495.53,495.725,525461.73605739
1786698900000,495.725,495.725,495.375,495.65,898627.01973378
1786699800000,495.65,495.655,495.65,495.65,665441.52720671
1786700700000,495.65,495.7,495.55,495.695,797729.79713146
1786701600000,495.695,495.695,494.496,494.685,3600733.86612697
1786702500000,494.685,495.36,494.551,495.36,1669502.890197
1786703400000,495.36,495.791,495.227,495.5,1211790.4494335
1786704300000,495.5,495.99,495.5,495.99,2652142.9510801565
1786705200000,495.99,496.09,494.741,494.8,7457532.0930694
1786706100000,495.0,495.25,494.876,495.0,2360575.11766523
1786707000000,495.11,495.845,494.981,495.11,2441332.15593786
1786707900000,495.803,496.259,495.609,496.259,4004492.75807744
1786708800000,496.26,496.3,495.605,495.873,3340268.9253993514
1786709700000,495.874,497.078,495.87,496.9,3823946.84366976
1786710600000,496.99,497.588,496.456,496.99,5400930.80060312
1786711500000,497.81,498.014,497.2,497.81,6006226.35181227
1786712400000,497.504,497.504,496.45,496.45,8325745.34080972
1786713300000,496.448,497.048,495.926,496.373,13883086.639263526
1786714200000,496.425,497.5,493.91,496.255,654442078.611516
1786715100000,496.34,498.625,496.16,498.625,352833787.9974837
1786716000000,498.47,498.72,497.32,497.99,292839854.9010603
1786716900000,497.959,500.0,497.4,498.865,506764694.6044021
1786717800000,498.75,499.655,498.52,499.007,278605538.90531874
1786718700000,499.15,499.4,498.36,498.515,251090316.44225305
1786719600000,498.56,498.85,498.05,498.34,203635761.80883756
1786720500000,498.34,498.51,497.495,497.715,211370674.65444458
1786721400000,497.696,498.89,497.42,498.822,178772851.3620042
1786722300000,498.825,499.241,498.09,498.387,267031530.69372413
1786723200000,498.595,498.595,497.56,497.76,151241107.911816
1786724100000,497.51,497.76,496.85,497.66,155644578.93123075
1786725000000,497.71,497.754,496.91,496.92,99008939.26444924
1786725900000,496.83,496.99,496.43,496.595,106818273.7461708
1786726800000,496.615,496.735,495.955,496.039,101937974.42120884
1786727700000,496.05,496.332,495.67,495.82,90315449.72670507
1786728600000,495.72,496.07,495.599,495.9,81918197.43790261
1786729500000,495.91,496.3,495.608,495.875,97003324.50919975
1786730400000,495.9,496.12,495.608,495.67,110976451.45806552
1786731300000,495.691,496.21,495.39,495.434,131981294.93752098
1786732200000,495.455,495.61,495.12,495.395,104419668.59231955
1786733100000,495.44,495.761,495.182,495.51,106612614.03462382
1786734000000,495.6,495.76,494.67,495.32,166806029.65170184
1786734900000,495.23,495.39,495.07,495.36,141085970.32680833
1786735800000,495.343,495.58,494.66,495.207,277347003.1975639
1786736700000,495.4,495.4,494.69,495.34,534319281.6845329
1786737600000,495.183,495.28,494.617,495.15,2374578817.062222
1786738500000,495.03,495.275,495.03,495.03,120859605.33715948
1786739400000,495.081,495.199,495.08,495.196,822683.76649648
1786740300000,495.195,495.195,495.05,495.05,113654908.56103216
1786741200000,495.19,495.3,495.045,495.19,3014108.39083823
1786742100000,495.38,495.5,495.2,495.39,4817256.40853709
1786743000000,495.5,495.59,495.415,495.59,3001068.59877722
1786743900000,495.59,495.59,495.255,495.28,3709530.5941884
1786744800000,495.28,495.51,495.28,495.401,2917181.2181974202
1786745700000,495.401,495.401,495.1,495.235,1028847.59658738
1786746600000,495.235,495.235,495.11,495.209,347967.69038702
1786747500000,495.38,495.43,495.16,495.38,1616218.59156649
1786748400000,495.205,495.234,495.112,495.234,782048.16223557
1786749300000,495.241,495.274,495.164,495.175,754251.12742192
1786750200000,495.175,495.289,495.16,495.193,623505.1457142
1786751100000,495.192,495.299,495.165,495.219,1016313.12435207
1786752000000,495.218,495.218,495.217,495.217,0.0
1786756500000,495.87,495.87,495.87,495.87,19.983561
1786772700000,495.87,495.87,495.87,495.87,100.413675
1786774500000,496.03,496.03,496.03,496.03,70.684275
1786778100000,496.06,496.06,495.84,495.84,81.93743
1786779900000,495.84,495.84,495.84,495.84,14.974368
1786780800000,495.81,495.81,495.81,495.81,14.775138
1786789800000,495.81,495.81,495.81,495.81,4.511871
1786795200000,495.81,495.81,495.74,495.74,50.023095
1786799700000,496.09,496.09,496.09,496.09,19.992427
1786800600000,496.13,496.13,496.13,496.13,26.989472
1786806900000,496.15,496.15,496.15,496.15,90.2993
1786808700000,496.16,496.18,496.16,496.18,79.33699
1786810500000,496.21,496.21,496.04,496.04,52.738096
1786815000000,496.21,496.23,496.21,496.23,176.458382
1786815900000,496.38,496.38,496.08,496.08,32.948772
1786817700000,496.18,496.18,494.65,494.94,6017.609437
1786818600000,494.65,494.94,494.65,494.94,49.331076
1786819500000,494.81,494.81,494.81,494.81,24.691019
1786822200000,494.94,494.94,494.94,494.94,99.136482
1786823100000,494.6,494.94,494.6,494.94,69.175646
1786824000000,494.94,494.94,494.57,494.94,89.105468
1786824900000,494.55,494.55,494.55,494.55,24.678045
1786825800000,494.94,494.94,494.94,494.94,24.697506
1786826700000,494.36,494.94,494.36,494.94,49.36607
1786827600000,494.13,494.94,494.13,494.94,49.354593
1786828500000,494.42,494.94,494.42,494.94,49.319622
1786829400000,494.32,494.32,494.32,494.32,24.666568
1786835700000,494.94,495.05,494.94,495.05,846.353957
1786836600000,494.78,494.78,494.78,494.78,44.431244
1786842900000,495.05,495.05,495.05,495.05,19.950515
1786846500000,495.05,495.05,495.05,495.05,44.504995
1786847400000,494.68,494.68,494.68,494.68,44.422264
1786852800000,495.05,495.29,495.05,495.29,51.638299
1786859100000,494.68,494.68,494.68,494.68,13.207956
1786860000000,495.29,495.32,495.11,495.32,1108.629527
1786871700000,494.68,494.68,494.68,494.68,32.500476
1786873500000,494.67,494.67,494.67,494.67,16.32411
1786878000000,495.32,495.32,495.32,495.32,26.99494
1786881600000,494.67,494.67,494.67,494.67,26.910048
1786883400000,495.32,495.32,495.32,495.32,70.038248
1786886100000,495.32,495.52,495.32,495.52,654.084773
1786887000000,495.52,495.52,495.52,495.52,26.956288
1786887900000,495.52,495.62,494.64,495.0,813.96745
1786895100000,495.0,495.56,495.0,495.56,258.855772
1786896000000,495.16,495.16,495.16,495.16,10.992552
1786901400000,495.16,495.16,495.16,495.16,24.956064
1786903200000,495.16,495.16,495.16,495.16,24.411388
1786905000000,494.64,494.64,494.64,494.64,69.793704
1786910400000,495.16,495.16,495.16,495.16,19.954948
1786911300000,495.16,495.16,495.16,495.16,51.9918
1786914000000,494.72,494.72,494.72,494.72,24.736
1786923000000,495.16,495.16,495.16,495.16,19.954948
1786924800000,496.0,496.22,495.13,495.25,1123001.87
1786925700000,495.32,495.32,494.73,495.09,567858.79
1786926600000,495.11,495.33,495.09,495.16,155979.29
1786927500000,495.17,495.42,495.13,495.15,121343.06
1786928400000,495.18,495.38,495.16,495.3,103525.0
1786929300000,495.19,495.5,495.11,495.5,759894.63
1786930200000,495.45,495.65,495.15,495.15,182817.34
1786931100000,495.15,495.22,495.06,495.14,117350.98
1786932000000,495.21,495.21,495.0,495.2,568343.97
1786932900000,495.2,495.21,495.0,495.1,226286.76
1786933800000,495.12,495.15,494.85,494.9,534579.16
1786934700000,494.87,494.88,494.19,494.21,1641977.5
1786935600000,494.22,494.41,493.71,493.8,1665355.71
1786936500000,493.82,494.34,493.81,494.07,482191.83
1786937400000,494.06,494.06,493.77,493.9,872759.82
1786938300000,493.84,494.09,493.74,493.74,343266.72
1786939200000,493.8,494.11,493.73,493.87,1150789.62
1786940100000,493.94,494.12,493.78,493.82,667269.31
1786941000000,493.81,493.89,493.74,493.75,375779.68
1786941900000,493.8,493.8,493.52,493.69,933058.32
1786942800000,493.68,493.91,493.59,493.72,458215.27
1786943700000,493.92,493.92,493.0,493.06,1467549.5
1786944600000,493.21,493.6,492.87,492.91,1287043.04
1786945500000,492.9,493.12,492.65,492.98,912771.47
1786946400000,492.92,492.92,492.52,492.88,1283090.38
1786947300000,492.91,493.02,492.44,492.7,2366988.56
1786948200000,492.77,493.36,492.73,493.05,1740009.74
1786949100000,493.06,493.25,493.04,493.21,242143.07
1786950000000,493.19,493.19,492.54,492.55,1415103.1
1786950900000,492.64,492.76,492.27,492.6,1441624.49
1786951800000,492.61,493.02,492.58,492.72,768675.55
1786952700000,492.91,492.97,492.59,492.59,433543.16
1786953600000,492.47,494.863,491.138,492.6,30666273.05011007
1786954500000,491.16,491.749,491.005,491.14,9249811.92627778
1786955400000,491.49,491.61,490.777,490.8,5777917.15284185
1786956300000,490.773,491.591,490.748,491.31,4165541.46294566
1786957200000,491.358,491.885,491.358,491.69,3910782.45885438
1786958100000,491.69,491.826,491.545,491.68,3344886.62077792
1786959000000,491.667,491.667,491.555,491.61,3036668.31574326
1786959900000,491.61,491.61,491.415,491.505,1474267.39689972
1786960800000,491.28,491.579,491.214,491.28,4093075.35209391
1786961700000,491.35,491.475,491.096,491.475,2665357.44746808
1786962600000,491.476,491.704,491.347,491.53,3020470.05896162
1786963500000,491.53,491.969,491.525,491.949,3125314.45132533
1786964400000,491.95,492.228,491.714,491.97,12298797.59519563
1786965300000,492.16,492.263,492.09,492.16,3357925.44951267
1786966200000,492.195,492.66,492.152,492.296,8390640.52233722
1786967100000,492.297,492.564,492.122,492.219,8548896.75071062
1786968000000,492.53,492.7,492.22,492.56,8740063.61354923
1786968900000,492.31,492.395,491.574,492.01,7148873.6353382
1786969800000,491.18,492.208,490.853,491.99,11637033.74556525
1786970700000,492.19,492.256,491.28,491.28,6826457.95572159
1786971600000,491.61,491.8,491.3,491.61,5303570.39564088
1786972500000,491.8,492.199,490.244,490.75,36865172.88051195
1786973400000,490.14,492.6,485.66,485.685,842519842.5641273
1786974300000,485.95,486.68,484.16,484.726,714343401.1142131
1786975200000,484.92,485.465,484.21,484.565,510603965.58361864
1786976100000,484.62,485.24,482.55,482.69,699880675.0322903
1786977000000,482.665,483.71,481.73,483.015,555585044.491437
1786977900000,482.93,483.42,481.71,483.18,512622699.9653301
1786978800000,483.16,484.71,483.05,484.43,397562579.21203357
1786979700000,484.4,484.915,484.05,484.65,280137589.02368575
1786980600000,484.66,485.08,483.95,484.79,263890210.61718285
1786981500000,484.9,485.25,484.64,485.0,172682396.59813887
1786982400000,485.01,485.12,483.355,483.899,279621946.3517191
1786983300000,483.901,484.08,482.55,482.682,259767353.86695537
1786984200000,482.684,482.8,480.07,480.342,543115051.7720559
1786985100000,480.36,480.67,479.32,479.605,375535381.9860246
1786986000000,479.45,480.095,479.36,479.6,285427622.26635504
1786986900000,479.535,479.965,479.08,479.33,422269386.12650883
1786987800000,479.35,479.4,478.46,479.323,314948838.9734486
1786988700000,479.36,479.8,478.86,478.985,195684765.72669268
1786989600000,478.925,479.78,478.925,479.27,187796127.94518068
1786990500000,479.205,479.96,479.188,479.41,177497469.1076862
1786991400000,479.44,479.825,479.23,479.795,207929202.32269806
1786992300000,479.71,480.29,479.703,480.007,301989221.30331165
1786993200000,480.045,481.2,479.96,481.17,221682073.1710324
1786994100000,481.21,481.765,480.82,480.94,316343597.72704715
1786995000000,481.04,481.075,479.69,480.53,340706480.05943626
1786995900000,480.46,480.71,479.35,480.66,923162734.5166289
1786996800000,480.3,480.586,480.059,480.3,3725747764.4530377
1786997700000,480.26,480.354,480.25,480.26,39370657.78072433
1786998600000,480.264,480.47,480.235,480.401,16449018.32775924
1786999500000,480.36,480.401,480.2,480.36,502412638.9103494
1787000400000,480.339,480.355,480.206,480.315,3318847.3884587353
1787001300000,480.315,480.374,480.3,480.357,3681292.6115554934
1787002200000,480.358,480.378,480.27,480.322,72441095.65435863
1787003100000,480.319,480.319,480.185,480.21,2138449.66993746
1787004000000,479.99,480.21,479.551,479.72,8938434.23214075
1787004900000,479.72,479.784,479.545,479.72,3558477.66351151
1787005800000,479.665,479.765,479.537,479.55,2172236.71675881
1787006700000,479.55,479.7,479.491,479.522,2481943.82536325
1787007600000,479.526,479.81,479.526,479.77,1758881.26271454
1787008500000,479.77,479.779,479.645,479.727,2134836.01749102
1787009400000,479.726,480.118,479.701,480.118,3219117.1402539155
1787010300000,480.123,480.144,479.9,479.975,4334016.43218322
1787011200000,480.02,480.02,478.99,479.43,628348.33
1787012100000,479.39,480.22,479.39,479.85,803338.24
1787013000000,479.82,479.95,479.66,479.82,519610.9
1787013900000,479.78,479.9,479.56,479.56,503279.66
1787014800000,479.56,480.08,479.56,480.04,956058.24
1787015700000,480.0,480.05,479.88,479.91,390205.86
1787016600000,479.89,480.04,479.72,479.75,890632.03
1787017500000,479.83,479.99,479.51,479.6,1482806.44
1787018400000,479.64,479.96,479.42,479.47,804359.76
1787019300000,479.65,479.71,479.23,479.57,775807.72
1787020200000,479.5,480.18,479.5,479.72,1815741.06
1787021100000,479.82,480.58,479.69,480.5,1999741.49
1787022000000,480.5,480.67,480.28,480.44,1714341.39
1787022900000,480.48,480.49,480.02,480.02,2023168.4
1787023800000,480.02,480.25,479.93,480.04,1150691.8
1787024700000,480.01,480.18,479.65,479.75,853779.45
1787025600000,479.73,479.74,479.39,479.42,815697.49
1787026500000,479.41,479.79,479.35,479.77,1645818.06
1787027400000,479.77,479.84,479.28,479.53,869879.75
1787028300000,479.52,479.72,479.4,479.4,382696.53
1787029200000,479.45,479.59,479.04,479.25,471073.14
1787030100000,479.18,479.45,479.18,479.34,469737.78
1787031000000,479.34,479.39,479.01,479.12,602848.55
1787031900000,479.13,479.32,478.81,479.16,2010225.48
1787032800000,479.09,479.09,478.28,478.68,3072347.28
1787033700000,478.66,478.67,478.29,478.33,1142963.06
1787034600000,478.32,478.99,478.31,478.96,821244.5
1787035500000,478.88,479.0,478.76,479.0,712095.03
1787036400000,478.91,479.04,478.49,478.71,1356856.92
1787037300000,478.68,479.16,478.62,478.96,677739.63
1787038200000,479.05,479.27,478.9,479.07,601730.31
1787039100000,479.04,479.14,478.79,478.82,607691.36
1787040000000,479.47,480.525,478.735,479.55,35384497.4723019
1787040900000,480.77,481.71,480.25,481.51,8944642.63629288
1787041800000,481.16,481.581,480.831,481.16,4249468.53184538
1787042700000,481.51,482.25,480.8,481.51,5901144.53033671
1787043600000,482.22,482.901,482.004,482.68,7451366.43157619
1787044500000,482.06,482.939,482.06,482.93,11045240.71425945
1787045400000,483.1,483.274,482.53,483.05,7047327.60241893
1787046300000,483.32,483.32,482.675,482.89,5910743.54951791
1787047200000,482.975,483.565,482.691,483.461,4279333.47610304
1787048100000,483.71,484.149,483.35,483.81,7948705.10579786
1787049000000,483.744,483.744,483.096,483.17,5125519.72219521
1787049900000,483.25,483.375,482.536,483.25,4115687.00716472
1787050800000,482.96,483.224,482.508,483.0,15750077.47588658
1787051700000,483.19,484.133,483.12,483.75,11115387.26921025
1787052600000,483.855,484.646,483.6,483.6,30723431.234676924
1787053500000,483.94,484.3,483.225,483.23,15340266.026322
1787054400000,483.44,483.472,482.5,482.52,8975324.63631886
1787055300000,482.67,482.95,482.4,482.81,6496537.1417287
1787056200000,482.81,482.845,482.0,482.38,7662053.21042417
1787057100000,482.328,483.39,482.22,483.242,11465096.710711673
1787058000000,483.41,483.637,483.005,483.15,10833374.33249061
1787058900000,483.88,483.88,481.204,483.19,37204766.61929013
1787059800000,481.55,484.16,477.18,483.1,864365356.7849473
1787060700000,482.905,483.38,479.39,479.94,513840207.0050306
1787061600000,479.91,481.62,479.695,481.319,284035454.36273515
1787062500000,481.32,483.04,481.045,481.045,321416512.3819254
1787063400000,481.03,481.54,480.41,481.095,224606157.89053386
1787064300000,481.095,481.9,479.935,481.45,243587388.05739012
1787065200000,481.58,482.71,481.15,481.564,267141209.62193915
1787066100000,481.61,482.66,481.563,481.976,314153256.33269805
1787067000000,481.985,482.36,481.385,481.724,329118629.4551176
1787067900000,481.67,481.765,480.61,481.63,162007885.85922346
1787068800000,481.64,482.795,481.54,482.52,184102685.50174448
1787069700000,482.484,482.55,481.6,482.016,180188566.42775452
1787070600000,482.012,482.035,481.216,481.748,173080523.1417581
1787071500000,481.68,482.36,481.416,482.36,135666995.9912458
1787072400000,482.235,482.288,481.23,481.76,152127990.2218906
1787073300000,481.69,481.92,481.364,481.69,120966273.32360972
1787074200000,481.72,482.33,481.6,481.93,143522779.41226688
1787075100000,481.905,482.11,481.66,481.949,146697520.91537586
1787076000000,481.955,482.3,481.69,482.059,169215584.34754986
1787076900000,482.15,482.76,481.72,482.52,167231098.33140048
1787077800000,482.56,482.61,481.759,481.775,200784481.9153466
1787078700000,481.71,482.723,481.31,482.33,239542501.18085667
1787079600000,482.4,483.605,482.356,483.209,338944490.0690139
1787080500000,483.21,483.76,482.91,483.172,272405729.21146166
1787081400000,483.23,483.745,482.07,482.23,286842726.8282652
1787082300000,482.33,482.36,481.07,481.76,1098004104.3433397
1787083200000,481.554,481.957,481.185,481.185,3900751661.501264
1787084100000,481.183,481.359,481.013,481.125,13380854.61541986
1787085000000,481.13,481.359,481.01,481.359,2025962897.8770866
1787085900000,481.355,481.355,481.275,481.28,1090843382.162112
1787086800000,481.334,481.6,481.236,481.289,2919075.48830299
1787087700000,481.289,481.29,480.75,480.75,71553126.62842706
1787088600000,480.75,480.875,480.7,480.7,3632854.12082099
1787089500000,480.76,480.76,480.643,480.76,1576896.57023602
1787090400000,481.0,481.4,480.729,481.0,3716746.5724248
1787091300000,481.314,481.6,480.81,480.81,2704011.15547343
1787092200000,480.81,481.335,480.81,481.24,1054947.34183094
1787093100000,481.217,481.217,480.711,480.81,2174279.9322889494
1787094000000,480.81,481.314,480.81,481.035,2629927.33303059
1787094900000,481.035,481.24,480.986,481.225,1799632.13417417
1787095800000,481.225,481.526,481.045,481.45,2543463.28928612
1787096700000,481.45,481.49,481.25,481.325,1381728.93812279
1787097600000,480.71,481.62,480.6,481.59,555794.36
1787098500000,481.48,482.17,481.47,482.0,399479.29
1787099400000,481.99,482.49,481.99,482.04,370259.71
1787100300000,482.25,482.38,481.9,481.91,278708.47
1787101200000,481.91,482.1,481.74,482.0,225540.97
1787102100000,481.93,482.0,481.6,481.64,237496.3
1787103000000,481.65,482.0,481.64,481.79,161883.49
1787103900000,481.8,481.8,481.62,481.7,66951.52
1787104800000,481.7,481.89,481.58,481.8,91540.12
1787105700000,481.88,482.12,481.76,481.83,399502.54
1787106600000,481.73,481.73,481.43,481.61,174798.76
1787107500000,481.61,481.64,481.17,481.17,697894.05
1787108400000,481.25,481.32,480.91,481.11,893281.36
1787109300000,481.2,481.38,480.91,481.2,197272.82
1787110200000,481.2,481.47,481.01,481.39,177090.72
1787111100000,481.2,481.33,481.0,481.16,283877.02
1787112000000,481.16,481.23,481.06,481.18,190525.37
1787112900000,481.16,481.62,481.14,481.49,272917.9
1787113800000,481.57,481.57,481.01,481.01,63041.03
1787114700000,481.09,481.57,480.96,481.53,319006.05
1787115600000,481.53,481.66,481.09,481.12,188239.68
1787116500000,481.1,481.1,480.67,481.02,366396.72
1787117400000,481.02,481.07,480.71,480.74,408241.33
1787118300000,480.77,481.18,480.7,481.08,558900.87
1787119200000,481.35,481.67,481.0,481.65,2359765.09
1787120100000,481.65,482.37,481.64,482.23,1176563.52
1787121000000,482.21,482.43,481.47,481.5,1153443.6
1787121900000,481.77,481.83,480.77,481.21,1364459.37
1787122800000,481.08,481.2,480.47,480.62,3422040.93
1787123700000,480.95,480.95,479.57,479.8,1231497.9
1787124600000,479.9,479.9,479.56,479.69,1497806.01
1787125500000,479.7,479.7,479.01,479.44,861853.72
1787126400000,477.79,480.969,477.1,477.79,32674090.69477788
1787127300000,478.15,479.033,478.15,478.625,3764959.53407464
1787128200000,478.625,479.5,478.625,479.25,2619419.38963969
1787129100000,479.25,479.375,478.875,479.332,734550.72761132
1787130000000,479.329,479.329,478.875,478.9,1369707.95721093
1787130900000,478.9,479.5,478.9,479.25,1326925.59169045
1787131800000,479.25,479.25,479.126,479.164,2274886.39481636
1787132700000,479.164,480.0,479.164,479.981,2880569.60398909
1787133600000,480.26,481.063,479.982,480.26,2873139.11015088
1787134500000,480.992,480.999,480.24,480.395,937632.76733102
1787135400000,480.395,480.497,480.001,480.005,1294582.86977406
1787136300000,480.005,480.25,480.002,480.22,889909.01830259
1787137200000,480.2,480.4,478.875,480.2,5560491.12609332
1787138100000,479.66,479.798,479.0,479.71,4182365.20687783
1787139000000,479.499,479.5,478.745,479.129,4847186.16682642
1787139900000,479.128,479.4,479.03,479.155,2559385.544326978
1787140800000,479.152,479.43,478.88,479.2,4574008.7037760895
1787141700000,478.5,479.274,477.962,478.01,4433775.70075765
1787142600000,477.975,478.664,477.975,478.485,7453178.31390977
1787143500000,478.35,479.4,478.281,478.91,7555047.84527242
1787144400000,478.91,479.97,478.655,479.97,10904190.22002062
1787145300000,479.794,481.62,479.59,480.265,21094087.135854684
1787146200000,479.81,484.16,479.62,482.211,53734201.29999999
1787147100000,482.11,482.68,480.385,482.504,12598321.26
1787148000000,482.425,484.31,482.145,483.654,24459336.73
1787148900000,483.865,484.81,481.35,481.794,18541772.18
1787149800000,481.875,482.7,481.802,482.445,8820777.64
1787150700000,482.438,484.31,482.41,484.162,10783082.34
1787151600000,484.09,484.95,483.68,484.35,8415407.77500001
1787152500000,484.316,484.765,483.56,483.872,10479293.81
1787153400000,483.874,486.33,483.65,486.278,11920642.915
1787154300000,486.283,489.19,486.283,488.724,25639223.765
1787155200000,488.68,489.1,488.09,488.508,9539787.385
1787156100000,488.478,488.478,486.935,487.044,9236821.29
1787157000000,486.9,487.02,485.67,485.94,187205545.4739545
1787157900000,485.89,485.944,483.939,484.35,198429787.768343
1787158800000,484.14,484.6,484.123,484.284,5072776.92
1787159700000,484.265,484.265,482.87,483.472,106999004.05533695
1787160600000,483.468,483.785,482.87,483.565,138346002.9925595
1787161500000,483.562,484.165,483.275,483.805,134792084.2918188
1787162400000,483.79,484.635,483.46,484.19,114365507.8880247
1787163300000,484.14,484.31,483.585,484.11,279512139.717867
1787164200000,484.055,484.56,483.74,483.8,113319899.34045938
1787165100000,483.836,484.085,483.403,483.804,112085262.95032588
1787166000000,483.812,484.755,483.77,484.269,120665125.5825158
1787166900000,484.268,484.605,483.708,483.731,180849283.99500498
1787167800000,483.565,484.25,483.01,483.44,543295910.6676338
1787168700000,483.38,484.64,482.965,484.42,733004665.4257336
1787169600000,484.251,484.69,484.234,484.565,2301172916.68308
1787170500000,484.565,484.565,483.651,484.097,2079037.89075228
1787171400000,484.096,484.488,483.811,484.26,6733811.70748253
1787172300000,484.264,484.725,484.224,484.638,28671510.82341488
1787173200000,484.639,484.874,484.491,484.661,5181086.12367489
1787174100000,484.66,484.67,484.1,484.2,5012751.78087083
1787175000000,484.2,484.2,484.0,484.023,877650.43264477
1787175900000,484.029,484.075,483.551,483.785,3137166.1295209783
1787176800000,485.5,485.5,483.781,485.5,3442983.55107291
1787177700000,485.337,485.598,485.077,485.598,27190428.59256722
1787178600000,485.599,485.6,485.35,485.38,1294497.71847237
1787179500000,485.379,485.396,485.2,485.3,694754.29893237
1787180400000,485.3,485.8,485.002,485.4,1167767.91236455
1787181300000,485.51,485.95,485.382,485.95,2442667.03283754
1787182200000,485.786,485.84,485.531,485.534,1097668.23283198
1787183100000,485.519,485.519,484.841,484.842,2249081.26125193
1787184000000,484.839,485.03,483.81,484.28,385129.16
1787184900000,484.49,484.83,484.33,484.72,238397.12
1787185800000,484.71,485.31,484.52,484.97,815405.99
1787186700000,485.02,485.2,484.88,484.99,282280.69
1787187600000,484.87,485.09,484.48,484.48,583615.66
1787188500000,484.46,484.71,484.4,484.4,107079.01
1787189400000,484.51,484.56,484.31,484.39,59590.75
1787190300000,484.49,484.6,484.4,484.6,115311.94
1787191200000,484.44,484.88,484.44,484.51,175469.9
1787192100000,484.62,484.81,484.49,484.5,70276.9
1787193000000,484.51,484.87,484.47,484.79,241821.52
1787193900000,484.81,484.81,484.52,484.56,453554.48
1787194800000,484.64,484.82,484.5,484.68,573824.35
1787195700000,484.65,484.69,484.46,484.52,467618.96
1787196600000,484.53,484.68,484.47,484.53,624586.17
1787197500000,484.42,484.57,484.12,484.34,350205.83
1787198400000,484.18,484.69,484.1,484.68,509225.09
1787199300000,484.64,484.81,484.52,484.54,246208.39
1787200200000,484.51,484.65,484.38,484.46,475310.54
1787201100000,484.3,484.43,484.1,484.15,369002.1
1787202000000,484.22,484.34,483.8,483.8,191690.0
1787202900000,484.13,484.3,484.08,484.24,144798.6
1787203800000,484.25,484.48,484.17,484.47,336667.17
1787204700000,484.52,484.52,483.88,484.32,152493.01
1787205600000,484.36,484.75,484.23,484.41,822239.23
1787206500000,484.38,484.64,484.28,484.53,2083633.27
1787207400000,484.57,484.92,484.55,484.83,1009595.53
1787208300000,484.82,485.14,484.51,484.73,1739025.66
1787209200000,484.73,484.73,483.24,483.36,2965639.16
1787210100000,483.35,483.46,482.72,483.25,2424800.79
1787211000000,483.28,483.64,483.28,483.42,1728797.44
1787211900000,483.75,483.75,483.13,483.13,919782.73
1787212800000,484.826,484.826,481.68,481.68,26727966.8167721
1787213700000,481.68,482.965,481.68,482.785,2671898.93867733
1787214600000,482.785,482.915,482.785,482.915,1425056.58429109
1787215500000,482.915,482.915,482.436,482.575,986244.4437858223
1787216400000,482.575,482.815,482.45,482.73,724468.36330998
1787217300000,482.73,482.78,482.685,482.724,361025.43057666
1787218200000,482.73,483.11,482.73,483.11,685345.06856718
1787219100000,483.11,483.23,483.015,483.015,477971.47094906
1787220000000,483.015,483.849,482.84,483.849,2614662.0016308166
1787220900000,483.85,483.85,483.225,483.79,492028.21075469
1787221800000,483.742,483.742,483.325,483.325,602716.51023653
1787222700000,483.325,483.5,483.325,483.435,831144.29033407
1787223600000,483.71,487.725,483.435,484.65,42208699.71143836
1787224500000,484.24,484.996,484.0,484.05,6674580.23446026
1787225400000,484.192,484.375,484.0,484.0,2261020.97965912
1787226300000,484.01,484.304,483.607,484.08,9010924.4740049
1787227200000,483.66,483.792,482.391,482.69,7510617.24531693
1787228100000,482.4,483.409,482.4,482.472,7193508.954918018
1787229000000,482.471,483.435,482.467,483.4,8071733.026098383
1787229900000,483.1,483.597,482.833,483.09,7197405.28072818
1787230800000,483.29,483.599,483.152,483.29,5634011.31215957
1787231700000,482.83,483.404,481.699,483.04,9206143.60398156
1787232600000,482.41,483.75,479.8,482.95,276009213.6676244
1787233500000,482.93,484.115,480.89,481.421,13601182.675
1787234400000,481.36,483.02,481.15,481.689,13872684.125
1787235300000,481.8,482.795,481.6,482.235,170291322.06209415
1787236200000,482.24,483.0,481.0,481.31,65076020.59384504
1787237100000,481.44,481.79,480.94,481.455,5844254.92999999
1787238000000,481.434,481.785,480.13,480.324,7100915.81
1787238900000,480.302,481.09,479.525,479.835,9990040.38
1787239800000,479.84,481.422,479.81,481.111,7811160.85
1787240700000,481.105,481.564,480.63,480.695,5516041.93
1787241600000,480.715,481.079,480.09,480.09,84902747.59188649
1787242500000,479.99,481.25,479.988,481.23,153924624.0468803
1787243400000,481.33,483.99,480.79,483.985,238722783.75162593
1787244300000,484.01,484.01,481.7,483.091,136939894.77910945
1787245200000,483.093,483.103,481.82,481.942,99824563.65454043
1787246100000,481.942,482.386,481.92,481.981,97056598.50423442
1787247000000,481.984,482.28,481.49,482.067,117652187.08551696
1787247900000,482.34,482.514,481.4,481.4,99029848.49793814
1787248800000,481.39,481.47,480.516,480.64,123231847.1334175
1787249700000,480.73,481.56,480.575,481.55,113252762.0383094
1787250600000,481.483,481.9,481.225,481.892,113430531.75426206
1787251500000,481.889,482.515,481.885,482.126,237165558.1346502
1787252400000,482.123,482.49,481.755,482.092,119399769.44016041
1787253300000,482.15,482.38,481.56,482.05,142008947.3708281
1787254200000,482.11,482.38,481.478,481.865,192102155.99097827
1787255100000,481.77,482.17,480.63,481.22,1353614581.1361847
1787256000000,481.146,481.968,481.049,481.106,2942238516.458402
1787256900000,481.107,481.199,480.8,481.129,2623855.36686774
1787257800000,481.3,481.684,480.992,481.51,2322987.55263446
1787258700000,481.374,481.9,481.138,481.413,1182538.17324176
1787259600000,481.411,481.627,481.202,481.283,502432019.12560254
1787260500000,481.282,481.576,481.126,481.285,1828999.236462517
1787261400000,481.285,481.375,481.23,481.306,1164023.4959781843
1787262300000,481.305,481.375,481.15,481.15,301622187.16369474
1787263200000,481.15,481.395,481.055,481.395,2258400.9271592
1787264100000,481.397,481.399,481.001,481.009,2574566.33718653
1787265000000,481.01,481.215,480.804,481.17,338495.48315203
1787265900000,481.17,481.389,481.055,481.275,418348.49912078
1787266800000,481.275,481.275,481.17,481.223,775973.68291225
1787267700000,481.224,481.375,481.195,481.256,626262.1407357
1787268600000,481.26,481.45,481.227,481.369,625839.0772066
1787269500000,481.353,481.353,481.135,481.135,1563714.4417228524
1787270400000,481.68,481.8,480.34,481.28,402176.05
1787271300000,481.17,481.26,480.88,481.09,519019.36
1787272200000,481.01,481.15,480.77,480.97,587773.89
1787273100000,480.97,481.27,480.78,481.24,465595.28
1787274000000,480.94,481.21,480.89,481.14,411276.42
1787274900000,481.03,481.14,480.9,481.13,237151.2
1787275800000,481.13,481.4,481.12,481.21,118386.33
1787276700000,481.22,481.5,481.15,481.5,376858.64
1787277600000,481.49,481.56,481.3,481.33,115548.73
1787278500000,481.47,481.57,481.22,481.3,390485.93
1787279400000,481.31,481.39,481.1,481.1,63039.2
1787280300000,481.23,481.44,481.14,481.26,131869.02
1787281200000,481.27,481.37,481.09,481.11,112120.28
1787282100000,481.03,481.16,480.96,481.01,100066.7
1787283000000,481.06,481.14,481.0,481.13,100544.46
1787283900000,481.07,481.23,481.07,481.16,118840.98
1787284800000,481.17,481.21,481.09,481.15,34644.49
1787285700000,481.18,481.25,481.07,481.25,118846.59
1787286600000,481.19,481.23,481.14,481.21,34644.5
1787287500000,481.24,481.26,481.04,481.11,328136.27
1787288400000,481.11,481.22,481.04,481.06,173209.21
1787289300000,481.17,481.2,481.0,481.01,230468.38
1787290200000,481.1,481.25,481.0,481.22,204948.55
1787291100000,481.16,481.23,481.03,481.18,120289.37
1787292000000,481.12,481.21,480.99,480.99,207821.08
1787292900000,481.0,481.26,481.0,481.26,455658.07
1787293800000,481.26,481.37,481.23,481.25,313322.81
1787294700000,481.25,481.48,481.25,481.48,136703.97
1787295600000,481.49,481.49,480.87,480.9,1529849.31
1787296500000,480.93,480.95,480.0,480.24,1930579.79
1787297400000,480.24,480.64,480.21,480.39,1214993.16
1787298300000,480.49,480.91,480.23,480.91,851754.21
1787299200000,481.135,481.25,480.6,481.25,12042709.77323935
1787300100000,481.25,481.44,481.25,481.44,1799226.262083921
1787301000000,481.44,481.8,481.302,481.8,547921.06426903
1787301900000,481.8,481.809,481.6,481.75,640762.99011498
1787302800000,481.99,482.91,481.75,481.99,2445024.33816496
1787303700000,482.55,482.89,482.34,482.55,1656250.40150496
1787304600000,482.324,482.34,481.94,482.24,2751044.19137952
1787305500000,482.24,482.24,482.065,482.065,738345.13726077
1787306400000,482.095,482.365,481.5,481.94,2202030.73591315
1787307300000,481.94,481.94,481.82,481.82,1113265.56331189
1787308200000,481.82,482.09,481.82,481.845,513029.84021567
1787309100000,481.829,482.29,481.502,481.61,880128.91388495
1787310000000,481.61,482.505,481.57,482.505,3637631.94115983
1787310900000,482.505,482.537,482.186,482.375,1940124.66869632
1787311800000,482.383,482.48,481.8,482.156,2729492.84419677
1787312700000,482.154,482.26,481.606,481.803,2466714.747676835
1787313600000,481.5,481.805,481.5,481.5,914036.67744763
1787314500000,481.805,482.2,481.725,481.847,1702273.58582479
1787315400000,481.851,482.77,481.851,482.77,1713920.59023874
1787316300000,482.77,482.778,482.202,482.499,3095749.01369449
1787317200000,482.5,482.5,481.815,481.815,3850745.93026748
1787318100000,481.83,483.44,480.853,483.44,15175538.14609011
1787319000000,480.575,484.535,478.92,482.0,1675832931.303763
1787319900000,482.03,482.56,480.755,481.81,195071621.0143432
1787320800000,481.83,484.81,481.83,484.783,389727998.6148547
1787321700000,484.802,485.43,482.28,483.338,342838643.28549093
1787322600000,483.31,483.68,481.123,483.4,284207990.9170523
1787323500000,483.49,485.148,483.13,485.14,327513022.8921258
1787324400000,485.24,486.36,484.11,484.33,311173468.024788
1787325300000,484.352,484.892,483.57,483.856,182241296.2244888
1787326200000,483.856,485.32,483.68,485.17,254766190.23085895
1787327100000,485.155,485.753,484.94,485.43,370238775.0648144
1787328000000,485.28,485.478,483.99,484.39,148076595.75254175
1787328900000,484.4,484.89,483.99,484.23,97690928.35915096
1787329800000,484.24,484.354,483.232,483.526,128344074.7613591
1787330700000,483.531,484.825,483.083,484.704,505444388.43948907
1787331600000,484.93,484.94,484.128,484.27,142567049.36657506
1787332500000,484.29,484.6,483.68,484.43,359187938.0980346
1787333400000,484.09,484.238,482.59,482.85,976816508.6138568
1787334300000,481.393,481.393,481.393,481.393,147005209.51446533
1787335200000,481.388,481.62,480.96,481.334,184926784.8051232
1787336100000,481.33,481.59,480.765,481.25,105031390.60195734
1787337000000,481.2,482.18,480.86,482.115,121584771.12576976
1787337900000,482.13,482.805,481.97,482.78,165601456.83887303
1787338800000,482.753,483.36,482.699,483.355,334421706.1759011
1787339700000,483.356,483.45,482.5,483.015,206235525.93067116
1787340600000,482.96,484.025,482.949,484.025,179844359.0056834
1787341500000,484.0,484.33,482.785,483.32,554691185.096222
1787342400000,483.313,483.36,482.5,482.5,2044017336.4497497
1787343300000,482.5,482.825,482.5,482.795,3778320.58400091
1787344200000,482.795,482.814,482.491,482.769,38042449.03659476
1787345100000,482.741,482.769,482.346,482.43,234953398.66392398
1787346000000,482.43,482.76,482.401,482.401,357789.35324667
1787346900000,482.401,482.793,482.4,482.46,2082402.17164388
1787347800000,482.46,482.695,482.46,482.497,300918571.610294
1787348700000,482.496,482.894,482.495,482.894,2316259.1167253735
1787349600000,482.894,482.925,482.81,482.925,991641.37204902
1787350500000,482.925,483.103,482.92,482.963,678610.40379639
1787351400000,482.955,483.12,482.92,483.12,4612114.51188668
1787352300000,483.16,483.195,483.12,483.16,892159.70455171
1787353200000,483.14,483.14,482.922,483.05,474262.0442959
1787354100000,483.05,483.17,482.965,483.044,1348010.13145319
1787355000000,483.045,483.294,482.966,483.18,526490.0249931
1787355900000,483.178,483.69,483.075,483.69,1181648.2620901
1787356800000,483.692,483.698,483.692,483.698,0.0
1787362200000,483.56,483.56,483.01,483.01,413.274741
1787364900000,483.23,483.23,483.23,483.23,10.727706
1787365800000,483.23,483.4,482.88,482.88,577.48321
1787368500000,482.85,482.85,482.85,482.85,12.505815
1787377500000,483.49,483.49,483.49,483.49,39.936274
1787379300000,482.85,482.85,482.79,482.82,115.347339
1787384700000,483.51,483.51,483.51,483.51,19.968963
1787386500000,483.51,483.65,482.82,482.82,29.908662
1787394600000,482.79,482.79,482.7,482.7,480.901215
1787395500000,482.69,482.69,482.69,482.69,108.026022
1787400000000,482.58,482.58,482.58,482.58,202.92489
1787403600000,482.56,482.56,482.56,482.56,17.275648
1787405400000,482.65,482.65,482.65,482.65,26.980135
1787407200000,482.65,482.65,482.65,482.65,32.964995
1787412600000,482.65,482.65,482.65,482.65,10.956155
1787413500000,482.65,482.65,482.65,482.65,24.953005
1787414400000,482.65,482.65,482.65,482.65,10.956155
1787418900000,482.65,482.65,482.65,482.65,10.956155
1787419800000,482.65,482.65,482.56,482.56,84.936149
1787420700000,482.84,482.84,482.84,482.84,19.989576
1787426100000,482.5,482.5,482.5,482.5,10.95275
1787427000000,482.84,482.98,481.44,481.44,1179.32963
1787427900000,481.95,482.09,481.42,481.42,221.909832
1787428800000,481.73,481.99,481.39,481.39,124.784149
1787443200000,481.69,481.69,481.69,481.69,25.625908
1787456700000,481.68,481.68,481.68,481.68,19.98972
1787466600000,481.68,482.91,481.68,482.58,1025.095456
1787467500000,482.96,483.29,482.47,482.47,708.631325
1787472000000,482.59,482.59,482.59,482.59,100.957828
1787475600000,482.89,482.89,482.64,482.64,47.938577
1787476500000,482.89,482.89,482.48,482.48,49.760211
1787478300000,482.89,482.89,482.46,482.46,21.865269
1787482800000,482.89,482.89,482.46,482.89,42.820862
1787483700000,482.46,482.46,482.46,482.46,964.92
1787484600000,482.8,482.8,482.8,482.8,230.537
1787488200000,483.09,483.09,483.09,483.09,144.927
1787490900000,483.09,483.25,482.41,483.25,252.987528
1787491800000,483.25,483.25,482.41,482.41,31.335709
1787492700000,483.25,483.25,483.25,483.25,19.958225
1787499000000,482.41,483.4,482.41,482.41,506.029009
1787499900000,483.21,483.21,483.21,483.21,42.764085
1787501700000,483.21,484.62,483.21,484.32,3368.056172
1787503500000,484.65,484.65,484.32,484.32,120.733662
1787504400000,484.71,485.11,484.71,485.11,3649.436325
1787509800000,485.12,485.17,485.03,485.17,313.01289
1787515200000,485.2,485.2,485.2,485.2,521.3474
1787521500000,485.03,485.03,485.03,485.03,65.236535
1787527800000,485.22,485.22,485.22,485.22,19.991064
1787528700000,485.22,485.53,485.22,485.53,3131.441866
1787529600000,484.11,484.32,482.88,483.38,1401278.4
1787530500000,483.1,483.1,482.19,482.29,1209283.14
1787531400000,482.49,482.69,482.29,482.69,279824.23
1787532300000,482.79,483.22,482.66,482.91,121175.18
1787533200000,483.1,483.38,483.1,483.35,158501.27
1787534100000,483.36,483.51,483.15,483.37,786945.77
1787535000000,483.35,483.73,483.12,483.66,598192.58
1787535900000,483.67,483.72,483.41,483.41,172174.29
1787536800000,483.23,483.44,482.99,483.44,410730.88
1787537700000,483.51,483.72,483.42,483.72,153272.89
1787538600000,483.64,483.69,483.46,483.69,95746.97
1787539500000,483.68,484.03,483.61,483.96,369633.3
1787540400000,483.78,483.78,483.5,483.5,16926.48
1787541300000,483.48,483.73,483.44,483.7,395533.77
1787542200000,483.68,483.87,483.52,483.53,333745.76
1787543100000,483.59,483.59,483.07,483.15,1692803.74
1787544000000,483.2,483.5,483.13,483.23,298663.14
1787544900000,483.22,483.32,483.12,483.23,89877.5
1787545800000,483.21,483.32,483.12,483.25,112578.5
1787546700000,483.25,483.26,483.1,483.26,180731.45
1787547600000,483.26,483.55,483.26,483.38,566633.18
1787548500000,483.26,483.37,483.21,483.22,142076.73
1787549400000,483.23,483.38,482.99,483.24,762427.27
1787550300000,483.2,483.2,483.01,483.14,146843.21
1787551200000,483.08,483.29,482.8,483.05,2759523.73
1787552100000,483.06,483.27,482.51,482.51,1195474.54
1787553000000,482.94,483.78,482.8,483.58,2572435.98
1787553900000,483.64,484.19,483.64,483.9,2135173.39
1787554800000,484.03,484.17,483.61,483.61,1155451.47
1787555700000,483.62,483.87,483.54,483.78,650680.17
1787556600000,483.74,483.77,483.47,483.48,708396.63
1787557500000,483.5,484.94,483.44,484.94,2636095.86
1787558400000,483.699,484.698,483.658,484.265,26154763.819945212
1787559300000,484.12,484.468,483.907,484.12,1449315.58305871
1787560200000,484.313,484.5,484.215,484.5,761823.60969574
1787561100000,484.5,484.5,484.269,484.495,953921.17276045
1787562000000,484.42,484.42,483.7,484.15,2192094.03631271
1787562900000,484.15,484.15,483.575,483.575,693244.1099347
1787563800000,483.575,484.263,483.575,484.192,493941.8173698
1787564700000,484.185,484.185,483.335,483.335,1273599.7674623
1787565600000,483.335,483.34,483.245,483.34,1156077.80950376
1787566500000,483.34,483.5,483.34,483.365,1818811.6095127347
1787567400000,483.365,483.699,483.365,483.696,384023.48974469
1787568300000,483.695,483.695,482.56,482.625,1796274.06307921
1787569200000,482.625,483.475,482.625,483.04,5538861.99514895
1787570100000,483.041,483.2,482.668,483.199,1253224.85737485
1787571000000,483.2,483.826,483.2,483.6,2454243.17225828
1787571900000,483.6,483.625,482.993,483.021,2243193.44231412
1787572800000,483.02,483.193,482.845,483.188,3748776.50584992
1787573700000,483.184,483.665,483.165,483.555,3184902.16107463
1787574600000,483.556,483.645,482.717,483.21,2261089.61429933
1787575500000,483.221,483.237,482.413,482.53,6553732.50942737
1787576400000,482.53,483.216,482.53,483.11,6400438.550635338
1787577300000,483.28,483.396,482.4,483.28,6591580.37444243
1787578200000,483.22,486.96,481.9,484.02,499676031.86975247
1787579100000,483.95,486.93,482.97,486.69,291203835.707565
1787580000000,486.92,487.865,484.7,486.446,451205443.56061476
1787580900000,486.37,486.5,485.115,485.58,189071075.76597774
1787581800000,485.51,488.158,485.28,487.03,271431368.8307536
1787582700000,487.06,488.71,486.835,488.3,218901847.53922182
1787583600000,488.279,489.47,486.6,488.108,365486207.37920594
1787584500000,488.109,489.51,487.21,489.409,265917283.19480315
1787585400000,489.28,489.393,488.45,489.17,172694859.05577213
1787586300000,489.15,489.86,488.5,489.38,493590669.423357
1787587200000,489.34,490.55,488.59,488.775,196755283.48429266
1787588100000,488.772,489.16,488.56,489.107,155133002.93302646
1787589000000,489.15,489.35,488.745,489.05,114195924.12322582
1787589900000,489.03,489.259,488.56,488.985,128982453.39725457
1787590800000,488.89,489.51,487.8,489.28,134016983.6680047
1787591700000,489.26,489.67,488.42,488.819,213235933.5418023
1787592600000,488.816,488.95,487.77,487.924,156403227.39340866
1787593500000,487.98,488.19,487.39,487.918,151529394.6978521
1787594400000,487.94,488.283,487.29,487.565,99086318.77277085
1787595300000,487.68,488.72,487.51,488.595,117856213.38692579
1787596200000,488.61,488.91,487.502,487.66,110882268.41059995
1787597100000,487.69,488.415,487.62,487.916,154062756.62077108
1787598000000,487.92,488.465,487.38,488.45,126907408.54725288
1787598900000,488.49,489.15,488.325,488.765,165082821.52280346
1787599800000,488.72,489.075,488.19,488.66,178713798.10459024
1787600700000,488.6,489.01,487.27,487.362,608821285.6588403
1787601600000,487.358,487.422,486.776,486.959,2009625894.9349325
1787602500000,486.959,487.209,486.956,487.035,2390047.665591722
1787603400000,487.035,487.54,487.035,487.54,1887672.92722297
1787604300000,487.44,488.001,487.4,487.44,526205687.55978584
1787605200000,487.62,487.945,487.3,487.49,17659146.37729123
1787606100000,487.455,487.977,486.955,487.419,7754478.58893396
1787607000000,487.422,487.473,487.222,487.4,197975575.05169508
1787607900000,487.4,487.434,487.325,487.407,401814.84403556
1787608800000,487.4,487.955,487.4,487.51,2547099.47615541
1787609700000,487.764,487.765,487.546,487.59,612555.42299375
1787610600000,487.59,487.59,487.4,487.4,413604.5463884528
1787611500000,487.4,487.54,487.4,487.54,379678.08093563
1787612400000,487.45,487.525,487.432,487.45,631946.52520999
1787613300000,487.45,487.615,487.45,487.615,1326275.25348067
1787614200000,487.29,487.615,486.876,487.29,2805469.2689982
1787615100000,486.954,487.546,486.879,487.289,585162.17376064
1787616000000,487.1,487.46,486.75,486.99,277263.91
1787616900000,486.99,487.24,486.58,487.24,641742.19
1787617800000,487.25,487.29,487.03,487.29,44338.05
1787618700000,487.28,487.29,486.81,487.07,407069.33
1787619600000,487.21,487.25,487.08,487.1,115950.73
1787620500000,487.18,487.44,486.79,486.81,609923.33
1787621400000,487.21,487.38,486.83,487.24,142252.04
1787622300000,487.23,487.23,487.08,487.13,7307.53
1787623200000,487.07,487.3,486.81,486.81,178727.98
1787624100000,486.84,486.95,486.76,486.78,49171.27
1787625000000,486.81,487.08,486.55,486.89,919685.28
1787625900000,486.71,486.91,486.49,486.69,386920.74
1787626800000,486.69,487.0,486.6,486.98,708789.86
1787627700000,486.98,487.3,486.97,487.2,63323.36
1787628600000,487.22,487.39,487.12,487.27,74541.85
1787629500000,487.31,487.31,487.18,487.18,102797.41
1787630400000,487.21,487.3,487.19,487.28,54574.65
1787631300000,487.28,487.31,487.16,487.28,243611.09
1787632200000,487.28,487.31,487.11,487.11,470640.09
1787633100000,487.09,487.15,487.0,487.0,68190.51
1787634000000,487.01,487.45,486.86,486.86,589024.97
1787634900000,486.85,486.98,486.77,486.77,122202.28
1787635800000,486.81,486.81,486.3,486.3,542962.36
1787636700000,486.15,486.54,486.15,486.29,209167.02
1787637600000,486.5,486.69,486.45,486.45,547338.74
1787638500000,486.45,486.63,486.45,486.59,120183.03
1787639400000,486.44,486.88,486.42,486.79,2793266.68
1787640300000,486.72,486.99,486.59,486.99,275982.72
1787641200000,486.97,487.0,486.21,486.21,852403.64
1787642100000,486.41,486.52,486.01,486.18,407452.18
1787643000000,486.03,486.18,485.88,485.9,239114.82
1787643900000,485.9,486.17,485.76,486.1,295970.55
1787644800000,486.16,487.29,485.651,486.16,12389689.30025323
1787645700000,486.16,486.815,485.8,486.45,954795.25968813
1787646600000,486.442,486.442,486.05,486.05,1699563.8097897824
1787647500000,486.05,486.498,485.853,486.365,1918742.20159474
1787648400000,486.65,486.65,486.365,486.65,1262389.85587585
1787649300000,486.41,486.6,486.365,486.41,484994.30568114
1787650200000,486.365,486.885,486.365,486.65,1247373.73432563
1787651100000,486.65,486.944,486.602,486.823,968317.2342526556
1787652000000,486.819,486.819,486.245,486.245,1184290.99650364
1787652900000,486.245,486.245,485.842,485.842,322661.92819111
1787653800000,485.841,486.628,485.84,486.585,799116.59384772
1787654700000,486.585,486.585,486.435,486.585,654987.97853378
1787655600000,486.585,486.781,486.311,486.357,5316935.6479941765
1787656500000,486.1,486.501,486.076,486.09,4386721.56040139
1787657400000,486.175,486.467,485.795,486.091,1664714.18652031
1787658300000,485.92,486.2,484.689,484.99,14148365.5786253
1787659200000,484.3,485.35,484.29,484.29,542676010.2913384
1787660100000,484.979,485.518,484.455,484.679,4459277.22251792
1787661000000,484.59,484.937,484.372,484.59,6234458.1648929
1787661900000,484.19,484.45,484.147,484.19,3285723.37003938
1787662800000,484.24,484.589,484.141,484.24,32193507.27578966
1787663700000,484.204,486.108,483.851,485.584,260133102.72748885
1787664600000,484.99,488.75,484.435,488.55,529119585.5899481
1787665500000,488.795,490.15,486.79,487.62,319553069.0492305
1787666400000,487.62,488.43,485.73,487.295,245277395.44257972
1787667300000,487.29,487.97,486.28,486.97,140791450.47358558
1787668200000,486.997,487.877,486.1,487.454,205911133.83948147
1787669100000,487.375,489.64,487.265,489.315,207723170.37834007
1787670000000,489.29,490.39,488.452,489.32,486927436.023661
1787670900000,489.33,490.35,488.752,489.385,133601160.74605556
1787671800000,489.41,489.672,488.5,489.656,256862451.76226053
1787672700000,489.59,489.641,488.69,489.173,131137941.2564488
1787673600000,489.32,489.515,488.982,489.3,71514087.77136694
1787674500000,489.28,489.624,488.954,489.55,77108191.56685796
1787675400000,489.55,489.88,489.297,489.33,77085571.58184785
1787676300000,489.31,489.72,488.675,489.691,109269376.33730018
1787677200000,489.686,490.14,489.19,489.989,202203470.11298034
1787678100000,489.78,490.745,489.762,489.92,220405544.23618093
1787679000000,489.875,490.25,489.235,489.93,585093844.8914993
1787679900000,490.035,490.17,489.68,489.88,85742784.85502146
1787680800000,489.843,491.515,489.53,489.879,280584258.33487344
1787681700000,489.857,490.09,489.39,489.955,245391368.5641059
1787682600000,489.98,490.372,489.71,490.24,101558598.55478719
1787683500000,490.4,490.865,490.275,490.59,92009096.5565838
1787684400000,490.58,490.67,490.11,490.39,100038127.29376814
1787685300000,490.4,490.52,490.01,490.17,133268420.26495588
1787686200000,490.17,491.13,490.09,490.264,206143556.0181219
1787687100000,490.21,492.37,490.21,491.54,654937667.5210342
1787688000000,490.67,491.75,490.281,490.8,2751178259.4965196
1787688900000,490.678,491.225,490.655,491.0,52535702.40829372
1787689800000,491.0,491.098,490.31,490.625,1312304.25394308
1787690700000,490.625,490.915,490.521,490.915,126517870.3338232
1787691600000,490.89,491.0,490.63,490.89,5101168.77841143
1787692500000,490.915,491.214,490.882,491.19,1585561.10612636
1787693400000,491.138,491.138,490.705,490.705,160892795.90516543
1787694300000,490.73,490.76,490.615,490.73,682323.64735856
1787695200000,490.75,490.889,490.6,490.76,7302167.032269031
1787696100000,490.76,490.934,490.751,490.899,569948.18424316
1787697000000,490.896,491.211,490.885,490.939,1921434.13177309
1787697900000,490.939,490.94,490.704,490.94,470218.72531958
1787698800000,490.61,490.94,490.61,490.61,840201.6127249
1787699700000,490.73,490.73,490.111,490.2,2917057.698820106
1787700600000,490.01,490.2,489.8,490.01,1395802.51146552
1787701500000,489.61,490.323,489.328,489.61,2987086.43337204
1787702400000,489.82,489.82,488.65,489.23,452692.48
1787703300000,489.6,489.63,488.99,489.23,506357.99
1787704200000,489.05,489.14,488.44,489.03,343141.45
1787705100000,489.05,489.05,488.53,488.66,229710.63
1787706000000,488.65,488.97,488.33,488.33,562891.3
1787706900000,488.28,488.56,487.99,488.21,829817.39
1787707800000,488.49,488.95,488.09,488.91,707426.44
1787708700000,488.6,488.78,488.45,488.77,107502.3
1787709600000,488.76,488.77,488.51,488.7,49848.16
1787710500000,488.76,488.86,488.61,488.7,113388.23
1787711400000,488.73,489.48,488.64,489.48,248925.3
1787712300000,489.5,489.84,489.48,489.67,206137.22
1787713200000,489.67,489.71,489.47,489.65,103294.01
1787714100000,489.67,489.72,489.53,489.53,83726.51
1787715000000,489.57,489.74,489.52,489.74,39169.08
1787715900000,489.72,490.1,489.68,490.1,128853.71
1787716800000,490.04,490.58,490.02,490.35,275108.0
1787717700000,490.37,490.77,490.36,490.37,189319.32
1787718600000,490.26,490.26,489.95,490.12,41659.55
1787719500000,490.0,490.0,489.51,489.68,29869.58
1787720400000,489.64,490.11,489.64,489.79,162615.8
1787721300000,489.78,490.09,489.78,489.79,96019.46
1787722200000,490.0,490.13,489.77,489.77,194039.33
1787723100000,489.91,490.15,489.78,489.78,649645.54
1787724000000,489.77,489.78,489.59,489.66,87162.47
1787724900000,489.77,489.95,489.73,489.95,129317.18
1787725800000,489.74,490.46,489.73,490.46,492509.07
1787726700000,490.26,490.7,490.02,490.31,176071.78
1787727600000,490.3,490.3,489.32,489.51,1021667.36
1787728500000,489.48,489.49,488.64,488.84,729102.12
1787729400000,488.76,488.96,488.62,488.81,704370.85
1787730300000,488.85,489.25,488.73,489.25,473822.49
1787731200000,489.663,489.663,487.546,487.76,12816784.95021103
1787732100000,487.76,488.67,487.664,487.664,1711255.96946077
1787733000000,487.667,488.443,487.667,488.138,560687.68017584
1787733900000,488.141,488.433,487.825,488.26,767032.60180726
1787734800000,488.26,488.309,488.01,488.06,392666.75850061
1787735700000,488.06,488.26,487.76,487.76,243885.59374498
1787736600000,487.76,487.76,487.76,487.76,515921.83862856
1787737500000,487.76,488.245,487.76,488.245,1033710.23400389
1787738400000,488.245,488.245,487.741,487.741,1128481.19611902
1787739300000,487.74,488.04,487.74,488.04,760577.6738434
1787740200000,488.04,488.189,487.86,488.06,566373.4528073
1787741100000,488.06,488.161,487.971,488.04,3107046.91792872
1787742000000,488.57,488.623,487.832,488.62,5893230.83009251
1787742900000,488.272,488.449,488.2,488.23,1589569.06624628
1787743800000,488.23,488.576,487.82,488.349,2374521.70478942
1787744700000,488.349,488.35,487.785,487.905,4196791.943738066
1787745600000,488.01,488.713,487.856,487.99,1453095259.5123734
1787746500000,488.471,489.184,488.26,489.007,3660993.46184668
1787747400000,489.016,489.059,488.284,488.284,4022396.41700358
1787748300000,488.5,488.692,488.163,488.5,4090453.91509306
1787749200000,488.207,488.45,487.765,487.925,8996338.74832783
1787750100000,488.0,488.47,487.276,487.72,9281538.63166253
1787751000000,487.865,495.15,487.56,494.75,650912954.7147353
1787751900000,494.93,497.085,494.2,495.175,385766532.1040004
1787752800000,495.16,495.75,494.71,495.31,324363712.3072463
1787753700000,495.298,496.74,492.94,493.654,505870714.7773938
1787754600000,493.78,494.4,493.4,494.33,177607220.34000924
1787755500000,494.26,495.592,494.04,495.23,202759914.41001788
1787756400000,495.19,495.44,494.62,495.17,161947676.04256412
1787757300000,495.175,495.58,494.738,495.02,347118910.24442416
1787758200000,495.0,495.422,494.645,495.317,291669577.9958391
1787759100000,495.285,495.52,493.95,493.995,200886120.57643172
1787760000000,494.05,494.87,493.945,494.38,166675264.6306956
1787760900000,494.38,494.56,493.81,493.875,109987051.30831125
1787761800000,493.884,494.355,493.57,493.955,164035628.7888995
1787762700000,493.951,494.41,493.799,494.131,173829525.83945224
1787763600000,494.05,494.36,493.79,494.1,92882154.65756695
1787764500000,494.1,494.725,494.09,494.72,116556945.58538002
1787765400000,494.69,495.03,494.28,494.43,95455737.05205521
1787766300000,494.49,494.619,493.637,494.36,118266526.54828174
1787767200000,494.323,494.76,494.21,494.351,110450891.90543146
1787768100000,494.345,494.781,494.26,494.27,108105824.1343967
1787769000000,494.32,494.63,493.91,494.24,132131234.79521678
1787769900000,494.29,494.91,494.21,494.86,124617726.6846103
1787770800000,494.875,496.018,494.846,495.89,174796112.79369885
1787771700000,495.896,496.59,495.64,496.121,212587128.19252324
1787772600000,496.13,496.686,495.83,496.65,198140467.56083107
1787773500000,496.7,497.39,496.085,496.36,647518673.2622982
1787774400000,496.08,498.065,495.855,498.0,2787501649.999325
1787775300000,497.92,498.76,497.257,497.36,21861416.58574728
1787776200000,497.378,498.198,497.378,497.505,24245333.581640482
1787777100000,497.5,497.775,497.38,497.5,12912817.3186873
1787778000000,496.14,497.665,494.799,496.7,22961948.17078146
1787778900000,496.72,497.238,496.314,496.72,12651677.53470013
1787779800000,496.688,496.824,495.518,495.891,9135328.78457518
1787780700000,495.892,495.895,495.33,495.597,307327707.055048
1787781600000,495.17,496.6,493.99,493.99,5319700.59903004
1787782500000,496.61,497.234,496.259,496.61,9190741.73030691
1787783400000,496.93,496.976,496.6,496.93,1475415.31949742
1787784300000,496.6,496.728,496.092,496.175,1332802.08274563
1787785200000,496.172,496.375,496.0,496.3,1595690.4715686154
1787786100000,496.3,496.402,495.972,496.2,1436056.35025114
1787787000000,496.1,496.229,495.962,496.1,1822052.4348659
1787787900000,496.08,496.115,495.75,495.964,5604432.66193805
1787788800000,495.64,496.49,494.81,495.37,689396.98
1787789700000,495.45,495.48,494.87,495.01,569918.26
1787790600000,494.97,495.06,493.44,493.44,2191226.01
1787791500000,493.53,493.99,492.89,493.2,677635.83
1787792400000,493.34,493.47,492.82,492.84,1186305.21
1787793300000,492.85,493.25,492.56,493.22,517098.56
1787794200000,493.19,493.23,491.4,491.4,1781656.83
1787795100000,491.77,492.27,491.48,491.83,1380827.77
1787796000000,491.83,492.18,491.49,492.18,972714.35
1787796900000,492.14,492.44,491.92,492.44,179124.52
1787797800000,492.24,492.4,492.01,492.01,226418.52
1787798700000,492.25,492.5,492.09,492.09,267841.03
1787799600000,492.34,492.64,492.1,492.28,253595.82
1787800500000,492.36,492.51,492.2,492.49,148211.67
1787801400000,492.52,493.05,492.46,492.83,424302.4
1787802300000,492.85,493.13,492.66,492.86,657497.69
1787803200000,492.84,492.96,492.67,492.69,612516.18
1787804100000,492.69,492.86,492.39,492.39,986244.27
1787805000000,492.4,492.46,492.01,492.13,649154.58
1787805900000,492.18,492.46,492.09,492.1,191965.24
1787806800000,492.09,492.94,492.09,492.15,887685.35
1787807700000,492.16,492.56,491.99,491.99,1134393.11
1787808600000,492.01,492.07,491.52,491.57,748547.55
1787809500000,491.71,491.99,491.19,491.19,2713043.65
1787810400000,491.5,491.98,490.88,491.5,1986757.22
1787811300000,491.54,492.0,491.3,491.72,657650.56
1787812200000,491.72,492.01,491.72,492.0,940588.39
1787813100000,491.97,492.16,491.73,492.07,403478.47
1787814000000,491.99,492.2,491.8,492.2,671623.38
1787814900000,492.18,492.35,492.0,492.35,1095150.99
1787815800000,492.04,492.37,491.93,492.1,835742.35
1787816700000,491.84,492.48,491.8,492.48,724536.36
1787817600000,495.969,495.97,491.475,491.911,28063180.12291788
1787818500000,491.84,491.92,491.18,491.21,6175649.4375975
1787819400000,491.73,491.799,491.345,491.73,2678880.72947602
1787820300000,490.81,491.4,490.152,490.81,6258479.99894194
1787821200000,490.31,491.225,490.31,491.225,2760132.24604399
1787822100000,491.225,491.225,490.64,491.225,15504055.54826893
1787823000000,491.49,491.595,491.06,491.49,3562148.50652236
1787823900000,491.05,491.654,491.0,491.65,2735402.15960927
1787824800000,491.65,491.759,490.971,491.051,5285432.0703609
1787825700000,491.078,491.687,491.078,491.345,1223328.96487171
1787826600000,491.345,491.815,491.09,491.769,4617393.950181626
1787827500000,491.77,491.77,491.355,491.66,2062893.06623449
1787828400000,492.0,492.755,491.66,491.99,16617269.11518978
1787829300000,492.98,492.98,492.326,492.98,9097576.08003548
1787830200000,492.19,492.75,492.092,492.2,4490768.43395067
1787831100000,492.09,492.399,491.825,492.1,4684426.75836427
1787832000000,492.46,492.807,492.231,492.46,5225797.09552287
1787832900000,492.49,492.684,491.645,492.09,88289935.90091686
1787833800000,491.931,492.494,491.763,492.139,12657843.44418236
1787834700000,492.143,493.145,491.916,492.631,1007587604.0086937
1787835600000,492.98,493.48,492.58,493.48,9494255.65834983
1787836500000,493.24,495.189,493.076,495.1,15248056.27477759
1787837400000,494.69,497.0,490.12,495.555,720190468.1200801
1787838300000,495.97,499.895,495.41,499.27,558173146.503585
1787839200000,499.14,504.035,498.6,503.454,782103565.8839419
1787840100000,504.01,505.49,503.46,505.115,669049218.1455964
1787841000000,505.02,505.34,502.72,504.5,602800786.5713645
1787841900000,504.49,505.05,502.535,502.73,363577543.0083214
1787842800000,502.745,503.765,502.275,502.933,470402324.54537094
1787843700000,503.015,503.595,499.96,500.275,415372905.71862864
1787844600000,500.279,500.78,498.065,498.945,395498128.9941925
1787845500000,498.92,499.86,498.2,499.415,143876619.14154997
1787846400000,499.45,501.019,498.685,500.935,184857968.91687974
1787847300000,501.021,502.56,501.021,502.351,326981320.9332794
1787848200000,502.353,504.63,502.353,504.106,284837525.8175328
1787849100000,504.145,504.555,503.485,504.1,182554280.7559877
1787850000000,504.11,504.63,504.014,504.54,204536566.85740033
1787850900000,504.535,504.69,503.32,503.32,173938343.75097972
1787851800000,503.4,505.89,503.31,505.81,524550828.32473207
1787852700000,505.87,505.94,503.85,504.17,279746286.51257277
1787853600000,504.172,504.44,501.457,501.54,192155966.96692494
1787854500000,501.535,503.0,501.401,502.455,205031629.23846975
1787855400000,502.58,503.06,502.06,502.265,163607722.9417447
1787856300000,502.255,504.55,502.224,504.45,220218568.17080957
1787857200000,504.442,505.57,504.265,505.37,361484482.9115374
1787858100000,505.32,506.41,505.08,505.5,387042347.97697294
1787859000000,505.47,506.2,504.635,505.185,328981873.90110797
1787859900000,505.25,506.04,504.505,504.979,1036661016.6578892
1787860800000,504.97,505.841,504.196,504.498,4547481761.78658
1787861700000,504.499,504.501,503.593,503.735,35436524.90046391
1787862600000,503.735,504.199,503.708,503.8,5925719.5279622255
1787863500000,503.51,503.818,503.32,503.51,616327355.4006062
1787864400000,503.32,503.665,503.18,503.354,2607815.86568064
1787865300000,503.353,503.475,503.13,503.269,4598511.68076377
1787866200000,503.4,503.75,503.181,503.63,2875627.2265991
1787867100000,503.73,503.73,503.295,503.469,5853586.4526563
1787868000000,503.469,503.608,503.201,503.548,1853916.35678294
1787868900000,503.556,503.658,503.3,503.493,984723.06188268
1787869800000,503.49,503.719,503.415,503.49,5102563.86042279
1787870700000,503.505,503.624,503.345,503.54,15155231.232691512
1787871600000,503.54,503.728,503.475,503.544,1576961.67052137
1787872500000,503.538,503.6,503.452,503.515,898023.29412053
1787873400000,503.515,503.539,503.4,503.49,684090.69694962
1787874300000,503.49,503.49,503.01,503.19,1742861.85478594
1787875200000,503.42,504.11,502.78,503.99,625485.18
1787876100000,503.99,504.17,503.86,504.09,155752.49
1787877000000,503.9,503.97,503.6,503.8,384390.42
1787877900000,503.81,503.93,503.56,503.72,264962.56
1787878800000,503.71,504.49,503.62,504.29,478417.18
1787879700000,504.27,504.49,504.24,504.38,184097.67
1787880600000,504.29,504.5,504.21,504.24,63040.69
1787881500000,504.26,504.73,504.24,504.58,448482.28
1787882400000,504.71,504.9,504.54,504.77,304907.88
1787883300000,504.76,505.07,504.75,504.84,506994.67
1787884200000,504.79,504.85,504.49,504.49,118609.91
1787885100000,504.6,504.77,504.07,504.59,321362.7
1787886000000,504.51,504.92,504.04,504.43,667053.72
1787886900000,504.72,505.12,504.72,505.11,326151.5
1787887800000,505.1,505.11,504.5,504.55,298380.02
1787888700000,504.55,504.68,504.45,504.61,272463.08
1787889600000,504.54,504.6,504.3,504.6,74660.64
1787890500000,504.46,504.58,504.45,504.58,50446.11
1787891400000,504.57,504.57,504.41,504.41,60033.47
1787892300000,504.48,504.53,504.4,504.53,77183.4
1787893200000,504.48,504.49,504.07,504.16,140188.72
1787894100000,504.12,504.26,504.08,504.2,226865.48
1787895000000,504.21,504.37,503.81,503.99,753585.4
1787895900000,503.99,504.25,503.75,503.75,571514.48
1787896800000,503.8,503.98,503.74,503.94,312383.04
1787897700000,503.89,503.96,503.68,503.81,289694.36
1787898600000,503.8,504.22,503.76,504.04,713686.05
1787899500000,504.07,504.1,503.49,503.85,1791746.86
1787900400000,503.93,504.49,503.8,504.22,2259229.66
1787901300000,504.24,504.43,504.21,504.37,937010.76
1787902200000,504.37,504.43,504.2,504.39,326823.09
1787903100000,504.35,504.84,504.23,504.23,488447.66
1787904000000,504.16,504.795,503.087,504.68,13981962.28066449
1787904900000,504.52,504.52,504.225,504.41,2494920.9204503014
1787905800000,504.382,504.41,504.175,504.296,939696.96396326
1787906700000,504.295,504.539,504.275,504.39,657133.86087585
1787907600000,504.35,504.535,504.325,504.35,974246.08605612
1787908500000,504.42,504.535,504.357,504.42,1759433.93626785
1787909400000,504.4,504.4,503.926,503.926,1280940.52546231
1787910300000,504.01,504.105,503.88,504.01,2052608.38490125
1787911200000,503.88,503.88,503.475,503.605,1838709.7884462
1787912100000,503.619,503.69,503.52,503.52,1001074.76772848
1787913000000,503.52,503.719,503.24,503.24,4693265.959315766
1787913900000,503.24,503.55,502.556,503.061,2197715.15315572
1787914800000,502.96,503.34,502.82,502.99,2883998.08581821
1787915700000,503.27,503.734,503.27,503.715,3076225.14585231
1787916600000,503.717,504.215,503.717,504.136,2648027.39944115
1787917500000,504.136,504.323,503.665,504.247,10616024.239220534
1787918400000,504.27,505.076,504.224,505.0,7473666.92682634
1787919300000,505.077,505.791,505.077,505.526,3434044.5372596
1787920200000,505.81,506.03,505.525,505.8,363999756.10639405
1787921100000,506.0,506.299,505.651,505.651,5764487.95432992
1787922000000,505.648,506.164,505.26,505.26,7387381.099163239
1787922900000,505.44,505.625,504.206,504.3,11704204.22892055
1787923800000,505.34,511.905,504.965,511.55,944489914.519333
1787924700000,511.62,513.14,509.74,509.99,595120608.4959002
1787925600000,510.01,511.2,508.2,508.41,419162168.1939276
1787926500000,508.3,511.29,508.3,510.68,521481998.78028566
1787927400000,510.65,512.59,510.32,512.26,587485328.2366345
1787928300000,512.27,515.45,512.114,515.22,747911606.5907489
1787929200000,514.94,516.29,514.2,514.72,475807866.13583976
1787930100000,514.831,515.73,514.57,515.333,470388033.09140456
1787931000000,515.32,515.86,514.296,514.531,306829237.2593827
1787931900000,514.87,515.35,514.08,514.61,465810031.8355321
1787932800000,514.6,517.11,514.215,516.75,522833101.2593825
1787933700000,516.74,516.955,515.315,516.48,415450687.1761719
1787934600000,516.555,517.75,516.01,516.864,363604818.9015974
1787935500000,516.84,517.432,516.32,516.965,294444245.4096702
1787936400000,516.78,517.453,515.81,517.415,282148941.3645635
1787937300000,517.44,517.68,516.41,517.14,283343518.4969747
1787938200000,517.264,517.58,515.6,515.643,337698891.871796
1787939100000,515.647,516.47,515.29,515.815,368438862.56202006
1787940000000,515.84,516.3,514.79,514.945,337209803.8875084
1787940900000,514.89,515.52,514.38,514.69,267954476.3142684
1787941800000,514.69,515.23,514.21,514.925,540061410.2152297
1787942700000,514.93,515.02,513.89,513.89,276528366.07073563
1787943600000,513.895,514.75,513.52,514.343,342559936.2337963
1787944500000,514.35,514.375,512.985,513.249,378447456.02944523
1787945400000,513.24,514.495,512.845,513.95,404106351.63727915
1787946300000,513.905,514.445,512.865,513.66,1827013464.94295
1787947200000,513.35,513.738,513.023,513.35,2601881335.624994
1787948100000,513.034,513.334,513.026,513.159,25414704.20645723
1787949000000,513.16,513.48,512.733,512.733,13215865.966654478
1787949900000,513.43,513.555,512.724,513.43,20048141.24516954
1787950800000,513.01,513.4,512.891,513.4,8154183.41042509
1787951700000,513.303,513.303,512.745,512.853,75676410.67369132
1787952600000,512.71,512.922,512.536,512.59,1862548.2926502
1787953500000,512.645,512.744,512.599,512.696,55457733.16726392
1787954400000,512.695,512.739,512.55,512.55,1754533.57287852
1787955300000,512.55,512.55,512.275,512.42,1833683.8581123
1787956200000,512.42,512.42,512.2,512.3,2611327.7405875
1787957100000,512.3,512.474,512.129,512.245,1134877.99476716
1787958000000,512.245,512.295,512.136,512.295,2907776.206072063
1787958900000,512.295,512.37,512.23,512.369,1646251.36306317
1787959800000,512.383,512.938,512.383,512.93,3879504.82647492
1787960700000,512.93,513.185,512.906,513.15,1978951.8028151274
1787964300000,513.46,513.46,513.46,513.46,207.489186
1787984100000,513.51,513.51,513.51,513.51,123.447804
1787989500000,513.58,513.91,513.58,513.91,7608.822811
1787991300000,513.91,513.91,513.91,513.91,99.955495
1787995800000,513.91,513.91,513.43,513.43,2912.852917
1787997600000,513.43,513.91,513.39,513.91,661.888642
1788001200000,513.91,513.91,513.91,513.91,88.341129
1788004800000,513.91,513.91,513.46,513.46,111.880593
1788007500000,513.91,513.91,513.91,513.91,10.740719
1788012900000,513.46,513.46,513.46,513.46,13.812074
1788013800000,513.91,513.91,513.91,513.91,23.999597
1788015600000,513.46,513.91,513.46,513.46,40.8297
1788017400000,513.47,513.47,513.46,513.46,130.574113
1788018300000,513.91,513.91,513.91,513.91,24.976026
1788019200000,513.91,513.91,513.31,513.91,3086.066777
1788021000000,513.91,513.91,513.91,513.91,19.991099
1788026400000,513.91,513.91,513.91,513.91,78.165711
1788033600000,513.91,513.91,513.91,513.91,7306.566816
1788034500000,513.52,513.52,513.52,513.52,11.81096
1788037200000,513.91,513.91,513.91,513.91,4213.959218
1788071400000,513.52,513.91,513.09,513.91,2709.951952
1788077700000,513.91,514.17,513.91,514.17,14357.470944
1788083100000,514.09,514.29,514.09,514.29,1088.836628
1788093000000,514.31,514.43,514.31,514.43,2384.592027
1788095700000,514.53,514.66,514.21,514.21,507.256288
1788098400000,514.51,514.51,514.21,514.21,46.086656
1788100200000,514.51,514.51,514.51,514.51,23.976166
1788104700000,514.55,514.55,514.55,514.55,24.955675
1788105600000,514.62,514.69,514.62,514.69,636.35553
1788106500000,514.71,515.03,514.39,515.03,1002.834569
1788107400000,515.06,515.06,514.64,514.64,39.95236
1788116400000,515.06,515.06,515.06,515.06,19.984328
1788124500000,514.91,515.06,514.91,515.06,370.79952
1788127200000,514.91,514.91,513.34,513.34,6376.841795
1788129900000,513.72,513.91,513.72,513.91,1839.672084
1788134400000,512.12,512.29,509.32,510.59,3154585.71
1788135300000,510.49,511.29,510.26,510.64,1256258.59
1788136200000,510.73,510.78,510.35,510.41,525360.88
1788137100000,510.41,510.42,509.77,509.77,595157.06
1788138000000,509.78,510.06,509.24,509.7,1129138.14
1788138900000,509.65,510.07,509.49,509.62,469970.05
1788139800000,509.72,509.98,509.5,509.75,208970.46
1788140700000,509.74,510.08,509.73,510.08,628194.71
1788141600000,509.85,510.67,509.55,510.67,1080576.96
1788142500000,510.67,511.57,510.25,510.88,860318.89
1788143400000,510.89,511.04,510.19,510.23,161319.91
1788144300000,510.22,510.43,510.18,510.42,264841.13
1788145200000,510.5,511.04,510.25,510.38,868711.21
1788146100000,510.31,510.66,510.29,510.31,334841.93
1788147000000,510.31,510.7,509.73,510.24,537806.66
1788147900000,510.07,510.64,509.74,510.64,426964.91
1788148800000,510.43,510.71,510.17,510.51,363017.3
1788149700000,510.59,510.8,510.49,510.7,109799.75
1788150600000,510.63,511.09,510.38,510.97,536848.07
1788151500000,510.87,511.32,510.51,511.0,268694.07
1788152400000,510.99,511.81,510.94,511.37,473124.47
1788153300000,511.28,511.76,511.27,511.69,261375.32
1788154200000,511.71,511.71,509.69,509.69,1773371.08
1788155100000,509.78,510.22,509.76,510.2,1187668.92
1788156000000,510.23,510.3,509.99,510.3,660079.19
1788156900000,510.43,510.69,510.29,510.5,706921.45
1788157800000,510.39,510.63,510.33,510.46,741163.87
1788158700000,510.46,511.88,510.16,511.75,2878243.71
1788159600000,511.76,511.76,510.41,510.42,1825669.3
1788160500000,510.57,511.05,510.34,510.81,2214010.17
1788161400000,510.81,510.81,510.46,510.46,92918.69
1788162300000,510.48,513.15,510.4,510.99,346172.05
1788163200000,513.15,513.15,510.09,510.188,20814671.32401732
1788164100000,510.183,510.183,509.935,509.935,1894296.37494543
1788165000000,509.935,509.935,509.515,509.606,2559902.04636983
1788165900000,509.605,509.605,509.428,509.515,1794459.34456509
1788166800000,509.515,509.6,509.415,509.443,2121941.17673339
1788167700000,509.442,509.839,509.385,509.54,3740074.2426008955
1788168600000,509.54,510.07,509.54,510.07,2231776.48811562
1788169500000,510.07,510.07,509.841,510.07,1109287.94776453
1788170400000,510.07,510.07,509.855,509.924,1955662.50250804
1788171300000,509.926,510.125,509.855,509.966,1769314.89065617
1788172200000,509.961,510.2,509.91,509.95,3525899.72937733
1788173100000,509.95,510.144,509.95,510.144,2625376.2838093
1788174000000,510.21,510.5,509.775,510.39,6139926.14241831
1788174900000,509.58,510.558,509.56,509.56,4032726.41136079
1788175800000,509.5,509.923,508.41,509.01,8021040.51892325
1788176700000,508.59,508.86,508.501,508.59,475742046.7244903
1788177600000,508.99,509.084,508.32,509.0,5532555.38824921
1788178500000,509.01,509.153,508.602,509.01,3517824.30627818
1788179400000,508.885,508.974,508.386,508.435,8451655.288178788
1788180300000,508.26,509.1,508.24,508.36,9644535.25155185
1788181200000,509.049,509.697,509.049,509.43,6586828.94417027
1788182100000,510.99,511.694,508.835,510.99,23579072.60082535
1788183000000,510.33,511.36,507.41,509.36,678911905.43228
1788183900000,509.34,511.025,508.49,508.954,499661542.41952866
1788184800000,508.995,509.13,507.51,508.01,268711181.5718427
1788185700000,508.12,509.5,507.5,509.31,322786249.1618921
1788186600000,509.23,509.67,508.765,509.58,166657296.61134896
1788187500000,509.315,510.935,509.215,510.895,204643259.27941024
1788188400000,510.9,512.185,510.46,511.19,342383663.27634144
1788189300000,511.05,511.875,510.4,510.8,195531718.54700372
1788190200000,510.7,511.27,510.01,511.01,182931827.2035843
1788191100000,511.005,511.082,509.84,509.86,170530403.71258333
1788192000000,509.856,510.58,509.272,510.52,161128740.83887526
1788192900000,510.525,510.834,510.221,510.611,137239859.78075212
1788193800000,510.63,510.91,509.51,510.6,171068225.66205326
1788194700000,510.615,511.71,510.51,511.465,173347582.30791688
1788195600000,511.32,511.425,510.87,511.1,137286599.47448418
1788196500000,511.17,511.48,510.43,510.43,147886588.82865345
1788197400000,510.57,510.805,510.07,510.64,119956528.56578363
1788198300000,510.67,511.206,510.6,511.02,136858256.33581373
1788199200000,510.94,511.76,510.586,511.65,203367964.5195669
1788200100000,511.72,512.19,510.869,510.92,192907980.32507753
1788201000000,510.9,511.045,509.755,510.181,730754909.4019036
1788201900000,510.18,511.23,509.9,511.04,171650225.14676642
1788202800000,511.035,511.347,510.38,511.09,178112809.69671783
1788203700000,511.085,511.215,509.88,510.605,170190357.6300239
1788204600000,510.57,510.57,508.96,509.97,272516971.6030162
1788205500000,509.885,510.32,506.39,507.143,1856861379.8141577
1788206400000,507.41,507.806,506.975,507.41,5021031914.987828
1788207300000,507.254,507.637,507.155,507.637,89769285.81274548
1788208200000,507.5,508.123,507.4,507.5,32209119.44242752
1788209100000,507.93,507.93,507.301,507.5,506882072.39573616
1788210000000,507.5,507.72,507.45,507.65,213610345.85205454
1788210900000,507.616,507.616,507.401,507.525,102376765.67076509
1788211800000,507.525,507.531,507.492,507.525,896855.71205017
1788212700000,507.51,507.789,507.459,507.65,1712899.44254259
1788213600000,507.634,507.677,507.443,507.46,1878770.02554604
1788214500000,507.459,507.7,507.301,507.687,1385375.67287785
1788215400000,507.689,507.733,507.465,507.48,661704.21544596
1788216300000,507.4,507.582,507.359,507.4,2488311.61709456
1788217200000,507.575,507.575,507.465,507.465,770839.7420745
1788218100000,507.465,507.581,507.331,507.515,1854165.5070898093
1788219000000,507.515,507.6,507.375,507.49,1241274.9398149755
1788219900000,507.487,507.984,507.487,507.76,2556626.90210605
1788220800000,508.37,508.8,507.35,507.76,512332.41
1788221700000,507.86,508.09,507.42,507.42,328927.22
1788222600000,507.58,508.0,507.46,507.72,244718.5
1788223500000,507.74,507.92,507.5,507.62,36553.68
1788224400000,507.62,507.71,506.99,507.0,488604.51
1788225300000,507.16,507.31,507.01,507.01,269811.87
1788226200000,507.09,507.37,506.99,507.27,114610.56
1788227100000,507.28,507.4,507.16,507.34,128335.35
1788228000000,507.24,507.32,506.92,507.0,235268.48
1788228900000,506.97,507.05,506.67,506.75,547846.58
1788229800000,506.75,506.89,506.52,506.56,90204.54
1788230700000,506.54,506.9,506.52,506.86,119070.24
1788231600000,506.88,506.88,506.66,506.75,69418.92
1788232500000,506.75,506.75,506.38,506.57,156017.59
1788233400000,506.4,506.57,506.27,506.44,86606.53
1788234300000,506.32,506.48,506.32,506.44,24813.67
1788235200000,506.41,506.5,506.11,506.3,164035.0
1788236100000,506.31,506.34,506.0,506.0,1081120.93
1788237000000,505.99,506.0,505.8,505.96,143187.07
1788237900000,505.96,506.01,505.76,505.93,103705.11
1788238800000,505.72,506.21,505.61,506.18,662788.05
1788239700000,506.21,506.21,505.87,505.99,343052.5
1788240600000,505.99,506.12,505.67,505.91,803376.9
1788241500000,505.97,506.76,505.83,506.65,728174.0
1788242400000,506.73,506.86,505.85,505.85,1428590.14
1788243300000,505.77,506.09,505.61,506.03,652986.65
1788244200000,506.1,506.32,506.03,506.28,452962.24
1788245100000,506.3,506.51,506.07,506.21,1022699.31
1788246000000,506.22,506.47,505.64,505.88,937724.04
1788246900000,505.73,505.89,505.64,505.71,267041.72
1788247800000,505.71,505.73,504.75,504.97,2101847.4
1788248700000,504.71,505.59,504.17,505.35,2025052.45
1788249600000,505.18,507.76,504.73,504.73,24398595.26619091
1788250500000,503.41,505.765,503.094,503.41,6775866.68092569
1788251400000,503.498,503.55,502.611,502.779,4627006.17939314
1788252300000,502.785,502.891,502.022,502.25,4365371.744021
1788253200000,502.25,502.25,501.4,501.59,3199028.38677478
1788254100000,501.51,501.778,501.06,501.06,3948085.79988568
1788255000000,501.231,501.25,500.848,501.1,5087179.41749535
1788255900000,501.43,501.533,500.785,501.43,3145334.43862269
1788256800000,501.12,501.525,501.12,501.525,1034122.99055694
1788257700000,501.522,502.625,501.511,502.395,4159423.37081013
1788258600000,502.395,502.5,502.395,502.395,1540629.38832558
1788259500000,502.16,502.435,501.85,502.16,3018010.89836874
1788260400000,501.21,501.87,500.695,501.21,8835424.30160567
1788261300000,501.321,501.945,501.135,501.39,4057383.43400788
1788262200000,502.05,502.608,501.288,502.51,4831960.30599155
1788263100000,502.54,502.715,502.125,502.5,7658388.2517015
1788264000000,501.5,502.399,501.004,501.5,59354638.94920443
1788264900000,501.37,501.87,501.177,501.5,439844534.8588063
1788265800000,500.99,501.724,500.203,500.21,37654883.56668488
1788266700000,500.61,500.837,500.226,500.61,11164900.28581971
1788267600000,500.51,501.59,500.197,501.59,12585824.73247351
1788268500000,500.52,501.667,496.841,497.83,66497432.91331511
1788269400000,497.835,504.61,497.06,503.623,1205862555.9751153
1788270300000,503.618,505.9,501.263,502.454,552629020.631577
1788271200000,502.42,504.5,502.015,503.84,369697904.16975105
1788272100000,503.81,504.76,503.463,504.32,248445904.25940987
1788273000000,504.18,504.48,503.31,503.49,264356855.14147896
1788273900000,503.64,503.64,501.45,501.45,231537966.88957888
1788274800000,501.608,501.843,499.93,500.42,352724539.9418768
1788275700000,500.395,501.63,500.394,501.188,208364416.11245188
1788276600000,501.24,501.305,500.695,501.03,172367087.3943652
1788277500000,500.94,501.315,500.575,500.82,182983089.9522906
1788278400000,500.99,501.09,499.9,499.93,165666410.5693441
1788279300000,499.73,500.945,499.43,500.715,237612560.41490296
1788280200000,500.83,500.83,499.32,499.55,201320177.57708642
1788281100000,499.44,501.06,499.02,500.89,155976884.14431146
1788282000000,500.91,500.949,500.03,500.87,95248797.25395402
1788282900000,500.81,501.21,500.26,501.08,111422760.29219082
1788283800000,500.98,501.707,500.9,501.298,141890463.4496831
1788284700000,501.299,502.07,501.09,501.409,218270551.32419142
1788285600000,501.63,501.805,500.711,500.76,141745701.12623397
1788286500000,500.725,501.5,500.532,501.2,121904189.90881115
1788287400000,501.31,501.385,500.094,500.37,167289065.34148863
1788288300000,500.44,501.33,500.326,500.95,205329828.85670936
1788289200000,500.84,501.455,500.645,500.935,174571811.60063383
1788290100000,500.96,501.15,500.607,500.93,153620277.13679752
1788291000000,500.905,501.65,500.545,500.755,221255424.42936075
1788291900000,500.72,501.2,500.085,501.2,666017936.22314
1788292800000,501.017,501.385,500.406,501.15,2401640847.8508353
1788293700000,501.154,501.2,500.682,500.885,2532818.3085642033
1788294600000,500.885,501.3,500.713,501.005,7169256.58753612
1788295500000,501.005,501.305,501.005,501.305,1663130.64566012
1788296400000,501.305,501.375,501.162,501.324,637299178.9584156
1788297300000,501.325,501.5,501.25,501.305,2876818.45308133
1788298200000,501.305,501.305,500.79,501.125,303536029.77843195
1788299100000,501.125,501.125,500.651,500.79,4574420.11891885
1788300000000,500.79,501.3,500.702,500.74,6456674.83538297
1788300900000,500.74,500.999,500.7,500.92,1041611.67590643
1788301800000,500.922,501.084,500.74,501.03,1928490.2274022014
1788302700000,501.17,501.17,500.656,501.17,700511.93507156
1788303600000,500.895,500.895,500.73,500.73,268253.87318405
1788304500000,500.73,501.0,500.7,500.975,952422.56123192
1788305400000,501.01,501.11,500.747,501.01,976835.47800935
1788306300000,500.977,501.0,500.7,500.91,945361.0401743
1788307200000,500.4,500.95,499.84,500.95,155020.39
1788308100000,500.96,501.04,500.64,500.68,176337.12
1788309000000,500.68,500.74,500.55,500.55,27536.68
1788309900000,500.79,500.86,500.7,500.7,72114.37
1788310800000,500.71,500.71,500.22,500.34,174196.83
1788311700000,500.28,500.72,500.2,500.39,186154.64
1788312600000,500.29,500.54,499.7,499.7,1175496.52
1788313500000,499.54,499.63,499.48,499.6,121395.93
1788314400000,499.67,499.76,498.81,499.09,1680429.45
1788315300000,499.31,499.44,499.31,499.42,108368.76
1788316200000,499.42,499.43,499.26,499.29,204755.46
1788317100000,499.36,499.5,499.35,499.49,94396.26
1788318000000,499.43,499.53,499.4,499.53,141845.0
1788318900000,499.56,499.58,499.46,499.48,38463.54
1788319800000,499.46,499.46,499.3,499.33,422455.29
1788320700000,499.32,499.33,499.0,499.18,580054.22
1788321600000,499.16,499.19,498.79,498.82,344744.81
1788322500000,498.99,499.32,498.85,499.29,161734.58
1788323400000,499.26,499.28,498.82,498.82,191124.25
1788324300000,498.96,499.08,498.8,498.98,229497.57
1788325200000,498.97,498.97,498.83,498.84,21952.59
1788326100000,498.82,499.36,498.82,499.09,201184.46
1788327000000,499.38,499.51,498.86,499.09,236662.61
1788327900000,499.04,499.15,498.9,499.05,240022.41
1788328800000,498.82,499.01,498.48,498.81,309655.66
1788329700000,498.75,499.09,498.3,498.51,1034416.89
1788330600000,498.52,498.66,498.39,498.66,588706.13
1788331500000,498.65,498.79,498.5,498.69,691235.15
1788332400000,498.69,498.99,498.12,498.83,1923359.02
1788333300000,498.61,498.73,498.48,498.5,613265.93
1788334200000,498.67,498.71,498.34,498.5,461140.16
1788335100000,498.41,498.53,498.02,498.52,492297.42
1788336000000,500.575,500.575,497.318,497.333,14332745.4255017
1788336900000,497.48,497.879,497.13,497.13,3115180.30288819
1788337800000,497.293,497.925,497.156,497.602,2734100.60151945
1788338700000,497.601,497.601,496.865,496.99,5070641.68566842
1788339600000,497.08,497.243,496.729,497.08,2458098.3722492
1788340500000,497.165,497.5,496.75,496.75,2764413.39729099
1788341400000,496.75,497.25,496.136,496.136,2898721.95947312
1788342300000,496.135,496.538,496.101,496.25,1625182.25794554
1788343200000,496.25,496.5,495.695,495.894,4560234.831723933
1788344100000,495.877,497.639,495.553,496.94,20585053.400154915
1788345000000,496.94,497.935,496.711,496.835,2950158.08251285
1788345900000,497.0,497.4,496.835,497.0,2914944.22704065
1788346800000,497.0,498.307,496.52,497.59,6085579.94128858
1788347700000,498.277,498.393,497.695,498.289,4943565.81987875
1788348600000,498.289,498.939,498.017,498.556,5042643.118177688
1788349500000,498.555,498.897,498.43,498.835,2531716.41764628
1788350400000,498.835,499.337,498.767,499.289,3753149.07839104
1788351300000,499.51,499.69,499.187,499.69,4644970.42321558
1788352200000,499.29,499.584,498.9,499.15,294925282.52202404
1788353100000,499.05,500.794,499.05,500.021,16018087.423129406
1788354000000,499.9,500.28,499.399,499.51,2860998.16361749
1788354900000,499.8,500.234,498.61,499.01,8799514.70773817
1788355800000,499.79,500.25,495.36,496.46,510128706.39230305
1788356700000,496.64,499.34,496.52,498.42,332650314.90413207
1788357600000,498.52,498.97,497.22,498.891,345541402.9862955
1788358500000,498.888,498.908,497.5,497.748,261172309.01477224
1788359400000,497.545,497.95,496.558,497.91,194916346.65532765
1788360300000,497.945,498.734,497.59,498.39,258457257.83599037
1788361200000,498.37,498.629,496.376,497.08,166455987.2631764
1788362100000,497.045,497.94,496.5,497.13,151685971.19395226
1788363000000,497.09,497.201,495.285,495.58,213250744.49042952
1788363900000,495.495,495.497,493.94,494.76,240288819.65333807
1788364800000,494.715,495.18,494.425,494.425,174592298.3945258
1788365700000,494.42,494.64,493.82,494.18,190401849.59050882
1788366600000,494.26,494.965,493.876,494.56,137212475.97503942
1788367500000,494.6,496.235,494.556,495.815,168893808.12758183
1788368400000,496.07,496.95,495.75,496.53,157142596.52412158
1788369300000,496.39,496.65,495.638,496.43,136571839.33768165
1788370200000,496.51,497.0,496.33,496.89,134559177.88098988
1788371100000,496.95,497.83,496.42,497.645,168132803.13752735
1788372000000,497.69,497.753,496.1,496.13,104195018.99832232
1788372900000,496.17,497.02,495.905,496.11,115262495.6159411
1788373800000,496.075,496.52,495.135,495.201,125240362.51633814
1788374700000,495.21,495.497,494.863,495.29,114263324.73070693
1788375600000,495.445,496.435,495.248,496.41,146621236.67042547
1788376500000,496.405,497.41,496.23,497.26,210559878.17957354
1788377400000,497.2,497.325,496.387,497.29,221272288.73659307
1788378300000,497.3,497.44,496.4,496.75,451952270.9208633
1788379200000,497.01,497.69,495.836,497.69,1615481132.3296435
1788380100000,497.5,498.3,497.25,498.0,10922380.14609363
1788381000000,498.4,498.4,497.768,497.99,18384973.61607974
1788381900000,498.015,498.6,498.015,498.6,270855814.29291844
1788382800000,498.6,498.675,498.202,498.6,7143274.97041867
1788383700000,499.0,499.155,497.61,499.0,6539375.53932615
1788384600000,497.675,497.728,497.41,497.705,4889330.19598967
1788385500000,497.705,497.999,497.701,497.8,939633.66671969
1788386400000,497.8,497.83,497.71,497.825,2381463.36512289
1788387300000,497.825,498.17,497.825,498.085,976019.23571193
1788388200000,498.085,498.365,498.0,498.365,529744.88882846
1788389100000,498.28,498.71,498.136,498.28,1148649.94227716
1788390000000,498.364,498.365,497.857,497.857,434012.28561948
1788390900000,497.856,498.109,497.666,498.108,415136.7474347
1788391800000,497.96,498.11,497.75,497.96,730519.18405679
1788392700000,497.965,498.5,497.855,497.855,1787552.67346435
1788393600000,497.74,497.98,496.92,497.39,154202.32
1788394500000,497.34,497.41,496.81,497.03,1111467.15
1788395400000,497.09,497.14,496.81,496.89,67098.12
1788396300000,496.97,497.2,496.91,497.1,129241.45
1788397200000,497.2,497.26,497.13,497.16,64635.83
1788398100000,497.09,497.45,496.82,496.99,292256.64
1788399000000,497.26,497.43,496.85,496.99,573278.82
1788399900000,497.01,497.01,496.51,496.51,145573.3
1788400800000,496.58,497.04,496.51,496.99,304471.89
1788401700000,497.01,497.44,497.01,497.2,319726.48
1788402600000,497.23,497.27,497.02,497.02,76564.2
1788403500000,497.0,497.26,496.9,497.13,435002.24
1788404400000,497.13,497.45,497.07,497.45,74084.26
1788405300000,497.51,497.99,497.51,497.7,346913.44
1788406200000,497.85,497.88,497.19,497.56,536906.68
1788407100000,497.51,497.51,497.32,497.32,42285.07
1788408000000,497.44,497.45,497.32,497.39,86052.15
1788408900000,497.4,497.9,497.4,497.64,391130.87
1788409800000,497.79,497.93,497.64,497.7,234434.54
1788410700000,497.74,497.79,497.0,497.0,699821.26
1788411600000,497.01,497.01,496.35,496.35,434043.16
1788412500000,496.38,496.43,495.6,495.64,561410.37
1788413400000,495.84,496.47,495.26,496.3,1192811.71
1788414300000,496.24,497.25,496.23,496.59,1525566.05
1788415200000,496.9,497.0,496.7,496.72,206193.59
1788416100000,496.63,496.8,496.63,496.69,105293.37
1788417000000,496.74,497.28,496.7,497.13,760323.59
1788417900000,496.98,497.44,496.95,497.42,835959.17
1788418800000,497.43,498.53,497.42,497.57,1952336.37
1788419700000,497.51,497.79,497.51,497.79,871401.41
1788420600000,497.74,498.43,497.58,498.43,441285.82
1788421500000,498.15,498.15,496.49,497.18,3309018.37
1788422400000,497.855,498.585,496.113,498.495,28520964.156933907
1788423300000,498.495,498.99,498.495,498.975,3504913.853451353
1788424200000,498.975,499.595,498.7,498.705,4776468.886576826
1788425100000,498.705,499.309,498.705,499.301,6289813.550394005
1788426000000,499.301,499.786,499.3,499.73,8886791.784297064
1788426900000,499.73,499.816,499.598,499.686,8444276.823693855
1788427800000,499.676,500.524,498.851,499.199,17329573.622077364
1788428700000,499.2,499.543,498.692,498.97,2468863.6743402714
1788429600000,498.941,498.98,498.5,498.5,4660095.793990596
1788430500000,498.5,498.69,498.132,498.2,3228797.6410204954
1788431400000,498.2,498.2,497.165,498.025,3208030.4774917318
1788432300000,498.025,498.194,497.955,498.025,2553175.785229756
1788433200000,498.021,500.061,497.568,499.876,10938155.690494087
1788434100000,499.872,500.139,499.425,499.721,9977556.191844
1788435000000,499.722,500.75,499.499,499.8,11399248.036811486
1788435900000,499.8,500.0,499.3,499.715,3514531.6452868246
1788436800000,499.762,500.039,499.381,499.874,9174202.954525312
1788437700000,499.875,500.434,499.612,500.291,6239205.6299657505
1788438600000,500.29,501.975,500.29,500.99,15499421.19213958
1788439500000,501.007,501.165,500.595,501.024,245273497.73070598
1788440400000,501.013,501.013,500.185,500.798,58362849.25868707
1788441300000,500.799,501.747,500.01,501.747,25446595.732869532
1788442200000,501.39,511.635,501.39,510.6,1231567002.1140382
1788443100000,510.66,512.37,510.48,511.477,658814090.6536463
1788444000000,511.59,512.855,510.53,512.767,675590553.5810272
1788444900000,512.783,512.89,509.93,510.161,489590024.90425104
1788445800000,510.155,511.3,508.716,508.912,338201536.19987375
1788446700000,508.97,509.915,507.78,509.876,461292664.8656279
1788447600000,509.877,512.25,509.61,512.21,494306703.41442955
1788448500000,512.29,513.21,512.04,512.723,498363024.59905756
1788449400000,512.718,513.33,512.11,512.745,338530413.12841487
1788450300000,512.742,514.85,512.64,514.67,564403229.0365043
1788451200000,514.7,514.965,512.9,513.875,770156232.246633
1788452100000,513.879,513.89,512.21,512.258,218840154.95825595
1788453000000,512.242,512.48,511.93,512.003,176559354.1920121
1788453900000,512.01,512.145,510.882,511.097,144451983.304208
1788454800000,511.05,511.125,510.378,511.034,149646274.1639982
1788455700000,511.07,511.315,509.724,510.048,217611255.9068939
1788456600000,510.053,510.28,509.645,510.206,172664139.76248422
1788457500000,510.202,511.645,510.169,510.974,228259976.89451367
1788458400000,510.985,515.21,510.985,514.616,791906752.4320054
1788459300000,514.61,515.54,514.11,514.741,395145022.9133388
1788460200000,514.74,514.74,513.03,513.294,440153630.14210826
1788461100000,513.295,513.575,511.99,512.253,388481457.22436225
1788462000000,512.262,512.53,510.99,511.311,388925111.1311115
1788462900000,511.312,512.26,510.875,511.334,292911026.4129111
1788463800000,511.332,511.333,510.39,510.414,388529859.51447237
1788464700000,510.35,511.23,509.61,509.924,788840699.0369997
1788465600000,509.948,510.173,509.568,509.6,2446766299.9730577
1788466500000,509.6,509.785,509.211,509.376,10675745.979158515
1788467400000,509.375,509.814,509.375,509.695,18220522.166830655
1788468300000,509.695,509.798,509.34,509.4,16124027.78998551
1788469200000,509.4,509.575,509.249,509.401,357465494.07348055
1788470100000,509.401,509.623,509.4,509.5,1962578.824930201
1788471000000,509.5,509.7,509.5,509.69,5198356.8182051545
1788471900000,509.69,509.695,509.69,509.695,714593.735741322
1788472800000,509.695,509.695,509.366,509.37,2075446.0053654457
1788473700000,509.37,509.52,509.311,509.374,962235.0741353123
1788474600000,509.375,509.375,509.25,509.33,2667918.3287571846
1788475500000,509.337,509.445,509.276,509.372,1499976.1366460228
1788476400000,509.376,509.433,509.227,509.245,1224855.0129461305
1788477300000,509.245,509.4,509.225,509.245,429953.8231060432
1788478200000,509.245,509.598,509.245,509.43,2730080.402271112
1788479100000,509.43,509.8,509.414,509.649,1368707.487162565
1788480000000,509.647,509.66,509.39,509.4,85589.66
1788480900000,509.41,509.52,509.25,509.25,96777.19
1788481800000,509.22,509.26,508.29,508.88,1114549.82
1788482700000,509.02,509.13,508.78,509.12,559316.39
1788483600000,509.04,509.18,508.89,508.99,40725.94
1788484500000,508.99,509.02,508.87,508.99,238192.98
1788485400000,509.08,509.68,509.05,509.64,485439.21
1788486300000,509.61,509.89,509.55,509.88,113671.94
1788487200000,509.96,510.24,509.78,509.78,606905.86
1788488100000,509.95,510.14,509.95,510.11,306038.5
1788489000000,510.09,510.22,510.01,510.21,214774.06
1788489900000,510.11,510.24,509.98,510.1,339212.41
1788490800000,510.09,510.09,509.91,509.99,74460.67
1788491700000,510.02,510.18,510.02,510.1,26014.23
1788492600000,510.1,510.19,510.01,510.07,416715.51
1788493500000,510.02,510.16,510.01,510.13,140266.93
1788494400000,510.1,510.1,509.88,509.94,214706.41
1788495300000,509.93,510.13,509.79,509.96,310551.73
1788496200000,510.09,510.19,509.75,509.75,210649.62
1788497100000,509.76,509.86,509.6,509.61,288993.3
1788498000000,509.66,509.71,509.22,509.31,232837.81
1788498900000,509.32,509.62,509.19,509.53,264874.63
1788499800000,509.54,509.54,509.4,509.44,398911.25
1788500700000,509.48,509.56,509.42,509.46,37701.08
1788501600000,509.42,509.83,509.4,509.7,588130.03
1788502500000,509.71,510.0,509.66,509.9,452688.04
1788503400000,509.78,509.78,509.54,509.54,65239.78
1788504300000,509.82,509.82,509.56,509.73,143213.75
1788505200000,509.75,509.89,509.58,509.88,300258.39
1788506100000,509.86,509.86,509.46,509.49,515225.86
1788507000000,509.49,509.63,509.37,509.56,203803.15
1788507900000,509.41,509.54,509.22,509.22,590855.81
1788508800000,509.601,509.601,507.652,507.7,13821565.879237076
1788509700000,507.7,508.495,507.7,508.495,2069482.0634097666
1788510600000,508.496,508.824,508.27,508.5,7430921.149319197
1788511500000,508.5,508.834,508.5,508.741,1796968.9423196209
1788512400000,508.742,508.75,507.99,508.015,6262215.56302543
1788513300000,508.015,508.44,507.715,507.8,3412224.938707299
1788514200000,507.827,508.19,507.827,508.175,1976895.8054837233
1788515100000,508.175,508.175,507.72,507.825,2869582.3379684878
1788516000000,507.827,508.055,507.741,507.981,3910268.1120508825
1788516900000,507.98,508.55,507.98,508.485,5013478.355603738
1788517800000,508.485,508.505,507.965,508.39,5913373.409324336
1788518700000,508.408,508.755,508.254,508.75,1679288.4262864972
1788519600000,508.792,509.459,508.5,508.942,8188853.773574657
1788520500000,508.941,509.456,508.727,508.929,6053369.84218138
1788521400000,508.908,509.26,508.525,509.2,4119400.155202614
1788522300000,509.176,509.26,508.63,508.63,10247930.175457066
1788523200000,508.63,508.63,507.402,507.93,13840688.983085195
1788524100000,507.93,508.86,507.602,508.86,6650426.708456314
1788525000000,508.77,509.81,507.201,507.928,30467750.363603868
1788525900000,507.906,507.948,507.222,507.829,13286734.76911795
1788526800000,507.829,508.449,507.24,508.449,9191374.805444786
1788527700000,507.8,510.6,507.0,509.91,17147786.299772784
1788528600000,510.0,510.2,504.0,504.75,710484711.7705173
1788529500000,504.88,504.97,502.81,504.67,495555012.46538115
1788530400000,504.615,504.79,502.71,503.1,471557523.14270806
1788531300000,503.145,503.502,501.49,501.685,442147812.67573655
1788532200000,501.735,502.795,501.44,501.8799,343240541.97468406
1788533100000,501.84,502.595,501.36,501.757,264167393.4335884
1788534000000,501.865,501.9,500.46,500.61,244514921.14329144
1788534900000,500.59,501.15,500.1201,500.945,221185891.76695675
1788535800000,500.99,500.99,499.65,500.77,401157666.3266183
1788536700000,500.74,501.2,499.8901,501.01,213686101.89372224
1788537600000,501.01,501.4,500.4685,501.2429,156203194.52503642
1788538500000,501.26,501.49,500.5701,501.12,177615950.48235983
1788539400000,501.084,501.73,500.91,501.2,199858698.99680343
1788540300000,501.2699,501.27,500.3,500.3402,173845739.4233479
1788541200000,500.36,501.0,499.94,500.96,168901283.910488
1788542100000,500.96,501.16,500.5762,500.905,156082136.33896628
1788543000000,500.905,500.91,500.08,500.19,151272087.2551329
1788543900000,500.225,501.19,500.1501,500.62,142312491.78498876
1788544800000,500.675,500.9,499.8,500.28,158472763.1246054
1788545700000,500.29,500.4614,499.77,499.9,167253922.69715348
1788546600000,499.91,500.59,499.7,500.4901,196666027.22590888
1788547500000,500.57,500.855,500.26,500.72,183062371.98279393
1788548400000,500.66,500.9099,499.88,500.425,190439765.2239685
1788549300000,500.44,500.44,499.86,500.02,217316363.4147413
1788550200000,500.025,500.05,499.43,499.83,303883203.28249073
1788551100000,499.81,500.68,499.47,499.7,769378558.4539446
1788552000000,499.6232,499.89,499.36,499.5986,2723312400.6771235
1788552900000,499.7,499.9,499.4995,499.51,15064405.425361833
1788553800000,499.65,499.7,499.28,499.69,6527171.881508124
1788554700000,499.6,499.69,496.5975,499.43,24835118.86883943
1788555600000,499.4,499.44,499.1987,499.28,9603913.387575213
1788556500000,499.1992,499.69,499.0,499.44,274176237.2099201
1788557400000,499.6752,499.69,499.1,499.413,2162347.38323806
1788558300000,499.5,499.5,499.4,499.48,75932172.76769161
1788559200000,499.45,499.5,499.4,499.45,1883518.54726533
1788560100000,499.39,499.62,499.1075,499.5,4474294.690542788
1788561000000,499.62,499.62,499.4055,499.5295,2125666.242277911
1788561900000,499.6,499.62,499.41,499.56,2647566.7227673978
1788562800000,499.6,499.62,499.4152,499.62,911821.0857437256
1788563700000,499.5901,499.62,499.4152,499.62,2124825.359781697
1788564600000,499.6107,499.62,499.5025,499.59,3641387.462086334
1788565500000,499.6,499.62,499.4,499.6199,3892164.4051122363
1788569100000,499.53,499.53,499.53,499.53,10.49013
1788586200000,499.53,499.53,498.33,498.59,509.828508
1788592500000,498.87,498.9,498.87,498.9,17.360955
1788595200000,498.25,498.36,498.25,498.36,246.640768
1788596100000,498.19,498.19,498.19,498.19,206.449936
1788597900000,498.28,498.95,498.28,498.95,79.749749
1788600600000,498.36,498.36,498.36,498.36,49.985508
1788613200000,498.36,498.95,498.36,498.95,59.595017
1788615000000,498.93,499.53,498.3,499.53,1043.293828
1788618600000,499.53,499.68,499.53,499.53,4921.301215
1788621300000,499.78,499.78,499.78,499.78,14.9934
1788623100000,499.78,499.78,499.78,499.78,24.989
1788627600000,499.79,499.79,499.79,499.79,99.958
1788631200000,499.53,499.53,499.53,499.53,63.290451
1788638400000,499.83,499.83,499.83,499.83,19.9932
1788649200000,499.83,501.37,499.83,501.37,23468.147513
1788651900000,501.29,501.31,501.29,501.31,235.6143
1788676200000,501.4,501.4,501.4,501.4,29.98372
1788705000000,501.4,501.4,501.4,501.4,23.96692
1788709500000,501.4,501.5,500.93,501.19,2105.269635
1788710400000,501.69,501.69,500.53,501.27,3288.308929
1788711300000,501.17,501.17,501.17,501.17,50.367585
1788716700000,501.36,501.36,500.95,500.95,356.698116
1788720300000,500.95,500.95,500.95,500.95,106.351685
1788721200000,500.95,501.28,500.95,501.28,19.989852
1788737400000,501.28,501.28,500.8,500.84,398.019865
1788740100000,500.84,500.84,498.74,498.74,10948.032274
1788750900000,500.12,500.18,500.12,500.18,1560.4472
1788791400000,500.25,500.25,498.69,498.69,3774.697318
1788793200000,498.59,498.59,498.26,498.26,1043.90132
1788795900000,498.84,498.84,497.87,497.87,3157.416933
1788796800000,497.78,497.78,497.77,497.77,1043.635065
1788801300000,497.93,497.93,497.93,497.93,10.95446
1788803100000,497.93,497.93,497.93,497.93,40.182951
1788806700000,497.93,497.93,497.93,497.93,431.804896
1788811200000,497.99,497.99,497.99,497.99,19.969399
1788825600000,499.23,499.23,494.25,495.54,6377581.73
1788826500000,495.51,496.8,494.32,496.35,3239828.82
1788827400000,496.17,497.35,495.75,496.96,1380121.14
1788828300000,496.74,496.79,495.81,495.81,1519956.81
1788829200000,495.91,496.41,495.5,496.17,1029564.89
1788830100000,496.11,497.03,496.02,497.03,684705.51
1788831000000,496.84,497.52,496.84,497.41,446536.7
1788831900000,497.11,497.84,497.06,497.84,341731.22
1788832800000,497.84,498.1,497.27,497.28,1622249.78
1788833700000,497.43,497.99,497.25,497.5,878110.31
1788834600000,497.49,497.49,497.2,497.25,200429.83
1788835500000,497.29,497.29,496.2,496.4,825612.16
1788836400000,496.48,497.23,496.31,497.07,275674.32
1788837300000,497.24,497.25,496.65,497.24,376237.31
1788838200000,497.24,497.24,496.64,496.76,287641.32
1788839100000,496.76,497.16,496.51,496.75,316975.48
1788840000000,496.86,496.96,496.51,496.76,245379.01
1788840900000,496.92,497.58,496.75,497.53,344054.98
1788841800000,497.52,497.96,497.3,497.8,339948.36
1788842700000,497.78,497.78,497.29,497.44,339290.11
1788843600000,497.44,497.49,497.01,497.27,317231.82
1788844500000,497.25,497.41,496.84,496.84,143657.62
1788845400000,496.85,497.09,496.31,496.39,842626.25
1788846300000,496.45,496.45,495.75,496.04,1119626.72
1788847200000,495.96,496.21,495.6,496.2,2166051.11
1788848100000,496.27,496.99,496.2,496.67,468275.6
1788849000000,496.44,497.04,495.86,497.03,1349151.0
1788849900000,497.18,497.55,496.34,496.57,879057.4
1788850800000,496.5,497.4,496.5,496.79,1153422.51
1788851700000,496.79,496.96,496.25,496.37,949925.47
1788852600000,496.39,496.39,495.7,495.76,1162144.98
1788853500000,495.9,495.99,495.56,495.99,479486.38
1788854400000,496.125,498.0,495.41,497.0,31553733.25469361
1788855300000,496.9,497.2,496.44,496.83,1906021.6628305123
1788856200000,496.5012,497.0,496.501,496.88,2521778.2700637947
1788857100000,496.86,497.504,496.076,496.6666,1478630.7937428672
1788858000000,496.67,496.92,496.12,496.5,4131726.6197678735
1788858900000,496.5,496.8388,496.183,496.6681,1782394.9323510497
1788859800000,496.56,496.8488,496.0112,496.8488,2690902.5345445913
1788860700000,496.52,496.92,496.52,496.909,5374489.479659538
1788861600000,496.9,497.3788,496.7,497.0,2978763.3411701694
1788862500000,496.95,497.7,496.45,496.64,6314079.7249072315
1788863400000,496.53,497.1015,496.3033,496.9488,2666532.45862125
1788864300000,496.95,496.973,496.0,496.0,2664223.365234504
1788865200000,496.17,496.42,495.26,495.3784,11252976.62202617
1788866100000,495.39,496.28,495.15,495.73,8360106.966795335
1788867000000,495.6168,496.28,495.54,496.064,3062156.6820224724
1788867900000,496.0711,496.44,495.78,496.4,3842363.6946242256
1788868800000,496.34,496.94,496.1,496.11,4033518.4890514095
1788869700000,496.11,498.451,496.11,496.7387,1989560.938362257
1788870600000,496.57,497.2396,495.62,495.991,12527184.112875903
1788871500000,496.0,496.17,495.13,495.4,9649364.721678596
1788872400000,495.2,496.0,494.65,494.9312,19769046.89610056
1788873300000,494.94,495.235,492.4,493.41,28594854.23529648
1788874200000,493.01,495.19,491.3,493.025,692245370.9664531
1788875100000,492.95,493.73,491.2,492.96,369876720.8605642
1788876000000,492.89,493.07,491.18,491.51,247931000.05299768
1788876900000,491.545,492.97,490.19,490.5159,364144428.95734966
1788877800000,490.46,492.6,490.25,492.305,280497046.4191381
1788878700000,492.35,492.68,491.52,492.04,177409138.51605213
1788879600000,492.08,493.63,491.9901,493.37,181787771.2485087
1788880500000,493.32,494.14,492.4,493.08,199035910.34441787
1788881400000,493.11,493.34,492.53,493.0,132297848.77267386
1788882300000,493.06,493.14,492.55,492.71,144169781.40546528
1788883200000,492.71,493.1999,492.25,492.4449,140304069.64645764
1788884100000,492.5,492.56,491.13,491.295,129417815.22990647
1788885000000,491.29,491.97,491.2,491.8701,126806481.29448803
1788885900000,491.91,492.1099,491.2,491.5981,164241768.5804322
1788886800000,491.575,492.925,491.57,492.57,127373189.94833735
1788887700000,492.5651,492.88,491.8,492.33,114547528.57804142
1788888600000,492.3,492.6,492.17,492.26,108980302.63006096
1788889500000,492.26,492.9,492.24,492.51,120051995.45578732
1788890400000,492.55,492.724,492.21,492.34,109538510.83243294
1788891300000,492.37,492.49,491.62,491.91,135734166.42758864
1788892200000,491.95,492.0,491.34,491.8253,104215482.82557161
1788893100000,491.85,491.95,490.15,491.2421,192731079.5120556
1788894000000,491.21,492.33,491.18,492.21,132894673.87218395
1788894900000,492.19,493.08,492.0,493.08,152101166.12931675
1788895800000,493.055,493.8999,492.84,493.66,267003404.66320702
1788896700000,493.65,494.175,493.0,493.95,798345482.2316493
1788897600000,494.02,494.69,493.25,493.81,3271013142.4097695
1788898500000,493.95,494.05,493.26,493.85,209135219.3098986
1788899400000,493.664,494.02,492.96,493.86,5800118.506790271
1788900300000,493.81,494.03,493.5,493.5,1860341.9090403018
1788901200000,493.6,493.9988,493.4,493.57,7092800.668119141
1788902100000,493.5629,493.8,493.1588,493.5887,16107403.907785842
1788903000000,493.56,493.7945,493.1588,493.67,58658295.86466858
1788903900000,493.65,493.7,493.5,493.59,1429708.41213477
1788904800000,493.55,493.6727,493.0,493.6,10738390.093459105
1788905700000,493.6,493.9138,493.4137,493.8398,800387.9015391467
1788906600000,493.84,494.02,493.549,493.8635,1782707.638240903
1788907500000,493.86,493.9965,493.83,493.84,1324451.8364072414
1788908400000,493.844,493.92,493.39,493.64,1179819.6843239614
1788909300000,493.63,493.75,493.04,493.4245,2069191.0946553003
1788910200000,493.12,493.35,493.12,493.21,605233.5030606443
1788911100000,493.21,493.403,492.92,493.25,1310664.5180086894
1788912000000,493.63,494.06,493.43,493.83,382656.11
1788912900000,493.83,493.98,493.61,493.98,97292.31
1788913800000,493.91,493.91,493.7,493.72,204919.09
1788914700000,493.84,494.18,493.78,494.09,297875.44
1788915600000,494.2,494.37,494.18,494.2,442831.17
1788916500000,494.19,494.29,494.06,494.1,258931.77
1788917400000,494.18,494.46,494.07,494.37,250094.8
1788918300000,494.45,494.75,494.36,494.54,120173.14
1788919200000,494.61,494.8,494.54,494.58,333428.71
1788920100000,494.63,494.83,494.57,494.76,208788.77
1788921000000,494.76,494.86,494.63,494.63,148418.38
1788921900000,494.6,494.66,494.31,494.5,142893.98
1788922800000,494.5,494.5,494.35,494.38,132999.45
1788923700000,494.5,494.76,494.41,494.76,223568.19
1788924600000,494.68,494.74,494.58,494.63,76676.15
1788925500000,494.67,494.69,494.51,494.6,130093.81
1788926400000,494.55,494.74,494.46,494.47,261140.25
1788927300000,494.47,494.59,494.4,494.4,87029.06
1788928200000,494.36,494.64,494.31,494.59,98891.74
1788929100000,494.62,494.84,494.62,494.8,101426.2
1788930000000,494.79,494.82,494.63,494.75,78165.92
1788930900000,494.74,494.74,494.62,494.69,164719.13
1788931800000,494.69,494.72,494.52,494.66,29675.03
1788932700000,494.62,494.83,494.57,494.83,84608.77
1788933600000,494.87,494.9,494.59,494.66,428463.28
1788934500000,494.73,494.92,494.64,494.64,670473.98
1788935400000,494.72,495.0,494.61,494.96,262785.27
1788936300000,494.96,495.04,494.3,494.3,549550.23
1788937200000,494.26,494.79,494.2,494.5,849403.34
1788938100000,494.24,494.5,494.17,494.41,682081.64
1788939000000,494.43,494.55,494.26,494.38,202196.3
1788939900000,494.3,494.37,493.74,493.8,392692.58
1788940800000,494.19,495.06,493.3662,493.9675,8862475.073051972
1788941700000,494.23,494.6345,493.9575,493.96,1786044.108009465
1788942600000,494.06,494.65,494.0,494.0,1313330.475561579
1788943500000,493.96,494.65,493.96,494.6325,383080.35971284
1788944400000,494.44,494.65,494.0,494.41,3269661.576123329
1788945300000,494.27,494.6488,494.0,494.2,5570337.63609892
1788946200000,494.2,494.4713,494.0475,494.4286,1520493.27188382
1788947100000,494.4875,494.5,493.7,493.99,4190016.8570845257
1788948000000,493.77,494.44,493.7,494.0,1885186.7113752796
1788948900000,494.32,494.44,493.7867,494.05,851385.2181761935
1788949800000,493.81,494.44,493.7,493.7,1772076.4903936596
1788950700000,493.94,494.0,493.23,493.36,2328918.661115135
1788951600000,493.53,494.38,493.07,494.33,1814855.2397525692
1788952500000,494.33,494.49,493.66,494.45,3336280.380932483
1788953400000,494.0,494.4388,493.66,493.9145,3220183.973505023
1788954300000,493.6612,494.5,493.2,493.48,3733255.9339215257
1788955200000,493.81,494.33,493.0,493.02,4059296.045088855
1788956100000,493.06,493.52,493.0,493.15,2161684.2012377437
1788957000000,493.08,493.8,493.08,493.59,2690926.5260809395
1788957900000,493.74,494.39,493.5,493.8324,4448425.2902586
1788958800000,493.92,494.55,493.41,494.4,4596149.125718525
1788959700000,494.43,494.55,492.26,492.5,10527911.411585793
1788960600000,493.07,494.26,491.14,492.68,445404495.8009109
1788961500000,492.59,494.39,491.5,491.655,212783050.90723628
1788962400000,491.74,492.4,490.52,490.8892,200271838.15488315
1788963300000,490.85,492.26,489.8,492.1308,276807001.0438406
1788964200000,492.16,493.69,491.45,493.1094,219580946.2674071
1788965100000,493.08,493.71,492.89,493.4323,171728572.31414315
1788966000000,493.49,493.8,491.59,491.7501,160322300.26917046
1788966900000,491.804,492.38,491.54,492.14,123709559.15395367
1788967800000,492.14,493.14,491.45,491.7989,162993816.33031374
1788968700000,491.805,492.27,491.226,492.14,112121780.93905938
1788969600000,492.085,492.37,491.42,491.545,87037540.02981801
1788970500000,491.536,491.66,491.1,491.52,106884843.3873935
1788971400000,491.5,492.13,491.38,492.105,73679760.50230736
1788972300000,492.11,493.415,492.07,493.216,95328575.31867778
1788973200000,493.2514,493.56,492.465,492.76,108079648.79294185
1788974100000,492.77,493.165,492.7,493.105,104227412.15285322
1788975000000,493.11,493.3817,492.5,493.04,122052784.55474117
1788975900000,493.07,493.34,492.65,493.07,110250349.477859
1788976800000,493.07,493.27,492.09,492.115,109722731.95173767
1788977700000,492.1,492.59,491.9,492.46,106948971.7723062
1788978600000,492.46,492.6,491.8,492.2454,82885129.08356944
1788979500000,492.25,492.42,491.73,491.96,81110944.54388931
1788980400000,491.97,492.07,491.355,491.39,115935503.42474656
1788981300000,491.42,491.9906,491.11,491.715,202988101.86114153
1788982200000,491.75,491.8699,491.17,491.38,221114858.69117114
1788983100000,491.37,491.94,490.89,491.65,593055552.8049272
1788984000000,491.81,492.1,491.01,492.1,1670017457.043058
1788984900000,492.0,492.1,491.39,491.705,6255516.159649894
1788985800000,491.79,492.08,491.51,491.85,1508458.821766003
1788986700000,492.0,492.33,491.51,492.18,12442667.142616298
1788987600000,492.05,492.2,488.7695,492.005,1526609.3311489748
1788988500000,492.0296,492.2,488.7695,492.11,29483834.100376885
1788989400000,492.0,492.15,492.0,492.08,12690193.94834597
1788990300000,492.08,492.1462,492.0,492.0006,9467837.002054544
1788991200000,492.01,492.28,492.0,492.07,1275567.8124187547
1788992100000,492.05,492.5,492.0,492.25,1258841.082263685
1788993000000,492.0,492.2437,492.0,492.17,445879.287557625
1788993900000,492.2106,492.25,492.0,492.15,698003.229949082
1788994800000,492.1817,492.25,492.17,492.1824,891723.49305509
1788995700000,492.22,492.5,492.0,492.43,536513.6579877906
1788996600000,492.17,492.4252,492.0,492.2345,978398.6091540916
1788997500000,492.21,492.85,492.15,492.1816,1452674.2826880768
1788998400000,492.67,493.71,492.24,492.72,412779.02
1788999300000,492.69,492.7,492.31,492.43,274840.39
1789000200000,492.46,492.46,492.0,492.39,187541.9
1789001100000,492.36,492.36,491.92,492.0,207643.89
1789002000000,491.92,492.0,491.86,491.99,139717.38
1789002900000,491.99,492.02,491.77,491.91,184936.56
1789003800000,491.98,492.09,491.71,491.77,296087.94
1789004700000,491.77,492.1,491.77,492.1,225823.53
1789005600000,492.11,492.18,491.86,491.86,225339.75
1789006500000,491.88,491.98,491.51,491.83,588098.05
1789007400000,491.89,492.11,491.8,492.01,95438.06
1789008300000,492.0,492.07,491.99,492.0,75769.39
1789009200000,492.13,492.2,492.08,492.19,124521.46
1789010100000,492.13,492.14,492.0,492.0,78238.88
1789011000000,492.04,492.17,491.87,492.17,70842.44
1789011900000,492.16,492.22,492.02,492.13,138291.22
1789012800000,492.17,492.25,492.05,492.11,173729.64
1789013700000,492.12,492.28,492.12,492.2,24611.27
1789014600000,492.2,492.31,492.12,492.12,250544.38
1789015500000,492.11,492.25,492.06,492.25,23133.15
1789016400000,492.25,492.28,492.16,492.18,94996.35
1789017300000,492.21,492.6,492.2,492.6,410716.66
1789018200000,492.58,492.58,492.09,492.32,454399.89
1789019100000,492.58,492.59,492.3,492.31,321059.71
1789020000000,492.41,492.58,492.31,492.36,264941.36
1789020900000,492.2,492.41,491.92,492.35,575318.94
1789021800000,492.45,492.82,492.42,492.6,191627.73
1789022700000,492.71,492.86,492.7,492.73,90678.15
1789023600000,492.78,492.8,491.5,491.9,1369586.27
1789024500000,492.1,492.23,492.1,492.12,127459.96
1789025400000,492.19,492.21,491.67,491.82,651842.88
1789026300000,491.86,491.91,491.5,491.5,214371.52
1789027200000,491.9122,492.875,491.51,492.4045,8517310.030663248
1789028100000,492.5788,492.8527,492.1112,492.6,2265827.427337136
1789029000000,492.58,492.86,491.9987,492.7,3463060.924611469
1789029900000,492.8512,492.8512,491.8329,492.2,2684329.851025742
1789030800000,492.0,492.6888,491.95,492.13,2815054.7210859274
1789031700000,492.6888,492.7688,491.97,492.4867,740438.6172531464
1789032600000,491.99,492.4575,491.5,491.68,931604.1238366124
1789033500000,491.67,492.34,491.5012,491.9,811903.165769667
1789034400000,492.1888,492.1888,491.51,491.7497,484084.4847185921
1789035300000,491.7,492.1224,491.55,491.56,1358650.352672975
1789036200000,491.56,491.9,491.52,491.6,720635.86318799
1789037100000,491.6,491.7,491.0152,491.18,1521224.3962845246
1789038000000,491.4,492.0,491.06,491.3,3419054.320498895
1789038900000,491.35,491.76,491.3,491.55,3886581.998005759
1789039800000,491.62,491.62,491.3,491.3045,2433432.1872362606
1789040700000,491.47,491.64,490.61,491.0,8331735.370297104
1789041600000,490.62,491.2888,490.12,490.52,2636537.614771867
1789042500000,490.51,490.8,490.2612,490.49,4761988.434516776
1789043400000,490.45,490.73,488.166,488.4,20121638.50430142
1789044300000,488.16,489.05,487.88,488.053,11558972.894799111
1789045200000,488.2,489.07,488.0403,488.831,5344484.3579831375
1789046100000,488.9665,490.18,487.8951,488.06,14472552.048246888
1789047000000,488.32,489.7,486.0,488.665,567465318.1969664
1789047900000,488.75,491.67,488.5,489.366,322870265.0447
1789048800000,489.5,490.88,488.44,490.175,180771780.26283467
1789049700000,490.15,491.19,488.965,490.88,194738194.27679232
1789050600000,490.88,493.4018,490.88,492.17,320859164.1905
1789051500000,492.0,492.925,491.44,492.71,216421384.8683
1789052400000,492.75,492.82,491.22,491.545,169275650.95424923
1789053300000,491.49,492.5,491.3113,492.33,112419508.82403189
1789054200000,492.39,493.03,491.55,492.1046,131164718.05406643
1789055100000,492.18,492.69,491.28,491.39,118960843.54968616
1789056000000,491.35,492.54,491.1117,491.8,148270716.7083
1789056900000,491.8,493.1768,491.74,493.0185,123887165.25812809
1789057800000,492.99,493.46,492.3532,492.955,125567586.48107328
1789058700000,492.9205,494.02,492.91,493.69,131539770.39769271
1789059600000,493.7,494.5,493.57,494.18,156429530.7722872
1789060500000,494.18,494.52,492.62,492.64,126080391.09602763
1789061400000,492.615,492.7794,491.74,492.48,124835279.56755288
1789062300000,492.48,492.85,492.07,492.14,87390963.05623946
1789063200000,492.11,492.31,491.03,491.088,105934350.99965882
1789064100000,491.03,491.49,490.33,490.865,110971884.34326825
1789065000000,490.865,491.49,490.69,491.38,129852030.76385778
1789065900000,491.37,491.68,490.7897,490.82,108918648.55322523
1789066800000,490.81,491.28,490.4,491.075,118388176.7389132
1789067700000,491.08,491.16,490.12,490.27,112280231.66871825
1789068600000,490.27,491.63,490.14,491.595,150515685.0542072
1789069500000,491.57,492.86,491.248,492.44,435908677.35317713
1789070400000,492.55,492.8397,491.34,492.28,2494867239.7227345
1789071300000,492.44,493.1887,492.0,492.45,6836160.70534725
1789072200000,492.5,492.85,491.92,492.35,4749990.017227419
1789073100000,492.631,492.64,491.3685,492.6,42414591.45437534
1789074000000,492.48,494.3799,489.0262,489.5,38238381.8218997
1789074900000,489.47,490.9999,488.5,490.0,49470961.775051
1789075800000,489.99,490.2,489.4,489.4147,15533359.308460603
1789076700000,489.9752,490.0,489.4,489.7,1919447.3252457876
1789077600000,489.9,490.67,489.4412,490.5,1514744.4408427866
1789078500000,490.25,490.65,489.9,489.9,775618.0037344574
1789079400000,489.9,490.1988,489.9,490.01,423573.7492625332
1789080300000,490.1537,490.3,490.01,490.01,783062.6234496908
1789081200000,490.0172,490.5,490.01,490.01,973880.0984645688
1789082100000,490.1867,490.5,490.01,490.44,1258104.8175399245
1789083000000,490.43,490.49,490.01,490.48,3501494.1720204856
1789083900000,490.3001,490.5,490.01,490.188,2656803.2720579235
1789084800000,490.32,491.0,490.32,491.0,485287.89
1789085700000,491.08,491.3,490.91,491.28,418388.48
1789086600000,491.19,491.5,490.85,490.85,734704.19
1789087500000,491.12,491.49,490.95,491.4,205304.17
1789088400000,491.34,491.6,491.31,491.41,148426.07
1789089300000,491.31,491.51,491.07,491.5,1071748.85
1789090200000,491.19,491.34,491.0,491.11,223953.38
1789091100000,490.93,491.09,490.81,491.09,303402.08
1789092000000,491.1,491.3,491.07,491.23,36841.22
1789092900000,491.15,491.21,490.86,490.99,60886.32
1789093800000,490.98,491.09,490.75,490.86,95234.01
1789094700000,490.85,491.14,490.85,490.89,84449.18
1789095600000,490.83,490.92,490.73,490.89,104543.14
1789096500000,490.85,490.99,490.71,490.99,117318.32
1789097400000,490.85,491.1,490.68,490.92,141873.48
1789098300000,490.82,491.09,490.79,491.09,151699.31
1789099200000,491.06,491.29,490.8,491.29,414433.56
1789100100000,491.28,491.29,490.92,491.29,153707.15
1789101000000,491.29,491.41,490.96,491.13,323731.26
1789101900000,491.03,491.28,491.02,491.16,83483.85
1789102800000,491.05,491.41,491.03,491.12,286905.56
1789103700000,491.28,491.31,491.11,491.3,111513.22
1789104600000,491.21,491.6,491.21,491.57,671845.14
1789105500000,491.51,491.75,491.38,491.39,913778.13
1789106400000,491.39,491.49,491.13,491.38,408704.9
1789107300000,491.49,491.49,491.05,491.11,269199.86
1789108200000,491.21,491.45,491.09,491.18,342380.24
1789109100000,491.18,491.69,491.08,491.59,1259404.12
1789110000000,491.59,491.8,491.32,491.68,865219.88
1789110900000,491.67,492.31,491.39,491.8,1740480.35
1789111800000,491.83,491.85,491.28,491.44,1058512.24
1789112700000,491.35,491.47,491.0,491.42,666150.41
1789113600000,491.01,492.44,490.2612,491.3052,17568733.404886972
1789114500000,491.31,493.0,491.31,492.1867,2055396.2929588119
1789115400000,492.36,493.0,492.36,492.74,1153506.037779356
1789116300000,492.74,493.16,492.5245,493.16,1506528.59158178
1789117200000,493.16,493.4875,492.9,492.95,1270603.3464593813
1789118100000,492.9488,493.1888,492.6867,492.78,1272323.098715164
1789119000000,492.79,493.2035,492.79,493.2035,888198.334279205
1789119900000,493.22,493.34,493.01,493.145,452720.9783392
1789120800000,493.14,493.7372,493.08,493.44,1532510.439560489
1789121700000,493.25,493.5988,493.25,493.34,1290930.3138036
1789122600000,493.34,493.4645,493.2512,493.41,748868.28605425
1789123500000,493.34,493.69,493.2711,493.518,1089294.648920838
1789124400000,493.44,494.9988,492.44,494.85,7650402.958578116
1789125300000,494.86,494.95,494.0,494.34,4504334.807488657
1789126200000,494.4,495.0,494.2,494.9799,2176581.0612868867
1789127100000,494.9875,495.4962,494.8004,495.3012,3426860.0669614114
1789128000000,495.469,496.38,494.8012,495.99,5481410.717446817
1789128900000,495.99,497.07,495.95,496.745,6743133.761772842
1789129800000,496.2,496.91,494.8,495.7,12714772.86668649
1789130700000,495.7,496.6411,495.5012,496.51,10559928.883586416
1789131600000,496.51,496.99,495.6912,496.4628,14411684.265429936
1789132500000,496.4285,497.5,495.59,495.59,12165865.7537251
1789133400000,495.625,498.97,493.316,495.51,850595309.9173474
1789134300000,495.615,498.6,494.8805,498.48,232005481.53742123
1789135200000,498.525,498.53,495.59,495.655,201696186.22517368
1789136100000,495.7199,496.0,494.62,495.13,163814464.55065453
1789137000000,495.09,495.73,493.79,494.24,203698774.18681166
1789137900000,494.23,494.3751,492.58,493.0031,136379076.08180866
1789138800000,493.03,494.53,492.66,494.44,123617314.5964
1789139700000,494.49,496.87,494.3301,496.78,384947246.5287
1789140600000,496.66,497.23,495.9616,496.72,184400864.45228183
1789141500000,496.6,496.79,494.27,494.565,155790382.93125087
1789142400000,494.565,496.54,494.545,495.72,115432809.62193334
1789143300000,495.765,496.0,495.0,495.275,106624749.53263178
1789144200000,495.34,495.8599,495.03,495.59,94644876.3604
1789145100000,495.5901,495.7603,494.155,494.19,73214365.61478126
1789146000000,494.23,495.1,494.2101,494.55,92345828.96507908
1789146900000,494.54,495.71,494.54,495.28,69026999.00457701
1789147800000,495.3,495.55,494.795,494.88,97465956.35643497
1789148700000,494.9,495.4,494.65,495.2437,68864884.65318106
1789149600000,495.2475,495.7299,495.2475,495.7299,81212845.19984542
1789150500000,495.73,495.9999,495.19,495.915,98824003.22914661
1789151400000,495.97,496.26,495.6,496.095,89374667.64915407
1789152300000,496.09,496.73,495.85,496.62,99827200.18573706
1789153200000,496.67,497.24,496.62,497.175,84045212.68425219
1789154100000,497.19,497.38,496.645,497.14,154841953.42105165
1789155000000,497.07,497.18,496.82,496.82,111960542.2544248
1789155900000,496.8143,497.5,495.54,495.63,536571630.83993655
1789156800000,495.59,496.48,492.36,495.3218,2054517659.995568
1789157700000,495.47,495.63,495.3,495.4,2761706.437268207
1789158600000,495.4542,495.62,495.31,495.49,18268931.862461474
1789159500000,495.4,495.4999,495.0612,495.43,226940126.3093995
1789160400000,495.4692,495.48,494.7155,495.09,741425.2785984357
1789161300000,495.0967,495.4,494.7,495.4,108507355.21874054
1789162200000,494.96,495.2,494.685,495.0108,3157336.368920341
1789163100000,495.0337,495.2,495.01,495.0101,1271718.342665
1789164000000,495.1981,495.5,495.01,495.022,333261.027623188
1789164900000,495.4888,495.49,495.01,495.16,819054.0494696537
1789165800000,495.3734,495.3734,494.8001,494.8001,377501.2783102664
1789166700000,494.825,495.04,494.8,494.82,235142.3176552278
1789167600000,495.0,495.03,494.8,494.8412,252408.468149375
1789168500000,494.8447,495.2387,494.8,494.9454,398038.8557278836
1789169400000,494.92,494.95,494.8,494.82,479980.3884911008
1789170300000,494.82,495.0,494.1,494.89,719014.0209044561
1789177500000,495.21,495.3,494.72,494.72,4042.698998
1789178400000,495.12,495.24,494.77,494.77,1444.858058
1789186500000,494.77,494.77,494.77,494.77,59.273446
1789191000000,495.22,495.22,495.22,495.22,29.96081
1789202700000,495.22,495.22,494.77,494.77,411.538843
1789203600000,495.38,495.38,494.72,494.72,409.515725
1789215300000,495.39,495.39,495.39,495.39,14.514927
1789223400000,495.39,495.39,495.39,495.39,23.976876
1789224300000,495.43,495.43,495.43,495.43,237.459599
1789232400000,495.46,495.46,494.72,494.72,40.201308
1789234200000,494.72,494.72,494.72,494.72,24.736
1789238700000,495.46,495.46,495.46,495.46,49.991914
1789242300000,495.56,495.56,495.56,495.56,49.952448
1789243200000,495.59,495.59,495.59,495.59,19.972277
1789255800000,494.72,495.59,494.72,495.59,210.897613
1789266600000,495.59,495.59,495.59,495.59,62.394781
1789267500000,495.7,495.7,495.59,495.59,67.705107
1789269300000,495.71,495.71,494.72,494.72,383.486977
1789279200000,495.68,495.68,495.68,495.68,49.964544
1789297200000,495.62,495.62,492.25,492.25,13385.598342
1789309800000,492.78,492.78,492.78,492.78,23.998386
1789311600000,492.78,492.78,492.48,492.48,250.650144
1789314300000,492.9,492.9,492.3,492.3,20.19654
1789315200000,492.9,492.9,492.9,492.9,59.98593
1789317000000,492.9,492.9,492.9,492.9,17.44866
1789322400000,492.3,492.3,492.3,492.3,99.29691
1789326000000,492.73,492.73,492.73,492.73,20.004838
1789329600000,492.73,492.73,492.73,492.73,19.955565
1789342200000,492.73,492.73,492.73,492.73,19.955565
1789344000000,492.33,493.45,492.03,492.9,2362824.18
1789344900000,492.9,493.34,492.46,492.86,839946.34
1789345800000,492.9,492.94,492.28,492.69,929623.56
1789346700000,492.77,492.88,492.26,492.27,358061.34
1789347600000,492.26,493.34,492.24,492.56,3435712.24
1789348500000,492.56,493.42,492.43,493.26,2170835.48
1789349400000,493.25,494.56,493.25,494.2,2169566.92
1789350300000,494.22,494.38,493.9,494.2,430397.72
1789351200000,494.02,494.02,493.4,493.76,765031.85
1789352100000,493.69,493.92,493.59,493.59,692235.21
1789353000000,493.74,493.95,493.74,493.75,201967.37
1789353900000,493.89,494.01,493.87,494.01,78045.68
1789354800000,493.98,494.07,493.52,493.52,630055.1
1789355700000,493.43,493.47,492.92,493.44,1428560.73
1789356600000,493.31,493.33,492.97,493.02,266795.16
1789357500000,493.0,493.28,493.0,493.26,115398.97
1789358400000,493.09,493.42,493.09,493.2,44885.34
1789359300000,493.16,493.43,493.16,493.43,30090.18
1789360200000,493.41,493.59,493.21,493.27,439213.84
1789361100000,493.5,493.65,493.45,493.65,185095.94
1789362000000,493.56,493.85,493.56,493.83,508074.92
1789362900000,493.88,494.23,493.85,494.02,579902.04
1789363800000,493.98,494.03,493.45,493.56,803736.17
1789364700000,493.56,493.65,492.9,493.19,1327834.4
1789365600000,493.21,493.21,492.51,492.75,1243987.09
1789366500000,492.54,493.47,492.42,493.47,1424654.64
1789367400000,493.37,493.41,493.0,493.39,344343.1
1789368300000,493.39,493.49,493.0,493.01,823810.31
1789369200000,493.01,493.85,492.28,493.66,4092101.22
1789370100000,493.68,494.16,493.68,494.03,1158947.43
1789371000000,494.0,494.0,493.5,493.62,814908.64
1789371900000,493.62,493.69,493.09,493.37,701682.93
1789372800000,493.47,494.3315,492.0,492.5125,35115077.647317104
1789373700000,492.69,493.0,492.0162,492.12,7140560.466884828
1789374600000,492.48,492.9837,492.0,492.5,3739275.8058351562
1789375500000,492.38,492.5487,490.75,490.96,4007070.137260244
1789376400000,490.96,491.6988,490.7366,491.1,5972747.915493128
1789377300000,490.98,491.9792,490.7,491.8,5498074.153576552
1789378200000,491.88,492.31,491.61,492.0,1761489.6689356728
1789379100000,491.98,492.82,491.93,492.52,9908567.07796034
1789380000000,492.61,492.88,492.3823,492.8,1254166.8794712503
1789380900000,492.64,493.45,492.36,493.12,3701946.993577212
1789381800000,493.4354,494.5,492.97,494.37,6750267.762835681
1789382700000,494.4877,496.03,494.1,495.4875,7541880.997017487
1789383600000,495.21,497.73,495.0,496.86,26003086.332103703
1789384500000,496.9542,499.11,496.71,498.7,26319631.556322187
1789385400000,498.4927,499.0,496.66,497.0,13756984.179788768
1789386300000,497.0,498.29,496.6,497.9299,22548860.026400227
1789387200000,497.4729,499.1007,497.0,498.6,24806680.52082856
1789388100000,498.78,499.3,495.63,498.95,25650013.190748677
1789389000000,498.95,499.0,497.532,498.9,6275636.508683027
1789389900000,498.85,499.1,497.81,498.5099,22324524.080699354
1789390800000,498.47,498.57,497.01,497.1945,36608844.76034026
1789391700000,497.5,499.1,496.69,497.0487,16383072.37031135
1789392600000,497.5,499.8,495.3416,496.465,740184201.6010379
1789393500000,496.465,501.67,496.0,501.285,648380748.1584505
1789394400000,501.395,502.4175,499.8,500.774,339429731.5937843
1789395300000,500.7215,500.9,498.6501,499.555,346677249.6263
1789396200000,499.55,500.53,498.39,499.35,334537778.1084
1789397100000,499.355,501.8,499.27,501.72,367907915.6566
1789398000000,501.78,504.07,501.13,503.27,410903013.58801335
1789398900000,503.26,504.47,502.74,503.715,375950857.88779914
1789399800000,503.65,505.68,502.4301,505.4561,389377287.2248599
1789400700000,505.4301,505.5428,503.89,504.055,262792347.29533523
1789401600000,504.1,505.3895,503.94,505.04,278649896.36310095
1789402500000,505.05,505.84,504.91,505.295,253609088.4693039
1789403400000,505.295,507.17,505.105,507.15,344035748.06349385
1789404300000,507.1401,508.8,506.6701,508.24,423248559.20548433
1789405200000,508.185,508.39,507.5,508.025,191623563.2786
1789406100000,508.025,509.1,507.9301,508.98,185662395.44505522
1789407000000,508.96,509.74,508.3,509.34,232875721.73493925
1789407900000,509.38,509.93,508.83,509.14,209433342.04168335
1789408800000,509.14,509.7,508.3,508.46,210167202.04774147
1789409700000,508.39,508.5199,507.45,507.4507,206052240.66065815
1789410600000,507.52,507.855,506.95,507.135,183323527.48943952
1789411500000,507.125,507.28,505.8,505.8,194950881.22601634
1789412400000,505.85,506.81,505.61,506.445,176820028.34552708
1789413300000,506.445,507.355,506.1705,507.295,174629309.43892443
1789414200000,507.3157,507.665,506.86,506.905,257471789.79125056
1789415100000,506.87,507.47,504.7,505.41,1225686198.1535215
1789416000000,505.41,506.4285,504.8,505.1367,2422204553.4225616
1789416900000,505.4,505.41,504.85,504.85,3635000.16763033
1789417800000,504.8359,505.53,504.8359,504.91,2657032.064445335
1789418700000,504.95,506.9006,504.64,504.7,41881633.2696849
1789419600000,504.96,505.1,504.7,505.02,3471998.266686218
1789420500000,505.0,505.0292,504.64,504.7235,9388499.990420273
1789421400000,504.75,505.0,504.7,504.9947,6854395.96061871
1789422300000,504.64,505.0,504.64,504.92,3225773.4275303804
1789423200000,504.9997,505.03,504.77,504.8,2207671.147383
1789424100000,504.77,505.0,504.45,504.5,2541956.919394616
1789425000000,504.5188,504.7,504.25,504.28,690756.7221130083
1789425900000,504.4,504.6,504.0,504.16,1890415.6166750768
1789426800000,504.17,504.2472,504.0,504.1,823416.6272777029
1789427700000,504.03,504.093,503.56,504.0,2786119.315659765
1789428600000,504.0155,504.6,504.0,504.31,601440.3419632511
1789429500000,504.26,504.6,504.0,504.0,1314866.1136474863
1789430400000,504.65,504.99,503.97,504.69,1449107.8
1789431300000,504.62,504.62,504.3,504.35,458576.26
1789432200000,504.38,504.6,504.17,504.39,368708.16
1789433100000,504.48,504.52,504.22,504.48,263299.23
1789434000000,504.43,504.49,504.23,504.4,88267.14
1789434900000,504.41,504.49,504.2,504.26,82203.61
1789435800000,504.16,504.23,503.67,503.75,595619.58
1789436700000,503.84,504.0,503.71,503.71,317432.0
1789437600000,503.78,503.83,503.64,503.7,324395.53
1789438500000,503.76,503.76,503.48,503.53,159114.25
1789439400000,503.53,503.53,503.29,503.3,331772.76
1789440300000,503.31,503.4,503.23,503.23,122302.54
1789441200000,503.29,503.29,503.08,503.25,57364.2
1789442100000,503.16,503.3,503.15,503.3,105177.82
1789443000000,503.38,503.4,503.3,503.35,29195.66
1789443900000,503.36,503.38,502.47,502.54,815757.69
1789444800000,502.53,502.73,502.34,502.57,170396.98
1789445700000,502.54,502.54,502.11,502.13,156228.85
1789446600000,502.1,502.16,501.95,502.04,511603.83
1789447500000,502.0,502.15,501.66,501.88,347881.02
1789448400000,501.92,501.95,501.24,501.24,439435.57
1789449300000,501.24,501.67,501.0,501.53,596505.62
1789450200000,501.64,502.05,501.5,501.98,1603794.22
1789451100000,502.05,502.18,501.77,502.01,579306.02
1789452000000,501.97,502.17,501.67,501.69,489390.38
1789452900000,501.69,501.9,501.61,501.78,591114.12
1789453800000,501.78,502.08,501.7,501.75,549107.23
1789454700000,501.92,501.97,501.45,501.45,1005513.39
1789455600000,501.42,501.63,501.08,501.32,1651097.76
1789456500000,501.11,501.24,499.88,499.97,3455034.54
1789457400000,500.08,500.15,499.61,500.0,1755170.97
1789458300000,500.1,500.1,499.23,499.31,2243753.29
1789459200000,499.56,505.41,498.1,498.5,27673867.478669636
1789460100000,498.78,499.654,498.5,499.1472,1613252.9275623995
1789461000000,499.14,499.4617,498.5,499.06,1426690.548609726
1789461900000,498.89,499.2875,498.57,499.0154,1167540.3396732125
1789462800000,499.07,499.89,498.5612,499.42,1735946.0973507252
1789463700000,499.25,499.6988,499.0,499.177,1252306.8892152167
1789464600000,499.14,500.38,499.1012,500.2,2855109.2217578413
1789465500000,500.26,500.9555,500.0,500.37,2906776.754907
1789466400000,500.32,500.74,499.5616,500.2267,2207715.995259118
1789467300000,500.31,500.9384,499.5012,500.2,853833.3876116822
1789468200000,500.11,500.685,500.1,500.5487,2025867.0482755601
1789469100000,500.2,500.98,500.1,500.95,1602797.989408074
1789470000000,500.78,500.99,499.2175,499.9465,8811906.43321779
1789470900000,499.9,500.5888,499.5122,500.5888,4766621.383772239
1789471800000,500.4,500.9,500.11,500.9,1898740.9302640771
1789472700000,500.79,500.99,500.15,500.25,2686997.622682231
1789473600000,500.4,500.8,500.25,500.76,8344234.597994714
1789474500000,500.55,500.97,500.0,500.6,2132055.725113469
1789475400000,500.4881,500.97,500.0,500.2001,1683253.8646149295
1789476300000,500.2512,501.39,500.25,500.89,5530321.836958619
1789477200000,500.8509,501.0,500.5,500.6208,4118858.7161180614
1789478100000,500.8451,502.34,500.03,500.76,12085878.409177065
1789479000000,500.405,505.9,499.1,504.395,590238440.5998354
1789479900000,504.395,504.57,500.73,501.25,403477769.5512
1789480800000,501.2,501.2,498.61,499.61,324285045.9427
1789481700000,499.627,499.68,498.2,499.125,252677254.10071796
1789482600000,499.041,499.58,498.53,499.05,195876006.35112926
1789483500000,499.05,500.2,499.0,499.865,174805089.76084444
1789484400000,499.89,502.13,499.45,501.21,255978778.28593588
1789485300000,501.155,501.26,499.77,499.985,150611048.87108555
1789486200000,500.01,500.08,499.05,499.71,260788708.582717
1789487100000,499.69,501.68,499.2025,501.0307,146949380.89376402
1789488000000,501.045,501.47,499.61,499.94,110220038.84946728
1789488900000,499.97,501.235,499.88,500.275,183072947.9659294
1789489800000,500.255,501.39,500.095,500.4675,140361236.6145676
1789490700000,500.46,501.385,500.35,500.8,128561075.99654125
1789491600000,500.89,501.2,499.8001,499.94,101799895.21644019
1789492500000,499.8834,499.93,499.09,499.16,95806230.13635153
1789493400000,499.17,499.7,499.0,499.42,108618837.86531077
1789494300000,499.425,499.56,498.4522,498.63,101807281.71188267
1789495200000,498.615,498.8,497.58,498.52,140550386.6122736
1789496100000,498.535,498.73,497.93,498.7123,152048074.6062038
1789497000000,498.63,498.98,498.29,498.53,99920888.29712676
1789497900000,498.53,498.565,497.53,498.1,142219597.0080441
1789498800000,498.055,498.206,497.11,497.325,145831168.90262523
1789499700000,497.24,497.2501,496.39,496.46,156227489.29807976
1789500600000,496.475,497.06,495.59,496.2,282231146.7073887
1789501500000,496.17,497.63,495.54,497.12,690130105.4652246
1789502400000,497.12,498.7645,496.617,497.5,2693329208.520493
1789503300000,497.35,497.8,497.12,497.5,9836393.281517414
1789504200000,497.5,498.0,497.2,497.5873,2948970.610360989
1789505100000,497.5312,497.9499,497.53,497.6624,153432408.71959516
1789506000000,497.6,497.95,497.2,497.7862,20520932.247751802
1789506900000,497.12,498.5346,494.6608,497.56,6983349.447695533
1789507800000,497.3352,498.5346,494.6608,497.32,569277.5759668708
1789508700000,497.266,497.8,497.26,497.45,5057427.509091902
1789509600000,498.0,498.46,497.32,498.45,1907646.9037509135
1789510500000,498.15,498.5,498.15,498.24,1128499.176264993
1789511400000,498.15,499.0,498.15,498.51,1964504.7826584324
1789512300000,498.61,498.79,498.1662,498.7,1007686.8001621912
1789513200000,498.7,498.7,498.16,498.6957,1687928.1162621258
1789514100000,498.54,498.7,498.2,498.5,483742.5633343298
1789515000000,498.16,498.7,498.16,498.6,1182978.2326808467
1789515900000,498.7,498.8,498.2807,498.8,1322059.2103768385
1789516800000,498.3,498.67,498.12,498.67,137083.97
1789517700000,498.44,498.47,498.06,498.4,148966.97
1789518600000,498.4,498.4,497.69,497.7,388807.16
1789519500000,497.84,497.98,497.75,497.94,170281.16
1789520400000,497.92,498.19,497.45,498.06,657981.16
1789521300000,498.14,498.14,497.92,497.94,37850.29
1789522200000,497.81,497.95,497.65,497.95,77654.57
1789523100000,497.94,498.19,497.52,497.75,100575.74
1789524000000,497.91,498.03,497.69,497.87,211094.6
1789524900000,497.87,497.97,497.79,497.97,111537.89
1789525800000,497.96,497.99,497.78,497.78,71199.73
1789526700000,497.78,497.99,497.73,497.99,97577.97
1789527600000,497.95,498.2,497.92,498.2,193752.57
1789528500000,498.16,499.01,498.16,498.9,746530.06
1789529400000,498.73,498.73,498.38,498.59,106213.9
1789530300000,498.54,498.66,498.47,498.47,59329.5
1789531200000,498.56,498.62,498.38,498.38,73283.85
1789532100000,498.39,498.39,497.96,497.98,335198.32
1789533000000,497.85,497.87,497.8,497.8,54261.96
1789533900000,497.86,497.86,497.8,497.81,77657.55
1789534800000,497.8,498.0,497.65,497.97,244955.75
1789535700000,497.96,497.96,497.82,497.88,99072.77
1789536600000,497.88,497.98,497.7,497.98,628646.06
1789537500000,497.92,497.94,497.62,497.71,114474.88
1789538400000,497.76,498.25,497.67,498.23,644301.3
1789539300000,498.18,498.24,497.82,497.82,541880.96
1789540200000,497.77,497.88,497.71,497.75,137400.31
1789541100000,497.72,497.92,497.62,497.79,121967.89
1789542000000,497.81,498.03,497.34,497.34,843560.49
1789542900000,497.4,497.4,496.55,496.66,718556.77
1789543800000,496.68,496.69,496.19,496.19,235320.19
1789544700000,496.23,496.29,495.8,496.02,1091643.69
1789545600000,496.32,498.8725,495.21,496.02,11258827.537690215
1789546500000,496.02,496.28,495.8,495.94,977031.1738038196
1789547400000,495.6017,495.95,495.5,495.51,1076328.6050616056
1789548300000,495.9387,495.9661,495.23,495.72,1329231.89782699
1789549200000,495.6,495.7776,495.41,495.45,499754.096818805
1789550100000,495.5817,495.5988,495.2255,495.59,707047.8725616037
1789551000000,495.25,495.6,495.2295,495.55,942404.16885704
1789551900000,495.47,496.08,495.36,495.76,1466700.2663732725
1789552800000,495.52,496.14,495.52,495.54,767240.8925104681
1789553700000,495.6,495.9855,495.524,495.6,1203609.828325934
1789554600000,495.96,496.15,495.6237,495.6237,581227.0672458526
1789555500000,495.98,496.1497,495.75,496.04,628494.8124962192
1789556400000,496.043,497.12,495.6112,495.86,5832638.420831461
1789557300000,495.86,496.32,495.37,495.5212,2621984.536103724
1789558200000,495.8488,496.3,495.5412,496.0,4416813.434436189
1789559100000,496.005,496.3,495.85,496.27,1270394.7196886688
1789560000000,496.28,497.0,496.01,496.45,2522825.338411513
1789560900000,496.25,496.4399,495.5,496.0113,1791810.765746052
1789561800000,495.81,496.25,495.61,495.8678,6417854.478570023
1789562700000,495.86,496.04,495.5,495.66,3036520.817752311
1789563600000,495.65,495.88,495.0,495.5358,4847975.101958424
1789564500000,495.36,495.36,493.0,493.1,9542610.662615929
1789565400000,493.15,495.92,491.13,493.85,486438508.0362
1789566300000,493.8,495.8599,493.15,495.61,330322941.086865
1789567200000,495.67,495.86,492.0301,492.55,229246460.6291
1789568100000,492.585,493.56,492.43,492.565,219302908.7107
1789569000000,492.62,493.7291,492.01,493.39,190947537.3282164
1789569900000,493.425,493.53,492.095,493.17,144904432.13676015
1789570800000,493.17,494.88,492.72,494.276,282437260.4057
1789571700000,494.47,494.8,493.48,494.29,208323332.1314
1789572600000,494.28,494.41,493.58,493.72,170031355.8357
1789573500000,493.72,494.75,493.58,494.04,122466290.08168726
1789574400000,494.065,494.37,493.52,493.85,168259269.2713
1789575300000,493.83,494.19,493.11,493.585,86280095.27246748
1789576200000,493.585,493.9578,493.15,493.72,97188957.80553454
1789577100000,493.75,494.0,493.27,493.49,99904699.0952351
1789578000000,493.49,493.7,493.2101,493.625,78027733.01432669
1789578900000,493.59,494.3,493.3315,493.8,128969953.5244
1789579800000,493.825,493.93,493.32,493.445,66927195.694026686
1789580700000,493.445,493.74,492.78,493.66,122906566.24318428
1789581600000,493.61,494.46,492.84,493.365,111489738.5275
1789582500000,493.42,494.0,493.13,493.65,85030114.3045
1789583400000,493.6101,494.47,490.89,493.84,209912994.4591
1789584300000,493.8121,494.14,490.61,490.61,149157293.868
1789585200000,490.665,492.25,489.37,489.505,234506718.9983
1789586100000,489.505,489.87,487.23,488.64,404673761.4688
1789587000000,488.64,489.55,488.28,488.945,326291790.5249
1789587900000,488.95,490.79,488.75,490.3,778446371.5799
1789588800000,490.56,491.0,490.0,490.45,499754607.6282
1789589700000,490.45,490.7,490.0,490.31,5603553.170671677
1789590600000,490.25,490.7,490.0,490.3,1592908.6818709061
1789591500000,490.26,490.7,487.1828,490.35,92058784.00400051
1789592400000,490.36,490.89,487.1828,490.8187,7175390.183546737
1789593300000,490.84,490.9,490.4905,490.8,12804169.536376735
1789594200000,490.85,491.67,490.75,491.4815,9166886.373757638
1789595100000,491.55,491.8,491.06,491.5999,14130291.095078535
1789596000000,491.49,491.5,490.5055,491.24,1695221.698654641
1789596900000,490.84,491.6,490.55,491.46,2582286.7327537984
1789597800000,491.23,492.8,491.2,491.98,7264347.397076923
1789598700000,491.87,492.4,491.22,491.89,2201244.335056198
1789599600000,491.89,492.49,491.5247,492.1117,887091.3962842677
1789600500000,492.2765,492.29,491.7,492.2,7449853.733953
1789601400000,492.28,492.49,491.9,492.49,1370156.8762029046
1789602300000,492.49,492.8,492.12,492.52,1766131.4366839966
1789603200000,492.26,493.12,492.25,492.63,650292.98
1789604100000,492.61,492.97,492.48,492.68,427698.91
1789605000000,492.69,493.34,492.6,493.13,350421.32
1789605900000,493.17,493.19,492.84,493.1,262781.05
1789606800000,493.09,493.17,492.91,493.1,144950.16
1789607700000,493.14,493.14,492.9,492.99,216909.51
1789608600000,493.08,493.1,492.72,492.98,437710.76
1789609500000,492.98,492.98,492.55,492.55,807561.25
1789610400000,492.57,492.77,492.55,492.77,218268.58
1789611300000,492.84,492.9,492.65,492.84,137975.8
1789612200000,492.84,493.03,492.82,492.97,100061.24
1789613100000,492.95,493.33,492.85,493.27,340253.97
1789614000000,493.35,493.44,493.26,493.29,148996.54
1789614900000,493.3,493.47,493.26,493.47,79926.69
1789615800000,493.47,493.5,493.38,493.44,147051.96
1789616700000,493.49,493.64,493.39,493.6,349915.74
1789617600000,493.55,493.63,493.47,493.47,80449.13
1789618500000,493.47,493.47,493.25,493.43,450869.2
1789619400000,493.4,493.52,493.3,493.48,91780.57
1789620300000,493.45,493.56,493.36,493.43,93752.72
1789621200000,493.43,493.49,493.27,493.28,80911.45
1789622100000,493.28,493.36,493.24,493.29,136153.3
1789623000000,493.25,493.25,492.86,492.96,562574.46
1789623900000,492.89,493.07,492.58,492.58,319824.81
1789624800000,492.57,492.8,492.51,492.6,281323.84
1789625700000,492.79,493.56,492.79,493.56,278684.07
1789626600000,493.59,493.8,493.32,493.75,610441.15
1789627500000,493.8,493.99,493.74,493.81,434597.86
1789628400000,493.97,494.55,493.97,494.48,692901.85
1789629300000,494.57,494.87,494.55,494.74,1345632.26
1789630200000,494.74,495.84,494.74,495.44,3197660.31
1789631100000,495.5,495.56,495.11,495.48,438309.67
1789632000000,495.93,495.93,490.3,494.13,15330640.102524236
1789632900000,494.13,494.1902,493.39,493.7988,1800616.4059873372
1789633800000,493.8,494.4305,493.6,494.26,4115620.4269413506
1789634700000,494.35,495.0,494.06,494.7447,637499.84807057
1789635600000,494.43,494.55,494.0612,494.0612,1606643.733414842
1789636500000,494.0697,494.3488,493.7712,494.1842,1464114.2700840675
1789637400000,494.3,494.55,494.05,494.22,691153.8403171673
1789638300000,494.22,494.525,493.5612,493.5612,685013.3753056783
1789639200000,493.68,494.1388,493.5612,494.1388,789366.0645120894
1789640100000,494.0,494.0,493.1857,493.54,813225.3044282462
1789641000000,493.66,497.8,493.54,494.0012,32363276.762639772
1789641900000,494.1,494.7488,494.05,494.37,1061337.175697668
1789642800000,494.21,495.0,493.4,494.61,6856621.978120749
1789643700000,494.61,495.0,494.5,494.77,7424965.003051145
1789644600000,494.89,494.9,494.11,494.52,3364358.5844691633
1789645500000,494.8618,496.09,494.13,495.92,11269201.721633837
1789646400000,495.91,496.2,495.234,495.45,16602084.617248366
1789647300000,495.6045,496.38,495.0775,495.3,12644973.981744172
1789648200000,496.2,496.4902,495.3612,496.4245,21964542.317191727
1789649100000,496.36,496.6,495.8122,496.16,10079445.23413836
1789650000000,496.2,496.91,494.75,495.14,12099259.952383624
1789650900000,495.2,499.99,494.5,498.14,26598550.64907903
1789651800000,498.0,501.47,493.275,496.72,896312730.3041
1789652700000,496.635,498.5,495.15,496.325,344185485.3443
1789653600000,496.325,497.59,494.88,496.09,209516100.539
1789654500000,496.035,498.7,495.5601,498.215,263028084.5193
1789655400000,498.29,499.36,497.18,497.3801,226301169.7164
1789656300000,497.38,497.67,495.98,496.19,112124095.3406
1789657200000,496.19,496.4799,494.6,496.0101,173474064.5679
1789658100000,496.12,496.8,495.58,495.81,198112327.2714
1789659000000,495.795,497.49,495.63,497.385,293517996.7226622
1789659900000,497.3801,497.6464,496.5,497.04,90598945.38383695
1789660800000,497.06,497.065,495.38,496.04,139730047.3175
1789661700000,495.969,496.09,495.3701,495.73,74674066.0839
1789662600000,495.725,496.1,495.06,495.845,75880612.9065
1789663500000,495.845,496.24,495.465,495.9202,72525171.2513
1789664400000,495.955,496.13,495.4,495.62,69365928.29845928
1789665300000,495.55,495.59,494.53,495.0399,88081665.96010832
1789666200000,495.05,495.57,494.88,495.4,75933530.1323
1789667100000,495.4,496.18,495.19,495.99,116988066.0735
1789668000000,495.985,495.985,494.9,495.345,157962118.60300958
1789668900000,495.3,495.67,495.061,495.24,59050633.1404
1789669800000,495.28,495.395,494.6,494.9,78285493.15128909
1789670700000,494.87,495.2799,494.79,495.07,71024970.10038841
1789671600000,495.05,496.37,494.9801,496.215,186393391.7336
1789672500000,496.215,496.67,495.2,496.04,175264920.16874444
1789673400000,495.99,497.17,495.75,497.09,165503505.99671656
1789674300000,497.06,499.05,496.82,497.75,869588916.8981
1789675200000,497.68,498.25,497.15,497.46,270575156.5693
1789676100000,497.6,497.75,497.25,497.251,1466400.3194643494
1789677000000,497.25,497.4999,496.1,496.6,1100779.9300898344
1789677900000,497.0,497.0,496.33,496.65,66651643.34268668
1789678800000,496.63,497.25,496.33,496.8,901020.9951202367
1789679700000,496.35,496.8,496.35,496.65,15919322.997755663
1789680600000,496.8,497.0,496.4,497.0,477756.0692259948
1789681500000,496.75,497.0,496.61,496.97,79667.85940332
1789682400000,496.7,496.99,495.2,495.8,1613092.3910537432
1789683300000,495.99,496.7488,495.3,496.1988,1527198.1593662149
1789684200000,495.98,496.62,495.6187,496.54,4756901.1818
1789685100000,495.99,496.55,495.8,496.4752,756762.6824598085
1789686000000,496.5337,496.719,495.915,496.32,660571.199510209
1789686900000,496.0732,496.583,495.9,496.05,152439.0000197154
1789687800000,496.05,496.75,496.0,496.158,469610.4975311238
1789688700000,496.0101,496.75,496.01,496.75,786749.9424817557
1789689600000,496.05,496.89,496.05,496.89,244389.52
1789690500000,496.8,497.12,496.77,496.95,360365.52
1789691400000,496.89,497.47,496.83,497.47,211783.43
1789692300000,497.33,497.33,497.01,497.03,81032.61
1789693200000,497.02,497.13,496.88,496.88,167485.88
1789694100000,496.89,497.01,496.83,496.95,6956.92
1789695000000,496.89,496.91,496.7,496.7,138124.51
1789695900000,496.75,496.96,496.75,496.96,31302.15
1789696800000,496.81,497.15,496.81,497.08,448300.61
1789697700000,497.08,497.21,497.04,497.1,63634.78
1789698600000,497.04,497.15,496.9,496.9,178416.4
1789699500000,496.95,497.02,496.57,496.81,336775.84
1789700400000,496.89,497.06,496.83,497.02,245502.27
1789701300000,497.02,497.19,496.87,497.13,291280.25
1789702200000,496.95,497.07,496.75,497.03,366709.11
1789703100000,497.1,497.19,496.9,496.93,303168.3
1789704000000,496.91,497.1,496.69,496.72,264315.2
1789704900000,496.8,496.93,496.43,496.5,520407.57
1789705800000,496.57,496.85,496.57,496.8,302493.67
1789706700000,496.8,497.32,496.8,497.32,356871.69
1789707600000,497.32,497.38,497.1,497.16,281431.71
1789708500000,497.29,497.55,497.23,497.43,447686.52
1789709400000,497.49,497.74,497.49,497.67,258768.39
1789710300000,497.65,498.26,497.63,498.25,1185017.5
1789711200000,498.4,498.47,498.28,498.33,140549.65
1789712100000,498.34,498.69,498.31,498.69,217819.37
1789713000000,498.64,499.31,498.64,499.07,1141321.22
1789713900000,499.12,499.12,498.83,498.95,988698.13
1789714800000,498.95,499.17,498.69,498.97,558391.32
1789715700000,498.97,499.43,498.95,499.21,687444.06
1789716600000,499.21,499.37,499.05,499.05,535715.4
1789717500000,499.05,499.43,498.91,499.43,437224.41
1789718400000,498.76,499.45,496.45,498.36,16475145.475509483
1789719300000,498.2,498.3661,497.4448,497.67,3139758.170443741
1789720200000,497.9701,497.9988,497.6396,497.8537,1418969.4911692
1789721100000,497.9,498.663,497.9,498.0,3019329.1478558206
1789722000000,498.1859,498.2,497.8713,498.1864,1614881.4244758906
1789722900000,497.9536,498.1988,497.72,497.79,2276318.8805506947
1789723800000,497.76,497.82,497.0,497.451,2777726.7524293684
1789724700000,497.1,497.46,497.1,497.275,1333423.0700723378
1789725600000,497.32,497.443,497.11,497.25,844571.50854616
1789726500000,497.3527,497.4588,496.8512,496.92,1167015.8581648408
1789727400000,496.92,497.9988,496.5168,497.9988,2979769.0995001947
1789728300000,497.3075,498.0,497.21,497.21,818330.6234106132
1789729200000,497.38,497.85,496.7112,497.39,2095573.0968902593
1789730100000,497.3455,497.95,497.0,497.76,2511731.4677815577
1789731000000,497.85,498.2425,497.27,497.56,6275442.7938487595
1789731900000,497.838,497.95,497.0,497.013,4270917.909776095
1789732800000,497.0235,497.4,496.65,496.85,3764125.479814522
1789733700000,496.655,496.9888,496.05,496.34,3154178.064301797
1789734600000,496.1,496.77,496.1,496.66,2304233.2514915336
1789735500000,496.65,497.54,496.5912,497.0232,4032772.0919801244
1789736400000,497.47,497.94,497.05,497.58,4157503.2932555266
1789737300000,497.54,498.4122,495.0,497.33,28664082.33297694
1789738200000,497.47,498.5,492.88,493.625,2378959888.8814487
1789739100000,493.68,494.98,493.29,493.71,276863588.6709
1789740000000,493.71,494.16,492.25,492.305,474701516.8170664
1789740900000,492.26,492.88,491.7518,492.415,214831602.2403
1789741800000,492.35,492.68,491.1,491.775,223992552.0778
1789742700000,491.7616,493.64,491.31,493.31,385049233.51826286
1789743600000,493.325,494.3599,493.1101,493.3,169389091.28260168
1789744500000,493.305,494.26,493.06,493.98,96252933.83869031
1789745400000,493.96,494.26,493.4392,494.2,130543116.70337492
1789746300000,494.2,494.27,493.57,493.575,134371597.8577331
1789747200000,493.61,494.31,493.42,493.82,89140444.50282818
1789748100000,493.7,493.94,493.0,493.535,79650194.22010349
1789749000000,493.53,493.7199,492.83,493.5,71436875.18494293
1789749900000,493.53,493.67,493.12,493.3019,85891938.7792
1789750800000,493.25,494.39,493.17,494.35,85733692.9469
1789751700000,494.34,494.59,493.91,494.24,66262928.871557295
1789752600000,494.21,495.19,493.817,495.18,105316671.8704
1789753500000,495.165,495.4499,494.57,494.665,123134715.48913482
1789754400000,494.62,495.05,494.43,494.535,95844625.4077
1789755300000,494.535,495.6,494.5,495.27,126741273.73234738
1789756200000,495.27,495.48,494.89,495.405,200629989.96517748
1789757100000,495.405,496.9,495.39,496.0505,184738974.00154498
1789758000000,496.13,496.605,495.78,496.055,108945047.9462021
1789758900000,496.07,496.07,495.08,495.15,152708391.17504844
1789759800000,495.14,495.23,494.24,495.16,209077299.10594338
1789760700000,495.155,495.74,492.02,493.78,1019996332.9042758
1789761600000,493.28,494.99,492.995,493.51,10462187241.035309
1789762500000,493.78,494.8,493.51,494.67,602671090.6385956
1789763400000,494.57,495.88,494.11,495.48,62722059.106508985
1789764300000,495.12,495.851,494.6775,494.81,123749787.32753521
1789765200000,495.1,496.5975,494.8,494.8,9975858.94595615
1789766100000,494.82,495.145,494.805,495.14,73468144.65643251
1789767000000,495.1381,495.2,494.45,495.0,6633954.383900013
1789767900000,495.0853,495.19,494.45,494.9867,113820.587512519
1789768800000,494.9888,494.99,494.51,494.5582,371358.957899928
1789769700000,494.7994,494.9988,494.5,494.5,30417918.221955873
1789770600000,494.5,495.0,494.5,494.6925,583637.2668429752
1789771500000,494.89,494.95,494.65,494.9425,446980.3234516141
1789772400000,494.6925,494.9499,494.51,494.63,468280.6089368823
1789773300000,494.7342,494.7447,494.3,494.3,969239.969810064
1789774200000,494.45,494.48,493.8,493.8,758634.464949635
1789775100000,493.9,494.0,493.78,493.99,1814126.1071503197
1789776000000,493.84,493.84,493.84,493.84,260.895672
1789788600000,494.14,494.14,493.74,493.74,992.440372
1789790400000,494.09,494.09,494.09,494.09,148.572863
1789801200000,494.19,494.19,494.19,494.19,49.962609
1789815600000,494.19,494.19,494.19,494.19,24.956595
1789828200000,494.19,494.19,494.19,494.19,23.968215
1789829100000,494.0,494.19,494.0,494.0,50.839231
1789830000000,494.19,494.19,494.19,494.19,24.956595
1789834500000,494.19,494.19,494.19,494.19,146.379078
1789835400000,494.18,494.18,494.18,494.18,146.376116
1789839900000,494.19,494.26,494.0,494.26,1750.353465
1789844400000,494.35,494.35,494.35,494.35,24.964675
1789848000000,494.4,494.53,494.4,494.53,172.466084
1789858800000,494.54,494.54,494.54,494.54,24.97427
1789869600000,494.57,494.57,494.57,494.57,14.8371
1789873200000,494.21,494.21,494.21,494.21,24.957605
1789885800000,494.0,494.0,494.0,494.0,29.887
1789886700000,494.07,494.07,494.07,494.07,20.405091
1789887600000,494.36,494.36,494.36,494.36,24.96518
1789888500000,494.57,494.57,494.57,494.57,349.512619
1789896600000,494.0,494.0,494.0,494.0,20.4022
1789897500000,494.0,494.0,494.0,494.0,173.9868
1789902000000,494.16,494.16,494.16,494.16,24.95508
1789905600000,494.0,494.0,494.0,494.0,718.9182
1789909200000,494.14,494.14,494.14,494.14,29.994298
1789914600000,494.14,494.14,494.14,494.14,23.96579
1789916400000,494.14,494.14,494.14,494.14,24.95407
1789919100000,494.14,494.14,494.0,494.14,94.178282
1789922700000,494.14,494.14,494.14,494.14,842.706356
1789930800000,494.35,494.35,494.35,494.35,44.936415
1789934400000,494.37,494.37,494.37,494.37,19.972548
1789941600000,494.4,494.94,494.4,494.94,3852.9289
1789942500000,495.07,495.07,495.07,495.07,519.8235
1789943400000,495.15,495.81,495.15,495.56,6403.880271
1789944300000,495.58,495.9,495.58,495.9,1561.4753
1789945200000,496.03,496.03,496.03,496.03,24.999912
1789947000000,496.0,496.0,496.0,496.0,19.9888
1789948800000,494.99,495.56,494.28,494.66,919147.84
1789949700000,494.66,495.02,494.43,494.66,636232.9
1789950600000,494.88,495.18,494.67,494.93,930609.97
1789951500000,494.92,494.96,494.58,494.69,521031.32
1789952400000,494.75,495.02,494.75,494.98,455773.19
1789953300000,494.86,494.93,494.78,494.81,268213.42
1789954200000,494.8,495.06,494.78,495.06,116319.16
1789955100000,495.06,495.17,495.01,495.01,531712.36
1789956000000,495.01,495.01,494.71,494.71,271699.32
1789956900000,494.73,494.74,494.45,494.5,420838.47
1789957800000,494.45,494.75,494.4,494.73,397222.21
1789958700000,494.74,494.79,494.54,494.54,201812.34
1789959600000,494.64,494.91,494.56,494.84,340900.39
1789960500000,494.87,494.97,494.8,494.81,253863.91
1789961400000,494.81,495.75,494.68,495.01,1916062.43
1789962300000,495.01,495.47,494.91,494.91,481832.93
1789963200000,494.93,495.07,494.8,494.99,141541.13
1789964100000,494.99,495.07,494.83,494.91,201423.88
1789965000000,494.88,494.88,494.56,494.61,280986.42
1789965900000,494.61,494.9,494.5,494.5,288387.03
1789966800000,494.67,494.86,494.55,494.8,148916.15
1789967700000,494.61,494.75,494.5,494.5,177545.38
1789968600000,494.59,494.69,494.5,494.52,188915.39
1789969500000,494.53,494.59,494.34,494.44,336232.88
1789970400000,494.5,494.61,494.44,494.59,278906.94
1789971300000,494.58,494.62,494.55,494.55,122165.28
1789972200000,494.55,494.69,494.55,494.68,101404.04
1789973100000,494.7,494.93,494.0,494.0,1943729.68
1789974000000,494.63,494.69,493.81,494.42,2017514.5
1789974900000,494.48,494.62,494.07,494.2,502715.68
1789975800000,494.4,494.61,494.29,494.42,311006.42
1789976700000,494.52,494.75,494.23,494.23,511898.97
1789977600000,494.0,495.8,493.7855,494.49,20742657.931323063
1789978500000,494.38,495.0,493.9,494.3,1878707.0895879169
1789979400000,494.13,494.495,494.0,494.3,2429993.184511938
1789980300000,494.36,494.6,494.0637,494.25,1206532.8018399503
1789981200000,494.2,494.591,494.0012,494.1572,1331132.078404842
1789982100000,494.22,494.58,494.11,494.21,1180872.1940655806
1789983000000,494.21,494.5415,494.16,494.37,831118.8409180674
1789983900000,494.37,494.812,494.3012,494.55,1332248.5001878438
1789984800000,494.45,494.83,494.37,494.77,1400229.9568661642
1789985700000,494.8,494.98,494.51,494.7942,1006449.689689901
1789986600000,494.62,495.2692,494.5712,494.9962,1503816.8791563902
1789987500000,494.9787,495.58,494.8712,495.36,1803649.5717229005
1789988400000,495.43,496.61,495.15,495.5617,8122015.7284695
1789989300000,495.5,496.11,495.47,495.86,3275767.414324793
1789990200000,495.9783,496.22,495.5062,495.75,3162396.928143508
1789991100000,495.75,495.75,495.2101,495.63,1917334.6944
1789992000000,495.7437,495.75,495.0,495.5,4965368.741474361
1789992900000,495.5,495.6,495.0012,495.55,3478366.489807744
1789993800000,495.521,495.75,495.12,495.45,3220825.522206801
1789994700000,495.14,495.6,494.8,495.5472,6564637.108901852
1789995600000,495.31,495.6,495.07,495.4473,102562104.62181449
1789996500000,495.46,495.75,494.32,494.5,13969523.704135139
1789997400000,495.58,496.0,491.5,493.61,695063757.0138869
1789998300000,493.6899,495.95,493.0,495.84,355233505.55636346
1789999200000,495.895,497.39,494.131,494.225,472334292.8496252
1790000100000,494.27,494.96,493.3,493.47,365992816.1236
1790001000000,493.475,494.42,492.75,493.0777,291052399.5885
1790001900000,493.0757,494.19,492.72,493.69,285032045.4776
1790002800000,493.7625,493.8799,492.71,493.065,210532302.8469202
1790003700000,493.08,493.3,491.73,491.86,277162092.7291382
1790004600000,491.8027,493.1799,491.33,493.0499,383885582.3146
1790005500000,493.05,494.06,493.05,493.99,240896787.09441245
1790006400000,493.99,494.79,493.7,493.7,225564319.13782236
1790007300000,493.79,494.54,493.165,494.42,213193024.2292
1790008200000,494.38,495.75,494.38,495.605,232855099.87739742
1790009100000,495.6171,496.89,495.47,496.41,207079151.5090807
1790010000000,496.44,497.02,496.0501,496.955,145800717.2754601
1790010900000,496.955,498.04,496.9,497.25,180054540.17014635
1790011800000,497.25,497.95,496.43,497.925,154893402.46279675
1790012700000,497.94,498.98,497.87,498.98,202960347.46370813
1790013600000,498.955,499.48,498.69,498.77,144349592.3495668
1790014500000,498.8,498.82,497.75,498.31,178298880.89212844
1790015400000,498.335,498.45,497.48,498.09,189732042.38901812
1790016300000,498.11,499.42,497.87,497.91,330058609.6035311
1790017200000,497.9215,499.53,497.82,499.45,240932490.0704798
1790018100000,499.42,500.38,499.355,500.34,279656399.72034955
1790019000000,500.305,501.3,499.5216,499.97,262752417.7314
1790019900000,499.97,501.87,499.6,501.61,940564169.1955
1790020800000,501.61,501.9,501.02,501.5509,2862843186.6966
1790021700000,501.6,501.85,501.48,501.74,5247627.150734316
1790022600000,501.7415,501.95,501.74,501.8,6607170.7618
1790023500000,501.8,501.8,501.25,501.25,256896630.8975548
1790024400000,501.35,501.48,501.25,501.402,3378353.56666393
1790025300000,501.4,501.4843,501.25,501.445,3390578.0510141086
1790026200000,501.43,501.49,501.25,501.2953,553053.7148119623
1790027100000,501.33,501.42,501.25,501.25,750627297.6769419
1790028000000,501.4088,502.0,501.25,501.65,5774037.991828758
1790028900000,501.65,501.89,501.3015,501.6477,2114479.1112715392
1790029800000,501.55,501.9988,501.55,501.5537,32207992.786707945
1790030700000,501.5506,501.9,501.55,501.7814,635413.3133035738
1790031600000,501.704,501.93,501.68,501.93,2109802.1038797614
1790032500000,501.927,501.93,501.5503,501.61,821093.4353540108
1790033400000,501.61,501.93,501.438,501.44,745558.0154659128
1790034300000,501.5,501.7988,501.1831,501.49,1366670.6699422714
1790035200000,501.58,501.98,501.28,501.73,1648489.89
1790036100000,501.59,501.7,501.0,501.7,667913.59
1790037000000,501.74,501.78,500.98,501.01,739609.13
1790037900000,501.01,501.18,500.87,501.07,317146.72
1790038800000,501.07,501.08,500.79,500.93,196876.75
1790039700000,500.81,501.12,500.75,501.0,437356.82
1790040600000,501.07,501.5,501.0,501.4,426619.04
1790041500000,501.45,501.59,501.36,501.36,390163.44
1790042400000,501.4,501.46,501.29,501.44,191539.21
1790043300000,501.42,501.59,501.3,501.31,342443.23
1790044200000,501.3,501.3,500.94,501.0,667975.91
1790045100000,501.0,501.07,500.66,500.69,239389.11
1790046000000,500.79,500.96,500.69,500.93,253924.62
1790046900000,500.81,501.07,500.81,500.95,79650.24
1790047800000,500.99,501.19,500.93,501.19,163336.06
1790048700000,501.11,501.16,500.97,501.04,181869.14
1790049600000,501.07,501.16,500.7,501.15,401724.27
1790050500000,501.15,501.76,501.02,501.75,354465.89
1790051400000,501.73,502.99,501.68,502.98,1105189.29
1790052300000,502.87,503.56,502.67,503.55,911754.59
1790053200000,503.4,503.52,502.15,502.29,1006121.08
1790054100000,502.29,503.8,502.29,503.71,978980.99
1790055000000,503.56,504.2,503.5,504.0,1128765.3
1790055900000,503.98,503.99,503.54,503.55,258389.31
1790056800000,503.56,503.98,503.44,503.6,1061236.2
1790057700000,503.69,503.71,503.46,503.47,613387.23
1790058600000,503.5,503.5,503.09,503.25,633185.85
1790059500000,503.37,503.43,503.12,503.29,453468.93
1790060400000,503.32,503.43,503.01,503.37,1230903.73
1790061300000,503.28,503.52,503.18,503.34,1008240.73
1790062200000,503.45,503.52,503.21,503.4,876386.87
1790063100000,503.29,503.51,503.11,503.34,176179.9
1790064000000,503.08,504.6988,500.67,503.8,24996582.511837352
1790064900000,503.45,504.237,503.45,503.99,3094480.2962973514
1790065800000,503.8,503.9988,503.2,503.9988,2408997.857432432
1790066700000,503.55,504.5,503.45,504.38,1621432.258156399
1790067600000,504.4,504.6915,503.4,503.452,2368997.8600215493
1790068500000,503.71,503.9925,503.4083,503.51,409237.4563945862
1790069400000,503.54,504.0,503.404,503.5735,2158248.207458372
1790070300000,503.745,504.19,502.936,503.16,2661579.61745129
1790071200000,503.31,503.55,501.62,503.2233,5952532.347729066
1790072100000,503.05,504.5675,502.6712,503.69,1942421.4114004911
1790073000000,503.66,504.65,503.048,504.44,4529341.7244201
1790073900000,504.8,504.8,503.7,504.4,1907762.4504984247
1790074800000,504.39,506.5,501.61,505.9335,15314546.655790472
1790075700000,505.82,506.36,505.5001,506.11,3651413.8891381924
1790076600000,506.13,506.3,505.0,505.55,4417455.677534998
1790077500000,505.5,506.83,505.29,506.51,4339917.04914448
1790078400000,506.78,508.58,506.0944,507.8,22420756.60322489
1790079300000,507.9,508.0,507.3,507.35,10324327.995710833
1790080200000,507.455,507.75,507.05,507.75,7761949.830471711
1790081100000,507.75,507.78,506.98,507.2449,8374122.318123291
1790082000000,507.28,508.14,507.2,507.7,90452889.3396351
1790082900000,507.65,508.42,506.6517,507.4,26024922.987147555
1790083800000,507.515,508.5,497.88,498.15,728054521.6901
1790084700000,498.1,498.8196,495.9,496.42,527547681.0638
1790085600000,496.42,499.37,496.01,498.59,645219856.1749
1790086500000,498.64,499.78,496.69,497.27,324597474.3646
1790087400000,497.32,497.99,496.7,497.17,256518814.72319683
1790088300000,497.155,498.0,496.51,496.765,242823146.1628
1790089200000,496.775,497.42,494.22,494.9099,564266832.1643609
1790090100000,494.87,495.8007,494.6,495.285,307787964.1783522
1790091000000,495.22,495.3999,494.3,495.13,290134517.3888
1790091900000,495.09,496.23,493.65,494.31,245330770.59551817
1790092800000,494.32,495.7554,494.2801,495.6,176103212.20723417
1790093700000,495.58,495.87,494.81,495.54,158013062.5476162
1790094600000,495.5,496.48,495.4,496.4799,197859750.27968758
1790095500000,496.44,497.01,496.21,496.78,197721601.79204106
1790096400000,496.755,497.09,496.275,496.925,122502069.16540338
1790097300000,496.96,497.35,496.79,496.91,174208259.37470996
1790098200000,496.965,497.65,496.13,497.37,119896624.0535
1790099100000,497.375,497.46,496.23,496.6451,165547875.352
1790100000000,496.68,497.19,495.9,497.09,105233684.1796
1790100900000,497.075,497.615,496.84,497.42,155272336.6628819
1790101800000,497.42,498.76,497.3001,498.6473,207452813.4458
1790102700000,498.625,499.2,497.78,498.24,262487622.69322726
1790103600000,498.28,498.78,498.1274,498.2983,127464469.70192167
1790104500000,498.355,499.15,497.97,499.06,155670257.99478295
1790105400000,499.02,499.24,498.15,498.85,145601653.27107057
1790106300000,498.85,499.43,497.475,498.0,468495321.10705185
1790107200000,498.0,498.62,497.7,498.0062,558779111.7022
1790108100000,498.0,498.25,497.94,498.0,4729204.2497793725
1790109000000,498.03,498.05,497.9,498.0401,1700165.6397515824
1790109900000,498.0496,498.0496,497.477,497.61,134244398.42124155
1790110800000,497.55,498.0,497.358,497.61,3049149.555204586
1790111700000,497.7537,497.99,497.64,497.95,1047586.3193487658
1790112600000,497.98,501.5,497.64,501.16,7454525.0767
1790113500000,501.3,501.96,500.0,500.144,327321260.314894
1790114400000,500.14,500.87,500.1,500.3,5153208.177961875
1790115300000,500.26,500.6,499.8,499.88,1803108.4878422073
1790116200000,499.8198,500.21,499.6977,499.782,1599717.9096550655
1790117100000,499.77,500.0,499.35,499.6,1809835.8609023634
1790118000000,499.4587,499.7799,499.4,499.5,1531502.5974955943
1790118900000,499.4,499.7,499.3012,499.54,2265227.71109606
1790119800000,499.58,499.7,499.25,499.59,1294579.0685911307
1790120700000,499.26,501.5,499.1,500.5301,3596885.4885043097
1790121600000,499.83,500.86,499.83,499.87,1564002.85
1790122500000,499.93,500.0,499.66,499.66,344924.28
1790123400000,499.64,499.71,499.19,499.29,668243.85
1790124300000,499.47,499.56,499.3,499.48,396583.3
1790125200000,499.49,499.69,499.48,499.63,552061.9
1790126100000,499.63,499.76,499.6,499.63,759526.25
1790127000000,499.6,499.75,499.6,499.71,495157.16
1790127900000,499.71,499.91,499.71,499.86,514813.13
1790128800000,499.86,499.94,499.67,499.88,268372.86
1790129700000,499.88,499.96,499.79,499.84,172461.85
1790130600000,499.83,499.83,499.61,499.61,246373.52
1790131500000,499.65,499.95,499.62,499.84,499760.19
1790132400000,499.84,500.03,499.76,499.91,814337.79
1790133300000,500.0,500.6,500.0,500.59,1151451.83
1790134200000,500.59,500.59,499.91,500.11,960995.71
1790135100000,500.1,500.11,499.9,499.93,108505.49
1790136000000,499.95,500.16,499.93,500.11,97522.79
1790136900000,500.03,500.13,499.95,500.05,352023.89
1790137800000,500.16,500.36,500.07,500.29,606269.71
1790138700000,500.28,500.29,500.08,500.09,376157.99
1790139600000,500.11,500.38,500.07,500.38,445237.75
1790140500000,500.35,500.74,500.24,500.47,966840.81
1790141400000,500.57,500.77,500.51,500.68,208254.23
1790142300000,500.68,500.98,500.66,500.66,364612.36
1790143200000,500.67,500.78,500.55,500.55,366475.57
1790144100000,500.55,500.73,500.49,500.69,651777.38
1790145000000,500.73,500.85,499.75,500.16,3769336.25
1790145900000,500.31,500.59,500.22,500.3,770118.53
1790146800000,500.14,500.77,500.14,500.61,2484653.92
1790147700000,500.64,500.89,500.59,500.75,665514.87
1790148600000,500.75,501.13,500.75,501.09,649163.53
1790149500000,501.07,501.49,500.81,501.49,495566.81
1790150400000,501.46,501.9988,498.0,501.3,24450553.055765793
1790151300000,501.2,501.88,501.0,501.5,2875831.1643844643
1790152200000,501.02,501.5,500.5924,500.8,1290803.4208327509
1790153100000,500.93,501.1988,500.5,500.8214,1405603.1655874478
1790154000000,500.86,501.1988,500.79,500.95,7523726.502443291
1790154900000,501.0576,501.97,500.7203,501.65,1889407.5930630353
1790155800000,501.3112,503.125,501.31,501.9,9519902.809666105
1790156700000,501.544,502.5145,501.1,502.39,2224735.823343592
1790157600000,502.2,503.09,502.0512,502.7662,5006363.877446532
1790158500000,502.56,502.56,501.78,502.0,2554507.9769770866
1790159400000,502.1113,502.6988,501.6512,502.24,3512549.5069943634
1790160300000,502.24,502.74,501.6297,502.2,4990915.405253205
1790161200000,502.15,503.98,502.08,502.9,27337592.33633818
1790162100000,503.2988,503.3,502.0,502.3,10605620.80072643
1790163000000,502.1,502.7,501.13,502.0485,19605959.483455982
1790163900000,502.0001,502.94,501.68,502.93,8719033.50155303
1790164800000,502.8642,503.6,502.53,502.8987,10410339.168267569
1790165700000,502.87,503.11,502.07,502.8828,12096841.363633052
1790166600000,502.76,502.9,501.75,502.06,11635455.720684277
1790167500000,502.212,502.3387,501.97,502.24,7661707.391569886
1790168400000,502.24,503.2,502.03,502.5,11073079.505347328
1790169300000,502.43,502.94,500.02,500.94,23345841.013371445
1790170200000,500.755,509.44,500.3001,506.9899,1361368083.0685
1790171100000,506.81,506.9,502.73,504.22,593117318.9311
1790172000000,504.145,504.42,498.5,499.06,516315453.0681
1790172900000,499.085,499.14,495.9,496.7,371016533.4232
1790173800000,496.7,498.5799,496.6201,498.11,276542932.99587154
1790174700000,498.105,500.98,498.05,500.415,313056703.3702
1790175600000,500.48,500.48,497.662,497.71,294252854.08162737
1790176500000,497.7,498.74,497.18,498.335,170183081.3458
1790177400000,498.36,499.3499,497.73,498.08,174649676.41344044
1790178300000,498.0636,499.6695,498.0475,499.08,137493957.73785165
1790179200000,499.085,499.085,498.08,498.835,93841093.30542834
1790180100000,498.84,499.215,498.05,498.5625,104685298.33748414
1790181000000,498.59,499.08,498.2501,498.28,101516285.63856055
1790181900000,498.3,499.38,498.176,499.31,129378424.10984908
1790182800000,499.18,499.93,499.02,499.87,122385759.0824
1790183700000,499.87,500.3,499.14,499.28,117655313.29816326
1790184600000,499.25,500.02,499.03,499.63,106226140.6651
1790185500000,499.66,500.05,499.14,499.825,104732178.82872789
1790186400000,499.87,499.87,498.91,499.39,101485348.02025655
1790187300000,499.4,500.47,499.22,500.433,114820888.52556816
1790188200000,500.415,500.66,499.73,500.62,151451759.60814285
1790189100000,500.66,501.15,500.4601,500.67,136253495.20925394
1790190000000,500.68,500.844,500.09,500.25,120232888.51687972
1790190900000,500.235,500.4499,499.74,500.365,137479212.36578324
1790191800000,500.38,500.41,499.5275,499.82,179107830.02132624
1790192700000,499.79,500.86,498.74,500.59,640745470.9158707
1790193600000,500.81,501.2,500.1,500.11,2324995205.8246446
1790194500000,500.31,500.59,499.9,500.1824,99606735.47096041
1790195400000,500.2488,500.2488,499.9,500.1442,2284165.540406847
1790196300000,500.1988,500.2,499.5921,499.92,13703577.2566404
1790197200000,499.9025,500.0,499.0,499.6,3806600.0352862184
1790198100000,499.6,500.0192,499.6,499.65,48737228.36481504
1790199000000,499.51,500.0,499.51,499.9535,1100665.910240705
1790199900000,499.7172,500.0,499.7172,499.9,2305289.199814775
1790200800000,499.81,500.4988,499.81,500.0,3667404.6859331257
1790201700000,500.05,500.45,500.0,500.0,2353205.0030620303
1790202600000,500.195,500.2,499.9901,500.031,4684886.961435404
1790203500000,500.17,500.4,500.0,500.031,1270092.3434600036
1790204400000,500.2,500.39,500.0,500.01,1223856.5600234722
1790205300000,500.0,500.2925,499.272,499.79,847637.3876341776
1790206200000,499.8,500.42,499.25,500.0,982664.14959407
1790207100000,500.18,500.25,499.5,500.0,514614.4138711391
1790208000000,500.4,500.61,499.73,500.2,403247.64
1790208900000,500.05,500.39,500.05,500.11,91044.46
1790209800000,500.11,500.15,500.01,500.01,580527.23
1790210700000,499.93,500.13,499.47,500.03,175429.29
1790211600000,500.1,500.35,499.98,499.98,495093.62
1790212500000,500.01,500.06,499.81,499.81,406926.46
1790213400000,499.8,499.96,499.57,499.59,231890.3
1790214300000,499.54,499.62,499.21,499.5,645651.17
1790215200000,499.5,499.53,499.04,499.11,202209.33
1790216100000,499.27,499.53,499.27,499.51,20975.14
1790217000000,499.52,499.52,499.4,499.48,68422.86
1790217900000,499.53,499.53,499.31,499.38,182292.02
1790218800000,499.26,499.35,499.02,499.11,199166.08
1790219700000,499.11,499.25,499.03,499.03,141756.94
1790220600000,499.03,499.03,497.99,498.5,3332248.72
1790221500000,498.35,498.58,498.35,498.58,45860.17
1790222400000,498.51,498.51,497.93,497.96,237611.87
1790223300000,497.96,498.76,497.96,498.51,351858.16
1790224200000,498.77,498.86,498.75,498.77,52372.11
1790225100000,498.77,498.77,498.63,498.63,35909.4
1790226000000,498.63,498.9,498.63,498.63,21944.02
1790226900000,498.76,498.76,498.5,498.5,53340.88
1790227800000,498.55,498.55,498.29,498.29,102675.35
1790228700000,498.47,498.49,497.68,497.96,278878.98
1790229600000,497.82,497.96,497.58,497.95,340453.04
1790230500000,497.9,498.46,497.9,498.28,559916.21
1790231400000,498.14,498.3,497.9,498.24,927008.05
1790232300000,498.16,498.25,497.85,497.85,170356.55
1790233200000,497.96,498.54,497.46,498.4,521282.36
1790234100000,498.4,498.71,498.34,498.65,339496.61
1790235000000,498.61,498.89,498.61,498.76,411992.48
1790235900000,498.71,498.71,498.2,498.3,454023.04
1790236800000,498.81,500.59,497.02,497.2932,15018918.46203631
1790237700000,497.16,498.2988,496.75,496.75,3591383.259659475
1790238600000,496.75,497.78,496.75,497.74,3126147.4346827413
1790239500000,497.7437,498.3,497.2491,497.96,3622226.45986549
1790240400000,498.06,498.7729,497.78,498.59,2343811.0333039514
1790241300000,498.58,498.9218,498.03,498.27,1241261.82038265
1790242200000,498.59,498.59,497.5666,497.8,2125037.1826162
1790243100000,497.7,498.56,497.6,498.56,1561390.2871528352
1790244000000,498.45,498.642,498.2195,498.45,2144047.209414951
1790244900000,498.48,499.14,498.0137,498.0137,4745094.270598942
1790245800000,498.24,499.0125,498.13,498.41,1566139.4303710265
1790246700000,498.41,498.88,498.2172,498.6568,2308497.430901791
1790247600000,498.9,500.59,497.0,497.6266,6555934.178320189
1790248500000,497.5,497.86,497.0,497.3427,2597637.863166957
1790249400000,497.3556,497.8,497.27,497.48,2314487.363403005
1790250300000,497.35,497.667,497.0,497.55,5735752.412887543
1790251200000,497.44,497.7,496.99,497.5,1239970.379821696
1790252100000,497.5275,498.0,497.0589,497.3,3117111.754399514
1790253000000,497.03,498.5007,496.8,497.89,4106389.028105318
1790253900000,497.91,498.94,497.4,498.6,1675200.4992006263
1790254800000,498.6,498.75,497.62,498.1323,2599154.3505183524
1790255700000,498.1525,499.3497,493.65,494.84,7459003.059031026
1790256600000,495.39,495.68,491.7001,493.725,717441316.1399486
1790257500000,493.71,493.78,491.22,492.895,536958682.8525
1790258400000,492.92,493.1,492.05,492.595,246043696.73934108
1790259300000,492.56,494.74,492.14,493.75,311803547.9807
1790260200000,493.755,494.62,493.02,494.24,172055595.5272068
1790261100000,494.3499,495.605,493.655,493.815,352659892.4164227
1790262000000,493.75,494.73,492.93,493.06,142387484.8852
1790262900000,493.055,495.2,492.94,494.6,217659057.6296253
1790263800000,494.62,495.27,494.23,495.065,126917258.57069954
1790264700000,495.065,495.74,494.72,495.09,264385901.6238035
1790265600000,495.115,495.73,493.75,494.762,128636732.88261606
1790266500000,494.705,496.8,494.4201,495.305,208924280.96509928
1790267400000,495.305,496.12,494.85,495.37,152764384.2721
1790268300000,495.34,496.98,495.315,496.32,138597661.61912343
1790269200000,496.244,496.46,495.78,496.27,143597778.4577
1790270100000,496.2701,496.4269,495.24,495.95,130542917.04371417
1790271000000,495.94,496.31,494.81,494.86,83605435.2207147
1790271900000,494.83,496.43,494.71,496.07,170879000.1942
1790272800000,496.05,496.14,494.9101,495.99,72558764.0842
1790273700000,495.93,496.7,495.9,496.6,203714058.5828
1790274600000,496.56,497.15,496.1901,497.15,127195341.39044204
1790275500000,497.175,497.88,496.91,497.41,163886702.506369
1790276400000,497.36,497.61,496.73,497.4908,142857330.5752
1790277300000,497.5,498.1098,497.46,497.77,148541822.5960981
1790278200000,497.75,497.8699,497.2,497.33,160732679.49826586
1790279100000,497.33,498.88,497.31,497.93,668067507.2920581
1790280000000,497.58,497.93,496.5125,496.77,1787298306.0003643
1790280900000,496.83,497.93,496.41,496.4382,35537385.12517963
1790281800000,496.64,497.0,496.0,497.0,2449808.033950919
1790282700000,497.19,498.0,496.6802,497.9255,36032800.604971714
1790283600000,497.7925,497.9255,497.0,497.21,3738478.800263182
1790284500000,497.037,500.7043,497.01,497.215,298893.9114300576
1790285400000,497.0295,497.7899,497.01,497.21,6252395.882039419
1790286300000,497.0395,497.8,497.0,497.624,251526.4259723345
1790287200000,497.2,497.55,496.5115,496.8,1329333.4953894962
1790288100000,496.76,497.2,496.5,496.5847,1733114.48349139
1790289000000,496.5,496.9,496.5,496.731,270314.0113177096
1790289900000,496.5468,497.0,496.51,496.731,306548.4493794824
1790290800000,496.73,496.9912,496.0125,496.5,1261648.0829123827
1790291700000,496.1,496.8825,496.1,496.5666,603808.6420172433
1790292600000,496.77,496.85,496.2,496.3437,1412885.056619235
1790293500000,496.35,496.8287,495.5,495.7837,1911865.5675800655
1790294400000,496.03,496.88,496.0,496.88,1306125.84
1790295300000,496.82,497.23,496.64,496.65,320008.22
1790296200000,496.64,496.64,496.11,496.21,111676.36
1790297100000,496.22,496.45,496.22,496.4,13401.23
1790298000000,496.4,496.64,496.13,496.55,136504.53
1790298900000,496.52,496.71,496.37,496.37,261668.68
1790299800000,496.36,496.69,496.2,496.61,128577.07
1790300700000,496.52,496.6,496.41,496.41,195127.2
1790301600000,496.6,497.05,496.6,496.95,410473.14
1790302500000,496.9,497.07,496.9,496.9,226625.73
1790303400000,496.81,496.83,496.73,496.81,82962.54
1790304300000,496.81,497.07,496.81,497.07,207249.41
1790305200000,497.01,497.19,496.92,497.1,188382.29
1790306100000,497.1,497.27,497.02,497.2,97444.27
1790307000000,497.04,498.0,497.03,497.42,706753.65
1790307900000,497.53,497.6,497.26,497.26,164145.14
1790308800000,497.27,497.27,496.63,496.63,478465.86
1790309700000,496.61,496.86,496.42,496.86,109257.96
1790310600000,496.8,496.8,496.5,496.5,251296.19
1790311500000,496.68,496.7,496.31,496.37,72484.84
1790312400000,496.66,497.0,496.66,496.98,251406.42
1790313300000,496.94,497.19,496.85,497.19,104354.5
1790314200000,497.0,497.95,497.0,497.74,1093505.09
1790315100000,497.7,497.74,497.5,497.5,47771.13
1790316000000,497.39,497.72,497.39,497.51,343797.93
1790316900000,497.53,497.93,497.37,497.4,427443.09
1790317800000,497.43,497.63,497.36,497.36,291549.69
1790318700000,497.47,497.47,497.03,497.14,249095.64
1790319600000,497.23,497.56,497.1,497.23,569430.5
1790320500000,497.24,497.34,497.15,497.33,260072.18
1790321400000,497.33,497.46,497.17,497.38,129798.03
1790322300000,497.25,497.3,496.95,497.02,169994.05
1790323200000,496.53,498.2777,496.0256,496.2,3194076.2319
1790324100000,496.3,496.4827,496.2,496.27,1621256.52467729
1790325000000,496.38,496.989,496.2,496.989,924273.79330067
1790325900000,497.0,497.0,496.5,496.5,1196278.614706688
1790326800000,496.78,497.03,496.5156,496.85,1736155.9224373563
1790327700000,496.82,497.2088,496.82,497.02,683462.732869088
1790328600000,497.1756,497.33,497.02,497.21,348974.8536244496
1790329500000,497.21,497.26,497.0,497.03,446980.06261392
1790330400000,497.17,497.26,496.944,497.08,551081.7822806526
1790331300000,496.98,497.252,496.9412,497.04,653929.7650931946
1790332200000,497.045,497.2535,496.9756,497.07,359100.0898566991
1790333100000,497.02,497.3288,496.94,497.3,1022359.5051047552
1790334000000,497.17,497.93,497.05,497.93,3569299.858669216
1790334900000,498.0,498.0,497.48,497.64,2570484.432453155
1790335800000,497.831,498.2,497.5,498.18,2128176.94516605
1790336700000,498.14,498.1763,497.7,497.86,2063336.3063554997
1790337600000,497.8,500.94,496.85,497.0589,29365326.31444909
1790338500000,497.4379,498.92,497.0,498.7,2950220.550760864
1790339400000,498.3533,498.53,497.23,497.94,3037142.435461644
1790340300000,497.9208,498.5365,497.7,498.456,4753329.979001766
1790341200000,498.456,500.49,498.456,499.27,19019337.91449519
1790342100000,499.2,500.66,498.0,499.14,15161212.352362262
1790343000000,499.14,513.8315,497.3,512.8799,1904422801.4718
1790343900000,512.79,517.48,512.46,515.81,1586342097.2472482
1790344800000,515.81,515.81,509.06,510.922,1092720365.0071
1790345700000,510.905,514.36,510.48,514.225,737276400.2889
1790346600000,514.28,514.74,512.44,514.095,775452159.5599
1790347500000,514.1,517.18,513.16,515.885,735994256.7951924
1790348400000,515.89,517.0,514.16,514.675,617927082.5926
1790349300000,514.675,515.3099,513.58,514.1001,348736231.9023
1790350200000,514.24,515.29,512.84,513.685,413063246.0191
1790351100000,513.685,514.85,512.72,514.795,281012346.8216128
1790352000000,514.8151,516.8,514.5904,515.51,431162377.7969
1790352900000,515.53,516.23,514.2,516.23,374572127.30326366
1790353800000,516.22,518.0,515.5104,517.41,1031497646.4399761
1790354700000,517.41,519.4,516.53,517.39,1413433406.4324
1790355600000,517.41,518.2,516.72,517.34,347165438.9999
1790356500000,517.4,517.8,516.24,516.42,231321491.3381
1790357400000,516.35,516.5,515.33,515.935,265507051.70933533
1790358300000,515.935,518.18,515.6347,517.82,236109249.05134836
1790359200000,517.86,518.46,517.08,518.0246,692142258.2114047
1790360100000,518.04,519.08,517.69,517.87,352043238.7621029
1790361000000,517.8249,518.556,517.21,517.89,287517038.89480144
1790361900000,517.87,518.1079,516.19,516.28,301746848.42796767
1790362800000,516.31,517.16,515.77,516.0801,299914285.5274
1790363700000,516.135,516.725,515.355,516.105,328486834.01873165
1790364600000,516.105,516.44,515.4,515.99,340536969.8417736
1790365500000,516.03,516.87,515.34,516.17,1290479922.7178953
1790366400000,516.1,517.86,515.55,516.25,2305581129.2503796
1790367300000,516.17,517.4875,516.0,517.01,13823204.645072618
1790368200000,517.07,517.69,517.0,517.3,6705637.343423403
1790369100000,517.5,517.6,517.2,517.3,24078397.93957753
1790370000000,517.5988,517.6,515.025,517.5046,2150134.109113389
1790370900000,517.5047,518.07,517.4,517.9875,6341207.167240746
1790371800000,518.0,518.5,517.7,517.7,4715865.444983847
1790372700000,517.72,518.0,517.51,517.54,8281236.650180886
1790373600000,517.54,518.14,517.54,518.14,40370895.42690503
1790374500000,517.892,518.26,517.892,518.2314,4539677.421363034
1790375400000,518.247,518.25,518.13,518.1366,2134223.518290458
1790376300000,518.13,518.17,517.81,517.9,3381928.3620444103
1790377200000,517.9465,517.95,517.5,517.8,2519449.993943349
1790378100000,517.95,517.95,517.65,517.72,813578.5824999475
1790379000000,517.76,518.0,517.65,517.9,2698837.556096502
1790379900000,517.9364,518.0,517.73,517.89,3032558.3063509804
1790381700000,517.86,517.86,517.86,517.86,9445.7664
1790382600000,517.55,517.55,517.55,517.55,11.80014
1790387100000,517.55,517.55,517.55,517.55,99.57662
1790388000000,517.6,517.6,517.6,517.6,6211.2
1790401500000,517.47,517.47,517.47,517.47,10344.2253
1790406900000,517.43,517.43,517.43,517.43,10.3486
1790411400000,517.43,517.43,517.43,517.43,236.258538
1790423100000,517.4,517.4,517.4,517.4,12.98674
1790431200000,517.6,517.6,517.6,517.6,96.89472
1790433000000,517.6,517.6,517.6,517.6,23.96488
1790438400000,517.6,517.6,517.6,517.6,21.998
1790451900000,517.6,517.6,517.4,517.4,33.327
1790467200000,517.6,517.6,517.4,517.4,549.38594
1790475300000,517.32,517.32,517.32,517.32,40.971744
1790498700000,517.6,517.6,517.6,517.6,49.9484
1790499600000,517.6,517.6,517.6,517.6,150.00048
1790506800000,517.48,517.6,517.48,517.6,496.98528
1790507700000,517.6,517.6,517.28,517.28,53.81376
1790510400000,517.28,517.28,517.28,517.28,490.433168
1790511300000,517.6,517.6,517.6,517.6,2.588
1790512200000,517.16,517.16,517.16,517.16,19.186636
1790514000000,517.6,517.6,517.6,517.6,119.87616
1790518500000,517.16,517.16,517.02,517.05,1962.845867
1790519400000,517.54,517.54,516.95,516.95,1066.990686
1790522100000,517.54,517.54,517.54,517.54,149.56906
1790523900000,517.5,517.5,517.16,517.5,88.171324
1790525700000,517.5,517.5,517.16,517.16,954.119432
1790527500000,516.92,516.92,516.92,516.92,15.610984
1790528400000,517.5,517.5,517.5,517.5,308.99925
1790529300000,517.5,517.5,516.92,516.92,31.136042
1790533800000,516.92,516.92,516.92,516.92,26.673072
1790535600000,517.5,517.5,517.5,517.5,19.9755
1790539200000,517.25,517.25,517.25,517.25,149.48525
1790541000000,517.5,517.54,516.5,516.5,434.020211
1790541900000,517.2,517.2,517.2,517.2,155.78064
1790550000000,517.48,517.48,517.17,517.17,198.193897
1790550900000,517.12,517.22,517.12,517.22,6997.206312
1790551800000,517.22,517.22,517.22,517.22,19.964692
1790553600000,516.34,517.55,515.33,516.17,5252774.86
1790554500000,516.17,516.22,515.4,515.51,1009995.82
1790555400000,515.51,515.53,514.57,514.81,3129917.01
1790556300000,514.88,515.99,514.81,515.1,898426.37
1790557200000,515.09,516.0,515.0,515.98,1154086.97
1790558100000,515.88,518.0,515.8,517.63,3150298.76
1790559000000,517.59,517.8,517.41,517.71,402142.67
1790559900000,517.64,518.53,517.41,518.31,1960730.57
1790560800000,518.3,518.3,517.32,517.46,1285263.69
1790561700000,517.49,517.49,517.0,517.1,664564.99
1790562600000,517.02,517.06,516.32,516.49,1509992.85
1790563500000,516.47,516.63,516.25,516.41,516958.41
1790564400000,516.42,516.84,516.37,516.68,395190.16
1790565300000,516.68,516.74,516.5,516.62,336327.85
1790566200000,516.63,516.99,516.62,516.77,551419.75
1790567100000,516.84,516.84,516.61,516.62,310521.83
1790568000000,516.62,516.83,516.62,516.83,415394.49
1790568900000,516.83,517.07,516.81,516.85,491618.44
1790569800000,516.85,517.1,516.71,517.04,715390.57
1790570700000,517.04,517.25,517.0,517.0,611778.08
1790571600000,517.05,517.3,516.94,517.16,565193.86
1790572500000,517.19,517.28,516.96,517.14,188220.45
1790573400000,517.14,517.14,516.64,516.7,1812341.19
1790574300000,516.69,516.85,516.3,516.57,970587.44
1790575200000,516.5,516.85,516.34,516.68,1056366.61
1790576100000,516.6,516.67,515.66,515.85,1131635.13
1790577000000,515.85,516.18,515.75,516.15,705344.08
1790577900000,516.15,516.69,516.15,516.69,859863.1
1790578800000,516.7,517.27,516.59,516.86,2021170.18
1790579700000,516.8,516.9,516.15,516.45,670957.0
1790580600000,516.45,516.63,516.18,516.43,584620.83
1790581500000,516.43,517.49,516.43,517.2,997606.32
1790582400000,517.5,517.5,515.61,516.1052,28426621.712008838
1790583300000,516.1052,516.453,514.5,514.99,8391388.613797305
1790584200000,514.6,515.0,514.3,514.67,8615116.177296957
1790585100000,514.3,515.0,514.3,514.763,1122362.5415874256
1790586000000,514.763,514.9912,512.25,513.0,9618603.338119982
1790586900000,513.39,513.89,512.75,513.3,2635463.60137609
1790587800000,513.4095,513.7788,513.0,513.1,1377878.739966718
1790588700000,513.3,513.9788,512.7512,513.15,4315482.306457584
1790589600000,513.3467,514.0,513.0095,513.25,3645700.1676922124
1790590500000,513.26,514.49,513.26,514.4782,2792545.153699678
1790591400000,514.312,514.5,513.63,514.1488,1441748.628163876
1790592300000,513.9,514.3491,513.7,513.75,1805551.9146371726
1790593200000,513.99,514.15,512.75,512.761,10428206.886444213
1790594100000,512.7825,513.8288,512.75,513.715,6041809.54844314
1790595000000,513.8585,513.93,512.9,513.3,5017374.098163768
1790595900000,513.25,513.6,512.8,512.9688,2674976.047240908
1790596800000,512.9,514.15,512.5,514.0,9260597.43313717
1790597700000,514.0,514.6435,513.5,514.23,4851020.680440156
1790598600000,513.8085,514.16,505.7,509.6,49945736.052928224
1790599500000,509.71,512.0,508.0,509.97,40468087.73379784
1790600400000,509.55,509.97,508.0,508.0,20792438.114538945
1790601300000,508.24,508.24,503.25,505.55,46996385.02080659
1790602200000,505.425,506.49,502.22,505.2252,1014427788.6747456
1790603100000,505.12,508.86,503.91,508.49,657831562.3735
1790604000000,508.49,509.84,506.9501,509.4982,493372571.4263614
1790604900000,509.46,509.8,507.81,508.309,289093345.5668
1790605800000,508.255,508.2691,506.03,506.435,336235395.56130797
1790606700000,506.435,507.06,505.45,506.64,295254097.0714
1790607600000,506.65,509.83,506.58,509.77,288646103.7025
1790608500000,509.795,510.3,508.62,509.15,289983320.56458086
1790609400000,509.16,509.71,508.8486,509.17,156216754.8709152
1790610300000,509.15,510.79,508.59,510.735,171353751.72819585
1790611200000,510.7698,510.86,509.86,510.5699,112258115.3306
1790612100000,510.595,513.18,510.46,512.33,277055082.2096729
1790613000000,512.3,512.44,511.085,511.325,125364809.66090865
1790613900000,511.33,512.66,511.2,512.25,136689255.05065873
1790614800000,512.25,513.33,511.35,512.88,141992004.04046276
1790615700000,512.93,513.225,511.5608,511.855,120433030.93955052
1790616600000,511.85,512.34,511.67,511.905,126241171.2474
1790617500000,511.915,512.49,511.44,511.89,237422125.6742
1790618400000,511.9,512.05,511.28,511.775,112939847.55307966
1790619300000,511.81,511.92,511.0,511.14,92501925.9282
1790620200000,511.19,512.2299,510.77,512.19,127998728.17610684
1790621100000,512.15,512.16,510.958,511.13,148948985.4794
1790622000000,511.16,511.25,509.685,509.76,238389003.45767012
1790622900000,509.765,510.68,509.64,510.67,160201814.07161218
1790623800000,510.67,510.7,508.595,509.03,224752809.6614266
1790624700000,509.06,509.98,508.96,509.22,610156646.7055357
1790625600000,509.22,510.214,509.06,509.65,2526169988.0210123
1790626500000,509.5,510.0,509.22,509.77,1961888.9458103036
1790627400000,509.65,509.89,509.3,509.79,812906.5523915262
1790628300000,509.5,509.79,509.3,509.49,1088780.8545010027
1790629200000,509.5,509.6705,509.3,509.5211,4960752.842612521
1790630100000,509.5,511.4099,509.5,510.0,14517349.549940724
1790631000000,510.3,510.3,509.3,509.5,2336327.8024538653
1790631900000,509.65,509.8999,509.3,509.4012,4613078.58479724
1790632800000,509.4,510.79,509.4,510.67,1882321.4185842401
1790633700000,510.67,510.8,509.41,509.8,1252119.80069538
1790634600000,509.7198,509.8988,509.4112,509.656,1148854.686566634
1790635500000,509.69,509.89,509.42,509.42,1327228.5934009613
1790636400000,509.63,509.8172,509.35,509.4,304807.3857145297
1790637300000,509.4975,509.5,509.3,509.4767,663620.8830359328
1790638200000,509.49,509.5,509.3,509.47,365660.98975492804
1790639100000,509.6462,509.65,509.3,509.3,580736.3104362537
1790640000000,509.29,509.7,509.29,509.6,341991.01
1790640900000,509.53,509.53,508.58,508.92,485127.97
1790641800000,508.92,508.92,508.69,508.89,46294.88
1790642700000,508.8,508.85,508.28,508.57,391623.33
1790643600000,508.5,508.88,508.5,508.88,246246.98
1790644500000,508.85,508.89,508.61,508.8,176529.62
1790645400000,508.89,509.32,508.89,508.94,243863.4
1790646300000,508.95,509.0,508.93,508.94,53440.06
1790647200000,508.93,508.99,508.75,508.85,161812.72
1790648100000,508.75,508.91,508.7,508.75,96158.79
1790649000000,508.75,508.75,508.11,508.42,300968.34
1790649900000,508.38,508.38,507.79,507.89,358185.76
1790650800000,508.0,508.06,507.02,507.02,526280.51
1790651700000,507.13,507.84,507.06,507.83,213580.24
1790652600000,507.83,507.99,507.73,507.95,59929.85
1790653500000,507.95,508.0,507.5,507.5,145245.02
1790654400000,507.33,507.51,507.27,507.27,129385.71
1790655300000,507.3,507.49,507.11,507.11,293695.66
1790656200000,507.15,507.49,507.05,507.33,477458.42
1790657100000,507.52,507.52,507.27,507.35,64943.13
1790658000000,507.35,507.41,507.07,507.09,54270.56
1790658900000,507.16,507.25,506.9,506.9,474575.65
1790659800000,506.87,506.87,506.08,506.69,793306.9
1790660700000,506.69,507.11,506.69,507.11,357823.08
1790661600000,507.11,507.35,506.76,507.22,1741422.8
1790662500000,507.1,507.18,506.61,507.18,596697.05
1790663400000,507.22,507.39,506.92,507.39,444728.22
1790664300000,507.39,507.6,507.26,507.26,310028.25
1790665200000,507.3,507.52,507.01,507.1,505730.64
1790666100000,507.07,507.54,506.94,507.49,896277.32
1790667000000,507.53,508.1,507.49,507.67,630613.17
1790667900000,507.92,508.18,507.66,508.17,433830.24
1790668800000,508.9625,509.22,506.13,508.01,3931208.2855
1790669700000,507.6885,508.18,507.51,507.96,1648714.5970311207
1790670600000,508.14,508.52,507.5912,508.5,747582.8824761347
1790671500000,508.51,509.007,507.9275,508.68,1050424.5273497344
1790672400000,508.2345,508.6837,507.91,508.4,414800.2306540742
1790673300000,508.17,508.6297,507.571,508.5988,830655.88879509
1790674200000,508.51,508.51,507.94,507.94,1427039.3839539974
1790675100000,508.17,508.73,507.7112,507.92,2837886.143238788
1790676000000,507.7102,508.6187,507.7087,508.1,520627.8847341858
1790676900000,508.4388,508.4388,507.69,508.345,850740.95111795
1790677800000,508.19,508.9307,507.9,508.01,792602.9641660394
1790678700000,508.6435,508.6655,507.92,508.198,2669087.982466219
1790679600000,508.23,508.99,508.0,508.42,2767407.3486178517
1790680500000,508.35,508.905,508.066,508.82,5195675.934936243
1790681400000,508.82,509.1,508.41,508.9393,1070198.3210942575
1790682300000,508.94,509.0,508.5,509.0,4647468.739031944
1790683200000,508.75,509.65,508.7465,509.0,3304400.6346605713
1790684100000,509.4852,509.65,508.75,508.88,1577358.1179680142
1790685000000,508.88,509.19,508.5,508.61,3096220.1915598395
1790685900000,508.6,508.89,508.31,508.3916,2918715.942119532
1790686800000,508.54,508.79,507.91,508.01,2611996.7651196546
1790687700000,508.01,509.29,507.31,509.0,9253889.189210335
1790688600000,508.13,509.4,502.4,503.25,547570124.1690723
1790689500000,503.315,504.92,502.7,503.83,339481738.5012366
1790690400000,503.885,505.33,503.8,505.1892,206016458.09421435
1790691300000,505.08,510.0958,504.5972,508.82,436087799.63063425
1790692200000,508.77,513.64,508.68,512.3323,442709698.73734105
1790693100000,512.26,512.895,510.305,510.575,270684323.2329002
1790694000000,510.5523,510.7,508.42,508.96,283389436.4618
1790694900000,508.97,509.3899,507.66,508.38,154640202.71078646
1790695800000,508.3101,510.0488,508.3101,509.055,186039561.5490063
1790696700000,509.095,510.295,508.8,509.935,156767997.15250334
1790697600000,509.88,509.89,508.1,508.53,128563502.7568
1790698500000,508.5198,509.19,508.175,508.755,124428257.22699416
1790699400000,508.75,508.75,507.9401,507.945,133362598.14077608
1790700300000,507.86,509.729,507.86,508.71,136298233.5564852
1790701200000,508.57,508.67,504.4,505.17,194953026.0852
1790702100000,505.05,507.07,504.915,506.19,273811910.3459
1790703000000,506.11,506.765,505.19,505.7485,146691159.87928548
1790703900000,505.705,506.46,505.675,506.0199,115016211.827
1790704800000,505.915,506.79,505.5,506.455,109306304.67454475
1790705700000,506.4,507.6,506.112,507.11,113629298.38820568
1790706600000,507.03,510.64,506.91,510.52,233301116.79416206
1790707500000,510.47,511.206,510.3701,510.9,546158263.2113314
1790708400000,510.89,511.125,510.45,510.65,221809997.542
1790709300000,510.7,511.65,510.5,511.3907,227856366.81968525
1790710200000,511.38,511.4725,510.1,510.145,266436095.42848116
1790711100000,510.135,510.95,507.8147,508.96,1314785968.9053361
1790712000000,509.05,509.9,508.5,508.9,2237228432.3924913
1790712900000,508.9,508.96,508.115,508.79,85816791.86358976
1790713800000,508.1187,509.7112,508.1,508.84,3239051.4621661855
1790714700000,509.091,509.4888,508.6247,509.26,1706486.2148469104
1790715600000,508.893,510.864,508.6112,508.6112,585408068.0928432
1790716500000,509.11,509.75,508.9,509.35,6366843.334326242
1790717400000,509.33,509.3777,508.9,509.2,2500050.5113727236
1790718300000,509.0321,509.2,508.6012,508.94,68823301.93139902
1790719200000,508.76,509.6,508.6,509.49,829517.5099932391
1790720100000,509.3358,509.75,509.0095,509.25,443207.97680228896
1790721000000,509.05,509.51,508.56,508.8736,1062366.7169953638
1790721900000,509.14,509.69,508.8,509.45,604730.5090149407
1790722800000,509.6015,509.8,509.45,509.4987,1128304.4281698586
1790723700000,509.48,509.5,509.0406,509.47,809917.4903098904
1790724600000,509.22,509.6,509.21,509.6,520587.233775035
1790725500000,509.5127,509.76,509.25,509.32,515332.43426930136
1790726400000,509.23,510.15,509.23,509.81,170314.48
1790727300000,509.95,510.35,509.93,510.03,1179413.98
1790728200000,510.0,510.28,509.92,510.21,390271.32
1790729100000,510.2,510.2,509.94,510.07,507054.59
1790730000000,510.0,510.17,509.7,509.73,213625.51
1790730900000,509.73,509.76,509.1,509.1,222153.58
1790731800000,509.11,509.75,509.1,509.64,458591.35
1790732700000,509.53,509.89,509.52,509.89,84625.8
1790733600000,509.88,509.88,509.06,509.33,419831.78
1790734500000,509.34,509.59,509.34,509.59,36682.13
1790735400000,509.5,509.5,509.12,509.27,69267.84
1790736300000,509.27,509.5,509.27,509.43,52464.27
1790737200000,509.44,509.49,509.32,509.34,64185.57
1790738100000,509.33,509.42,509.3,509.35,103400.04
1790739000000,509.35,509.78,509.35,509.76,134005.19
1790739900000,509.76,509.76,509.31,509.68,106485.55
1790740800000,509.69,509.72,509.59,509.72,50459.41
1790741700000,509.72,509.98,509.71,509.98,99926.17
1790742600000,509.97,510.33,509.94,510.25,409042.0
1790743500000,510.25,510.34,510.02,510.2,174511.35
1790744400000,510.27,510.27,510.0,510.0,75492.52
1790745300000,509.89,509.94,509.5,509.9,361877.25
1790746200000,509.9,509.94,509.26,509.41,636061.66
1790747100000,509.51,509.51,509.09,509.39,346856.55
1790748000000,509.62,509.62,509.11,509.25,321860.66
1790748900000,509.11,509.54,509.07,509.3,393723.25
1790749800000,509.3,509.3,508.43,508.98,886610.74
1790750700000,508.51,509.07,508.34,508.88,94651.47
1790751600000,508.75,509.66,508.62,509.4,329018.76
1790752500000,509.62,510.49,509.62,510.24,693319.52
1790753400000,509.97,510.5,509.94,510.12,462286.45
1790754300000,510.17,510.74,510.12,510.74,300137.94
1790755200000,509.97,511.6875,508.23,509.3475,2960534.7422
1790756100000,509.28,509.81,508.8812,509.2,545648.0539272892
1790757000000,509.193,509.193,508.1657,508.44,420007.680671264
1790757900000,508.74,509.0388,508.44,508.5,3780872.943359559
1790758800000,508.55,508.6988,507.4512,508.3308,1747311.3585167935
1790759700000,508.3488,508.56,507.75,507.82,1627145.6715156771
1790760600000,507.82,508.25,507.46,507.46,244619.68800409997
1790761500000,507.84,508.38,507.4992,508.0,424797.2457997084
1790762400000,507.7,507.7788,507.0212,507.468,1670979.706626125
1790763300000,507.26,507.7,507.0,507.6,534853.8022723374
1790764200000,507.8707,507.8707,507.0612,507.46,841601.4878675
1790765100000,507.58,508.16,507.22,507.97,1032223.653909976
1790766000000,508.1617,508.96,507.65,507.85,2897008.452694167
1790766900000,507.99,508.4,507.7,508.0112,1745902.289549922
1790767800000,508.3,509.04,508.06,508.76,1907863.0954540877
1790768700000,508.26,508.89,508.213,508.71,2915328.4893654296
1790769600000,508.74,509.8172,508.35,509.55,4395609.342248613
1790770500000,509.5262,509.5262,508.81,509.3,2270770.478376397
1790771400000,509.3,510.5315,509.2467,510.0948,14699629.35399808
1790772300000,510.0761,510.54,509.75,510.25,6871495.202722831
1790773200000,510.24,510.8,509.75,510.11,8717970.908710208
1790774100000,510.1,512.45,508.4965,511.79,12879070.095295032
1790775000000,510.8,516.39,510.33,514.93,698239960.0193
1790775900000,514.93,516.86,513.12,516.75,519275820.96761733
1790776800000,516.66,519.8297,516.63,517.66,803554602.6020397
1790777700000,517.66,519.415,517.53,518.53,390698835.77591115
1790778600000,518.53,518.6299,517.16,517.31,217844568.91941905
1790779500000,517.3,519.1,516.54,518.19,327095599.0033
1790780400000,518.22,518.24,516.97,517.8875,158309920.6277
1790781300000,517.87,518.9699,517.84,518.63,207140164.2935031
1790782200000,518.67,519.26,517.859,518.14,202186068.4471
1790783100000,518.0848,519.48,517.97,518.835,173513252.52870384
1790784000000,518.82,519.15,517.98,518.1,126738745.5485
1790784900000,518.075,519.3599,517.32,517.6799,223329902.7773
1790785800000,517.645,518.31,517.234,518.145,119546008.17218895
1790786700000,518.145,518.31,517.445,517.9422,81235727.72719577
1790787600000,517.865,518.415,517.52,517.7396,117224745.64694044
1790788500000,517.7201,517.7201,516.3427,516.93,142040537.99352488
1790789400000,516.94,518.45,516.8506,518.045,133595737.4031925
1790790300000,518.07,519.04,517.995,518.495,156090380.3606209
1790791200000,518.46,518.5469,517.675,518.4238,156224669.27543476
1790792100000,518.445,518.625,517.87,518.25,140272800.32893324
1790793000000,518.235,518.3125,517.07,518.2,158139693.16320217
1790793900000,518.22,518.22,517.48,517.76,102409465.92534265
1790794800000,517.77,518.66,517.56,517.725,151888482.0484
1790795700000,517.69,517.8098,516.79,517.25,222002040.11925933
1790796600000,517.2228,517.56,516.17,516.78,295967009.3323013
1790797500000,516.78,516.91,511.46,512.9,2235928275.8251934
1790798400000,512.95,515.55,512.0,513.02,4794096081.639042
1790799300000,513.0,513.82,512.9,513.05,9214365.320413591
1790800200000,513.0,513.5265,512.5,513.214,6474138.671764958
1790801100000,513.05,514.0,512.9,513.5,48969220.52687604
1790802000000,513.5,516.747,513.0,513.5075,10871252.052288301
1790802900000,513.5,513.7488,513.1,513.16,23706007.483096346
1790803800000,513.23,513.5,513.1652,513.3773,1217289.8415
1790804700000,513.362,513.4,512.78,512.7855,506879.269372235
1790805600000,513.0,513.67,512.78,513.55,54081724.487785295
1790806500000,513.54,513.67,513.25,513.43,3447241.159396348
1790807400000,513.2605,514.7,513.25,513.9,416284.0128398752
1790808300000,513.75,513.9842,513.26,513.85,309502.1454124545
1790809200000,513.75,514.1988,513.5892,513.6185,1441676.8918578362
1790810100000,513.7,514.2,513.528,514.0155,695698.9930981513
1790811000000,514.05,514.98,513.9052,514.54,1946722.557757055
1790811900000,514.7113,515.0,514.38,514.38,930068.8729386625
1790812800000,514.38,515.1,514.38,514.79,1334535.55
1790813700000,514.55,514.55,514.19,514.19,64825.97
1790814600000,514.3,514.65,514.06,514.63,461836.66
1790815500000,514.36,514.71,514.36,514.7,157482.02
1790816400000,514.5,514.7,514.5,514.55,34994.67
1790817300000,514.52,515.0,514.35,514.7,541560.25
1790818200000,514.6,514.7,514.38,514.6,78723.5
1790819100000,514.53,514.56,514.33,514.48,168222.95
1790820000000,514.48,514.77,514.27,514.58,83344.31
1790820900000,514.72,514.77,514.18,514.46,162587.15
1790821800000,514.4,514.56,514.27,514.46,389926.02
1790822700000,514.4,514.45,514.25,514.3,82290.9
1790823600000,514.43,514.77,514.43,514.67,250615.53
1790824500000,514.67,514.69,514.34,514.5,217639.68
1790825400000,514.55,514.6,514.39,514.44,133764.08
1790826300000,514.47,514.85,514.4,514.71,405944.0
1790827200000,514.82,514.97,514.4,514.97,324320.68
1790828100000,514.92,514.94,514.75,514.85,77748.0
1790829000000,514.85,515.11,514.85,515.05,254895.61
1790829900000,515.05,515.21,514.87,515.21,236931.47
1790830800000,515.21,515.49,515.21,515.49,357676.34
1790831700000,515.41,515.43,515.28,515.42,565319.18
1790832600000,515.43,515.89,515.37,515.65,906371.61
1790833500000,515.57,515.59,515.04,515.05,779985.39
1790834400000,515.38,515.98,514.95,515.21,2596626.68
1790835300000,515.41,515.54,514.49,514.5,1436361.06
1790836200000,514.5,514.5,513.82,513.86,2326272.84
1790837100000,513.82,513.88,513.59,513.69,954575.55
1790838000000,513.66,514.06,512.25,512.25,1623295.37
1790838900000,512.4,512.4,510.54,510.6,3244457.21
1790839800000,510.81,511.56,510.5,511.25,3404977.34
1790840700000,511.31,511.49,510.95,511.1,830620.7
1790841600000,510.29,515.98,509.704,511.82,8650920.2632
1790842500000,511.7808,512.4988,511.31,511.79,1284843.451752642
1790843400000,511.86,512.22,511.3087,511.99,1715548.618650989
1790844300000,511.73,512.19,511.5,511.97,771015.544382134
1790845200000,511.99,512.878,511.55,512.395,3886506.184459341
1790846100000,512.89,513.8025,512.2077,513.31,1376559.3453223202
1790847000000,513.46,513.93,512.5825,513.38,1354587.733420028
1790847900000,513.3991,514.28,513.02,513.31,2267791.4125813027
1790848800000,513.33,513.48,512.37,513.48,1536637.362340887
1790849700000,513.45,513.63,513.0,513.0255,858575.182071772
1790850600000,513.0255,515.693,513.0112,515.33,2522086.4456374687
1790851500000,515.02,515.89,514.2812,515.57,1398025.4328012255
1790852400000,515.4292,517.4758,515.1616,516.22,9582857.781589936
1790853300000,516.5,517.48,515.5,516.75,4509373.914182195
1790854200000,516.77,518.1,516.113,517.85,5077693.342192656
1790855100000,517.73,521.11,517.25,519.6718,12076365.181132533
1790856000000,519.8,520.1915,518.65,519.19,55779549.407892674
1790856900000,519.2,519.87,518.64,519.1529,10503368.662814328
1790857800000,518.96,519.6287,518.6503,519.0,14219515.964537056
1790858700000,518.9197,519.4322,518.6,519.1,9356834.291347599
1790859600000,519.0817,520.4437,518.65,520.15,15379979.599764323
1790860500000,520.0078,521.4,518.0,519.91,25252982.288083542
1790861400000,519.88,522.85,517.03,518.0949,1072614444.071
1790862300000,518.09,519.87,516.5503,517.995,508936955.40186197
1790863200000,518.05,519.2199,516.19,516.66,482537077.8079
1790864100000,516.63,518.7255,516.15,517.78,307055356.14667183
1790865000000,517.73,517.73,515.28,515.335,281449148.2546
1790865900000,515.335,515.86,513.39,514.16,250279511.133
1790866800000,514.26,514.7999,513.35,514.53,336907652.2864
1790867700000,514.58,514.86,513.2122,513.51,186996998.9694
1790868600000,513.55,514.05,512.7,513.065,184072805.49397805
1790869500000,512.99,513.7299,512.62,513.075,161814296.5686714
1790870400000,513.05,514.35,512.75,513.5563,115907714.875
1790871300000,513.55,514.63,513.43,514.04,79557567.69818039
1790872200000,514.03,514.855,513.56,513.69,126349886.05072841
1790873100000,513.64,513.86,512.17,512.85,127310895.36594579
1790874000000,512.7519,514.35,512.65,514.015,104595664.2965
1790874900000,514.06,515.24,513.8301,515.13,131142618.47230208
1790875800000,515.18,516.5,515.18,516.1108,196266754.5912375
1790876700000,516.12,516.3,514.8599,515.09,91219502.38595706
1790877600000,515.11,515.94,514.58,515.61,92671224.1351
1790878500000,515.61,516.0,514.83,515.9175,102569308.3292
1790879400000,515.97,516.57,515.59,516.38,168218350.92376736
1790880300000,516.3801,516.68,515.61,515.7399,114044082.2477
1790881200000,515.67,516.18,515.42,516.09,108102049.00870712
1790882100000,516.11,516.2899,515.35,515.515,124498434.17139687
1790883000000,515.51,516.34,515.1201,515.15,143713964.2599015
1790883900000,515.12,515.55,512.3501,512.8,811326580.2076
1790884800000,513.13,515.3698,512.55,514.08,2572892665.002417
1790885700000,513.38,514.2837,512.8,513.9925,2220356.456698009
1790886600000,513.8342,514.0,513.7,513.8,1489361.7825545555
1790887500000,513.9,514.0,513.25,513.4352,1796931.23771004
1790888400000,513.69,513.9,513.35,513.55,41810820.4771
1790889300000,513.5,513.77,513.4,513.5647,600582.8793797271
1790890200000,513.69,513.77,513.4,513.59,290261.6857933886
1790891100000,513.55,513.77,513.5,513.734,363083683.0550944
1790892000000,513.5,514.45,513.5,513.99,1701309.0577807825
1790892900000,513.98,514.3897,513.7,514.0,1008228.795682744
1790893800000,514.1,514.95,514.02,514.8,1975159.057914151
1790894700000,514.8,515.959,514.45,515.83,1369378.7562396736
1790895600000,515.35,515.9,514.5,515.0158,5562781.171404738
1790896500000,515.5915,515.7,514.86,515.25,1152796.7727678749
1790897400000,514.85,515.2488,514.12,514.66,794477.069020934
1790898300000,514.6,515.3488,514.24,515.32,2115485.5105343745
1790899200000,515.0,515.63,514.96,515.48,587767.18
1790900100000,515.62,516.5,515.62,515.71,769056.79
1790901000000,515.72,515.77,515.28,515.44,884114.15
1790901900000,515.3,515.51,515.15,515.16,110790.44
1790902800000,515.16,515.16,514.76,514.95,176123.37
1790903700000,514.95,514.95,514.44,514.61,183731.08
1790904600000,514.66,514.83,514.66,514.82,181718.88
1790905500000,514.83,515.34,514.75,515.29,219943.7
1790906400000,515.29,515.37,515.09,515.37,146837.61
1790907300000,515.38,515.75,515.35,515.74,187689.89
1790908200000,515.72,516.08,515.66,515.66,162487.12
1790909100000,515.8,516.45,515.8,516.2,303999.96
1790910000000,516.28,516.34,515.96,516.14,198199.64
1790910900000,516.05,516.37,515.82,516.28,150186.43
1790911800000,516.28,516.36,515.99,516.08,227579.68
1790912700000,516.08,516.33,516.08,516.29,151773.37
1790913600000,516.29,516.78,516.17,516.6,481385.53
1790914500000,516.6,516.71,516.39,516.65,37703.5
1790915400000,516.43,516.5,516.35,516.42,213292.13
1790916300000,516.42,516.87,516.42,516.76,177730.11
1790917200000,516.73,517.1,516.72,516.84,234207.97
1790918100000,516.94,516.94,516.7,516.7,30487.24
1790919000000,516.68,516.69,516.46,516.48,268078.81
1790919900000,516.47,516.48,515.83,516.01,372212.97
1790920800000,516.01,516.28,515.83,516.09,187835.7
1790921700000,516.06,516.16,515.51,516.07,343509.9
1790922600000,516.08,516.08,515.57,515.57,435798.66
1790923500000,515.51,515.55,515.31,515.52,143804.7
1790924400000,515.63,516.12,515.54,516.12,348152.39
1790925300000,516.12,516.18,515.42,515.42,267685.46
1790926200000,515.54,515.99,515.46,515.93,260515.13
1790927100000,515.99,516.79,515.84,516.14,679712.97
1790928000000,515.0602,517.3388,512.8,516.7038,12615879.754749255
1790928900000,516.7,517.08,515.8408,516.77,1637254.6812945155
1790929800000,516.6,517.09,516.02,516.8,472889.44170833396
1790930700000,516.7,517.1,516.68,516.75,592026.0438898656
1790931600000,516.61,517.02,516.126,516.8,2565259.5185568756
1790932500000,516.57,517.0,516.2512,516.97,419279.8440826271
1790933400000,516.81,516.9888,516.3,516.88,732004.3794455696
1790934300000,516.88,516.88,515.6812,516.05,997399.2653563695
1790935200000,516.04,516.5965,515.68,515.7,1469547.1617075594
1790936100000,516.2388,516.4988,515.1175,515.9,1344778.9457517655
1790937000000,515.9,516.8288,515.707,516.46,337941.4673725176
1790937900000,516.5,516.9988,516.1312,516.9988,667051.5000180809
1790938800000,516.705,517.9,516.5651,517.1534,5258448.186345693
1790939700000,517.85,517.85,516.7,517.65,3957785.667108946
1790940600000,517.52,518.1682,517.0,517.65,20819592.743443538
1790941500000,517.6797,517.6797,516.415,516.6,1576177.1728607249
1790942400000,516.4,516.98,516.18,516.45,1899213.57328735
1790943300000,516.9225,517.4852,516.2557,516.85,1933600.295396844
1790944200000,517.07,519.25,516.96,518.4532,22063757.46903118
1790945100000,517.994,518.92,517.98,518.8233,47874343.18337262
1790946000000,518.7442,519.8685,518.42,518.75,15455725.164407702
1790946900000,518.65,520.0,517.05,519.77,11925977.039719779
1790947800000,519.095,522.5,515.96,517.17,566197229.683
1790948700000,517.08,517.83,515.45,517.49,322136806.3028
1790949600000,517.36,518.5735,516.9347,517.6117,238304147.2339
1790950500000,517.61,518.07,516.58,516.6166,181713353.4434
1790951400000,516.69,517.2,516.36,516.92,159919883.4239
1790952300000,516.825,517.18,515.69,515.825,238846152.0387
1790953200000,515.85,516.3992,514.67,515.0175,233516042.3548
1790954100000,515.0225,515.68,514.06,515.426,242420439.1042
1790955000000,515.41,515.86,514.7,515.16,156752493.52809966
1790955900000,515.17,515.35,513.66,514.38,187227407.40720916
1790956800000,514.32,515.765,514.28,514.8999,123129926.6378645
1790957700000,514.88,514.99,514.03,514.185,87018890.23293933
1790958600000,514.17,514.84,513.8,513.98,101853973.48973171
1790959500000,513.97,514.37,513.86,513.975,81691794.68939862
1790960400000,513.97,515.01,513.97,514.627,164900124.7688
1790961300000,514.69,515.15,514.39,514.825,132214537.3837
1790962200000,514.8196,514.96,513.91,514.4999,404772513.0196877
1790963100000,514.465,514.95,514.28,514.7819,90966893.66334678
1790964000000,514.97,515.5,514.81,515.03,161557014.74352574
1790964900000,515.035,515.3599,514.405,515.22,124558019.30655299
1790965800000,515.235,515.44,514.81,514.9,87838320.91423005
1790966700000,514.9,515.34,514.855,515.18,83914067.0462402
1790967600000,515.23,515.3,514.56,514.915,254490508.7844604
1790968500000,514.915,515.3,514.7,514.9445,289715793.7376
1790969400000,514.945,515.53,514.67,515.37,149815266.03354847
1790970300000,515.42,517.87,515.3386,517.53,985796739.7672977
1790971200000,517.83,518.0,516.6233,517.68,2299567281.4262376
1790972100000,517.53,517.83,517.4,517.4195,15047014.385793155
1790973000000,517.4009,517.62,517.4,517.4,7627410.556730742
1790973900000,517.4007,517.53,517.4,517.46,7791924.139613645
1790974800000,517.4,517.53,517.4,517.471,586110.15145252
1790975700000,517.49,517.5187,517.4,517.4536,48621299.57275886
1790976600000,517.42,517.45,517.4,517.4487,176808.80565335
1790977500000,517.4,517.45,517.05,517.0587,271689398.0421865
1790978400000,517.3912,517.4,517.05,517.09,267998648.63499168
1790979300000,517.21,517.395,517.2,517.2,311888.67850553576
1790980200000,517.2,517.3072,517.2,517.2,313912.78380874
1790981100000,517.293,517.4,517.2,517.2139,4032341.435541135
1790982000000,517.2877,517.2999,517.2,517.25,325988.09054565453
1790982900000,517.2512,517.3,517.05,517.05,1708661.4202275905
1790983800000,517.05,517.0695,516.0,516.8,1078401.084384489
1790984700000,516.969,517.29,516.8,517.2,836495.708164596
1790996400000,516.88,517.45,516.88,517.45,414.09457
1791000000000,517.45,517.45,517.45,517.45,1.44886
1791009000000,517.45,517.45,517.45,517.45,29.960355
1791018000000,517.45,517.45,516.87,516.87,31.650192
1791035100000,516.87,516.87,516.87,516.87,39.850677
1791036900000,516.8,516.8,516.8,516.8,1374.37792
1791040500000,517.45,517.45,517.45,517.45,2.535505
1791045000000,516.75,516.75,516.75,516.75,18.29295
1791048600000,517.45,517.45,516.75,516.75,31.5431
1791054000000,517.45,517.45,517.45,517.45,20.07706
1791073800000,517.45,517.45,517.45,517.45,100.79926
1791074700000,516.75,516.75,516.75,516.75,105.417
1791084600000,517.45,517.45,517.45,517.45,537.94102
1791095400000,517.45,517.45,517.45,517.45,29.960355
1791096300000,517.45,517.49,517.45,517.49,2333.7271
1791100800000,517.52,517.52,516.87,516.87,299.9731
1791103500000,517.56,517.56,517.56,517.56,295.0092
1791104400000,517.62,517.62,517.62,517.62,191.5194
1791105300000,517.64,517.65,517.64,517.65,129.358635
1791106200000,517.64,517.64,517.64,517.64,521.418772
1791114300000,517.85,517.85,517.85,517.85,2.38211
1791130500000,517.85,517.85,517.85,517.85,49.972525
1791140400000,517.61,517.61,516.87,516.87,51.32449
1791144900000,516.87,516.87,516.87,516.87,2874.107322
1791145800000,517.44,517.44,517.44,517.44,25.820256
1791158400000,517.36,518.05,517.36,517.79,1141542.43
1791159300000,517.74,517.78,517.13,517.13,426431.16
1791160200000,517.14,517.79,517.06,517.38,482326.01
1791161100000,517.32,517.32,517.1,517.18,333053.7
1791162000000,517.19,517.29,516.9,516.99,500025.82
1791162900000,516.92,517.29,516.65,517.06,826043.94
1791163800000,517.14,517.24,517.01,517.06,294791.2
1791164700000,517.06,517.06,516.61,516.61,385562.14
1791165600000,516.61,516.82,516.51,516.69,156019.72
1791166500000,516.55,516.75,516.55,516.62,274841.3
1791167400000,516.61,516.72,516.29,516.29,314054.47
1791168300000,516.33,516.37,515.22,515.5,433307.55
1791169200000,515.34,515.79,515.29,515.31,270092.95
1791170100000,515.36,515.94,515.35,515.74,452227.05
1791171000000,515.72,515.81,515.35,515.44,196958.17
1791171900000,515.51,515.55,515.37,515.42,345354.25
1791172800000,515.37,515.47,515.05,515.2,989332.16
1791173700000,515.3,515.39,515.15,515.15,259204.66
1791174600000,515.15,515.3,514.94,515.15,538741.69
1791175500000,515.28,515.54,514.91,514.95,269419.8
1791176400000,515.1,515.78,514.88,514.88,277693.78
1791177300000,514.62,515.0,514.57,515.0,269221.46
1791178200000,514.84,514.84,514.45,514.53,584607.34
1791179100000,514.53,514.85,514.43,514.5,142540.79
1791180000000,514.6,514.92,514.5,514.9,334532.88
1791180900000,514.9,515.2,514.56,514.56,181247.81
1791181800000,514.5,514.52,513.7,514.0,951284.93
1791182700000,513.91,514.21,513.68,514.05,664821.64
1791183600000,514.16,515.28,514.12,514.84,1917866.22
1791184500000,514.93,514.93,514.1,514.47,1261538.43
1791185400000,514.68,514.79,514.65,514.79,66915.35
1791186300000,514.82,515.4,514.82,515.4,160736.17
1791187200000,515.53,516.3477,513.66,515.89,3590361.4401
1791188100000,515.9,516.521,515.7593,516.13,1417219.940719199
1791189000000,515.89,516.3312,515.0312,515.31,2195730.847288128
1791189900000,515.34,516.0988,514.8397,515.5,1204085.97617691184533905
1791190800000,515.6,515.9988,514.791,515.4795,210448.773551110120615124
1791191700000,515.9795,515.9988,515.0227,515.44,447418.744881135
1791192600000,515.0893,515.66,515.0893,515.4,309822.317186389730921162
1791193500000,515.4988,515.6057,515.15,515.4,196087.057600642184535237
1791194400000,515.25,518.0344,515.24,517.57,17743336.087735499567634
1791195300000,517.6827,517.8677,516.7647,517.37,1647575.2431766343
1791196200000,517.37,518.3517,517.0225,517.9583,2659682.5440544982
1791197100000,517.3,518.85,517.3,518.78,1377780.2262996544
1791198000000,518.85,520.5,517.53,519.99,12390691.2260728322
1791198900000,519.78,520.2499,519.5,520,3561036.0313937129
1791199800000,520.15,520.2488,519.43,519.55,3862558.0983440755801423
1791200700000,519.5734,519.92,519.12,519.6158,2276584.0462072656
1791201600000,519.8497,520.58,519.5877,520.47,12928532.7286730634793916
1791202500000,520.51,520.5537,519.5261,520,3852494.1737750614
1791203400000,520,520.35,519.5198,519.98,3505515.2913213649199103
1791204300000,519.5,520.97,519.5,520.8,59307003.5407948324800495
1791205200000,520.68,521.4,520.2,520.7839,9109749.0930719812
1791206100000,520.7874,522.5,520,521.7,26677353.8679846146
1791207000000,521.815,531.835,521.53,531.795,2254384050.1058075365
1791207900000,531.75,532.35,526.76,527.63,785967833.9627
1791208800000,527.54,528.7,525.8,526.01,575983532.5763
1791209700000,526,527.53,525.551,526.999,441566186.4345
1791210600000,527.065,527.195,525.55,525.9013,300896188.4858
1791211500000,525.855,526.74,525.75,526.205,543465408.5309422848
1791212400000,526.25,526.52,524.8,525.36,347176735.8466
1791213300000,525.35,527.49,525.29,526.55,518581335.1245
1791214200000,526.55,526.58,525.18,525.655,198951557.524434044
1791215100000,525.655,526.7,525.45,526.46,206362115.9616
1791216000000,526.505,526.51,524.4245,524.445,239408740.3639
1791216900000,524.5,526.18,523.9003,526,387131303.5016
1791217800000,526,526.74,525.2601,526.635,207072468.0686
1791218700000,526.6,526.73,525.75,525.825,165172015.877381787
1791219600000,525.825,525.88,525.2,525.57,125754861.18010916574461
1791220500000,525.555,526.27,525.25,525.45,141009987.8188
1791221400000,525.45,525.48,524.56,525.42,145111249.1202203025
1791222300000,525.4,525.5699,524.74,524.745,184835237.1595
1791223200000,524.8,525.29,524.55,525.2,164679137.7804
1791224100000,525.17,525.7227,524.86,525.57,123308185.8087
1791225000000,525.585,526.28,525.4,526.21,138693681.9790507036
1791225900000,526.205,527.434,526.17,527.39,285591252.0692
1791226800000,527.39,528.5899,527.38,528.31,323107544.6
1791227700000,528.31,528.9304,528.05,528.785,282130494.0728
1791228600000,528.76,529.01,527.55,527.925,389222778.7218218431
1791229500000,527.88,528.16,523.96,525.18,1099637157.0588
1791230400000,525.51,525.75,524.75,525.03,2910973325.514161269
1791231300000,525.05,525.18,524.81,524.95,4137825.26178397266248495
1791232200000,524.9,525.05,524.82,524.86,613681994.247180466599974
1791233100000,524.9629,525.08,522.8,525.05,1976012.12045215025748401
1791234000000,525.05,525.1799,524.95,525.07,6192782.9097814684
1791234900000,525,525.1752,524.5387,524.7437,1207267.9120327520525064
1791235800000,524.75,524.75,524.15,524.59,132909987.6754225089
1791236700000,524.4017,524.6535,524.4,524.4,2395643.688121016
1791237600000,524.8,525.2,524.4,525,4342941.5328366264249787
1791238500000,524.9418,525.17,524.51,524.995,947792.36453452525248746
1791239400000,524.8398,525,524.55,524.7,5051007.7203514583
1791240300000,524.73,524.99,524.51,524.78,957967.18947810305247766
1791241200000,524.5222,525,524.51,525,1050751.62687667129505138
1791242100000,524.9947,525.2,524.79,525.1117,1934444.8983438625
1791243000000,525.2,525.5,525.1025,525.5,1710888.669323342
1791243900000,525.305,525.5,525.05,525.4,1109146.39009300845253943
1791244800000,525.38,525.43,524.7,524.92,887845.76
1791245700000,524.93,525.24,524.93,525.04,133904.13
1791246600000,525.12,525.33,525.1,525.28,147600.26
1791247500000,525.28,525.46,525.28,525.46,213282.42
1791248400000,525.45,525.84,525.45,525.7,517744.41
1791249300000,525.73,525.73,525.2,525.24,70406.26
1791250200000,525.24,525.51,525.08,525.41,220627.48
1791251100000,525.3,525.67,525.26,525.5,183388.41
1791252000000,525.5,525.61,525.44,525.56,257538.17
1791252900000,525.51,525.76,525.51,525.67,104083.04
1791253800000,525.64,525.73,525.34,525.52,79358.14
1791254700000,525.56,525.75,525.52,525.71,208691.06
1791255600000,525.7,525.97,525.7,525.96,160907.56
1791256500000,525.91,526.19,525.89,526.01,191474.07
1791257400000,526,526,525.77,525.82,93604.47
1791258300000,525.82,526.39,525.82,526.16,577161.18
1791259200000,526.16,526.4,526.15,526.36,103148.68
1791260100000,526.34,526.45,526.28,526.42,78428.69
1791261000000,526.35,526.45,526.33,526.37,342141.79
1791261900000,526.38,526.65,526.36,526.65,388558.94
1791262800000,526.56,526.79,526.45,526.61,438690.57
1791263700000,526.61,527,526.45,526.57,172223.92
1791264600000,526.55,526.61,526.5,526.6,159550.53
1791265500000,526.51,526.58,526.36,526.43,213198.27
1791266400000,526.39,526.71,526.39,526.59,553381.7
1791267300000,526.69,527.08,526.5,526.69,1121318.71
1791268200000,526.66,526.87,526.65,526.73,200698.18
1791269100000,526.71,526.71,526.47,526.5,291180.15
1791270000000,526.59,526.85,526.25,526.85,954753.61
1791270900000,526.77,526.88,526.51,526.57,319707.99
1791271800000,526.63,527.17,526.31,527.17,802298.64
1791272700000,527.12,527.12,527,527,100673.19
1791273600000,526.4,528.39,525.18,528.05,4502085.4182
1791274500000,528.0975,528.382,527.5,527.5162,955945.3526680968
1791275400000,527.5,528.11,526.8555,528.0097,746958.0280272337
1791276300000,528,528.39,527.5,527.75,1191936.3336468496
1791277200000,527.78,528.3888,527.61,528.2632,1711918.09667527115839835
1791278100000,528.2239,528.8988,527.022,527.75,3001306.7800393926
1791279000000,527.54,528.2962,527.052,528,2106764.260727376
1791279900000,528,528.3,527.2,527.9,1844122.98580711804164893
1791280800000,528.28,528.2988,527.223,527.61,1624120.84257499834169105
1791281700000,527.76,528.2837,527.65,528,1183562.9705193632
1791282600000,527.8012,528.8388,527.8,528.5,1834202.5378941194
1791283500000,528.59,528.8388,528.07,528.23,4252730.1883467983
1791284400000,528.41,529.89,525.18,529.37,10808825.27351744
1791285300000,529.4,530.5,529,529.51,12786799.1348743399
1791286200000,529.58,530.6,529.41,530.5004,6990550.8257190784
1791287100000,530.62,530.62,529.98,530.26,7607226.729327625
1791288000000,530.3,530.6,529.45,530.1052,9051533.1081184992
1791288900000,530.22,530.22,529.6,529.9412,5082976.3381316450649068
1791289800000,529.8873,530.39,529.6,530.15,33504686.8429436319191892
1791290700000,530.15,530.4,529.99,530.29,49240793.3624168961398394
1791291600000,530.2,530.5986,530,530.13,19893599.715391282
1791292500000,530.02,531.93,528.6,531.25,8896060.0611707288
1791293400000,531.68,532,528.82,531.635,704866889.442682562
1791294300000,531.62,533.65,530.44,533.4006,605202938.8065403515
1791295200000,533.42,534.44,531.9131,533.5,510100579.1318090512
1791296100000,533.51,535.69,533.41,534.1317,699955885.4308
1791297000000,534.12,534.83,532.71,534.63,290268850.504667477202708
1791297900000,534.6,534.6,533.72,534.3,168102239.7413
1791298800000,534.24,534.5199,532.97,533.38,180728579.4032
1791299700000,533.35,533.45,532.22,533.1297,213674731.5279828425
1791300600000,533.12,533.59,532.5201,532.68,255981251.9218
1791301500000,532.7,532.8499,531.81,531.88,169008181.5493899695
1791302400000,531.91,532.7495,531.7,532.395,150892649.1475782721
1791303300000,532.43,532.57,531.92,532.263,134694580.2101767204
1791304200000,532.275,533.228,532.15,532.9901,217637067.2856386482
1791305100000,533.035,533.035,532.04,532.56,134124055.1367294086
1791306000000,532.56,532.765,531.835,532,117821016.1550703312
1791306900000,531.97,532.43,531.42,532.07,138533993.3703288874
1791307800000,532.06,532.35,531.15,531.25,208192065.614
1791308700000,531.205,531.7399,531.115,531.705,156715589.958818356
1791309600000,531.705,531.89,530.82,531.59,222488331.4848455686
1791310500000,531.575,531.66,530.772,530.945,128513804.6826210922
1791311400000,530.91,530.955,530.16,530.64,270264580.1210606415
1791312300000,530.67,530.95,530.38,530.7001,141860224.4619956612
1791313200000,530.725,531.345,530.61,530.795,169062900.465736332
1791314100000,530.791,531.7,530.74,531.53,208715710.4554597041
1791315000000,531.53,531.77,530.71,531.15,232010258.353747857
1791315900000,531.145,531.51,529.08,529.3,897594477.9384
1791316800000,529.49,529.98,529.059,529.33,3019959565.4888830099555
1791317700000,529.3,529.41,529.06,529.3,1358287.3186540424
1791318600000,529.3,529.56,529.15,529.3,1344284.6642696227
1791319500000,529.3,529.52,529.14,529.4,3470759.7307955617646623
1791320400000,529.4952,529.5,529.2075,529.5,3588027.6654
1791321300000,529.395,529.5,529.2,529.31,69240369.62520423
1791322200000,529.33,529.4999,529.25,529.4145,1199810.1020755221588138
1791323100000,529.24,529.7499,529.2062,529.4,2503131.6744675345
1791324000000,529.7,529.75,529.35,529.5,1198000.1501284714
1791324900000,529.7,529.7,529.35,529.35,852671.739078414389409
1791325800000,529.35,529.75,529.2,529.58,434349.0141313964
1791326700000,529.4,529.75,529.27,529.35,652886.7155405775940925
1791327600000,529.35,529.6,529.21,529.44,749954.2948978254
1791328500000,529.2518,529.61,529.2518,529.3045,347455.929629777
1791329400000,529.51,529.51,529.2,529.3036,643180.5006322222
1791330300000,529.32,529.83,529.2927,529.7882,1969719.3786646384
1791331200000,529.65,530.31,529.57,529.94,457875.14
1791332100000,529.94,530.29,529.61,530.18,444082.12
1791333000000,530.1,530.16,529.91,529.91,507226.28
1791333900000,530.02,530.08,529.45,529.51,172147.44
1791334800000,529.69,529.75,529.51,529.73,242055.99
1791335700000,529.75,529.98,529.56,529.65,274950.4
1791336600000,529.65,529.97,529.65,529.8,209845
1791337500000,529.81,529.94,529.72,529.87,113373.57
1791338400000,529.97,530.83,529.81,530.5,886548.18
1791339300000,530.54,530.8,530.28,530.79,428169.41
1791340200000,530.74,530.78,530.2,530.2,324213.78
1791341100000,530.23,530.48,530.08,530.21,176572.38
1791342000000,530.3,530.4,530.2,530.26,59391.22
1791342900000,530.15,530.15,529.95,530,339753.3
1791343800000,529.99,530.28,529.94,530.26,132512.81
1791344700000,530.26,530.26,530,530.12,595222.34
1791345600000,530.16,530.16,529.98,530.02,175963.99
1791346500000,530.03,530.14,530.01,530.14,74740.05
1791347400000,530.13,530.15,530,530.04,103365.69
1791348300000,530.04,530.38,530.01,530.38,195634.12
1791349200000,530.37,530.41,530.31,530.33,120920.93
1791350100000,530.34,530.34,530.01,530.06,450717.17
1791351000000,530.12,530.12,529.93,529.99,74198.98
1791351900000,529.97,530,529.65,529.89,372469.91
1791352800000,529.89,529.89,529.53,529.65,265886.66
1791353700000,529.65,529.69,529.44,529.44,554993.99
1791354600000,529.45,529.69,529.3,529.53,506727.98
1791355500000,529.51,529.57,529.33,529.34,105371.35
1791356400000,529.49,530.07,529.49,530.01,822761.61
1791357300000,530.01,530.14,529.98,529.98,718729.04
1791358200000,529.98,530.4,529.98,530.27,591653.18
1791359100000,530.27,530.37,529.85,530.37,621969.76
1791360000000,530.2,532.35,528.905,531.9112,3131103.284981414
1791360900000,531.94,532.35,531.385,531.4,2453815.7453466448
1791361800000,531.49,531.9997,531.0312,531.6765,1181532.676219962
1791362700000,532,532.3288,531.5367,531.88,1374828.7155348912872499
1791363600000,532,532.4097,531.5892,532.113,1492638.0049858224
1791364500000,532.0591,532.0802,531,531.57,1368413.1058541242936335
1791365400000,531.45,531.4888,530.0012,530.4,1987755.908280933
1791366300000,530.25,530.64,529.42,529.9,7173680.7721708967
1791367200000,530,530.4687,529.71,529.9,4502701.5788547936
1791368100000,529.9,530.3,527.26,527.38,4775575.2804188106648371
1791369000000,527.46,527.46,524.5138,526.63,9867453.4254062465
1791369900000,526.63,527.7,526.1,526.9133,1645680.719979540010668
1791370800000,526.93,529.3,526.11,527.4925,9225221.9286609812
1791371700000,527.49,527.5,525.25,525.54,5816815.9003238624
1791372600000,525.25,525.4145,524.2,525,12049323.219043007
1791373500000,524.9566,526.46,524.72,525.71,7416666.1111905768
1791374400000,525.7097,527.47,525.4609,527.1098,8345980.0584555114
1791375300000,527.4785,527.65,526.0415,526.5,5115501.5793291905273754
1791376200000,526.46,527.13,526.46,527,7859511.7556347365269912
1791377100000,527,528.99,526.82,528.49,10843318.981267824
1791378000000,528.2,528.5,527.5,527.91,3842746.5608952870359702
1791378900000,527.7,530.9,526.37,530.8,6381944.3958143360723362
1791379800000,530.725,531.59,526.3,526.84,412096947.3531
1791380700000,526.915,528.4,525.683,527.71,332996987.0265123223
1791381600000,527.884,527.93,526.51,526.92,324207470.29298159366344
1791382500000,526.82,527.09,526.13,526.32,140358324.4431
1791383400000,526.32,526.88,525.85,525.98,137535453.3874
1791384300000,525.96,526.1,524.69,525.52,211259963.043012649841864
1791385200000,525.515,526.66,525.25,526.58,171733637.3884582206
1791386100000,526.595,527.6,526.5,527.3899,198995740.0241377578
1791387000000,527.334,528.8,527.11,528.68,275862880.619
1791387900000,528.65,528.85,527.555,527.82,192763341.9458
1791388800000,527.81,528.24,527.13,528.0901,155719566.5346
1791389700000,528.13,528.84,527.76,527.89,323253302.8801768779
1791390600000,527.86,527.96,527.28,527.9594,95598557.8095716125
1791391500000,527.9294,528.06,527.45,527.79,101107241.890111606555922
1791392400000,527.8286,528.395,527.46,527.84,112839283.3050142856
1791393300000,527.805,529.2,527.73,529.04,178705434.9966
1791394200000,529.03,529.58,528.89,529.38,176717939.1322956729
1791395100000,529.3601,529.91,529.22,529.6,204789629.9387
1791396000000,529.55,530.3,529.116,530.26,260039583.3356
1791396900000,530.235,531.73,530.06,531.64,217155624.15
1791397800000,531.63,531.67,530.31,530.955,167656611.734402250478422
1791398700000,530.9,531.16,530.43,530.92,138086478.978327306
1791399600000,530.95,531.43,530.36,530.625,197884351.723946950420486
1791400500000,530.65,530.79,529.84,530.01,128687106.593796644505787
1791401400000,529.98,529.98,529.13,529.46,118305537.941
1791402300000,529.4,530.78,529.26,529.76,585193688.502911628
1791403200000,529.59,529.82,528.7678,529.42,622045391.8114
1791404100000,529.7,529.76,529.11,529.6182,13324723.677961082
1791405000000,529.6182,529.76,529.161,529.63,3096779.1293045141117713
1791405900000,529.2787,529.9125,529.2787,529.9125,1497638.3783487057881886
1791406800000,529.64,529.95,529.44,529.72,2938363.1950004
1791407700000,529.721,529.7227,529.44,529.6,622651.1564156725
1791408600000,529.64,529.69,529.57,529.58,378899724.131853
1791409500000,529.6,529.8187,529.58,529.8162,3725297.400858800389407
1791410400000,529.6737,530,529.6737,529.89,440498.404201267
1791411300000,529.8913,530,529.6511,530,639551.3267
1791412200000,529.99,530.15,529.7,530.15,720051.0733958223059813
1791413100000,530.0037,530.15,529.85,530.1,666283.0485537924
1791414000000,530.1437,530.25,529.9,530.23,620388.902268439
1791414900000,530.28,530.82,530.0401,530.7199,1833798.5552773026
1791415800000,530.11,530.72,530.04,530.34,534196.7771573847
1791416700000,530.1642,530.703,529.43,529.77,1846999.0921048743
1791417600000,529.76,529.87,529.67,529.87,120264.25
1791418500000,529.69,529.71,529.01,529.01,333663.36
1791419400000,529.01,529.01,528.77,528.92,107907.35
1791420300000,528.93,529.42,528.91,529.4,360451.33
1791421200000,529.36,529.5,529.23,529.25,590756.99
1791422100000,529.23,529.55,529.23,529.51,363669.06
1791423000000,529.61,529.78,529.61,529.7,83691.61
1791423900000,529.61,529.7,529.52,529.62,157297.06
1791424800000,529.55,529.69,529.53,529.6,95323.57
1791425700000,529.6,529.7,529.6,529.7,38665.18
1791426600000,529.72,529.84,529.56,529.68,281280.23
1791427500000,529.69,529.73,529.55,529.55,224537.11
1791428400000,529.55,529.62,529.5,529.6,285961.69
1791429300000,529.59,529.59,529.41,529.51,247268.47
1791430200000,529.43,529.54,529.34,529.37,190055.39
1791431100000,529.37,529.53,529.35,529.45,104824.86
1791432000000,529.36,529.5,529.34,529.4,175218.43
1791432900000,529.44,529.44,529.29,529.37,301194.43
1791433800000,529.33,529.49,529.33,529.49,52941.26
1791434700000,529.49,529.54,529.43,529.43,51358.03
1791435600000,529.42,529.55,529.35,529.54,55066.24
1791436500000,529.5,529.5,529.34,529.45,138698.52
1791437400000,529.42,529.42,529.16,529.16,106912.96
1791438300000,529.25,529.29,529.1,529.12,195779.98
1791439200000,529.15,529.25,529.13,529.23,133352.15
1791440100000,529.19,529.23,528.77,528.77,172997.02
1791441000000,528.83,528.83,528.19,528.33,905835.54
1791441900000,528.3,528.55,528.12,528.55,1354404.56
1791442800000,528.49,528.9,528.21,528.72,772350.6
1791443700000,528.71,529.39,528.71,529.08,1269974.22
1791444600000,529.17,529.8,529.17,529.77,923580.01
1791445500000,529.77,531,529.74,530.99,773469.64
1791446400000,530.4,531.8885,528.04,531.3822,5001988.7407
1791447300000,531.35,531.45,530.5,530.57,1488467.3786929502
1791448200000,530.8,531.38,530.5577,530.87,1753880.162662939787628
1791449100000,530.9,531.13,530.5012,530.81,1303875.2944870417
1791450000000,530.82,531.1288,530.5,530.9922,1155118.9777576041592758
1791450900000,530.9988,531.1142,530.5,531.01,664338.7574455402
1791451800000,531,531.12,530.36,530.36,1489095.1941699408
1791452700000,530.4035,530.8287,529.73,529.9312,2380658.1398692330652524
1791453600000,529.93,530.625,529.93,530.5,453669.2134498908
1791454500000,530.68,530.82,529.7312,530.01,480772.6389547767
1791455400000,529.96,530.785,529.73,530.15,1714461.893596116935002
1791456300000,530.4744,530.4988,529.73,530.02,1154645.9357313826
1791457200000,530.18,530.19,529.01,529.35,5256199.59131804
1791458100000,529.0182,529.66,529,529.64,5432026.6894590125
1791459000000,529.99,530.02,529,529.5,2398453.8059646785882163
1791459900000,530,531,529.51,531,3248803.7360260473
1791460800000,530.94,531.46,529.52,530.1732,16146864.2296278204
1791461700000,529.6,530,525.31,527.48,10880227.7804999545708053
1791462600000,527.78,528.34,526.51,527.3,8869994.653350316
1791463500000,527.05,529.42,526.86,528.6,13446118.2166037765558358
1791464400000,528.6156,529.99,528.44,529.3,5138140.54996766
1791465300000,529.41,530.66,527.72,529.73,88350700.1541154442
1791466200000,529.39,533.51,528.5201,531.24,720715035.71039477710166
1791467100000,531.23,532.49,530.2,532.145,316748969.1657
1791468000000,532.23,532.31,530.4,531.61,332039962.2465
1791468900000,531.68,531.7,529.8131,529.91,257335054.0407
1791469800000,529.89,531.394,529.875,530.91,303779337.5008778486
1791470700000,530.98,531.7491,530.05,530.375,241027459.1432
1791471600000,530.45,531.47,530.03,530.37,399585249.5574
1791472500000,530.33,530.65,529.5,530.5,187948931.2635
1791473400000,530.465,531.15,529.97,530.79,163950909.434
1791474300000,530.825,531.07,530.0612,530.22,150879521.647
1791475200000,530.18,530.25,528.89,530,241362311.740852332
1791476100000,530,531.98,529.9438,531.03,224800420.927130686643896
1791477000000,531.105,531.5851,528.22,528.88,185625814.4416670664
1791477900000,528.88,528.88,524.61,526.305,581433438.9885759096
1791478800000,526.225,526.225,521.65,525.21,764334125.4249
1791479700000,525.24,526.45,522.79,523.29,346266301.9542773462
1791480600000,523.34,523.894,521.69,521.76,315365075.1613242518
1791481500000,521.76,522.5499,518.82,519.975,427302391.3762724022
1791482400000,519.915,520.36,518.79,519.68,237241857.2804
1791483300000,519.71,523.42,519.71,522.648,242288985.3336
1791484200000,522.68,522.8,521.12,521.665,232034036.402932748
1791485100000,521.665,522.34,521.41,522.33,134191405.3595579614
1791486000000,522.34,522.42,520.96,521.6291,171574947.7301
