1782330300000,198.19,199.16,198.19,198.88,1949855037.051924
1782331200000,199.058,200.625,198.14,200.403,627077285.6161985
1782332100000,200.409,200.498,200.01,200.356,305672921.26298225
1782333000000,200.351,200.65,200.061,200.573,115371616.37513842
1782333900000,200.576,201.21,200.15,200.399,183569721.4328922
1782334800000,200.399,200.45,199.9,199.974,61801236.20152653
1782335700000,200.02,200.479,199.98,200.475,35382120.140259355
1782336600000,200.474,200.474,200.162,200.162,148157047.05316153
1782337500000,200.162,200.488,200.16,200.488,33227575.1550133
1782338400000,200.491,200.85,200.465,200.541,34283047.58189931
1782339300000,200.539,200.668,200.36,200.36,18011958.428901598
1782340200000,200.358,200.377,200.115,200.155,20374965.025169514
1782341100000,200.155,200.159,199.776,199.907,47538933.25638384
1782342000000,199.907,200.679,199.797,200.592,27888758.5008917
1782342900000,200.592,200.592,200.319,200.319,17148674.475653004
1782343800000,200.317,200.742,200.314,200.712,26192747.123145696
1782344700000,200.714,200.864,200.625,200.674,26357461.564786587
1782345600000,200.57,201.02,200.03,200.54,9454100.92
1782346500000,200.52,200.68,200.29,200.35,4684901.78
1782347400000,200.36,200.41,199.89,200.03,6665506.38
1782348300000,200.01,200.34,199.96,200.24,3406563.76
1782349200000,200.27,200.36,199.97,200.03,3963048.95
1782350100000,200.1,200.15,199.71,199.92,6101697.71
1782351000000,199.92,200.1,199.8,200.0,4305812.14
1782351900000,200.0,200.19,199.95,200.07,3590811.57
1782352800000,200.05,200.16,199.47,199.47,4298405.15
1782353700000,199.48,199.95,199.3,199.92,3586976.15
1782354600000,199.94,200.16,199.86,199.93,2576194.31
1782355500000,199.9,200.13,199.81,200.1,1639079.42
1782356400000,200.11,200.14,199.88,199.93,6440589.81
1782357300000,199.98,200.11,199.87,200.01,3298780.63
1782358200000,200.02,200.25,200.01,200.02,7037843.12
1782359100000,200.03,200.36,199.99,200.25,4680502.5
1782360000000,200.25,200.29,199.91,200.09,6856174.52
1782360900000,200.11,200.24,200.0,200.13,2630748.49
1782361800000,200.19,200.22,200.0,200.11,2800575.52
1782362700000,200.13,200.2,200.0,200.04,2264515.43
1782363600000,200.04,200.27,199.93,200.18,3338641.18
1782364500000,200.18,200.44,200.18,200.43,3689358.87
1782365400000,200.37,200.61,200.24,200.56,7179479.88
1782366300000,200.48,200.69,200.44,200.57,5556828.16
1782367200000,200.55,200.78,200.45,200.52,5384080.65
1782368100000,200.51,200.73,200.49,200.62,3981729.83
1782369000000,200.62,200.66,200.34,200.4,5768093.44
1782369900000,200.41,200.51,200.11,200.11,5824730.34
1782370800000,200.16,200.6,200.09,200.53,10137743.31
1782371700000,200.51,200.99,200.51,200.68,6685096.86
1782372600000,200.7,201.0,200.57,200.99,4156765.91
1782373500000,200.99,201.09,200.73,201.07,4867451.17
1782374400000,200.712,201.721,200.33,201.556,139321159.35676736
1782375300000,201.554,201.632,201.371,201.568,20188983.077140722
1782376200000,201.573,201.716,201.551,201.698,14124222.443921827
1782377100000,201.697,201.71,201.656,201.707,20277054.538059082
1782378000000,201.709,202.142,201.709,201.976,18609771.910257395
1782378900000,201.977,202.013,201.747,201.848,11974757.37601947
1782379800000,201.847,202.049,201.845,201.854,8551186.476907717
1782380700000,201.841,201.841,201.605,201.605,9195056.643383116
1782381600000,201.605,201.841,201.601,201.73,6548509.355937824
1782382500000,201.736,201.904,201.281,201.324,12065564.339709723
1782383400000,201.321,201.494,200.934,200.937,13249571.24075183
1782384300000,200.94,201.26,200.808,200.947,12395483.406029437
1782385200000,201.06,201.447,200.947,200.952,39291268.31295778
1782386100000,200.951,201.044,200.594,200.638,31592256.813000925
1782387000000,200.635,200.699,200.415,200.638,19363476.527398854
1782387900000,200.644,200.75,200.483,200.566,26572990.177757166
1782388800000,200.563,201.142,200.5,200.817,46443341.83439898
1782389700000,200.821,200.885,200.693,200.856,27270516.39420071
1782390600000,200.858,201.517,200.858,201.504,61167143.71426757
1782391500000,201.499,201.81,201.462,201.766,44596008.50681403
1782392400000,201.766,201.766,201.41,201.499,46187007.40411047
1782393300000,201.5,201.562,200.0,200.085,100615363.62649521
1782394200000,200.08,200.8,195.91,196.135,2564269488.9973726
1782395100000,196.135,196.4,192.15,192.307,2459104452.473099
1782396000000,192.319,195.88,192.319,194.443,1939362661.7206383
1782396900000,194.44,194.93,193.63,194.542,1101021266.2157989
1782397800000,194.535,195.59,194.34,194.578,904329623.7834164
1782398700000,194.6,196.43,194.27,195.43,1188071148.6943014
1782399600000,195.48,196.67,195.2,195.543,895679541.5239048
1782400500000,195.58,195.76,194.775,195.132,692996577.5063952
1782401400000,195.2,195.88,195.14,195.767,521451873.26516014
1782402300000,195.768,196.39,195.6,195.62,572907635.4669281
1782403200000,195.645,196.93,195.575,196.732,700326893.0241779
1782404100000,196.735,197.12,195.75,195.988,607532907.1506786
1782405000000,195.989,195.99,194.94,194.967,506293533.31820226
1782405900000,195.0,195.202,194.52,194.867,419632285.18368065
1782406800000,194.87,195.37,194.56,195.22,366125316.9829072
1782407700000,195.219,195.74,194.825,195.395,419788710.56472296
1782408600000,195.41,195.65,194.94,195.032,355800450.5929262
1782409500000,195.033,195.033,194.37,194.805,699710389.1132369
1782410400000,194.77,194.792,193.72,194.34,642822537.7846028
1782411300000,194.332,195.82,194.27,195.777,484273252.3133193
1782412200000,195.778,195.778,194.79,195.1,420520430.42749137
1782413100000,195.08,195.098,194.13,194.41,589572303.7303607
1782414000000,194.41,194.64,194.09,194.09,463044321.0774309
1782414900000,194.06,194.57,193.71,194.38,653002259.3687917
1782415800000,194.38,194.82,193.89,194.762,776094022.320667
1782416700000,195.29,195.95,195.29,195.895,1883598827.9723563
1782417600000,195.758,196.77,195.7,195.815,507471984.1546555
1782418500000,195.815,196.123,195.379,195.432,41547704.422972314
1782419400000,195.431,195.463,194.99,195.245,16932746.35149672
1782420300000,195.245,195.348,195.109,195.325,16002736.715874052
1782421200000,195.325,195.473,195.285,195.425,7450845.637124264
1782422100000,195.424,195.424,195.26,195.313,6921654.260714542
1782423000000,195.312,195.455,195.277,195.429,7002763.906159758
1782423900000,195.43,195.525,195.426,195.51,164942971.9462002
1782424800000,195.514,195.74,194.88,195.045,17616767.135104273
1782425700000,195.045,195.065,194.498,194.51,19380629.30841907
1782426600000,194.502,194.584,194.302,194.443,17114012.124735963
1782427500000,194.444,194.849,194.431,194.745,9724284.632075364
1782428400000,194.747,194.876,194.546,194.862,16162666.974275237
1782429300000,194.861,195.579,194.86,195.552,28473275.955233037
1782430200000,195.551,195.673,195.09,195.105,13773057.186090328
1782431100000,195.104,195.104,194.55,194.821,14057020.608992789
1782432000000,194.822,195.22,194.77,195.1,3991094.15
1782432900000,195.1,195.2,194.56,195.0,2445597.78
1782433800000,195.0,195.13,194.48,194.8,3261694.39
1782434700000,194.82,195.03,194.43,194.47,2777905.49
1782435600000,194.41,194.63,194.03,194.15,3284985.14
1782436500000,194.15,194.54,194.07,194.07,4763036.4
1782437400000,194.09,194.09,192.86,192.93,7846438.01
1782438300000,192.86,193.14,192.57,192.81,6695963.22
1782439200000,192.86,193.16,192.64,192.92,8158022.66
1782440100000,192.9,193.26,192.45,192.5,8103318.22
1782441000000,192.57,192.69,191.69,191.96,11640810.27
1782441900000,191.96,191.96,190.99,191.43,13218674.84
1782442800000,191.37,191.65,191.27,191.47,7905080.94
1782443700000,191.43,192.25,191.41,191.92,6152139.05
1782444600000,191.92,191.98,191.32,191.81,8584792.44
1782445500000,191.8,193.13,191.74,193.09,7191233.71
1782446400000,193.11,193.28,192.5,192.84,6337175.89
1782447300000,192.84,192.95,191.89,191.99,7033716.64
1782448200000,191.99,192.01,191.7,191.82,4900646.89
1782449100000,191.8,191.83,191.22,191.48,8278603.72
1782450000000,191.5,192.45,191.43,192.26,9446243.21
1782450900000,192.25,192.44,191.86,192.19,3750939.78
1782451800000,192.23,192.79,192.21,192.41,4288020.96
1782452700000,192.37,192.73,192.26,192.34,2102581.59
1782453600000,192.34,192.47,191.66,191.84,7563017.92
1782454500000,191.94,192.34,191.71,192.3,5081489.18
1782455400000,192.35,192.53,192.17,192.45,7122153.28
1782456300000,192.5,193.24,192.42,193.16,6516095.62
1782457200000,193.16,193.29,192.51,193.06,6914314.8
1782458100000,193.0,193.5,193.0,193.48,4871571.28
1782459000000,193.5,193.76,193.01,193.5,5568913.5
1782459900000,193.52,193.86,193.42,193.69,3733077.34
1782460800000,193.82,194.824,193.04,193.51,137700118.83984193
1782461700000,192.99,193.51,192.977,193.35,7975220.787810313
1782462600000,193.03,193.454,192.908,193.1,11729784.637979237
1782463500000,192.994,193.084,192.595,192.801,8385524.119294684
1782464400000,192.8,193.168,192.65,193.0,11092545.628215143
1782465300000,193.0,193.173,192.732,193.025,11929914.200828241
1782466200000,193.05,193.695,192.953,193.05,12601638.33190206
1782467100000,194.01,194.035,193.455,194.01,15765469.797138482
1782468000000,193.57,193.85,193.506,193.57,14071936.734697862
1782468900000,193.788,193.874,193.515,193.74,5516185.565956232
1782469800000,193.7,193.74,193.53,193.6,8543062.047325144
1782470700000,193.68,193.78,193.548,193.68,4765276.974928393
1782471600000,193.75,193.84,193.669,193.8,28910018.34813638
1782472500000,193.69,193.828,193.66,193.7,15065648.76049799
1782473400000,193.69,193.846,193.675,193.83,16084734.17889025
1782474300000,193.69,193.699,193.21,193.4,24333038.699991096
1782475200000,193.45,193.839,193.346,193.741,17373159.10949144
1782476100000,193.86,193.908,193.2,193.2,23328225.659375515
1782477000000,193.34,193.432,192.292,192.34,208606155.43654406
1782477900000,192.25,192.78,192.189,192.65,41587197.74961393
1782478800000,192.48,192.706,192.275,192.41,35185125.58576679
1782479700000,192.23,193.131,191.976,192.51,65701929.69855277
1782480600000,193.1,193.51,191.23,193.025,2083320648.9992838
1782481500000,193.04,194.01,192.27,193.61,1082136953.2706618
1782482400000,193.555,194.23,193.38,194.01,882802002.2731717
1782483300000,193.954,194.49,193.28,193.693,811877543.3614736
1782484200000,193.73,193.93,192.65,192.848,836116972.9235725
1782485100000,192.895,193.56,192.69,193.09,608410049.9116774
1782486000000,193.095,193.59,192.65,192.67,646915736.1265072
1782486900000,192.69,193.66,192.49,193.62,722580290.4193127
1782487800000,193.61,195.25,193.602,195.1,807457830.8660532
1782488700000,195.13,195.18,193.81,194.35,783388255.7093216
1782489600000,194.34,194.368,193.64,193.78,576437256.5023882
1782490500000,193.75,194.385,193.645,194.17,504024605.2770794
1782491400000,194.17,194.55,194.16,194.22,353387118.58428574
1782492300000,194.241,194.39,193.95,194.128,471548036.13961405
1782493200000,194.08,194.83,194.04,194.64,617716927.4240291
1782494100000,194.69,195.18,194.15,195.04,485843966.59058475
1782495000000,195.06,195.55,194.71,194.9,606390187.2785156
1782495900000,194.87,194.98,194.32,194.59,742337230.9944358
1782496800000,194.595,195.31,194.43,194.61,766642843.9684834
1782497700000,194.69,194.71,193.92,194.02,412628889.843623
1782498600000,194.03,194.37,193.76,193.995,440794639.6276676
1782499500000,193.97,194.015,193.4,193.72,465294460.93048936
1782500400000,193.714,194.51,193.55,194.5,809612155.4204985
1782501300000,194.51,194.51,193.88,193.928,538745919.6898123
1782502200000,194.0,194.77,193.74,194.71,764121435.9206959
1782503100000,194.74,195.18,191.75,191.8,2452320428.215949
1782504000000,192.22,192.586,191.964,192.28,1147518703.3592398
1782504900000,192.4,192.44,192.091,192.44,68777653.28376186
1782505800000,192.27,192.414,191.87,192.06,44737949.88340967
1782506700000,192.1,192.425,192.08,192.38,28557135.66915253
1782507600000,192.29,192.31,192.146,192.23,12301519.001129743
1782508500000,192.31,192.325,192.15,192.19,24533424.927174248
1782509400000,192.28,192.29,192.16,192.2,10701946.868823042
1782510300000,192.22,192.419,192.165,192.24,142016700.91624755
1782511200000,192.45,192.45,192.341,192.36,9086476.36059581
1782512100000,192.36,192.395,192.23,192.36,8326037.148674537
1782513000000,192.51,192.668,192.39,192.58,12060365.08102983
1782513900000,192.81,193.09,192.665,193.0,18366618.10169069
1782514800000,192.79,192.912,192.656,192.79,5836318.328347731
1782515700000,192.82,192.825,192.65,192.81,8008814.868185373
1782516600000,192.772,192.925,192.772,192.88,9592314.868796062
1782517500000,192.84,192.96,192.726,192.75,13339501.76728818
1782518400000,192.755,192.768,192.755,192.768,572.415301
1782519300000,192.46,192.69,192.46,192.69,2352.178376
1782520200000,192.7,192.7,192.7,192.7,12.98798
1782521100000,192.71,192.77,192.43,192.6,511.766465
1782522000000,192.62,192.85,192.34,192.34,1290.423608
1782523800000,192.53,192.53,192.53,192.53,30.843306
1782524700000,192.34,192.64,192.14,192.14,1410.076346
1782525600000,192.15,192.55,192.02,192.02,616.801959
1782526500000,192.21,192.26,192.18,192.18,85.344612
1782527400000,192.02,192.28,192.0,192.0,66.001322
1782528300000,192.22,192.79,192.04,192.35,736.392835
1782529200000,192.35,192.79,191.92,192.28,1330.586537
1782530100000,192.39,192.71,191.82,192.04,157.636888
1782531000000,192.19,192.19,192.19,192.19,17.585385
1782531900000,191.82,192.59,191.67,191.67,661.174377
1782533700000,191.67,191.67,191.67,191.67,42.665742
1782534600000,191.66,191.92,191.63,191.87,391.719623
1782535500000,191.63,191.96,191.6,191.6,672.035466
1782537300000,191.73,191.86,191.52,191.52,354.58655
1782538200000,191.7,191.7,191.7,191.7,18.7866
1782539100000,191.72,192.98,191.5,191.71,420.952224
1782540000000,191.73,191.73,191.48,191.5,59.176165
1782540900000,191.51,191.51,191.51,191.51,15.397404
1782541800000,191.63,192.98,191.55,191.55,819.822804
1782542700000,191.48,191.48,191.46,191.46,202.060618
1782544500000,191.88,192.98,191.3,191.3,4253.493314
1782545400000,191.63,191.63,191.16,191.16,775.33453
1782549900000,191.29,191.63,191.13,191.13,1723.277842
1782550800000,191.35,191.36,190.89,190.89,842.930777
1782551700000,191.13,191.19,191.13,191.19,12.672729
1782553500000,191.19,191.63,190.9,190.9,365.94884
1782555300000,190.92,191.64,190.89,190.9,12491.394991
1782556200000,190.92,190.92,190.89,190.89,7806.238255
1782557100000,190.92,191.65,190.89,191.65,1826.487919
1782558900000,191.65,191.72,191.65,191.72,279.321665
1782559800000,191.5,191.5,191.01,191.01,39.934044
1782560700000,191.5,191.5,190.98,190.99,2682.009765
1782561600000,190.99,191.05,190.98,191.05,8490.293202
1782562500000,191.06,191.09,191.05,191.09,7054.694567
1782563400000,191.09,191.8,190.9,190.9,1848.815169
1782564300000,190.91,191.73,190.76,190.76,7670.466931
1782565200000,190.73,190.89,190.51,190.79,3554.570034
1782566100000,190.55,190.79,190.5,190.5,867.751681
1782567000000,190.79,190.79,190.79,190.79,10.87503
1782567900000,190.84,190.97,190.47,190.47,718.802032
1782568800000,190.63,190.66,190.6,190.64,1433.971137
1782569700000,190.69,192.92,189.88,190.28,17940.941059
1782570600000,190.28,192.19,190.01,191.16,3722.845931
1782571500000,190.19,191.39,190.05,190.06,12563.258305
1782572400000,190.06,192.87,189.94,190.0,1478.558179
1782573300000,189.9,190.5,189.9,190.5,6313.051281
1782574200000,190.5,192.17,189.74,191.2,6891.820308
1782575100000,190.2,191.2,190.2,190.2,4892.652
1782576000000,191.2,192.84,189.49,189.82,2622.098634
1782576900000,192.84,192.84,189.5,189.5,689.151946
1782577800000,189.85,192.7,189.85,192.7,218.95124
1782578700000,189.6,192.7,189.49,189.49,248.993824
1782579600000,190.5,190.5,189.47,189.47,345.390923
1782580500000,189.65,191.26,189.51,189.51,185.618079
1782581400000,189.5,190.5,189.46,190.5,590.224226
1782586800000,189.44,191.04,189.34,191.04,1125.867806
1782588600000,189.35,189.35,189.35,189.35,43.531565
1782590400000,191.04,191.58,191.04,191.58,59.19971
1782591300000,189.92,189.92,189.92,189.92,28.620944
1782594000000,189.35,189.35,189.3,189.35,492.334975
1782594900000,189.3,191.24,189.0,189.17,3264.231343
1782595800000,188.98,188.98,188.98,188.98,65.29259
1782597600000,189.18,189.28,188.95,189.21,322.019198
1782598500000,189.21,189.3,189.21,189.3,285.739356
1782599400000,189.3,189.54,189.18,189.54,243.72307
1782604800000,189.0,189.85,188.99,189.85,299.447683
1782606600000,189.85,189.85,188.95,188.95,45.512865
1782607500000,190.1,190.1,188.97,188.97,73.574784
1782609300000,190.4,192.88,188.96,188.96,2635.664746
1782610200000,192.78,192.88,188.96,188.96,692.601611
1782611100000,190.2,190.5,189.05,189.05,580.974265
1782612900000,191.3,191.5,189.05,189.05,9391.451103
1782615600000,191.2,191.2,189.05,191.2,674.968727
1782617400000,189.06,191.2,189.06,191.2,392.322028
1782618300000,189.06,191.2,188.96,188.96,852.228804
1782619200000,191.2,191.2,191.2,191.2,205.97976
1782620100000,189.11,192.88,189.1,192.88,16403.259598
1782623700000,192.5,192.5,189.5,189.5,38.21925
1782624600000,192.5,192.5,192.5,192.5,13553.94425
1782625500000,192.5,192.5,189.62,189.65,3646.717265
1782627300000,192.49,192.49,192.44,192.44,1118.660652
1782628200000,192.24,192.25,190.0,192.24,1123.832938
1782629100000,192.23,192.23,190.0,190.0,56.321033
1782630000000,192.23,192.23,189.62,189.62,427.463444
1782631800000,192.3,192.4,189.27,192.4,1429.748928
1782632700000,192.4,192.52,192.3,192.3,1455.23803
1782633600000,189.26,192.25,189.25,189.25,984.564461
1782638100000,192.6,192.6,189.6,189.6,511.42332
1782639000000,192.6,192.6,192.6,192.6,10.99746
1782640800000,192.6,192.6,192.6,192.6,101.9817
1782641700000,192.6,192.6,189.63,192.6,2186.431349
1782643500000,192.6,192.6,189.65,189.65,504.59001
1782644400000,192.6,192.6,192.6,192.6,421.9866
1782645300000,192.6,192.6,192.6,192.6,100.98018
1782646200000,192.6,192.6,192.6,192.6,95.29848
1782647100000,192.81,192.81,192.81,192.81,92.5488
1782648000000,192.87,192.87,192.81,192.81,110.318424
1782648900000,192.8,192.8,189.75,189.75,103.250245
1782649800000,191.0,191.0,191.0,191.0,10705.0725
1782650700000,192.0,192.0,192.0,192.0,406.08
1782651600000,189.9,192.91,189.9,189.95,5461.66058
1782652500000,189.95,192.8,189.95,189.97,440.968153
1782654300000,190.0,190.0,190.0,190.0,51.281
1782655200000,190.01,192.8,190.01,192.0,14985.888343
1782656100000,192.0,192.91,192.0,192.91,1572.830211
1782658800000,192.85,192.91,190.5,192.88,20659.131866
1782659700000,192.89,192.91,190.57,190.66,8339.364465
1782660600000,190.67,191.0,190.67,191.0,387.796504
1782661500000,190.8,192.69,189.22,189.78,1272.324116
1782662400000,189.78,192.0,189.18,190.51,336.873415
1782663300000,190.51,192.0,190.51,190.84,197.40974
1782664200000,190.84,192.0,190.84,192.0,10058.680468
1782665100000,192.0,192.5,192.0,192.0,45056.72615
1782666000000,192.0,192.0,189.1,189.1,1948.491767
1782668700000,189.89,189.95,189.89,189.95,32.911291
1782670500000,189.8,192.0,189.8,192.0,1986.759478
1782671400000,189.5,192.0,189.5,191.5,20298.42688
1782672300000,191.9,191.9,191.5,191.5,25928.61098
1782673200000,191.5,191.5,191.5,191.5,31831.41725
1782674100000,191.5,191.5,191.5,191.5,27890.27065
1782675000000,192.0,192.0,191.56,191.56,122.266996
1782677700000,192.0,192.0,191.56,191.56,134.21134
1782684000000,191.56,191.56,191.56,191.56,191.56
1782684900000,191.56,192.09,191.56,192.09,255.671005
1782685800000,192.09,192.5,189.2,189.2,218.744452
1782687600000,189.2,189.2,189.2,189.2,204.35492
1782689400000,192.1,192.69,191.8,191.8,1166.29778
1782690300000,190.0,192.89,190.0,190.0,234.959513
1782691200000,193.74,194.51,192.91,193.41,12767014.47
1782692100000,193.39,193.42,192.16,192.4,8732279.05
1782693000000,192.48,193.17,192.19,193.01,9794217.4
1782693900000,193.01,193.25,192.33,193.12,4743306.71
1782694800000,193.14,193.41,192.86,193.01,5794329.28
1782695700000,193.06,193.11,192.64,192.7,3738216.85
1782696600000,192.68,193.38,192.56,193.27,4206096.84
1782697500000,193.29,193.34,193.1,193.25,3173839.47
1782698400000,193.26,193.31,192.44,192.46,3828333.43
1782699300000,192.47,193.51,192.36,193.4,5192736.01
1782700200000,193.43,193.44,193.08,193.2,1134776.51
1782701100000,193.24,193.26,192.98,193.06,1742645.41
1782702000000,193.08,193.31,193.08,193.16,1650161.27
1782702900000,193.14,193.36,193.0,193.22,2452732.43
1782703800000,193.22,193.3,192.7,192.88,2452099.99
1782704700000,192.88,193.79,192.87,193.6,4460307.34
1782705600000,193.61,193.82,193.54,193.71,1604191.82
1782706500000,193.73,193.78,193.41,193.73,2534280.96
1782707400000,193.73,193.86,193.43,193.53,1963818.13
1782708300000,193.52,193.86,193.32,193.5,2485312.37
1782709200000,193.53,193.56,193.17,193.37,1888028.64
1782710100000,193.37,193.5,193.25,193.38,2067022.61
1782711000000,193.36,194.0,193.34,194.0,4472914.34
1782711900000,193.99,194.55,193.92,194.53,7594655.34
1782712800000,194.53,194.56,194.14,194.21,3880505.23
1782713700000,194.22,194.57,194.17,194.49,2367135.63
1782714600000,194.45,194.98,194.45,194.86,4930412.49
1782715500000,194.86,194.9,194.29,194.45,4294354.66
1782716400000,194.43,194.53,194.0,194.47,3641434.27
1782717300000,194.54,194.84,194.53,194.76,3176902.7
1782718200000,194.74,195.0,194.66,194.89,2901034.88
1782719100000,194.84,195.06,194.53,194.53,2712266.12
1782720000000,192.769,195.188,192.769,195.056,96356483.40375388
1782720900000,195.059,195.284,194.825,194.908,19135235.094619036
1782721800000,194.96,195.022,194.79,194.95,9052679.178929454
1782722700000,194.65,194.898,194.454,194.65,8916596.363500139
1782723600000,194.531,194.762,194.501,194.679,4611712.743886582
1782724500000,194.72,194.815,194.538,194.69,10269335.494720254
1782725400000,194.51,194.687,194.305,194.42,7529534.195831123
1782726300000,194.45,194.507,194.109,194.46,4660383.5779952165
1782727200000,194.445,194.655,194.295,194.389,5429520.187361436
1782728100000,194.24,194.397,194.141,194.24,6150554.004975327
1782729000000,194.42,194.583,194.203,194.42,9379686.464229548
1782729900000,194.41,194.523,194.401,194.41,8015657.140565739
1782730800000,194.53,194.799,194.41,194.41,35407370.208901785
1782731700000,194.5,194.69,194.244,194.46,21379038.18380398
1782732600000,194.45,194.79,194.25,194.42,24997883.883546274
1782733500000,194.46,194.614,194.361,194.42,16996340.931802034
1782734400000,194.37,194.577,194.33,194.56,13468883.58068935
1782735300000,194.532,194.59,194.36,194.451,17681869.303751368
1782736200000,194.29,194.459,193.93,193.96,25178851.70762632
1782737100000,194.01,194.443,193.988,194.42,17795290.52290077
1782738000000,194.43,194.7,194.416,194.7,31588727.079277474
1782738900000,194.61,194.756,193.5,193.5,112025336.17273605
1782739800000,193.86,195.83,191.99,195.81,2080946257.478
1782740700000,195.81,196.16,193.04,193.31,1366322877.114635
1782741600000,193.33,193.65,190.93,190.93,1291535242.5862508
1782742500000,190.83,192.75,189.81,192.735,2205763183.335483
1782743400000,192.71,194.72,192.58,194.42,1544943565.716301
1782744300000,194.47,194.945,193.53,194.91,829359879.2962722
1782745200000,194.83,195.0,194.16,194.75,845592378.399338
1782746100000,194.77,195.09,193.72,194.25,1003253644.9257919
1782747000000,194.29,194.37,193.7,194.22,947281735.5521549
1782747900000,194.2,194.248,193.6,193.98,563670649.1553681
1782748800000,194.01,194.235,193.55,193.645,446948228.21069145
1782749700000,193.665,193.87,192.76,192.84,559010670.8654344
1782750600000,192.86,193.17,192.73,193.1,406064717.27137583
1782751500000,193.104,194.0,193.01,193.83,416893541.1280899
1782752400000,193.87,194.71,193.809,194.57,470795196.3928978
1782753300000,194.58,194.78,194.26,194.68,485456428.3727308
1782754200000,194.63,195.06,194.15,194.37,665754644.7209308
1782755100000,194.31,194.47,193.74,193.95,360690453.5748102
1782756000000,193.96,194.045,193.69,193.96,378828022.13358897
1782756900000,193.93,194.025,193.73,193.81,320306047.34683573
1782757800000,193.82,194.29,193.76,194.05,360822219.66346824
1782758700000,194.06,194.23,193.87,193.97,353829726.42874557
1782759600000,193.982,194.41,193.81,194.279,375530994.2713323
1782760500000,194.295,194.87,194.27,194.725,610405550.0341922
1782761400000,194.735,194.93,194.515,194.76,936156966.1083856
1782762300000,194.82,195.18,194.53,194.93,1651240462.0473392
1782763200000,195.0,195.25,194.82,194.93,6266465426.162969
1782764100000,194.92,194.969,194.805,194.92,13409811.23308694
1782765000000,194.76,194.857,194.655,194.8,18485462.90856892
1782765900000,194.88,194.886,194.811,194.88,11839903.31392843
1782766800000,194.92,195.029,194.835,195.0,143393833.40974942
1782767700000,194.977,195.009,194.845,194.86,9923068.708004843
1782768600000,194.86,194.93,194.86,194.93,3448591.95133309
1782769500000,194.93,194.94,194.895,194.905,124616608.65892212
1782770400000,195.05,195.07,194.79,195.07,12141960.96663936
1782771300000,194.925,194.979,194.835,194.925,14861634.5486664
1782772200000,194.926,195.098,194.845,195.098,10629385.86189684
1782773100000,195.04,195.233,195.013,195.04,17129369.58217783
1782774000000,195.26,195.5,195.234,195.5,19852737.5729355
1782774900000,195.37,195.419,195.326,195.38,18099246.27818795
1782775800000,195.21,195.407,195.17,195.22,7991573.13179228
1782776700000,195.17,195.225,195.034,195.05,10029189.72532906
1782777600000,195.01,195.57,194.99,195.53,2888608.76
1782778500000,195.53,195.7,194.93,195.04,2855001.99
1782779400000,195.09,195.12,194.45,194.53,3408666.7
1782780300000,194.47,194.89,194.39,194.73,3511375.56
1782781200000,194.78,194.8,194.41,194.54,1813241.1
1782782100000,194.54,195.26,194.43,195.1,3786823.62
1782783000000,195.26,195.36,194.89,195.14,1680694.23
1782783900000,195.18,195.21,194.85,194.97,2152544.83
1782784800000,194.96,194.96,194.62,194.66,1726085.89
1782785700000,194.66,194.98,194.4,194.97,1351186.29
1782786600000,194.98,195.13,194.9,194.9,1014103.75
1782787500000,194.9,195.13,194.84,194.89,1161370.19
1782788400000,194.91,195.14,194.86,195.07,743116.21
1782789300000,195.12,195.35,195.12,195.23,1164537.07
1782790200000,195.23,195.69,195.09,195.59,2727227.02
1782791100000,195.59,195.62,195.2,195.2,1875344.3
1782792000000,195.24,195.55,195.21,195.53,1631878.44
1782792900000,195.55,195.62,195.42,195.54,2606091.76
1782793800000,195.54,195.95,195.5,195.93,3549998.06
1782794700000,195.93,195.95,195.66,195.74,1868830.63
1782795600000,195.74,195.88,195.62,195.84,1550021.34
1782796500000,195.82,195.85,195.49,195.51,1589842.9
1782797400000,195.56,195.65,195.29,195.56,1917597.8
1782798300000,195.54,195.6,195.44,195.56,764440.98
1782799200000,195.52,195.62,195.26,195.3,4670720.33
1782800100000,195.31,195.33,195.07,195.3,1465334.82
1782801000000,195.3,195.3,194.95,195.12,1906894.75
1782801900000,195.06,195.31,195.04,195.31,1921999.83
1782802800000,195.29,195.47,195.18,195.3,1675980.16
1782803700000,195.3,195.6,195.18,195.59,1822448.04
1782804600000,195.59,195.64,195.45,195.47,1064509.18
1782805500000,195.46,195.5,195.13,195.39,901356.81
1782806400000,195.69,195.698,195.175,195.645,57097925.52652153
1782807300000,195.507,195.507,195.225,195.37,5267931.655015
1782808200000,195.13,195.46,194.786,195.01,10099102.36874986
1782809100000,194.839,195.07,194.575,195.07,7989221.33733961
1782810000000,195.07,195.1,194.801,194.933,7428679.45760146
1782810900000,194.94,195.045,194.775,194.94,4088056.81410108
1782811800000,194.79,195.229,194.685,195.176,2958518.44411772
1782812700000,195.29,195.379,195.139,195.29,3569658.11663905
1782813600000,195.28,195.77,195.15,195.28,13554322.19357096
1782814500000,195.75,195.879,195.643,195.79,6371654.31819599
1782815400000,195.67,195.879,195.652,195.85,10183428.14397308
1782816300000,195.91,196.224,195.749,196.155,11874858.73965052
1782817200000,196.16,197.27,195.99,197.1,65847215.03785877
1782818100000,196.98,197.176,196.424,196.47,34841199.8596328
1782819000000,196.81,197.784,196.722,197.66,59054567.98021188
1782819900000,197.73,197.99,197.461,197.52,53139458.23032096
1782820800000,197.15,197.46,196.735,196.91,41052660.36153209
1782821700000,196.7,196.749,196.5,196.63,134112412.17533675
1782822600000,196.41,196.784,196.36,196.74,38911809.57434199
1782823500000,196.51,196.647,195.998,196.0,31922477.03869636
1782824400000,195.86,196.15,195.73,196.0,34229357.00408875
1782825300000,196.03,197.2,195.787,196.97,68329916.26478527
1782826200000,197.12,199.03,195.1,197.05,2394249654.2922215
1782827100000,197.06,198.01,196.35,197.87,1232102131.6651285
1782828000000,197.84,198.75,196.69,196.98,1243375074.4370434
1782828900000,196.97,198.26,196.85,197.71,817348828.026772
1782829800000,197.71,198.35,197.365,197.89,678758522.4887094
1782830700000,197.86,197.97,196.45,197.06,689467102.0765477
1782831600000,197.07,198.65,197.015,198.3,587239888.4108759
1782832500000,198.25,198.31,197.74,198.25,458395709.8379809
1782833400000,198.22,198.35,197.82,198.05,391412700.28248644
1782834300000,198.04,198.65,197.9,198.2,609253062.0508598
1782835200000,198.24,198.6,197.92,198.24,447114438.9877428
1782836100000,198.21,198.53,197.83,197.97,370449591.9693854
1782837000000,197.95,198.5,197.645,197.84,393190301.70217955
1782837900000,197.87,198.39,197.665,198.265,348553807.43627113
1782838800000,198.285,198.49,197.99,198.22,497246435.85677236
1782839700000,198.2,198.56,198.01,198.22,398681931.5762617
1782840600000,198.18,198.82,198.05,198.71,392017137.6677609
1782841500000,198.72,198.75,198.11,198.34,330989367.5427197
1782842400000,198.41,198.76,198.3,198.74,459385064.936665
1782843300000,198.67,199.47,198.67,198.93,744340373.6567868
1782844200000,198.94,198.945,198.09,198.48,635215422.8488063
1782845100000,198.505,199.09,198.482,198.835,493794253.294469
1782846000000,198.85,199.22,198.75,198.87,636524844.9191666
1782846900000,198.88,199.41,198.85,199.26,1097528617.2284214
1782847800000,199.285,199.615,198.94,199.165,819876788.4570547
1782848700000,199.18,200.63,198.01,199.93,3559340394.2225237
1782849600000,199.745,200.209,199.542,199.79,10889205696.878433
1782850500000,199.925,199.94,199.724,199.76,49094221.61027907
1782851400000,199.77,199.83,199.54,199.57,31291744.61507729
1782852300000,199.5,199.622,199.391,199.6,38256106.92726624
1782853200000,199.65,199.678,199.21,199.21,14609008.76666541
1782854100000,199.29,199.428,199.226,199.285,37176831.96524555
1782855000000,199.32,199.39,199.267,199.32,6456136.02426161
1782855900000,199.29,199.439,199.25,199.33,506873082.3444675
1782856800000,199.65,199.776,199.417,199.65,11031710.63071712
1782857700000,199.595,199.718,199.575,199.672,5049534.01683618
1782858600000,199.6,199.699,199.426,199.49,11718107.40682031
1782859500000,199.39,199.465,199.225,199.27,10116874.16607377
1782860400000,199.36,199.475,199.245,199.26,47516767.31111488
1782861300000,199.34,199.52,199.284,199.52,9086334.35444155
1782862200000,199.48,199.525,199.36,199.36,5858088.54873447
1782863100000,199.36,199.494,199.36,199.37,9180616.97584974
1782864000000,199.67,199.76,199.33,199.34,1835652.97
1782864900000,199.37,199.42,199.06,199.25,2452646.35
1782865800000,199.25,199.34,199.17,199.3,1096307.99
1782866700000,199.29,199.38,199.19,199.2,808446.27
1782867600000,199.18,199.31,198.68,198.9,3244836.21
1782868500000,198.9,198.98,198.51,198.57,2768694.3
1782869400000,198.62,198.72,198.43,198.62,1948542.73
1782870300000,198.62,198.78,198.24,198.25,3029091.27
1782871200000,198.28,198.35,197.44,197.66,11606627.27
1782872100000,197.68,198.09,197.48,197.91,2788596.59
1782873000000,197.95,198.2,197.83,198.17,2380911.37
1782873900000,198.18,198.25,198.09,198.22,1271673.79
1782874800000,198.22,198.57,198.14,198.49,1749050.85
1782875700000,198.45,198.46,198.2,198.25,981610.97
1782876600000,198.25,198.56,198.21,198.43,1176449.7
1782877500000,198.41,198.76,198.41,198.6,1352128.82
1782878400000,198.58,198.59,198.31,198.35,908022.74
1782879300000,198.3,198.51,198.29,198.48,994323.18
1782880200000,198.45,198.49,198.26,198.32,1209109.24
1782881100000,198.34,198.52,198.22,198.23,914096.47
1782882000000,198.3,198.46,198.01,198.11,1573037.6
1782882900000,198.11,198.3,198.08,198.25,1092721.54
1782883800000,198.24,198.38,198.19,198.33,993277.79
1782884700000,198.33,198.39,198.22,198.26,549124.91
1782885600000,198.27,198.35,197.92,197.93,3823316.07
1782886500000,197.93,197.97,197.64,197.89,1961374.82
1782887400000,197.9,197.93,197.49,197.77,2127185.53
1782888300000,197.7,197.87,197.6,197.63,1818099.49
1782889200000,197.63,197.68,197.05,197.15,8350704.81
1782890100000,197.2,197.89,196.99,197.78,5039413.19
1782891000000,197.77,198.05,197.68,197.89,2931525.81
1782891900000,197.97,198.19,197.9,198.05,581017.91
1782892800000,198.19,199.49,197.942,198.19,62467574.35682867
1782893700000,198.13,198.379,198.015,198.13,7212654.83244949
1782894600000,198.11,198.3,198.033,198.13,8034166.1507476
1782895500000,198.3,198.587,198.3,198.425,5310604.24522192
1782896400000,198.425,198.6,198.375,198.407,4577933.92529486
1782897300000,198.406,198.545,198.327,198.378,3421813.63315015
1782898200000,198.48,198.604,198.381,198.47,8899721.97989347
1782899100000,198.585,198.71,198.471,198.704,6117510.87366391
1782900000000,198.702,198.834,198.58,198.701,6447765.40440651
1782900900000,199.0,199.12,198.7,199.12,10487349.27104625
1782901800000,198.96,199.108,198.683,199.04,7475201.67563631
1782902700000,198.681,199.04,198.672,198.781,9740877.9746205
1782903600000,199.37,199.494,198.782,198.99,31807094.70803831
1782904500000,198.997,199.033,198.806,198.896,14649134.41429232
1782905400000,198.76,198.907,198.6,198.66,20146358.35431295
1782906300000,198.7,198.901,198.676,198.7,17034319.76687444
1782907200000,198.59,198.935,198.59,198.9,25866322.39951736
1782908100000,198.71,199.045,198.709,198.71,15651098.14762515
1782909000000,198.18,198.74,196.66,196.69,166505093.01535878
1782909900000,196.58,196.99,194.491,195.75,237459476.1460433
1782910800000,195.67,196.01,195.11,195.36,205003722.25786507
1782911700000,195.38,196.151,195.01,195.32,122849802.04935335
1782912600000,195.99,196.12,193.46,194.45,1761900575.1674814
1782913500000,194.586,195.69,194.29,195.47,1021626400.7980472
1782914400000,195.46,196.42,195.03,196.2,1185892610.5745401
1782915300000,196.2,196.58,195.66,196.18,795512973.6928564
1782916200000,196.17,196.35,195.21,195.3,800484216.0101717
1782917100000,195.25,195.955,194.48,195.69,976239982.7868946
1782918000000,195.615,196.34,195.585,196.165,693673521.6955074
1782918900000,196.18,196.98,196.171,196.95,907391209.0035856
1782919800000,196.955,197.21,196.75,197.035,662879435.4565796
1782920700000,197.04,197.21,196.63,197.09,681770950.0651561
1782921600000,197.13,197.27,196.685,196.746,378922701.57385075
1782922500000,196.75,197.355,196.56,197.07,400224559.5446162
1782923400000,197.07,197.46,196.975,197.14,523288917.5259098
1782924300000,197.16,197.62,196.915,197.15,421658715.763156
1782925200000,197.19,197.8,196.94,197.705,572839280.4263986
1782926100000,197.73,198.46,197.66,198.2,868024177.4488235
1782927000000,198.19,198.82,198.025,198.72,509183026.604931
1782927900000,198.735,198.935,198.47,198.665,581036129.161758
1782928800000,198.67,198.85,197.855,197.905,514787994.5655608
1782929700000,197.93,198.27,197.68,198.09,700603083.7833936
1782930600000,198.09,198.485,198.02,198.335,399604222.0194486
1782931500000,198.38,198.385,197.9,198.36,547739622.2200874
1782932400000,198.38,199.85,198.329,199.24,941723831.9188174
1782933300000,199.22,199.56,199.03,199.29,737217200.0534611
1782934200000,199.29,199.7,198.24,198.27,913024318.9469187
1782935100000,198.26,198.78,197.24,197.54,2319601842.488884
1782936000000,197.29,197.68,196.853,197.01,5180826166.130404
1782936900000,197.145,197.273,196.97,197.12,27360921.89365993
1782937800000,197.14,197.49,197.113,197.18,37108525.37226883
1782938700000,197.242,197.243,197.146,197.215,222203597.50297993
1782939600000,197.215,197.435,197.2,197.416,6692709.48234032
1782940500000,197.416,197.535,197.388,197.518,6853298.85155532
1782941400000,197.49,197.715,197.44,197.66,4571593.51057921
1782942300000,197.7,197.803,197.606,197.73,512574856.94323707
1782943200000,197.705,197.842,197.369,197.67,15142624.2835504
1782944100000,197.62,197.799,197.319,197.69,9600375.91495191
1782945000000,197.675,197.719,197.585,197.705,6413998.95429831
1782945900000,197.597,197.872,197.523,197.87,6438878.38369003
1782946800000,197.87,197.87,197.564,197.564,26633850.20811837
1782947700000,197.45,197.574,197.386,197.45,8650423.46733299
1782948600000,197.448,197.448,197.331,197.348,7378644.30388033
1782949500000,197.349,197.35,197.033,197.061,8656167.11721971
1782950400000,196.96,197.15,196.37,196.48,4761721.35
1782951300000,196.45,196.9,196.16,196.89,3796998.63
1782952200000,196.89,197.23,196.6,196.65,2180325.93
1782953100000,196.65,197.96,196.63,197.68,4737706.61
1782954000000,197.67,198.65,197.67,198.54,6180266.5
1782954900000,198.55,198.81,198.27,198.54,6321870.54
1782955800000,198.57,198.84,198.48,198.76,3204177.95
1782956700000,198.76,198.81,198.44,198.51,2426274.06
1782957600000,198.48,198.65,198.37,198.59,1977789.64
1782958500000,198.58,198.68,198.29,198.3,2304060.83
1782959400000,198.29,198.43,198.08,198.38,1342811.36
1782960300000,198.38,198.43,198.09,198.21,2045072.93
1782961200000,198.2,198.22,197.72,197.81,1446237.26
1782962100000,197.81,197.91,197.52,197.74,1018335.82
1782963000000,197.75,198.06,197.75,197.86,907578.75
1782963900000,197.88,198.14,197.72,198.06,2544442.81
1782964800000,198.08,198.27,197.75,197.75,672146.96
1782965700000,197.74,197.84,197.58,197.77,1536464.49
1782966600000,197.79,197.79,197.28,197.32,1415927.13
1782967500000,197.31,197.97,197.21,197.89,3616544.6
1782968400000,197.92,198.19,197.8,198.05,1378568.32
1782969300000,198.05,198.32,197.96,198.09,2056385.85
1782970200000,198.09,198.11,197.77,197.81,1929863.05
1782971100000,197.83,197.91,197.66,197.86,2083408.04
1782972000000,197.83,198.02,197.0,197.07,5135065.79
1782972900000,197.02,197.26,196.79,196.85,5220909.61
1782973800000,196.82,197.21,196.82,196.92,3189248.38
1782974700000,196.9,196.9,196.27,196.57,7220164.4
1782975600000,196.56,196.6,195.58,195.77,4972972.65
1782976500000,195.73,195.89,195.25,195.47,6770979.39
1782977400000,195.47,196.19,195.42,196.19,3715082.18
1782978300000,196.17,196.25,195.86,195.86,1612230.11
1782979200000,195.84,196.923,195.02,195.09,88839371.86706299
1782980100000,195.12,195.805,195.076,195.12,8925883.35884111
1782981000000,195.88,196.245,195.55,196.1,9137220.33406368
1782981900000,195.93,196.237,195.863,196.237,6527008.75357396
1782982800000,196.01,196.24,195.87,196.01,5674632.08491406
1782983700000,195.91,196.055,195.851,195.91,5583874.33489079
1782984600000,196.17,196.213,195.98,195.98,4259935.79968658
1782985500000,196.005,196.025,195.716,195.756,5769981.09735518
1782986400000,195.55,195.821,195.542,195.55,6609536.27079093
1782987300000,195.49,195.731,195.451,195.56,7438021.98340066
1782988200000,195.87,196.067,195.61,196.03,5755428.70817909
1782989100000,195.78,196.14,195.78,195.95,7005929.40678251
1782990000000,196.32,196.602,196.043,196.5,34524516.70072995
1782990900000,196.49,196.622,196.277,196.58,27133071.13872809
1782991800000,196.5,196.642,196.279,196.58,10630810.20661959
1782992700000,196.59,197.007,196.46,196.99,26352187.28382586
1782993600000,196.894,197.743,196.795,197.713,37835855.54696216
1782994500000,197.79,197.814,197.275,197.5,23361184.4885648
1782995400000,197.75,198.65,197.594,198.26,72377490.8657297
1782996300000,198.21,198.388,197.49,197.62,34298375.19789923
1782997200000,197.7,197.901,197.258,197.31,29675366.67842485
1782998100000,197.4,197.709,196.99,196.99,36610037.43408862
1782999000000,197.13,198.65,196.79,198.12,1600356571.2769327
1782999900000,198.075,198.93,197.5,198.9,1014001165.3118298
1783000800000,198.88,200.055,198.535,199.05,1071870245.8636873
1783001700000,199.05,199.365,197.43,197.903,585950879.229103
1783002600000,197.87,198.21,196.07,196.455,1011560332.1780053
1783003500000,196.48,196.835,195.215,196.23,1085707667.3187938
1783004400000,196.27,196.46,194.73,195.27,1057136398.2706996
1783005300000,195.22,195.445,194.42,194.78,898721317.8779793
1783006200000,194.84,196.0,194.77,195.05,554523308.7434902
1783007100000,195.09,195.365,194.02,194.47,665650234.0063173
1783008000000,194.49,194.65,193.89,194.54,696882126.7861668
1783008900000,194.59,194.59,193.62,193.78,786570935.9126374
1783009800000,193.82,194.15,193.2,194.05,686912547.2037759
1783010700000,194.055,194.15,193.16,193.52,546200395.3521279
1783011600000,193.51,193.71,192.88,193.08,657530935.6959907
1783012500000,193.05,193.41,192.76,193.065,498044248.3071101
1783013400000,193.04,193.27,192.34,192.935,563863311.5771008
1783014300000,192.97,193.15,192.38,192.555,470223875.43721956
1783015200000,192.555,193.69,192.5,193.2,555498442.1570114
1783016100000,193.23,193.85,192.6,193.77,573906458.55482
1783017000000,193.75,193.94,193.21,193.25,462402904.10799086
1783017900000,193.22,193.76,192.9,193.38,507690104.9417101
1783018800000,193.42,193.52,192.54,192.893,469105004.7179397
1783019700000,192.88,193.335,192.66,193.1,630690674.38853
1783020600000,193.13,193.79,193.09,193.65,673862865.7680316
1783021500000,193.7,195.01,193.42,194.51,2206504952.672392
1783022400000,194.88,195.06,194.578,194.71,4504930587.000901
1783023300000,194.64,194.749,194.52,194.62,1111129131.8599775
1783024200000,194.74,194.79,194.46,194.62,89035365.69359902
1783025100000,194.59,194.605,194.47,194.52,22906695.78931048
1783026000000,194.36,194.559,194.128,194.36,198894415.09410113
1783026900000,194.265,194.549,194.2,194.439,7552235.752650106
1783027800000,194.39,194.475,194.355,194.39,4161782.06132823
1783028700000,194.425,194.56,194.423,194.553,171730755.58718896
1783029600000,194.56,194.749,194.497,194.52,18818462.4490668
1783030500000,194.67,194.687,194.52,194.67,6749688.23064673
1783031400000,194.73,194.745,194.568,194.73,8932350.81468675
1783032300000,194.55,194.67,194.475,194.49,7612164.89327746
1783033200000,194.62,194.623,194.36,194.36,7137686.52343035
1783034100000,194.34,194.595,194.29,194.45,9842013.74904622
1783035000000,194.568,194.569,194.402,194.43,8055025.510150983
1783035900000,194.46,194.555,194.386,194.46,12647441.96143376
1783036800000,194.41,194.48,194.41,194.48,19.992544
1783039500000,194.48,194.48,194.48,194.48,103.696736
1783041300000,194.48,194.53,194.16,194.16,174.166581
1783044900000,194.54,194.54,194.54,194.54,31.846198
1783045800000,194.56,194.56,194.16,194.16,129.000675
1783047600000,194.39,194.39,194.36,194.36,194.279557
1783048500000,194.51,194.51,194.51,194.51,20.832021
1783050300000,194.51,194.52,194.51,194.52,291.768291
1783053000000,194.36,194.36,194.36,194.36,20.79652
1783054800000,194.38,194.38,194.35,194.35,122.994017
1783055700000,194.54,194.54,194.54,194.54,30.562234
1783057500000,194.55,194.55,194.55,194.55,135.4068
1783059300000,194.57,194.57,194.57,194.57,34.010836
1783060200000,194.57,194.57,194.55,194.55,658.189652
1783061100000,194.61,194.63,194.61,194.63,243.000138
1783062000000,194.61,194.61,194.55,194.55,98.14629
1783062900000,194.64,194.64,194.64,194.64,27.599952
1783065600000,194.64,194.64,194.64,194.64,10.763592
1783066500000,194.64,194.64,194.64,194.64,24.991776
1783072800000,194.55,194.65,194.55,194.65,31.619515
1783073700000,194.65,194.65,194.65,194.65,105.013675
1783074600000,194.66,194.67,194.66,194.67,194.66454
1783077300000,194.55,194.69,194.55,194.55,81.356251
1783081800000,194.71,194.71,194.58,194.58,39.960625
1783082700000,194.71,194.73,194.58,194.58,140.908665
1783083600000,194.69,194.69,194.55,194.55,453.846229
1783086300000,194.73,194.78,194.73,194.78,637.651625
1783087200000,194.85,194.85,194.85,194.85,117.65043
1783088100000,194.9,194.9,194.9,194.9,10.01786
1783089000000,194.9,194.95,194.71,194.71,186.604245
1783090800000,195.01,195.01,194.89,194.89,32.032727
1783091700000,195.01,195.01,195.01,195.01,10.998564
1783094400000,194.89,195.1,194.73,194.97,177.240023
1783095300000,195.03,195.1,194.75,194.95,174.11542
1783096200000,195.1,195.1,194.75,195.1,76.27562
1783097100000,195.12,195.15,195.12,195.15,50.032617
1783098900000,195.18,195.32,194.85,195.09,749.648028
1783099800000,195.08,195.08,195.08,195.08,12.48512
1783110600000,195.35,195.35,195.35,195.35,10.099595
1783112400000,195.35,195.35,195.05,195.05,80.70435
1783116000000,195.38,195.38,195.38,195.38,217.75101
1783120500000,195.25,195.25,195.25,195.25,17.396775
1783122300000,195.25,195.25,195.25,195.25,24.992
1783123200000,195.25,195.25,195.14,195.14,92.399503
1783125000000,195.13,195.13,195.13,195.13,36.840544
1783125900000,195.09,195.13,195.06,195.06,240.292462
1783126800000,195.06,195.06,194.72,194.72,100.740768
1783127700000,195.13,195.13,195.13,195.13,10.985819
1783131300000,195.13,195.13,195.13,195.13,12.000495
1783133100000,195.13,195.13,194.72,194.72,275.132509
1783135800000,194.71,194.71,194.71,194.71,38.942
1783138500000,195.13,195.13,195.13,195.13,52.197275
1783143000000,195.13,195.13,195.13,195.13,49.992306
1783144800000,194.7,194.7,194.63,194.63,142.315585
1783146600000,194.63,194.63,194.63,194.63,30.55691
1783147500000,194.63,194.63,194.55,194.55,532.402485
1783148400000,194.55,194.55,194.55,194.55,12.120465
1783149300000,194.7,195.32,194.7,194.86,210.596906
1783150200000,195.35,195.44,195.08,195.2,655.893006
1783164600000,195.08,195.08,195.07,195.07,17.107869
1783165500000,195.07,195.46,195.07,195.46,21.985857
1783166400000,195.2,195.5,195.2,195.37,43.130918
1783170000000,195.08,195.5,194.88,195.5,86.508504
1783171800000,195.51,195.51,195.51,195.51,19.981122
1783172700000,195.28,195.28,195.28,195.28,14.880336
1783173600000,195.21,195.21,195.21,195.21,18.876807
1783175400000,195.21,195.21,194.66,194.66,271.34952
1783176300000,195.21,195.21,194.55,194.55,458.275549
1783177200000,195.21,195.28,195.21,195.28,19.994278
1783180800000,195.28,195.28,194.55,194.55,248.84809
1783183500000,195.28,195.28,195.28,195.28,11.990192
1783187100000,194.55,194.55,194.55,194.55,686.95605
1783188000000,195.28,195.28,195.28,195.28,99.98336
1783191600000,195.28,195.55,195.28,195.55,1125.303726
1783192500000,195.62,195.62,195.62,195.62,237.09144
1783196100000,195.48,195.48,195.41,195.41,100.018233
1783213200000,195.67,195.69,195.41,195.41,114.158509
1783216800000,195.69,195.69,195.69,195.69,28.335912
1783217700000,195.41,195.41,195.41,195.41,86.76204
1783219500000,195.71,195.71,195.71,195.71,160.87362
1783223100000,195.58,195.58,195.58,195.58,29.982414
1783226700000,195.73,195.73,195.73,195.73,17.048083
1783228500000,195.6,195.6,195.6,195.6,44.24472
1783229400000,195.73,195.73,195.6,195.6,30.951213
1783231200000,195.73,195.73,195.73,195.73,31.140643
1783233900000,195.6,195.6,195.6,195.6,87.15936
1783236600000,195.74,195.74,195.74,195.74,10.726552
1783237500000,195.74,195.74,195.74,195.74,35.605106
1783238400000,195.74,195.74,195.74,195.74,32.336248
1783242900000,195.74,195.75,195.6,195.75,112.171589
1783245600000,195.75,195.75,195.75,195.75,14.99445
1783247400000,195.75,195.79,195.75,195.79,202.655084
1783248300000,195.84,195.84,195.84,195.84,118.737792
1783249200000,195.88,195.88,195.88,195.88,99.99674
1783255500000,195.63,195.63,195.63,195.63,21.343233
1783260900000,195.89,196.2,195.89,196.2,3586.29477
1783261800000,195.96,196.31,195.96,196.18,241.874202
1783263600000,196.35,196.35,196.2,196.2,122.05143
1783264500000,196.37,196.42,196.05,196.05,349.783211
1783265400000,196.44,196.47,196.11,196.47,388.944018
1783266300000,196.53,196.53,196.36,196.36,79.552495
1783267200000,196.54,196.54,196.3,196.37,105.74919
1783269900000,196.54,196.55,196.54,196.55,168.577327
1783276200000,196.56,196.56,196.35,196.35,100.5925
1783293300000,196.34,196.34,196.34,196.34,17.08158
1783295100000,196.59,196.79,196.59,196.61,2731.579728
1783296000000,197.19,197.77,195.51,196.1,13059213.42
1783296900000,196.08,196.21,195.25,195.25,11220790.85
1783297800000,195.25,195.81,195.05,195.72,5775867.49
1783298700000,195.74,196.09,195.6,195.65,4807745.6
1783299600000,195.67,195.87,195.57,195.79,5148949.77
1783300500000,195.79,195.81,195.3,195.56,3275509.28
1783301400000,195.56,195.68,195.47,195.48,1808195.67
1783302300000,195.44,195.5,195.13,195.42,4010702.01
1783303200000,195.39,195.58,195.19,195.21,3138929.52
1783304100000,195.22,195.47,194.83,194.85,3898755.26
1783305000000,194.86,195.08,194.7,194.72,4557602.32
1783305900000,194.72,195.01,194.64,195.0,3272237.26
1783306800000,195.02,195.45,194.96,195.26,3844305.08
1783307700000,195.31,195.52,195.22,195.42,1590275.12
1783308600000,195.46,195.54,194.94,194.95,1667748.51
1783309500000,194.99,195.12,194.8,195.0,875229.61
1783310400000,195.0,195.14,194.79,195.08,1697342.95
1783311300000,195.08,195.38,195.08,195.36,1654854.62
1783312200000,195.36,195.44,195.24,195.3,2458888.63
1783313100000,195.28,195.3,195.17,195.25,934610.9
1783314000000,195.25,195.25,194.97,195.09,2605954.16
1783314900000,195.11,195.16,194.78,194.8,2143458.16
1783315800000,194.79,194.99,194.57,194.94,3053328.68
1783316700000,194.92,195.04,194.69,194.91,1852749.21
1783317600000,194.89,194.98,194.17,194.3,10991915.67
1783318500000,194.3,194.53,194.07,194.46,3962810.39
1783319400000,194.47,195.12,194.36,195.01,4999225.47
1783320300000,195.01,195.02,194.73,194.76,1814376.36
1783321200000,194.76,194.96,194.69,194.86,2527991.66
1783322100000,194.85,194.95,194.75,194.77,866095.44
1783323000000,194.74,195.25,194.74,195.23,2177494.11
1783323900000,195.24,195.38,195.23,195.29,2083158.46
1783324800000,195.51,195.524,194.558,195.0,75652962.85274372
1783325700000,194.79,195.125,194.67,194.79,4910326.48865796
1783326600000,195.125,195.27,195.004,195.22,3554220.00180086
1783327500000,195.22,195.314,195.099,195.219,5289873.70271972
1783328400000,195.2,195.34,195.122,195.2,6038544.3626999
1783329300000,195.125,195.33,195.105,195.33,3412529.01697196
1783330200000,195.39,195.406,195.207,195.39,3003789.89564597
1783331100000,195.206,195.21,194.881,195.078,8955930.41681858
1783332000000,195.16,195.384,195.079,195.16,11422122.75253532
1783332900000,195.325,195.534,195.325,195.325,6093093.85955591
1783333800000,195.49,195.49,195.317,195.49,4731085.51334716
1783334700000,195.27,195.35,195.16,195.24,4392538.25021953
1783335600000,195.31,195.657,195.18,195.225,31618383.83888503
1783336500000,195.23,195.864,195.21,195.86,25759513.32053272
1783337400000,195.8,195.935,195.546,195.69,16452490.3140783
1783338300000,195.85,195.865,195.21,195.56,40125771.76535211
1783339200000,195.415,195.72,195.302,195.465,33775353.46683964
1783340100000,195.5,195.625,195.175,195.23,42033022.9629405
1783341000000,195.33,195.508,194.89,194.89,26407484.94147334
1783341900000,195.01,195.355,194.958,195.21,15608043.12037599
1783342800000,195.23,195.392,194.94,194.94,175471207.8450463
1783343700000,194.93,195.006,194.4,194.645,53342170.49226365
1783344600000,194.4,195.47,193.99,195.37,1450724220.478749
1783345500000,195.33,196.65,194.58,196.28,1105639216.5731895
1783346400000,196.29,197.41,196.04,196.6,1039597276.9262614
1783347300000,196.57,196.75,195.9,196.53,621360095.8052447
1783348200000,196.58,196.74,195.97,196.55,591350488.9394444
1783349100000,196.55,196.74,195.67,196.04,544527130.7042842
1783350000000,196.01,196.12,195.59,195.67,465363544.68967634
1783350900000,195.65,196.55,195.37,196.51,570831141.4874709
1783351800000,196.52,196.66,196.184,196.19,445665606.1594901
1783352700000,196.26,196.45,196.03,196.41,347368900.41523
1783353600000,196.41,197.53,196.23,197.2,762809420.2452284
1783354500000,197.19,197.38,196.9,196.99,478059324.6527063
1783355400000,196.996,197.24,196.61,196.701,312395522.8067114
1783356300000,196.69,196.72,196.29,196.45,376772432.2470314
1783357200000,196.45,196.875,196.38,196.52,301426212.2157073
1783358100000,196.54,196.56,195.85,195.955,353629335.0608126
1783359000000,195.975,196.06,195.73,195.85,410510132.525835
1783359900000,195.86,196.08,195.635,195.7,349721306.9396773
1783360800000,195.69,196.46,195.69,196.295,365309676.46685636
1783361700000,196.31,196.66,196.26,196.28,308091489.3508114
1783362600000,196.275,196.475,196.05,196.3,271200439.27201617
1783363500000,196.319,196.65,196.31,196.603,358889352.80134106
1783364400000,196.69,196.95,196.51,196.855,399620585.5546944
1783365300000,196.87,197.13,196.8,196.85,508348635.76433766
1783366200000,196.85,196.94,196.47,196.65,697142097.9313053
1783367100000,196.67,197.03,195.425,195.58,1578331306.6786911
1783368000000,195.533,195.574,195.277,195.474,5133639785.378923
1783368900000,195.51,195.535,195.365,195.51,38337281.31361883
1783369800000,195.51,195.51,195.3,195.3,18673527.50521161
1783370700000,195.5,195.57,195.215,195.34,357786188.7039065
1783371600000,195.31,195.409,195.27,195.31,5504545.41612629
1783372500000,195.385,195.41,195.375,195.38,12803490.81475264
1783373400000,195.395,195.589,195.375,195.49,8889160.17038255
1783374300000,195.51,195.565,195.42,195.42,8075469.85407713
1783375200000,195.45,195.525,195.442,195.45,322729710.78169024
1783376100000,195.525,195.63,195.45,195.504,9425791.683355559
1783377000000,195.42,195.65,195.42,195.5,11510767.13239958
1783377900000,195.41,195.527,195.266,195.29,9591666.570771
1783378800000,195.4,195.42,195.315,195.39,4834526.17817802
1783379700000,195.385,195.385,195.203,195.26,6369353.98584966
1783380600000,195.27,195.28,195.191,195.26,5443956.54391356
1783381500000,195.17,195.28,194.69,194.755,19361799.2033504
1783382400000,194.84,195.24,194.69,194.81,9150.43
1783383300000,194.81,195.24,194.74,195.1,2204446.03
1783384200000,195.1,195.15,194.58,194.8,2781157.36
1783385100000,194.85,194.87,194.63,194.68,1730320.67
1783386000000,194.65,194.78,194.63,194.68,1580107.54
1783386900000,194.69,194.73,194.11,194.27,3763953.72
1783387800000,194.29,194.47,194.13,194.47,5565515.12
1783388700000,194.5,194.66,194.39,194.39,2703687.82
1783389600000,194.4,194.69,194.38,194.64,1813442.82
1783390500000,194.61,194.67,194.37,194.4,1092444.72
1783391400000,194.4,194.46,194.24,194.46,1770048.04
1783392300000,194.46,194.51,194.26,194.35,1709997.29
1783393200000,194.35,194.65,194.26,194.55,1208564.06
1783394100000,194.53,194.57,194.0,194.06,4295920.55
1783395000000,194.05,194.27,193.99,194.15,3038916.92
1783395900000,194.06,194.45,193.99,194.43,2409856.38
1783396800000,194.37,194.59,193.93,193.98,4410076.55
1783397700000,193.98,194.09,193.84,194.04,2004703.94
1783398600000,194.07,194.17,193.81,193.83,1924944.01
1783399500000,193.85,193.89,193.5,193.58,3622529.34
1783400400000,193.58,193.81,193.32,193.39,4384783.5
1783401300000,193.36,193.63,193.27,193.39,4436709.41
1783402200000,193.41,193.89,193.38,193.56,3915140.81
1783403100000,193.57,194.23,193.46,194.09,4252436.63
1783404000000,194.0,194.08,193.85,193.99,3893691.17
1783404900000,193.98,194.08,193.92,193.99,1574986.54
1783405800000,193.92,194.13,193.91,194.08,1699350.16
1783406700000,194.1,194.21,194.0,194.15,1105541.62
1783407600000,194.16,194.47,194.1,194.36,2345809.48
1783408500000,194.36,194.54,194.16,194.3,5161795.77
1783409400000,194.26,194.37,194.11,194.35,1784133.08
1783410300000,194.35,194.49,194.21,194.24,1528885.01
1783411200000,194.04,194.69,193.956,194.21,84331092.97483052
1783412100000,194.06,194.155,193.949,194.0,4783832.5361356
1783413000000,193.949,194.094,193.937,193.961,5183309.62259228
1783413900000,194.01,194.044,193.809,193.92,6427346.72786285
1783414800000,193.97,194.044,193.753,193.97,9964309.55507382
1783415700000,193.99,194.043,193.9,193.97,4045359.32489828
1783416600000,193.9,193.996,193.755,193.79,6337651.27493534
1783417500000,193.98,194.11,193.766,194.0,7219884.64440213
1783418400000,194.1,194.13,193.901,193.901,3681648.29218957
1783419300000,194.39,194.39,193.9,194.39,6499416.41398318
1783420200000,193.89,193.941,192.33,192.33,46697078.39511734
1783421100000,192.41,193.03,192.135,192.38,27119769.09409697
1783422000000,192.265,192.48,190.7,191.16,132697489.43337859
1783422900000,191.21,191.35,191.0,191.0,60136149.32532564
1783423800000,191.066,191.31,190.61,191.256,56781116.2808459
1783424700000,191.4,191.592,191.192,191.41,99966901.47543465
1783425600000,191.53,192.214,191.417,192.11,87351277.88864493
1783426500000,192.16,192.656,191.88,192.64,71361435.30749106
1783427400000,192.61,192.786,192.384,192.5,62678303.7615835
1783428300000,192.52,192.537,192.273,192.36,46955496.55541218
1783429200000,192.26,192.574,192.085,192.42,38959404.29816791
1783430100000,192.45,192.65,192.11,192.18,62296023.3404342
1783431000000,192.25,193.21,191.44,192.54,1944885723.767255
1783431900000,192.57,192.86,191.6,192.645,928661493.646594
1783432800000,192.625,193.49,192.57,192.96,940198642.1369998
1783433700000,193.01,193.05,191.45,191.85,912323995.4381528
1783434600000,191.88,192.15,191.15,191.66,787224538.3509057
1783435500000,191.645,192.79,191.61,192.62,633468126.5499059
1783436400000,192.59,193.33,192.32,193.03,693301101.905308
1783437300000,193.02,193.19,192.545,193.04,600078694.0724537
1783438200000,193.05,193.48,192.82,193.44,537559456.1455123
1783439100000,193.45,194.785,193.415,194.71,621207807.0422958
1783440000000,194.711,196.14,194.61,196.101,630832993.3278233
1783440900000,196.09,197.59,195.98,197.39,1079355569.6720276
1783441800000,197.41,198.12,196.79,197.3,968771286.4567882
1783442700000,197.3,197.51,196.64,197.44,817791055.4801198
1783443600000,197.475,198.41,197.36,197.445,842082666.9688749
1783444500000,197.44,198.01,197.32,197.419,411411183.70877206
1783445400000,197.45,198.25,197.39,197.905,568726752.9865814
1783446300000,197.945,198.12,197.64,197.95,432759445.9150849
1783447200000,197.93,197.94,197.3,197.51,359622925.986439
1783448100000,197.54,197.78,197.23,197.26,361844661.0303079
1783449000000,197.31,197.64,196.97,197.1,475982169.9302382
1783449900000,197.09,197.35,196.32,196.4,534659856.8810842
1783450800000,196.41,196.9,196.17,196.52,545439949.9018388
1783451700000,196.47,196.499,195.7,196.105,635703993.6766942
1783452600000,196.13,196.67,195.47,196.02,617103746.1600372
1783453500000,196.04,197.01,195.86,196.98,1356609832.4305854
1783454400000,196.94,197.074,196.742,196.765,3036420231.787656
1783455300000,196.75,196.793,196.495,196.685,28870171.82631749
1783456200000,196.52,196.571,196.381,196.49,8114079.23840069
1783457100000,196.54,196.7,196.43,196.585,23068779.473694943
1783458000000,196.64,196.891,196.58,196.64,7100463.74296622
1783458900000,196.42,196.63,195.809,196.13,12134549.30407217
1783459800000,196.03,196.145,195.866,195.96,13132202.95663869
1783460700000,195.915,195.965,195.7,195.7,9385852.03140621
1783461600000,195.59,195.845,195.59,195.73,135418284.6971613
1783462500000,195.75,195.86,195.575,195.74,18398415.79457959
1783463400000,195.94,195.97,195.615,195.945,6077465.64859291
1783464300000,195.85,195.975,195.724,195.92,7018272.44593841
1783465200000,195.935,196.179,195.845,195.974,8521950.470355604
1783466100000,196.15,196.349,195.907,196.21,6092231.15643329
1783467000000,196.21,196.354,195.88,195.88,7980653.44190319
1783467900000,195.92,196.057,195.62,195.87,11954488.6813598
1783468800000,195.85,196.87,195.69,196.7,17726.15581036
1783469700000,196.7,197.27,196.38,196.84,4706749.8
1783470600000,196.86,197.72,196.71,197.51,3618822.11
1783471500000,197.59,197.8,197.39,197.58,3283391.57
1783472400000,197.56,197.91,197.23,197.84,3103030.86
1783473300000,197.83,197.85,197.44,197.59,1747694.51
1783474200000,197.59,197.75,196.81,197.03,2738211.19
1783475100000,197.02,197.59,197.02,197.09,2084953.71
1783476000000,197.04,197.07,196.36,196.57,4183967.73
1783476900000,196.53,196.92,196.45,196.59,1477102.56
1783477800000,196.64,196.84,196.38,196.78,782378.31
1783478700000,196.8,197.09,196.8,196.92,1489912.96
1783479600000,196.95,197.46,196.95,197.4,1899077.4
1783480500000,197.39,197.67,197.21,197.65,953573.95
1783481400000,197.6,197.72,197.39,197.47,1749793.53
1783482300000,197.45,197.54,197.18,197.3,1817958.11
1783483200000,197.33,197.46,197.16,197.27,1201255.88
1783484100000,197.27,197.39,197.04,197.08,1345812.97
1783485000000,197.1,197.1,196.7,196.88,2138941.54
1783485900000,196.88,196.99,196.55,196.72,1358461.78
1783486800000,196.77,196.98,196.67,196.67,1884314.71
1783487700000,196.68,196.79,196.34,196.5,1561598.54
1783488600000,196.46,196.46,195.87,196.0,4915475.5
1783489500000,196.0,196.06,195.74,195.89,2596112.0
1783490400000,195.87,195.91,195.67,195.74,3306929.07
1783491300000,195.75,196.03,195.72,195.73,1694620.71
1783492200000,195.72,195.8,195.49,195.49,2568355.28
1783493100000,195.52,196.0,195.4,195.9,3203147.33
1783494000000,195.86,195.89,195.51,195.65,2463840.0
1783494900000,195.61,195.99,195.38,195.98,2165912.92
1783495800000,196.0,196.32,195.92,196.21,3591646.16
1783496700000,196.24,196.48,196.22,196.22,1551282.08
1783497600000,196.36,196.78,195.973,196.75,63369495.44889447
1783498500000,196.7,196.78,193.896,194.03,28851679.7440014
1783499400000,193.89,194.383,193.49,193.69,25405611.07863968
1783500300000,194.44,194.639,193.903,194.44,12034591.46938362
1783501200000,193.96,194.1,192.975,193.69,22668789.35657529
1783502100000,193.07,193.384,192.971,193.19,14700216.0923332
1783503000000,193.46,193.65,193.15,193.46,6103698.54368319
1783503900000,193.51,193.635,193.335,193.49,7000036.99602881
1783504800000,193.29,193.511,193.093,193.14,7638446.23149881
1783505700000,193.77,193.89,193.251,193.89,16577895.97719603
1783506600000,193.91,194.255,193.627,194.19,13822678.77259895
1783507500000,193.86,194.175,193.695,193.86,7892849.97967061
1783508400000,193.74,194.149,193.634,193.92,30512692.57977017
1783509300000,193.71,193.937,193.677,193.71,14222174.26878421
1783510200000,194.0,194.588,193.63,194.57,19099840.9517114
1783511100000,194.47,194.737,194.27,194.41,21826859.884006
1783512000000,194.6,195.224,194.263,195.08,26622038.17496481
1783512900000,194.95,195.07,194.658,195.07,23522945.5339835
1783513800000,195.07,195.141,194.777,194.94,20447467.39358925
1783514700000,195.17,195.412,194.806,195.36,35886607.38664498
1783515600000,195.01,195.519,194.822,195.5,279023200.6508364
1783516500000,195.87,195.887,194.79,194.89,52513427.38112723
1783517400000,195.22,198.4,195.127,198.24,1510135521.9116461
1783518300000,198.28,199.85,197.11,197.61,1241731039.5666134
1783519200000,197.58,197.7,196.37,197.37,547707421.9981537
1783520100000,197.335,197.59,196.54,197.06,608454263.1608864
1783521000000,196.99,197.32,196.78,197.24,534123640.54118174
1783521900000,197.275,199.29,196.04,198.77,1800937965.7798681
1783522800000,198.775,199.435,197.175,197.255,1106552176.0710227
1783523700000,197.22,197.43,196.405,196.625,700109886.7443662
1783524600000,196.6,197.84,196.6,197.44,524715113.7104715
1783525500000,197.43,197.61,196.875,197.22,563964424.9287971
1783526400000,197.26,198.7,197.244,198.7,572105075.3262804
1783527300000,198.72,200.1,198.45,199.272,1083653265.544726
1783528200000,199.27,199.87,198.93,199.59,581894423.5017803
1783529100000,199.56,201.19,199.36,201.03,912740231.3482746
1783530000000,201.0,201.13,200.27,200.63,626532783.6979296
1783530900000,200.62,203.11,200.62,203.04,1163872821.4068189
1783531800000,203.095,203.705,202.505,202.61,1237785992.8951564
1783532700000,202.615,202.67,201.93,202.195,677387164.9865769
1783533600000,202.11,202.795,201.94,202.53,643453250.5812262
1783534500000,202.58,202.955,202.195,202.2,586584139.5306759
1783535400000,202.244,203.22,202.11,203.073,672732222.3245422
1783536300000,203.074,204.195,202.925,204.122,895625564.5050453
1783537200000,204.165,204.83,204.12,204.355,1047008559.6898309
1783538100000,204.355,204.55,204.07,204.43,811117571.7252833
1783539000000,204.46,205.15,203.77,204.43,1129407676.179579
1783539900000,204.42,204.92,203.87,204.06,1933625436.5248415
1783540800000,204.05,204.227,203.51,203.51,4398598238.447192
1783541700000,203.49,203.65,203.45,203.5,38521566.15479688
1783542600000,203.45,203.494,202.61,202.82,58885476.5508273
1783543500000,202.67,202.95,202.535,202.75,32952216.26308355
1783544400000,202.91,202.923,202.68,202.79,15808870.12321115
1783545300000,202.67,202.805,202.585,202.68,17435774.13774897
1783546200000,202.95,202.974,202.703,202.95,22716885.03076265
1783547100000,202.95,203.43,202.935,203.39,22969085.02721379
1783548000000,203.17,203.409,203.047,203.1,14619732.94516656
1783548900000,203.24,203.39,203.06,203.19,9483887.12568508
1783549800000,203.08,203.15,202.696,202.81,11703706.62392732
1783550700000,202.694,202.909,202.609,202.903,19229163.57750851
1783551600000,202.902,203.414,202.872,203.155,23763305.4252784
1783552500000,203.22,203.236,202.855,203.09,11787793.37227788
1783553400000,203.35,203.439,203.027,203.35,10857943.38522122
1783554300000,203.46,203.626,203.305,203.46,16871276.1579437
1783555200000,203.59,204.75,203.48,204.38,10479782.25
1783556100000,204.37,204.55,204.23,204.26,3697375.0
1783557000000,204.3,204.55,203.44,203.7,3896906.51
1783557900000,203.65,204.19,203.52,203.61,4391664.99
1783558800000,203.59,204.01,203.26,203.87,3603117.78
1783559700000,203.83,204.26,203.78,204.01,3226218.19
1783560600000,203.99,204.03,203.68,203.88,2705375.46
1783561500000,203.88,203.92,203.09,203.13,3415361.37
1783562400000,203.17,203.99,202.91,203.8,3960428.23
1783563300000,203.8,204.15,203.71,203.86,3315306.53
1783564200000,203.9,204.12,203.33,203.4,3598017.16
1783565100000,203.33,203.49,203.0,203.03,2479374.79
1783566000000,202.98,203.22,202.81,203.02,2770747.46
1783566900000,203.01,203.42,202.81,203.42,2213278.03
1783567800000,203.42,203.77,203.4,203.74,3174293.91
1783568700000,203.74,203.84,203.56,203.68,1899772.53
1783569600000,203.7,203.78,203.57,203.68,1193399.85
1783570500000,203.7,203.77,203.4,203.48,1363100.05
1783571400000,203.52,204.16,203.51,204.16,4525341.01
1783572300000,204.16,204.46,204.06,204.46,4300633.49
1783573200000,204.44,204.85,204.14,204.57,3117238.66
1783574100000,204.57,204.66,204.15,204.15,2252980.53
1783575000000,204.19,204.24,203.64,204.07,2744918.39
1783575900000,204.06,204.55,203.98,204.33,4392993.06
1783576800000,204.33,204.65,204.3,204.58,3960110.73
1783577700000,204.61,205.08,204.58,205.0,7515521.95
1783578600000,205.0,205.07,204.7,204.97,7332276.83
1783579500000,204.93,205.04,204.81,204.92,4197515.92
1783580400000,204.9,205.09,204.82,205.0,6964605.52
1783581300000,205.01,205.28,204.98,205.22,3477604.17
1783582200000,205.23,205.41,205.1,205.38,4144716.73
1783583100000,205.38,205.51,205.26,205.45,2943721.72
1783584000000,205.52,205.845,203.918,205.74,130850416.2072989
1783584900000,205.34,205.405,204.658,204.89,16896478.21417332
1783585800000,204.657,205.01,204.396,204.579,11626386.92788927
1783586700000,204.01,204.583,203.92,204.01,17482761.36816091
1783587600000,204.462,204.635,204.28,204.306,19854496.988333132
1783588500000,204.304,204.56,204.296,204.347,7037626.14815724
1783589400000,204.25,204.371,204.086,204.3,10602497.56950311
1783590300000,204.56,204.603,204.138,204.56,6825208.64656999
1783591200000,204.57,204.6,204.505,204.57,6156256.43063186
1783592100000,204.503,204.783,204.501,204.58,9458820.32297584
1783593000000,204.6,204.908,204.362,204.87,12808774.22254868
1783593900000,204.54,204.734,203.846,204.01,18394454.51225808
1783594800000,204.47,204.66,204.168,204.66,32576642.10260849
1783595700000,204.95,205.31,204.507,205.26,47374668.6154165
1783596600000,205.28,205.706,205.189,205.6,56597304.71290628
1783597500000,205.37,205.757,205.282,205.37,34852607.51306781
1783598400000,205.67,206.053,205.603,205.77,59088817.69840354
1783599300000,205.741,206.182,205.702,205.79,86432375.71899146
1783600200000,206.09,206.303,205.746,206.1,50802628.81711878
1783601100000,205.79,205.842,205.246,205.55,46063706.63440528
1783602000000,205.31,205.86,204.94,205.16,62625153.26975948
1783602900000,205.28,205.445,204.331,204.4,63743098.85653772
1783603800000,204.46,204.46,201.56,201.675,2904672716.007424
1783604700000,201.665,202.64,201.32,202.09,1528451454.1678143
1783605600000,202.04,202.13,199.68,200.2,1622729244.8178775
1783606500000,200.23,200.27,198.97,200.25,1532276313.5503714
1783607400000,200.225,200.85,199.32,200.76,978052309.8043268
1783608300000,200.755,201.66,200.51,201.287,1422814124.365556
1783609200000,201.3,202.02,201.13,201.41,711460915.456753
1783610100000,201.35,202.2,201.0,201.73,625365781.3502656
1783611000000,201.69,201.77,201.17,201.4,544424340.1295941
1783611900000,201.34,202.13,201.33,201.74,510522729.8413335
1783612800000,201.72,202.49,201.7,202.025,911710225.5031933
1783613700000,202.02,202.36,201.93,202.19,460353040.08351314
1783614600000,202.22,202.57,201.73,201.77,441386339.6028307
1783615500000,201.77,201.977,201.64,201.7,363428239.7486018
1783616400000,201.717,203.23,201.695,203.129,931526290.5615096
1783617300000,203.08,203.32,202.76,202.84,399877109.4914686
1783618200000,202.84,203.3,202.785,203.19,402789272.15230113
1783619100000,203.155,203.53,203.15,203.345,445338929.6713899
1783620000000,203.3,203.565,203.04,203.22,434488346.0937883
1783620900000,203.23,203.53,202.92,203.53,517036474.8676734
1783621800000,203.54,204.2,203.472,203.99,775238375.2922744
1783622700000,203.97,204.016,203.415,203.465,474252892.69073606
1783623600000,203.49,203.52,202.97,203.4,497631488.95598817
1783624500000,203.408,204.585,203.33,203.79,1027904555.4452268
1783625400000,203.76,204.13,203.5,203.97,675012579.3486556
1783626300000,203.975,204.1,202.58,202.705,1260211290.798546
1783627200000,202.41,202.947,202.401,202.88,4406769094.635377
1783628100000,202.86,202.875,202.5,202.5,22990594.29829912
1783629000000,202.629,203.031,202.552,202.847,48212235.63712348
1783629900000,202.78,202.852,202.541,202.64,29017762.14879163
1783630800000,202.61,202.8,202.54,202.68,12109583.9031351
1783631700000,202.8,202.93,202.632,202.641,14383747.29729517
1783632600000,202.641,202.82,202.63,202.8,5761236.23159715
1783633500000,202.69,202.8,202.685,202.69,67461754.78690599
1783634400000,202.74,202.76,202.49,202.49,14361195.47954884
1783635300000,202.52,202.624,202.19,202.46,12815743.46456469
1783636200000,202.19,202.371,202.161,202.19,5242385.95810412
1783637100000,202.3,202.435,202.266,202.3,7560225.85419822
1783638000000,202.36,202.662,202.287,202.6,10001208.30476417
1783638900000,202.6,202.664,202.453,202.66,7004379.81986795
1783639800000,202.6,202.613,202.3,202.311,8165316.76097152
1783640700000,202.312,202.352,202.169,202.296,37950762.56221076
1783641600000,202.9,203.1,201.52,201.92,4659508.32
1783642500000,201.93,201.96,201.2,201.47,2465557.13
1783643400000,201.48,201.64,201.21,201.56,2141060.67
1783644300000,201.6,201.98,201.43,201.95,1518124.02
1783645200000,201.91,201.92,201.47,201.62,1090064.53
1783646100000,201.62,201.97,201.57,201.85,1336588.89
1783647000000,201.83,202.38,201.82,202.12,2163022.62
1783647900000,202.12,202.69,202.05,202.28,2040648.4
1783648800000,202.28,202.39,202.13,202.18,1097293.16
1783649700000,202.14,202.36,202.09,202.36,746361.31
1783650600000,202.38,202.53,202.35,202.4,1295983.08
1783651500000,202.41,202.89,202.38,202.89,1957308.05
1783652400000,202.91,202.99,202.76,202.85,1931711.78
1783653300000,202.8,203.0,202.79,202.83,1316665.95
1783654200000,202.82,203.1,202.74,203.04,2215445.77
1783655100000,203.04,203.04,202.83,202.93,790397.62
1783656000000,202.93,203.09,202.9,203.07,1527613.27
1783656900000,203.04,203.07,202.9,202.95,1285052.22
1783657800000,202.9,202.95,202.74,202.89,1892126.94
1783658700000,202.92,202.95,202.66,202.7,1116384.35
1783659600000,202.73,202.79,202.61,202.78,789880.95
1783660500000,202.77,202.82,202.69,202.78,980106.78
1783661400000,202.74,202.8,202.66,202.75,1214197.39
1783662300000,202.77,202.77,202.25,202.26,1605466.38
1783663200000,202.26,202.41,201.68,201.68,3147884.54
1783664100000,201.73,201.84,201.5,201.6,2185892.3
1783665000000,201.65,201.93,201.65,201.75,2464641.01
1783665900000,201.74,201.96,201.66,201.78,1615052.69
1783666800000,201.83,201.86,201.34,201.48,4105946.37
1783667700000,201.42,201.61,201.36,201.41,1699431.83
1783668600000,201.36,201.48,201.27,201.27,1445108.02
1783669500000,201.28,201.38,201.16,201.29,1019992.88
1783670400000,201.5,202.113,201.285,201.54,58807697.70807128
1783671300000,201.896,201.947,201.435,201.465,11466985.113163456
1783672200000,201.465,201.675,201.426,201.673,4879056.58397737
1783673100000,201.695,201.864,201.55,201.55,4946744.62087187
1783674000000,201.02,201.614,201.01,201.01,8253742.65032894
1783674900000,201.67,201.76,201.6,201.67,6795600.77836708
1783675800000,201.69,201.825,201.68,201.79,6093381.10998689
1783676700000,201.79,201.81,201.651,201.743,4372853.91912597
1783677600000,201.738,201.87,201.72,201.81,4221001.87386396
1783678500000,201.81,201.894,201.705,201.771,5757278.9936021
1783679400000,201.769,202.055,201.723,202.002,9867459.916490488
1783680300000,202.001,202.127,201.935,202.097,6495274.45258875
1783681200000,202.2,202.284,201.99,201.99,24982065.22169966
1783682100000,202.16,202.222,201.775,201.79,14485696.92375496
1783683000000,201.8,201.876,201.561,201.69,18341301.15597923
1783683900000,201.724,201.746,201.311,201.313,28720216.1497059
1783684800000,201.28,201.562,201.017,201.44,31914410.25860411
1783685700000,201.3,201.646,201.276,201.63,13008326.54833053
1783686600000,201.58,201.67,201.406,201.54,18086957.07174981
1783687500000,201.4,201.741,201.378,201.51,17273324.1713262
1783688400000,201.567,201.72,201.467,201.695,16415729.851211328
1783689300000,201.75,202.723,201.6,201.6,53732782.63164831
1783690200000,202.04,204.99,201.891,204.61,1993509380.5839126
1783691100000,204.635,207.42,204.38,207.34,1959823236.5472074
1783692000000,207.32,208.135,205.91,208.03,2145782382.8485963
1783692900000,207.986,208.035,206.24,207.381,1155285561.659028
1783693800000,207.29,207.85,205.75,206.92,1051849353.9054247
1783694700000,206.87,207.2,205.93,206.11,773272630.6487681
1783695600000,206.1,207.42,205.86,207.195,1140278045.1723962
1783696500000,207.21,208.79,207.19,208.57,1223882747.3968756
1783697400000,208.6,209.46,207.66,207.99,1348966293.3272748
1783698300000,207.99,209.39,207.83,209.035,961416253.0576068
1783699200000,209.04,209.59,208.92,209.08,870015782.3800036
1783700100000,209.08,210.57,209.01,209.805,1337827943.5782733
1783701000000,209.795,210.4,209.67,209.8,712899013.6889821
1783701900000,209.8,210.03,209.42,209.64,590031311.0515385
1783702800000,209.615,210.2,209.5,209.87,610765520.2172767
1783703700000,209.875,210.315,209.65,210.19,529519540.1935015
1783704600000,210.225,210.78,210.075,210.76,727345510.198623
1783705500000,210.76,210.88,210.33,210.39,729070627.009981
1783706400000,210.4,210.855,209.97,210.08,817690186.5384703
1783707300000,210.06,210.52,209.95,210.32,632581017.3372644
1783708200000,210.33,210.42,209.8,209.96,497513853.7705686
1783709100000,209.975,210.245,209.83,210.135,476135620.875474
1783710000000,210.15,210.74,210.1,210.235,880597628.8037201
1783710900000,210.23,210.235,209.74,209.921,1388623667.477562
1783711800000,209.98,210.295,209.63,209.63,819392993.8270541
1783712700000,209.63,211.01,209.57,210.99,1903558570.4640923
1783713600000,210.965,211.08,210.77,210.79,3609314456.0648036
1783714500000,210.81,210.84,210.713,210.72,55264586.29215792
1783715400000,210.77,210.813,210.436,210.505,31424169.89330429
1783716300000,210.52,210.656,210.467,210.62,18247686.56275458
1783717200000,210.51,210.637,210.368,210.39,13957893.76013704
1783718100000,210.38,210.433,210.32,210.37,13613192.73564398
1783719000000,210.415,210.415,210.266,210.314,49752013.004205935
1783719900000,210.34,210.42,210.31,210.32,4602105.68119017
1783720800000,210.42,210.55,210.35,210.51,12571884.89069849
1783721700000,210.545,210.545,210.415,210.509,6723814.54755147
1783722600000,210.48,210.53,210.35,210.39,7595979.25904229
1783723500000,210.42,210.62,210.385,210.42,7339977.08660445
1783724400000,210.61,210.62,210.492,210.52,9458155.90685211
1783725300000,210.52,210.525,210.416,210.487,6667557.47835631
1783726200000,210.488,210.58,210.475,210.545,7025730.90436335
1783727100000,210.545,210.638,210.545,210.575,25117792.555987127
1783728000000,210.575,210.575,210.575,210.575,210575.0
1783728900000,210.5,210.5,210.13,210.13,3602.924405
1783729800000,210.44,210.44,209.82,209.82,991.347601
1783730700000,210.1,210.1,209.72,209.72,210.723816
1783731600000,209.71,209.71,209.71,209.71,11.932499
1783732500000,209.85,210.02,209.71,209.71,199.425326
1783733400000,209.71,209.71,209.71,209.71,47.541257
1783734300000,209.88,209.88,209.17,209.17,3985.626802
1783735200000,209.31,209.31,208.98,208.98,465.861796
1783737000000,209.2,209.2,208.98,208.98,214.714554
1783737900000,209.2,209.2,208.97,208.97,209.988036
1783738800000,209.2,209.2,208.95,208.95,21.93198
1783739700000,209.08,209.08,209.08,209.08,10.454
1783741500000,209.08,209.46,209.08,209.46,750.183316
1783742400000,209.46,209.63,209.46,209.54,1523.758671
1783743300000,209.54,209.67,209.17,209.17,1051.159684
1783746000000,209.67,209.67,208.55,208.55,6769.036712
1783746900000,208.73,208.73,208.46,208.46,305.360961
1783747800000,208.69,209.67,208.46,208.46,1102.162388
1783748700000,208.57,209.67,208.46,208.46,485.707648
1783749600000,209.67,209.67,208.46,208.76,65.661017
1783750500000,209.67,209.67,208.39,208.39,520.117076
1783751400000,208.6,209.81,208.29,208.29,986.563364
1783753200000,208.56,208.59,208.25,208.25,100.848057
1783754100000,208.43,210.25,208.13,210.25,3480.327208
1783755000000,208.03,208.03,208.03,208.03,85.458724
1783755900000,208.26,208.26,208.01,208.26,27.768859
1783756800000,208.29,210.5,207.95,207.95,563.293702
1783758600000,208.08,208.11,207.9,207.9,169.565166
1783759500000,208.04,208.32,208.04,208.32,164.187298
1783762200000,210.06,210.54,207.76,207.76,1245.236418
1783763100000,207.96,209.66,207.76,208.15,330.905132
1783764900000,207.96,210.57,207.75,210.57,289.551686
1783765800000,207.75,210.67,207.75,207.95,874.653478
1783768500000,210.65,210.66,208.53,208.53,275.926431
1783769400000,210.65,210.66,208.53,210.66,305.593562
1783770300000,210.65,210.67,208.2,208.2,224.089249
1783771200000,210.62,210.62,208.22,208.22,379.265713
1783772100000,210.6,210.67,208.22,210.55,712.112385
1783773000000,210.55,210.69,210.49,210.69,864.220545
1783773900000,210.69,210.71,210.65,210.71,616.274414
1783774800000,210.71,210.71,210.49,210.58,1134.492724
1783775700000,210.78,210.83,210.58,210.83,153.51901
1783776600000,210.96,210.96,210.36,210.36,358.282254
1783777500000,210.62,210.7,210.26,210.26,205.692235
1783778400000,210.25,210.29,210.05,210.29,849.776055
1783779300000,209.98,210.11,209.75,209.75,501.870927
1783780200000,209.99,210.11,209.64,209.64,900.822942
1783781100000,209.82,209.82,209.82,209.82,109.00149
1783782000000,209.82,209.85,209.62,209.62,134.921066
1783782900000,209.76,209.76,209.59,209.59,189.5462
1783784700000,209.58,210.26,209.19,209.19,7919.203301
1783785600000,209.45,209.45,209.11,209.11,2097.025545
1783786500000,209.12,209.45,208.97,208.97,13173.730659
1783787400000,209.23,209.3,208.8,208.8,5901.642866
1783788300000,209.01,209.19,208.65,208.65,3228.032015
1783789200000,208.85,208.91,208.7,208.75,1772.621041
1783790100000,208.9,209.55,208.75,209.5,19257.092039
1783791000000,208.76,210.96,207.19,210.6,153785.744157
1783791900000,210.54,210.96,207.66,209.15,135650.45217
1783792800000,209.15,210.26,208.2,208.32,18000.357123
1783793700000,208.32,209.88,208.3,208.31,2685.716719
1783794600000,209.49,209.6,208.3,209.6,5593.458822
1783795500000,209.6,210.34,208.3,208.3,1053.353562
1783796400000,209.6,209.6,208.3,209.6,160.26017
1783797300000,209.6,209.6,208.31,208.31,145.096174
1783798200000,208.31,209.6,208.3,209.6,577.399619
1783799100000,209.6,209.6,208.3,208.3,240.89865
1783800000000,209.6,210.52,208.31,208.31,220.453624
1783800900000,208.31,210.52,208.31,208.31,282.084926
1783801800000,210.58,210.84,208.31,208.31,462.453061
1783802700000,209.6,209.6,208.3,208.3,628.753017
1783803600000,209.6,209.6,208.3,208.3,38.40501
1783804500000,208.3,208.3,208.3,208.3,1186.18518
1783806300000,209.3,209.3,208.3,208.3,834.9917
1783811700000,208.3,208.3,208.14,208.14,933.615444
1783812600000,208.33,208.61,208.06,208.06,578.523988
1783816200000,208.61,208.61,208.06,208.06,101.813342
1783817100000,208.61,208.78,208.06,208.06,41.863046
1783818000000,208.78,209.01,208.06,208.06,606.583836
1783818900000,209.0,209.0,209.0,209.0,110.7909
1783819800000,209.0,209.0,208.06,208.06,535.109162
1783822500000,209.0,209.0,208.06,208.06,239.45514
1783823400000,209.0,209.0,208.06,208.06,216.72537
1783824300000,209.0,209.0,208.06,208.06,422.19012
1783825200000,209.0,209.0,209.0,209.0,298.034
1783826100000,209.0,209.01,208.06,208.06,1153.964942
1783827000000,208.06,209.6,208.06,208.06,1733.560971
1783827900000,209.5,209.5,208.06,208.06,1777.095398
1783828800000,209.3,209.3,208.07,208.07,416.452155
1783829700000,208.1,210.96,207.48,210.32,45356.81581
1783830600000,210.3,210.96,208.76,209.1,15703.853124
1783831500000,208.98,210.81,208.77,210.18,3621.79469
1783832400000,210.16,210.3,210.09,210.09,267.498308
1783833300000,210.3,210.3,210.04,210.04,77.148442
1783834200000,210.19,210.33,210.04,210.33,662.79456
1783835100000,210.37,210.96,210.04,210.58,5262.522448
1783836000000,210.83,210.83,210.24,210.24,2222.59165
1783836900000,210.42,210.5,210.15,210.33,113.360902
1783837800000,210.15,210.28,210.0,210.0,1195.140546
1783839600000,210.2,210.23,209.98,209.98,373.735489
1783840500000,210.23,210.29,210.0,210.0,36218.12032
1783841400000,210.01,210.34,210.0,210.01,92260.707424
1783842300000,210.0,210.44,210.0,210.01,96003.919379
1783843200000,210.02,210.34,210.01,210.05,21053.332657
1783844100000,210.05,210.34,210.05,210.07,1982.485742
1783845000000,210.08,210.34,210.07,210.11,462.460228
1783845900000,210.08,210.12,209.93,210.08,2663.887381
1783846800000,209.93,210.08,209.69,209.69,1194.605815
1783847700000,209.84,209.86,209.7,209.7,1126.930842
1783848600000,209.71,209.87,209.71,209.71,648.487154
1783849500000,209.85,209.88,209.71,209.88,2262.064113
1783851300000,209.88,209.88,209.75,209.75,445.613296
1783852200000,209.88,209.88,209.75,209.88,875.541724
1783853100000,209.88,209.88,209.75,209.88,90.349446
1783854000000,209.88,209.88,209.76,209.88,4676.515588
1783854900000,209.88,211.25,209.76,210.59,10904.262645
1783855800000,210.57,210.57,210.21,210.35,582.723444
1783856700000,210.21,210.51,210.21,210.21,789.940598
1783857600000,210.5,210.51,210.06,210.06,572.607963
1783858500000,210.34,210.36,210.06,210.06,210.05003
1783860300000,210.3,210.59,210.3,210.59,245.325451
1783861200000,210.06,211.11,210.06,211.11,2545.041705
1783862100000,211.13,212.36,211.03,212.36,20694.926886
1783863000000,212.22,212.23,212.02,212.04,1653.041533
1783863900000,212.26,212.27,212.06,212.06,305.250182
1783864800000,212.25,212.39,212.15,212.3,1130.411823
1783865700000,212.3,212.49,212.13,212.13,13312.504861
1783866600000,212.21,212.4,211.99,212.31,15038.981968
1783867500000,212.3,212.37,211.9,211.9,21679.607974
1783868400000,212.35,212.35,212.12,212.3,1075.589174
1783869300000,212.3,212.55,212.2,212.54,89980.889754
1783870200000,212.54,212.9,212.41,212.51,668271.509361
1783871100000,212.51,212.88,211.66,212.43,363071.436821
1783872000000,212.37,212.6,211.75,212.6,473770.66127
1783872900000,212.6,212.6,211.8,212.59,111617.647265
1783873800000,212.6,213.09,212.58,212.6,492188.253669
1783874700000,212.6,212.6,212.12,212.6,171397.530454
1783875600000,211.81,212.93,211.71,211.71,606074.819599
1783876500000,211.71,212.6,211.71,211.75,1345.546703
1783877400000,211.75,212.6,211.67,211.72,7341.474843
1783878300000,212.6,212.63,212.59,212.59,1025.714677
1783879200000,212.68,212.86,212.68,212.86,145777.993365
1783880100000,212.85,212.91,212.59,212.85,105926.630168
1783881000000,212.6,212.6,212.51,212.56,4674.27549
1783881900000,212.61,212.61,212.61,212.61,19.921557
1783882800000,212.56,212.61,211.88,211.9,4388.508765
1783883700000,212.45,212.45,211.6,211.6,593.292965
1783890000000,212.45,212.5,211.57,211.57,454.318824
1783890900000,212.51,212.53,212.37,212.37,314.08101
1783900800000,210.1,211.95,209.3,211.86,24059307.36
1783901700000,211.9,212.1,210.73,211.08,13633201.22
1783902600000,211.08,211.09,209.59,209.83,9269856.23
1783903500000,209.86,210.21,209.11,209.4,12021622.54
1783904400000,209.37,209.67,208.93,209.14,11573584.59
1783905300000,209.14,209.6,208.98,209.06,8468714.97
1783906200000,209.05,209.13,208.69,208.8,7885513.37
1783907100000,208.76,208.77,208.02,208.11,8775344.78
1783908000000,208.09,208.41,207.74,208.32,7538837.99
1783908900000,208.36,208.88,208.26,208.58,5138119.94
1783909800000,208.58,208.58,208.09,208.29,2901112.89
1783910700000,208.36,208.46,207.78,207.81,3794748.66
1783911600000,207.8,207.93,207.41,207.62,13750300.94
1783912500000,207.63,207.78,207.35,207.69,4167014.07
1783913400000,207.66,208.06,207.4,207.7,3919639.6
1783914300000,207.65,207.97,207.59,207.74,3949013.56
1783915200000,207.75,207.77,207.32,207.47,4673180.72
1783916100000,207.42,207.77,207.37,207.62,3708897.19
1783917000000,207.6,207.67,207.27,207.29,4486129.9
1783917900000,207.29,207.41,207.05,207.41,3885869.64
1783918800000,207.39,208.15,207.2,208.14,6213222.63
1783919700000,208.14,208.35,206.84,206.85,7517350.04
1783920600000,206.86,207.61,206.57,207.4,7220681.84
1783921500000,207.33,207.74,207.24,207.63,2893357.76
1783922400000,207.7,208.12,207.36,207.41,6181589.94
1783923300000,207.42,207.51,206.97,207.03,12552762.1
1783924200000,207.03,207.23,206.79,207.08,6861341.02
1783925100000,207.08,207.08,206.69,206.74,8845140.25
1783926000000,206.75,207.34,206.67,207.32,8537495.87
1783926900000,207.32,207.4,207.13,207.21,9049847.24
1783927800000,207.21,207.21,206.58,206.61,6027672.37
1783928700000,206.61,206.76,206.51,206.59,3203701.51
1783929600000,206.87,209.971,205.907,206.79,167805962.20865706
1783930500000,206.8,207.244,206.8,207.18,25474710.44244429
1783931400000,207.04,207.485,206.769,207.04,15084661.87837298
1783932300000,207.338,207.599,207.207,207.401,20532555.38317577
1783933200000,207.415,207.531,207.195,207.315,4993245.45876988
1783934100000,207.64,208.183,207.315,207.83,18596441.04744219
1783935000000,208.05,208.49,207.861,208.29,13154926.94413889
1783935900000,208.0,208.326,207.886,208.0,8254525.47715312
1783936800000,208.115,208.209,207.559,207.668,6745714.49243655
1783937700000,207.84,207.871,207.318,207.84,8466387.1083307
1783938600000,207.5,207.751,207.365,207.56,9007404.87177231
1783939500000,207.486,207.92,207.471,207.768,8476392.18872825
1783940400000,207.91,208.762,207.794,208.67,84730365.12436603
1783941300000,208.61,208.644,208.075,208.24,26451839.59043161
1783942200000,208.437,208.545,208.224,208.224,21767847.9050933
1783943100000,208.11,208.424,208.056,208.1,24776560.38768386
1783944000000,208.08,208.308,207.81,207.81,46022346.52841407
1783944900000,208.02,208.295,207.79,207.81,33297062.72678489
1783945800000,207.53,207.81,207.435,207.66,38069671.52385161
1783946700000,207.77,207.998,207.76,207.8,23574104.36152195
1783947600000,208.12,208.281,207.822,208.0,26652360.53846111
1783948500000,207.83,208.792,207.781,208.73,51768763.21282285
1783949400000,208.66,210.58,207.65,208.12,2629454514.323862
1783950300000,208.13,208.81,207.02,208.81,1123710814.3122437
1783951200000,208.71,209.555,208.42,209.13,959270968.4911561
1783952100000,209.085,209.27,207.77,208.58,729021302.0052121
1783953000000,208.585,208.88,207.06,207.335,712972179.1448326
1783953900000,207.285,207.61,206.655,207.38,794883605.5137278
1783954800000,207.44,207.66,207.06,207.37,620648532.602745
1783955700000,207.39,208.025,207.32,207.76,635930384.8764334
1783956600000,207.83,208.01,207.11,207.15,556003286.1411107
1783957500000,207.156,207.185,206.67,206.768,767788460.91528
1783958400000,206.75,206.83,205.81,206.24,775354136.6804528
1783959300000,206.225,206.23,205.58,205.87,540153875.4310657
1783960200000,205.9,205.9,204.51,205.1,877646371.6299187
1783961100000,205.17,205.24,204.33,204.67,560537369.9122767
1783962000000,204.67,205.16,204.49,204.726,502729390.2097933
1783962900000,204.76,204.777,203.85,204.24,710427325.9863636
1783963800000,204.24,204.34,203.72,203.99,526287650.7111314
1783964700000,204.04,204.13,203.47,203.645,504814991.56995004
1783965600000,203.64,204.45,203.615,204.16,628957017.3481357
1783966500000,204.147,204.21,203.64,203.647,598272110.2410585
1783967400000,203.63,204.28,203.355,204.11,507094462.33246946
1783968300000,204.12,204.15,203.55,203.78,437143087.8892387
1783969200000,203.79,204.5,203.6,203.89,517278061.7698617
1783970100000,203.86,204.03,203.54,203.81,534994576.68205786
1783971000000,203.86,204.355,203.62,204.035,676001613.9366595
1783971900000,204.05,204.49,203.41,203.475,1669329627.9550178
1783972800000,203.81,203.898,202.8,203.3,4747463197.7141695
1783973700000,203.39,203.553,203.21,203.51,39538558.23822448
1783974600000,203.45,203.66,203.25,203.365,21957483.05905846
1783975500000,203.61,203.7,203.419,203.61,12291477.26501037
1783976400000,203.69,203.894,203.63,203.63,46069019.44815158
1783977300000,203.65,203.72,203.535,203.54,6465977.83644916
1783978200000,203.565,203.6,203.415,203.565,4330786.61912372
1783979100000,203.612,203.694,203.525,203.655,13739113.80327886
1783980000000,203.65,203.959,203.629,203.85,15000974.92320904
1783980900000,203.84,203.874,203.62,203.84,9842648.07950722
1783981800000,203.67,203.732,203.545,203.67,5223045.24039366
1783982700000,203.62,203.755,203.32,203.41,11977279.04046919
1783983600000,203.445,203.604,203.295,203.305,17693574.42151146
1783984500000,203.45,203.497,203.262,203.435,9282482.89470195
1783985400000,203.1,203.357,202.962,202.99,18690586.2159153
1783986300000,202.945,203.275,202.774,202.81,21182128.80858606
1783987200000,203.69,203.98,203.05,203.94,31098.78
1783988100000,203.95,204.07,203.32,203.6,2847961.11
1783989000000,203.69,204.69,203.6,204.16,4599952.32
1783989900000,204.16,205.02,204.13,204.97,6859584.46
1783990800000,204.95,205.03,204.46,204.5,5234077.66
1783991700000,204.5,204.83,204.39,204.57,2278281.33
1783992600000,204.57,204.68,204.0,204.34,2396362.35
1783993500000,204.33,204.77,203.99,203.99,2188681.66
1783994400000,204.05,204.24,203.63,203.63,1992564.68
1783995300000,203.66,203.7,203.03,203.26,3081177.08
1783996200000,203.32,203.94,203.1,203.78,2307742.43
1783997100000,203.81,203.99,203.4,203.55,1143584.83
1783998000000,203.49,203.49,202.95,203.02,2212833.61
1783998900000,202.99,203.14,202.46,203.14,5591802.25
1783999800000,203.0,203.46,202.77,203.05,2288398.37
1784000700000,202.99,203.92,202.91,203.88,1805330.76
1784001600000,203.84,203.9,203.11,203.52,2193615.55
1784002500000,203.47,204.14,203.37,204.04,1470798.3
1784003400000,204.05,204.31,203.94,204.18,1375471.61
1784004300000,204.18,204.48,204.15,204.48,1407602.01
1784005200000,204.41,204.97,204.25,204.97,3117462.29
1784006100000,204.97,205.29,204.8,205.18,5750278.32
1784007000000,205.25,205.5,204.99,205.19,5157639.45
1784007900000,205.25,205.31,204.93,205.04,894280.67
1784008800000,205.04,205.27,205.0,205.13,3063910.89
1784009700000,205.21,205.34,205.0,205.15,1971282.98
1784010600000,205.15,205.22,204.9,204.96,1378071.39
1784011500000,204.93,204.99,204.64,204.67,1640816.58
1784012400000,204.64,205.01,204.55,204.84,2216227.92
1784013300000,204.86,205.29,204.71,205.17,2692262.88
1784014200000,205.18,205.25,204.85,204.87,3046337.77
1784015100000,204.94,205.45,204.79,205.01,3479747.49
1784016000000,205.26,205.32,203.225,205.26,75523909.28552634
1784016900000,205.01,205.274,204.882,205.01,8325648.83068921
1784017800000,205.17,205.255,204.975,205.08,6857416.43447491
1784018700000,204.8,205.075,204.706,204.85,4577681.03135429
1784019600000,204.87,204.95,204.76,204.87,6360168.96061547
1784020500000,204.65,204.95,204.475,204.5,4187444.44624703
1784021400000,204.52,204.715,204.475,204.52,3294637.47574472
1784022300000,204.56,204.623,204.405,204.56,4156782.89656232
1784023200000,204.64,204.675,204.501,204.64,2915027.93332849
1784024100000,204.59,204.639,204.468,204.545,2063074.03307379
1784025000000,204.45,204.64,204.395,204.45,2554783.0088783
1784025900000,204.477,204.625,204.437,204.569,2952480.88269188
1784026800000,204.56,205.367,204.374,205.35,43704069.86154425
1784027700000,205.36,206.25,205.265,206.17,80660891.12832303
1784028600000,206.05,206.15,205.825,206.02,43882477.13186189
1784029500000,206.1,206.602,205.98,206.22,39849293.2307443
1784030400000,206.19,206.27,205.618,205.77,21507871.38270154
1784031300000,206.0,206.463,205.675,206.38,28050309.844564
1784032200000,206.6,207.863,206.337,207.41,144101621.29308885
1784033100000,207.55,207.76,206.997,207.05,65863587.86013075
1784034000000,207.11,207.152,206.79,206.92,124548655.78893957
1784034900000,206.9,208.46,206.85,208.01,109596648.92691863
1784035800000,208.25,208.25,203.79,204.23,1722835604.8043604
1784036700000,204.27,205.54,204.176,204.96,1085737463.1680555
1784037600000,204.98,205.11,204.07,204.7,661863036.2753253
1784038500000,204.675,206.06,204.235,205.55,969148718.1561637
1784039400000,205.555,207.41,205.27,206.515,780003869.2603076
1784040300000,206.51,207.67,206.385,207.5,620987605.5980513
1784041200000,207.5,208.33,207.215,207.785,827768568.922967
1784042100000,207.79,209.15,207.75,209.08,801718709.5229115
1784043000000,209.115,209.3,208.43,209.09,707215834.211738
1784043900000,209.15,209.305,208.34,209.19,611649305.8863242
1784044800000,209.235,209.28,208.31,208.57,588923535.8854473
1784045700000,208.58,209.58,208.38,209.56,639049440.9749851
1784046600000,209.57,210.25,209.29,210.075,466895124.8240017
1784047500000,210.08,210.91,209.79,210.86,319203664.7108713
1784048400000,210.88,211.5,210.8,211.2,951951905.1839879
1784049300000,211.24,211.5,210.91,211.05,657167367.1697534
1784050200000,211.04,211.24,210.52,210.77,503729078.3650822
1784051100000,210.77,211.495,210.7,211.3,520046824.64654225
1784052000000,211.31,212.02,211.17,211.9,690143335.6139373
1784052900000,211.93,212.09,211.59,211.77,625708053.3011234
1784053800000,211.78,212.55,211.725,212.08,740271971.3935757
1784054700000,212.1,212.43,211.94,212.31,495816249.60497445
1784055600000,212.34,212.34,211.46,211.74,567322878.0055952
1784056500000,211.72,212.225,211.3,211.3,658986286.8547726
1784057400000,211.28,211.88,211.02,211.74,794744226.4846975
1784058300000,211.74,212.29,211.51,211.8,1743399598.3939805
1784059200000,211.725,211.873,211.278,211.76,4382358469.528872
1784060100000,211.81,211.91,211.698,211.845,32747724.35554971
1784061000000,211.6,211.834,211.56,211.6,100114317.41355586
1784061900000,211.63,211.685,211.61,211.63,59289490.29395837
1784062800000,211.65,211.675,211.624,211.65,8308519.97350398
1784063700000,211.61,211.655,211.546,211.55,9450652.17341229
1784064600000,211.56,211.565,211.432,211.44,12539758.34236581
1784065500000,211.51,211.535,211.425,211.51,17590736.50677686
1784066400000,211.55,211.632,211.281,211.52,10083531.0804767
1784067300000,211.47,211.579,211.36,211.36,6755345.16052676
1784068200000,211.54,211.544,211.46,211.515,3993732.75728802
1784069100000,211.508,211.566,211.365,211.451,4523849.60281049
1784070000000,211.32,211.475,211.276,211.42,8395309.77212682
1784070900000,211.41,211.629,211.29,211.53,20384505.11588201
1784071800000,211.75,211.84,211.607,211.65,13729432.60568569
1784072700000,211.61,211.87,211.538,211.83,11177666.96358399
1784073600000,211.87,212.39,211.69,212.26,5133266.49
1784074500000,212.23,212.49,212.06,212.31,3310513.13
1784075400000,212.35,212.42,211.79,211.87,3773601.05
1784076300000,211.87,212.15,211.82,212.12,3205393.36
1784077200000,212.12,212.12,211.7,211.79,2982887.49
1784078100000,211.79,212.07,211.79,212.0,1449690.83
1784079000000,212.02,212.24,211.78,211.78,3990169.99
1784079900000,211.77,212.26,211.73,212.25,2091367.67
1784080800000,212.27,212.43,212.17,212.18,3803219.93
1784081700000,212.2,212.35,212.13,212.33,1527986.84
1784082600000,212.35,212.42,212.26,212.39,3666030.04
1784083500000,212.39,212.41,212.18,212.27,1421566.04
1784084400000,212.27,212.28,212.0,212.2,6060798.98
1784085300000,212.25,212.41,212.2,212.29,1768063.22
1784086200000,212.36,212.51,212.27,212.31,5413823.7
1784087100000,212.32,212.77,212.31,212.74,9978582.37
1784088000000,212.72,212.92,212.68,212.8,3502236.06
1784088900000,212.84,212.85,212.69,212.72,1376531.25
1784089800000,212.68,212.68,212.01,212.43,3823069.91
1784090700000,212.42,212.55,212.32,212.4,1511319.77
1784091600000,212.4,213.22,212.29,212.55,14897176.87
1784092500000,212.59,212.9,212.38,212.43,2565540.19
1784093400000,212.45,212.65,212.35,212.5,2486518.21
1784094300000,212.45,212.85,212.39,212.79,2936663.22
1784095200000,212.79,213.11,212.73,213.09,5025271.62
1784096100000,213.07,213.11,212.92,213.07,1483111.61
1784097000000,213.1,213.12,212.6,212.67,3599815.14
1784097900000,212.69,212.8,212.44,212.56,4249406.02
1784098800000,212.6,212.61,212.19,212.21,5839890.25
1784099700000,212.21,212.28,211.35,211.7,11918247.59
1784100600000,211.7,212.14,211.49,212.03,5352001.11
1784101500000,212.06,212.29,211.99,212.16,1154061.31
1784102400000,212.18,212.463,210.752,210.78,126761812.46313863
1784103300000,210.56,210.984,210.54,210.69,19701392.91125054
1784104200000,210.86,210.957,210.594,210.88,7024824.55909028
1784105100000,211.12,211.413,210.82,211.12,9591924.98064502
1784106000000,211.18,211.271,210.935,211.09,6982177.08626442
1784106900000,211.16,211.36,210.792,211.16,4951045.72680924
1784107800000,211.205,211.249,210.83,210.99,4699104.68106359
1784108700000,210.99,211.043,210.86,210.86,5256042.99870261
1784109600000,211.04,211.164,210.905,210.93,4976044.706337
1784110500000,210.75,211.2,210.65,210.98,8431767.76241071
1784111400000,211.02,211.485,210.825,211.48,15421910.45241321
1784112300000,211.37,211.8,211.225,211.8,13798201.51953549
1784113200000,211.71,212.01,211.435,211.64,26154305.63269687
1784114100000,211.54,211.68,211.44,211.44,8895170.34370092
1784115000000,211.63,211.825,211.454,211.63,13341863.83027058
1784115900000,211.36,211.595,211.243,211.36,52759207.31274394
1784116800000,211.33,211.379,210.99,211.188,30217434.973838795
1784117700000,211.15,211.332,210.942,211.0,15318235.32039735
1784118600000,211.14,211.632,210.951,211.24,44748500.41655619
1784119500000,211.01,211.444,211.01,211.3,17312319.44984849
1784120400000,211.5,211.608,210.901,210.96,26172046.49456723
1784121300000,211.08,211.902,210.861,211.675,48584658.29054093
1784122200000,211.97,213.77,211.225,211.98,1857160261.1201766
1784123100000,212.01,212.045,210.71,211.96,992175936.0411142
1784124000000,212.01,212.08,210.29,211.36,878133026.0637656
1784124900000,211.365,211.96,209.42,210.683,1314686702.5418868
1784125800000,210.68,210.82,209.41,209.97,858534944.347404
1784126700000,209.93,210.67,209.59,210.055,718080443.0740138
1784127600000,210.01,210.21,209.09,209.15,747915117.6047761
1784128500000,209.12,209.53,208.37,209.495,743926967.1214551
1784129400000,209.515,209.71,208.79,208.896,582106049.3028885
1784130300000,208.895,208.98,208.375,208.65,883598328.9368138
1784131200000,208.58,208.76,206.84,206.925,1168995091.5338733
1784132100000,206.945,207.27,206.53,206.885,665736861.5370715
1784133000000,206.855,207.07,206.03,206.675,810380683.83576
1784133900000,206.655,207.72,206.49,207.268,964957983.1359826
1784134800000,207.31,208.36,207.21,207.96,629884145.8760657
1784135700000,207.91,209.09,207.91,209.02,601129799.4606193
1784136600000,209.11,209.41,208.87,209.13,468765942.06564945
1784137500000,209.145,209.8,209.065,209.66,628648849.7561514
1784138400000,209.58,210.5,209.58,210.395,588783781.6545328
1784139300000,210.41,210.745,209.92,210.455,435880739.267895
1784140200000,210.48,210.695,210.23,210.34,418895171.31695545
1784141100000,210.39,210.66,209.89,210.27,511925080.5065813
1784142000000,210.28,212.0,210.2,211.67,1142898132.102661
1784142900000,211.66,211.735,210.415,210.935,831808807.2500638
1784143800000,211.055,211.85,210.91,211.73,644752817.3849956
1784144700000,211.69,212.565,211.26,212.49,1796624725.331797
1784145600000,212.38,212.519,212.2,212.3,4644287107.574057
1784146500000,212.3,212.394,212.27,212.35,20859989.79757449
1784147400000,212.4,212.5,212.369,212.49,188760257.92643952
1784148300000,212.42,212.423,212.012,212.31,19916411.36657142
1784149200000,212.1,212.299,212.03,212.08,29492386.37455236
1784150100000,212.09,212.255,211.78,211.79,22079662.48539463
1784151000000,211.85,211.889,211.753,211.889,13401857.02339344
1784151900000,211.91,211.955,211.8,211.91,6705600.34638136
1784152800000,211.89,212.14,211.812,212.1,21265330.76182651
1784153700000,212.02,212.067,211.86,211.92,6757097.62580732
1784154600000,211.76,211.898,211.5,211.55,14980257.18817558
1784155500000,211.5,211.684,211.27,211.35,15774643.02882695
1784156400000,211.65,211.784,211.551,211.65,7355612.24797471
1784157300000,211.605,211.619,211.385,211.56,7343288.25051741
1784158200000,211.44,211.574,211.393,211.44,8657920.5094157
1784159100000,211.553,211.553,211.115,211.258,24367103.98132819
1784160000000,211.02,211.6,211.02,211.54,11619.245
1784160900000,211.49,211.68,210.83,210.83,4790851.68
1784161800000,210.86,211.12,210.4,210.5,2277199.02
1784162700000,210.48,210.87,210.4,210.55,2368707.67
1784163600000,210.54,210.87,210.27,210.4,1821664.38
1784164500000,210.39,210.47,210.24,210.47,1881875.56
1784165400000,210.34,210.85,210.33,210.67,1998833.38
1784166300000,210.68,211.44,210.64,211.11,5823680.62
1784167200000,211.11,211.18,210.71,210.95,2254257.98
1784168100000,210.97,211.45,210.9,211.35,2179119.65
1784169000000,211.38,211.45,211.12,211.23,1227159.72
1784169900000,211.2,211.66,211.17,211.56,1886620.59
1784170800000,211.61,211.88,211.48,211.88,2365865.25
1784171700000,211.88,211.92,211.51,211.56,1786015.76
1784172600000,211.6,211.73,211.46,211.47,943639.11
1784173500000,211.48,211.55,211.24,211.48,1425494.06
1784174400000,211.56,211.64,211.42,211.64,1032364.65
1784175300000,211.64,211.64,211.28,211.33,399635.3
1784176200000,211.3,211.36,211.06,211.14,1223263.98
1784177100000,211.16,211.29,211.1,211.1,537542.48
1784178000000,211.12,211.52,211.09,211.52,965674.07
1784178900000,211.53,211.88,211.46,211.81,1842560.23
1784179800000,211.8,212.03,211.02,211.27,5707208.27
1784180700000,211.22,211.45,211.06,211.27,1589717.4
1784181600000,211.26,212.93,210.81,211.45,10065807.34
1784182500000,211.43,211.75,211.02,211.03,2576067.77
1784183400000,211.04,211.12,210.64,210.82,2221820.03
1784184300000,210.82,211.1,210.76,211.05,1936981.14
1784185200000,211.0,211.05,210.63,210.69,2827480.71
1784186100000,210.64,210.85,210.57,210.65,2148402.23
1784187000000,210.65,210.77,210.35,210.65,2683480.15
1784187900000,210.66,210.8,210.52,210.6,2585002.12
1784188800000,210.06,211.17,209.05,209.99,80672631.94323017
1784189700000,209.37,209.654,208.925,209.44,16805253.92386889
1784190600000,209.6,209.81,209.353,209.81,6436748.29113197
1784191500000,209.449,210.03,209.4,210.026,7181134.173137962
1784192400000,210.027,210.439,209.965,210.152,8584006.21257805
1784193300000,210.39,210.43,210.026,210.25,8037769.73569244
1784194200000,210.12,210.249,209.86,210.0,4274206.51578933
1784195100000,209.64,209.996,209.318,209.64,6838480.16106448
1784196000000,209.317,209.79,209.216,209.675,7353924.11662331
1784196900000,209.678,209.688,209.356,209.548,3146017.94743566
1784197800000,209.587,210.409,209.587,209.839,19060266.42631015
1784198700000,209.88,209.941,209.51,209.51,9846944.55039757
1784199600000,209.894,209.894,208.79,209.184,55813862.83969209
1784200500000,208.81,209.441,208.79,209.18,127543468.80698685
1784201400000,209.13,209.301,208.743,208.76,23433632.55530273
1784202300000,208.84,209.244,208.5,209.0,29801308.004883
1784203200000,208.94,209.258,208.798,208.92,20241686.56029624
1784204100000,208.969,209.335,208.948,209.335,35586881.619606115
1784205000000,209.15,209.393,208.781,208.82,27814048.29377116
1784205900000,208.7,209.335,208.69,208.95,31597167.61133804
1784206800000,209.12,209.665,208.957,209.54,29993786.3662715
1784207700000,209.52,210.71,209.459,210.11,91291766.7667241
1784208600000,210.25,211.03,207.48,207.75,1695767859.0667243
1784209500000,207.855,208.46,207.195,207.51,1080619505.1410258
1784210400000,207.45,208.645,207.3,208.58,883248909.0689952
1784211300000,208.6,209.26,207.96,208.94,856835123.0356652
1784212200000,208.95,209.14,207.66,207.849,806217690.7582582
1784213100000,207.84,207.99,206.0,206.485,1097320367.3011785
1784214000000,206.49,206.75,205.84,206.06,945310395.2648684
1784214900000,206.025,207.1,205.91,207.05,1095734691.7195122
1784215800000,207.06,207.86,206.725,207.43,548206148.114611
1784216700000,207.469,207.92,207.05,207.621,638437703.5036166
1784217600000,207.635,208.18,206.46,206.65,678495360.7681787
1784218500000,206.65,207.26,206.51,207.225,516325947.4846287
1784219400000,207.24,207.8,207.09,207.355,507766959.9592118
1784220300000,207.29,207.58,206.84,207.195,445530254.6288791
1784221200000,207.21,207.71,206.63,207.085,574811997.5279408
1784222100000,207.085,207.34,206.76,207.34,398041000.26400167
1784223000000,207.34,207.46,206.01,206.175,519928040.48432326
1784223900000,206.13,206.815,205.89,206.68,505142422.6712787
1784224800000,206.665,207.22,206.27,206.81,477544144.1791173
1784225700000,206.838,207.38,206.59,206.9,1354646932.7685518
1784226600000,206.88,206.975,206.51,206.93,408555710.85917634
1784227500000,206.89,207.41,206.89,207.03,402475384.8242421
1784228400000,207.085,207.64,206.695,206.81,622825887.5413879
1784229300000,206.785,207.195,206.15,206.47,626738128.9059725
1784230200000,206.44,206.58,205.95,206.09,757342344.1164411
1784231100000,206.05,207.54,205.98,207.47,2151071056.7353477
1784232000000,207.33,207.463,206.97,206.99,4635808158.990946
1784232900000,206.99,207.186,206.832,206.895,250782478.94374007
1784233800000,206.862,207.044,206.791,206.905,58532091.09059947
1784234700000,206.96,207.03,206.891,206.96,25542657.77879619
1784235600000,206.86,206.923,206.836,206.86,4981852.66029914
1784236500000,206.88,206.937,206.725,206.87,10080352.88262883
1784237400000,206.7,206.875,206.7,206.745,14501805.90701591
1784238300000,206.726,206.727,206.551,206.701,14304308.119678292
1784239200000,206.625,206.889,206.624,206.625,32488249.02268595
1784240100000,206.5,206.62,206.188,206.26,19418918.31758451
1784241000000,206.25,206.389,206.141,206.18,18476012.02924533
1784241900000,206.27,206.454,206.175,206.27,10563438.17743491
1784242800000,206.17,206.37,206.153,206.17,8494923.91985165
1784243700000,206.22,206.255,205.612,205.74,27361571.88166785
1784244600000,205.69,205.961,205.32,205.925,26683325.10112623
1784245500000,205.8,206.065,205.717,206.03,13840598.55828072
1784246400000,206.0,206.66,205.38,205.63,2779653.74
1784247300000,205.61,205.94,205.26,205.5,2740268.29
1784248200000,205.49,205.72,205.01,205.51,5732366.24
1784249100000,205.42,205.89,205.34,205.71,2589227.61
1784250000000,205.75,206.18,205.42,205.53,3403352.5
1784250900000,205.43,205.54,205.1,205.45,3710229.08
1784251800000,205.45,205.45,204.42,204.53,5964798.6
1784252700000,204.5,204.86,204.35,204.61,4052464.54
1784253600000,204.64,204.77,204.09,204.12,9054361.28
1784254500000,204.14,204.15,203.64,203.9,6630578.87
1784255400000,203.85,203.89,203.32,203.79,7097382.92
1784256300000,203.76,203.81,203.29,203.74,5258377.43
1784257200000,203.75,204.21,203.62,204.19,4125989.83
1784258100000,204.23,204.86,204.13,204.76,3670848.54
1784259000000,204.71,204.71,203.74,203.93,3763579.85
1784259900000,203.91,203.93,203.52,203.73,3178908.48
1784260800000,203.7,203.7,202.8,203.06,13312496.09
1784261700000,203.01,203.31,202.58,202.58,4681765.41
1784262600000,202.57,203.16,202.31,202.99,5841934.25
1784263500000,202.99,203.2,202.48,202.51,3956097.19
1784264400000,202.52,202.61,202.01,202.28,6577294.39
1784265300000,202.27,202.68,202.02,202.19,6308989.84
1784266200000,202.24,202.57,201.42,201.85,11161038.66
1784267100000,201.78,202.27,201.56,202.13,4945815.61
1784268000000,202.11,202.43,201.8,202.4,9762538.27
1784268900000,202.4,203.12,202.37,203.0,5075935.32
1784269800000,202.99,203.08,202.2,202.27,5594228.17
1784270700000,202.28,202.29,201.9,202.01,8855343.74
1784271600000,201.98,202.06,201.63,201.88,10239959.8
1784272500000,201.84,202.06,201.46,201.92,6877740.06
1784273400000,201.96,201.99,201.03,201.37,11604156.81
1784274300000,201.34,201.34,200.86,201.11,3540244.78
1784275200000,201.77,205.222,200.913,200.99,198981292.3451578
1784276100000,200.61,201.011,200.237,200.52,36085962.56076287
1784277000000,200.82,200.865,200.315,200.51,21117486.13914525
1784277900000,201.06,201.577,200.693,201.21,25854920.15460157
1784278800000,201.09,201.517,200.977,201.24,19024810.29512991
1784279700000,201.21,201.424,200.834,201.2,17860162.9852179
1784280600000,201.26,201.674,201.148,201.53,16821062.763732933
1784281500000,201.66,201.953,201.482,201.71,17434917.6291957
1784282400000,201.71,202.348,201.642,201.93,28704090.12047782
1784283300000,202.01,202.373,201.666,201.83,28366387.29430856
1784284200000,202.29,202.708,202.149,202.22,16018626.39141729
1784285100000,202.43,202.43,201.742,201.81,22874520.36826643
1784286000000,201.77,202.326,201.74,202.08,60909961.71236979
1784286900000,202.17,202.35,201.925,202.24,31038307.50418095
1784287800000,202.34,202.529,202.03,202.03,34169215.76284996
1784288700000,202.178,202.692,202.04,202.468,28885681.139405712
1784289600000,202.21,202.529,201.71,201.71,81201259.41621132
1784290500000,201.81,201.989,201.51,201.89,62519612.92600992
1784291400000,202.05,202.304,201.745,202.28,30093214.24188565
1784292300000,202.25,202.486,202.0,202.38,36052858.31548666
1784293200000,202.301,202.32,201.705,201.711,87638161.16123654
1784294100000,201.85,202.49,201.49,202.49,75220427.23311603
1784295000000,202.74,203.42,197.98,198.34,4497073869.157884
1784295900000,198.37,201.725,198.265,201.725,2478696586.487154
1784296800000,201.647,205.52,201.525,204.51,1950809306.9111385
1784297700000,204.506,206.18,203.61,203.731,1396156098.6170993
1784298600000,203.85,204.63,202.93,203.25,1124390121.3626635
1784299500000,203.23,204.27,202.79,203.01,921860181.5300659
1784300400000,203.04,203.45,202.41,203.27,757404129.2578887
1784301300000,203.28,204.05,203.1,203.93,601561622.4609023
1784302200000,203.875,205.0,203.86,204.42,740998067.811604
1784303100000,204.4,205.39,204.305,205.12,583946160.8731823
1784304000000,205.13,205.37,204.03,205.04,821877012.1415191
1784304900000,205.04,205.265,204.16,204.855,567727228.5982009
1784305800000,204.841,205.31,204.57,205.269,513535857.89449465
1784306700000,205.277,206.17,205.185,205.601,669335280.6223123
1784307600000,205.62,206.63,205.58,206.17,554037393.1328334
1784308500000,206.165,206.37,205.38,206.12,512472215.8704616
1784309400000,206.13,206.23,205.12,205.315,422257392.7797439
1784310300000,205.325,205.48,204.26,204.4,441854306.45886904
1784311200000,204.47,204.71,203.61,203.64,477822081.7053427
1784312100000,203.66,203.71,203.0,203.38,544741965.0684228
1784313000000,203.37,203.9,202.8,203.075,549614664.4331056
1784313900000,203.05,203.66,202.98,203.335,479417845.7229094
1784314800000,203.325,203.375,202.105,202.286,726679077.1860951
1784315700000,202.281,203.11,201.64,202.952,1005405047.4899628
1784316600000,203.01,203.34,202.52,203.06,815838828.5720016
1784317500000,203.01,203.82,202.59,202.81,1415465858.3302298
1784318400000,202.75,202.822,202.23,202.29,3383526763.87042
1784319300000,202.44,202.53,202.35,202.5,39794365.26561052
1784320200000,202.52,202.596,202.484,202.53,14155579.12116922
1784321100000,202.565,202.81,202.5,202.8,36754029.91692337
1784322000000,202.75,202.804,202.602,202.68,11149921.25962203
1784322900000,202.629,202.705,202.59,202.69,4492961.96851496
1784323800000,202.68,202.773,202.637,202.68,15317194.35720803
1784324700000,202.661,202.77,202.636,202.68,5000658.41797401
1784325600000,202.679,202.696,202.625,202.663,3695798.85510808
1784326500000,202.664,202.754,202.595,202.596,3056344.24517022
1784327400000,202.585,202.79,202.585,202.79,6706480.96805384
1784328300000,202.76,202.76,202.71,202.73,3680840.71024958
1784329200000,202.69,202.75,202.615,202.69,8047426.77778451
1784330100000,202.62,202.68,202.558,202.59,8278242.30413095
1784331000000,202.52,202.6,202.436,202.52,5182268.40437448
1784331900000,202.465,202.636,202.43,202.509,11995828.74200787
1784332800000,202.511,202.513,202.511,202.513,748.736374
1784333700000,202.73,202.77,202.43,202.51,956.487699
1784334600000,202.78,202.84,202.51,202.51,325.189475
1784336400000,202.85,202.88,202.64,202.64,103.900695
1784337300000,202.92,203.01,202.54,202.85,243.646409
1784338200000,202.98,202.98,202.98,202.98,177.851076
1784339100000,203.04,203.09,202.85,203.09,205.928065
1784340000000,203.18,203.27,202.89,203.12,206.289764
1784340900000,203.27,203.27,203.01,203.01,101.880399
1784341800000,203.3,203.3,202.91,202.91,209.452801
1784342700000,203.36,203.46,202.9,203.11,777.908117
1784343600000,203.21,203.51,203.21,203.51,144.354129
1784344500000,203.33,203.34,203.2,203.2,105.628124
1784345400000,203.27,203.64,203.22,203.4,233.788823
1784346300000,203.64,203.67,203.32,203.32,485.533337
1784347200000,203.54,203.78,203.32,203.78,352.23503
1784348100000,203.61,203.78,203.55,203.78,142.769943
1784349000000,203.6,203.8,203.0,203.0,271.199562
1784349900000,203.8,203.82,203.0,203.0,246.678534
1784350800000,203.8,203.88,203.0,203.62,867.430132
1784351700000,203.73,203.73,203.73,203.73,17.968986
1784352600000,203.73,203.73,203.0,203.0,290.914588
1784353500000,203.8,203.8,203.0,203.0,99.74744
1784354400000,203.8,203.8,203.8,203.8,55.55588
1784355300000,203.89,203.92,203.69,203.69,192.264544
1784356200000,203.93,204.0,203.69,203.69,795.413195
1784357100000,203.76,204.0,203.0,204.0,806.510921
1784358000000,203.5,204.0,203.0,204.0,242.09408
1784358900000,203.0,204.0,203.0,203.0,167.468
1784363400000,203.9,203.9,203.0,203.0,183.97165
1784364300000,203.9,203.9,203.0,203.0,274.80023
1784365200000,203.9,203.9,203.0,203.9,415.88696
1784366100000,203.0,203.9,203.0,203.0,284.37665
1784367900000,203.0,203.0,203.0,203.0,123.9721
1784368800000,203.9,203.9,203.0,203.0,20.91466
1784369700000,203.9,203.9,203.0,203.9,77.33507
1784370600000,203.0,204.0,203.0,204.0,683.00523
1784371500000,203.0,203.0,203.0,203.0,213.6169
1784373300000,203.95,203.95,203.0,203.95,583.00748
1784374200000,203.0,203.0,203.0,203.0,82.6819
1784375100000,203.95,204.0,203.0,203.96,9443.075438
1784376000000,203.0,203.95,203.0,203.0,521.29238
1784376900000,203.95,203.95,203.0,203.0,114.279305
1784378700000,203.95,203.95,203.0,203.0,446.16063
1784379600000,203.0,203.96,202.09,202.09,1240.849938
1784380500000,202.41,202.75,202.1,202.1,492.286112
1784381400000,202.75,202.75,202.1,202.1,207.37303
1784382300000,202.75,202.75,202.75,202.75,10.482175
1784383200000,202.75,202.75,202.75,202.75,121.021475
1784384100000,202.75,202.75,202.11,202.75,297.954074
1784385000000,202.75,202.75,202.11,202.75,751.944321
1784385900000,202.15,202.79,202.15,202.79,526.248128
1784386800000,202.42,202.61,202.37,202.61,886.657664
1784387700000,202.51,202.6,202.3,202.3,616.164571
1784388600000,202.25,202.25,202.25,202.25,101.97445
1784390400000,202.42,202.43,202.15,202.15,479.935646
1784391300000,202.34,202.44,202.15,202.15,688.041492
1784392200000,202.4,202.4,202.15,202.35,14965.360785
1784393100000,202.35,202.35,202.15,202.15,44909.56278
1784394900000,202.3,202.35,202.15,202.15,571.71227
1784395800000,202.3,202.3,202.15,202.15,180.485835
1784396700000,202.3,202.3,202.15,202.15,25.601685
1784399400000,202.3,202.3,202.3,202.3,10.09477
1784401200000,202.15,202.15,202.15,202.15,414.20535
1784402100000,202.3,202.3,202.15,202.15,20.182055
1784403000000,202.3,202.3,202.15,202.15,403.58047
1784405700000,202.3,202.3,202.13,202.13,26.368108
1784407500000,202.26,202.26,202.13,202.13,20.300378
1784408400000,202.13,202.13,202.13,202.13,96.739418
1784410200000,202.27,202.3,202.11,202.11,119.57812
1784415600000,202.35,202.35,202.35,202.35,34.986315
1784420100000,202.33,202.35,202.09,202.09,917.195633
1784421900000,202.03,202.15,202.03,202.15,107.829927
1784422800000,202.15,202.16,202.02,202.02,124.648156
1784424600000,202.02,202.32,202.02,202.02,618.429326
1784425500000,202.27,202.32,202.27,202.32,37.907358
1784426400000,202.31,202.35,202.02,202.02,811.280855
1784429100000,202.32,202.32,202.01,202.01,513.423902
1784430000000,202.24,202.32,201.9,201.9,108.799165
1784431800000,202.12,202.32,202.12,202.32,161.3755
1784432700000,201.9,201.9,201.87,201.87,248.476509
1784433600000,202.0,202.11,201.87,201.87,199.871654
1784435400000,202.03,202.03,201.85,201.85,101.939312
1784436300000,201.77,201.77,201.68,201.68,105.803301
1784437200000,201.85,201.94,201.62,201.62,306.267483
1784438100000,201.76,201.76,201.59,201.59,197.893347
1784439000000,201.75,201.75,201.59,201.75,183.046012
1784439900000,201.59,201.75,201.54,201.75,153.963554
1784440800000,201.49,201.49,201.49,201.49,25.569081
1784441700000,201.75,201.75,201.45,201.48,135.084435
1784442600000,201.75,201.75,201.48,201.48,508.415916
1784443500000,201.46,201.69,201.3,201.3,588.678301
1784445300000,201.47,201.53,201.31,201.31,48.45804
1784446200000,201.53,201.6,201.31,201.31,209.433591
1784447100000,201.62,201.68,201.31,201.31,470.629857
1784448000000,201.68,201.75,201.3,201.3,454.641528
1784448900000,201.45,201.65,201.23,201.23,541.525344
1784449800000,201.4,201.4,201.17,201.17,91.322472
1784450700000,201.37,201.49,201.14,201.14,38.71989
1784451600000,201.49,201.8,201.04,201.8,7156.362702
1784452500000,201.8,201.8,201.8,201.8,214.59412
1784453400000,201.02,202.0,201.0,202.0,9768.776957
1784454300000,202.0,202.56,201.0,202.4,77735.282996
1784455200000,202.4,202.4,202.4,202.4,187513.45976
1784456100000,202.4,202.4,202.4,202.4,169514.7564
1784457000000,202.4,202.4,202.4,202.4,60614.36744
1784457900000,202.4,202.4,201.01,201.01,20737.993217
1784459700000,202.4,202.4,201.01,201.01,433.164059
1784460600000,202.4,202.4,202.4,202.4,2114.45256
1784461500000,202.4,202.83,201.01,202.27,11554.686167
1784462400000,202.39,202.6,202.39,202.6,1202.695605
1784463300000,202.28,202.28,202.27,202.28,632.843069
1784464200000,202.25,202.38,202.23,202.23,1152.475924
1784465100000,202.38,202.38,202.21,202.21,172.301689
1784466000000,202.37,202.49,202.37,202.49,567.220389
1784466900000,202.38,202.45,202.15,202.15,238.827022
1784467800000,202.37,202.49,202.15,202.15,233.99419
1784469600000,202.48,202.48,202.15,202.15,133.406544
1784470500000,202.48,202.72,202.15,202.54,523.729457
1784471400000,202.76,202.76,202.76,202.76,21.99946
1784472300000,202.82,202.89,202.65,202.65,530.945019
1784473200000,202.89,202.94,202.63,202.66,1078.369438
1784474100000,202.96,202.97,202.65,202.97,522.097083
1784475000000,202.9,202.9,202.74,202.74,210.992614
1784476800000,202.95,203.17,202.73,203.04,939.710343
1784477700000,203.18,203.21,203.03,203.21,557.884687
1784478600000,203.22,203.3,203.03,203.08,472.01351
1784479500000,203.08,203.36,203.07,203.12,220.253384
1784480400000,203.38,203.59,203.07,203.28,227.918644
1784481300000,203.59,203.59,203.26,203.26,46.176714
1784482200000,203.26,203.64,202.78,203.64,759.267054
1784483100000,203.7,203.7,203.32,203.32,196.924668
1784486700000,203.38,203.38,203.28,203.28,25.92529
1784487600000,203.71,203.71,202.73,202.73,173.62661
1784493000000,203.75,203.75,203.19,203.19,43.654622
1784493900000,203.8,203.8,203.19,203.19,58.019513
1784497500000,203.8,203.8,202.73,202.73,30.390372
1784500200000,203.8,203.87,203.8,203.87,340.850266
1784501100000,203.9,203.9,203.9,203.9,999.98677
1784502000000,203.93,203.93,203.93,203.93,34.994388
1784503800000,203.95,203.95,203.95,203.95,19.9871
1784504700000,203.95,203.95,203.79,203.79,255.000628
1784505600000,203.0,204.54,202.56,204.26,13451943.34
1784506500000,204.23,204.47,203.69,203.72,3842698.5
1784507400000,203.78,203.78,202.9,203.18,5229927.38
1784508300000,203.13,203.2,202.78,202.9,3498935.69
1784509200000,202.91,203.8,202.83,203.11,3663692.5
1784510100000,203.14,203.39,202.9,202.95,2616868.59
1784511000000,202.93,203.07,202.62,202.74,2620908.13
1784511900000,202.73,202.8,202.45,202.71,3742101.24
1784512800000,202.71,203.47,202.71,203.06,3751758.17
1784513700000,203.0,203.07,202.67,202.72,1195125.5
1784514600000,202.78,203.62,202.72,203.38,4297357.25
1784515500000,203.38,203.74,203.27,203.41,1768663.86
1784516400000,203.41,203.45,203.14,203.32,1164862.27
1784517300000,203.39,203.59,203.17,203.22,1102621.38
1784518200000,203.21,203.56,203.05,203.4,1171776.38
1784519100000,203.42,203.89,203.36,203.54,1485552.54
1784520000000,203.58,203.81,203.48,203.51,1662000.77
1784520900000,203.47,203.63,203.2,203.63,1011241.5
1784521800000,203.63,203.87,203.58,203.73,913197.17
1784522700000,203.73,203.86,203.55,203.63,1162847.71
1784523600000,203.65,203.65,202.74,203.21,1886450.23
1784524500000,203.18,203.46,203.02,203.1,1792267.48
1784525400000,203.11,203.11,202.88,202.95,812183.41
1784526300000,202.93,202.93,202.64,202.64,1910288.35
1784527200000,202.71,202.89,202.54,202.67,1204930.55
1784528100000,202.61,202.8,202.53,202.78,1079918.26
1784529000000,202.74,202.85,202.57,202.73,1358552.62
1784529900000,202.73,202.83,202.6,202.73,939194.23
1784530800000,202.73,203.03,202.73,203.01,2000967.21
1784531700000,202.96,203.47,202.79,203.41,1713463.97
1784532600000,203.41,203.98,203.41,203.79,2471944.56
1784533500000,203.76,203.88,203.59,203.84,984267.01
1784534400000,203.47,203.738,202.417,203.32,56273594.20734391
1784535300000,203.91,204.05,203.701,203.8,10528129.51959294
1784536200000,203.841,203.841,203.3,203.43,6795947.69135562
1784537100000,203.43,203.695,203.326,203.62,3850332.4507419
1784538000000,203.49,203.641,203.374,203.49,2253254.12403523
1784538900000,203.513,203.83,203.462,203.787,2488754.6075307
1784539800000,203.786,204.045,203.75,203.891,5286235.3793456
1784540700000,204.09,204.259,203.893,204.09,5308319.48562293
1784541600000,203.967,203.979,203.829,203.89,2417982.53360147
1784542500000,203.84,204.142,203.731,203.84,5458172.57140579
1784543400000,204.39,204.692,203.985,204.62,10580368.99705891
1784544300000,204.692,204.875,204.55,204.58,23738642.608611766
1784545200000,204.61,205.315,204.58,205.17,46297779.8243623
1784546100000,205.3,205.3,205.012,205.08,13561633.91208373
1784547000000,205.61,206.33,205.057,206.29,48012543.53662745
1784547900000,206.17,206.256,205.632,205.82,25855099.59167348
1784548800000,205.28,205.74,205.269,205.37,24571357.3426326
1784549700000,205.68,205.957,205.485,205.54,21730843.11086383
1784550600000,206.01,206.59,205.712,205.76,41632062.12738757
1784551500000,206.06,206.326,205.706,205.98,26308399.84924702
1784552400000,205.62,205.979,205.171,205.254,84807241.23053467
1784553300000,205.2,206.16,205.095,206.13,49136030.3784379
1784554200000,205.615,207.72,205.105,207.185,1745014882.3202324
1784555100000,207.205,207.26,205.59,205.85,821126076.6493793
1784556000000,205.865,206.56,205.27,205.715,825211515.4487393
1784556900000,205.725,205.97,204.69,205.97,671681851.8806242
1784557800000,205.92,206.23,205.22,205.5,535813029.90352196
1784558700000,205.47,205.87,204.57,204.87,460031975.2455336
1784559600000,204.86,206.08,204.71,205.79,544849431.9785986
1784560500000,205.83,206.51,205.67,206.451,734279019.0612783
1784561400000,206.49,206.545,205.49,206.13,427280179.88857
1784562300000,206.17,206.19,204.77,205.93,517243006.7870456
1784563200000,205.935,206.33,205.75,205.87,373945560.55739814
1784564100000,205.905,205.905,205.13,205.27,336216541.73931646
1784565000000,205.27,205.35,204.3,204.32,504273209.9341641
1784565900000,204.3,204.81,203.665,204.02,444123844.2753546
1784566800000,204.03,204.09,203.13,203.2,399791370.21437883
1784567700000,203.17,203.905,203.05,203.75,424377783.3627871
1784568600000,203.769,204.24,203.655,203.985,426290997.2387601
1784569500000,204.0,204.715,203.972,204.405,350408868.2242418
1784570400000,204.45,204.89,204.403,204.84,319026344.9458184
1784571300000,204.83,205.01,204.26,204.33,309674142.25979626
1784572200000,204.3,204.325,203.64,203.64,374881390.3038759
1784573100000,203.61,203.72,203.16,203.34,357628040.9596301
1784574000000,203.34,203.44,202.4,202.5,702333375.5087143
1784574900000,202.48,203.02,202.28,202.99,506447214.36618036
1784575800000,202.95,203.34,202.72,203.06,491583099.66169137
1784576700000,203.045,203.42,202.66,203.321,1234386444.898898
1784577600000,203.23,203.344,202.701,202.75,3210149228.85342
1784578500000,202.66,202.7,202.438,202.66,95362774.46437888
1784579400000,202.64,202.725,202.425,202.51,11563204.2348268
1784580300000,202.61,202.8,202.48,202.71,20159028.48536962
1784581200000,202.69,202.745,202.52,202.52,9355612.51468486
1784582100000,202.57,202.7,202.57,202.64,5277674.9865321
1784583000000,202.692,202.812,202.655,202.81,23776372.13885783
1784583900000,202.81,202.92,202.732,202.79,5528095.26652861
1784584800000,202.92,202.92,202.475,202.571,15656828.531724215
1784585700000,202.45,202.584,202.43,202.43,4799571.4958655
1784586600000,202.45,202.473,202.305,202.46,9512040.03398529
1784587500000,202.46,202.51,202.332,202.46,4669223.17060455
1784588400000,202.386,202.805,202.332,202.68,6099316.42393943
1784589300000,202.99,203.119,202.688,202.94,5727630.0460712
1784590200000,203.08,203.165,202.982,203.01,4958856.84631653
1784591100000,203.04,203.13,202.78,203.01,6382149.73886857
1784592000000,203.16,203.16,202.3,202.61,60912.9
1784592900000,202.62,203.27,202.4,203.09,2009429.17
1784593800000,203.12,203.42,203.11,203.28,2033284.13
1784594700000,203.29,203.48,203.09,203.11,1679111.85
1784595600000,203.16,203.54,202.99,203.35,2735817.33
1784596500000,203.35,203.4,203.09,203.35,1151638.0
1784597400000,203.36,203.63,203.32,203.42,1882876.23
1784598300000,203.39,203.59,203.36,203.41,801875.54
1784599200000,203.43,203.74,203.34,203.41,1109785.2
1784600100000,203.37,203.49,203.08,203.36,1220779.78
1784601000000,203.42,203.85,203.4,203.79,1265038.06
1784601900000,203.83,203.84,203.63,203.78,772960.89
1784602800000,203.78,204.17,203.78,204.1,3750382.26
1784603700000,204.1,204.36,204.08,204.35,2132762.4
1784604600000,204.38,204.68,204.31,204.46,5161054.76
1784605500000,204.42,204.95,204.42,204.55,4568769.32
1784606400000,204.6,204.99,204.47,204.82,4882019.96
1784607300000,204.82,204.89,204.68,204.74,1109763.23
1784608200000,204.71,204.76,204.5,204.71,2401486.25
1784609100000,204.7,204.72,204.5,204.56,1736474.64
1784610000000,204.56,204.74,204.42,204.42,1533858.37
1784610900000,204.39,204.65,204.21,204.65,2506299.17
1784611800000,204.57,204.72,204.29,204.62,1800719.3
1784612700000,204.63,204.69,204.5,204.64,1464122.3
1784613600000,204.6,204.94,204.53,204.92,4152656.31
1784614500000,204.88,205.04,204.77,204.79,6977065.22
1784615400000,204.83,205.12,204.75,205.04,2766408.73
1784616300000,205.03,205.04,204.81,204.91,3846839.9
1784617200000,204.92,205.2,204.74,204.89,6038285.3
1784618100000,204.91,205.1,204.84,204.87,3286792.96
1784619000000,204.93,205.14,204.8,204.86,2620760.25
1784619900000,204.82,204.93,204.75,204.82,898149.85
1784620800000,204.94,205.415,203.064,204.97,81525087.8121249
1784621700000,205.415,205.555,205.33,205.509,6298631.0701527
1784622600000,205.57,205.78,205.464,205.58,9467943.50057601
1784623500000,205.58,205.715,205.54,205.67,6271155.25971184
1784624400000,205.695,205.803,205.543,205.589,12633728.411128458
1784625300000,205.76,205.86,205.534,205.73,7776485.10159501
1784626200000,205.52,205.699,205.468,205.52,6978486.51569674
1784627100000,205.55,205.565,205.364,205.55,7572681.09232227
1784628000000,205.53,205.717,205.444,205.64,6488803.36764
1784628900000,205.62,205.676,205.443,205.52,3746030.13655098
1784629800000,205.524,205.798,205.465,205.634,4318998.45545919
1784630700000,205.635,205.679,205.383,205.414,5091783.59851543
1784631600000,205.61,205.61,205.161,205.48,32084382.57760835
1784632500000,205.451,205.461,205.198,205.386,19191969.369499553
1784633400000,205.51,205.7,205.381,205.57,16178669.52817278
1784634300000,205.73,206.093,205.568,206.0,30110002.46416431
1784635200000,206.07,206.18,205.794,206.12,26192218.07176788
1784636100000,206.11,206.15,205.631,205.8,18220925.58148478
1784637000000,205.79,205.838,205.505,205.53,14093670.94472069
1784637900000,206.0,206.329,205.799,206.17,45445257.75100078
1784638800000,206.03,206.159,205.848,205.99,38554548.44759169
1784639700000,205.84,207.45,205.709,207.45,67813388.78259419
1784640600000,207.49,208.61,206.265,206.69,2088628013.3625484
1784641500000,206.66,207.04,204.84,205.45,1093705352.8349268
1784642400000,205.445,205.92,204.04,204.53,924151758.738346
1784643300000,204.44,205.44,204.01,205.35,686815101.3496933
1784644200000,205.35,205.52,204.72,205.44,547283307.1300496
1784645100000,205.42,205.9,205.095,205.841,716881879.6647327
1784646000000,205.79,206.55,205.47,206.175,748602142.5945836
1784646900000,206.165,206.73,205.705,206.615,624355582.7616723
1784647800000,206.58,206.81,206.12,206.12,701729963.9977549
1784648700000,206.12,206.5,205.71,205.78,1053938936.102732
1784649600000,205.79,206.55,205.6,205.86,436645544.6453118
1784650500000,205.81,206.09,205.03,205.085,558629917.9401686
1784651400000,205.085,205.37,204.83,205.335,606849860.827558
1784652300000,205.335,205.51,204.965,205.45,515236636.4485493
1784653200000,205.441,206.35,205.29,206.345,827183794.2528907
1784654100000,206.32,206.345,205.67,206.135,596350521.3610582
1784655000000,206.14,206.95,206.096,206.75,549482189.8925328
1784655900000,206.77,206.93,206.195,206.24,332684808.4050716
1784656800000,206.27,206.65,206.17,206.18,315190889.2559724
1784657700000,206.2,206.45,205.96,206.25,312108719.99310577
1784658600000,206.27,207.06,206.22,206.99,444126593.21560085
1784659500000,206.98,207.32,206.92,207.21,476325110.18794715
1784660400000,207.16,207.295,206.5,206.72,749993443.2999889
1784661300000,206.728,207.185,206.62,206.78,613534353.7328155
1784662200000,206.825,207.21,206.64,206.94,493219306.2001417
1784663100000,206.94,207.82,206.49,207.24,1663375236.4356668
1784664000000,207.04,207.302,206.518,207.26,3488291266.1396313
1784664900000,207.16,207.256,206.82,206.82,145562709.38035566
1784665800000,206.9,207.015,206.802,206.97,194879537.3341786
1784666700000,206.76,206.88,206.73,206.76,24344053.53290853
1784667600000,206.74,206.987,206.74,206.91,11171276.1254268
1784668500000,206.99,207.027,206.8,207.01,8971542.5428347
1784669400000,207.033,207.064,206.86,206.875,9082839.7789298
1784670300000,206.79,206.885,206.775,206.79,4606593.74803553
1784671200000,206.69,206.8,206.588,206.61,11050981.73845481
1784672100000,206.65,206.72,206.45,206.45,10602368.55227031
1784673000000,206.487,206.525,206.351,206.351,7161976.31431142
1784673900000,206.35,206.472,206.205,206.41,15782462.480057495
1784674800000,206.41,206.45,206.355,206.41,5746988.38985212
1784675700000,206.45,206.502,206.362,206.502,6427467.05633213
1784676600000,206.502,206.577,206.315,206.34,5318217.2552795
1784677500000,206.32,206.412,206.252,206.32,7764268.81343888
1784678400000,206.21,206.78,206.12,206.66,3148240.88
1784679300000,206.62,206.81,206.21,206.38,2845825.56
1784680200000,206.4,206.57,206.13,206.22,1469498.94
1784681100000,206.23,206.66,206.19,206.59,2316680.29
1784682000000,206.59,206.6,206.16,206.3,1871001.43
1784682900000,206.26,206.49,206.23,206.36,1741388.29
1784683800000,206.28,206.34,205.94,206.09,2516550.24
1784684700000,206.13,206.48,206.07,206.3,1444903.0
1784685600000,206.32,206.45,206.18,206.28,702495.71
1784686500000,206.28,206.38,206.2,206.38,983360.41
1784687400000,206.34,206.37,206.01,206.05,942536.44
1784688300000,206.04,206.25,205.95,206.03,1698794.83
1784689200000,206.01,206.07,205.83,206.0,2341065.65
1784690100000,206.03,206.37,205.95,206.33,1675960.3
1784691000000,206.33,206.41,205.99,206.15,970296.29
1784691900000,206.15,206.22,205.85,205.92,599760.8
1784692800000,205.95,206.16,205.91,206.08,482545.62
1784693700000,206.0,206.14,206.0,206.14,306844.25
1784694600000,206.17,206.21,205.71,205.96,1667207.94
1784695500000,205.91,206.01,205.79,205.96,998052.62
1784696400000,205.97,206.01,205.29,205.38,5595068.27
1784697300000,205.38,205.56,205.12,205.33,8470494.68
1784698200000,205.29,205.56,205.12,205.19,3024097.03
1784699100000,205.24,205.39,205.14,205.36,1767356.86
1784700000000,205.3,205.33,204.9,205.06,4891709.21
1784700900000,205.03,205.12,204.66,205.04,4313973.8
1784701800000,204.99,205.4,204.9,205.22,2364017.99
1784702700000,205.22,205.41,205.02,205.29,1736810.52
1784703600000,205.31,205.54,205.17,205.49,2209355.95
1784704500000,205.46,205.78,205.41,205.7,2630521.07
1784705400000,205.7,205.77,205.12,205.44,1782855.24
1784706300000,205.47,205.51,205.33,205.51,1238233.97
1784707200000,205.4,206.213,204.679,205.4,84868340.86806856
1784708100000,205.04,205.4,204.863,205.25,5062084.72373659
1784709000000,205.185,205.254,204.936,204.957,3118497.44186826
1784709900000,204.963,205.2,204.963,205.136,3493987.71979991
1784710800000,205.132,205.483,205.1,205.365,4521301.18751846
1784711700000,205.365,205.475,205.29,205.444,1520424.865719
1784712600000,205.06,205.445,205.002,205.07,5172241.69596517
1784713500000,205.042,205.436,205.041,205.233,5845404.903370365
1784714400000,205.48,205.663,205.234,205.48,5754754.67717088
1784715300000,205.36,205.755,205.255,205.62,5647228.97476039
1784716200000,205.73,205.91,205.396,205.91,13714212.08380046
1784717100000,205.454,205.961,205.383,205.708,5949931.91222428
1784718000000,205.9,206.061,205.26,205.39,27453229.62281777
1784718900000,205.24,205.402,205.159,205.3,11984740.49710911
1784719800000,205.19,205.255,204.863,204.96,22840355.54402958
1784720700000,205.11,205.11,204.8,204.91,21287208.49043486
1784721600000,204.86,204.942,204.49,204.82,61938943.01150526
1784722500000,204.64,204.998,204.56,204.98,37067806.25581023
1784723400000,204.69,205.348,204.69,205.34,37337039.30931449
1784724300000,205.33,205.339,204.821,205.01,35136142.53468622
1784725200000,205.047,205.515,205.047,205.424,30032560.862958305
1784726100000,205.424,205.825,205.09,205.755,45457504.24504278
1784727000000,205.875,207.4,205.01,207.19,1351310234.4739125
1784727900000,207.26,208.2,206.77,207.77,1040076068.4748718
1784728800000,207.71,207.73,206.54,207.075,758313143.8122079
1784729700000,207.063,207.56,206.47,206.8,859698707.8347331
1784730600000,206.81,208.145,206.46,207.265,835572751.5763211
1784731500000,207.27,209.495,207.215,209.18,926526393.030888
1784732400000,209.19,213.12,209.1,213.02,2093193101.059616
1784733300000,213.02,213.56,212.12,212.19,1790772927.9816213
1784734200000,212.22,212.67,211.84,211.98,1142917194.956662
1784735100000,211.995,213.61,211.89,213.23,1079469420.640327
1784736000000,213.19,213.695,212.91,213.48,1100761656.8667073
1784736900000,213.44,214.27,213.42,213.49,1143765008.0888097
1784737800000,213.52,214.32,213.4,213.61,719612454.5968971
1784738700000,213.61,214.142,213.315,214.01,842143438.5634172
1784739600000,214.02,214.4,213.46,213.48,673786970.9975461
1784740500000,213.49,213.83,213.19,213.75,618533422.7180762
1784741400000,213.76,214.37,213.705,213.83,687457203.468968
1784742300000,213.855,214.13,213.465,213.603,665755883.3037789
1784743200000,213.58,213.96,213.52,213.52,501077052.0136104
1784744100000,213.54,213.81,213.49,213.75,445842508.4854037
1784745000000,213.735,213.79,213.47,213.67,515326731.09077066
1784745900000,213.66,213.975,213.57,213.76,469267554.9628871
1784746800000,213.76,214.195,213.31,213.315,646875483.5112071
1784747700000,213.33,213.585,212.91,213.33,846814820.1317445
1784748600000,213.33,213.39,212.355,212.48,1036035145.3096089
1784749500000,212.49,212.99,211.72,212.06,1796456370.0271864
1784750400000,212.123,212.732,211.812,212.591,4251279974.576332
1784751300000,212.69,212.914,212.513,212.76,70508197.9733286
1784752200000,212.44,212.706,212.377,212.41,41299813.24956274
1784753100000,212.49,212.859,212.43,212.74,24845770.38198
1784754000000,212.99,214.472,212.756,213.52,123549235.19756402
1784754900000,213.38,213.853,212.904,212.99,42248054.51823477
1784755800000,212.78,212.903,210.25,210.79,88803502.51867083
1784756700000,210.59,211.389,210.376,210.81,36983607.97370035
1784757600000,211.36,211.36,210.367,210.79,26205802.95106712
1784758500000,210.798,211.397,210.713,211.181,21985297.51164633
1784759400000,211.179,211.409,210.899,210.899,29959289.413124777
1784760300000,210.84,211.23,210.73,211.23,9174833.91011328
1784761200000,210.91,211.15,210.825,210.91,11081316.88217485
1784762100000,210.91,211.161,210.83,210.91,7610336.88279741
1784763000000,211.19,211.627,210.891,211.39,13361121.28761467
1784763900000,211.85,212.03,211.603,212.03,15628934.383702
1784764800000,212.31,212.67,211.94,212.31,1060.095
1784765700000,212.25,213.0,212.19,212.79,4294896.83
1784766600000,212.74,213.14,212.67,212.86,3283016.95
1784767500000,212.85,213.3,212.72,212.97,3325525.92
1784768400000,212.99,213.27,212.82,213.12,2448027.77
1784769300000,213.2,213.26,212.8,212.98,2614035.6
1784770200000,213.05,213.06,212.12,212.13,2536465.98
1784771100000,212.14,212.6,212.09,212.2,2116072.93
1784772000000,212.19,212.39,211.86,211.9,2978672.72
1784772900000,211.91,211.94,211.3,211.7,2176741.03
1784773800000,211.65,211.88,211.04,211.21,3700444.18
1784774700000,211.28,211.66,211.11,211.63,1628306.04
1784775600000,211.66,211.66,211.01,211.19,1158116.95
1784776500000,211.13,211.48,211.12,211.47,1099819.57
1784777400000,211.42,211.71,211.38,211.57,1098826.91
1784778300000,211.54,211.77,211.48,211.64,772185.88
1784779200000,211.61,211.76,211.21,211.73,1112545.58
1784780100000,211.74,212.32,211.64,212.2,2151261.69
1784781000000,212.21,212.39,212.11,212.15,890819.78
1784781900000,212.15,212.31,211.97,212.13,537483.9
1784782800000,212.1,212.14,211.77,211.81,401639.53
1784783700000,211.8,212.45,211.65,212.44,2130086.9
1784784600000,212.45,212.49,212.07,212.1,1034352.2
1784785500000,212.1,212.17,211.75,211.84,1216922.04
1784786400000,211.83,211.99,211.65,211.72,2322472.54
1784787300000,211.69,211.71,211.49,211.63,1405004.02
1784788200000,211.62,211.64,211.28,211.29,1465937.82
1784789100000,211.32,211.62,211.26,211.38,1183652.76
1784790000000,211.38,211.39,209.99,210.83,6812636.47
1784790900000,210.84,211.11,210.75,210.92,2133651.22
1784791800000,210.91,210.91,210.11,210.16,2510311.83
1784792700000,210.15,210.79,210.03,210.79,1707231.1
1784793600000,211.81,211.81,210.607,211.499,59055934.86182448
1784794500000,211.0,211.599,210.77,211.01,7570470.59539782
1784795400000,211.24,211.24,210.875,211.07,8675425.37962894
1784796300000,210.975,211.661,210.843,211.612,8795764.94884361
1784797200000,211.36,211.795,211.348,211.36,5725575.60023974
1784798100000,210.99,211.525,210.918,210.99,9004593.12879486
1784799000000,210.79,211.04,210.77,210.9,5048769.92414337
1784799900000,210.89,211.046,210.777,210.795,2964445.71070162
1784800800000,210.795,210.839,210.43,210.432,12763934.52485858
1784801700000,210.431,210.512,210.325,210.325,4295380.61880241
1784802600000,210.39,210.935,210.325,210.39,7600531.45202478
1784803500000,210.69,210.94,210.625,210.94,7586937.5515917
1784804400000,210.9,211.089,210.742,211.01,27666392.95651478
1784805300000,210.9,211.214,210.475,210.56,17858335.96017663
1784806200000,210.605,210.68,209.76,209.87,46830038.01577035
1784807100000,210.06,210.647,209.913,210.23,17419159.87539332
1784808000000,210.48,210.653,210.203,210.41,20390569.91268056
1784808900000,210.11,210.344,209.587,209.67,42479342.12698314
1784809800000,209.6,209.853,208.969,209.01,68102862.47284487
1784810700000,209.14,209.515,209.104,209.16,52405289.75902912
1784811600000,209.01,209.42,208.697,208.77,107098367.7096649
1784812500000,208.63,209.402,208.298,208.84,58930710.61972061
1784813400000,209.42,210.84,208.5,209.737,1821828585.703912
1784814300000,209.67,210.35,208.73,208.96,1034309949.4665831
1784815200000,208.98,209.94,208.48,208.65,922557319.6470637
1784816100000,208.54,209.2,208.07,208.56,731772987.755242
1784817000000,208.57,209.12,207.355,208.205,822340212.4566135
1784817900000,208.246,208.7,207.21,207.378,806761397.3398795
1784818800000,207.3,207.369,206.53,206.65,912430656.4267567
1784819700000,206.61,207.77,206.06,206.37,798497460.8183299
1784820600000,206.36,207.49,205.95,207.235,685257028.8608177
1784821500000,207.22,208.25,207.12,208.18,574467241.2871585
1784822400000,208.23,209.425,208.045,208.895,747283613.7707566
1784823300000,208.91,209.805,208.71,209.64,541319676.91522
1784824200000,209.65,210.39,209.25,209.99,639114878.3076378
1784825100000,209.96,209.99,209.41,209.91,447849486.1358003
1784826000000,209.82,210.42,209.21,210.15,506239360.295819
1784826900000,210.04,210.41,209.825,210.14,341759789.7849978
1784827800000,210.11,210.2,209.15,209.455,349851070.4437356
1784828700000,209.38,209.83,209.0,209.07,307303377.0513932
1784829600000,209.06,209.1,208.27,208.46,475854438.6448822
1784830500000,208.479,208.725,208.17,208.581,493410340.1951277
1784831400000,208.565,208.83,207.57,207.62,484970107.6797916
1784832300000,207.66,207.99,207.345,207.685,436306251.8722436
1784833200000,207.7,207.81,207.125,207.39,430314502.1328271
1784834100000,207.375,208.17,207.375,207.81,583942314.3408568
1784835000000,207.85,207.9,206.89,206.96,639994803.6394358
1784835900000,206.97,208.94,206.91,208.77,1558404421.3252785
1784836800000,208.94,210.0,208.747,209.58,4589695235.571167
1784837700000,209.51,209.611,209.087,209.18,53023340.33528266
1784838600000,209.281,209.316,208.965,208.965,33061270.87092254
1784839500000,208.94,209.195,208.94,209.15,9938132.40542356
1784840400000,209.01,209.194,208.81,209.03,16413533.83174374
1784841300000,208.61,208.823,208.216,208.64,16987168.42789514
1784842200000,208.18,208.459,208.07,208.4,14366047.78223927
1784843100000,208.405,208.454,208.304,208.4,8782419.133410634
1784844000000,208.26,208.441,207.701,207.89,16501611.04214851
1784844900000,207.8,207.899,207.6,207.79,17226761.91513235
1784845800000,207.99,208.14,207.815,208.14,6186687.86958101
1784846700000,208.12,208.379,208.1,208.379,9381178.67156063
1784847600000,208.42,208.43,208.096,208.42,3015349.34902037
1784848500000,208.12,208.284,208.008,208.008,6332523.93454968
1784849400000,208.008,208.036,207.806,207.955,6869426.9422009
1784850300000,208.0,208.1,207.79,207.93,7978938.49018643
1784851200000,208.2,208.31,207.43,207.64,34311.75
1784852100000,207.64,207.9,207.36,207.73,2124415.3
1784853000000,207.73,207.96,207.56,207.85,1690045.89
1784853900000,207.9,207.94,207.69,207.9,906865.99
1784854800000,207.93,208.22,207.84,207.88,1954802.47
1784855700000,207.87,208.11,207.69,207.96,620938.27
1784856600000,207.91,208.07,207.78,207.91,678468.76
1784857500000,207.9,207.95,207.36,207.47,1313138.57
1784858400000,207.48,207.53,207.25,207.42,2586770.68
1784859300000,207.4,207.42,206.89,206.89,3054867.69
1784860200000,206.88,207.02,206.55,206.65,3227277.3
1784861100000,206.64,206.79,206.5,206.64,1425017.84
1784862000000,206.64,207.02,206.62,207.01,1512776.94
1784862900000,207.0,207.21,206.87,207.17,1378945.61
1784863800000,207.12,207.17,206.6,206.61,1444095.86
1784864700000,206.58,206.83,206.52,206.54,1257079.58
1784865600000,206.57,206.62,206.11,206.44,3808956.52
1784866500000,206.47,206.92,206.35,206.88,2036689.9
1784867400000,206.85,206.85,206.49,206.73,1352152.67
1784868300000,206.73,207.09,206.55,207.09,2281949.75
1784869200000,207.1,207.41,207.03,207.29,932098.44
1784870100000,207.27,207.33,207.08,207.18,1057146.62
1784871000000,207.16,207.26,207.05,207.2,661729.86
1784871900000,207.22,207.28,206.93,206.94,900507.04
1784872800000,206.96,206.96,206.41,206.62,2063830.93
1784873700000,206.59,206.99,206.59,206.91,1296399.54
1784874600000,206.84,207.0,206.42,206.42,1419437.47
1784875500000,206.44,206.5,206.18,206.5,2967603.67
1784876400000,206.52,207.45,206.52,207.44,6281128.59
1784877300000,207.42,207.82,207.39,207.69,2065846.11
1784878200000,207.74,207.83,207.38,207.51,2128495.19
1784879100000,207.48,207.59,207.46,207.53,360497.85
1784880000000,206.99,207.888,206.905,207.14,61840565.00660317
1784880900000,207.19,207.341,207.016,207.341,2098339.35125897
1784881800000,207.61,207.61,207.251,207.61,4524062.67479949
1784882700000,207.44,207.455,207.38,207.41,4105387.382441
1784883600000,207.69,207.95,207.38,207.79,2798996.54315372
1784884500000,208.04,208.267,207.507,208.2,3709201.37950308
1784885400000,208.37,208.475,208.093,208.37,3899135.92627816
1784886300000,208.451,208.451,208.055,208.358,2524033.36457916
1784887200000,208.359,208.365,207.775,207.859,3819530.03884549
1784888100000,207.867,208.026,207.542,207.935,2658216.03358556
1784889000000,207.94,208.0,207.577,207.785,3071650.40275119
1784889900000,207.785,207.995,207.721,207.944,1993950.9634295
1784890800000,208.11,208.329,207.941,208.29,11580801.31756719
1784891700000,208.228,208.406,208.157,208.267,5366795.37445833
1784892600000,208.12,208.399,208.06,208.37,7795705.32140152
1784893500000,208.39,208.7,208.035,208.65,16522155.95561613
1784894400000,208.484,208.93,208.229,208.875,11925565.11561792
1784895300000,208.7,208.863,208.462,208.67,15214122.70404722
1784896200000,208.35,208.473,208.167,208.19,16388664.26742632
1784897100000,208.19,208.26,207.922,207.97,15023421.4499853
1784898000000,207.957,207.994,207.834,207.97,20978693.424181018
1784898900000,207.97,208.14,207.0,207.37,62970280.56099647
1784899800000,207.49,208.57,206.75,207.78,1137973090.8420596
1784900700000,207.74,208.47,205.67,206.23,1161186410.5684469
1784901600000,206.35,208.27,206.24,207.9,899843636.2075454
1784902500000,207.93,208.33,206.51,208.2,764094135.6096598
1784903400000,208.09,208.24,207.14,207.48,724112042.8816265
1784904300000,207.43,209.565,207.09,209.52,886724963.3335809
1784905200000,209.52,210.03,208.64,209.74,835614753.9889724
1784906100000,209.69,210.36,209.1,209.205,702490078.4222625
1784907000000,209.23,209.84,208.99,209.26,580543648.537214
1784907900000,209.28,210.3,209.14,210.19,518314323.4077742
1784908800000,210.15,211.9,210.015,210.875,1237525136.8028579
1784909700000,210.87,211.09,210.68,210.75,725337581.9771185
1784910600000,210.765,210.89,209.99,210.2,488776719.1926754
1784911500000,210.15,210.43,209.78,210.25,512778345.82288516
1784912400000,210.24,210.32,209.54,209.79,510995411.9242524
1784913300000,209.76,210.345,209.61,210.265,387365734.48623365
1784914200000,210.26,210.53,209.82,209.91,365210217.3686652
1784915100000,209.81,210.3,209.69,209.69,301866381.7934175
1784916000000,209.7,209.9,209.02,209.27,378260350.4701241
1784916900000,209.265,209.33,207.72,207.86,596321753.515325
1784917800000,207.87,207.88,206.17,206.23,839386307.1462659
1784918700000,206.23,207.07,206.02,206.27,969187127.6169544
1784919600000,206.26,206.71,204.95,205.1,959226702.1050735
1784920500000,205.073,205.84,204.84,205.61,1184556885.1892498
1784921400000,205.63,206.13,205.39,205.79,1278304463.5391788
1784922300000,205.78,207.16,205.31,206.95,1818993211.3318279
1784923200000,206.87,207.13,206.807,206.93,3336856097.26126
1784924100000,206.97,207.039,206.787,206.86,21820449.0870725
1784925000000,206.75,206.845,206.598,206.74,15696396.41153441
1784925900000,206.86,207.07,206.725,207.07,15313819.13890051
1784926800000,207.005,207.005,206.716,206.725,7887639.68181324
1784927700000,206.9,206.914,206.7,206.9,7349074.46770366
1784928600000,206.9,206.96,206.815,206.84,6607247.29225259
1784929500000,206.817,206.925,206.761,206.905,27978779.1803258
1784930400000,206.905,206.955,206.78,206.78,5213933.2884582
1784931300000,206.64,206.802,206.615,206.64,4489378.55078985
1784932200000,206.655,206.92,206.655,206.825,3859362.18808861
1784933100000,206.825,206.835,206.75,206.815,3030970.28077043
1784934000000,206.64,206.855,206.64,206.64,3287636.29411718
1784934900000,206.64,206.685,206.615,206.66,2407250.98912476
1784935800000,206.66,206.675,206.455,206.618,14308595.382259818
1784936700000,206.66,206.785,206.6,206.75,8429039.77132817
1784937600000,206.787,206.793,206.787,206.793,24814.44
1784938500000,204.75,204.78,204.75,204.77,111.232006
1784939400000,205.97,206.4,204.77,204.77,55.337013
1784940300000,206.4,211.47,204.77,204.77,256.168951
1784943000000,204.81,211.47,204.8,207.89,415.034467
1784944800000,207.4,207.4,207.4,207.4,11.80106
1784945700000,207.4,211.47,204.94,204.94,268.898645
1784946600000,206.64,206.64,206.64,206.64,37.50516
1784947500000,206.72,211.47,204.91,205.6,3341.617356
1784948400000,204.91,206.14,204.81,205.07,1279.990037
1784949300000,206.14,206.14,204.77,204.77,220.027878
1784950200000,206.12,206.65,204.77,204.82,248.630769
1784951100000,204.82,208.33,204.72,204.72,332.238511
1784953800000,206.91,206.91,206.8,206.91,748.255706
1784954700000,206.5,206.5,204.63,204.93,2461.786759
1784955600000,205.61,206.5,204.57,204.83,497.455761
1784956500000,204.67,206.91,204.57,204.73,605.177346
1784957400000,204.73,208.33,204.5,204.5,592.743355
1784958300000,208.33,208.33,204.5,204.5,762.241902
1784960100000,210.6,210.6,204.5,208.84,402.098111
1784961000000,210.6,210.6,202.92,202.92,669.218287
1784961900000,202.92,206.59,202.92,206.23,286.02595
1784962800000,207.17,207.17,202.92,206.7,54.982501
1784963700000,207.17,207.38,206.88,206.88,307.578543
1784964600000,207.15,207.48,206.0,206.97,83.351865
1784965500000,207.0,207.0,207.0,207.0,311.8869
1784966400000,207.0,207.0,207.0,207.0,213.1686
1784967300000,207.0,207.0,202.92,205.35,1040.988218
1784968200000,202.92,204.82,202.92,204.7,340.229995
1784969100000,206.93,206.93,204.0,204.0,270.843132
1784970000000,206.93,207.0,202.92,204.17,721.27044
1784970900000,207.0,207.0,206.8,206.8,238.39074
1784971800000,207.0,207.0,204.05,204.05,243.19788
1784972700000,207.0,208.4,206.68,206.68,390.579761
1784974500000,206.93,207.0,206.63,206.63,301.233099
1784975400000,207.0,207.0,207.0,207.0,41.9796
1784976300000,207.0,207.0,202.92,206.79,415.538162
1784977200000,207.0,207.0,202.92,202.93,415.897984
1784978100000,207.0,207.1,202.92,207.1,1138.116855
1784979000000,207.1,207.1,206.67,206.67,359.738985
1784979900000,207.26,207.4,206.59,206.59,416.844873
1784981700000,207.2,207.2,206.77,206.77,271.748059
1784982600000,206.76,206.76,205.66,205.66,147.155775
1784983500000,206.19,207.2,205.66,205.66,196.765143
1784984400000,205.47,205.99,203.87,205.99,794.143969
1784985300000,206.97,206.97,206.78,206.78,213.700108
1784986200000,206.74,206.74,203.87,206.72,147.371927
1784987100000,206.88,206.97,206.88,206.97,130.173324
1784988000000,206.97,207.0,203.87,206.78,872.507339
1784988900000,207.0,207.0,203.89,203.89,41.315145
1784989800000,207.0,207.0,207.0,207.0,103.9761
1784990700000,203.89,203.89,203.89,203.89,102.35278
1784991600000,207.0,207.0,207.0,207.0,29.9943
1784992500000,207.0,207.0,203.89,203.89,101.746275
1784993400000,203.87,207.0,203.87,203.88,452.961843
1784995200000,207.0,207.0,203.88,207.0,145.4271
1784996100000,206.8,207.0,206.8,207.0,221.30872
1784997000000,206.8,206.8,206.8,206.8,100.25664
1784998800000,203.88,203.88,203.88,203.88,51.17388
1784999700000,203.88,203.88,203.87,203.87,103.344632
1785001500000,205.1,205.1,203.87,203.87,1540.53167
1785002400000,204.35,205.29,204.35,205.29,1198.679475
1785003300000,205.26,205.26,205.26,205.26,17.96025
1785004200000,205.29,208.23,205.29,208.23,200.54331
1785006900000,208.22,208.23,205.26,205.26,484.747515
1785012300000,206.76,206.76,206.76,206.76,91.90482
1785015000000,208.23,208.23,206.8,207.62,421.199258
1785015900000,207.62,207.62,206.73,206.73,28.486784
1785018600000,206.73,206.73,206.73,206.73,41.346
1785019500000,208.2,208.2,206.71,206.71,20.890793
1785020400000,208.2,208.2,208.2,208.2,34.99842
1785022200000,206.71,206.71,206.64,206.64,17.588207
1785024900000,208.23,208.33,206.6,208.07,584.987744
1785028500000,208.08,208.08,205.26,208.08,61.124664
1785029400000,208.08,208.08,205.26,205.26,65.416368
1785030300000,208.52,209.0,206.8,208.47,180.716031
1785031200000,209.0,210.0,205.78,206.77,285.367623
1785032100000,206.82,210.0,205.78,206.77,1372.242204
1785033000000,207.08,207.08,207.08,207.08,101.4692
1785036600000,208.28,208.28,206.73,206.73,480.956645
1785037500000,208.28,210.0,206.73,206.73,1541.858462
1785038400000,210.0,210.0,206.67,210.0,801.543895
1785040200000,210.0,210.0,210.0,210.0,19.992
1785041100000,210.0,210.0,205.26,205.26,462.803076
1785042000000,206.57,210.0,205.26,205.26,505.192125
1785043800000,209.99,209.99,209.99,209.99,180.297414
1785044700000,209.99,209.99,209.99,209.99,107.199895
1785045600000,205.27,205.27,205.27,205.27,104.728754
1785046500000,209.99,209.99,205.26,205.26,203.577022
1785047400000,205.26,209.99,203.87,203.87,241.56403
1785048300000,205.94,205.94,205.94,205.94,18.884698
1785050100000,210.0,210.0,203.87,205.16,979.239065
1785051000000,210.0,210.0,203.87,204.61,246.541315
1785051900000,204.52,204.64,204.52,204.64,56.922103
1785052800000,208.34,208.34,206.33,206.54,553.307764
1785054600000,206.9,206.9,206.9,206.9,103.42931
1785055500000,207.0,207.39,206.95,207.39,2179.241235
1785056400000,207.24,207.62,207.22,207.41,894.711072
1785059100000,207.41,207.7,207.2,207.59,293.593493
1785060000000,207.7,207.84,207.67,207.67,600.964123
1785060900000,207.67,208.0,207.54,207.81,127.567254
1785061800000,208.0,208.16,208.0,208.1,161.53619
1785062700000,208.08,208.33,207.95,207.95,104.956098
1785063600000,208.33,208.33,207.47,207.47,210.493872
1785064500000,208.34,208.34,207.47,207.47,182.969793
1785065400000,208.53,208.53,208.37,208.37,1354.280977
1785068100000,208.37,208.37,208.37,208.37,31.609729
1785069900000,208.62,208.62,208.47,208.47,598.374452
1785070800000,208.37,208.62,208.31,208.62,62.887205
1785071700000,208.31,208.31,206.96,206.96,899.618526
1785072600000,206.96,208.85,206.94,206.94,362.06876
1785073500000,208.85,208.85,206.94,208.63,74.16213
1785074400000,208.63,209.0,206.94,206.94,323.810522
1785075300000,209.09,209.17,209.09,209.17,62.459383
1785076200000,209.06,209.06,208.85,208.85,39.684233
1785077100000,208.85,208.85,206.94,206.94,11.546731
1785078000000,207.17,207.17,207.17,207.17,15.724203
1785078900000,209.17,209.17,209.17,209.17,23.447957
1785079800000,209.2,209.32,207.4,207.4,518.835588
1785080700000,209.41,209.42,209.21,209.42,333.150792
1785081600000,209.61,209.61,209.21,209.36,127.623298
1785082500000,209.21,209.63,207.1,207.1,341.088489
1785083400000,207.1,207.1,207.1,207.1,11.82541
1785086100000,209.34,209.34,206.93,206.93,200.77284
1785088800000,209.1,209.1,209.1,209.1,50.41401
1785090600000,206.93,206.93,206.93,206.93,10.3465
1785094200000,209.1,209.1,206.93,209.1,78.006727
1785096000000,209.34,209.7,206.88,206.88,49.236101
1785097800000,209.7,209.7,206.88,209.7,242.23854
1785098700000,209.7,209.7,209.7,209.7,10.98828
1785099600000,209.7,209.7,206.88,206.88,295.764762
1785105900000,209.7,209.7,206.92,206.92,25.39865
1785106800000,209.5,209.7,209.5,209.7,34.9999
1785108600000,209.7,209.7,206.92,207.0,332.46012
1785110400000,212.66,212.66,207.51,209.37,19776201.85
1785111300000,209.37,209.56,209.06,209.25,7899859.33
1785112200000,209.18,209.48,208.89,208.92,3476759.24
1785113100000,208.94,209.3,208.76,208.82,2523666.97
1785114000000,208.8,209.27,208.39,208.42,5704464.08
1785114900000,208.41,208.46,207.7,207.9,8192942.61
1785115800000,207.89,208.77,207.89,208.66,7353295.07
1785116700000,208.6,208.89,208.55,208.79,2352496.88
1785117600000,208.82,208.9,208.55,208.75,1969463.38
1785118500000,208.74,209.25,208.73,209.13,1688128.32
1785119400000,209.05,209.28,208.82,209.12,1733326.75
1785120300000,209.12,209.22,208.86,208.88,1579968.46
1785121200000,208.88,209.04,208.64,208.84,843207.51
1785122100000,208.89,208.98,208.71,208.71,544653.58
1785123000000,208.69,208.7,208.54,208.63,729482.44
1785123900000,208.64,208.65,208.44,208.58,657120.37
1785124800000,208.58,208.65,208.35,208.45,1455962.03
1785125700000,208.47,208.82,208.44,208.65,809805.11
1785126600000,208.64,208.83,208.56,208.8,572050.66
1785127500000,208.8,208.82,208.56,208.6,1190386.57
1785128400000,208.62,208.84,208.54,208.72,707460.17
1785129300000,208.76,209.05,208.7,209.03,3030080.23
1785130200000,209.01,209.26,208.95,209.18,2211496.54
1785131100000,209.14,209.22,209.06,209.15,1115095.51
1785132000000,209.19,209.65,209.19,209.65,4058857.62
1785132900000,209.65,209.76,209.46,209.49,2795155.24
1785133800000,209.5,209.63,209.3,209.32,2127729.11
1785134700000,209.31,209.31,209.15,209.19,2257503.81
1785135600000,209.17,209.41,209.15,209.37,4316560.49
1785136500000,209.35,209.48,209.3,209.37,1460230.05
1785137400000,209.27,209.33,209.1,209.2,1469154.61
1785138300000,209.19,209.3,208.97,208.98,1208759.65
1785139200000,209.09,209.17,206.794,209.09,66081874.63158765
1785140100000,209.01,209.355,208.961,209.26,7021442.71139825
1785141000000,209.39,209.515,209.299,209.39,6822652.14440164
1785141900000,209.515,209.599,209.36,209.498,14043051.833310602
1785142800000,209.18,209.5,209.11,209.17,5292654.30256833
1785143700000,209.11,209.222,209.105,209.136,4732109.26703874
1785144600000,209.138,209.248,209.07,209.234,4912242.22716054
1785145500000,209.21,209.325,209.14,209.16,5583185.39192014
1785146400000,208.67,209.206,208.62,208.62,8302142.73246053
1785147300000,208.67,208.854,208.625,208.78,6276767.97648639
1785148200000,208.8,209.07,208.585,208.97,9120824.75073025
1785149100000,208.97,209.095,208.481,208.92,10214969.12842273
1785150000000,208.533,208.61,208.211,208.32,65246355.58206382
1785150900000,208.36,208.39,207.853,208.06,25487792.93779906
1785151800000,208.05,208.171,207.88,207.88,21895840.04257985
1785152700000,207.89,208.2,207.89,208.2,12549127.86394853
1785153600000,208.47,208.549,208.061,208.12,23610789.68887815
1785154500000,208.1,208.185,207.972,208.08,16593031.90291756
1785155400000,208.18,208.46,208.02,208.25,14916940.33391442
1785156300000,208.39,208.435,208.215,208.29,13178910.69607728
1785157200000,208.38,208.89,208.157,208.33,32632228.02931916
1785158100000,208.389,208.47,207.623,208.094,70532927.2106196
1785159000000,208.1,208.69,202.06,202.27,2184110005.619825
1785159900000,202.26,203.04,201.2,201.75,1729902122.2894442
1785160800000,201.8,202.92,200.85,201.18,1239783838.7072551
1785161700000,201.15,201.58,198.89,198.91,1496731967.4857168
1785162600000,199.005,199.64,197.415,197.612,2097802027.2857153
1785163500000,197.8,200.01,197.64,199.77,1395094884.4210815
1785164400000,199.79,199.9,197.73,197.9,1056064758.6454884
1785165300000,197.92,198.37,196.77,197.04,1184891053.0170953
1785166200000,197.072,197.072,195.92,196.83,1443237810.8056514
1785167100000,196.86,197.62,196.42,197.61,792805801.6863018
1785168000000,197.63,198.52,197.49,197.67,801775007.741791
1785168900000,197.665,198.32,196.8,197.775,824881027.502539
1785169800000,197.77,198.11,196.73,197.33,555948691.7764709
1785170700000,197.281,197.82,196.18,196.342,900319244.7149489
1785171600000,196.305,196.4,195.58,195.995,686002453.964864
1785172500000,195.995,196.015,195.45,195.605,591164926.1280888
1785173400000,195.52,196.165,195.51,195.92,455788005.578697
1785174300000,195.94,196.82,195.75,196.785,606563488.6351467
1785175200000,196.783,197.08,196.35,196.609,693803142.8794084
1785176100000,196.6,196.73,196.05,196.68,413844060.22595394
1785177000000,196.68,196.79,196.09,196.75,480705214.3331754
1785177900000,196.76,197.65,196.57,197.44,575881706.9770052
1785178800000,197.41,197.83,197.195,197.5,809369800.0779614
1785179700000,197.51,198.03,197.41,197.695,653630378.7361577
1785180600000,197.73,197.83,196.66,196.805,801804815.1740104
1785181500000,196.78,197.35,196.33,196.545,1888049352.7845712
1785182400000,196.56,196.744,196.437,196.64,4566607799.943739
1785183300000,196.734,196.776,196.56,196.649,36017215.548771694
1785184200000,196.86,197.097,196.647,196.99,25393616.16495176
1785185100000,196.94,197.124,196.841,196.97,20197733.53238406
1785186000000,196.99,197.113,196.883,196.99,14949831.57735256
1785186900000,196.99,197.15,196.965,197.15,21461507.64415205
1785187800000,197.05,197.12,196.965,197.011,12693768.55241152
1785188700000,197.0,197.064,196.996,197.0,24298342.02327935
1785189600000,197.0,197.055,196.55,196.55,18886181.83861515
1785190500000,196.6,196.654,196.287,196.32,18939782.42779772
1785191400000,196.291,196.504,196.288,196.344,17943066.869026706
1785192300000,196.33,196.483,196.323,196.44,9292798.04647717
1785193200000,196.27,196.4,196.144,196.2,14898090.57764213
1785194100000,196.18,196.45,196.173,196.45,10677056.54110329
1785195000000,196.4,196.51,196.252,196.32,10520932.54063696
1785195900000,196.28,196.394,196.103,196.2,17630819.55264429
1785196800000,196.65,196.65,195.67,195.77,980.515
1785197700000,195.83,196.06,195.62,195.89,4117068.35
1785198600000,195.9,196.34,195.58,196.13,4530412.76
1785199500000,196.1,196.1,195.6,195.61,4691437.55
1785200400000,195.64,195.67,195.16,195.22,4694026.21
1785201300000,195.24,195.55,194.83,195.49,8636482.57
1785202200000,195.42,195.75,195.0,195.22,3935048.93
1785203100000,195.26,195.42,194.76,194.87,2663761.17
1785204000000,194.81,194.81,194.28,194.36,5667591.25
1785204900000,194.33,194.73,194.11,194.55,4985226.86
1785205800000,194.53,194.54,193.89,194.02,10297646.4
1785206700000,193.99,194.28,193.84,194.13,3279725.55
1785207600000,194.17,194.24,193.71,193.99,5211967.19
1785208500000,194.0,194.67,193.97,194.16,3624077.96
1785209400000,194.19,194.61,193.9,194.5,3231565.67
1785210300000,194.59,195.01,194.59,194.81,2876635.12
1785211200000,194.8,194.83,194.03,194.1,2293368.2
1785212100000,194.1,194.46,193.98,193.98,1491841.12
1785213000000,193.97,194.09,193.76,193.89,3248403.3
1785213900000,193.89,194.17,193.86,194.01,2050149.12
1785214800000,194.08,194.39,194.07,194.1,1913727.59
1785215700000,194.06,194.14,193.8,193.86,3125763.46
1785216600000,193.87,193.87,193.44,193.65,6642329.73
1785217500000,193.65,193.68,193.07,193.12,10080019.28
1785218400000,193.13,193.21,193.0,193.1,8812215.45
1785219300000,193.14,193.72,193.03,193.56,7700134.15
1785220200000,193.6,193.98,193.3,193.86,6639007.07
1785221100000,193.87,194.08,193.7,193.92,3847403.98
1785222000000,194.0,194.2,193.91,194.13,10702671.77
1785222900000,194.14,194.28,193.9,193.97,4865463.32
1785223800000,193.97,194.0,193.63,193.74,2035634.52
1785224700000,193.7,194.06,193.56,193.89,1681863.98
1785225600000,193.8,195.714,193.262,193.91,133834478.05910382
1785226500000,193.87,194.371,193.257,194.27,13451033.61556174
1785227400000,194.65,195.067,194.179,194.65,11748027.15018206
1785228300000,194.906,194.906,194.439,194.469,7331117.35458033
1785229200000,194.29,194.549,194.084,194.44,14496391.12913584
1785230100000,194.24,194.682,194.185,194.39,5992333.14797584
1785231000000,194.41,194.674,194.41,194.64,11582698.59792578
1785231900000,194.45,194.56,194.357,194.46,10702373.16196968
1785232800000,194.66,194.722,194.358,194.58,8318398.67078692
1785233700000,194.7,194.711,194.306,194.41,13188990.15639714
1785234600000,194.81,194.815,193.778,193.85,21246600.63750679
1785235500000,194.5,194.525,193.929,194.5,13679920.86717525
1785236400000,194.53,194.548,194.148,194.3,67127111.29511449
1785237300000,194.65,195.121,194.314,194.8,51908682.77885271
1785238200000,194.59,194.75,194.058,194.36,49799567.53572249
1785239100000,194.35,195.67,194.294,195.67,46661555.62142653
1785240000000,195.64,195.93,195.519,195.9,165621952.57443023
1785240900000,195.61,196.035,195.522,195.9,49831602.83425143
1785241800000,195.61,195.991,195.41,195.91,47078703.9659949
1785242700000,195.75,195.953,195.35,195.5,25405525.74858618
1785243600000,195.55,196.211,195.23,195.93,57446905.92222195
1785244500000,195.8,196.16,194.186,194.52,90089859.13575864
1785245400000,194.95,195.4,193.61,194.25,2334377214.6297417
1785246300000,194.28,194.46,192.8,193.65,1459690084.7674332
1785247200000,193.62,195.18,193.58,193.915,1167971979.9053013
1785248100000,193.94,194.18,192.76,194.11,1270151087.9764135
1785249000000,194.11,196.33,193.95,196.025,1227074770.3054695
1785249900000,196.01,197.6,195.74,196.79,1151153898.4870381
1785250800000,196.77,197.09,195.87,196.51,782555175.8954407
1785251700000,196.47,197.86,196.28,196.71,898044866.4442012
1785252600000,196.72,197.89,196.46,197.76,638327989.4274672
1785253500000,197.78,198.61,197.695,198.32,1008721835.0884782
1785254400000,198.39,198.69,197.44,197.68,631080202.9787251
1785255300000,197.74,198.15,197.25,197.3,468951240.51462483
1785256200000,197.21,197.81,196.61,197.665,879678392.3744118
1785257100000,197.703,198.24,197.35,198.061,574821256.3537831
1785258000000,198.0,198.19,197.14,197.61,474866945.49171233
1785258900000,197.61,198.23,197.54,197.73,377875314.0009958
1785259800000,197.68,198.09,197.265,197.33,346873262.66671944
1785260700000,197.38,197.42,196.68,197.09,368744349.8937712
1785261600000,197.14,197.39,196.76,196.91,310712770.5200852
1785262500000,196.88,197.18,196.66,196.695,342058769.1233629
1785263400000,196.72,197.35,196.53,196.915,389005229.46243894
1785264300000,197.06,197.4,196.85,197.085,532987927.4003443
1785265200000,197.08,197.73,197.08,197.595,612871502.8343836
1785266100000,197.56,198.02,197.31,197.92,471721192.0873288
1785267000000,197.93,198.0,197.0,197.11,934035103.734926
1785267900000,197.16,198.14,196.8,197.04,1700883954.975424
1785268800000,196.91,197.007,196.051,196.79,3932470792.482015
1785269700000,196.88,197.563,196.678,197.56,27157541.78740877
1785270600000,197.03,197.487,197.03,197.18,13131582.76765516
1785271500000,197.05,197.263,196.906,197.25,114599345.67691864
1785272400000,197.21,197.235,197.07,197.09,8354848.67864571
1785273300000,197.01,197.092,196.867,197.0,11664812.00186911
1785274200000,196.92,197.085,196.885,196.99,6126001.11050874
1785275100000,197.045,197.065,196.915,196.915,10171056.62283293
1785276000000,197.09,197.23,196.85,196.9,12229088.11416448
1785276900000,196.86,196.959,196.58,196.7,8319740.35671169
1785277800000,196.5,196.812,196.473,196.49,13135944.01739679
1785278700000,196.2,196.535,195.5,195.5,34561488.34940485
1785279600000,195.45,195.878,195.082,195.31,38030155.68544351
1785280500000,195.5,196.0,195.401,195.73,22892814.93734788
1785281400000,195.77,196.708,195.685,196.46,25881257.073486
1785282300000,196.9,197.687,196.717,197.67,33544869.55619184
1785283200000,197.62,198.6,197.41,198.14,2371.716
1785284100000,198.19,198.32,197.36,197.65,4036280.75
1785285000000,197.69,197.69,196.76,197.5,3962161.88
1785285900000,197.55,197.61,197.09,197.14,1822354.35
1785286800000,197.12,197.32,196.17,196.33,3140548.19
1785287700000,196.22,196.91,196.05,196.65,2238839.86
1785288600000,196.62,196.75,196.11,196.14,2436924.83
1785289500000,196.13,196.15,194.99,195.15,5425119.94
1785290400000,195.15,196.02,195.04,195.78,3216993.11
1785291300000,195.75,196.37,195.37,196.33,3970658.24
1785292200000,196.38,196.62,196.17,196.42,3455818.14
1785293100000,196.48,196.48,195.78,195.99,1175407.29
1785294000000,196.0,196.5,195.52,196.13,2479607.8
1785294900000,196.06,196.14,195.48,195.54,2834812.26
1785295800000,195.46,195.6,195.24,195.47,2170913.22
1785296700000,195.46,195.55,194.74,194.91,7089612.32
1785297600000,194.92,195.17,194.6,194.78,5982153.98
1785298500000,194.81,194.81,194.21,194.46,6341459.15
1785299400000,194.49,194.65,194.09,194.3,7169063.1
1785300300000,194.29,194.97,194.1,194.91,4898322.49
1785301200000,194.93,195.68,194.66,195.65,3756289.35
1785302100000,195.62,195.92,195.21,195.88,3740324.48
1785303000000,195.84,196.12,195.6,195.83,5114818.95
1785303900000,195.81,195.96,195.13,195.22,3861597.94
1785304800000,195.22,195.24,194.57,194.99,5814347.6
1785305700000,195.0,195.42,194.85,195.35,2833223.75
1785306600000,195.36,196.23,195.36,196.19,5332746.49
1785307500000,196.12,196.74,196.12,196.58,3388485.94
1785308400000,196.56,196.84,196.32,196.67,5404862.99
1785309300000,196.67,196.92,196.56,196.92,3223796.75
1785310200000,196.9,197.01,196.51,196.52,1687969.95
1785311100000,196.54,196.54,196.14,196.45,1291448.61
1785312000000,196.38,197.401,195.754,196.38,117704201.54778059
1785312900000,195.69,196.138,195.658,195.69,4421389.52315804
1785313800000,195.951,196.52,195.86,196.37,2334090.4953104975
1785314700000,196.37,196.802,196.153,196.351,3494327.13167293
1785315600000,197.16,197.4,196.35,197.4,8799784.20276053
1785316500000,197.42,197.489,197.19,197.42,6538173.57993714
1785317400000,197.78,197.833,197.187,197.78,6613646.94958157
1785318300000,198.06,198.168,197.768,198.06,14523217.56956371
1785319200000,197.84,198.23,197.751,197.85,12507450.24352169
1785320100000,197.51,197.854,197.495,197.51,5910570.59014872
1785321000000,197.35,197.743,197.175,197.35,4095039.85498293
1785321900000,197.175,197.175,196.855,196.88,6972739.070834934
1785322800000,197.01,197.472,196.764,197.46,16379017.06650323
1785323700000,197.43,197.675,197.367,197.65,13266071.96345664
1785324600000,197.44,197.55,197.198,197.55,6227499.06113926
1785325500000,197.29,197.49,197.141,197.43,151440968.9653677
1785326400000,197.25,197.475,196.99,196.99,10831642.82231664
1785327300000,196.51,197.026,196.364,196.39,17102744.30472093
1785328200000,196.34,196.862,196.313,196.86,17003231.59680664
1785329100000,196.86,197.091,196.837,197.07,11011290.26922299
1785330000000,196.901,196.933,196.387,196.387,15657310.837785507
1785330900000,196.68,196.68,194.966,195.11,58994824.17452279
1785331800000,195.85,197.07,194.89,196.41,1201613974.0571826
1785332700000,196.345,196.54,192.69,193.365,1133884825.6792178
1785333600000,193.36,193.64,191.21,191.78,1322547104.9375145
1785334500000,191.82,192.475,190.935,191.627,1293501426.224539
1785335400000,191.7,192.3,190.96,191.12,765417167.5639673
1785336300000,191.09,192.63,191.02,192.495,770047695.7970818
1785337200000,192.5,193.17,192.16,192.4,651969332.3570994
1785338100000,192.399,193.11,192.23,192.391,635230017.5056831
1785339000000,192.35,192.57,191.64,191.769,661147382.2899855
1785339900000,191.73,192.12,191.43,191.85,522768962.56430435
1785340800000,191.89,192.12,190.8,190.93,872449961.8768616
1785341700000,190.94,191.69,190.69,191.6,787854835.6641816
1785342600000,191.578,191.98,191.29,191.64,504836077.7031638
1785343500000,191.63,192.17,191.5,191.98,935425571.7749372
1785344400000,191.99,192.95,191.85,192.935,678640066.1491991
1785345300000,192.96,193.07,192.14,192.16,439447665.96108204
1785346200000,192.12,192.325,191.76,192.05,472624343.9659906
1785347100000,192.06,192.54,191.71,192.288,573699438.2337471
1785348000000,192.29,194.04,192.29,192.776,758235026.357629
1785348900000,192.83,193.31,192.415,193.17,436718122.05902284
1785349800000,193.22,195.55,192.76,195.45,762555608.1964238
1785350700000,195.4,196.17,195.24,195.91,802186931.8826888
1785351600000,195.906,196.31,194.2,194.845,704300571.7843163
1785352500000,194.9,195.14,192.565,193.38,838222461.1634889
1785353400000,193.42,193.71,191.05,191.47,958080259.6391994
1785354300000,191.47,192.29,190.035,190.06,3038740522.150984
1785355200000,190.228,190.275,189.107,189.808,4943442622.942989
1785356100000,189.89,189.973,188.89,189.11,464956754.13401806
1785357000000,189.17,189.835,189.04,189.7,64612916.98905881
1785357900000,189.92,189.99,189.63,189.73,44288090.89935652
1785358800000,189.98,190.05,189.655,190.05,56496468.62916558
1785359700000,190.02,190.11,189.594,190.11,41608809.09223855
1785360600000,189.49,190.048,189.081,189.16,26292727.83893353
1785361500000,189.1,189.3,188.813,189.24,31908563.50256607
1785362400000,189.59,191.517,189.245,191.46,62816665.45091873
1785363300000,190.85,192.063,190.85,191.51,47069988.91040352
1785364200000,191.67,191.767,191.216,191.36,18240830.93120674
1785365100000,190.95,191.35,190.859,190.95,12769652.4255958
1785366000000,191.01,191.245,190.946,191.1,12107759.60787937
1785366900000,191.39,191.504,191.125,191.45,12384979.99822775
1785367800000,191.69,191.753,191.32,191.71,11996862.34432413
1785368700000,191.5,191.702,191.102,191.27,20295899.52078465
1785369600000,191.61,191.97,190.91,191.85,1721.313
1785370500000,191.81,192.01,191.48,191.93,2822720.48
1785371400000,191.93,192.07,190.96,191.07,3194450.86
1785372300000,191.1,191.47,190.91,191.28,2210189.14
1785373200000,191.29,192.09,191.29,191.66,5882226.52
1785374100000,191.71,192.49,191.59,192.41,3610691.06
1785375000000,192.4,193.41,192.4,192.9,8400752.15
1785375900000,192.86,193.11,192.73,192.78,2840918.44
1785376800000,192.75,192.82,192.37,192.51,4464375.85
1785377700000,192.45,192.48,191.79,191.89,3766848.45
1785378600000,191.84,192.0,191.62,191.9,3854358.08
1785379500000,191.95,192.14,191.38,191.41,2159139.53
1785380400000,191.42,191.62,191.0,191.06,3143655.35
1785381300000,191.06,191.19,190.67,191.0,4147107.87
1785382200000,191.0,191.4,190.79,191.12,1839906.24
1785383100000,191.13,191.6,191.12,191.23,1129356.58
1785384000000,191.32,191.39,190.9,191.0,3067267.97
1785384900000,191.01,191.58,190.86,191.51,1864860.46
1785385800000,191.52,191.67,190.91,190.99,2076209.03
1785386700000,191.0,191.21,190.47,190.66,2756641.4
1785387600000,190.64,190.71,190.38,190.71,2711520.75
1785388500000,190.68,191.39,190.66,191.2,2449015.36
1785389400000,191.17,191.61,191.05,191.61,4678862.82
1785390300000,191.59,191.76,191.35,191.47,1727673.19
1785391200000,191.49,191.93,191.39,191.84,4090368.9
1785392100000,191.87,191.97,191.57,191.81,2849799.41
1785393000000,191.79,191.8,191.37,191.39,1842511.58
1785393900000,191.36,191.49,191.14,191.22,1972206.48
1785394800000,191.2,191.86,191.19,191.67,2419279.09
1785395700000,191.66,191.74,191.02,191.11,3138472.83
1785396600000,191.06,191.2,190.49,191.14,3972011.27
1785397500000,191.15,191.27,190.83,190.84,3240116.5
1785398400000,191.27,191.27,190.168,190.94,85662519.508522
1785399300000,190.85,191.595,190.85,191.47,6492280.25945523
1785400200000,191.65,191.8,191.404,191.8,6312083.46723261
1785401100000,191.661,191.855,191.453,191.6,4834969.20097301
1785402000000,192.0,192.186,191.556,192.0,9921967.26548109
1785402900000,192.187,192.674,192.09,192.456,8469182.04474811
1785403800000,192.41,192.627,192.085,192.24,9609408.02352126
1785404700000,192.153,192.184,191.682,191.682,6666359.70629191
1785405600000,191.681,191.96,191.499,191.8,7822819.732503231
1785406500000,192.63,192.679,191.8,192.63,10464370.8575494
1785407400000,192.79,192.8,192.485,192.75,8234358.85892932
1785408300000,192.69,192.8,192.348,192.43,8507368.30485052
1785409200000,192.62,193.119,192.367,192.91,38393028.25804797
1785410100000,193.15,193.39,192.92,193.39,21076173.59814801
1785411000000,193.35,193.44,192.9,193.4,32934979.97761563
1785411900000,193.44,193.634,193.353,193.46,23741228.45019996
1785412800000,193.3,194.298,193.16,194.15,46141323.25712641
1785413700000,194.224,194.233,193.475,193.619,46432530.281795494
1785414600000,193.62,194.148,193.577,193.812,92541290.42771977
1785415500000,193.76,194.21,193.679,194.1,56729560.17789049
1785416400000,194.42,194.597,194.117,194.2,71322588.67738257
1785417300000,194.3,194.398,193.0,193.56,73857182.7381423
1785418200000,193.375,193.43,191.51,192.45,2001218682.5353386
1785419100000,192.478,195.61,192.39,195.52,1899039934.2185664
1785420000000,195.525,196.4,194.945,195.789,1297470066.572591
1785420900000,195.81,197.16,195.29,196.81,1032289485.3439001
1785421800000,196.77,197.24,195.915,195.97,949176564.6682608
1785422700000,195.95,195.982,194.24,194.84,1068914691.7229913
1785423600000,194.84,195.32,194.045,194.307,970540806.7875186
1785424500000,194.308,194.51,193.43,193.51,1139396235.188443
1785425400000,193.5,193.58,192.83,193.16,718740786.4653561
1785426300000,193.2,193.52,192.75,193.15,726683538.5191623
1785427200000,193.12,194.365,192.84,194.21,667227760.890419
1785428100000,194.25,194.3,193.69,193.81,455269057.4424973
1785429000000,193.815,194.01,192.7,192.88,590184383.0472579
1785429900000,192.87,193.56,192.86,193.42,345537250.5484857
1785430800000,193.4,194.01,193.4,193.525,371168068.6705291
1785431700000,193.5,193.99,193.45,193.65,313959107.43280184
1785432600000,193.625,193.78,193.06,193.662,548390784.4039783
1785433500000,193.66,194.04,193.57,193.743,462938393.747417
1785434400000,193.78,194.065,193.585,193.685,349172319.8530749
1785435300000,193.685,193.725,193.24,193.495,357364426.9863025
1785436200000,193.49,193.85,193.14,193.33,405590250.73020136
1785437100000,193.335,193.75,193.285,193.53,407771176.55052626
1785438000000,193.525,194.8,193.42,194.58,620000233.9180785
1785438900000,194.6,194.92,193.985,194.04,582990703.0701249
1785439800000,194.055,194.825,193.985,194.78,664320101.3344623
1785440700000,194.77,195.33,194.58,195.04,1633343048.940337
1785441600000,195.107,195.805,195.089,195.397,4433250705.950938
1785442500000,195.59,196.319,195.22,196.01,65200956.22839771
1785443400000,195.65,196.329,195.63,196.12,68691888.54628138
1785444300000,195.9,196.098,195.505,195.8,22218204.45256385
1785445200000,195.41,195.525,195.2,195.33,18362361.23526866
1785446100000,195.59,196.75,195.41,196.43,51007070.9698236
1785447000000,196.11,196.228,195.722,195.91,24567663.12169914
1785447900000,196.07,196.085,195.423,195.53,19680085.14357448
1785448800000,195.39,195.94,195.244,195.71,26574043.27616242
1785449700000,195.818,196.215,195.682,195.793,23624905.505465925
1785450600000,195.794,195.94,195.575,195.911,30025504.632782068
1785451500000,195.92,196.1,195.902,196.068,17410549.46109858
1785452400000,196.13,196.355,196.055,196.31,14871599.14667854
1785453300000,196.19,196.265,196.071,196.24,12098540.4212369
1785454200000,196.2,196.48,196.16,196.47,11919089.69623493
1785455100000,196.49,196.83,196.383,196.83,17580669.61788009
1785456000000,196.11,197.72,196.11,197.64,8291884.79
1785456900000,197.66,197.67,197.06,197.48,4281380.46
1785457800000,197.49,197.82,197.47,197.82,4687096.08
1785458700000,197.82,197.94,197.56,197.9,4542394.99
1785459600000,197.94,198.56,197.93,198.46,10835076.26
1785460500000,198.46,198.64,198.11,198.18,8757203.06
1785461400000,198.2,198.5,197.85,197.86,7341420.99
1785462300000,197.86,197.96,197.49,197.56,4954075.83
1785463200000,197.57,197.98,197.08,197.08,4258273.02
1785464100000,197.08,197.36,196.73,197.27,9740030.07
1785465000000,197.24,197.34,196.8,196.98,4037299.7
1785465900000,196.99,197.5,196.95,197.47,2832500.19
1785466800000,197.47,197.5,197.23,197.43,2263861.97
1785467700000,197.4,197.93,197.35,197.73,4560488.47
1785468600000,197.74,197.83,197.58,197.6,1368485.4
1785469500000,197.63,197.73,197.36,197.57,2064080.71
1785470400000,197.61,197.66,197.28,197.63,995097.6
1785471300000,197.64,198.1,197.55,198.04,2819086.02
1785472200000,198.06,198.61,198.04,198.53,3855320.22
1785473100000,198.53,198.71,198.4,198.4,2926860.48
1785474000000,198.42,198.72,198.33,198.59,2668047.94
1785474900000,198.6,198.72,198.12,198.61,3970887.57
1785475800000,198.61,198.67,198.01,198.16,4432166.0
1785476700000,198.1,198.52,198.1,198.49,4585133.94
1785477600000,198.5,198.77,198.43,198.75,3363538.36
1785478500000,198.75,198.77,198.27,198.33,4216869.15
1785479400000,198.32,198.35,197.07,197.2,9984537.08
1785480300000,197.2,197.7,197.02,197.45,5565009.25
1785481200000,197.41,198.0,197.16,197.74,4360856.58
1785482100000,197.71,198.7,197.51,198.69,10838821.83
1785483000000,198.39,198.4,197.97,198.08,5939512.41
1785483900000,198.25,198.89,198.0,198.34,4521530.34
1785484800000,198.13,198.453,196.834,198.04,126484864.8831603
1785485700000,198.54,198.732,198.405,198.67,8938002.7540685
1785486600000,198.62,198.717,198.29,198.49,13925105.38196429
1785487500000,198.37,198.535,198.3,198.46,4609362.85160953
1785488400000,198.459,198.655,198.334,198.524,8845937.76260105
1785489300000,198.53,198.53,198.204,198.53,6707289.78358475
1785490200000,198.19,198.25,197.836,198.01,8607453.28231166
1785491100000,197.97,198.014,197.761,197.95,4787340.55059027
1785492000000,197.71,198.2,197.676,198.08,5379869.66248316
1785492900000,198.01,198.174,197.945,198.01,6027528.70887576
1785493800000,197.87,198.075,197.79,197.84,7281004.95417716
1785494700000,197.88,197.935,197.625,197.88,5637549.38490268
1785495600000,197.99,198.167,197.675,197.77,39938941.2218769
1785496500000,197.74,197.82,197.278,197.36,21266898.90612476
1785497400000,197.26,197.44,197.215,197.25,24761665.88163127
1785498300000,197.66,197.66,197.254,197.51,56559818.44572981
1785499200000,197.28,197.584,196.89,196.89,23227418.98146072
1785500100000,196.76,196.995,196.455,196.99,34912477.08480353
1785501000000,196.98,197.043,196.615,196.69,39511915.81416149
1785501900000,196.53,196.95,196.42,196.8,21118143.36693566
1785502800000,196.86,197.446,196.787,197.32,32482499.98419156
1785503700000,197.35,198.6,197.25,198.45,164773221.0958417
1785504600000,198.525,200.1,197.11,197.485,2332297486.1024075
1785505500000,197.59,198.5,196.99,197.705,1001270024.1512069
1785506400000,197.62,197.88,194.94,195.48,1073098123.6408653
1785507300000,195.45,197.24,195.06,196.99,829242844.5293351
1785508200000,197.02,198.04,196.78,197.83,601799368.1495937
1785509100000,197.9,198.915,197.54,198.112,1231054961.3155777
1785510000000,198.13,198.32,196.62,197.205,645574167.8511814
1785510900000,197.21,197.89,195.31,195.63,739828716.3786907
1785511800000,195.59,196.665,195.24,196.16,591150565.0113982
1785512700000,196.17,196.5,195.67,196.31,503624554.4241887
1785513600000,196.36,196.81,196.19,196.59,389099518.52506363
1785514500000,196.66,198.03,196.2,198.03,485524929.9639029
1785515400000,198.04,198.28,197.5,197.68,490869311.64589256
1785516300000,197.69,198.5,197.57,198.244,570333608.3197359
1785517200000,198.21,198.83,198.15,198.705,394412616.25583124
1785518100000,198.7,199.31,198.69,199.245,487240513.7171848
1785519000000,199.24,199.96,199.155,199.325,532206289.430876
1785519900000,199.34,199.71,198.99,199.485,426166062.8485816
1785520800000,199.45,199.775,198.85,198.9,453198057.7623014
1785521700000,198.9,199.23,198.5,198.55,532450326.84136456
1785522600000,198.63,198.89,198.48,198.725,558862317.982648
1785523500000,198.71,199.3,198.71,198.96,430213749.18851537
1785524400000,198.92,199.11,198.285,198.697,524314662.6713292
1785525300000,198.72,201.11,198.69,200.285,1760155606.17395
1785526200000,200.3,201.07,199.9,201.07,999171042.5423471
1785527100000,201.09,201.98,200.63,200.68,2918175601.120949
1785528000000,200.77,200.822,199.715,200.02,5988576953.91041
1785528900000,199.94,200.01,199.84,199.84,40292616.32763225
1785529800000,199.98,200.005,199.924,199.97,25404235.27407317
1785530700000,199.97,200.003,199.51,199.51,64300691.7836629
1785531600000,199.82,199.98,199.558,199.78,16970076.95563834
1785532500000,199.978,199.978,199.845,199.845,19417207.64838488
1785533400000,199.845,199.885,199.362,199.366,21500185.557883777
1785534300000,199.08,199.401,198.9,198.95,21650464.65299719
1785535200000,198.95,199.04,198.95,198.95,9273333.77588807
1785536100000,198.99,199.085,198.925,199.0,4561746.05204337
1785537000000,199.023,199.27,199.016,199.095,20278156.72321832
1785537900000,199.1,199.177,198.951,199.0,8985890.83905449
1785538800000,199.01,199.105,198.95,199.01,4112054.11589181
1785539700000,199.11,199.125,199.025,199.11,2612567.17500794
1785540600000,199.1,199.1,199.025,199.08,4709877.28093551
1785541500000,199.08,199.105,198.948,198.948,15863966.023391413
1785542400000,198.947,198.947,198.946,198.946,29248.18882817
1785543300000,193.71,193.71,193.71,193.71,11.641971
1785545100000,197.69,197.69,197.69,197.69,7.057533
1785548700000,197.72,197.72,197.72,197.72,19.772
1785549600000,197.72,197.94,193.71,193.71,104.261407
1785550500000,197.75,198.71,193.71,193.72,148.098864
1785551400000,198.71,200.0,193.72,193.72,310.688849
1785552300000,200.0,200.0,193.72,194.0,264.55112
1785553200000,200.0,200.0,195.08,195.08,56.51644
1785554100000,200.0,201.39,193.72,201.39,1158.175466
1785555000000,201.39,201.39,193.72,201.38,864.082401
1785556800000,201.38,201.38,193.82,193.84,229.598894
1785557700000,193.84,201.39,193.84,201.39,1962.933511
1785558600000,201.39,201.39,199.39,199.39,592.075856
1785559500000,201.38,202.25,199.39,199.39,419.493543
1785560400000,199.39,202.2,199.35,199.35,1066.877834
1785561300000,201.49,202.2,199.32,199.84,907.168506
1785562200000,199.32,202.19,199.16,199.16,787.562423
1785563100000,202.18,202.19,199.15,202.17,459.026255
1785564000000,202.17,202.17,199.27,199.27,107.030373
1785564900000,202.17,202.2,199.13,199.61,868.094509
1785565800000,202.19,202.2,199.13,199.13,257.376228
1785566700000,202.19,202.19,199.1,199.1,210.989406
1785569400000,202.19,202.2,202.19,202.2,41.996327
1785570300000,199.47,199.47,199.47,199.47,45.040326
1785571200000,202.2,202.2,199.07,199.07,247.190518
1785572100000,202.2,202.2,199.29,199.29,185.385825
1785573900000,199.29,202.2,199.03,199.03,151.196354
1785574800000,199.04,200.0,199.03,199.03,101.327019
1785575700000,199.03,199.1,197.92,199.1,212.775067
1785576600000,197.93,199.99,197.92,197.92,225.260868
1785577500000,197.96,200.0,196.0,196.0,238.043797
1785578400000,197.84,199.34,197.84,199.34,75.892792
1785580200000,199.34,199.4,198.42,198.42,184.224471
1785581100000,199.48,199.48,199.48,199.48,38.439796
1785582000000,199.19,199.66,198.36,198.36,146.708153
1785582900000,199.28,199.78,198.36,199.78,366.185113
1785583800000,199.85,200.16,198.1,199.49,696.720203
1785584700000,200.27,200.34,199.49,199.49,269.224966
1785585600000,200.2,200.2,199.49,199.49,69.845863
1785587400000,200.22,200.44,199.49,200.29,440.934894
1785588300000,200.45,200.48,199.49,199.49,388.342853
1785589200000,200.38,200.48,199.49,199.49,731.077678
1785590100000,200.0,200.0,200.0,200.0,231.38
1785591000000,200.0,200.0,199.98,199.98,404.459782
1785591900000,200.0,200.0,199.81,199.81,399.786379
1785592800000,199.8,200.0,199.78,199.78,103.44093
1785593700000,199.85,199.85,199.85,199.85,34.57405
1785594600000,199.85,200.0,199.65,199.65,396.67293
1785595500000,199.67,199.72,199.61,199.72,184.158074
1785596400000,199.72,199.72,199.61,199.61,91.451879
1785597300000,199.65,199.73,199.56,199.63,86.754008
1785598200000,199.73,199.92,199.5,199.5,880.134107
1785599100000,199.53,200.0,199.49,199.49,1075.904224
1785600000000,200.06,200.56,199.49,199.84,2635.64812
1785600900000,200.48,200.56,200.13,200.13,1585.025793
1785603600000,200.2,200.2,200.2,200.2,39.99996
1785604500000,200.2,200.2,200.2,200.2,29.98996
1785608100000,200.1,200.1,200.1,200.1,49.98498
1785609900000,200.09,200.14,200.09,200.14,774.693448
1785610800000,200.04,200.04,200.04,200.04,400.08
1785614400000,200.14,200.14,200.0,200.0,12085.452402
1785615300000,200.0,200.0,200.0,200.0,10.8
1785616200000,200.0,200.0,200.0,200.0,86.24
1785617100000,200.0,200.0,200.0,200.0,10.0
1785618900000,200.0,200.0,199.71,199.71,22.082542
1785619800000,199.71,199.71,199.71,199.71,12.761469
1785622500000,199.92,199.92,199.92,199.92,7.816872
1785624300000,200.2,200.2,200.2,200.2,15.39538
1785626100000,200.2,200.61,200.2,200.61,15.677915
1785627000000,200.61,200.61,199.71,199.71,73.928295
1785627900000,199.98,199.98,199.98,199.98,12.718728
1785630600000,199.98,200.07,199.71,199.71,70.120548
1785633300000,199.69,199.72,199.64,199.72,378.472547
1785634200000,199.72,199.72,199.72,199.72,1.737564
1785635100000,199.72,199.79,199.72,199.72,50.07364
1785636000000,199.79,199.79,199.79,199.79,10.98845
1785637800000,199.79,199.87,199.62,199.62,405.319988
1785638700000,199.66,199.66,199.61,199.61,68.035653
1785639600000,199.74,199.74,199.58,199.58,71.234432
1785640500000,199.74,199.79,199.56,199.56,228.135564
1785641400000,199.63,199.67,199.63,199.67,84.371522
1785642300000,199.77,199.86,199.77,199.86,189.128531
1785643200000,200.01,200.1,200.01,200.1,253903.245066
1785644100000,200.1,200.1,199.46,199.46,132025.928572
1785645000000,199.61,199.61,199.41,199.41,133.739423
1785649500000,199.59,199.59,199.39,199.48,105.496156
1785651300000,199.48,199.48,199.37,199.37,65.350192
1785653100000,199.59,199.59,199.25,199.25,1005.455043
1785654900000,199.24,199.24,199.1,199.23,9051.376908
1785655800000,199.27,199.27,199.04,199.16,294.596059
1785657600000,199.27,199.27,199.27,199.27,10.182697
1785658500000,199.27,199.27,199.02,199.02,545.503197
1785659400000,199.06,199.06,199.02,199.02,108.317572
1785660300000,199.06,199.06,199.06,199.06,97.121374
1785661200000,199.01,199.06,199.01,199.01,181.511055
1785662100000,199.06,199.06,199.01,199.06,239.026194
1785663000000,199.27,199.27,198.99,198.99,2015.537848
1785663900000,198.97,198.97,198.97,198.97,65.043293
1785666600000,199.08,199.08,198.93,198.93,53.452848
1785667500000,198.92,198.92,198.92,198.92,13.606128
1785671100000,199.01,199.01,198.92,198.92,99.551302
1785673800000,199.03,199.03,198.85,198.85,276.861153
1785675600000,198.84,199.43,198.84,199.39,6120.725958
1785676500000,199.29,199.29,198.88,198.88,130.958687
1785679200000,198.98,199.34,198.79,199.34,1783.622972
1785680100000,199.26,199.26,199.26,199.26,25.525206
1785681000000,199.26,199.26,198.77,198.77,342.676634
1785681900000,198.86,199.06,198.7,198.7,235.749598
1785683700000,198.65,199.51,198.63,199.51,3276.796094
1785684600000,199.51,199.51,199.51,199.51,41.996855
1785685500000,199.51,199.51,199.51,199.51,26.674487
1785686400000,199.51,199.51,199.51,199.51,22.385022
1785688200000,199.51,199.68,199.51,199.68,1418.094042
1785690900000,199.73,199.73,198.62,199.73,2737.263963
1785691800000,200.06,200.06,198.61,198.61,215.421552
1785693600000,198.62,198.62,198.62,198.62,36.029668
1785696300000,199.92,199.92,199.92,199.92,19.992
1785697200000,200.05,200.05,198.62,198.62,205.555539
1785698100000,200.05,200.06,200.05,200.06,773.305726
1785699000000,200.06,200.12,198.62,200.12,2467.284534
1785700800000,200.12,200.12,200.12,200.12,1117.309984
1785701700000,200.12,200.12,200.12,200.12,1518.190368
1785702600000,200.12,200.23,198.66,199.44,3257.441685
1785703500000,200.09,200.09,198.66,198.66,1407.486571
1785704400000,198.62,198.62,198.6,198.6,10104.976064
1785705300000,198.64,198.64,198.34,198.34,6331.493967
1785706200000,198.28,198.28,198.06,198.06,5907.12913
1785708900000,198.33,198.41,198.27,198.41,4755.663389
1785709800000,198.41,198.63,198.41,198.63,2020.705204
1785710700000,198.63,198.63,198.17,198.17,499.467054
1785711600000,198.2,198.26,198.2,198.2,59.763354
1785713400000,198.28,198.92,198.28,198.92,6830.740782
1785714300000,198.75,199.2,198.65,199.2,1744.937599
1785715200000,202.43,202.43,200.43,201.78,15464769.1
1785716100000,201.75,201.76,200.91,201.18,4987350.92
1785717000000,201.15,201.45,200.97,201.18,2361105.54
1785717900000,201.21,201.51,201.1,201.49,3040516.64
1785718800000,201.5,201.68,201.29,201.53,4863956.68
1785719700000,201.54,201.68,201.33,201.68,1625795.65
1785720600000,201.64,201.8,201.43,201.8,3091750.76
1785721500000,201.76,201.95,201.63,201.9,3357897.96
1785722400000,201.88,201.91,201.65,201.91,3252908.03
1785723300000,201.87,202.16,201.77,201.79,5071017.61
1785724200000,201.79,202.11,201.7,201.89,2995314.64
1785725100000,201.89,201.97,201.82,201.92,1440239.88
1785726000000,201.93,201.97,201.85,201.9,878117.55
1785726900000,201.9,201.97,201.71,201.74,1448934.91
1785727800000,201.76,202.03,201.71,201.98,1372609.79
1785728700000,202.0,202.2,201.91,202.0,2218642.03
1785729600000,202.02,202.22,201.95,202.09,1366782.94
1785730500000,202.13,202.63,202.13,202.58,3510779.79
1785731400000,202.57,202.71,202.48,202.66,2592628.09
1785732300000,202.68,202.71,202.39,202.42,2267574.13
1785733200000,202.41,202.54,202.28,202.38,1138915.35
1785734100000,202.33,202.47,202.2,202.31,1162128.55
1785735000000,202.38,202.38,202.1,202.14,1216534.39
1785735900000,202.14,202.2,201.88,201.98,2332489.46
1785736800000,201.97,202.08,201.91,201.94,1711109.08
1785737700000,201.92,201.97,201.72,201.72,1042596.15
1785738600000,201.77,201.99,201.61,201.72,2049556.52
1785739500000,201.7,201.78,201.55,201.61,1283742.01
1785740400000,201.61,201.96,201.4,201.95,4873980.76
1785741300000,201.93,202.02,201.57,201.69,1349859.42
1785742200000,201.76,201.8,201.33,201.33,1260955.74
1785743100000,201.36,201.51,201.24,201.49,962751.71
1785744000000,198.946,201.464,198.946,200.851,79459613.57816803
1785744900000,199.71,200.85,199.705,199.71,19986765.0011969
1785745800000,200.0,200.423,199.759,200.26,12796114.88047214
1785746700000,200.59,200.76,200.173,200.75,7436136.02024873
1785747600000,200.7,200.8,200.45,200.57,5227142.5161246
1785748500000,200.57,200.776,200.54,200.574,12072545.8178902
1785749400000,200.575,200.81,200.56,200.624,2788596.47804146
1785750300000,200.62,200.737,200.441,200.62,4571742.92745156
1785751200000,200.54,200.723,200.184,200.22,7356127.07207993
1785752100000,200.249,200.294,199.73,199.94,12045666.532469856
1785753000000,199.91,199.995,199.8,199.99,7157689.77581433
1785753900000,200.01,200.485,199.98,200.33,8706854.40259536
1785754800000,200.18,200.285,199.26,199.44,29956699.38720932
1785755700000,199.56,199.658,199.38,199.42,12370182.21486098
1785756600000,199.406,199.799,199.16,199.386,22659406.330480274
1785757500000,199.22,199.409,198.313,198.52,41220266.90970011
1785758400000,198.44,198.699,197.99,198.49,44226700.15924189
1785759300000,198.68,198.86,198.477,198.49,31583436.36586323
1785760200000,198.59,198.708,198.1,198.64,38050296.67116598
1785761100000,198.668,198.79,198.409,198.633,211816492.69763756
1785762000000,198.56,198.867,198.512,198.69,103341095.12368926
1785762900000,198.82,199.24,196.88,196.88,92466346.58158536
1785763800000,197.67,199.83,196.91,198.94,1701071938.5617878
1785764700000,198.84,202.34,198.695,202.34,1239588107.7855728
1785765600000,202.31,205.58,201.525,204.2,2033481916.7663267
1785766500000,204.23,205.69,203.97,205.325,1178592363.6162908
1785767400000,205.4,206.37,204.8,206.02,1163709560.4996116
1785768300000,206.05,206.59,205.74,206.34,845490464.997343
1785769200000,206.295,207.21,206.1,206.682,1314943815.765227
1785770100000,206.671,207.39,206.41,206.45,1065856063.0808825
1785771000000,206.45,207.24,206.3,206.625,763577220.6534323
1785771900000,206.65,207.19,206.62,206.775,640279573.0370606
1785772800000,206.77,207.23,206.63,207.15,446454425.3149847
1785773700000,207.12,207.49,206.925,207.08,468105071.4576279
1785774600000,207.08,207.125,206.69,207.05,463621457.28933156
1785775500000,207.1,207.32,206.88,206.88,327162565.8923842
1785776400000,206.88,207.6,206.82,207.55,500530423.9300317
1785777300000,207.52,208.67,207.375,208.51,701816878.6615534
1785778200000,208.567,208.71,207.685,207.954,812200063.3508453
1785779100000,207.96,208.46,207.65,208.23,621608426.882525
1785780000000,208.14,208.73,208.07,208.28,531716470.88681644
1785780900000,208.3,208.5,207.57,207.7,495322393.0318643
1785781800000,207.71,208.07,207.595,207.975,404260027.67949545
1785782700000,208.02,208.17,207.7,208.17,376081624.64048827
1785783600000,208.15,208.7,207.64,207.71,680028983.5688508
1785784500000,207.75,208.14,207.68,207.85,558101464.1082133
1785785400000,207.845,207.925,207.09,207.265,696290042.45629
1785786300000,207.29,207.435,205.94,206.72,2143136352.2311747
1785787200000,206.63,206.721,206.092,206.51,4471416866.418637
1785788100000,206.71,206.917,206.532,206.72,41978162.35708211
1785789000000,206.7,206.843,206.238,206.46,23157220.88341083
1785789900000,206.85,206.943,206.646,206.85,12458918.54953091
1785790800000,206.675,206.725,206.58,206.723,17110301.250720542
1785791700000,206.726,206.825,206.667,206.811,7538097.16879308
1785792600000,206.811,206.825,206.605,206.641,8216967.80049542
1785793500000,206.637,206.784,206.615,206.78,10169932.27492859
1785794400000,206.88,206.96,206.767,206.96,8425539.3559535
1785795300000,206.793,206.929,206.755,206.83,8798702.800804405
1785796200000,206.8,207.359,206.795,207.29,13183100.55506653
1785797100000,207.23,207.23,206.941,207.01,7467784.07285589
1785798000000,206.88,207.02,206.8,206.84,8010472.14840957
1785798900000,206.88,207.05,206.825,206.99,5491006.03608806
1785799800000,206.86,207.03,206.847,206.85,7031950.98833082
1785800700000,206.9,206.963,206.783,206.9,8907397.96260219
1785801600000,206.75,207.01,206.1,206.26,7415208.19
1785802500000,206.22,206.24,205.93,206.07,2883963.42
1785803400000,206.07,206.07,205.71,205.85,4233418.75
1785804300000,205.88,206.25,205.61,205.87,2704326.33
1785805200000,205.88,205.9,205.55,205.75,3441771.0
1785806100000,205.83,206.31,205.72,206.27,1856954.81
1785807000000,206.24,206.8,206.24,206.8,1970189.62
1785807900000,206.81,207.6,206.78,207.53,4028737.11
1785808800000,207.54,207.59,206.73,206.86,2384354.47
1785809700000,206.78,206.98,206.62,206.64,2089173.24
1785810600000,206.63,207.1,206.63,206.99,808500.71
1785811500000,207.02,207.1,206.75,206.88,986644.29
1785812400000,206.83,206.94,206.49,206.6,1494523.85
1785813300000,206.54,206.8,206.37,206.75,1144396.94
1785814200000,206.75,207.08,206.75,206.92,3055748.35
1785815100000,206.86,207.22,206.84,207.18,1286553.04
1785816000000,207.18,207.27,206.94,206.94,1425724.91
1785816900000,206.99,207.25,206.92,207.21,1414319.58
1785817800000,207.21,207.38,207.14,207.19,3265876.08
1785818700000,207.14,207.41,207.09,207.33,1726268.57
1785819600000,207.27,207.34,206.97,207.09,1592184.36
1785820500000,207.11,207.4,207.05,207.32,732867.21
1785821400000,207.31,207.75,207.31,207.64,1795760.51
1785822300000,207.62,207.91,207.58,207.9,2831647.02
1785823200000,207.9,208.21,207.78,208.09,4285792.88
1785824100000,208.07,208.22,207.97,208.01,2999442.09
1785825000000,208.01,208.05,207.5,207.61,2802057.23
1785825900000,207.6,207.65,207.46,207.58,3080992.03
1785826800000,207.54,207.76,207.48,207.64,2623836.96
1785827700000,207.57,208.25,207.5,208.2,4621825.89
1785828600000,208.15,208.51,208.05,208.08,2288029.7
1785829500000,208.09,208.32,208.05,208.07,1581370.17
1785830400000,208.57,208.662,206.975,208.57,73353791.63974485
1785831300000,208.65,208.695,208.4,208.4,9838891.05360488
1785832200000,208.21,208.461,207.966,208.06,8394442.43309593
1785833100000,207.98,208.28,207.974,208.11,6471888.37393984
1785834000000,208.01,208.23,207.896,208.01,9129320.33424105
1785834900000,208.14,208.408,208.1,208.371,7169034.02475958
1785835800000,208.46,208.535,208.372,208.46,9116816.04762513
1785836700000,208.528,208.611,208.331,208.464,7314508.47370805
1785837600000,208.45,208.624,208.41,208.53,6479393.78645013
1785838500000,208.37,208.712,208.37,208.55,9753647.9918657
1785839400000,208.501,208.689,208.267,208.687,10040404.825591194
1785840300000,208.81,208.81,208.476,208.8,15304913.97102166
1785841200000,209.27,209.48,208.615,209.19,63376162.89379653
1785842100000,209.5,209.597,209.288,209.58,29399212.52453199
1785843000000,209.48,209.71,209.235,209.71,82453700.82981539
1785843900000,209.69,210.66,209.577,210.49,88077799.56786427
1785844800000,210.18,210.557,209.972,210.0,33642283.73376753
1785845700000,210.0,210.525,209.966,210.49,43088621.47524147
1785846600000,210.01,210.26,209.934,210.06,22903910.33146251
1785847500000,209.968,210.122,209.79,209.951,48692615.66172031
1785848400000,209.99,210.273,209.818,210.23,28797349.37304211
1785849300000,210.28,211.469,210.0,211.29,135043495.27611285
1785850200000,211.5,212.15,210.36,211.21,2199779107.2517924
1785851100000,211.24,212.09,209.22,210.04,1580639572.5540915
1785852000000,210.02,210.83,209.79,210.21,1080832752.8362434
1785852900000,210.17,210.37,209.12,210.31,898494345.2258368
1785853800000,210.22,210.72,209.76,210.15,844020623.9875838
1785854700000,210.14,211.02,209.07,209.57,1048072489.3194933
1785855600000,209.55,210.1,209.51,210.03,628880970.6061596
1785856500000,210.03,210.44,209.86,209.924,774170494.3676229
1785857400000,209.9,210.64,209.625,210.61,530985714.0060338
1785858300000,210.67,210.955,210.585,210.785,510504886.6566103
1785859200000,210.77,210.83,210.37,210.5,447461270.3591869
1785860100000,210.509,210.92,210.19,210.217,624703437.8982096
1785861000000,210.23,210.565,209.95,210.498,558570101.0723325
1785861900000,210.52,210.78,210.37,210.62,393241648.8272374
1785862800000,210.61,211.38,210.6,211.27,612730873.1737667
1785863700000,211.27,211.63,211.17,211.46,484804601.6595456
1785864600000,211.471,211.88,211.18,211.753,653628187.834113
1785865500000,211.756,212.13,211.41,211.517,1222323048.7393935
1785866400000,211.49,211.685,211.06,211.68,464580453.22783464
1785867300000,211.66,212.65,211.637,212.54,811788863.941256
1785868200000,212.59,213.0,212.195,212.33,784346849.3163792
1785869100000,212.33,213.0,212.255,212.939,864690390.7271134
1785870000000,212.93,213.07,212.55,212.678,1019446895.3077947
1785870900000,212.68,212.94,212.3,212.49,673387701.4677502
1785871800000,212.495,212.95,212.34,212.85,773762657.8591431
1785872700000,212.86,212.98,211.79,211.79,1758347344.4358633
1785873600000,211.919,212.031,211.1,211.805,5789881395.337067
1785874500000,211.01,211.801,209.51,210.51,137289634.04993495
1785875400000,209.99,212.41,209.77,212.29,169908968.31127495
1785876300000,212.39,213.9,211.488,213.77,133289607.29242416
1785877200000,213.77,215.753,213.37,215.52,264325065.60997516
1785878100000,215.48,217.1,215.17,215.313,343741993.8445713
1785879000000,215.3,216.25,215.3,215.39,92148964.18811536
1785879900000,215.35,215.674,214.79,214.91,48108933.21612699
1785880800000,215.34,215.706,214.869,215.69,40360589.82650497
1785881700000,215.7,215.711,215.01,215.01,33339649.07140738
1785882600000,215.158,215.634,215.15,215.313,38430251.04623317
1785883500000,215.44,216.57,215.266,216.57,47788195.30465888
1785884400000,216.39,217.09,216.065,216.93,77688399.56979565
1785885300000,216.82,216.908,216.227,216.61,34557306.05562079
1785886200000,216.34,216.615,216.118,216.5,29422351.2443778
1785887100000,216.63,216.7,216.262,216.56,28461278.14457937
1785888000000,216.12,216.54,216.0,216.45,6104064.19
1785888900000,216.46,216.51,216.17,216.33,2542958.02
1785889800000,216.35,216.68,216.35,216.51,4826435.12
1785890700000,216.52,216.54,216.0,216.25,5495788.24
1785891600000,216.22,216.39,215.92,216.2,4913356.16
1785892500000,216.19,216.26,215.73,215.91,5992940.35
1785893400000,215.91,216.09,215.72,215.87,5131220.73
1785894300000,215.91,216.44,215.91,216.17,5929690.86
1785895200000,216.19,216.38,216.12,216.19,2446119.2
1785896100000,216.19,216.28,216.03,216.07,1960497.15
1785897000000,216.06,216.18,215.93,215.99,2712836.01
1785897900000,216.0,216.4,215.99,216.37,2752598.25
1785898800000,216.36,216.5,216.33,216.42,2110249.31
1785899700000,216.47,216.56,216.31,216.31,2448770.0
1785900600000,216.31,216.55,216.23,216.54,2257931.6
1785901500000,216.53,216.59,216.37,216.56,2178921.3
1785902400000,216.56,216.63,216.47,216.55,1736581.27
1785903300000,216.55,216.56,216.32,216.42,2623860.51
1785904200000,216.42,216.86,216.39,216.84,3527980.64
1785905100000,216.81,216.97,216.65,216.85,3289401.53
1785906000000,216.83,217.43,216.77,217.42,6480051.0
1785906900000,217.42,217.47,217.02,217.18,6286326.0
1785907800000,217.13,217.13,216.73,216.91,5127763.04
1785908700000,216.92,217.39,216.88,217.36,4107429.32
1785909600000,217.34,217.4,216.99,217.34,5386932.25
1785910500000,217.33,217.33,216.93,217.06,3854064.31
1785911400000,217.07,217.33,217.07,217.13,1760031.18
1785912300000,217.18,217.32,217.09,217.27,3228333.18
1785913200000,217.22,217.33,216.7,216.77,4250810.81
1785914100000,216.8,217.0,216.51,216.53,6262288.91
1785915000000,216.54,216.73,216.45,216.47,7131616.71
1785915900000,216.49,216.69,216.49,216.61,2706073.18
1785916800000,216.56,217.426,216.515,216.64,144987617.62023798
1785917700000,216.86,216.907,216.087,216.14,20569093.91287028
1785918600000,215.85,216.174,215.558,215.69,35317171.09559628
1785919500000,215.9,216.03,215.606,215.99,16835233.53326749
1785920400000,215.72,216.004,215.7,215.762,21580363.249360744
1785921300000,215.61,216.159,215.59,216.01,12149466.57666646
1785922200000,216.14,216.301,215.916,216.14,12645000.60023537
1785923100000,215.97,216.046,215.76,215.96,9143847.45072199
1785924000000,215.955,216.005,215.676,215.676,7299625.0050348
1785924900000,215.679,216.193,215.67,215.95,19945258.031474646
1785925800000,216.45,216.601,215.95,216.45,15145630.60842703
1785926700000,216.64,216.64,216.185,216.61,26143384.78195784
1785927600000,216.45,216.5,215.43,216.0,56252649.12527384
1785928500000,215.88,215.9,215.44,215.45,29121637.03406875
1785929400000,215.495,215.98,215.22,215.71,70542876.05226342
1785930300000,215.65,215.963,215.556,215.62,33536660.2570706
1785931200000,215.58,215.794,215.154,215.2,44627212.21840785
1785932100000,215.3,215.396,214.79,215.03,90571769.93327405
1785933000000,215.14,215.5,214.95,215.23,54301562.78018993
1785933900000,215.246,215.389,215.0,215.093,67224167.40702698
1785934800000,215.19,215.276,215.036,215.07,34501312.88070998
1785935700000,215.11,217.36,214.95,216.98,159206050.99077004
1785936600000,216.835,221.77,216.42,219.915,5061897068.155199
1785937500000,219.835,221.35,218.87,221.14,2385032230.3098373
1785938400000,221.995,221.995,221.995,221.995,2093124462.3815315
1785939300000,220.786,220.786,220.786,220.786,1721062251.1879456
1785940200000,220.75,220.776,219.56,219.905,1205040485.5283515
1785941100000,219.8,220.23,218.34,218.82,1074687252.3761005
1785942000000,218.84,219.79,218.735,219.32,783318923.0430408
1785942900000,219.38,219.68,218.54,219.12,830007000.1370602
1785943800000,219.094,220.31,219.094,219.937,916120349.0844601
1785944700000,219.93,220.01,218.47,219.05,741158227.6751157
1785945600000,219.04,219.95,218.97,219.51,674767345.199896
1785946500000,219.515,221.36,219.48,221.13,971303866.4853511
1785947400000,221.21,221.525,221.05,221.12,778940656.854561
1785948300000,221.25,221.59,221.11,221.372,873635339.1440035
1785949200000,221.35,221.49,220.6,221.395,649306256.9374619
1785950100000,221.36,221.56,221.03,221.06,584875341.8029122
1785951000000,221.08,221.44,220.82,221.27,459787316.2957252
1785951900000,221.29,221.308,220.7,220.755,466254804.43930095
1785952800000,220.81,221.27,220.59,221.06,655066229.8622282
1785953700000,221.083,221.81,220.915,221.696,880766953.7273223
1785954600000,221.725,221.91,221.16,221.76,674735330.8887652
1785955500000,221.72,221.91,221.3,221.74,600512492.2615044
1785956400000,221.745,222.18,221.69,221.895,1156170921.7531474
1785957300000,221.9,222.09,221.62,221.85,795268840.1357411
1785958200000,221.85,221.85,220.16,220.27,1314116371.4074695
1785959100000,220.23,220.425,218.9,219.15,2347349531.6616807
1785960000000,219.94,220.1,218.88,220.1,3761134123.7821693
1785960900000,220.09,220.096,219.41,219.85,67405051.93628354
1785961800000,219.99,220.147,219.881,220.08,116185007.12242384
1785962700000,220.071,220.075,219.925,219.965,55644847.41571626
1785963600000,219.96,220.086,219.95,220.04,25780153.3267425
1785964500000,219.99,220.035,219.966,220.01,164601669.74552348
1785965400000,219.605,220.01,219.518,219.605,20311049.9499082
1785966300000,219.4,219.995,219.326,219.82,20888573.82350377
1785967200000,219.88,220.36,219.829,220.18,40710683.52229927
1785968100000,220.13,220.74,220.083,220.62,39328753.12936072
1785969000000,220.57,221.13,220.501,221.13,22572814.15823269
1785969900000,220.743,221.117,220.689,220.86,17423796.9947818
1785970800000,220.86,220.86,220.721,220.825,12523197.20897357
1785971700000,220.824,220.995,220.761,220.901,16865009.11842121
1785972600000,220.901,220.949,220.601,220.795,15556480.666846665
1785973500000,220.67,220.808,220.519,220.6,23568754.46918062
1785974400000,220.48,220.74,220.14,220.38,4685882.56
1785975300000,220.33,220.69,220.02,220.04,1797359.0
1785976200000,220.04,220.38,219.85,220.0,3153954.02
1785977100000,220.04,220.14,219.56,219.59,2721806.84
1785978000000,219.59,219.6,218.64,218.82,10810524.64
1785978900000,218.82,218.83,218.5,218.7,7386775.97
1785979800000,218.72,219.2,218.72,218.88,4233167.83
1785980700000,218.86,219.37,218.85,219.01,3270781.54
1785981600000,219.03,219.5,218.8,219.31,3757392.77
1785982500000,219.32,220.23,219.26,219.84,6816246.23
1785983400000,219.85,220.45,219.72,220.44,5067141.11
1785984300000,220.43,220.51,220.21,220.36,6223438.63
1785985200000,220.36,220.6,220.03,220.03,6392721.16
1785986100000,220.06,220.12,219.54,219.64,2755555.92
1785987000000,219.64,219.89,219.48,219.71,2665949.77
1785987900000,219.73,219.99,219.62,219.99,2461932.22
1785988800000,219.99,220.01,219.64,219.95,2017164.59
1785989700000,219.9,220.42,219.9,220.28,2655883.7
1785990600000,220.3,220.41,219.78,219.86,1197545.62
1785991500000,219.86,220.08,219.72,220.07,1210055.81
1785992400000,220.07,220.27,219.97,220.1,1664258.57
1785993300000,220.14,220.27,219.95,220.09,747373.69
1785994200000,220.12,220.14,219.94,220.1,1575865.1
1785995100000,220.11,220.22,219.8,220.21,1866544.45
1785996000000,220.21,220.26,219.5,219.51,5003738.67
1785996900000,219.5,219.7,219.15,219.7,5268283.83
1785997800000,219.73,219.78,219.11,219.21,2552746.98
1785998700000,219.24,219.39,218.96,219.34,2716458.94
1785999600000,219.36,219.8,219.25,219.69,3454171.22
1786000500000,219.71,219.8,219.38,219.44,2344261.93
1786001400000,219.47,219.53,219.19,219.24,1404808.16
1786002300000,219.25,219.36,219.14,219.17,811082.65
1786003200000,219.2,220.654,218.451,218.49,79344302.14160094
1786004100000,219.43,219.46,218.492,219.41,12397037.52948554
1786005000000,219.54,219.99,219.46,219.61,12734076.40555492
1786005900000,219.475,219.75,219.3,219.68,5684422.38667716
1786006800000,219.43,219.68,218.87,218.92,10725777.35677195
1786007700000,218.96,219.115,218.78,218.81,6049210.60033653
1786008600000,218.91,219.072,218.881,218.99,4422535.2582476
1786009500000,219.33,219.438,218.963,219.33,6840799.7200024
1786010400000,219.63,219.745,219.366,219.63,6554605.74186013
1786011300000,219.73,219.825,219.554,219.821,4534218.93552328
1786012200000,219.817,219.817,219.194,219.205,5925465.94350091
1786013100000,219.09,219.31,219.08,219.26,4047806.65033849
1786014000000,219.322,219.5,218.838,219.495,74027816.65404168
1786014900000,219.9,220.84,219.497,220.79,50094629.89978168
1786015800000,221.06,222.309,220.693,222.0,92833399.50559679
1786016700000,222.01,222.196,221.669,221.86,54540259.32159184
1786017600000,221.71,221.904,221.05,221.12,54961477.48732475
1786018500000,220.99,221.618,220.65,221.48,46674827.38114915
1786019400000,221.59,222.045,221.425,221.8,57190799.5180703
1786020300000,221.8,221.96,221.27,221.39,71385245.25944175
1786021200000,221.29,221.341,220.932,220.99,39699333.76583882
1786022100000,221.068,221.742,220.387,221.655,89237514.26310116
1786023000000,221.58,223.53,220.06,222.07,2663690617.2412233
1786023900000,222.075,223.62,221.922,222.14,1522210559.9354563
1786024800000,222.18,222.63,221.3,221.36,1142287038.930802
1786025700000,221.34,221.83,219.36,219.8,1362108713.0271857
1786026600000,219.709,219.96,218.915,219.27,1611642249.3495176
1786027500000,219.264,219.78,218.84,219.136,983257683.6536164
1786028400000,219.155,219.32,217.72,218.345,1021367743.1679283
1786029300000,218.36,218.42,217.71,218.08,627764530.9041864
1786030200000,218.186,218.42,217.31,217.37,838947712.2063323
1786031100000,217.396,218.165,217.295,217.9,837492703.7580881
1786032000000,217.95,218.66,217.46,218.3,570683205.5151951
1786032900000,218.36,219.08,218.07,218.525,705217187.8552865
1786033800000,218.54,219.31,218.51,218.955,550489309.1080062
1786034700000,218.93,219.44,218.5,219.4,542041855.9746023
1786035600000,219.397,219.75,219.27,219.325,651960670.2979755
1786036500000,219.348,219.7,219.01,219.05,399044109.7204457
1786037400000,218.98,219.23,218.57,218.72,346176364.01310474
1786038300000,218.79,219.63,218.66,219.61,336646098.32448083
1786039200000,219.61,220.085,219.47,220.024,508146129.4981129
1786040100000,220.02,220.69,219.03,220.398,814726039.2819939
1786041000000,220.42,220.45,219.5,219.825,428430000.3764327
1786041900000,219.82,219.96,219.4,219.455,416679492.84087294
1786042800000,219.487,220.355,219.487,219.8,728891992.1806452
1786043700000,219.801,220.12,219.425,219.84,839538436.1725242
1786044600000,219.823,220.3,219.66,219.843,718774530.5931044
1786045500000,219.895,219.92,218.585,218.99,1621542046.9638803
1786046400000,219.01,219.136,218.63,218.81,3253871650.25715
1786047300000,218.99,219.18,218.87,218.95,23931948.80698951
1786048200000,219.19,219.2,218.925,219.2,26295706.40709274
1786049100000,219.05,219.201,218.922,218.975,26788502.061236426
1786050000000,218.91,219.172,218.91,218.91,9822127.11985537
1786050900000,219.095,219.113,218.905,218.924,18033277.40435894
1786051800000,218.926,218.935,218.82,218.885,34045999.86623204
1786052700000,218.885,218.91,218.731,218.74,4586128.08788534
1786053600000,218.757,219.43,218.745,219.26,14412567.894673245
1786054500000,219.48,219.639,219.26,219.5,13972090.17748854
1786055400000,219.58,219.599,219.342,219.58,7301031.83472297
1786056300000,219.54,219.642,219.51,219.53,5978307.31428703
1786057200000,219.53,219.55,219.48,219.53,3733269.00177164
1786058100000,219.64,219.71,219.472,219.64,4844553.23614046
1786059000000,219.59,219.665,219.456,219.51,6181493.82270542
1786059900000,219.51,219.609,219.425,219.49,9570901.09387929
1786060800000,219.85,220.01,219.29,219.66,80366.65513683
1786061700000,219.64,219.64,219.21,219.33,2022052.35
1786062600000,219.36,219.8,219.19,219.42,1939279.69
1786063500000,219.43,219.56,219.09,219.56,1170504.92
1786064400000,219.53,219.6,219.07,219.2,1805166.18
1786065300000,219.19,219.24,218.84,219.1,1724292.06
1786066200000,219.13,219.5,218.95,219.07,2433251.92
1786067100000,219.09,219.21,218.75,218.91,2941384.86
1786068000000,218.92,219.08,218.72,219.0,1076395.76
1786068900000,218.97,219.14,218.91,219.05,1705429.71
1786069800000,219.07,219.07,218.78,218.83,1170447.76
1786070700000,218.94,219.18,218.93,219.09,852236.2
1786071600000,219.08,219.15,219.03,219.11,1302994.2
1786072500000,219.07,219.07,218.94,219.07,968932.11
1786073400000,219.04,219.16,218.96,219.0,775317.92
1786074300000,218.96,219.09,218.86,218.87,516994.62
1786075200000,218.95,219.0,218.8,218.85,1602893.07
1786076100000,218.85,219.02,218.64,218.96,1340930.64
1786077000000,218.98,219.11,218.88,218.88,535410.61
1786077900000,218.82,218.92,218.79,218.89,311656.36
1786078800000,218.88,219.16,218.87,219.0,1745229.65
1786079700000,219.02,219.14,219.02,219.09,694096.54
1786080600000,219.08,219.08,218.89,218.97,590629.9
1786081500000,218.97,219.06,218.91,218.96,579490.65
1786082400000,218.99,219.2,218.88,219.19,3457674.81
1786083300000,219.15,219.33,219.1,219.21,1562492.64
1786084200000,219.2,219.46,219.19,219.39,3405017.29
1786085100000,219.37,219.43,219.31,219.37,1447157.34
1786086000000,219.33,219.84,219.26,219.81,4466291.61
1786086900000,219.84,219.84,219.64,219.76,2751591.84
1786087800000,219.74,219.76,219.59,219.76,2053121.54
1786088700000,219.74,219.8,219.57,219.78,1813303.25
1786089600000,219.7,219.813,219.498,219.76,51541572.34994311
1786090500000,219.95,220.079,219.75,219.97,13701959.69624655
1786091400000,219.96,220.1,219.893,219.92,6110709.49034701
1786092300000,219.97,220.037,219.821,219.85,6134220.03788667
1786093200000,219.882,220.075,219.88,219.992,4300657.13116817
1786094100000,219.991,220.019,219.842,219.975,3305261.34016608
1786095000000,219.97,220.045,219.817,219.83,4295443.90529685
1786095900000,219.817,219.889,219.442,219.442,12663113.857710075
1786096800000,219.33,219.559,219.28,219.33,10919105.31663214
1786097700000,219.42,219.604,219.34,219.43,10018357.41382636
1786098600000,219.606,219.619,219.39,219.445,2056408.63031145
1786099500000,219.445,219.445,219.285,219.339,2914953.99898087
1786100400000,219.62,219.874,219.343,219.79,16387839.98082299
1786101300000,219.79,220.367,219.705,220.24,29031768.60713977
1786102200000,220.26,220.559,220.236,220.37,22905587.66350756
1786103100000,220.41,220.425,219.699,219.74,16708114.79653163
1786104000000,219.823,220.318,219.701,219.983,68959201.62517788
1786104900000,220.01,220.085,219.654,219.99,35851633.10065123
1786105800000,220.6,221.266,219.831,221.21,58899231.19100637
1786106700000,221.29,221.625,221.104,221.41,65848390.07704854
1786107600000,221.07,221.302,220.727,220.74,36447473.13942439
1786108500000,220.829,221.9,220.567,221.559,62416866.990917854
1786109400000,221.58,223.12,220.65,222.29,565494749.7126182
1786110300000,222.287,223.18,221.76,222.505,1181991310.970004
1786111200000,222.49,222.8,220.93,221.38,1021004600.9130268
1786112100000,221.41,223.46,221.21,223.36,998965357.3507528
1786113000000,223.33,223.65,222.68,222.8,901427530.400379
1786113900000,222.743,223.775,222.743,223.17,1090910466.128574
1786114800000,223.17,223.97,223.146,223.623,880837458.8269222
1786115700000,223.57,224.64,223.49,224.19,939151192.7510184
1786116600000,224.22,224.77,224.08,224.33,596026495.1303556
1786117500000,224.36,224.69,223.6,223.729,805914035.6363491
1786118400000,223.81,223.89,223.235,223.59,728995131.5229106
1786119300000,223.585,223.655,222.25,222.447,892651860.1630795
1786120200000,222.48,222.64,221.955,222.405,747318116.1206943
1786121100000,222.405,222.62,221.91,221.91,447752612.9058327
1786122000000,221.967,222.32,221.7,221.8,624525823.515863
1786122900000,221.8,222.105,221.56,221.84,497033963.17978907
1786123800000,221.836,222.365,221.685,222.095,473362599.3270382
1786124700000,222.04,222.355,221.95,222.09,298805402.1575507
1786125600000,222.11,222.39,221.86,221.94,299735270.4414634
1786126500000,221.923,222.13,221.84,221.939,383270218.7340334
1786127400000,221.95,222.1,221.76,221.91,432804692.9876948
1786128300000,221.909,222.385,221.88,222.29,415320228.55865353
1786129200000,222.36,222.995,222.175,222.835,592293238.9358727
1786130100000,222.885,223.135,222.78,223.03,572210502.2472029
1786131000000,223.03,223.12,222.42,222.955,786751049.7491798
1786131900000,222.92,224.22,222.645,223.94,2011116649.0874114
1786132800000,223.938,223.938,223.411,223.504,3892734816.274594
1786133700000,223.5,223.597,223.292,223.5,23139178.53049969
1786134600000,223.31,223.564,223.31,223.49,70371916.5291299
1786135500000,223.47,223.649,223.403,223.5,16098359.42951324
1786136400000,223.4,223.65,223.38,223.4,10423617.7989294
1786137300000,223.41,223.428,223.325,223.38,23633173.00979043
1786138200000,223.339,223.352,223.097,223.189,8512295.54382332
1786139100000,223.189,223.375,223.165,223.346,8474327.54179049
1786140000000,223.345,223.4,223.305,223.395,5745342.65232352
1786140900000,223.395,223.405,223.32,223.32,4205165.47034197
1786141800000,223.32,223.355,223.305,223.35,2708592.38193161
1786142700000,223.22,223.425,223.205,223.22,9573270.33585887
1786143600000,223.425,223.795,223.375,223.795,9469180.30065012
1786144500000,223.7,223.8,223.55,223.56,4051050.52872051
1786145400000,223.562,223.699,223.55,223.68,3603894.33721508
1786146300000,223.7,223.874,223.68,223.8,11349461.7390125
1786147200000,223.775,223.775,223.775,223.775,6713.25
1786148100000,223.98,223.98,223.53,223.53,268.864544
1786149000000,223.63,223.63,223.63,223.63,164.010242
1786149900000,223.87,223.87,223.87,223.87,103.047361
1786150800000,223.63,223.63,223.41,223.41,102.827252
1786153500000,223.46,223.46,223.46,223.46,16.826538
1786154400000,223.46,223.77,223.4,223.4,20.158346
1786155300000,223.4,223.4,223.4,223.4,11.32638
1786157100000,223.44,223.86,223.21,223.28,266.64404
1786158000000,223.08,223.44,223.01,223.01,327.156734
1786158900000,223.1,223.66,223.1,223.21,275.428537
1786159800000,223.2,223.46,223.15,223.15,284.30857
1786160700000,223.15,223.93,223.15,223.74,527.135592
1786161600000,223.69,223.82,223.43,223.72,897.640595
1786162500000,223.78,223.78,223.59,223.59,27.93572
1786163400000,223.78,223.78,223.5,223.5,114.208812
1786164300000,223.61,223.71,223.52,223.52,1769.942917
1786165200000,223.56,223.56,223.35,223.42,52.599725
1786166100000,223.42,223.48,223.42,223.48,204.434396
1786167000000,223.48,223.48,223.46,223.46,202.218006
1786167900000,223.48,223.48,223.41,223.41,203.267927
1786168800000,223.48,223.57,223.35,223.35,1343.545542
1786169700000,223.49,223.49,223.34,223.34,427.312101
1786170600000,223.45,223.45,223.32,223.32,29.955935
1786171500000,223.45,223.65,223.34,223.65,905.120176
1786172400000,223.64,223.64,223.41,223.41,33.305225
1786173300000,223.64,223.71,223.34,223.34,894.287865
1786174200000,223.4,223.49,223.18,223.18,1439.19689
1786175100000,223.49,223.57,222.92,222.92,1159.074913
1786176000000,223.07,223.23,222.92,223.2,306.81793
1786177800000,223.2,223.22,222.58,222.58,1211.366177
1786178700000,222.82,223.11,222.71,222.82,1273.647461
1786179600000,222.9,223.05,222.39,222.47,1275.022653
1786180500000,222.75,222.85,222.48,222.82,528.096897
1786181400000,222.86,223.61,222.86,223.38,2894.191506
1786182300000,223.55,223.58,223.34,223.34,340.778333
1786183200000,223.46,223.47,223.29,223.29,526.463651
1786184100000,223.35,223.4,223.23,223.23,618.056444
1786185000000,223.33,223.45,223.01,223.01,1123.325705
1786185900000,223.15,223.29,223.05,223.05,1585.251268
1786186800000,223.17,223.17,222.96,222.96,203.847693
1786187700000,222.95,223.2,222.92,222.92,211.820937
1786188600000,222.95,223.06,222.81,222.86,238.239137
1786189500000,222.75,223.17,222.5,222.8,530.760369
1786190400000,222.88,223.31,222.5,223.26,2249.316399
1786191300000,223.35,223.36,223.07,223.15,857.154328
1786192200000,223.19,223.6,223.12,223.34,1257.935758
1786193100000,223.3,223.54,223.22,223.22,963.337674
1786194000000,223.07,223.07,222.13,222.13,1023.428905
1786194900000,222.73,222.95,222.13,222.64,424.076424
1786195800000,222.7,222.7,222.61,222.7,29.993379
1786196700000,222.74,222.88,222.51,222.51,462.166506
1786197600000,222.54,222.76,222.47,222.76,530.471122
1786198500000,222.66,222.66,222.33,222.33,385.626193
1786199400000,222.33,222.49,222.19,222.37,340.757991
1786200300000,222.39,222.87,222.15,222.87,440.536492
1786201200000,222.69,222.82,222.38,222.38,759.380984
1786202100000,222.48,222.6,222.32,222.32,201.870763
1786203000000,222.37,223.17,222.37,222.95,685.113301
1786204800000,223.1,223.2,222.89,222.89,506.492071
1786205700000,223.13,223.13,222.71,222.89,290.011194
1786206600000,222.86,223.0,222.81,222.81,268.302261
1786207500000,223.0,223.0,222.81,222.81,67.138644
1786208400000,223.0,223.11,222.77,222.77,580.250782
1786209300000,222.98,223.02,222.73,222.96,315.691077
1786210200000,222.94,223.84,222.73,223.2,1975.675261
1786211100000,223.2,223.57,223.2,223.47,442.280053
1786212000000,223.54,223.62,223.29,223.29,995.894834
1786212900000,223.53,223.64,223.37,223.39,683.665146
1786213800000,223.46,223.64,223.13,223.13,911.59532
1786214700000,223.21,223.64,223.21,223.34,963.530829
1786215600000,223.43,223.75,223.36,223.52,985.941869
1786216500000,223.6,223.85,222.85,222.85,593.693757
1786217400000,222.98,223.55,222.84,223.42,536.497924
1786218300000,223.57,223.6,223.35,223.35,264.526065
1786219200000,223.47,223.47,223.32,223.32,26.8059
1786220100000,223.47,223.63,223.41,223.41,496.068055
1786221000000,223.51,223.51,223.37,223.37,215.463535
1786221900000,223.51,223.61,223.32,223.32,166.573737
1786222800000,223.46,223.98,223.3,223.81,1330.232099
1786223700000,223.85,223.89,223.79,223.79,203.846543
1786226400000,223.89,223.89,223.62,223.73,225.158425
1786230000000,223.73,223.95,223.62,223.95,291.26529
1786230900000,223.95,223.95,223.86,223.86,24.42804
1786231800000,223.95,223.95,223.95,223.95,74.642535
1786232700000,223.95,223.95,223.86,223.86,48.385875
1786235400000,223.95,223.95,223.74,223.74,849.946702
1786236300000,223.78,223.78,223.71,223.71,38.393697
1786238100000,223.77,223.88,223.61,223.61,830.293185
1786239000000,223.82,223.82,223.82,223.82,248.798312
1786240800000,223.82,224.1,223.82,224.1,1064.769434
1786241700000,223.87,223.91,223.86,223.86,76.430664
1786242600000,223.91,224.01,223.91,223.97,795.386344
1786243500000,223.86,223.86,223.7,223.7,214.795507
1786244400000,223.69,223.81,223.68,223.68,406.572738
1786246200000,223.81,223.81,223.67,223.67,61.182654
1786247100000,223.81,223.89,223.62,223.89,641.167682
1786248000000,223.89,223.89,223.81,223.81,201.890327
1786248900000,223.89,223.89,223.65,223.76,427.839047
1786249800000,223.76,223.77,223.55,223.55,539.337402
1786250700000,223.62,223.68,223.54,223.54,444.594714
1786251600000,223.54,224.84,223.49,224.34,7566.284515
1786252500000,224.34,224.5,224.34,224.34,219.052386
1786253400000,224.33,224.52,224.33,224.52,287.563363
1786255200000,224.53,224.62,224.33,224.62,797.346244
1786256100000,224.33,224.69,224.31,224.31,636.812661
1786257000000,224.72,224.73,224.31,224.31,1000.157968
1786257900000,224.64,224.74,224.28,224.3,1626.344145
1786258800000,224.61,224.61,224.61,224.61,204.979086
1786259700000,224.3,224.3,224.3,224.3,191.86622
1786260600000,224.65,224.67,224.3,224.3,483.470257
1786261500000,224.54,224.54,224.28,224.28,401.629252
1786262400000,224.28,224.67,224.14,224.14,548.501533
1786263300000,224.69,224.72,224.16,224.16,648.64125
1786264200000,224.48,224.68,224.16,224.46,674.677778
1786265100000,224.71,224.71,224.46,224.46,406.925624
1786266900000,224.57,224.57,224.57,224.57,259.984689
1786267800000,224.63,224.7,224.3,224.3,672.538963
1786268700000,224.3,224.75,224.14,224.72,675.384898
1786269600000,224.14,224.75,224.14,224.14,240.439581
1786271400000,224.14,224.14,224.14,224.14,506.22019
1786272300000,224.24,224.24,224.11,224.11,437.858163
1786273200000,224.21,224.21,224.11,224.11,81.970427
1786275000000,224.15,224.15,224.11,224.11,25.281864
1786275900000,224.47,224.51,224.11,224.11,281.658861
1786276800000,224.53,224.53,224.53,224.53,65.966914
1786277700000,224.67,224.67,224.41,224.41,467.903244
1786278600000,224.67,224.69,224.41,224.41,364.596593
1786279500000,224.59,224.59,224.11,224.11,104.835368
1786280400000,224.7,224.85,224.12,224.76,279.347403
1786281300000,224.67,224.67,224.67,224.67,17.097387
1786282200000,224.56,224.56,224.38,224.38,194.464106
1786284000000,224.38,224.38,223.54,223.54,14742.885995
1786284900000,223.77,223.77,223.77,223.77,581.802
1786285800000,223.54,223.69,223.54,223.69,254.643548
1786286700000,223.81,223.81,223.81,223.81,18.307658
1786287600000,223.81,223.81,223.69,223.81,204.218309
1786288500000,223.69,223.81,223.69,223.81,394.723392
1786289400000,223.63,223.83,223.52,223.83,1820.030782
1786290300000,223.83,223.83,223.57,223.83,164.229502
1786291200000,223.83,223.83,223.55,223.83,1103.21812
1786292100000,223.83,223.83,223.66,223.66,726.606888
1786293000000,223.83,223.83,223.66,223.66,30.075085
1786293900000,223.83,223.87,223.83,223.87,1020.369543
1786294800000,223.87,223.87,223.87,223.87,222.370071
1786295700000,223.87,223.87,223.66,223.66,377.804889
1786296600000,223.87,223.87,223.66,223.66,1299.883898
1786297500000,223.8,223.8,223.64,223.64,283.792418
1786298400000,223.8,223.8,223.54,223.54,276.638016
1786299300000,223.8,224.67,223.8,224.33,19108.478437
1786300200000,224.42,224.6,224.33,224.33,1083.130879
1786301100000,224.58,224.69,224.33,224.33,465.420678
1786302900000,224.63,224.63,224.33,224.33,233.930653
1786304700000,224.63,224.69,224.33,224.69,224.749401
1786305600000,224.73,224.98,224.53,224.53,311.525739
1786306500000,224.53,224.76,224.3,224.49,1424.048898
1786307400000,224.77,224.77,224.64,224.64,59.032194
1786311000000,224.57,224.69,224.55,224.55,2148.486177
1786311900000,224.73,224.73,224.55,224.55,209.275002
1786312800000,224.8,224.8,224.8,224.8,10.09352
1786313700000,224.8,224.8,224.8,224.8,113.61392
1786315500000,224.82,224.82,224.82,224.82,11.488302
1786316400000,224.82,224.82,224.63,224.63,203.084011
1786318200000,224.83,224.89,224.59,224.89,769.345219
1786319100000,224.92,224.92,224.83,224.83,173.440618
1786320000000,224.01,225.16,223.82,224.89,20398669.38
1786320900000,224.83,224.91,224.44,224.69,6483227.63
1786321800000,224.69,224.87,224.01,224.01,4585465.86
1786322700000,224.06,224.49,224.04,224.07,4361318.53
1786323600000,224.07,224.46,224.0,224.45,2633689.66
1786324500000,224.45,224.73,224.38,224.51,2888801.99
1786325400000,224.49,224.69,224.3,224.56,2324172.38
1786326300000,224.52,224.75,224.52,224.55,2277213.64
1786327200000,224.56,224.73,224.43,224.62,2327571.58
1786328100000,224.62,224.62,224.45,224.53,515717.6
1786329000000,224.48,224.68,224.36,224.64,1370425.5
1786329900000,224.63,224.76,224.62,224.65,1261035.18
1786330800000,224.67,224.7,224.49,224.5,461480.38
1786331700000,224.5,224.65,224.5,224.59,754583.4
1786332600000,224.61,224.73,224.59,224.71,676532.25
1786333500000,224.68,224.75,224.54,224.63,1463284.42
1786334400000,224.62,224.7,224.48,224.63,1279188.57
1786335300000,224.62,224.77,224.55,224.77,1364876.13
1786336200000,224.76,224.79,224.61,224.75,983335.3
1786337100000,224.77,224.82,224.6,224.61,1487834.12
1786338000000,224.62,224.89,224.62,224.85,2728049.56
1786338900000,224.87,224.91,224.74,224.78,1055391.11
1786339800000,224.78,224.9,224.74,224.88,1510755.47
1786340700000,224.88,224.99,224.82,224.98,2007768.74
1786341600000,224.97,225.14,224.92,225.08,5232792.44
1786342500000,225.07,225.07,224.75,224.8,4519746.62
1786343400000,224.79,224.8,224.57,224.6,2095484.82
1786344300000,224.59,224.76,224.5,224.7,3269735.34
1786345200000,224.69,224.87,224.53,224.64,4580299.61
1786346100000,224.66,224.86,224.64,224.8,2973404.85
1786347000000,224.8,225.1,224.8,225.06,5909733.2
1786347900000,225.07,225.16,224.97,225.01,2731114.98
1786348800000,225.19,225.554,223.775,225.04,91149744.4610116
1786349700000,225.091,225.214,224.86,224.981,7088555.0698182
1786350600000,224.982,225.14,224.885,225.045,4268862.13107094
1786351500000,224.99,225.15,224.783,225.09,8419173.10769363
1786352400000,224.801,225.0,224.801,224.87,8393108.77574194
1786353300000,224.87,225.015,224.786,224.814,8500653.2531173
1786354200000,224.815,224.815,224.642,224.673,5721521.36962541
1786355100000,224.675,224.856,224.64,224.817,3702948.13958137
1786356000000,224.814,224.956,224.67,224.67,7541225.893724716
1786356900000,224.67,224.95,224.66,224.881,5003485.25328395
1786357800000,224.8,224.925,224.772,224.8,7808942.21504043
1786358700000,224.9,225.135,224.86,224.91,10219229.45565664
1786359600000,225.0,225.01,224.47,224.47,53675451.07573952
1786360500000,224.55,224.659,224.256,224.51,20967947.82804066
1786361400000,224.56,224.609,224.115,224.49,24182691.97072146
1786362300000,224.12,224.243,223.848,223.95,41799366.8427654
1786363200000,224.19,224.19,223.739,223.83,31412302.42081941
1786364100000,223.798,223.798,223.071,223.315,68055594.82963738
1786365000000,223.27,223.315,222.742,223.22,39532796.22841715
1786365900000,223.37,223.37,222.9,223.08,105821778.11810984
1786366800000,223.09,223.141,222.329,222.85,50817126.83577266
1786367700000,222.82,223.79,222.743,223.145,83182089.02783178
1786368600000,223.38,224.11,222.45,223.001,1908888090.9063876
1786369500000,223.04,223.5,221.76,222.11,1107940137.215037
1786370400000,222.07,222.42,221.45,222.135,957995849.5809959
1786371300000,222.14,222.39,220.2,220.41,1003979358.1391885
1786372200000,220.389,220.62,220.09,220.503,938366903.7597959
1786373100000,220.499,221.14,219.54,219.585,1148977789.8193839
1786374000000,219.61,219.85,218.93,219.14,868146014.9624193
1786374900000,219.12,219.5,219.0,219.44,600904848.3368075
1786375800000,219.43,219.68,218.75,219.68,1010719151.9175057
1786376700000,219.626,219.83,219.0,219.623,800535691.1269219
1786377600000,219.67,219.89,219.43,219.765,493781361.9800802
1786378500000,219.73,220.62,218.35,218.35,1043285627.8591397
1786379400000,218.38,218.66,216.76,217.165,1483637654.910787
1786380300000,217.175,217.63,216.88,217.62,943958718.1333762
1786381200000,217.6,218.66,217.24,218.645,1042445814.8850306
1786382100000,218.665,219.0,218.375,218.51,618981402.6179959
1786383000000,218.49,219.04,217.815,218.2,573697355.0688922
1786383900000,218.19,218.44,218.08,218.3,361188455.1029364
1786384800000,218.301,218.86,218.301,218.704,595267002.4943789
1786385700000,218.7,218.7,218.34,218.545,468188499.3368274
1786386600000,218.55,218.835,218.37,218.805,337457849.59479386
1786387500000,218.835,219.1,218.58,219.025,343637272.0817795
1786388400000,219.01,219.46,218.925,219.295,588021203.433364
1786389300000,219.3,219.39,218.77,219.125,654159776.4031394
1786390200000,219.132,219.22,218.8,218.882,599295147.3658576
1786391100000,218.89,218.915,217.35,217.55,1801535307.9284687
1786392000000,217.35,218.38,217.35,218.0,3828702095.892898
1786392900000,218.06,219.58,218.027,218.87,140226294.17266494
1786393800000,218.78,219.167,218.415,218.99,43293649.31432897
1786394700000,219.12,219.45,218.93,219.45,229002395.99322173
1786395600000,219.14,219.369,218.838,218.86,24081213.67478564
1786396500000,219.01,219.075,218.597,218.64,81688640.27260008
1786397400000,218.88,218.894,218.706,218.88,10185006.9705246
1786398300000,218.888,218.954,218.68,218.954,15075235.168651614
1786399200000,219.0,219.18,218.921,219.09,10917016.92549712
1786400100000,219.01,219.075,218.715,219.01,7791491.76962558
1786401000000,218.67,218.845,218.595,218.62,8393747.2027441
1786401900000,218.6,218.714,218.565,218.65,9857468.17282627
1786402800000,218.679,218.693,218.51,218.556,11288251.540520728
1786403700000,218.556,218.573,218.5,218.531,11746685.00378177
1786404600000,218.55,218.605,218.485,218.55,6387804.83481294
1786405500000,218.61,218.664,217.943,218.1,17820524.80089756
1786406400000,218.68,218.68,217.89,218.46,435.99
1786407300000,218.45,218.51,218.19,218.46,1646134.64
1786408200000,218.48,218.57,218.39,218.54,1327862.15
1786409100000,218.56,218.71,218.56,218.64,2718364.59
1786410000000,218.63,218.97,218.47,218.96,3427717.34
1786410900000,218.95,219.34,218.95,219.17,6724733.24
1786411800000,219.16,219.21,219.05,219.16,1291071.11
1786412700000,219.18,219.25,219.01,219.05,2884196.0
1786413600000,219.05,219.22,218.87,218.98,2184212.7
1786414500000,218.98,219.14,218.98,219.13,783731.66
1786415400000,219.14,219.25,219.04,219.12,903118.23
1786416300000,219.12,219.14,218.91,218.92,968850.18
1786417200000,218.96,218.98,218.8,218.98,513572.72
1786418100000,218.99,219.16,218.89,219.05,2233539.19
1786419000000,219.09,219.23,218.99,219.14,795543.24
1786419900000,219.12,219.26,219.08,219.1,612508.01
1786420800000,219.12,219.26,219.12,219.22,516660.55
1786421700000,219.23,219.27,219.18,219.25,1142114.34
1786422600000,219.25,219.61,219.24,219.47,3938123.36
1786423500000,219.46,219.51,219.24,219.29,868578.76
1786424400000,219.26,219.38,219.19,219.38,1116154.19
1786425300000,219.34,219.38,218.92,218.93,2355721.41
1786426200000,218.93,219.11,218.89,219.06,884234.19
1786427100000,219.09,219.09,218.92,218.96,323482.22
1786428000000,218.96,219.3,218.9,219.22,838319.86
1786428900000,219.24,219.29,218.88,218.89,1822213.99
1786429800000,218.89,218.93,218.66,218.89,1880029.01
1786430700000,218.89,218.91,218.55,218.7,2035031.0
1786431600000,218.7,218.83,218.56,218.63,1723837.98
1786432500000,218.64,218.67,218.47,218.62,1162331.17
1786433400000,218.63,218.9,218.63,218.73,1497219.43
1786434300000,218.72,218.84,218.49,218.8,2538105.72
1786435200000,218.83,219.087,217.995,218.93,56720653.24925519
1786436100000,218.74,218.868,218.589,218.63,7999870.13250212
1786437000000,218.36,218.869,218.35,218.67,5219370.91115987
1786437900000,218.98,219.392,218.853,219.28,15713434.09945354
1786438800000,219.1,219.245,218.833,219.08,9817824.15922824
1786439700000,219.28,219.91,219.162,219.8,23256613.79236582
1786440600000,219.7,219.83,219.66,219.79,8673665.48280066
1786441500000,219.755,219.755,219.273,219.391,10791286.67499596
1786442400000,219.31,219.398,219.23,219.31,3139529.99017938
1786443300000,219.58,220.0,219.274,220.0,14131162.76028196
1786444200000,219.925,219.925,219.705,219.8,6761186.17883172
1786445100000,219.8,219.834,219.625,219.699,15153822.777162164
1786446000000,219.699,220.287,219.699,220.058,66635342.46225787
1786446900000,219.87,220.099,219.79,219.81,21781929.66853123
1786447800000,219.8,220.074,219.715,219.99,17696145.33887296
1786448700000,220.01,220.102,219.891,220.01,201513242.24383572
1786449600000,219.99,220.55,219.889,220.55,40186130.21206117
1786450500000,220.45,221.212,220.417,221.19,76923148.6889328
1786451400000,220.89,221.29,220.84,220.84,45206435.34408527
1786452300000,220.94,221.144,220.897,221.01,45155458.06409885
1786453200000,221.3,221.6,220.981,221.3,152630381.5635272
1786454100000,221.315,222.37,221.028,222.146,158571079.60965052
1786455000000,222.08,222.136,219.25,220.6,1950700591.9948237
1786455900000,220.53,220.566,218.84,219.88,1124191243.285061
1786456800000,219.865,220.13,219.45,219.92,866382059.6864141
1786457700000,219.914,220.305,219.245,219.599,994452766.4964783
1786458600000,219.58,219.655,218.86,218.931,852608371.6834574
1786459500000,218.9,220.565,218.835,219.825,810242696.9318677
1786460400000,219.82,219.84,218.78,218.82,554960513.5118793
1786461300000,218.8,219.33,218.48,219.08,679402756.5963215
1786462200000,219.122,219.38,218.71,218.813,531769060.38311183
1786463100000,218.81,218.812,218.41,218.53,545106661.4669483
1786464000000,218.5,218.58,218.26,218.45,384117409.9880433
1786464900000,218.45,218.74,218.25,218.685,377286081.1870552
1786465800000,218.66,219.27,218.66,218.82,432077112.5495563
1786466700000,218.832,218.873,217.675,217.768,781061726.5126152
1786467600000,217.762,217.81,216.72,216.78,854897504.1952581
1786468500000,216.76,217.57,216.73,217.28,452091489.5356749
1786469400000,217.29,217.56,216.92,217.535,398799085.5030452
1786470300000,217.537,217.84,217.49,217.737,414055614.57701194
1786471200000,217.738,217.745,217.03,217.142,419983243.4158422
1786472100000,217.141,217.141,216.3,216.475,581006494.5992111
1786473000000,216.5,216.91,216.425,216.63,426756980.25058365
1786473900000,216.62,217.36,216.62,217.19,361259891.17243856
1786474800000,217.14,217.49,217.08,217.45,407328822.61939615
1786475700000,217.47,217.965,217.43,217.852,566481908.8795309
1786476600000,217.86,218.19,217.72,217.75,585983400.7075677
1786477500000,217.71,218.18,216.91,217.44,1879167001.0170162
1786478400000,217.51,217.753,217.41,217.63,3988552271.1472545
1786479300000,217.84,218.05,217.632,218.0,51428705.16509574
1786480200000,218.0,218.06,217.811,217.85,17302268.21278074
1786481100000,217.826,217.83,217.621,217.658,19478599.551734228
1786482000000,217.68,217.895,217.645,217.82,9934214.28433595
1786482900000,217.765,217.875,217.701,217.8,28306534.8973342
1786483800000,217.89,218.046,217.745,217.95,14775539.31138532
1786484700000,217.833,217.969,217.795,217.945,4918456.07441706
1786485600000,217.945,217.962,217.744,217.962,13807637.68087085
1786486500000,217.97,218.05,217.935,217.99,10887557.18773586
1786487400000,218.06,218.16,218.014,218.12,8570058.2399846
1786488300000,218.11,218.206,218.075,218.11,8998220.01214999
1786489200000,218.206,218.209,218.1,218.1,10260256.228785226
1786490100000,218.1,218.14,218.06,218.115,4182118.06615552
1786491000000,218.08,218.134,218.04,218.08,6869579.43006668
1786491900000,218.047,218.079,217.97,218.035,12461195.80215036
1786492800000,218.04,218.04,217.63,217.8,2600387.77
1786493700000,217.81,218.05,217.8,217.95,2472573.15
1786494600000,217.91,218.09,217.77,217.81,1548070.54
1786495500000,217.81,218.08,217.78,218.03,1836251.35
1786496400000,218.02,218.14,217.99,218.12,1487746.26
1786497300000,218.13,218.13,217.8,218.02,1575582.76
1786498200000,217.95,218.02,217.83,218.02,1446555.32
1786499100000,218.02,218.07,217.74,217.81,3039033.83
1786500000000,217.81,217.91,217.75,217.86,490150.13
1786500900000,217.88,218.09,217.84,218.07,973381.06
1786501800000,218.07,218.22,218.05,218.07,1604396.67
1786502700000,218.1,218.11,217.92,217.92,1494876.03
1786503600000,217.95,218.11,217.95,218.09,1230995.24
1786504500000,218.08,218.16,217.99,218.16,1074160.19
1786505400000,218.16,218.36,218.12,218.15,2400400.0
1786506300000,218.16,218.22,218.0,218.0,1203938.16
1786507200000,218.0,218.14,217.96,218.1,1074903.2
1786508100000,218.11,218.14,217.97,218.01,1033052.52
1786509000000,218.03,218.03,217.87,217.99,510454.39
1786509900000,217.96,218.14,217.96,218.1,566320.57
1786510800000,218.1,218.1,217.9,217.94,574156.6
1786511700000,217.9,218.05,217.88,218.05,1046261.24
1786512600000,218.06,218.26,218.06,218.11,1649110.44
1786513500000,218.11,218.25,218.1,218.25,1672530.72
1786514400000,218.24,218.35,218.16,218.16,1776797.36
1786515300000,218.18,218.27,218.07,218.2,2085138.21
1786516200000,218.16,218.33,218.13,218.25,2314139.1
1786517100000,218.24,218.36,218.24,218.36,1029327.26
1786518000000,218.36,218.59,218.33,218.39,3438882.07
1786518900000,218.36,218.37,218.19,218.21,1525596.53
1786519800000,218.21,218.39,217.95,218.37,2655342.22
1786520700000,218.39,218.4,218.27,218.37,959671.91
1786521600000,218.67,219.136,218.092,218.99,53909900.23922833
1786522500000,219.06,219.074,218.709,219.03,8463186.43815438
1786523400000,218.86,218.965,218.831,218.86,6553296.51882531
1786524300000,219.0,219.22,218.846,219.05,10721060.57461079
1786525200000,219.17,219.731,219.051,219.5,13729378.48799485
1786526100000,219.51,219.718,219.377,219.5,8873260.06009039
1786527000000,219.75,220.11,219.529,220.06,22338663.92400409
1786527900000,219.89,220.183,219.804,219.89,18306265.88009154
1786528800000,220.06,220.107,220.01,220.03,8874561.79903977
1786529700000,220.061,220.109,220.018,220.025,4378200.18941683
1786530600000,220.025,220.061,220.005,220.02,9685656.22938006
1786531500000,220.02,220.02,219.6,219.725,12713195.68963691
1786532400000,219.91,220.0,219.26,219.49,37719883.76916685
1786533300000,219.38,219.415,219.232,219.37,15203990.62888861
1786534200000,219.41,219.518,219.29,219.51,16922735.50194012
1786535100000,219.48,219.567,219.342,219.44,17247748.61395352
1786536000000,219.49,219.644,219.359,219.37,19659221.49044116
1786536900000,219.44,219.71,219.059,219.71,29642331.63991217
1786537800000,219.94,220.589,218.74,220.45,133758800.43189427
1786538700000,220.478,221.032,220.218,220.66,125857372.39024654
1786539600000,220.659,220.859,220.14,220.36,77035843.40387416
1786540500000,220.36,221.013,220.141,221.0,101685828.48144811
1786541400000,221.02,222.45,220.305,221.26,2260779668.6476755
1786542300000,221.33,223.82,221.22,223.66,1844138603.6983643
1786543200000,223.64,224.03,222.465,223.125,1200313008.2837522
1786544100000,223.122,224.71,223.045,224.458,1233585937.798712
1786545000000,224.459,224.82,223.69,224.81,887518262.6761727
1786545900000,224.805,225.11,223.67,223.76,1334748213.1437268
1786546800000,223.74,224.51,223.39,223.415,674148826.1828847
1786547700000,223.41,224.0,223.39,223.845,540536472.527337
1786548600000,223.85,223.93,223.14,223.162,620950040.829082
1786549500000,223.163,223.6,222.89,223.005,694952102.6453925
1786550400000,223.025,223.86,223.0,223.58,596430708.5201324
1786551300000,223.6,223.69,223.19,223.225,402399047.72418976
1786552200000,223.218,223.28,222.72,222.902,623005233.6285999
1786553100000,222.905,223.975,222.855,223.778,619369161.9944556
1786554000000,223.779,224.3,223.779,224.099,531225113.162136
1786554900000,224.11,224.22,223.685,224.075,380552746.26319695
1786555800000,224.1,224.12,223.875,224.09,374463366.26607466
1786556700000,224.08,224.22,223.51,223.655,442962469.7711599
1786557600000,223.63,223.98,223.19,223.955,482017338.84918493
1786558500000,223.953,224.2,223.685,224.116,494229421.4694063
1786559400000,224.12,224.44,223.725,223.78,448284066.7492033
1786560300000,223.78,223.918,223.5,223.68,327892804.9880077
1786561200000,223.69,223.86,223.47,223.517,410544112.7505707
1786562100000,223.518,223.64,222.805,223.02,641679955.0412655
1786563000000,222.975,223.015,222.22,222.355,803687928.6979475
1786563900000,222.33,224.345,222.24,224.11,1692702011.5021207
1786564800000,224.09,224.27,223.669,223.71,3137160213.2973843
1786565700000,223.59,223.764,223.107,223.19,54165536.69926051
1786566600000,223.311,223.696,223.311,223.465,13363158.56764909
1786567500000,223.465,223.5,223.3,223.435,102745397.6929889
1786568400000,223.45,223.585,223.375,223.57,439234658.7874629
1786569300000,223.6,223.675,223.5,223.6,5151087.87203144
1786570200000,223.7,223.808,223.53,223.7,14844060.21421097
1786571100000,223.783,223.885,223.716,223.79,6906604.82684525
1786572000000,223.79,223.79,223.55,223.601,10452930.692856748
1786572900000,223.57,223.601,223.397,223.44,8198628.49617983
1786573800000,223.41,223.55,223.4,223.41,4844194.31960798
1786574700000,223.53,223.586,223.515,223.53,4737987.82379802
1786575600000,223.62,223.826,223.53,223.8,7914899.8903759
1786576500000,223.798,223.86,223.73,223.757,5463258.33202318
1786577400000,223.62,223.84,223.61,223.84,4879161.20633865
1786578300000,223.85,223.85,223.676,223.71,15270078.23125516
1786579200000,223.8,224.06,223.47,223.96,45.313425
1786580100000,224.01,224.14,223.95,224.01,3484525.48
1786581000000,224.01,224.27,223.94,224.26,2621970.68
1786581900000,224.26,224.39,224.04,224.12,2944111.31
1786582800000,224.11,224.23,223.95,224.1,1308848.04
1786583700000,224.09,224.23,224.0,224.06,646770.78
1786584600000,224.0,224.23,223.99,224.19,1095280.62
1786585500000,224.2,224.25,224.02,224.15,1154059.3
1786586400000,224.17,224.26,224.09,224.12,1725808.28
1786587300000,224.13,224.27,224.04,224.24,1792358.4
1786588200000,224.24,224.49,224.04,224.48,2026282.0
1786589100000,224.42,224.44,224.32,224.43,627128.81
1786590000000,224.38,224.4,224.22,224.27,774728.95
1786590900000,224.28,224.47,224.28,224.39,1754450.6
1786591800000,224.38,224.39,224.2,224.26,534724.37
1786592700000,224.26,224.36,224.21,224.33,1104628.91
1786593600000,224.33,224.49,224.25,224.25,1367018.95
1786594500000,224.27,224.35,224.02,224.17,2448987.07
1786595400000,224.16,224.49,224.16,224.48,1481066.14
1786596300000,224.46,224.56,224.39,224.49,1834211.49
1786597200000,224.5,224.52,224.38,224.49,1166677.03
1786598100000,224.52,224.76,224.47,224.73,3323473.28
1786599000000,224.74,224.89,224.53,224.55,2426379.35
1786599900000,224.57,224.57,224.34,224.41,1840167.17
1786600800000,224.41,224.57,224.3,224.52,923860.25
1786601700000,224.47,224.55,224.41,224.47,868763.78
1786602600000,224.43,224.48,224.15,224.15,1783114.31
1786603500000,224.19,224.33,224.12,224.3,1084547.11
1786604400000,224.33,224.4,223.91,223.99,2714638.55
1786605300000,223.97,224.18,223.92,224.1,1652481.81
1786606200000,224.03,224.36,223.94,224.2,2156002.84
1786607100000,224.2,224.23,224.09,224.2,1240424.11
1786608000000,223.81,224.4,223.693,223.79,54283628.27038533
1786608900000,223.73,224.078,223.649,223.9,6108463.64369555
1786609800000,223.99,224.159,223.961,223.99,8193951.66991465
1786610700000,223.97,224.007,223.733,223.97,2941342.71896708
1786611600000,223.61,223.95,223.539,223.61,2804878.99850725
1786612500000,223.42,223.702,223.308,223.63,12961840.47102316
1786613400000,223.625,223.964,223.515,223.964,2608752.44064345
1786614300000,223.964,224.284,223.895,224.284,3023639.382729627
1786615200000,224.17,224.415,224.17,224.32,4970015.0930838
1786616100000,224.29,224.415,224.19,224.29,4126251.98851758
1786617000000,224.34,224.35,224.198,224.34,3330014.97915464
1786617900000,224.331,224.484,224.331,224.46,5636562.68469259
1786618800000,224.46,224.471,223.971,223.986,34392346.07571021
1786619700000,223.91,224.043,223.76,223.76,14647373.82215384
1786620600000,224.1,224.111,223.825,224.1,11922314.57852602
1786621500000,223.95,224.07,223.824,223.9,13371467.11682264
1786622400000,223.75,223.868,223.431,223.45,27646087.9060657
1786623300000,223.32,223.608,222.99,223.42,29632225.31962973
1786624200000,223.89,223.92,223.375,223.58,22959341.50868999
1786625100000,223.44,223.976,223.424,223.91,33199325.7080599
1786626000000,224.01,224.77,223.972,224.7,133014930.80150972
1786626900000,224.594,225.171,224.531,225.08,162354510.48303568
1786627800000,225.08,227.22,224.14,224.88,1066275519.587638
1786628700000,224.92,226.13,224.78,225.78,1363187069.2119384
1786629600000,225.76,226.42,225.01,226.195,1025547318.307183
1786630500000,226.19,226.22,225.555,226.04,612890495.7202653
1786631400000,226.04,226.48,225.65,225.65,547484612.800208
1786632300000,225.63,225.7,224.63,224.98,1033318170.2895638
1786633200000,225.0,225.16,224.34,224.67,611368677.5780677
1786634100000,224.675,225.11,224.31,224.47,699469892.5235354
1786635000000,224.42,224.79,223.72,224.58,674932324.679709
1786635900000,224.54,224.81,224.09,224.221,401132193.6370512
1786636800000,224.226,225.136,224.21,224.787,443042082.3199
1786637700000,224.79,225.46,224.65,225.295,485723025.17462075
1786638600000,225.3,225.6,224.97,225.005,373711427.2825669
1786639500000,225.02,225.36,224.99,225.33,311754404.28683096
1786640400000,225.33,225.8,225.33,225.671,387524690.2026849
1786641300000,225.669,225.9,225.325,225.349,434320236.4617264
1786642200000,225.34,225.61,225.17,225.17,338659923.9759641
1786643100000,225.2,225.725,225.09,225.3,356641544.7523325
1786644000000,225.3,225.43,225.05,225.2,333786355.91300416
1786644900000,225.202,225.643,225.202,225.634,301381728.610605
1786645800000,225.634,225.99,225.44,225.57,506055719.1225889
1786646700000,225.52,225.81,225.49,225.74,361798147.3197101
1786647600000,225.74,226.23,225.62,225.7,603436714.4488956
1786648500000,225.66,226.07,225.48,225.81,487023117.14307636
1786649400000,225.814,226.2,225.6,225.75,612042055.3247916
1786650300000,224.995,225.4,224.975,225.35,2134842744.1084263
1786651200000,225.39,225.61,225.275,225.41,3572810445.7275095
1786652100000,225.401,225.497,225.345,225.45,13545550.87993508
1786653000000,225.35,225.46,225.319,225.37,13409662.76460485
1786653900000,225.432,225.435,225.35,225.367,8971162.41655857
1786654800000,225.367,225.49,225.34,225.49,16841516.974056818
1786655700000,225.5,225.5,225.44,225.44,14881373.52783323
1786656600000,225.49,225.68,225.45,225.68,12179048.21413369
1786657500000,225.59,225.645,225.532,225.55,43676193.56898984
1786658400000,225.41,225.59,225.408,225.59,16978740.44696935
1786659300000,225.552,225.599,225.485,225.54,10488025.72359922
1786660200000,225.59,225.661,225.54,225.59,9421374.0146112
1786661100000,225.652,225.652,225.531,225.611,4073824.81985772
1786662000000,225.83,225.99,225.622,225.83,11152650.18980597
1786662900000,225.87,225.99,225.605,225.87,8929522.57947255
1786663800000,225.67,225.685,225.551,225.58,8249476.48775165
1786664700000,225.5,225.614,225.445,225.52,9876612.65397214
1786665600000,225.56,225.75,225.42,225.54,2497583.0
1786666500000,225.48,225.53,225.18,225.37,2486989.95
1786667400000,225.37,225.58,225.31,225.4,2914235.73
1786668300000,225.4,225.41,225.05,225.18,1462705.51
1786669200000,225.14,225.14,224.61,224.64,2822344.17
1786670100000,224.64,224.95,224.59,224.95,2295690.78
1786671000000,224.95,225.11,224.87,225.11,1539108.45
1786671900000,225.15,225.31,225.12,225.28,987222.9
1786672800000,225.25,225.42,225.17,225.37,1002305.1
1786673700000,225.4,225.4,225.17,225.34,1416789.06
1786674600000,225.29,225.44,225.29,225.39,1409267.58
1786675500000,225.36,225.37,225.05,225.13,969294.33
1786676400000,225.14,225.25,225.03,225.25,2579978.68
1786677300000,225.19,225.35,225.16,225.32,1207342.45
1786678200000,225.31,225.31,225.13,225.13,812210.95
1786679100000,225.15,225.21,225.09,225.13,1346640.97
1786680000000,225.13,225.15,224.99,225.1,1530639.03
1786680900000,225.07,225.14,225.0,225.09,1029041.91
1786681800000,225.15,225.16,224.97,225.04,444731.64
1786682700000,225.02,225.07,225.0,225.07,488552.87
1786683600000,225.06,225.06,224.87,225.03,1190279.52
1786684500000,225.01,225.16,224.98,225.13,558664.46
1786685400000,225.12,225.21,225.03,225.13,970202.12
1786686300000,225.14,225.3,225.08,225.19,1973791.92
1786687200000,225.19,225.21,225.05,225.17,428635.7
1786688100000,225.17,225.23,225.09,225.22,1431657.49
1786689000000,225.19,225.23,225.14,225.18,647006.66
1786689900000,225.2,225.38,225.2,225.34,1840337.37
1786690800000,225.36,225.54,225.16,225.16,2155567.15
1786691700000,225.21,225.25,225.03,225.11,2014202.86
1786692600000,225.11,225.37,225.09,225.37,337572.69
1786693500000,225.34,225.39,225.27,225.28,599144.54
1786694400000,225.39,225.455,225.14,225.41,37647897.34377085
1786695300000,225.45,225.45,225.26,225.45,5445684.77429144
1786696200000,225.35,225.768,225.35,225.632,10531483.303057037
1786697100000,225.72,225.85,225.63,225.75,6621331.2452507
1786698000000,225.77,225.825,225.675,225.79,5038284.75988849
1786698900000,225.805,226.101,225.805,226.024,9304539.72979047
1786699800000,225.99,226.03,225.82,225.99,3442905.06004354
1786700700000,225.83,225.97,225.82,225.88,5071464.19756662
1786701600000,225.94,226.404,225.86,226.33,12645079.29299864
1786702500000,226.15,226.271,226.03,226.03,5127206.06837563
1786703400000,226.11,226.28,226.009,226.28,4107675.69399183
1786704300000,226.074,226.237,225.976,226.237,6991675.445455798
1786705200000,226.225,226.39,225.93,225.98,27341945.97295454
1786706100000,225.92,225.99,225.8,225.83,16039474.55041665
1786707000000,225.82,225.871,225.615,225.68,15956292.72163174
1786707900000,225.89,225.963,225.737,225.78,13350411.1761537
1786708800000,225.804,225.953,225.3,225.468,40525361.5903749
1786709700000,225.45,225.688,225.216,225.5,19048923.89784299
1786710600000,225.78,225.942,225.671,225.89,19555200.36666042
1786711500000,225.95,226.21,225.869,225.98,47500979.75648599
1786712400000,225.96,225.988,225.831,225.9,38137947.64499766
1786713300000,225.968,226.68,225.85,226.68,95200220.10766399
1786714200000,226.85,227.48,225.01,225.73,1754104981.4023526
1786715100000,225.71,226.81,225.37,225.69,815802942.5429236
1786716000000,225.64,226.57,225.39,225.855,697719145.4992986
1786716900000,225.927,225.927,224.51,225.057,903051767.0239816
1786717800000,225.066,226.35,224.99,226.3,824883881.5102978
1786718700000,226.38,226.94,226.085,226.12,802082839.8215973
1786719600000,226.08,226.289,225.37,225.49,443065651.2020311
1786720500000,225.46,226.34,224.94,225.56,555902518.9014767
1786721400000,225.54,225.56,224.62,224.89,605009843.5489318
1786722300000,224.87,225.39,224.69,225.255,534548216.0799094
1786723200000,225.27,225.62,225.14,225.57,364318637.4907406
1786724100000,225.58,225.81,225.47,225.66,281703662.3272878
1786725000000,225.646,225.7,225.0,225.05,454399417.7660467
1786725900000,225.075,225.2,224.94,225.067,338949646.5578003
1786726800000,225.067,225.34,225.067,225.308,361897902.3571863
1786727700000,225.34,225.37,225.08,225.14,207685323.4509197
1786728600000,225.11,225.4,225.09,225.39,291780411.6315274
1786729500000,225.44,225.67,225.19,225.34,297959473.10435706
1786730400000,225.358,225.64,225.27,225.32,368057661.38619184
1786731300000,225.318,225.36,224.58,224.765,529198997.4567296
1786732200000,224.72,225.395,224.65,225.35,342369267.77269745
1786733100000,225.33,225.33,224.91,225.105,362098996.4207788
1786734000000,225.14,225.45,224.81,224.92,421471194.3433597
1786734900000,224.9,225.34,224.86,225.181,429763282.9062119
1786735800000,225.18,225.37,225.02,225.065,594263271.6537927
1786736700000,225.05,225.99,224.86,225.16,1124828793.9599302
1786737600000,224.95,225.195,224.854,224.93,2823688734.9403577
1786738500000,224.95,224.95,224.794,224.83,33764943.93932713
1786739400000,224.86,224.999,224.806,224.86,10281417.15989477
1786740300000,224.964,224.999,224.95,224.976,10651877.916638236
1786741200000,224.99,225.03,224.97,225.02,5077017.67178042
1786742100000,225.01,225.046,224.95,224.95,5824514.48519098
1786743000000,224.95,225.005,224.941,224.97,4518400.53461663
1786743900000,224.97,224.97,224.941,224.965,5640296.54537759
1786744800000,224.965,224.965,224.915,224.93,5319290.30351092
1786745700000,224.93,224.945,224.87,224.891,3821104.40867146
1786746600000,224.891,224.891,224.876,224.885,2272741.01266335
1786747500000,224.885,224.91,224.875,224.884,3969288.97424458
1786748400000,224.884,224.9,224.884,224.89,6162121.837399646
1786749300000,224.87,224.95,224.87,224.87,5034259.92195387
1786750200000,224.941,224.95,224.885,224.901,4283361.15105112
1786751100000,224.84,224.901,224.711,224.72,14958747.11333128
1786752000000,224.722,224.723,224.722,224.723,473.731648
1786752900000,225.0,225.02,224.85,224.85,166.938461
1786753800000,224.95,225.02,224.82,224.82,322.080831
1786754700000,224.92,224.92,224.82,224.89,113.832401
1786755600000,224.92,224.92,224.81,224.81,415.017795
1786756500000,224.85,224.86,224.79,224.79,140.985836
1786757400000,224.9,224.9,224.76,224.76,35.03242
1786758300000,224.9,224.91,224.76,224.76,193.334646
1786759200000,224.73,224.73,224.73,224.73,58.4298
1786760100000,224.79,224.79,224.72,224.72,22.407727
1786761000000,224.79,224.85,224.66,224.66,203.291401
1786761900000,224.73,224.91,224.65,224.65,617.860903
1786762800000,224.75,224.75,224.65,224.65,48.62414
1786763700000,224.85,224.89,224.36,224.53,2707.402493
1786764600000,224.47,224.6,224.47,224.47,479.570434
1786765500000,224.6,224.62,224.4,224.4,485.893504
1786766400000,224.45,224.47,224.23,224.25,1257.394768
1786767300000,224.31,224.47,224.25,224.26,977.649633
1786768200000,224.29,224.63,224.29,224.42,1166.256836
1786769100000,224.5,224.63,224.29,224.29,1924.899701
1786770000000,224.39,224.63,224.21,224.21,3980.132586
1786770900000,224.4,224.4,224.17,224.17,314.836309
1786771800000,224.22,224.35,224.1,224.1,229.777914
1786772700000,224.28,224.35,224.02,224.12,750.865157
1786773600000,224.24,224.35,224.02,224.09,813.63345
1786774500000,224.1,224.57,224.09,224.4,1023.214476
1786775400000,224.4,224.63,224.35,224.35,300.707964
1786776300000,224.54,224.63,224.26,224.29,1765.780597
1786777200000,224.29,224.38,224.25,224.25,486.924919
1786778100000,224.38,224.48,224.12,224.17,576.943389
1786779000000,224.17,224.37,224.13,224.13,1371.676024
1786779900000,224.13,224.44,224.09,224.28,417.082744
1786780800000,224.4,224.42,224.19,224.19,893.898115
1786781700000,224.4,224.42,224.19,224.42,316.490872
1786782600000,224.19,224.42,224.19,224.19,43.624663
1786783500000,224.4,224.42,224.18,224.22,952.044857
1786784400000,224.42,224.45,224.21,224.21,675.398299
1786785300000,224.45,224.61,224.45,224.53,1073.640308
1786786200000,224.45,224.64,224.43,224.43,1073.333499
1786787100000,224.63,224.63,224.19,224.32,4224.486236
1786788000000,224.24,224.42,224.22,224.42,556.644105
1786788900000,224.58,224.66,224.35,224.39,1046.462921
1786789800000,224.39,224.6,224.39,224.4,701.224924
1786790700000,224.6,224.66,224.37,224.37,705.733112
1786791600000,224.42,224.77,224.42,224.72,917.362136
1786792500000,224.7,224.86,224.7,224.86,757.511506
1786793400000,224.86,225.01,224.76,224.87,1309.705815
1786794300000,224.97,225.47,224.56,224.56,1127.405784
1786795200000,224.71,224.71,224.5,224.57,909.921708
1786796100000,224.63,224.73,224.48,224.5,735.09494
1786797000000,224.44,224.7,224.42,224.42,437.250228
1786797900000,224.48,224.73,224.3,224.3,1277.704098
1786798800000,224.3,224.37,224.14,224.2,1207.244095
1786799700000,224.37,224.39,224.0,224.12,1920.969289
1786800600000,224.3,224.39,224.0,224.31,2822.333026
1786801500000,224.15,224.31,224.03,224.03,1451.437913
1786802400000,224.16,224.38,224.07,224.07,1447.447999
1786803300000,224.16,224.3,224.0,224.14,3678.583099
1786804200000,224.25,224.25,224.0,224.06,1154.101342
1786805100000,224.06,224.2,224.06,224.15,646.219307
1786806000000,224.15,224.76,224.13,224.62,2110.290304
1786806900000,224.62,224.97,224.62,224.97,1365.625199
1786807800000,224.97,225.08,224.83,224.97,390.406304
1786808700000,225.12,225.2,225.0,225.13,569.824395
1786809600000,225.17,225.24,225.05,225.05,606.469508
1786810500000,225.24,225.24,224.93,225.0,1090.650433
1786811400000,225.08,225.21,224.99,225.12,2178.422377
1786812300000,225.09,225.14,225.06,225.07,688.76474
1786813200000,225.09,225.18,225.0,225.05,992.125386
1786814100000,225.15,225.21,225.03,225.03,300.995834
1786815000000,225.06,225.09,224.95,224.98,1664.579626
1786815900000,225.07,225.07,224.97,224.97,15.370781
1786816800000,225.1,225.15,225.0,225.04,560.799634
1786817700000,225.1,225.22,225.03,225.22,781.651824
1786818600000,225.27,225.29,225.06,225.19,689.372336
1786819500000,225.23,225.32,225.21,225.21,811.710144
1786820400000,225.21,225.42,225.21,225.42,5668.800298
1786821300000,225.45,225.51,225.34,225.34,563.752261
1786822200000,225.54,225.56,225.34,225.34,1239.352925
1786823100000,225.48,225.6,225.34,225.53,1009.801462
1786824000000,225.64,225.7,225.53,225.53,720.493693
1786824900000,225.77,225.77,225.49,225.49,541.503287
1786825800000,225.72,225.76,225.58,225.58,425.323864
1786826700000,225.66,225.73,225.58,225.58,415.579949
1786827600000,225.58,225.58,225.58,225.58,29.618654
1786828500000,225.67,225.67,225.67,225.67,203.983113
1786830300000,225.69,225.74,225.52,225.52,414.549792
1786831200000,225.76,225.76,225.61,225.69,613.795785
1786833000000,225.71,225.71,225.67,225.67,211.906717
1786833900000,225.73,225.73,225.67,225.67,22.005765
1786834800000,225.73,225.73,225.67,225.67,108.989633
1786835700000,225.75,225.76,225.35,225.35,1457.055927
1786836600000,225.47,225.47,225.35,225.35,59.124317
1786837500000,225.47,225.47,225.35,225.35,27.115449
1786838400000,225.47,225.49,225.35,225.35,456.366866
1786839300000,225.49,225.49,225.35,225.35,169.956364
1786840200000,225.49,225.49,225.49,225.49,201.993942
1786841100000,225.53,225.53,225.53,225.53,209.990983
1786842900000,225.55,225.55,225.44,225.44,122.80933
1786843800000,225.56,225.66,225.44,225.44,257.690613
1786844700000,225.67,225.67,225.45,225.59,343.142116
1786846500000,225.61,225.64,225.56,225.56,489.645227
1786847400000,225.63,225.64,225.37,225.5,1753.016329
1786848300000,225.5,225.53,225.35,225.35,1095.140408
1786849200000,225.54,225.54,225.4,225.4,433.572062
1786850100000,225.35,225.57,225.35,225.35,1599.482011
1786851000000,225.35,225.58,225.35,225.42,745.154237
1786851900000,225.58,225.6,225.42,225.42,304.700638
1786852800000,225.57,225.66,225.57,225.66,486.123739
1786853700000,225.56,225.67,225.55,225.56,205.106088
1786854600000,225.66,225.7,225.62,225.62,606.942605
1786855500000,225.71,225.86,225.62,225.65,843.656369
1786856400000,225.87,225.96,225.67,225.9,344.53779
1786857300000,225.68,225.93,225.61,225.93,1573.392806
1786858200000,225.95,226.0,225.72,225.72,906.172903
1786859100000,225.96,225.96,225.96,225.96,201.488532
1786860000000,226.0,226.0,225.71,225.71,807.610564
1786860900000,226.0,226.06,225.73,226.06,1018.484521
1786861800000,226.07,226.16,225.91,226.06,514.02659
1786862700000,226.1,226.2,225.9,225.9,1839.070177
1786863600000,226.12,226.16,225.98,226.04,370.147388
1786864500000,226.13,226.15,225.74,225.95,1383.192418
1786865400000,225.99,226.08,225.76,225.76,2476.972567
1786866300000,225.98,226.12,225.74,226.12,2819.294653
1786867200000,226.05,226.23,225.88,226.05,2571.158105
1786868100000,226.11,226.11,225.74,225.82,1906.377017
1786869000000,226.06,226.13,225.55,225.55,1714.547527
1786869900000,225.77,225.79,225.52,225.63,2923.443816
1786870800000,225.59,225.66,225.47,225.47,2778.827377
1786871700000,225.63,225.65,225.44,225.44,2366.639876
1786872600000,225.63,225.84,225.44,225.65,4698.073186
1786873500000,225.73,225.89,225.63,225.78,2482.824264
1786874400000,225.69,225.8,225.67,225.67,461.893013
1786875300000,225.8,225.83,225.53,225.66,1318.552362
1786876200000,225.84,225.85,225.74,225.74,480.117951
1786877100000,225.86,225.93,225.66,225.77,653.152519
1786878000000,225.9,225.92,225.86,225.86,245.300634
1786878900000,225.92,226.04,225.84,225.84,777.764197
1786879800000,226.06,226.08,225.89,225.89,428.672871
1786880700000,226.09,226.14,226.09,226.1,497.808689
1786881600000,226.0,226.33,225.44,225.45,2880.68597
1786882500000,225.39,225.6,225.39,225.56,738.70196
1786883400000,225.45,225.45,225.45,225.45,175.62555
1786884300000,225.48,225.49,225.41,225.41,841.434616
1786885200000,225.41,225.6,225.39,225.39,814.331972
1786886100000,225.6,225.63,225.37,225.38,1258.058715
1786887000000,225.66,225.67,225.43,225.43,522.621313
1786887900000,225.43,225.66,225.37,225.37,724.137648
1786888800000,225.57,225.6,225.37,225.6,875.400393
1786889700000,225.64,225.65,225.54,225.65,274.192103
1786890600000,225.67,225.71,225.57,225.57,780.288816
1786891500000,225.76,225.76,225.68,225.68,601.268877
1786892400000,225.68,225.68,225.57,225.57,550.220289
1786893300000,225.59,225.64,225.32,225.41,1090.493506
1786894200000,225.41,225.51,225.32,225.37,979.212326
1786895100000,225.52,225.59,225.37,225.46,823.399916
1786896000000,225.54,225.56,225.36,225.46,1042.1518
1786896900000,225.54,225.54,225.36,225.36,311.425958
1786897800000,225.54,225.56,225.32,225.41,1021.162294
1786898700000,225.41,225.48,225.32,225.32,439.566936
1786899600000,225.48,225.65,225.31,225.58,635.330933
1786900500000,225.58,225.77,225.53,225.62,1512.718629
1786901400000,225.73,225.73,225.73,225.73,24.988311
1786902300000,225.77,225.81,225.43,225.68,2327.325825
1786903200000,225.81,225.81,225.6,225.75,715.913522
1786904100000,225.79,225.82,225.72,225.73,463.92667
1786905000000,225.82,225.87,225.69,225.8,839.170983
1786905900000,225.85,225.85,225.85,225.85,19.987725
1786907700000,225.85,225.85,225.78,225.78,260.936392
1786908600000,225.85,225.88,225.58,225.85,527.518238
1786909500000,225.78,225.89,225.4,225.4,365.110471
1786910400000,225.54,225.6,225.4,225.49,913.696448
1786912200000,225.51,225.53,225.51,225.51,101.685481
1786913100000,225.53,225.55,225.45,225.45,363.250983
1786914000000,225.5,225.5,225.43,225.43,215.835257
1786922100000,225.47,225.49,225.41,225.41,582.312101
1786923000000,225.47,225.49,225.41,225.41,396.977542
1786923900000,225.49,225.5,225.39,225.39,188.047903
1786924800000,226.48,226.48,224.75,225.67,13494313.19000001
1786925700000,225.69,225.82,225.54,225.71,7107380.15
1786926600000,225.76,225.8,225.6,225.7,2143225.81
1786927500000,225.71,225.71,225.5,225.64,1626512.46
1786928400000,225.66,225.99,225.62,225.91,5546874.73
1786929300000,225.9,225.93,225.74,225.85,2044305.18
1786930200000,225.83,225.85,225.58,225.72,1574184.8
1786931100000,225.73,225.81,225.59,225.65,1303345.26
1786932000000,225.66,225.77,225.56,225.75,756431.96
1786932900000,225.77,225.9,225.68,225.7,2030556.03
1786933800000,225.69,225.74,225.59,225.67,2350500.34
1786934700000,225.66,225.79,225.59,225.67,2078068.46
1786935600000,225.67,225.73,225.64,225.66,1507611.83
1786936500000,225.72,225.83,225.7,225.75,1585564.31
1786937400000,225.76,225.83,225.7,225.81,839648.12
1786938300000,225.8,225.93,225.78,225.88,2012425.0
1786939200000,225.89,225.92,225.82,225.89,1041484.83
1786940100000,225.89,225.9,225.79,225.82,1549994.85
1786941000000,225.82,225.84,225.71,225.8,1212685.59
1786941900000,225.81,225.86,225.73,225.79,857849.72
1786942800000,225.79,225.88,225.73,225.84,2398931.63
1786943700000,225.86,225.87,225.65,225.68,1070643.26
1786944600000,225.72,225.82,225.58,225.7,1407089.39
1786945500000,225.69,225.79,225.67,225.71,1514972.51
1786946400000,225.76,225.89,225.68,225.81,1829537.69
1786947300000,225.81,226.0,225.75,225.98,2341165.81
1786948200000,225.97,226.29,225.97,226.23,7647348.1
1786949100000,226.26,226.43,226.21,226.36,3830342.27
1786950000000,226.37,226.41,225.88,225.9,9414758.65999999
1786950900000,225.91,226.11,225.79,226.11,2560632.8
1786951800000,226.1,226.38,226.08,226.22,3317586.21
1786952700000,226.22,226.23,226.05,226.12,1515628.44
1786953600000,225.95,226.458,224.926,226.2,85882358.33196217
1786954500000,226.16,226.4,226.16,226.4,8827129.59852164
1786955400000,226.24,226.313,226.011,226.17,4656202.53710712
1786956300000,226.111,226.299,226.07,226.178,4260297.72888166
1786957200000,226.177,226.177,226.045,226.094,6023579.22926661
1786958100000,226.01,226.1,225.98,226.01,6838499.29070188
1786959000000,225.97,226.045,225.96,226.0,3302718.69846004
1786959900000,226.07,226.208,226.015,226.11,6098768.68022918
1786960800000,226.14,226.346,226.132,226.175,5591899.87013777
1786961700000,226.43,226.43,226.031,226.43,5474862.45137343
1786962600000,226.39,226.405,226.13,226.25,5468865.1751432
1786963500000,226.26,226.35,226.2,226.21,8465040.06981354
1786964400000,226.56,226.754,226.345,226.69,51314970.5171942
1786965300000,226.61,226.724,226.471,226.65,22708554.55342215
1786966200000,226.518,226.717,226.511,226.604,29488516.397216413
1786967100000,226.77,226.814,226.604,226.74,22141707.42474102
1786968000000,226.64,226.761,226.47,226.74,25712506.99330167
1786968900000,226.82,227.024,226.621,227.02,47204986.39445321
1786969800000,227.0,227.036,225.99,226.2,59428973.2087909
1786970700000,226.07,226.407,226.07,226.3,29735009.98958004
1786971600000,226.39,226.469,226.28,226.37,22307424.60651919
1786972500000,226.4,226.633,225.52,225.8,52679133.6189948
1786973400000,225.99,227.16,225.15,225.88,1567530453.847268
1786974300000,225.89,226.46,225.04,226.185,1309933401.7831464
1786975200000,226.187,226.29,225.37,226.125,765572927.0165014
1786976100000,226.135,226.62,225.81,226.62,558100746.4363928
1786977000000,226.59,227.22,226.435,227.02,1031459416.0313021
1786977900000,227.05,227.21,225.6,226.24,807798404.3030373
1786978800000,226.255,227.08,226.24,226.75,825659277.7134881
1786979700000,226.745,227.76,226.72,227.42,989185945.1768014
1786980600000,227.455,227.555,226.715,227.31,578419143.8032907
1786981500000,227.29,227.92,227.285,227.71,582622021.3644112
1786982400000,227.715,227.735,227.11,227.213,626843781.6363295
1786983300000,227.212,227.35,226.83,227.03,742623646.7957454
1786984200000,227.06,227.07,226.74,226.78,299540985.3969446
1786985100000,226.78,227.19,226.74,227.06,303341100.25840026
1786986000000,227.04,227.145,226.16,226.16,408401914.4894892
1786986900000,226.201,226.45,225.845,225.914,742672230.021351
1786987800000,225.913,226.27,225.89,226.234,438363547.1575852
1786988700000,226.21,226.25,225.77,225.83,329090317.729461
1786989600000,225.84,225.89,225.445,225.71,461747609.6619061
1786990500000,225.687,225.78,225.39,225.536,362166455.03691024
1786991400000,225.537,225.74,225.425,225.695,308326480.2390275
1786992300000,225.698,225.92,225.57,225.6,372828376.274811
1786993200000,225.62,225.725,225.35,225.46,342662317.1584337
1786994100000,225.46,225.79,225.38,225.5,352655321.53531456
1786995000000,225.525,226.015,225.375,225.56,461732539.97988427
1786995900000,225.57,225.72,224.87,225.07,1446685015.9845526
1786996800000,224.99,225.154,224.92,224.98,4274209008.6451473
1786997700000,225.04,225.062,224.967,225.0,71540365.52637576
1786998600000,224.96,225.023,224.911,224.97,17658672.14124064
1786999500000,224.944,225.025,224.924,225.015,509496404.42105407
1787000400000,225.015,225.024,224.965,224.975,6572374.0110822385
1787001300000,224.975,225.054,224.96,225.037,13545586.537562173
1787002200000,224.97,225.08,224.935,224.97,14600147.33745062
1787003100000,224.99,225.045,224.975,224.99,3516097.99264763
1787004000000,225.01,225.07,224.965,225.0,11078131.55472628
1787004900000,224.96,225.03,224.96,224.96,6353160.64519557
1787005800000,225.025,225.035,225.005,225.03,8125373.1306744
1787006700000,225.13,225.189,225.015,225.13,6658939.41182036
1787007600000,225.055,225.134,225.03,225.065,4905409.11771941
1787008500000,225.065,225.135,225.065,225.135,4321435.36251473
1787009400000,225.136,225.284,225.136,225.18,15618062.045459574
1787010300000,225.12,225.18,225.105,225.12,10488364.32220453
1787011200000,225.05,225.34,224.99,225.1,2604811.36
1787012100000,225.1,225.37,225.07,225.21,1164693.39
1787013000000,225.21,225.29,225.13,225.15,876416.64
1787013900000,225.16,225.32,225.15,225.17,994561.75
1787014800000,225.19,225.34,225.12,225.32,1164852.54
1787015700000,225.32,225.34,225.18,225.23,1014838.41
1787016600000,225.23,225.23,224.78,224.81,3294741.64
1787017500000,224.8,224.81,224.18,224.39,4542461.64
1787018400000,224.4,224.45,223.84,223.91,3894395.78
1787019300000,223.95,224.02,223.37,223.41,6582065.65
1787020200000,223.41,223.6,223.03,223.1,7192148.12
1787021100000,223.09,223.14,222.72,223.05,9446532.04
1787022000000,223.05,223.21,222.87,223.04,3585543.17
1787022900000,223.04,223.08,221.86,222.43,11928716.71
1787023800000,222.39,222.82,222.11,222.74,4857634.09
1787024700000,222.76,223.03,222.59,222.94,2582496.78
1787025600000,222.94,223.03,222.59,223.03,2717539.87
1787026500000,223.02,223.1,222.7,223.02,1856744.89
1787027400000,223.04,223.1,222.78,223.04,2269715.3
1787028300000,223.05,223.18,222.89,223.06,4433311.11
1787029200000,223.05,223.06,222.76,222.78,1705763.1
1787030100000,222.76,222.84,222.56,222.72,1593939.96
1787031000000,222.7,222.72,222.12,222.46,3715237.19
1787031900000,222.45,222.52,222.11,222.15,1814582.82
1787032800000,222.15,222.29,221.69,222.18,7028916.53
1787033700000,222.15,222.37,221.86,222.28,4125734.32
1787034600000,222.23,222.47,222.21,222.46,2085553.5
1787035500000,222.45,222.79,222.32,222.66,1757128.43
1787036400000,222.64,222.8,222.41,222.55,4938571.49
1787037300000,222.58,222.61,222.3,222.3,2460150.56
1787038200000,222.33,222.34,222.03,222.11,1093162.91
1787039100000,222.08,222.22,221.99,222.01,2343259.72
1787040000000,224.669,224.669,220.66,221.0,117418976.77763328
1787040900000,221.18,221.327,220.734,221.01,25376807.20726996
1787041800000,221.09,221.212,220.95,221.12,15490250.04687711
1787042700000,220.8,221.143,220.412,220.51,18042554.20349542
1787043600000,220.49,220.641,220.177,220.46,19166672.92531418
1787044500000,220.435,220.435,219.778,219.922,64082710.907636926
1787045400000,219.93,219.949,219.571,219.83,19570421.5028519
1787046300000,219.61,220.306,219.6,219.9,8313670.36294384
1787047200000,220.15,220.328,220.101,220.24,13163227.98809868
1787048100000,220.29,220.5,220.279,220.5,11555074.5092682
1787049000000,220.343,220.599,220.343,220.454,9150718.72444255
1787049900000,220.85,220.85,220.455,220.85,9492827.86390711
1787050800000,220.805,220.94,220.618,220.74,51987195.61676836
1787051700000,220.87,220.888,220.63,220.68,26565443.48195364
1787052600000,220.659,220.884,220.49,220.715,29259959.356246874
1787053500000,220.72,220.999,220.651,220.8,37165277.91177478
1787054400000,221.09,221.093,220.57,220.57,22738571.56000883
1787055300000,220.59,221.03,220.567,220.78,19729130.79775441
1787056200000,220.64,220.797,220.45,220.52,23814010.9560808
1787057100000,220.544,220.544,220.335,220.365,44828728.945872046
1787058000000,220.36,220.45,220.09,220.23,40597670.62978407
1787058900000,220.08,220.58,219.76,220.58,74131892.95224325
1787059800000,220.31,221.65,219.455,220.42,1970343264.6810043
1787060700000,220.421,220.825,219.36,220.193,1263092134.0416276
1787061600000,220.17,220.78,218.89,219.015,977489812.2803712
1787062500000,219.01,220.26,218.85,219.955,877714760.8051665
1787063400000,219.94,220.5,219.39,219.41,757269902.3217736
1787064300000,219.4,219.48,218.73,219.07,775245585.8458438
1787065200000,219.056,219.51,218.7,219.48,784839422.5313289
1787066100000,219.48,219.775,219.305,219.584,726737938.4273872
1787067000000,219.5,219.91,219.32,219.67,505495392.7937189
1787067900000,219.695,220.245,219.69,220.075,538223611.7788923
1787068800000,220.05,220.36,219.93,219.97,389049367.6507734
1787069700000,219.995,220.055,219.42,219.52,517395683.5497747
1787070600000,219.516,220.07,219.39,219.817,755487822.1763219
1787071500000,219.83,220.455,219.615,220.2,393248103.3429092
1787072400000,220.2,220.34,219.885,220.09,415895483.0995786
1787073300000,220.05,220.39,219.96,220.35,320601982.1757286
1787074200000,220.3,220.5,220.17,220.34,360581255.0681715
1787075100000,220.35,220.48,219.94,219.96,414869804.26639616
1787076000000,219.97,220.05,219.215,219.61,465963215.19780076
1787076900000,219.635,220.305,219.594,219.95,396627919.0160011
1787077800000,219.935,220.18,219.85,219.96,283440096.9223358
1787078700000,219.968,220.18,219.76,219.838,420001478.4505903
1787079600000,219.8,219.95,219.63,219.69,387544702.1112331
1787080500000,219.66,219.73,219.12,219.25,575219689.6575607
1787081400000,219.21,219.54,218.92,219.45,834997522.1949818
1787082300000,219.44,220.06,219.18,219.72,1344792585.445337
1787083200000,219.663,220.034,219.663,219.886,4384519217.702604
1787084100000,219.885,219.9,219.773,219.78,34956657.48065857
1787085000000,219.78,219.825,219.675,219.71,19302238.699358344
1787085900000,219.59,219.708,219.576,219.63,8650325.93196852
1787086800000,219.62,219.635,219.55,219.62,5274208.98181071
1787087700000,219.5,219.55,219.426,219.49,7325163.45854592
1787088600000,219.51,219.535,219.463,219.51,10141240.10334992
1787089500000,219.52,219.52,219.411,219.48,6426572.9353302
1787090400000,219.44,219.495,219.426,219.44,6360264.76589956
1787091300000,219.47,219.714,219.405,219.5,10563680.69499113
1787092200000,219.48,219.488,219.275,219.31,10187968.94767296
1787093100000,219.295,219.295,218.96,219.049,25304338.330042463
1787094000000,219.01,219.191,218.986,219.14,9503388.30036008
1787094900000,219.05,219.168,218.965,219.15,11410724.28288555
1787095800000,219.07,219.293,218.99,219.2,10615110.88433832
1787096700000,219.29,219.338,219.175,219.28,10662184.30061046
1787097600000,219.29,219.29,218.61,218.68,5963822.11
1787098500000,218.61,218.91,218.34,218.87,3673195.65
1787099400000,218.91,219.31,218.91,219.28,3229307.11
1787100300000,219.29,219.46,219.08,219.08,2585476.22
1787101200000,219.07,219.8,219.01,219.69,3332631.25
1787102100000,219.7,219.97,219.62,219.93,2727567.36
1787103000000,219.92,219.99,219.56,219.72,1401036.81
1787103900000,219.71,219.79,219.62,219.7,1190900.21
1787104800000,219.7,219.77,219.19,219.29,1533150.42
1787105700000,219.27,219.55,219.09,219.09,1600345.63
1787106600000,219.15,219.2,218.99,219.11,1807680.76
1787107500000,219.08,219.24,219.0,219.11,1534031.7
1787108400000,219.12,219.36,219.12,219.17,1176308.2
1787109300000,219.19,219.42,219.19,219.24,1386712.94
1787110200000,219.25,219.55,219.21,219.35,1559260.33
1787111100000,219.36,219.4,219.17,219.17,849156.71
1787112000000,219.18,219.2,219.0,219.09,894050.94
1787112900000,219.1,219.13,218.89,219.09,2288043.72
1787113800000,219.07,219.09,218.8,218.89,1135728.13
1787114700000,218.91,219.09,218.73,219.07,1731882.04
1787115600000,219.06,219.33,218.77,218.87,1807308.94
1787116500000,218.83,219.1,218.76,219.08,1288204.09
1787117400000,219.1,219.11,218.8,218.83,1719632.64
1787118300000,218.89,218.92,218.72,218.83,1546653.8
1787119200000,218.81,218.82,218.64,218.66,2968098.82
1787120100000,218.66,219.0,218.66,218.67,2072885.68
1787121000000,218.68,218.8,218.51,218.59,2655447.68
1787121900000,218.63,219.42,218.63,219.4,3486419.88
1787122800000,219.37,219.5,219.06,219.4,3046418.32
1787123700000,219.41,219.73,219.28,219.67,3921352.99
1787124600000,219.66,219.79,219.5,219.73,2294023.04
1787125500000,219.72,220.11,219.72,220.09,2166068.63
1787126400000,220.63,221.1,219.33,221.01,75016062.27811244
1787127300000,220.99,221.121,220.667,220.74,12678968.43413651
1787128200000,220.6,220.89,220.455,220.69,7325618.25486054
1787129100000,220.85,220.912,220.449,220.89,4701337.83809514
1787130000000,220.49,220.705,220.386,220.43,6327100.8705187
1787130900000,220.515,220.645,220.231,220.275,6785881.09330981
1787131800000,220.42,220.6,220.137,220.43,6848043.94570885
1787132700000,220.25,220.52,220.138,220.3,7278886.58977015
1787133600000,220.07,220.52,219.829,220.15,12883296.23560992
1787134500000,220.378,220.554,220.17,220.41,6652437.94518026
1787135400000,220.36,220.823,220.34,220.36,16408677.54926251
1787136300000,220.653,220.742,220.207,220.23,8028944.43845575
1787137200000,220.16,220.544,220.03,220.03,24430064.64562896
1787138100000,220.21,220.259,220.065,220.2,10508943.37256012
1787139000000,220.04,220.23,219.535,219.62,19605743.22663083
1787139900000,219.6,219.84,219.518,219.814,27029810.8592584
1787140800000,219.812,220.564,219.652,220.564,27269326.430829514
1787141700000,220.64,220.69,220.155,220.17,29520134.23237188
1787142600000,219.91,221.004,219.821,220.97,71773511.40126209
1787143500000,220.96,221.317,220.73,221.18,84640878.65432413
1787144400000,221.15,221.608,221.037,221.6,67587431.78714827
1787145300000,221.603,222.004,220.97,221.738,130966410.04596058
1787146200000,221.745,222.87,219.375,219.98,52124974.25
1787147100000,219.98,220.47,217.92,218.697,50119460.68
1787148000000,218.675,218.81,216.89,216.931,44934976.22
1787148900000,216.927,218.17,216.76,218.17,30025790.385
1787149800000,218.2,219.525,217.97,219.38,36547187.875
1787150700000,219.354,219.925,218.945,219.871,26327202.37
1787151600000,219.91,219.94,219.05,219.255,19623471.345
1787152500000,219.255,219.66,218.89,219.275,21606110.53
1787153400000,219.23,219.31,218.81,219.263,13370353.795
1787154300000,219.267,219.41,218.64,219.31,21273835.255
1787155200000,219.312,220.645,219.27,220.167,26379295.115
1787156100000,220.161,220.32,219.36,219.423,20155434.85
1787157000000,219.38,219.52,219.1,219.315,414514342.8204341
1787157900000,219.3,219.43,218.8,218.951,21091763.96
1787158800000,218.946,219.28,218.8,219.015,49139191.50981504
1787159700000,219.011,219.31,218.76,218.992,302774205.6640385
1787160600000,218.99,219.3,218.865,219.219,300848177.44218
1787161500000,219.216,219.46,219.0,219.15,295429851.2831079
1787162400000,219.14,219.77,218.76,219.11,442125263.5143683
1787163300000,219.08,219.151,218.66,219.14,321053082.4159161
1787164200000,219.152,219.8,219.15,219.637,378405177.09822744
1787165100000,219.635,219.72,219.34,219.449,348141830.3391501
1787166000000,219.46,219.83,219.43,219.638,278290160.5869641
1787166900000,219.634,220.0,219.525,219.555,395142218.5179623
1787167800000,219.56,219.84,218.8,218.89,527454332.9984903
1787168700000,218.87,218.894,217.02,217.449,1348266465.1992462
1787169600000,217.48,217.813,217.48,217.675,4243943201.911115
1787170500000,217.675,217.815,217.62,217.807,27493323.93749509
1787171400000,217.89,217.92,217.806,217.82,17725054.24478552
1787172300000,217.8,218.088,217.8,218.01,25383663.23657967
1787173200000,218.05,218.292,218.039,218.24,20259003.35228149
1787174100000,218.2,218.333,218.087,218.2,58944081.92179074
1787175000000,218.164,218.205,218.075,218.08,15756977.5624004
1787175900000,218.08,218.35,218.08,218.325,13696667.038800498
1787176800000,218.75,218.779,218.231,218.75,15025588.49880487
1787177700000,218.69,218.728,218.552,218.65,14885979.61470708
1787178600000,218.76,218.76,218.55,218.65,14181972.07161771
1787179500000,218.588,218.643,218.56,218.595,7639798.98282695
1787180400000,218.87,218.871,218.595,218.87,12820095.8388106
1787181300000,218.727,218.8,218.695,218.725,9076936.2414408
1787182200000,218.69,218.94,218.69,218.94,14286375.43138967
1787183100000,218.83,218.99,218.805,218.99,14015379.91318429
1787184000000,218.91,218.91,218.42,218.75,3947880.08
1787184900000,218.8,219.12,218.79,218.89,3046467.43
1787185800000,218.88,219.05,218.68,218.9,3401549.43
1787186700000,218.93,219.12,218.86,219.08,1451861.12
1787187600000,219.06,219.2,218.89,219.1,2127856.94
1787188500000,219.04,219.23,218.97,219.04,1514810.47
1787189400000,219.04,219.29,218.99,219.28,1341232.62
1787190300000,219.27,219.33,219.11,219.19,1972098.59
1787191200000,219.2,219.43,219.12,219.23,1583240.46
1787192100000,219.2,219.2,218.72,218.79,3192910.71
1787193000000,218.76,219.09,218.7,219.05,1852104.62
1787193900000,219.03,219.06,218.83,219.02,571508.73
1787194800000,219.01,219.27,218.94,219.05,1438090.94
1787195700000,219.07,219.21,218.99,219.02,697874.45
1787196600000,218.96,219.01,218.79,218.99,834853.95
1787197500000,218.99,219.09,218.91,218.99,1010026.4
1787198400000,218.97,219.23,218.92,219.12,928746.14
1787199300000,219.12,219.16,218.95,218.95,374347.89
1787200200000,218.95,219.11,218.78,219.11,993587.44
1787201100000,219.09,219.21,218.94,218.97,490083.54
1787202000000,218.95,219.01,218.77,218.84,696429.23
1787202900000,218.88,219.1,218.83,218.97,642240.51
1787203800000,218.97,219.04,218.87,218.96,401380.17
1787204700000,218.96,219.05,218.89,218.91,601313.08
1787205600000,218.94,219.21,218.92,219.17,1337467.51
1787206500000,219.16,219.16,218.96,219.1,679244.11
1787207400000,219.08,219.45,219.06,219.36,1409306.31
1787208300000,219.38,219.5,219.1,219.36,2086720.92
1787209200000,219.35,219.43,219.14,219.26,1841498.97
1787210100000,219.26,219.35,219.0,219.03,1788139.87
1787211000000,219.03,219.15,218.93,218.99,1054154.67
1787211900000,219.01,219.29,219.0,219.2,922741.15
1787212800000,218.98,219.152,218.445,218.79,47797621.90748394
1787213700000,218.29,218.588,218.25,218.25,5240014.63926056
1787214600000,218.2,218.415,217.987,218.1,8087369.17964888
1787215500000,218.31,218.319,217.94,218.04,7783423.2452106355
1787216400000,218.44,218.565,217.976,218.44,2434966.16509316
1787217300000,218.38,218.548,218.212,218.495,2171838.56203288
1787218200000,218.39,218.501,218.271,218.39,2280135.16155571
1787219100000,218.53,218.594,218.36,218.53,5045939.36220046
1787220000000,218.431,218.6,218.403,218.6,12891163.005667595
1787220900000,218.58,218.625,218.476,218.58,3733785.38727746
1787221800000,218.572,218.654,218.498,218.5,2739941.71694755
1787222700000,218.53,218.76,218.5,218.74,3603199.9043976
1787223600000,218.51,218.793,218.351,218.52,20396495.2926425
1787224500000,218.37,218.595,218.038,218.1,15303147.58570951
1787225400000,218.19,218.277,218.051,218.06,12172575.83804282
1787226300000,218.0,218.2,217.36,217.36,35078477.58378463
1787227200000,217.26,217.385,216.642,216.65,55873585.21666673
1787228100000,216.636,217.13,216.467,216.99,68757113.67595598
1787229000000,216.79,217.385,216.644,217.35,32325181.15334023
1787229900000,217.39,217.908,217.301,217.84,29996088.19306063
1787230800000,217.89,218.229,217.876,218.05,38212655.30203836
1787231700000,217.92,218.51,217.891,218.21,34802709.92198247
1787232600000,218.362,219.84,217.185,219.15,291906255.6671821
1787233500000,219.145,219.23,217.4,217.685,44678033.81
1787234400000,217.76,218.065,217.11,217.868,32602440.35
1787235300000,217.85,217.91,216.72,217.54,915424141.5632745
1787236200000,217.505,218.99,217.41,218.85,707307390.3493576
1787237100000,218.825,218.895,217.26,217.71,619164470.2700462
1787238000000,217.73,218.295,217.27,217.56,32596891.735
1787238900000,217.562,217.65,216.65,216.784,35659751.035
1787239800000,216.788,216.94,215.93,215.972,25313817.94
1787240700000,215.95,216.295,215.675,216.258,24010573.1
1787241600000,216.28,216.73,216.25,216.42,388654077.98953414
1787242500000,216.395,216.96,216.29,216.86,323312515.2057588
1787243400000,216.85,217.06,216.58,216.864,196801415.76040456
1787244300000,216.867,217.99,216.75,217.85,339976732.9568847
1787245200000,217.837,217.94,216.79,216.82,520665224.87459904
1787246100000,216.842,216.89,216.21,216.3,436146485.13852966
1787247000000,216.298,216.47,216.19,216.46,296208566.3265269
1787247900000,216.44,216.98,216.43,216.77,263070095.62164488
1787248800000,216.78,216.84,216.42,216.58,269432428.47124964
1787249700000,216.582,216.94,216.37,216.905,311297181.2772996
1787250600000,216.9,216.995,216.47,216.574,338094988.77729774
1787251500000,216.54,216.77,216.49,216.624,372167150.09209067
1787252400000,216.617,217.08,216.53,216.865,361245097.11006725
1787253300000,216.88,217.45,216.76,217.44,407915404.7538122
1787254200000,217.435,217.435,216.825,216.913,462711265.572568
1787255100000,216.81,217.0,216.7,217.0,1101959324.4018195
1787256000000,216.893,217.1,216.745,216.926,4919448153.110246
1787256900000,216.86,217.035,216.8,216.84,28554209.734881
1787257800000,217.0,217.068,216.922,217.01,6629653.60219101
1787258700000,217.003,217.031,216.986,217.0,5774652.58176185
1787259600000,216.99,217.085,216.99,217.06,506756443.35642946
1787260500000,217.05,217.124,217.025,217.059,5551927.061773548
1787261400000,217.059,217.09,217.05,217.07,8089604.900643342
1787262300000,217.07,217.17,217.061,217.155,6401308.93259465
1787263200000,217.05,217.21,216.99,217.01,11595715.34285426
1787264100000,217.018,217.099,217.005,217.049,8461250.59691598
1787265000000,217.08,217.124,217.0,217.1,3056554.12647959
1787265900000,217.21,217.215,217.115,217.2,4183573.28664157
1787266800000,217.15,217.199,217.135,217.15,3276941.26714817
1787267700000,217.19,217.2,217.136,217.19,3846108.47614577
1787268600000,217.14,217.171,217.117,217.14,5129008.97994568
1787269500000,217.172,217.175,217.025,217.03,10310267.326665739
1787270400000,217.12,217.39,216.63,217.38,2676946.87
1787271300000,217.37,217.41,217.15,217.19,1493305.56
1787272200000,217.18,217.36,217.13,217.36,2098630.76
1787273100000,217.36,217.66,217.33,217.41,3996252.38
1787274000000,217.41,217.47,217.08,217.35,3190519.52
1787274900000,217.33,217.51,217.17,217.36,1032548.47
1787275800000,217.33,217.66,217.28,217.63,6532000.92
1787276700000,217.63,217.7,217.54,217.64,3010825.85
1787277600000,217.63,217.69,217.53,217.68,2000672.1
1787278500000,217.65,217.93,217.61,217.93,1475172.87
1787279400000,217.91,218.09,217.89,217.97,3695843.25
1787280300000,217.96,218.11,217.85,217.86,734464.34
1787281200000,217.86,217.89,217.74,217.77,835684.86
1787282100000,217.8,217.87,217.75,217.76,1283710.24
1787283000000,217.78,217.89,217.74,217.75,1283137.77
1787283900000,217.73,217.78,217.63,217.68,658771.6
1787284800000,217.67,217.86,217.66,217.85,644276.72
1787285700000,217.85,217.85,217.47,217.47,1379893.67
1787286600000,217.47,217.51,217.34,217.49,1058386.14
1787287500000,217.51,217.63,217.49,217.54,581798.26
1787288400000,217.54,217.65,217.48,217.6,601323.59
1787289300000,217.6,217.73,217.54,217.57,467866.94
1787290200000,217.53,217.71,217.47,217.47,721675.27
1787291100000,217.49,217.64,217.39,217.64,958999.95
1787292000000,217.64,217.65,217.51,217.63,1445327.86
1787292900000,217.65,217.69,217.57,217.66,867472.13
1787293800000,217.66,217.83,217.63,217.67,1190521.49
1787294700000,217.65,217.77,217.59,217.7,532309.25
1787295600000,217.72,217.99,217.55,217.85,3426638.35
1787296500000,217.86,218.07,217.83,217.98,1683424.26
1787297400000,217.95,218.22,217.94,218.06,1567770.26
1787298300000,218.06,218.18,217.96,217.99,1174966.98
1787299200000,218.25,218.25,217.03,218.25,37525815.42850664
1787300100000,217.835,218.03,217.721,217.881,4968392.71270994
1787301000000,217.879,218.25,217.876,218.165,3054271.35151709
1787301900000,218.27,218.43,218.165,218.38,3507350.74763217
1787302800000,217.74,218.285,213.214,213.51,104939820.98073728
1787303700000,215.606,216.527,215.601,216.453,33694874.72754642
1787304600000,216.454,216.832,216.361,216.751,14344382.469647463
1787305500000,216.75,217.31,216.74,217.31,11156261.51266864
1787306400000,217.45,217.501,217.221,217.5,9830415.92158817
1787307300000,217.5,217.636,217.26,217.59,5128061.08925587
1787308200000,217.57,217.635,217.306,217.51,3969940.63666649
1787309100000,217.6,217.63,217.466,217.55,4330155.71884102
1787310000000,217.51,217.838,217.32,217.83,30037644.92820159
1787310900000,217.77,218.289,217.72,218.21,26121205.38564893
1787311800000,218.22,218.608,218.166,218.26,32952904.6455347
1787312700000,218.327,218.45,218.04,218.051,19982620.31557331
1787313600000,218.02,218.217,217.91,217.99,17880014.54572128
1787314500000,217.98,218.127,217.799,217.97,25318839.12354407
1787315400000,218.2,218.26,217.75,217.78,27298911.30556971
1787316300000,218.03,218.154,217.832,217.91,15411246.41391346
1787317200000,217.867,217.872,217.45,217.49,39912814.791817725
1787318100000,217.48,218.633,216.9,218.29,91753506.40156028
1787319000000,218.41,218.74,216.76,216.88,3122634939.8971653
1787319900000,216.91,217.38,215.92,216.48,922410760.9470798
1787320800000,216.49,216.75,215.24,215.415,809025735.1618841
1787321700000,215.4,215.61,214.6,214.645,2104698292.5462844
1787322600000,214.65,215.3,214.51,214.87,764792540.3252293
1787323500000,214.895,215.18,214.66,214.86,611855347.0274822
1787324400000,214.86,215.78,214.84,215.765,527493794.58166105
1787325300000,215.755,215.935,215.4,215.857,581904296.1368513
1787326200000,215.854,217.025,215.76,216.706,850395140.9697658
1787327100000,216.715,216.82,215.92,216.2,534146655.8543049
1787328000000,216.23,216.345,215.695,215.71,466370111.72800446
1787328900000,215.723,215.94,215.43,215.703,441201630.9374332
1787329800000,215.699,215.81,215.48,215.8,334496935.1272161
1787330700000,215.784,215.784,215.02,215.295,435113180.4997312
1787331600000,215.29,215.61,215.22,215.39,378118434.96362793
1787332500000,215.38,215.384,214.65,215.09,641601163.5467726
1787333400000,215.095,215.61,214.905,215.6,506800197.65551126
1787334300000,215.586,215.94,215.56,215.813,608752018.7249177
1787335200000,215.79,216.13,215.66,215.72,382096234.8326837
1787336100000,215.785,215.96,215.365,215.375,320265552.9199315
1787337000000,215.35,215.43,215.03,215.03,334214140.5360749
1787337900000,215.034,215.37,215.025,215.315,446544016.98070025
1787338800000,215.315,215.465,214.915,214.964,404095520.55064756
1787339700000,214.962,215.2,214.73,214.887,479141621.8231254
1787340600000,214.88,215.34,214.88,215.28,469874897.3049586
1787341500000,215.29,215.47,214.56,214.75,1360485749.8931782
1787342400000,214.692,214.959,214.692,214.942,3244566769.4868054
1787343300000,214.941,215.123,214.92,215.08,138506690.58255568
1787344200000,215.1,215.123,215.0,215.01,24844722.78703477
1787345100000,215.06,215.065,215.022,215.06,10242499.12690019
1787346000000,215.04,215.066,215.024,215.04,11927750.54051022
1787346900000,215.065,215.065,215.033,215.06,7789416.20761509
1787347800000,215.034,215.123,215.025,215.115,20344245.693260696
1787348700000,215.119,215.175,215.106,215.175,18572806.23714402
1787349600000,215.175,215.24,215.081,215.224,10189713.90516665
1787350500000,215.226,215.29,215.185,215.275,8227565.68610817
1787351400000,215.3,215.3,215.27,215.3,12519561.56572065
1787352300000,215.3,215.4,215.27,215.4,11586075.75996979
1787353200000,215.41,215.43,215.34,215.41,7706939.66425188
1787354100000,215.36,215.446,215.32,215.36,8308282.98283536
1787355000000,215.44,215.455,215.358,215.4,7031325.31071238
1787355900000,215.357,215.4,215.355,215.365,22013950.460217815
1787356800000,215.44,215.44,215.44,215.44,53.730736
1787357700000,215.44,215.45,215.39,215.39,635.547655
1787358600000,215.45,215.47,215.39,215.39,278.725072
1787359500000,215.47,215.47,215.39,215.39,114.117269
1787360400000,215.47,215.58,215.3,215.42,2126.113373
1787361300000,215.58,215.67,215.4,215.53,1758.211215
1787362200000,215.68,215.68,215.51,215.56,400.477395
1787363100000,215.61,215.63,215.56,215.56,177.198142
1787364000000,215.63,215.7,215.54,215.6,288.585815
1787364900000,215.65,215.69,215.51,215.54,1282.167232
1787365800000,215.69,215.69,215.69,215.69,12.553158
1787366700000,215.54,215.77,215.13,215.13,1351.368203
1787367600000,215.22,215.29,215.22,215.29,228.194991
1787368500000,215.29,215.77,215.29,215.62,1310.164337
1787369400000,215.76,215.81,215.67,215.81,466.345103
1787370300000,215.78,215.8,215.07,215.07,12859.104437
1787371200000,215.4,215.44,215.0,215.05,631.499407
1787372100000,215.13,215.13,215.08,215.08,81.606549
1787373000000,215.13,216.69,215.08,216.05,17586.457042
1787373900000,216.22,216.33,216.02,216.02,5523.003731
1787374800000,216.24,216.24,215.54,215.88,7520.979599
1787375700000,215.81,216.31,215.81,216.11,4142.543379
1787376600000,216.32,216.34,216.0,216.26,401.009246
1787377500000,216.32,216.34,216.0,216.0,349.360154
1787378400000,216.28,216.32,215.66,215.92,2016.641466
1787379300000,216.32,216.32,215.58,216.18,1464.502828
1787380200000,216.24,216.29,215.51,215.82,1093.224634
1787381100000,216.23,216.33,215.67,216.24,1534.902458
1787382000000,216.33,216.48,215.67,215.88,1024.862814
1787382900000,216.49,216.55,215.84,216.2,2088.393072
1787383800000,216.32,216.34,216.26,216.26,487.509034
1787384700000,216.34,216.42,215.6,216.09,911.659345
1787385600000,216.33,216.36,216.32,216.35,288.651813
1787386500000,216.35,216.36,216.32,216.36,259.110994
1787387400000,216.32,216.36,216.0,216.0,1120.800079
1787388300000,216.22,216.34,215.87,216.23,1460.06532
1787389200000,216.3,216.39,215.78,215.78,1931.74223
1787390100000,216.36,216.36,215.0,215.14,5317.879326
1787391000000,215.18,215.22,214.89,214.92,1340.703628
1787391900000,214.95,214.95,214.92,214.92,200.727801
1787392800000,214.95,215.09,214.9,215.02,1241.249966
1787393700000,215.02,215.02,215.0,215.02,152.374734
1787394600000,215.05,215.07,214.88,215.06,2060.094583
1787395500000,215.06,215.13,214.91,215.13,698.05389
1787396400000,215.13,215.26,215.03,215.11,977.186614
1787397300000,215.14,215.28,215.07,215.07,7094.16523
1787398200000,215.15,215.29,215.06,215.06,831.576502
1787399100000,215.26,215.31,215.0,215.0,2342.834666
1787400000000,215.0,215.27,214.92,215.0,1426.529527
1787400900000,215.0,215.1,214.88,214.99,1843.569455
1787401800000,214.91,215.04,214.83,214.98,1957.506416
1787402700000,214.84,215.35,214.77,215.26,2394.167514
1787403600000,215.23,215.58,215.13,215.5,3589.727655
1787404500000,215.6,215.67,215.53,215.59,1867.0562
1787405400000,215.66,215.76,215.6,215.65,1871.915921
1787406300000,215.7,215.7,215.63,215.63,714.504499
1787407200000,215.7,215.72,215.49,215.67,707.837455
1787408100000,215.7,215.72,215.65,215.65,611.17178
1787409000000,215.7,215.76,215.6,215.71,1054.872605
1787409900000,215.71,215.73,215.69,215.69,557.676461
1787410800000,215.72,215.75,215.45,215.65,1506.273525
1787411700000,215.61,215.61,215.16,215.42,2000.166398
1787412600000,215.45,215.45,215.42,215.42,135.702508
1787413500000,215.44,215.46,215.4,215.4,506.580351
1787415300000,215.45,215.45,215.19,215.2,225.431632
1787416200000,215.24,215.27,215.11,215.11,652.719406
1787417100000,215.26,215.29,215.09,215.09,597.392725
1787418000000,215.08,215.31,215.06,215.06,446.865125
1787418900000,215.04,215.08,215.02,215.02,662.84214
1787419800000,215.08,215.17,214.92,214.98,899.726046
1787420700000,214.98,215.05,214.9,214.9,519.937492
1787421600000,215.0,215.0,215.0,215.0,24.983
1787422500000,215.0,215.05,214.88,214.9,897.276677
1787423400000,214.95,214.97,214.86,214.9,785.020678
1787424300000,214.9,214.95,214.89,214.89,291.67782
1787425200000,214.95,215.03,214.89,214.9,290.996122
1787427000000,215.03,215.14,214.89,215.14,552.092821
1787427900000,215.14,215.67,215.07,215.67,4677.011606
1787428800000,215.68,215.7,215.47,215.47,521.542776
1787429700000,215.72,215.75,215.47,215.47,295.484988
1787430600000,215.47,215.47,215.47,215.47,102.154327
1787433300000,215.76,215.76,215.76,215.76,80.651088
1787435100000,215.77,215.77,215.71,215.71,226.6525
1787436900000,215.75,215.76,215.69,215.69,399.81754
1787439600000,215.76,215.85,215.46,215.77,248.887513
1787441400000,215.8,215.8,215.75,215.75,142.00153
1787442300000,215.8,215.82,215.7,215.74,1671.307126
1787444100000,215.74,215.82,215.74,215.77,240.145239
1787445000000,215.8,215.85,215.75,215.85,767.399637
1787445900000,215.75,215.8,215.66,215.8,732.852698
1787446800000,215.8,215.97,215.66,215.97,1831.144282
1787447700000,216.02,216.02,215.45,215.78,10764.39646
1787448600000,215.79,215.94,215.76,215.91,1606.458187
1787449500000,215.91,216.16,215.86,216.16,3165.403375
1787450400000,216.17,216.2,216.06,216.06,428.144308
1787451300000,216.21,216.21,216.06,216.2,481.443283
1787452200000,216.2,216.26,216.06,216.24,1107.297229
1787453100000,216.19,216.24,216.19,216.24,365.302577
1787454000000,216.24,216.32,216.06,216.12,756.12262
1787454900000,216.12,216.41,216.12,216.34,433.450834
1787455800000,216.25,216.28,216.21,216.28,680.316148
1787456700000,216.21,216.46,216.21,216.3,1959.791402
1787457600000,216.43,216.43,216.43,216.43,44.346507
1787458500000,216.43,216.55,216.38,216.49,1790.532593
1787459400000,216.52,216.52,216.52,216.52,150.308184
1787460300000,216.52,216.69,216.47,216.62,1214.668529
1787462100000,216.62,216.66,216.62,216.66,216.169188
1787463900000,216.66,216.75,216.61,216.61,699.859591
1787464800000,216.61,216.79,216.6,216.79,497.383911
1787465700000,216.72,216.72,216.6,216.61,906.429373
1787466600000,216.61,216.73,216.53,216.53,3406.047886
1787467500000,216.7,216.78,216.68,216.68,1603.937938
1787468400000,216.85,216.85,216.69,216.73,1014.28021
1787469300000,216.84,216.93,216.77,216.79,699.78772
1787470200000,216.83,216.85,216.79,216.79,457.547529
1787471100000,216.79,216.89,216.74,216.74,1498.036258
1787472000000,216.77,216.94,216.72,216.91,1403.630096
1787472900000,216.91,217.0,216.81,216.81,964.508951
1787473800000,216.81,217.16,216.72,217.04,2276.386189
1787474700000,217.01,217.02,216.98,217.02,315.808006
1787475600000,216.98,217.14,216.88,217.03,2049.12566
1787476500000,217.01,217.01,216.84,216.84,298.112043
1787477400000,216.87,216.9,216.82,216.82,1128.735208
1787478300000,216.87,216.97,216.72,216.96,2074.762145
1787479200000,216.99,216.99,216.84,216.84,587.94208
1787480100000,216.98,216.98,216.98,216.98,119.77296
1787481000000,216.96,216.96,216.71,216.71,131.177023
1787481900000,216.98,217.0,216.87,216.87,493.729847
1787482800000,216.99,217.04,216.89,217.04,1179.452088
1787483700000,217.05,217.07,216.99,216.99,517.290371
1787484600000,216.87,217.07,216.79,217.07,1165.909511
1787485500000,217.19,217.19,217.09,217.13,1173.784248
1787486400000,217.15,217.21,217.08,217.21,563.576901
1787487300000,217.2,217.88,217.2,217.76,6299.210634
1787488200000,217.85,218.02,217.76,218.02,3023.734853
1787489100000,218.07,218.11,217.97,217.97,1578.726529
1787490000000,218.11,218.11,218.06,218.06,243.312876
1787490900000,218.09,218.11,218.09,218.11,100.040489
1787491800000,218.11,218.2,218.04,218.09,946.285309
1787492700000,218.14,218.22,217.19,218.03,16905.039587
1787493600000,218.09,218.26,217.98,218.26,3214.898103
1787494500000,218.27,218.3,218.17,218.17,228.159212
1787495400000,218.31,218.62,218.31,218.5,6395.022916
1787496300000,218.64,218.8,218.47,218.79,3953.337396
1787497200000,218.79,218.92,217.87,217.89,11608.574242
1787498100000,217.93,218.28,217.41,217.85,31722.013267
1787499000000,217.85,217.96,217.8,217.91,2816.122894
1787499900000,218.0,218.17,217.96,218.14,6126.269242
1787500800000,218.14,218.31,218.11,218.11,5065.615353
1787501700000,218.34,218.54,218.16,218.3,5004.490867
1787502600000,218.44,218.44,218.44,218.44,88.4682
1787503500000,218.3,218.54,218.3,218.53,899.462292
1787504400000,218.53,218.55,218.49,218.55,515.398009
1787505300000,218.55,218.63,218.37,218.55,2084.186424
1787506200000,218.57,218.69,218.44,218.61,2761.450427
1787507100000,218.61,218.73,218.59,218.63,1572.334891
1787508000000,218.72,218.79,218.72,218.75,2355.855502
1787508900000,218.82,218.84,218.73,218.73,659.814563
1787509800000,218.88,219.28,218.84,219.21,10612.000372
1787510700000,219.21,219.23,219.13,219.13,591.563331
1787511600000,219.23,219.29,219.13,219.13,213.250971
1787512500000,219.13,219.13,219.13,219.13,16.171794
1787513400000,219.3,219.38,219.12,219.12,1278.255399
1787514300000,219.36,219.36,219.36,219.36,153.99072
1787516100000,219.36,219.48,219.31,219.45,960.3982
1787517000000,219.41,219.45,219.41,219.45,199.491228
1787517900000,219.45,219.47,219.39,219.39,275.371033
1787518800000,219.49,219.49,219.39,219.39,140.770533
1787519700000,219.48,219.48,219.34,219.34,419.337911
1787520600000,219.45,219.45,219.45,219.45,39.98379
1787521500000,219.45,219.45,219.45,219.45,21.945
1787522400000,219.45,219.45,218.6,218.76,6251.345505
1787523300000,218.76,218.85,218.65,218.65,129.949139
1787524200000,218.91,218.91,218.91,218.91,19.986483
1787525100000,218.91,218.91,218.91,218.91,205.052997
1787526000000,218.67,218.89,218.14,218.14,2128.847315
1787526900000,218.29,218.41,218.22,218.22,1417.273182
1787527800000,218.43,218.57,218.22,218.47,2358.939125
1787528700000,218.6,218.6,218.0,218.0,6917.80689
1787529600000,217.75,218.01,216.49,216.77,24729733.046781
1787530500000,216.81,216.81,216.09,216.21,9080822.89
1787531400000,216.19,216.55,216.1,216.4,6333467.12
1787532300000,216.39,216.81,216.39,216.76,5572518.97
1787533200000,216.72,216.96,216.48,216.94,6556367.54
1787534100000,216.92,217.04,216.84,216.95,6840166.5
1787535000000,216.96,216.96,216.64,216.74,4977916.1
1787535900000,216.72,216.74,216.49,216.53,3032057.98
1787536800000,216.52,216.58,216.12,216.55,6738912.18
1787537700000,216.49,216.62,216.35,216.6,1205648.27
1787538600000,216.6,216.64,216.5,216.59,1932019.4
1787539500000,216.6,216.7,216.4,216.61,1653919.29
1787540400000,216.62,216.65,216.09,216.19,3164430.93
1787541300000,216.2,216.2,215.84,215.98,5246749.23
1787542200000,215.95,216.15,215.79,215.79,1946907.02
1787543100000,215.8,216.04,215.75,215.9,1763825.71
1787544000000,215.87,216.25,215.87,216.24,2113508.39
1787544900000,216.24,216.38,216.06,216.13,2231151.88
1787545800000,216.13,216.32,216.08,216.31,899171.99
1787546700000,216.32,216.4,216.15,216.18,986696.09
1787547600000,216.15,216.35,216.03,216.28,1994366.33
1787548500000,216.21,216.25,215.49,215.52,4759762.34
1787549400000,215.52,215.81,215.34,215.56,6362443.05
1787550300000,215.49,215.55,215.25,215.28,3057255.0
1787551200000,215.28,215.34,214.88,214.94,8377165.69
1787552100000,214.97,215.26,214.75,215.15,6459276.73
1787553000000,215.15,215.25,214.87,214.95,2499877.69
1787553900000,214.97,215.23,214.89,215.08,1756016.02
1787554800000,215.08,215.49,214.96,215.35,3310169.3
1787555700000,215.36,215.49,215.19,215.38,3496601.03
1787556600000,215.36,215.52,215.06,215.06,1882377.02
1787557500000,215.1,215.18,214.81,214.9,2437649.47
1787558400000,215.365,215.365,214.433,215.227,114338627.37049788
1787559300000,214.86,215.226,214.65,214.65,17403234.9165483
1787560200000,214.931,215.132,214.874,214.996,11988291.55883173
1787561100000,214.97,215.105,214.85,214.97,6433635.14464745
1787562000000,215.041,215.109,214.681,214.987,9868107.799364
1787562900000,214.8,214.999,214.795,214.8,4045169.96623318
1787563800000,214.843,215.107,214.807,215.075,2484765.82428257
1787564700000,215.08,215.207,215.04,215.08,5868413.87737908
1787565600000,215.1,215.4,214.858,214.941,14705026.4279433
1787566500000,214.934,215.084,214.835,215.015,9742189.716762263
1787567400000,215.015,215.27,214.71,214.71,14990708.601823924
1787568300000,214.63,214.769,214.395,214.4,13973490.12990378
1787569200000,214.45,214.682,212.9,213.25,110423122.92630868
1787570100000,213.69,214.136,213.282,214.01,35297726.6854942
1787571000000,214.73,214.87,214.052,214.73,32086543.93927626
1787571900000,214.53,214.65,214.265,214.58,19213905.43522743
1787572800000,214.5,214.55,214.23,214.31,20358194.02416588
1787573700000,214.35,214.682,214.252,214.63,17563205.21057942
1787574600000,214.74,215.023,214.32,214.81,38503228.86450579
1787575500000,214.828,215.536,214.801,215.284,79704048.82548934
1787576400000,215.39,215.436,214.974,215.34,43942645.34596847
1787577300000,215.36,215.91,215.171,215.21,59249497.25898254
1787578200000,215.435,215.536,209.705,209.92,2564454766.793288
1787579100000,209.9,210.23,209.01,209.65,1640903888.298404
1787580000000,209.685,210.09,208.88,209.24,1559712032.030997
1787580900000,209.3,209.71,208.61,209.36,989936491.6390424
1787581800000,209.34,210.32,209.31,209.87,956971518.5001243
1787582700000,209.865,210.12,209.53,209.689,1010888530.650897
1787583600000,209.691,210.35,208.98,209.184,1058941896.7209442
1787584500000,209.17,209.94,208.88,209.848,1002944017.2136867
1787585400000,209.85,210.345,209.59,210.18,720471793.8768158
1787586300000,210.19,210.71,209.94,210.24,576721991.6231494
1787587200000,210.25,210.49,210.01,210.386,707454308.0437205
1787588100000,210.387,211.02,210.34,210.686,1068153716.4033977
1787589000000,210.7,210.73,210.135,210.25,457617633.46406513
1787589900000,210.28,210.28,209.59,209.7,404612829.9285461
1787590800000,209.708,210.195,209.63,210.036,581707981.1760486
1787591700000,210.04,210.047,209.17,209.279,593574994.4913119
1787592600000,209.29,209.7,209.195,209.569,583083574.8040464
1787593500000,209.568,209.68,209.49,209.585,361636058.7573875
1787594400000,209.565,209.895,209.565,209.84,438165065.99201185
1787595300000,209.83,210.4,209.7,210.395,406978466.29960924
1787596200000,210.395,210.475,209.725,209.795,654617632.0529463
1787597100000,209.785,209.799,209.22,209.309,595383833.2783073
1787598000000,209.28,209.57,209.11,209.44,487752230.18653643
1787598900000,209.487,209.55,209.2,209.36,677122807.8033073
1787599800000,209.372,209.49,208.45,208.611,1282855283.2935102
1787600700000,208.614,208.68,207.41,208.45,3232640958.3078723
1787601600000,208.441,208.55,208.19,208.395,6494041778.763714
1787602500000,208.32,208.428,208.13,208.19,25577219.07288057
1787603400000,208.12,208.589,208.11,208.495,21428058.61379411
1787604300000,208.37,208.68,208.345,208.62,521875069.4210279
1787605200000,208.68,208.697,208.524,208.649,26859658.34141414
1787606100000,208.651,208.738,208.651,208.725,33131195.684981946
1787607000000,208.725,208.92,208.725,208.92,12112842.39024242
1787607900000,208.91,208.94,208.78,208.78,13350359.27405843
1787608800000,208.82,208.92,208.652,208.74,17118693.46455088
1787609700000,208.65,208.695,208.603,208.65,9554218.02495222
1787610600000,208.654,208.73,208.654,208.715,15759789.788975807
1787611500000,208.74,208.75,208.66,208.74,10218804.94657381
1787612400000,208.7,208.881,208.68,208.84,9055603.7932393
1787613300000,208.91,208.94,208.74,208.8,9992947.95397631
1787614200000,208.69,208.747,208.624,208.69,13714925.515608
1787615100000,208.63,208.89,208.52,208.89,18374483.47749619
1787616000000,208.86,208.95,208.43,208.51,3457632.76
1787616900000,208.47,208.71,207.97,208.67,4635500.68
1787617800000,208.68,209.01,208.63,209.01,1917275.55
1787618700000,209.01,209.11,208.86,209.09,3157692.24
1787619600000,209.09,209.19,208.94,209.02,2917556.83
1787620500000,209.02,209.1,208.78,209.03,2997022.14
1787621400000,209.06,209.28,208.99,209.17,4308246.16
1787622300000,209.2,209.38,209.15,209.17,1938015.23
1787623200000,209.16,209.3,209.09,209.21,2405460.35
1787624100000,209.2,209.47,209.17,209.41,2809654.35
1787625000000,209.4,209.47,209.24,209.32,4439482.33
1787625900000,209.28,209.37,209.14,209.14,2234362.89
1787626800000,209.14,209.37,209.08,209.34,2183932.77
1787627700000,209.36,209.54,209.31,209.54,2252215.21
1787628600000,209.54,209.6,209.46,209.46,1881875.33
1787629500000,209.49,209.53,209.4,209.52,1260527.71
1787630400000,209.52,209.76,209.51,209.73,3922972.88
1787631300000,209.73,209.96,209.67,209.96,5252925.08
1787632200000,209.98,210.01,209.78,209.94,2365110.35
1787633100000,209.96,210.06,209.72,210.03,3143059.21
1787634000000,210.03,210.16,209.98,210.07,2800075.35
1787634900000,210.03,210.21,209.98,210.17,3094122.31
1787635800000,210.19,210.36,210.15,210.24,3474275.0
1787636700000,210.22,210.51,210.19,210.42,3100287.0
1787637600000,210.41,210.61,210.34,210.37,3330694.16
1787638500000,210.38,210.86,210.38,210.73,4778089.36
1787639400000,210.72,210.73,210.43,210.62,2768954.81
1787640300000,210.61,210.63,210.37,210.55,1778770.32
1787641200000,210.54,210.72,210.49,210.56,3032908.88
1787642100000,210.57,210.6,210.22,210.43,3948416.86
1787643000000,210.43,210.5,210.31,210.44,2094903.73
1787643900000,210.44,210.56,210.22,210.29,1642666.3
1787644800000,210.44,210.489,209.099,210.44,85524437.20146354
1787645700000,210.3,210.881,210.152,210.58,11225537.29635874
1787646600000,210.686,210.827,210.573,210.756,11037570.546927666
1787647500000,210.759,210.945,210.759,210.865,12447398.12445563
1787648400000,210.79,211.458,210.79,211.34,21780013.44572661
1787649300000,211.42,211.425,210.761,211.06,16241909.20756165
1787650200000,210.88,211.14,210.77,211.14,11565457.87616809
1787651100000,211.1,211.437,211.095,211.342,15742539.618239423
1787652000000,211.24,211.399,211.075,211.33,15121222.66242281
1787652900000,211.22,211.345,211.14,211.14,14860593.52295501
1787653800000,211.2,211.345,210.907,211.01,26070990.39857094
1787654700000,211.01,211.139,210.839,210.85,21046964.42701822
1787655600000,210.82,210.833,210.01,210.36,83695871.91290212
1787656500000,210.29,210.614,210.211,210.5,40406612.16170999
1787657400000,210.63,210.805,210.538,210.61,126198357.08681746
1787658300000,210.54,210.96,210.52,210.9,32362619.62359112
1787659200000,210.876,211.174,210.618,211.174,98029941.48795672
1787660100000,211.06,211.34,211.056,211.28,42421929.66265859
1787661000000,211.28,211.28,211.029,211.16,42800151.35730651
1787661900000,211.01,211.17,211.01,211.14,56306933.15036776
1787662800000,211.07,211.236,210.99,211.19,56779110.55765514
1787663700000,211.157,211.451,210.99,211.035,107924149.96839382
1787664600000,210.99,212.76,210.1,212.64,2293948904.973634
1787665500000,212.63,214.67,212.563,213.535,1785277211.6979458
1787666400000,213.47,213.84,212.57,213.4,1279475692.8247085
1787667300000,213.41,213.87,211.815,211.874,1271229149.4502172
1787668200000,211.865,211.94,211.1,211.545,1346087634.306849
1787669100000,211.495,211.9,210.94,211.02,682648553.3157649
1787670000000,211.03,211.15,210.22,210.37,818533362.6183074
1787670900000,211.229,211.229,211.229,211.229,993242103.012612
1787671800000,211.223,211.41,210.95,211.316,824639625.9957755
1787672700000,211.31,211.85,210.89,211.647,660335750.6634382
1787673600000,211.65,211.92,211.46,211.87,434882750.9822828
1787674500000,211.86,212.29,211.849,212.22,473197192.04188496
1787675400000,212.228,212.48,211.945,212.202,747045206.6946328
1787676300000,212.202,212.59,212.05,212.174,422795822.06707346
1787677200000,212.176,212.37,211.73,211.98,683253427.0968865
1787678100000,211.96,212.45,211.91,212.25,311627656.9902363
1787679000000,212.28,212.47,212.215,212.29,301450318.687639
1787679900000,212.295,212.515,212.15,212.38,400367231.04324645
1787680800000,212.377,212.39,211.91,211.929,397746313.1611823
1787681700000,211.928,212.3,211.86,212.256,383564430.3080781
1787682600000,212.27,212.95,212.257,212.82,528465676.6686467
1787683500000,212.845,213.3,212.83,213.17,465036744.3247471
1787684400000,213.16,213.43,212.15,212.21,727870435.2819856
1787685300000,212.23,212.35,211.7,212.047,686170433.4807297
1787686200000,212.03,212.765,211.895,212.45,793502566.8433497
1787687100000,212.46,213.21,212.24,212.96,1266450048.261556
1787688000000,213.14,213.382,213.0,213.34,5576376258.649289
1787688900000,213.34,213.912,213.289,213.81,100131588.00647837
1787689800000,213.8,213.83,213.37,213.41,37553661.8362711
1787690700000,213.37,213.615,213.305,213.589,492883823.6186395
1787691600000,213.59,213.648,213.46,213.54,19254039.45334079
1787692500000,213.7,213.9,213.54,213.86,25495611.10155948
1787693400000,213.89,213.922,213.787,213.92,170909821.51521155
1787694300000,213.875,213.995,213.86,213.875,17143300.10335354
1787695200000,213.975,214.3,213.93,214.169,62183315.07137106
1787696100000,214.14,214.171,213.95,214.16,22223808.56317991
1787697000000,214.1,214.205,214.069,214.1,17073856.32539165
1787697900000,214.17,214.191,214.1,214.18,14229188.28191418
1787698800000,214.03,214.175,213.976,214.03,14045450.52905814
1787699700000,214.01,214.03,213.832,213.86,15269937.88675966
1787700600000,213.8,213.93,213.75,213.75,13091340.87212323
1787701500000,213.75,213.79,213.519,213.63,27626464.09475532
1787702400000,213.67,213.81,213.26,213.51,7478.765
1787703300000,213.54,213.75,213.22,213.27,4181636.74
1787704200000,213.27,213.34,212.83,212.96,9536010.4
1787705100000,212.95,213.14,212.72,212.81,4658355.11
1787706000000,212.81,213.13,212.78,212.94,7538923.78
1787706900000,212.93,213.08,212.6,212.77,3803007.18
1787707800000,212.77,212.97,212.69,212.81,4003056.76
1787708700000,212.86,213.11,212.68,213.09,3140753.21
1787709600000,213.1,213.17,213.01,213.14,2229716.94
1787710500000,213.15,213.59,213.15,213.56,3855571.42
1787711400000,213.56,213.8,213.41,213.8,3874306.81
1787712300000,213.8,214.11,213.72,213.81,8470539.37
1787713200000,213.82,213.95,213.72,213.93,1858414.56
1787714100000,213.93,213.99,213.76,213.78,1596941.27
1787715000000,213.77,214.05,213.69,213.96,2225489.49
1787715900000,213.97,214.26,213.96,214.13,3760896.7
1787716800000,214.14,214.31,213.94,214.08,4618715.46
1787717700000,214.08,214.12,213.98,214.1,1865719.39
1787718600000,214.09,214.13,213.78,213.81,2504959.92
1787719500000,213.8,213.85,213.56,213.81,2365961.83
1787720400000,213.83,214.08,213.79,213.87,2520608.69
1787721300000,213.83,213.94,213.76,213.9,1583052.34
1787722200000,213.92,214.09,213.81,213.86,1866681.92
1787723100000,213.9,213.94,213.62,213.83,6091775.94
1787724000000,213.83,213.93,213.57,213.57,5299663.51
1787724900000,213.59,213.61,213.47,213.57,3607525.23
1787725800000,213.57,213.81,213.47,213.76,2989487.51
1787726700000,213.8,214.0,213.71,213.91,3194388.87
1787727600000,213.89,213.93,213.39,213.55,3905193.54
1787728500000,213.56,213.56,213.36,213.5,3550563.26
1787729400000,213.46,213.68,213.35,213.62,4368010.75
1787730300000,213.62,213.76,213.42,213.5,2507213.68
1787731200000,213.684,214.017,213.522,213.681,89082766.92167903
1787732100000,213.678,213.816,213.37,213.816,15642386.284992559
1787733000000,213.74,213.82,213.661,213.72,6003404.15564141
1787733900000,213.76,213.76,213.531,213.658,6422695.94138494
1787734800000,213.658,213.707,213.606,213.664,2925001.68088065
1787735700000,213.49,213.725,213.426,213.45,7449965.94481097
1787736600000,213.52,213.687,213.509,213.679,11726349.18194453
1787737500000,213.64,213.765,213.64,213.75,5272059.69906749
1787738400000,213.74,213.775,213.6,213.6,10637478.88325714
1787739300000,213.7,213.717,213.58,213.7,6006859.78029095
1787740200000,213.8,213.905,213.456,213.82,15272326.73816105
1787741100000,213.81,213.941,213.802,213.81,11173601.26002017
1787742000000,213.91,213.981,213.52,213.61,51661434.18238142
1787742900000,213.75,213.869,213.486,213.54,23542849.50762003
1787743800000,213.58,213.607,212.78,212.78,66139512.90280368
1787744700000,212.807,213.023,212.489,212.985,68388076.44293909
1787745600000,212.99,213.043,212.62,212.87,28888187.33975983
1787746500000,212.72,213.277,212.62,213.21,32660827.78559276
1787747400000,212.92,213.293,212.59,212.8,61151278.25166484
1787748300000,212.6,212.831,212.413,212.62,46749670.18454425
1787749200000,212.546,212.71,212.175,212.439,61741992.463123
1787750100000,212.41,213.3,212.186,212.35,83330065.0766705
1787751000000,212.51,213.53,210.8,212.86,1890658947.4348142
1787751900000,212.91,213.59,211.945,212.64,1002020626.7887249
1787752800000,212.648,212.651,211.44,211.506,855503914.597864
1787753700000,211.502,211.502,210.19,210.547,1489162430.3694696
1787754600000,210.54,210.92,210.1,210.805,782569543.1017412
1787755500000,210.795,211.41,210.75,211.17,702079433.9058356
1787756400000,211.15,211.51,210.85,211.07,566661622.9463649
1787757300000,211.08,211.14,210.595,211.099,735620200.6435437
1787758200000,211.098,211.31,210.85,211.273,568940501.3485386
1787759100000,211.23,211.43,210.59,210.61,511916735.3384102
1787760000000,210.62,210.66,209.77,209.89,800747722.978959
1787760900000,209.87,210.38,209.81,210.175,687483825.5664937
1787761800000,210.166,210.325,209.51,209.703,1004230182.5738276
1787762700000,209.715,209.89,209.46,209.852,747031361.1196622
1787763600000,209.87,210.095,209.723,210.05,481797330.5517335
1787764500000,210.035,210.25,210.01,210.07,467706469.2640167
1787765400000,210.07,210.63,209.9,210.46,772211271.4645356
1787766300000,210.464,210.635,210.24,210.563,699427805.4026929
1787767200000,210.562,210.915,210.18,210.268,661828583.6100445
1787768100000,210.255,210.84,210.16,210.79,515893761.45977575
1787769000000,210.795,211.0,210.48,210.52,557474040.6893318
1787769900000,210.536,211.16,210.52,211.045,1115000098.7640886
1787770800000,211.059,211.34,210.87,210.945,877485825.0269748
1787771700000,210.947,211.21,210.745,210.88,962315493.9694937
1787772600000,210.88,210.95,209.59,209.63,1306715633.3466265
1787773500000,209.605,210.13,209.24,209.77,2858571346.516891
1787774400000,209.88,210.417,209.69,210.41,5347826056.103842
1787775300000,210.413,211.19,203.51,207.001,3245069308.78378
1787776200000,206.988,208.25,205.29,207.262,1393975590.9328115
1787777100000,207.18,210.51,207.18,210.3,583446648.566423
1787778000000,210.63,220.26,208.5,219.21,2931869684.5826325
1787778900000,219.1,219.51,215.28,217.39,1551455521.4510279
1787779800000,217.49,219.61,217.26,219.27,716077664.0609097
1787780700000,219.119,220.81,218.29,219.024,1375522544.5356514
1787781600000,218.69,219.6,217.86,218.33,366177176.04840654
1787782500000,218.49,218.57,217.51,218.01,219306296.17553127
1787783400000,217.98,218.72,217.925,218.66,168306769.1808777
1787784300000,218.67,218.91,218.241,218.51,112920226.49685173
1787785200000,218.661,218.67,217.835,218.248,172496524.9020095
1787786100000,218.24,218.569,218.06,218.16,76550945.17041945
1787787000000,218.09,218.31,218.027,218.29,84821300.8675771
1787787900000,218.31,219.6,218.265,219.57,211716679.5309209
1787788800000,219.03,219.74,218.66,218.75,43910.2
1787789700000,218.75,219.56,218.61,219.56,18575265.49
1787790600000,219.52,219.54,218.79,219.0,26829641.21
1787791500000,219.0,219.14,218.74,218.83,16309218.81
1787792400000,218.81,219.57,218.77,219.11,31576354.98
1787793300000,219.09,219.91,219.04,219.84,17693735.08
1787794200000,219.84,221.37,219.76,220.59,52320618.68
1787795100000,220.61,222.12,220.57,221.65,39217015.21
1787796000000,221.68,221.89,221.33,221.57,18156611.68
1787796900000,221.58,221.63,220.99,221.21,17486773.12
1787797800000,221.25,221.45,220.66,220.78,14950274.26
1787798700000,220.77,221.13,220.64,220.99,14076332.04
1787799600000,220.97,221.23,220.82,220.95,12146044.75
1787800500000,220.96,221.73,220.8,221.53,14706106.18
1787801400000,221.54,221.59,221.0,221.04,7269347.16
1787802300000,221.02,221.49,221.0,221.47,7605044.51
1787803200000,221.44,221.58,221.17,221.36,8084648.35
1787804100000,221.37,221.7,221.11,221.26,10784767.38
1787805000000,221.26,221.27,220.99,221.12,11133408.7
1787805900000,221.12,221.31,221.04,221.15,4761563.1
1787806800000,221.16,221.26,220.81,221.0,12677392.09
1787807700000,220.99,221.27,220.79,220.95,9964151.02
1787808600000,220.95,221.12,220.44,220.45,12938042.56
1787809500000,220.48,221.28,220.39,221.17,14546337.23
1787810400000,221.15,221.16,219.79,220.12,29347638.39
1787811300000,220.13,220.24,219.22,219.45,22432345.84
1787812200000,219.45,219.93,219.22,219.91,24778249.02
1787813100000,219.87,220.79,219.85,220.73,20022761.04
1787814000000,220.73,221.74,220.33,221.52,25249128.41
1787814900000,221.52,222.11,221.45,222.08,27331479.61
1787815800000,222.05,222.23,221.52,221.56,13385034.64
1787816700000,221.58,222.24,221.57,222.16,8982803.14
1787817600000,222.06,224.28,219.927,224.11,598854530.5304649
1787818500000,224.38,225.84,223.666,225.82,210991367.58255938
1787819400000,225.84,225.85,224.74,225.345,124808009.21252629
1787820300000,225.61,226.71,225.3,226.5,188145144.8033786
1787821200000,226.09,226.365,224.94,225.01,114640605.21939714
1787822100000,225.011,225.2,224.62,224.737,132005874.32636243
1787823000000,224.8,225.311,224.63,225.05,48713329.19625085
1787823900000,225.3,225.36,224.523,224.59,54755941.30718671
1787824800000,224.45,224.787,224.348,224.6,61381756.80838455
1787825700000,225.02,225.05,223.987,224.01,65258085.86640544
1787826600000,223.97,224.818,223.934,224.66,65469108.27738721
1787827500000,224.84,224.98,223.75,223.75,69106504.15794559
1787828400000,223.7,223.9,222.99,223.39,241464049.83498633
1787829300000,223.31,223.435,222.338,222.35,195296126.4843626
1787830200000,222.336,222.47,221.72,222.308,475487170.27381223
1787831100000,222.22,222.52,221.59,222.43,249753304.07750514
1787832000000,222.39,222.72,221.99,222.29,255466362.0834674
1787832900000,222.5,223.648,222.264,223.25,207023052.44552603
1787833800000,223.31,223.5,222.56,222.56,187724662.3117847
1787834700000,222.611,223.048,221.51,222.155,355119426.9235745
1787835600000,222.23,223.35,221.75,223.29,231276422.8307828
1787836500000,223.2,223.923,222.51,222.68,397206033.1567779
1787837400000,222.75,225.81,220.93,224.95,9151265780.243496
1787838300000,224.95,225.22,222.3,224.245,4056346277.4672446
1787839200000,224.226,225.92,223.96,225.362,4274233559.5794997
1787840100000,225.39,226.41,224.23,225.67,3056822930.871844
1787841000000,225.76,226.24,223.48,224.61,2147948310.6413374
1787841900000,224.63,226.98,224.38,226.95,2036046148.617183
1787842800000,226.889,227.31,225.04,225.642,2761908183.0019207
1787843700000,225.75,226.045,225.2,225.442,1482658037.7937891
1787844600000,225.47,226.25,224.91,225.35,1015630773.1669577
1787845500000,225.36,226.77,224.84,226.19,1382730081.4796212
1787846400000,226.235,227.765,226.18,227.394,2234379170.9421277
1787847300000,227.398,228.63,227.255,228.496,2294884547.4745164
1787848200000,228.497,229.86,228.32,229.514,2697030703.5355268
1787849100000,229.49,229.7,228.89,229.68,1471214402.8302505
1787850000000,229.68,230.0,229.41,229.97,1415904427.9119234
1787850900000,229.971,230.47,229.19,229.255,3302212418.3859167
1787851800000,229.252,229.585,228.92,228.956,1294667495.3534703
1787852700000,228.956,228.962,228.24,228.353,1387295719.3333006
1787853600000,228.265,228.341,227.41,227.58,1153698817.7010002
1787854500000,227.555,227.9,226.09,226.09,1443873577.022596
1787855400000,226.138,226.95,225.67,226.807,1880188599.8597977
1787856300000,226.815,226.825,225.37,226.134,1551989819.3687558
1787857200000,226.137,226.64,225.61,225.906,1423101023.093655
1787858100000,225.81,227.465,225.81,227.19,1447820545.9699306
1787859000000,227.227,228.795,226.95,228.275,2288995690.0232644
1787859900000,228.26,228.99,227.67,227.67,3046491979.9750447
1787860800000,227.987,227.987,226.88,226.923,7501919324.421678
1787861700000,226.924,227.06,226.687,226.762,504810970.96617377
1787862600000,226.79,227.0,226.6,226.91,44540580.36369258
1787863500000,226.9,226.988,226.736,226.89,534811479.13098675
1787864400000,226.77,227.01,226.76,226.9,28649820.49460419
1787865300000,226.76,227.24,226.715,227.0,100918626.11066219
1787866200000,226.899,226.964,226.645,226.725,23879154.360237516
1787867100000,226.65,226.748,225.86,225.99,63717234.50299986
1787868000000,226.19,226.2,225.84,225.84,29109507.62843722
1787868900000,226.21,226.443,225.88,226.3,30799800.95838007
1787869800000,226.4,226.5,226.373,226.43,19310130.67548803
1787870700000,226.431,226.431,226.278,226.323,37214942.410602756
1787871600000,226.31,226.423,226.163,226.17,15006458.25031162
1787872500000,226.12,226.2,226.036,226.11,15725559.66061065
1787873400000,226.01,226.144,225.99,225.99,23133468.80822373
1787874300000,226.25,226.317,226.09,226.09,24288303.02461691
1787875200000,226.65,226.65,225.98,226.54,226.144
1787876100000,226.54,226.54,226.19,226.29,3366797.53
1787877000000,226.27,226.41,226.13,226.38,2895848.82
1787877900000,226.37,226.61,226.25,226.25,6289585.14
1787878800000,226.24,226.54,226.18,226.41,3117323.44
1787879700000,226.41,226.65,226.35,226.6,2887375.89
1787880600000,226.6,226.79,226.47,226.61,5047245.35
1787881500000,226.54,226.86,226.48,226.82,4311532.95
1787882400000,226.85,226.91,226.62,226.67,5641430.95
1787883300000,226.68,226.87,226.67,226.75,2024558.43
1787884200000,226.72,226.72,226.3,226.31,5038508.43
1787885100000,226.3,226.54,226.18,226.36,4410728.94
1787886000000,226.38,226.93,226.38,226.89,4260421.71
1787886900000,226.9,227.01,226.85,226.96,4165928.04
1787887800000,226.96,226.97,226.52,226.53,1544506.19
1787888700000,226.55,226.66,226.46,226.54,1918209.06
1787889600000,226.53,226.71,226.35,226.65,4292368.99
1787890500000,226.63,226.71,226.62,226.66,900067.04
1787891400000,226.65,226.69,226.53,226.6,1390339.32
1787892300000,226.59,226.69,226.56,226.64,1314506.56
1787893200000,226.61,226.61,226.41,226.45,1210103.91
1787894100000,226.43,226.49,226.21,226.36,2830010.05
1787895000000,226.36,226.42,226.19,226.35,2130337.42
1787895900000,226.33,226.35,226.14,226.19,2119048.88
1787896800000,226.17,226.37,226.14,226.25,3675511.17
1787897700000,226.22,226.55,226.21,226.34,2972638.42
1787898600000,226.35,226.57,226.24,226.51,6304739.59
1787899500000,226.5,227.08,226.49,227.07,7490756.68
1787900400000,227.07,227.09,226.45,226.54,5745003.51
1787901300000,226.55,226.67,226.39,226.61,3810543.19
1787902200000,226.62,226.67,226.35,226.35,3567917.34
1787903100000,226.35,226.64,226.21,226.32,3692782.3
1787904000000,226.19,226.402,225.473,225.56,119903181.84396417
1787904900000,225.575,225.683,225.332,225.569,54586858.160563275
1787905800000,225.57,225.678,225.431,225.46,21596802.21674402
1787906700000,225.33,225.484,225.225,225.39,25372842.22383596
1787907600000,225.42,225.98,225.376,225.78,22894259.79152813
1787908500000,225.739,225.791,225.625,225.741,8491171.91477464
1787909400000,225.5,225.78,225.5,225.5,11668182.44574925
1787910300000,225.8,226.19,225.731,226.19,20393065.98279366
1787911200000,226.0,226.229,225.9,225.97,11677904.30193204
1787912100000,226.4,226.536,226.165,226.37,18879177.6569714
1787913000000,226.506,226.972,226.493,226.749,44038855.80502016
1787913900000,226.748,226.875,226.71,226.823,15074473.4646508
1787914800000,226.98,227.097,226.66,226.66,48827598.62271662
1787915700000,227.0,227.485,226.893,227.31,52549842.57976775
1787916600000,227.39,227.5,226.75,226.75,40706282.74995269
1787917500000,226.82,227.044,226.66,226.696,45728160.804522365
1787918400000,226.67,227.193,226.66,227.155,209296988.5300442
1787919300000,226.96,227.818,226.901,227.75,53035784.90605137
1787920200000,227.74,227.821,227.23,227.31,56129038.63158891
1787921100000,227.48,227.94,227.31,227.94,47792049.95990964
1787922000000,227.875,228.621,227.6,228.608,232591800.81965813
1787922900000,228.59,228.69,226.99,227.33,214604912.50405484
1787923800000,227.29,229.25,226.09,228.18,3261852929.2537456
1787924700000,228.105,228.32,224.68,225.28,2217157075.984576
1787925600000,225.31,225.8,223.24,223.53,2328072358.3570304
1787926500000,223.58,225.52,223.478,225.098,2289842435.742361
1787927400000,225.18,225.79,224.475,225.46,1187162528.1401243
1787928300000,225.525,226.895,225.355,226.73,1226438889.4199235
1787929200000,226.74,226.78,224.11,224.306,1444440908.2622313
1787930100000,224.307,224.45,223.49,224.02,1793171362.8586435
1787931000000,223.99,224.18,222.64,223.033,1668718937.3425333
1787931900000,223.0,223.11,221.065,221.33,1687156983.854339
1787932800000,221.355,221.37,220.38,220.79,1544704490.7912376
1787933700000,220.75,220.87,219.95,220.169,1620345486.8385336
1787934600000,220.195,220.64,219.77,220.049,1280430942.3914495
1787935500000,220.057,220.93,219.76,219.805,1186897281.8106117
1787936400000,219.78,219.84,217.91,218.69,1748691260.785556
1787937300000,218.688,219.305,218.49,218.693,1325112074.050796
1787938200000,218.692,219.405,218.49,219.045,1012210344.3824521
1787939100000,219.009,219.84,218.92,219.37,1016269989.0132381
1787940000000,219.355,219.46,218.45,218.622,959421071.7989161
1787940900000,218.56,218.73,218.07,218.44,643204747.3077695
1787941800000,218.39,218.68,217.71,218.0,868489655.2188121
1787942700000,217.976,218.01,216.82,217.36,1771153127.6916618
1787943600000,217.308,217.58,216.93,217.24,1206026414.0154665
1787944500000,217.25,217.59,216.96,217.291,1046246389.3384875
1787945400000,217.305,217.56,216.95,217.21,1085467133.4193673
1787946300000,217.202,218.44,216.93,217.535,3186404484.7241426
1787947200000,217.515,217.91,217.474,217.765,5638891091.993878
1787948100000,217.767,218.002,217.74,217.885,119775844.92992312
1787949000000,217.887,217.92,217.52,217.679,67669509.23086165
1787949900000,217.74,217.8,217.67,217.73,65790248.03753579
1787950800000,217.75,217.781,217.67,217.77,15340853.81514854
1787951700000,217.76,217.774,217.581,217.68,24598845.64416001
1787952600000,217.68,217.71,217.6,217.71,12227507.46278015
1787953500000,217.7,217.84,217.7,217.81,103449764.60519482
1787954400000,217.81,217.84,217.72,217.77,11817245.47199179
1787955300000,217.93,217.94,217.793,217.93,16351485.89879189
1787956200000,217.87,217.97,217.87,217.96,13605733.12818315
1787957100000,217.89,217.944,217.855,217.89,14071414.729336
1787958000000,217.875,217.945,217.875,217.935,16786533.686609372
1787958900000,217.935,217.955,217.905,217.91,14870573.55171603
1787959800000,217.91,217.995,217.865,217.99,16702103.90068455
1787960700000,218.03,218.12,217.866,217.92,27997808.65583116
1787961600000,217.868,217.873,217.868,217.873,29412.18
1787962500000,218.07,218.07,217.74,218.0,2104.329058
1787963400000,218.0,218.0,217.67,217.67,221.58694
1787964300000,218.0,218.0,217.47,217.66,1077.528448
1787965200000,217.52,218.0,217.52,217.67,1680.266134
1787966100000,217.67,218.0,217.67,218.0,972.594152
1787967000000,218.0,218.13,217.5,217.92,1702.554704
1787967900000,218.1,218.21,217.87,218.21,1674.216036
1787968800000,218.15,218.19,218.13,218.19,841.307305
1787969700000,218.2,218.29,218.01,218.14,6047.64715
1787970600000,218.3,218.44,218.11,218.11,2468.805795
1787971500000,218.37,218.44,218.04,218.34,3619.576591
1787972400000,218.41,218.45,218.15,218.15,874.273112
1787973300000,218.48,218.7,218.22,218.41,6909.756409
1787974200000,218.63,218.64,218.44,218.44,1034.77032
1787975100000,218.66,218.71,218.44,218.45,1627.365348
1787976000000,218.7,218.78,218.45,218.7,3354.778607
1787976900000,218.75,218.85,218.58,218.76,1721.737147
1787977800000,218.79,218.87,218.54,218.75,4267.26705
1787978700000,218.79,218.98,218.56,218.71,3775.970712
1787979600000,218.72,218.91,218.62,218.8,3837.414647
1787980500000,218.86,218.93,218.67,218.86,4739.392327
1787981400000,218.74,218.96,218.62,218.79,4335.511844
1787982300000,218.85,218.96,218.62,218.89,3489.290915
1787983200000,218.71,219.05,218.71,218.98,3925.313397
1787984100000,219.07,219.07,218.76,218.86,2924.970849
1787985000000,218.96,219.0,218.76,218.88,1550.456684
1787985900000,218.86,219.06,218.78,218.98,1943.153342
1787986800000,218.98,219.08,218.77,218.84,2903.021187
1787987700000,219.0,219.1,218.95,218.95,1837.466728
1787988600000,219.11,219.13,218.76,219.05,2420.730487
1787989500000,219.05,219.05,218.65,218.87,2052.448298
1787990400000,218.86,219.2,218.83,219.09,7096.970778
1787991300000,219.18,219.18,218.89,218.9,3276.719201
1787992200000,219.03,219.14,218.85,218.95,2751.049477
1787993100000,219.1,219.1,218.77,218.82,3067.035946
1787994000000,218.85,219.07,218.78,219.05,3116.177957
1787994900000,219.06,219.07,218.76,218.76,1515.465053
1787995800000,219.07,219.07,218.74,218.75,1781.064454
1787996700000,219.04,219.06,218.74,218.75,1314.075455
1787997600000,219.03,219.03,218.62,218.63,2709.146684
1787998500000,218.6,218.62,218.26,218.27,2089.952139
1787999400000,218.32,218.44,218.19,218.19,2553.378694
1788000300000,218.46,218.55,218.19,218.55,5020.412685
1788001200000,218.47,218.61,218.47,218.47,1973.532262
1788002100000,218.5,218.63,218.38,218.38,9345.126956
1788003000000,218.54,218.57,218.38,218.46,978.402597
1788003900000,218.52,218.62,218.33,218.33,1781.391823
1788004800000,218.55,218.58,218.33,218.33,1973.099172
1788005700000,218.51,218.56,218.3,218.3,3136.6975
1788006600000,218.45,218.6,218.3,218.46,2174.713124
1788007500000,218.49,218.82,218.3,218.79,4793.808792
1788008400000,218.79,218.87,218.7,218.86,2171.82496
1788009300000,218.86,218.9,218.76,218.82,1212.063032
1788010200000,218.82,218.96,218.7,218.7,1519.744016
1788011100000,218.96,219.11,218.79,218.84,2734.87488
1788012000000,219.06,219.12,218.79,218.84,1446.655441
1788012900000,219.12,219.25,219.04,219.18,2356.713148
1788013800000,219.22,219.22,218.26,218.48,3595.692637
1788014700000,218.5,218.68,218.41,218.59,1869.097433
1788015600000,218.59,219.26,218.52,218.96,10721.686745
1788016500000,219.12,220.01,219.11,219.87,14603.059401
1788017400000,219.97,219.97,218.99,218.99,4858.287123
1788018300000,219.07,219.26,218.99,219.01,7499.371534
1788019200000,219.15,219.38,218.97,219.1,37575.733074
1788020100000,219.28,219.42,219.08,219.35,14053.039745
1788021000000,219.31,219.4,219.06,219.19,9855.729148
1788021900000,219.17,219.41,219.14,219.16,8941.955808
1788022800000,219.39,219.4,218.96,218.99,9588.831281
1788023700000,219.1,219.28,218.94,219.09,3234.541756
1788024600000,219.08,219.24,218.85,218.98,5518.931528
1788025500000,218.96,219.17,218.84,219.09,7450.870477
1788026400000,219.12,219.25,218.86,219.18,6328.392573
1788027300000,219.18,219.28,219.01,219.2,5695.711147
1788028200000,219.24,219.25,218.9,218.93,5430.59799
1788029100000,219.05,219.14,218.89,219.0,2648.53926
1788030000000,219.01,219.05,218.89,218.89,581.581591
1788030900000,219.05,219.21,218.91,219.0,5697.39949
1788031800000,219.15,219.23,218.91,219.05,811.515757
1788032700000,219.05,219.21,218.86,219.11,2240.486578
1788033600000,219.11,219.21,218.86,219.2,3394.194012
1788034500000,219.2,219.2,218.73,218.84,2474.915966
1788035400000,218.98,218.98,218.89,218.9,929.838395
1788036300000,218.97,219.09,218.73,218.73,3006.69885
1788037200000,218.93,219.03,218.73,218.95,2769.08207
1788038100000,219.02,219.02,218.89,218.89,210.858708
1788039000000,219.02,219.1,218.79,219.01,1032.727221
1788039900000,219.04,219.16,218.81,218.89,3045.95297
1788040800000,219.12,219.13,218.6,218.65,6780.998624
1788042600000,218.75,218.86,218.65,218.76,2109.127936
1788043500000,218.8,218.82,218.74,218.74,414.58653
1788044400000,218.82,218.92,218.6,218.71,2573.953152
1788045300000,218.66,218.75,218.6,218.61,2053.321336
1788047100000,218.75,218.75,218.65,218.65,292.993794
1788048000000,218.72,218.73,218.6,218.6,464.136225
1788049800000,218.73,218.81,218.62,218.71,627.530191
1788050700000,218.73,218.87,218.6,218.79,2273.235968
1788051600000,218.86,218.92,218.68,218.68,1185.551166
1788052500000,218.74,218.76,218.59,218.75,872.656835
1788053400000,218.76,218.77,218.59,218.59,679.15789
1788054300000,218.76,218.84,218.59,218.7,2566.60503
1788055200000,218.8,218.9,218.58,218.76,3854.96205
1788056100000,218.84,218.96,218.69,218.81,2764.408873
1788057900000,218.81,218.97,218.7,218.84,2345.644422
1788058800000,218.91,218.94,218.81,218.88,528.610208
1788059700000,218.91,219.01,218.63,218.9,3080.694689
1788060600000,218.95,219.03,218.85,218.94,2651.84275
1788061500000,219.02,219.07,218.94,218.96,1331.924631
1788062400000,218.96,219.1,218.85,218.91,437.640933
1788063300000,219.14,219.14,218.91,219.01,442.05209
1788064200000,219.05,219.17,218.88,219.12,1021.566637
1788065100000,219.08,219.18,218.84,218.84,2309.964116
1788066000000,219.19,219.19,218.96,218.96,1478.62003
1788066900000,219.13,219.19,218.93,219.1,774.79962
1788067800000,219.09,219.21,218.97,218.99,2808.632878
1788068700000,219.19,219.21,219.13,219.13,459.710239
1788069600000,219.14,219.26,219.07,219.19,2684.672141
1788070500000,219.29,219.37,219.11,219.21,1096.402493
1788071400000,219.23,219.34,219.09,219.09,3327.549142
1788072300000,219.1,219.3,218.67,218.86,6425.128353
1788073200000,218.86,219.03,218.81,218.94,2049.600082
1788074100000,219.06,219.13,218.79,219.11,2451.065837
1788075000000,219.05,219.19,218.94,218.94,1294.459731
1788075900000,219.19,219.39,218.93,219.25,4968.584872
1788076800000,219.37,219.46,219.18,219.33,1633.599111
1788077700000,219.38,219.51,219.27,219.33,1376.505356
1788078600000,219.27,219.44,219.18,219.43,1824.947572
1788079500000,219.44,219.44,219.4,219.4,2119.262709
1788080400000,219.44,219.54,219.31,219.53,3582.572353
1788081300000,219.53,219.57,219.34,219.36,1265.492123
1788082200000,219.36,219.59,219.33,219.49,1270.751175
1788083100000,219.49,219.49,219.49,219.49,113.542177
1788084000000,219.57,219.62,219.33,219.55,1796.748001
1788084900000,219.6,219.62,219.34,219.34,823.893246
1788085800000,219.6,219.61,218.8,218.85,2597.074867
1788086700000,218.86,219.11,218.79,218.95,5460.150079
1788087600000,218.96,219.13,218.91,219.13,569.741507
1788088500000,219.1,219.13,218.91,219.07,1534.940789
1788089400000,219.04,219.14,218.85,219.08,1966.980084
1788090300000,219.1,219.19,218.99,219.08,1349.468217
1788091200000,219.06,219.19,218.84,218.84,3694.616443
1788092100000,218.99,219.02,218.79,218.79,1661.597098
1788093000000,218.79,218.93,218.74,218.85,1783.903497
1788093900000,218.84,218.89,218.83,218.84,1096.258269
1788094800000,218.94,219.0,218.83,218.87,4064.173237
1788095700000,218.95,218.95,218.87,218.94,720.811055
1788096600000,218.95,218.95,218.94,218.94,163.531234
1788097500000,218.95,219.02,218.76,219.02,17584.132767
1788098400000,219.02,219.11,218.87,219.01,40474.932991
1788099300000,219.01,219.26,218.94,219.2,73259.815771
1788100200000,219.21,219.28,218.96,218.96,56386.831401
1788101100000,219.17,219.22,218.94,219.12,106837.755234
1788102000000,219.12,219.22,218.63,218.8,26789.846679
1788102900000,218.82,218.89,218.59,218.77,7143.087819
1788103800000,218.78,218.95,218.58,218.81,24167.070236
1788104700000,218.82,219.03,218.69,218.88,5695.379241
1788105600000,218.87,219.96,218.81,219.77,37354.17842
1788106500000,219.8,220.0,219.18,219.47,18377.456767
1788107400000,219.42,219.45,218.9,219.06,15795.98201
1788108300000,219.11,219.47,218.81,219.15,14041.382574
1788109200000,219.24,219.48,218.8,218.87,10817.142078
1788110100000,219.0,219.15,218.8,219.09,11657.705912
1788111000000,219.06,219.15,219.01,219.03,4888.422363
1788111900000,219.09,219.3,218.9,219.2,11376.805398
1788112800000,219.23,219.42,219.14,219.26,4653.482579
1788113700000,219.3,219.38,219.1,219.27,3009.847818
1788114600000,219.3,219.39,219.13,219.13,2702.252428
1788115500000,219.14,219.38,219.1,219.17,1250.878171
1788116400000,219.38,219.42,219.26,219.32,1882.902169
1788117300000,219.39,219.41,219.32,219.39,946.597144
1788118200000,219.39,219.56,219.17,219.17,4386.936505
1788119100000,219.38,219.47,219.14,219.44,1452.728965
1788120000000,219.39,219.56,219.22,219.46,1338.583452
1788120900000,219.48,219.49,219.44,219.44,574.508321
1788121800000,219.49,219.54,219.3,219.31,520.717983
1788122700000,219.3,219.3,219.3,219.3,18.96945
1788123600000,219.54,219.67,219.3,219.55,3998.399904
1788124500000,219.59,219.7,219.35,219.62,1884.601409
1788125400000,219.62,219.62,219.62,219.62,44.516974
1788126300000,219.6,219.6,219.56,219.56,203.945904
1788127200000,219.56,219.56,218.27,218.33,3951.836385
1788128100000,218.37,218.51,218.22,218.28,4614.791058
1788129900000,218.29,218.39,218.29,218.39,328.713718
1788130800000,218.29,218.47,218.22,218.36,2330.934511
1788131700000,218.34,218.34,218.11,218.23,4457.679662
1788132600000,218.23,218.37,218.2,218.2,499.896024
1788133500000,218.37,218.47,218.11,218.11,4195.574555
1788134400000,217.55,217.56,215.83,217.13,27676653.12
1788135300000,217.17,217.43,217.04,217.06,13785190.06
1788136200000,217.05,217.76,217.04,217.7,10620463.09
1788137100000,217.71,218.34,217.57,217.86,13701485.7
1788138000000,217.83,217.83,217.1,217.41,9452386.16
1788138900000,217.39,217.61,217.22,217.52,4630651.02
1788139800000,217.44,217.52,216.98,216.98,6387578.44
1788140700000,216.98,217.25,216.96,217.25,3148927.35
1788141600000,217.24,217.63,217.16,217.58,2807911.79
1788142500000,217.57,217.57,217.01,217.28,2459194.97
1788143400000,217.28,217.32,217.01,217.11,3137395.27
1788144300000,217.14,217.51,217.12,217.51,2284576.18
1788145200000,217.51,217.72,217.38,217.7,5487922.82
1788146100000,217.69,217.74,217.51,217.55,3462267.89
1788147000000,217.55,217.67,217.43,217.62,2885877.15
1788147900000,217.62,217.68,217.47,217.62,1838454.7
1788148800000,217.62,217.65,217.45,217.54,730236.3
1788149700000,217.54,217.55,217.37,217.45,769349.44
1788150600000,217.45,217.9,217.35,217.79,2958353.33
1788151500000,217.76,218.0,217.61,217.97,3156346.27
1788152400000,217.97,218.4,217.91,218.38,5646414.83
1788153300000,218.38,218.64,218.34,218.55,4273808.39
1788154200000,218.53,218.66,218.33,218.5,8929201.87
1788155100000,218.49,218.79,218.44,218.79,3055011.7
1788156000000,218.79,218.91,218.58,218.84,8123280.15
1788156900000,218.84,219.0,218.79,218.89,5364872.05
1788157800000,218.86,219.03,218.8,218.88,5619477.33
1788158700000,218.88,219.14,218.88,219.05,5387167.8
1788159600000,219.04,219.09,218.85,218.86,4508942.32
1788160500000,218.87,218.87,218.58,218.66,4339080.99
1788161400000,218.65,219.08,218.65,218.92,5133009.89
1788162300000,218.9,218.97,217.874,218.94,1712991.25
1788163200000,218.032,219.125,218.032,218.894,141923232.47105658
1788164100000,218.894,218.926,218.64,218.775,11998896.16352787
1788165000000,218.93,218.958,218.745,218.93,12608699.87720561
1788165900000,219.0,219.174,218.863,219.15,15573932.34705172
1788166800000,219.24,219.301,218.772,219.24,17618440.99893348
1788167700000,219.206,219.283,219.112,219.157,16947907.91205052
1788168600000,219.18,219.18,218.99,218.99,7796158.64828114
1788169500000,218.88,219.095,218.592,218.7,14748437.15735051
1788170400000,218.65,218.895,218.505,218.55,10307058.88532221
1788171300000,218.64,219.135,218.545,219.11,11837221.26752365
1788172200000,218.98,219.135,218.75,218.94,17511124.01086991
1788173100000,219.17,219.203,219.026,219.11,9795884.0957327
1788174000000,218.95,219.043,218.5,218.5,47781820.88485663
1788174900000,218.84,218.965,218.49,218.89,20919200.97138149
1788175800000,218.67,218.949,218.581,218.61,148195208.99172923
1788176700000,218.77,218.793,218.535,218.77,31196996.85892937
1788177600000,218.8,219.01,218.713,218.72,43745065.08608044
1788178500000,218.99,219.08,218.5,218.73,42163762.09007083
1788179400000,218.59,218.922,218.49,218.49,35553333.6384345
1788180300000,218.54,218.659,218.12,218.18,39004075.43926477
1788181200000,218.16,218.428,217.73,218.25,71313778.04263078
1788182100000,218.21,218.934,218.117,218.81,68538983.23564959
1788183000000,218.94,219.31,216.21,218.02,2789289800.550747
1788183900000,218.027,219.02,217.6,218.835,1625867285.5084689
1788184800000,218.925,220.19,218.42,220.18,1313981245.1819324
1788185700000,220.18,220.37,219.385,220.07,1216674217.949696
1788186600000,220.03,220.6,219.67,219.92,903692695.6063945
1788187500000,219.965,220.09,219.26,219.73,615123483.7077281
1788188400000,219.75,220.01,219.14,219.25,609443477.76311
1788189300000,219.245,220.53,219.13,220.285,657352323.1637986
1788190200000,220.25,220.28,219.53,219.74,499154554.103719
1788191100000,219.72,220.37,219.41,219.5,481943649.07084495
1788192000000,219.486,219.77,219.12,219.73,533903162.89513284
1788192900000,219.75,220.3,219.62,220.21,384208510.59801453
1788193800000,220.27,220.295,219.73,219.73,454415612.22611237
1788194700000,219.745,220.19,219.65,220.19,342924981.61357903
1788195600000,220.18,220.27,219.78,219.78,360563423.3713544
1788196500000,219.808,219.93,219.34,219.366,490353833.4231591
1788197400000,219.365,219.715,219.13,219.65,452198288.2183012
1788198300000,219.665,220.03,219.512,219.545,383125067.9901604
1788199200000,219.61,219.76,219.305,219.34,317261172.9437148
1788200100000,219.335,219.61,218.905,218.95,446115772.77682984
1788201000000,218.95,218.96,217.8,218.106,1066685077.8858671
1788201900000,218.155,218.81,217.71,218.58,772947139.008278
1788202800000,218.61,219.17,218.59,218.945,552777500.7535064
1788203700000,218.98,219.855,218.76,219.83,616421662.1758106
1788204600000,219.815,220.03,219.6,219.965,683692401.2476494
1788205500000,219.95,221.28,219.27,220.86,2774227268.13187
1788206400000,220.8,220.904,220.501,220.52,6165311737.801237
1788207300000,220.48,220.79,220.454,220.79,128550203.34830756
1788208200000,220.75,220.789,220.59,220.68,118316526.20240991
1788209100000,220.69,220.698,220.616,220.653,514120208.79840636
1788210000000,220.653,220.655,220.515,220.52,25942286.873822767
1788210900000,220.52,220.689,220.504,220.63,17036731.43282566
1788211800000,220.68,220.68,220.565,220.595,5165817.77176161
1788212700000,220.53,220.65,220.525,220.53,12237117.55816295
1788213600000,220.52,220.549,220.281,220.29,15157378.34145569
1788214500000,220.328,220.371,220.32,220.34,6582145.7692507
1788215400000,220.34,220.465,220.34,220.36,5022130.02881775
1788216300000,220.27,220.431,220.265,220.27,9602998.72377667
1788217200000,220.23,220.28,220.205,220.25,11299932.61987016
1788218100000,220.26,220.41,220.19,220.359,33692885.81353261
1788219000000,220.31,220.405,220.275,220.31,10042337.67515539
1788219900000,220.34,220.379,220.237,220.25,21376359.87189082
1788220800000,220.25,220.6,220.01,220.06,48458.08
1788221700000,220.04,220.27,219.89,220.21,4711790.73
1788222600000,220.21,220.39,220.14,220.28,3214474.48
1788223500000,220.27,220.46,220.25,220.35,3387893.44
1788224400000,220.36,220.51,220.22,220.3,1926732.11
1788225300000,220.3,220.36,220.15,220.21,1923580.96
1788226200000,220.2,220.3,220.05,220.2,1709778.76
1788227100000,220.2,220.21,220.11,220.15,393648.34
1788228000000,220.14,220.19,220.05,220.17,795056.16
1788228900000,220.17,220.2,220.0,220.01,1776554.73
1788229800000,220.01,220.07,219.69,219.7,7491480.52
1788230700000,219.71,220.18,219.62,220.18,1201134.58
1788231600000,220.14,220.19,219.91,220.0,1378002.11
1788232500000,220.0,220.04,219.8,219.87,1966654.8
1788233400000,219.88,220.06,219.88,219.92,1245914.71
1788234300000,219.91,220.01,219.89,219.95,980234.69
1788235200000,219.96,220.17,219.96,220.13,1765010.0
1788236100000,220.14,220.35,220.13,220.34,1316481.18
1788237000000,220.34,220.38,220.11,220.12,1811975.42
1788237900000,220.12,220.29,220.03,220.06,872271.21
1788238800000,220.06,220.11,220.0,220.05,636193.9
1788239700000,220.04,220.18,219.98,220.18,888077.57
1788240600000,220.13,220.5,220.13,220.45,1470792.87
1788241500000,220.47,220.87,220.42,220.75,5505263.53
1788242400000,220.81,220.89,220.71,220.78,2869753.07
1788243300000,220.77,220.77,220.34,220.35,2214126.19
1788244200000,220.34,220.59,220.34,220.56,1687486.9
1788245100000,220.55,220.6,220.36,220.45,1213386.75
1788246000000,220.46,220.65,220.37,220.62,2148810.81
1788246900000,220.62,220.65,220.49,220.49,2021478.06
1788247800000,220.5,220.5,219.97,220.02,2609068.11
1788248700000,220.04,220.14,219.88,219.98,1772449.24
1788249600000,219.45,220.265,218.907,219.13,79813970.27489793
1788250500000,218.66,219.148,218.456,218.6,30074906.08973489
1788251400000,218.26,218.677,218.258,218.48,18291579.14160081
1788252300000,218.36,218.555,217.932,218.01,20591794.93069119
1788253200000,217.93,217.984,217.59,217.87,25023699.53388939
1788254100000,217.76,217.887,217.588,217.64,10219322.50905688
1788255000000,218.02,218.36,217.619,217.96,14702801.54882629
1788255900000,218.18,218.417,218.15,218.15,8075200.62968097
1788256800000,218.36,218.36,218.118,218.36,9272239.32453239
1788257700000,218.17,218.454,218.131,218.31,11373319.12910953
1788258600000,218.33,218.34,218.172,218.24,6137527.46602706
1788259500000,218.11,218.18,217.798,217.89,12411768.59247584
1788260400000,217.89,218.123,217.716,217.76,38386368.28750819
1788261300000,217.84,218.022,217.75,217.98,17966892.14895046
1788262200000,218.09,218.254,217.929,218.22,23551934.49055907
1788263100000,218.06,218.2,217.26,217.39,63939126.73951009
1788264000000,217.49,217.663,217.26,217.62,34918668.08340432
1788264900000,217.68,217.754,217.437,217.5,135894269.33238426
1788265800000,217.45,217.51,216.942,217.1,74913113.22063066
1788266700000,217.21,217.28,216.89,217.03,54049560.05114304
1788267600000,217.02,217.113,216.807,216.96,67514181.76707134
1788268500000,216.78,217.166,216.75,217.025,86671136.35064816
1788269400000,216.75,217.3,215.11,215.718,2580695732.916739
1788270300000,215.62,217.42,215.58,216.96,1234780021.8399925
1788271200000,216.99,218.07,216.78,217.875,1027187647.5678695
1788272100000,217.91,218.37,217.59,217.69,728021372.3837066
1788273000000,217.64,218.11,217.55,217.995,534841703.33438677
1788273900000,217.986,218.57,217.65,218.043,857518825.9946096
1788274800000,218.04,218.53,217.7,218.0,672162399.536773
1788275700000,217.91,218.8,217.88,218.795,532877290.73402065
1788276600000,218.815,219.535,218.72,219.52,613447224.7579432
1788277500000,219.51,220.4,219.42,220.25,1049143151.1550637
1788278400000,220.26,220.29,219.59,219.79,494225855.47488207
1788279300000,219.795,219.92,219.1,219.585,731283602.3475859
1788280200000,219.605,219.75,219.09,219.09,474936388.9128142
1788281100000,219.09,219.83,218.95,219.7,427046968.3711372
1788282000000,219.66,219.693,218.29,218.45,546110860.3231602
1788282900000,218.46,218.55,218.135,218.38,423471833.7090624
1788283800000,218.358,218.585,218.25,218.299,375046603.56434834
1788284700000,218.31,218.38,217.8,217.98,437814515.19590986
1788285600000,218.05,218.16,217.49,217.51,424628573.3481152
1788286500000,217.49,217.865,217.3,217.465,347006186.9553653
1788287400000,217.47,217.545,216.51,216.51,595608901.8922348
1788288300000,216.515,217.42,216.35,217.349,851464431.5892812
1788289200000,217.29,217.84,217.26,217.81,526154276.5201951
1788290100000,217.82,217.91,217.49,217.6,434824181.3357626
1788291000000,217.575,217.63,217.02,217.41,562684048.4189018
1788291900000,217.385,217.69,216.64,217.48,1426725425.4618988
1788292800000,217.495,217.73,217.409,217.625,4905499525.168515
1788293700000,217.59,217.635,217.46,217.46,27506693.24707575
1788294600000,217.56,217.59,217.451,217.51,11785909.520625
1788295500000,217.49,217.568,217.448,217.49,7226658.81564054
1788296400000,217.5,217.668,217.445,217.62,511525736.7957971
1788297300000,217.624,217.625,217.515,217.561,14968652.20358301
1788298200000,217.561,217.58,217.54,217.555,4160461.43933935
1788299100000,217.55,217.61,217.538,217.61,10682949.37277839
1788300000000,217.64,217.714,217.262,217.27,17924347.64034537
1788300900000,217.28,217.374,217.226,217.27,11692659.9241934
1788301800000,217.264,217.396,217.25,217.385,5796728.764226729
1788302700000,217.37,217.522,217.36,217.37,6948872.94905604
1788303600000,217.42,217.489,217.42,217.42,5953524.68856793
1788304500000,217.41,217.485,217.41,217.41,6656700.03726134
1788305400000,217.468,217.497,217.46,217.497,9013268.77697498
1788306300000,217.49,217.594,217.49,217.49,13945461.59950366
1788307200000,217.62,217.78,217.35,217.65,217.499
1788308100000,217.61,217.89,217.56,217.65,2799712.59
1788309000000,217.64,217.76,217.56,217.62,2007039.86
1788309900000,217.63,217.67,217.41,217.42,1599144.19
1788310800000,217.41,217.61,217.3,217.4,2219509.48
1788311700000,217.4,217.52,217.37,217.44,1399609.48
1788312600000,217.41,217.47,217.11,217.16,1530978.27
1788313500000,217.19,217.2,216.9,217.16,2292402.07
1788314400000,217.16,217.17,216.86,217.06,1499374.3
1788315300000,217.04,217.26,217.03,217.19,2225630.72
1788316200000,217.19,217.31,217.12,217.28,1107929.71
1788317100000,217.29,217.3,217.15,217.21,718981.02
1788318000000,217.22,217.33,217.09,217.18,1342727.02
1788318900000,217.14,217.15,216.92,217.09,2212255.57
1788319800000,217.07,217.34,216.98,217.1,3137997.53
1788320700000,217.1,217.18,216.9,216.99,1263794.27
1788321600000,216.97,217.23,216.97,217.21,1953538.03
1788322500000,217.21,217.31,217.14,217.14,1171449.11
1788323400000,217.12,217.35,217.12,217.19,1464987.72
1788324300000,217.2,217.2,217.05,217.08,1095143.56
1788325200000,217.04,217.23,216.99,217.16,1390945.4
1788326100000,217.16,217.43,217.16,217.4,998326.93
1788327000000,217.41,217.57,217.36,217.56,1166229.72
1788327900000,217.51,217.61,217.34,217.44,998716.88
1788328800000,217.44,217.5,217.19,217.29,916605.36
1788329700000,217.29,217.32,217.07,217.08,968215.34
1788330600000,217.09,217.64,216.99,217.4,3134443.0
1788331500000,217.46,217.46,217.22,217.38,1488705.83
1788332400000,217.34,217.7,217.33,217.63,3451749.25
1788333300000,217.61,217.65,217.37,217.47,1496630.4
1788334200000,217.46,217.54,217.34,217.43,1138385.41
1788335100000,217.4,217.44,217.21,217.37,618734.66
1788336000000,217.23,217.5,217.13,217.23,54806488.88799876
1788336900000,217.35,217.428,217.099,217.16,9549671.57043081
1788337800000,217.14,217.414,217.139,217.14,5824558.08298895
1788338700000,216.98,217.15,216.526,216.81,11382041.41598356
1788339600000,216.95,216.973,216.66,216.95,9779589.05279342
1788340500000,216.72,216.86,216.549,216.72,3851503.88455075
1788341400000,216.58,216.804,216.365,216.5,6833117.96006922
1788342300000,216.495,216.77,216.451,216.69,10989297.282684186
1788343200000,216.69,216.765,216.485,216.71,7433839.446903339
1788344100000,216.71,216.814,216.62,216.76,5432085.433854942
1788345000000,216.72,216.76,216.655,216.72,3299734.49829196
1788345900000,216.52,216.745,216.52,216.52,7093294.68679646
1788346800000,216.66,216.953,216.14,216.88,30287489.62619769
1788347700000,217.03,217.079,216.776,216.89,15021844.55908786
1788348600000,216.919,217.15,216.773,216.975,21201469.060838815
1788349500000,217.12,217.441,216.941,217.39,17171344.05809608
1788350400000,217.41,218.312,217.318,218.25,64720527.00302073
1788351300000,218.48,218.575,218.171,218.19,61795740.56224125
1788352200000,217.99,218.327,217.781,217.83,37984895.67372315
1788353100000,217.8,217.866,217.756,217.775,35507968.713750675
1788354000000,217.88,218.021,217.775,217.86,25314989.64283437
1788354900000,217.96,218.86,217.852,218.68,47400750.7636426
1788355800000,218.775,220.115,218.52,219.58,1871259089.7185328
1788356700000,219.61,221.51,219.2,221.49,1527879257.177639
1788357600000,221.457,223.09,221.2,222.43,2432261106.4460435
1788358500000,222.44,223.43,222.15,222.854,2183574454.2211413
1788359400000,222.9,224.23,222.6,224.04,1623595896.5617392
1788360300000,224.045,224.24,223.385,224.01,1089936489.797228
1788361200000,224.05,226.81,223.925,226.505,2495600345.7756343
1788362100000,226.495,226.99,226.13,226.3,1740298483.7156546
1788363000000,226.31,227.1,225.77,227.015,1356569222.6778274
1788363900000,227.02,227.96,226.61,227.605,1913198769.0671618
1788364800000,227.59,227.83,227.035,227.44,1101684010.3418813
1788365700000,227.44,227.67,226.8,227.01,892253084.1036919
1788366600000,227.08,227.67,226.17,226.17,918716232.5730778
1788367500000,226.2,226.32,225.54,225.755,909527234.3998568
1788368400000,225.81,226.0,224.8,225.22,966867671.1001401
1788369300000,225.23,225.515,224.765,225.47,770792638.5209441
1788370200000,225.5,225.555,224.84,225.25,584094318.9095018
1788371100000,225.23,225.45,224.45,224.655,750986136.0380405
1788372000000,224.66,224.89,224.43,224.61,529481938.80571634
1788372900000,224.7,225.32,224.53,224.935,741346656.6316354
1788373800000,224.931,225.35,224.6,224.71,659742461.8899531
1788374700000,224.72,224.88,224.28,224.51,523057552.23563784
1788375600000,224.58,224.64,224.2,224.5,572893194.5473075
1788376500000,224.475,224.86,224.32,224.43,618635009.6409426
1788377400000,224.46,224.5,223.74,224.01,844312001.8838764
1788378300000,224.03,224.63,224.016,224.33,1407225559.120126
1788379200000,224.39,224.774,224.29,224.69,4038841728.6181574
1788380100000,224.2,224.774,223.88,223.88,56204827.04895703
1788381000000,223.96,224.19,223.935,224.19,47868589.48163325
1788381900000,224.1,224.41,224.015,224.07,604708538.2921913
1788382800000,224.0,224.174,224.0,224.05,11774945.64477954
1788383700000,224.19,225.32,224.06,225.22,66484510.77188077
1788384600000,225.19,225.257,224.646,224.7,49394888.03999765
1788385500000,224.6,225.094,224.6,224.94,17223391.84913949
1788386400000,224.79,224.975,224.597,224.79,12503509.58789038
1788387300000,224.84,225.169,224.828,225.03,15391150.27428716
1788388200000,225.081,225.2,225.03,225.144,7208854.93849992
1788389100000,225.144,225.154,224.94,224.981,8047439.44594712
1788390000000,224.97,224.985,224.789,224.97,10083362.79559018
1788390900000,224.81,225.041,224.735,224.81,10953486.97975728
1788391800000,225.18,225.18,224.994,225.17,13279257.31083814
1788392700000,225.19,225.5,225.175,225.41,30798719.46853317
1788393600000,225.41,225.62,225.23,225.24,4070173.38999999
1788394500000,225.24,225.24,224.86,225.16,2798428.85
1788395400000,225.15,225.18,224.93,225.03,2241120.06
1788396300000,225.01,225.12,224.91,225.02,2438529.57
1788397200000,225.06,225.29,225.02,225.18,3147427.44
1788398100000,225.16,225.34,225.06,225.19,1172642.44
1788399000000,225.17,225.39,225.12,225.13,1269711.92
1788399900000,225.13,225.19,224.81,224.87,1863095.22
1788400800000,224.86,225.13,224.75,225.13,2234125.17
1788401700000,225.14,225.19,224.95,224.99,1141133.39
1788402600000,225.01,225.15,224.91,224.92,1136859.49
1788403500000,224.93,225.19,224.91,225.1,1642129.9
1788404400000,225.1,225.15,225.05,225.12,1307993.11
1788405300000,225.13,225.59,225.13,225.36,3757388.89
1788406200000,225.36,225.8,225.36,225.62,5341221.52
1788407100000,225.58,225.97,225.57,225.95,5161942.44
1788408000000,225.95,226.03,225.87,225.89,3360886.51
1788408900000,225.89,226.34,225.88,226.21,4477633.73
1788409800000,226.2,226.22,225.83,225.93,1121919.58
1788410700000,225.86,226.36,225.86,226.22,2492521.83
1788411600000,226.22,226.35,225.43,225.47,3777901.41
1788412500000,225.44,225.45,224.72,225.3,7292531.62
1788413400000,225.27,225.46,225.14,225.25,4908844.56
1788414300000,225.25,225.74,225.13,225.72,3413825.05
1788415200000,225.7,225.87,225.56,225.66,4038783.68
1788416100000,225.62,225.77,225.6,225.72,1336555.15
1788417000000,225.68,225.7,225.47,225.52,1318375.79
1788417900000,225.55,225.78,225.55,225.72,1475596.75
1788418800000,225.69,225.97,225.62,225.69,3428142.37
1788419700000,225.7,225.77,225.47,225.61,2836524.93
1788420600000,225.57,226.01,225.52,225.94,2569770.77
1788421500000,225.93,226.07,225.73,225.84,4351300.09
1788422400000,225.424,226.25,225.424,225.797,112646127.52195035
1788423300000,225.793,225.793,225.458,225.66,12836666.25634626
1788424200000,225.66,225.67,225.31,225.45,8365798.564672106
1788425100000,225.45,225.539,225.346,225.458,10420296.324306484
1788426000000,225.453,225.532,225.331,225.381,6648097.879453831
1788426900000,225.381,225.381,225.047,225.105,9391916.51220126
1788427800000,225.105,225.13,224.835,224.835,14932694.50357805
1788428700000,224.835,224.853,224.493,224.642,30273147.229252934
1788429600000,224.647,224.866,224.595,224.605,13440081.471570008
1788430500000,224.605,224.772,224.55,224.648,11737668.888806228
1788431400000,224.648,224.859,224.645,224.858,20519498.52445805
1788432300000,224.857,224.873,224.671,224.794,13597429.588153256
1788433200000,224.805,224.837,224.17,224.293,54889523.384028085
1788434100000,224.294,224.575,224.294,224.498,26481252.159671485
1788435000000,224.499,224.512,223.92,224.001,57025613.97061188
1788435900000,224.004,224.013,223.19,223.398,92515982.52596024
1788436800000,223.403,223.867,223.38,223.727,334225909.14524955
1788437700000,223.726,225.01,223.364,224.978,126633038.85490789
1788438600000,224.98,225.62,224.845,225.205,120796640.65347296
1788439500000,225.207,226.04,225.08,225.853,247320118.60232553
1788440400000,225.853,226.231,225.617,226.194,132873205.86681984
1788441300000,226.192,226.281,225.49,225.969,132890060.63705216
1788442200000,225.91,228.44,224.77,227.644,2979094456.6579437
1788443100000,227.653,229.08,227.39,228.29,2208492273.806008
1788444000000,228.273,228.97,227.56,228.05,1558632254.0891523
1788444900000,228.05,228.69,227.33,227.35,1173491640.098854
1788445800000,227.437,227.56,226.185,226.377,1362931753.6914227
1788446700000,226.381,226.47,225.42,226.16,1160949883.6955297
1788447600000,226.127,226.871,225.7,226.871,976567917.1814742
1788448500000,226.96,227.95,226.78,227.825,1124830217.0730855
1788449400000,227.835,228.03,227.175,227.38,915974555.3544295
1788450300000,227.382,227.705,227.1,227.482,562126026.3979697
1788451200000,227.487,228.025,227.08,227.86,774865816.0626262
1788452100000,227.863,228.09,226.88,227.03,667237951.9760109
1788453000000,227.027,227.95,227.02,227.795,561199933.2187285
1788453900000,227.823,227.823,227.155,227.51,420481898.5463352
1788454800000,227.502,227.65,227.225,227.25,396922630.0301691
1788455700000,227.251,227.59,227.06,227.458,422701145.3614336
1788456600000,227.455,229.99,227.41,229.829,2649725414.526344
1788457500000,229.83,230.34,229.21,230.025,2527239816.288327
1788458400000,230.023,230.39,229.91,230.127,1176727920.5401812
1788459300000,230.127,230.39,229.5,229.525,830052694.6576942
1788460200000,229.52,230.11,229.29,229.586,705793851.6823982
1788461100000,229.584,229.87,229.315,229.425,574348450.7133944
1788462000000,229.429,229.69,229.18,229.301,610793666.1231217
1788462900000,229.35,229.69,229.309,229.572,765316604.8110486
1788463800000,229.564,229.68,228.83,228.974,897500185.8859267
1788464700000,228.95,229.11,228.34,228.41,1824864488.0826006
1788465600000,228.48,228.732,228.37,228.579,3867833915.840588
1788466500000,228.578,228.578,228.435,228.445,37708678.57352384
1788467400000,228.445,228.55,228.445,228.515,25313076.98353287
1788468300000,228.517,228.535,228.425,228.485,89658705.06350046
1788469200000,228.486,228.574,228.475,228.574,510976855.6426659
1788470100000,228.575,228.66,228.523,228.54,14882415.478048116
1788471000000,228.54,228.74,228.51,228.73,20981192.26951507
1788471900000,228.73,229.01,228.73,228.875,33762621.70479467
1788472800000,228.875,229.13,228.746,229.045,23864624.332610782
1788473700000,229.041,229.364,229.021,229.276,36860014.95880339
1788474600000,229.277,229.49,229.21,229.256,42146068.76086446
1788475500000,229.254,229.463,229.17,229.463,34981584.35834653
1788476400000,229.463,229.55,229.45,229.475,21492858.386289246
1788477300000,229.475,229.61,229.405,229.61,28133471.919115912
1788478200000,229.61,229.84,229.61,229.829,33330572.59628198
1788479100000,229.83,229.957,229.687,229.687,41151994.626723394
1788480000000,229.77,229.86,229.34,229.63,4001617.03
1788480900000,229.63,229.84,229.63,229.84,3057290.17
1788481800000,229.84,229.85,229.69,229.79,2261662.31
1788482700000,229.81,229.87,229.77,229.84,3727118.53
1788483600000,229.84,229.84,229.62,229.66,2133017.79
1788484500000,229.66,229.89,229.58,229.84,2294480.19
1788485400000,229.84,229.85,229.57,229.65,1809364.22
1788486300000,229.66,229.74,229.4,229.68,2514070.57
1788487200000,229.66,229.71,229.59,229.68,972146.24
1788488100000,229.68,229.73,229.62,229.67,1146259.79
1788489000000,229.68,229.96,229.67,229.94,2856244.7
1788489900000,229.92,230.14,229.9,230.03,3578547.56
1788490800000,230.0,230.21,229.92,229.92,1921096.91
1788491700000,229.91,230.37,229.91,230.09,3066990.44
1788492600000,230.08,230.21,229.95,229.97,963569.38
1788493500000,229.97,230.01,229.85,229.88,786603.3
1788494400000,229.88,230.01,229.79,230.0,1035422.21
1788495300000,229.99,230.13,229.88,230.11,1715191.16
1788496200000,230.1,230.21,230.07,230.11,1962772.55
1788497100000,230.11,230.29,230.08,230.27,1602427.03
1788498000000,230.24,230.35,230.18,230.29,2032759.61
1788498900000,230.27,230.64,230.24,230.57,4424009.83
1788499800000,230.53,230.53,230.18,230.22,3481782.19
1788500700000,230.22,230.3,230.04,230.26,2612279.63
1788501600000,230.24,230.45,230.21,230.4,2557729.5
1788502500000,230.4,230.4,230.14,230.14,3320562.06
1788503400000,230.13,230.2,229.83,229.87,3663344.7
1788504300000,229.86,229.87,229.51,229.61,3962464.43
1788505200000,229.61,230.17,229.61,230.1,7865109.70000001
1788506100000,230.12,230.31,229.93,230.29,2983154.21
1788507000000,230.28,230.38,230.06,230.25,4701474.91
1788507900000,230.23,230.59,230.19,230.28,4034209.28
1788508800000,229.656,230.77,229.656,230.655,116145214.0234463
1788509700000,230.655,230.968,230.532,230.844,36874805.701233216
1788510600000,230.844,230.903,230.295,230.427,29339932.624546986
1788511500000,230.426,230.615,230.325,230.535,14208421.394404301
1788512400000,230.535,230.535,230.032,230.032,20760670.19459959
1788513300000,230.028,230.41,229.876,230.279,24041978.007496174
1788514200000,230.28,230.518,230.25,230.518,6546323.040088384
1788515100000,230.519,230.951,230.506,230.896,39067545.50879851
1788516000000,230.894,231.752,230.892,231.744,62485103.18010784
1788516900000,231.736,232.44,231.697,232.275,101445209.78082006
1788517800000,232.265,232.265,231.655,231.659,43199390.87094313
1788518700000,231.66,232.063,231.42,231.455,56260096.08633502
1788519600000,231.4,231.564,231.108,231.308,97604820.3458045
1788520500000,231.314,231.401,231.038,231.079,59336459.545016415
1788521400000,231.08,231.34,230.928,231.007,55396536.958319746
1788522300000,231.008,231.235,230.962,231.196,165515003.6830757
1788523200000,231.23,232.11,231.159,231.885,161011380.86902967
1788524100000,231.883,232.025,231.635,231.71,72443351.53577
1788525000000,231.761,231.761,230.57,230.924,199577168.2928056
1788525900000,230.928,230.941,230.159,230.535,112887843.6288602
1788526800000,230.539,230.698,230.37,230.613,45666317.53450683
1788527700000,230.96,231.7,230.9225,231.05,184880071.68510637
1788528600000,231.142,233.77,229.86,232.91,4659287496.485579
1788529500000,232.9128,234.65,232.63,234.56,3304032940.388274
1788530400000,234.56,234.56,232.92,234.195,2283519817.9959073
1788531300000,234.19,234.76,233.36,234.7161,2044669135.5807235
1788532200000,234.72,234.74,233.22,233.45,1742292816.5773613
1788533100000,233.4,233.55,232.12,232.24,1540702840.267702
1788534000000,232.245,232.81,231.65,232.465,1307362207.755925
1788534900000,232.465,232.555,231.76,231.785,907148662.4712371
1788535800000,231.78,232.0589,231.27,231.865,1054802029.937673
1788536700000,231.865,231.91,230.73,231.045,1034432744.648906
1788537600000,231.03,231.335,230.51,231.1734,969936026.9980682
1788538500000,231.165,231.25,230.7126,231.155,737951093.8562635
1788539400000,231.15,231.63,231.0,231.59,807911045.3733896
1788540300000,231.58,232.235,231.278,231.57,1195350361.385454
1788541200000,231.57,231.65,230.93,230.955,660612380.5144368
1788542100000,230.96,231.09,230.603,230.75,694087154.7023399
1788543000000,230.74,230.78,230.3,230.375,686336660.3086178
1788543900000,230.38,230.457,230.07,230.2654,646896098.4957842
1788544800000,230.26,230.3698,229.9,230.23,880375431.3791537
1788545700000,230.2204,230.47,230.16,230.35,580737819.6356529
1788546600000,230.35,230.43,230.09,230.315,482671819.6823636
1788547500000,230.31,230.695,230.3,230.605,692116217.6387782
1788548400000,230.6,230.72,229.85,230.0,775846327.1617012
1788549300000,230.01,230.205,229.85,229.87,627178409.5362608
1788550200000,229.87,230.27,229.63,229.985,1038271571.8311914
1788551100000,229.985,231.09,229.96,230.36,2068153692.906804
1788552000000,229.84,230.36,229.56,229.96,3605629515.5396285
1788552900000,229.96,230.36,229.81,229.9805,69051047.00085837
1788553800000,229.9977,230.08,229.94,230.01,24532274.745515313
1788554700000,230.01,230.09,229.94,230.0,57610036.682162255
1788555600000,229.9844,230.07,229.96,230.0,10151017.086668225
1788556500000,230.02,230.1799,229.98,229.99,532181689.1597284
1788557400000,229.98,230.03,229.94,230.0177,11822658.026665987
1788558300000,230.0195,230.1,230.0,230.081,166654518.15169698
1788559200000,230.089,230.15,229.95,229.959,21330807.290539995
1788560100000,229.951,230.09,229.8617,230.0182,18116704.321931444
1788561000000,230.03,230.09,229.93,229.991,8740321.423831534
1788561900000,229.9902,230.08,229.91,229.93,18192397.373108238
1788562800000,229.92,229.99,229.86,229.94,27051957.13046104
1788563700000,229.95,229.9592,229.86,229.8941,8617942.796085704
1788564600000,229.88,230.15,229.38,229.84,21606154.939363696
1788565500000,229.7741,230.18,228.41,229.5,34978422.02964732
1788566400000,229.98,229.98,229.37,229.85,10668.351042
1788567300000,229.86,229.92,229.83,229.85,1100.58071
1788568200000,229.85,230.0,229.74,229.9,1386.072605
1788569100000,229.89,229.89,229.85,229.85,147.760436
1788570000000,229.89,229.97,229.71,229.92,1806.51396
1788570900000,229.86,229.94,229.86,229.86,312.65252
1788571800000,229.94,229.96,229.94,229.96,23.799474
1788573600000,229.86,229.86,229.71,229.71,459.310488
1788574500000,229.92,229.92,229.92,229.92,229.92
1788578100000,229.71,229.71,229.71,229.71,202.765017
1788579000000,229.92,229.92,229.76,229.92,174.110688
1788579900000,229.92,229.92,229.92,229.92,20.163984
1788580800000,229.72,229.92,229.72,229.92,513.024372
1788581700000,229.92,229.92,229.8,229.8,355.59384
1788582600000,229.92,229.92,229.72,229.72,697.170548
1788583500000,229.72,229.85,229.71,229.85,1057.182419
1788584400000,229.87,230.08,229.78,229.91,15455.010164
1788585300000,230.08,230.15,229.92,230.08,505.746501
1788586200000,230.08,230.14,229.91,229.92,687.248361
1788587100000,230.09,230.16,229.92,229.92,505.064867
1788588000000,229.92,230.15,229.91,230.06,931.767865
1788588900000,230.07,230.08,230.02,230.08,679.716201
1788589800000,230.11,230.13,230.0,230.0,589.903189
1788590700000,230.13,230.13,230.13,230.13,19.998297
1788591600000,230.13,230.13,230.0,230.0,155.969939
1788592500000,230.15,230.15,230.0,230.15,260.736735
1788593400000,230.15,230.17,230.15,230.17,221.649246
1788594300000,230.13,230.23,230.13,230.19,120.809744
1788596100000,230.13,230.25,230.13,230.18,327.247129
1788597000000,230.21,230.21,230.21,230.21,250.9289
1788597900000,230.22,230.22,230.22,230.22,202.616622
1788598800000,230.23,230.31,230.13,230.16,1314.280108
1788600600000,230.3,230.3,230.17,230.3,238.768157
1788602400000,230.3,230.34,230.3,230.34,299.347972
1788603300000,230.38,230.38,230.25,230.25,352.634984
1788605100000,230.35,230.35,230.25,230.25,94.890795
1788606000000,230.17,230.25,230.17,230.17,276.507037
1788606900000,230.17,230.39,230.11,230.24,2197.749203
1788607800000,230.36,230.37,230.24,230.37,132.956488
1788608700000,230.24,230.38,230.22,230.22,92.056716
1788609600000,230.38,230.38,230.22,230.22,353.667722
1788611400000,230.22,230.22,230.19,230.19,206.474154
1788612300000,230.29,230.29,230.29,230.29,49.995959
1788613200000,230.33,230.33,230.29,230.29,31.967028
1788614100000,230.33,230.51,230.29,230.37,2759.773985
1788615000000,230.51,230.58,230.37,230.37,269.712351
1788615900000,230.6,230.61,230.5,230.5,2021.56238
1788616800000,230.54,230.54,230.5,230.5,31.811776
1788617700000,230.54,230.56,230.54,230.56,99.985694
1788618600000,230.56,230.63,230.48,230.55,741.651167
1788620400000,230.6,230.65,230.59,230.65,1194.638285
1788621300000,230.7,230.78,230.55,230.78,359.930305
1788622200000,230.74,230.74,230.71,230.71,281.421393
1788623100000,230.71,230.76,230.69,230.76,576.209116
1788624000000,230.76,230.92,230.64,230.79,3995.459989
1788624900000,230.78,230.84,230.74,230.74,369.82725
1788625800000,230.81,230.85,230.81,230.85,974.091593
1788626700000,230.88,230.88,230.88,230.88,2999.1312
1788627600000,230.95,230.96,230.77,230.77,570.012787
1788628500000,230.77,230.99,230.77,230.77,544.861516
1788629400000,230.76,230.92,230.61,230.77,18759.196017
1788630300000,230.79,230.83,230.72,230.72,1024.133968
1788631200000,230.79,230.86,230.72,230.8,1992.303843
1788632100000,230.78,230.83,230.76,230.83,205.460797
1788633000000,230.76,230.76,230.72,230.72,273.95826
1788633900000,230.79,230.79,230.79,230.79,19.986414
1788636600000,230.79,230.8,230.72,230.72,585.152998
1788637500000,230.83,230.87,230.62,230.82,3808.130673
1788638400000,230.8,230.8,230.8,230.8,19.98728
1788639300000,230.79,230.81,230.79,230.81,317.442164
1788641100000,230.81,230.81,230.81,230.81,23.911916
1788642900000,230.78,230.78,230.66,230.66,419.84023
1788643800000,230.79,230.82,230.66,230.82,164.441751
1788644700000,230.66,230.66,230.66,230.66,49.960956
1788645600000,230.82,230.82,230.67,230.67,396.125514
1788646500000,230.84,230.84,230.71,230.71,52.385925
1788649200000,230.83,230.91,230.76,230.85,527.703316
1788650100000,230.88,230.97,230.87,230.87,3636.225637
1788651000000,230.98,231.01,230.87,230.9,953.521456
1788653700000,230.87,230.93,230.87,230.87,141.930075
1788655500000,231.04,231.05,230.87,230.96,516.087901
1788656400000,230.96,230.96,230.87,230.87,396.060636
1788658200000,231.02,231.02,231.02,231.02,23.79506
1788659100000,231.02,231.02,231.02,231.02,22.87098
1788660000000,231.02,231.04,231.0,231.0,309.195808
1788663600000,231.04,231.16,230.96,230.99,2046.081751
1788664500000,230.99,230.99,230.97,230.97,203.290741
1788666300000,230.97,230.97,230.92,230.92,210.573359
1788667200000,230.92,230.92,230.92,230.92,246.876572
1788668100000,230.92,230.92,230.92,230.92,173.813484
1788669000000,231.08,231.08,231.08,231.08,10.999408
1788669900000,231.08,231.08,230.92,230.99,542.531421
1788670800000,231.04,231.08,230.94,230.94,2235.839682
1788672600000,231.05,231.05,231.05,231.05,10.02757
1788674400000,231.05,231.07,230.97,230.98,1461.427088
1788676200000,230.98,231.13,230.97,231.07,352.468365
1788677100000,231.07,231.1,231.02,231.02,407.922372
1788678000000,231.06,231.15,231.0,231.02,1526.227726
1788678900000,231.12,231.21,231.06,231.06,3932.407013
1788679800000,231.06,231.06,231.02,231.02,183.637928
1788680700000,231.16,231.16,231.16,231.16,69.995248
1788681600000,231.15,231.26,231.15,231.17,471.648012
1788682500000,231.24,231.25,231.17,231.17,934.4407
1788683400000,231.21,231.25,231.13,231.13,909.764711
1788684300000,231.13,231.13,231.09,231.09,352.616793
1788685200000,231.09,231.2,231.09,231.15,399.42772
1788686100000,231.2,231.24,231.15,231.15,620.961285
1788687000000,231.25,231.49,231.25,231.33,2302.337967
1788687900000,231.34,231.39,231.33,231.33,271.980868
1788688800000,231.44,231.46,231.44,231.46,107.945376
1788689700000,231.46,231.46,231.27,231.31,1565.972753
1788690600000,231.31,231.42,231.31,231.42,171.981611
1788691500000,231.37,231.37,231.31,231.31,31.021521
1788692400000,231.41,231.41,231.27,231.37,258.130099
1788693300000,231.37,231.41,231.22,231.22,629.387805
1788694200000,231.22,231.22,231.22,231.22,245.740616
1788695100000,231.39,231.4,231.22,231.4,358.089768
1788696900000,231.22,231.22,231.22,231.22,124.881922
1788697800000,231.41,231.42,231.22,231.34,1256.877008
1788698700000,231.34,231.41,231.32,231.4,1079.208883
1788699600000,231.4,231.41,231.23,231.29,763.459077
1788700500000,231.27,231.31,231.27,231.31,735.91414
1788701400000,231.27,231.31,231.23,231.23,138.51963
1788703200000,231.23,231.33,231.22,231.23,1059.985208
1788704100000,231.26,231.28,231.15,231.15,1269.979835
1788705000000,231.22,231.22,230.98,230.98,1902.479874
1788705900000,230.99,231.27,230.99,231.1,286.758794
1788706800000,231.27,231.34,230.97,230.97,3482.489632
1788707700000,231.09,231.16,230.97,230.99,2013.057826
1788708600000,230.99,231.17,230.97,230.97,42.259143
1788709500000,231.17,231.27,230.97,231.27,652.486806
1788710400000,231.22,231.33,231.17,231.18,2016.797464
1788711300000,231.18,231.27,231.09,231.09,886.077261
1788712200000,231.25,231.34,231.0,231.18,773.173595
1788713100000,231.23,231.25,231.14,231.25,832.426423
1788714000000,231.14,231.34,231.05,231.05,2656.742209
1788714900000,231.05,231.17,231.03,231.09,3020.899641
1788715800000,231.09,231.13,230.95,231.0,3437.133345
1788716700000,231.01,231.09,230.89,230.92,3754.45035
1788717600000,230.97,231.14,230.92,231.02,1644.773483
1788718500000,231.13,231.16,230.96,230.99,1012.191619
1788719400000,231.04,231.06,230.97,230.97,759.924818
1788720300000,230.97,231.11,230.92,230.93,1273.332586
1788721200000,231.02,231.11,230.93,231.02,265.155851
1788722100000,231.02,231.11,231.02,231.02,385.4698
1788723000000,231.1,231.14,231.01,231.01,353.250467
1788723900000,231.14,231.14,231.01,231.14,46.820618
1788724800000,231.15,231.19,231.01,231.19,2079.859456
1788725700000,231.22,231.24,231.02,231.02,1448.635095
1788726600000,231.02,231.22,231.02,231.09,67.177799
1788727500000,231.09,231.12,231.09,231.12,268.265971
1788728400000,231.1,231.25,231.06,231.06,2404.05045
1788729300000,231.01,231.26,231.0,231.01,201.233702
1788730200000,231.0,231.01,231.0,231.01,83.901924
1788731100000,231.01,231.32,230.99,231.32,576.929225
1788732000000,231.16,231.39,230.99,231.18,1386.654805
1788732900000,231.18,231.21,231.16,231.21,83.062147
1788733800000,231.16,231.22,231.16,231.16,231.501767
1788734700000,231.22,231.22,231.16,231.22,135.509516
1788735600000,231.16,231.16,231.14,231.14,41.975286
1788736500000,231.14,231.21,231.07,231.07,185.793916
1788737400000,231.22,231.22,231.07,231.09,436.455725
1788738300000,231.09,231.09,231.09,231.09,20.982972
1788739200000,231.14,231.33,231.09,231.23,2625.108715
1788740100000,231.23,231.39,231.14,231.14,2821.265801
1788741000000,231.2,231.28,231.09,231.28,1751.841395
1788741900000,231.2,231.33,231.13,231.13,964.213094
1788742800000,231.16,231.66,230.66,230.68,60510.159625
1788743700000,230.68,230.92,230.51,230.8,10081.542574
1788744600000,230.95,231.12,230.81,231.12,10414.599514
1788745500000,231.01,231.21,230.94,230.98,4921.61779
1788746400000,230.98,231.25,230.96,231.25,703.527441
1788747300000,231.19,231.31,231.12,231.21,854.807491
1788748200000,231.25,231.44,231.21,231.34,2186.801706
1788749100000,231.44,231.47,231.32,231.32,3246.323966
1788750000000,231.45,231.47,231.32,231.32,195.673155
1788750900000,231.52,231.52,231.32,231.32,85.534104
1788751800000,231.5,231.5,231.32,231.32,1224.898598
1788752700000,231.45,231.53,231.33,231.46,2072.03945
1788753600000,231.5,231.69,231.4,231.69,1400.127381
1788754500000,231.68,231.68,231.47,231.47,196.196671
1788755400000,231.68,231.68,231.47,231.6,135.646453
1788756300000,231.6,231.61,231.46,231.46,346.955421
1788757200000,231.47,231.54,231.46,231.46,2018.320675
1788758100000,231.46,231.56,231.46,231.56,324.47703
1788759000000,231.56,231.6,231.46,231.6,1171.718507
1788759900000,231.66,231.69,231.45,231.61,924.84548
1788760800000,231.61,231.61,231.49,231.49,358.16661
1788761700000,231.49,231.63,231.47,231.48,2294.630615
1788762600000,231.63,231.7,231.45,231.46,135.073251
1788763500000,231.7,231.82,231.55,231.82,6874.49071
1788764400000,231.86,232.06,231.83,231.88,9560.179326
1788765300000,232.08,232.08,231.96,231.96,103.991364
1788766200000,231.92,232.14,231.87,232.1,1227.868873
1788767100000,232.04,232.1,232.02,232.1,458.061296
1788768000000,232.1,232.54,232.06,232.37,6111.494568
1788768900000,232.54,232.64,232.43,232.64,1990.153585
1788769800000,232.73,232.81,232.73,232.74,1448.259739
1788770700000,232.74,232.87,232.73,232.78,1273.948576
1788771600000,232.78,232.86,232.61,232.61,2279.302279
1788772500000,232.68,232.85,232.35,232.4,4680.853649
1788773400000,232.38,232.43,232.22,232.22,2024.147058
1788774300000,232.28,232.35,232.18,232.24,2136.596091
1788775200000,232.24,232.24,232.11,232.11,503.917891
1788776100000,232.28,232.35,232.09,232.3,2791.040061
1788777000000,232.18,232.34,232.17,232.19,3384.946666
1788777900000,232.27,232.27,232.27,232.27,24.992252
1788778800000,232.18,232.27,232.18,232.19,626.041072
1788779700000,232.27,232.29,232.18,232.19,4368.97859
1788780600000,232.28,232.29,232.18,232.18,4464.817615
1788781500000,232.28,232.29,232.18,232.18,15245.929122
1788782400000,232.18,232.32,232.17,232.27,5292.306376
1788783300000,232.26,232.26,232.07,232.07,756.692678
1788784200000,232.12,232.25,232.06,232.07,3326.625114
1788785100000,232.07,232.29,232.07,232.2,1604.998528
1788786000000,232.24,232.27,232.19,232.19,264.799361
1788786900000,232.2,232.28,231.95,231.95,169.394986
1788787800000,232.21,232.21,231.95,231.95,1880.848122
1788788700000,232.0,232.0,231.94,231.95,2372.863294
1788789600000,231.94,232.23,231.94,232.13,598.215249
1788790500000,232.07,232.1,231.94,231.97,2387.625275
1788791400000,232.0,232.02,231.93,231.93,516.302107
1788792300000,231.99,232.08,231.93,232.08,861.532887
1788793200000,232.08,232.08,232.04,232.04,363.072636
1788794100000,232.04,232.06,231.92,231.92,1507.193852
1788795000000,231.92,231.92,231.84,231.84,1924.548702
1788795900000,231.88,231.88,231.84,231.88,286.022836
1788796800000,231.91,231.93,231.84,231.93,1062.475772
1788797700000,231.84,231.93,231.83,231.83,1437.654815
1788798600000,231.93,231.93,231.83,231.83,251.657509
1788799500000,231.92,231.92,231.83,231.83,647.144068
1788800400000,231.85,231.93,231.81,231.93,2363.615143
1788801300000,231.81,231.93,231.81,231.81,342.885078
1788802200000,231.82,231.93,231.81,231.82,2383.743818
1788803100000,231.93,231.93,231.81,231.93,628.957773
1788804000000,231.93,231.93,231.81,231.82,382.129406
1788804900000,231.93,231.93,231.81,231.82,573.778123
1788805800000,231.93,232.06,231.79,231.79,1026.813204
1788806700000,231.87,232.02,231.79,231.79,2622.72763
1788809400000,231.79,232.06,231.79,231.91,126.558322
1788810300000,231.96,232.0,231.89,231.96,827.996867
1788811200000,231.86,231.94,231.83,231.83,829.496847
1788812100000,231.95,231.95,231.79,231.79,477.426097
1788816600000,231.79,231.92,231.79,231.83,1649.417315
1788817500000,231.89,231.91,231.83,231.83,530.829295
1788819300000,231.83,231.83,231.79,231.79,314.59737
1788820200000,231.79,231.79,231.64,231.64,3808.599698
1788821100000,231.66,231.66,231.61,231.61,1591.851387
1788822000000,231.61,231.63,231.61,231.63,660.1005
1788822900000,231.68,231.68,231.59,231.59,572.473251
1788823800000,231.59,231.59,231.47,231.47,584.073324
1788824700000,231.6,231.64,231.47,231.47,412.730304
1788825600000,231.05,231.11,230.48,230.63,15375899.97
1788826500000,230.63,232.13,230.55,232.0,17199305.29
1788827400000,232.0,232.14,231.78,231.79,11121067.36
1788828300000,231.77,232.12,231.71,231.83,6660040.89
1788829200000,231.84,232.05,231.62,232.03,4603306.63
1788830100000,232.03,232.07,231.9,232.0,3754532.79
1788831000000,232.0,232.43,231.88,232.42,12154258.8
1788831900000,232.42,232.76,232.3,232.51,11113632.87
1788832800000,232.53,232.74,232.4,232.59,5983183.56
1788833700000,232.57,232.6,232.27,232.5,4565617.59
1788834600000,232.54,232.61,232.34,232.39,6400557.75
1788835500000,232.4,232.51,232.2,232.27,4192146.69
1788836400000,232.27,232.65,232.23,232.64,3163566.02
1788837300000,232.64,232.75,232.6,232.75,3746837.38
1788838200000,232.74,232.95,232.68,232.83,4558358.07
1788839100000,232.83,233.0,232.83,232.96,5547722.17
1788840000000,232.96,233.06,232.78,232.81,3999382.62
1788840900000,232.81,233.0,232.77,232.9,2109854.43
1788841800000,232.91,233.04,232.77,232.89,2919324.54
1788842700000,232.93,233.03,232.91,232.92,2102605.23
1788843600000,232.95,233.0,232.23,232.29,5152217.2
1788844500000,232.29,232.74,232.17,232.4,3914962.25
1788845400000,232.4,232.42,232.09,232.1,4024638.16
1788846300000,232.1,232.16,231.82,231.91,3914397.58
1788847200000,231.9,231.95,231.57,231.6,6491171.54
1788848100000,231.61,231.71,231.41,231.45,7119016.96
1788849000000,231.42,231.73,231.33,231.53,5173075.98
1788849900000,231.54,231.6,231.13,231.23,5275744.65
1788850800000,231.25,231.66,231.19,231.52,7731415.39
1788851700000,231.49,231.72,231.22,231.56,6051594.47
1788852600000,231.57,231.59,231.13,231.25,1519921.46
1788853500000,231.25,231.5,231.22,231.28,3864321.37
1788854400000,231.0,233.0502,230.3177,230.73,154406138.44606167
1788855300000,230.7578,230.94,230.6512,230.808,10473933.751522027
1788856200000,230.73,230.8488,230.5,230.58,15291384.426252393
1788857100000,230.57,230.8852,230.37,230.5488,7400759.237508717
1788858000000,230.47,231.0,230.31,230.936,12067364.670491247
1788858900000,230.9443,231.0,230.8025,230.95,10824259.300460933
1788859800000,230.99,231.68,230.9512,231.384,25709801.65781332
1788860700000,231.39,231.76,231.3042,231.75,12630701.013354698
1788861600000,231.74,231.88,231.4457,231.5843,20002211.270392492
1788862500000,231.5843,231.98,231.48,231.7,16817224.52906982
1788863400000,231.6427,231.75,231.2,231.6772,18969683.16106874
1788864300000,231.67,231.7072,230.9047,231.18,25607679.041674487
1788865200000,231.19,231.34,230.36,230.8467,67630510.75025338
1788866100000,230.8204,231.25,230.8,231.08,26335204.038403023
1788867000000,231.08,231.29,230.8,230.85,30245768.865350373
1788867900000,230.86,231.73,230.75,231.71,40002394.22272965
1788868800000,231.69,231.7,231.35,231.36,60682302.34904858
1788869700000,231.3612,231.89,231.3017,231.8,36601394.54710042
1788870600000,231.818,232.31,231.76,231.99,56252436.29620672
1788871500000,232.0,232.6,231.99,232.2441,82994247.19967604
1788872400000,232.2457,232.65,232.1852,232.61,47242956.08796579
1788873300000,232.62,233.23,232.4305,233.14,82914447.31012617
1788874200000,233.21,233.71,229.46,229.765,2958065922.168336
1788875100000,229.78,230.47,229.06,229.5712,1422162459.296868
1788876000000,229.58,229.7099,228.06,228.4906,1269968075.020488
1788876900000,228.51,228.7,227.63,227.9423,1151181624.9208739
1788877800000,227.96,227.96,227.1,227.44,1056510639.9859977
1788878700000,227.44,227.45,226.77,227.055,918166588.5214612
1788879600000,227.06,227.8,226.92,227.3801,1040922794.028251
1788880500000,227.3897,227.57,226.3744,226.8716,1078079915.5661438
1788881400000,226.875,227.14,226.34,226.9146,666895789.1083204
1788882300000,226.92,226.96,226.07,226.26,832144816.5831394
1788883200000,226.27,226.48,225.87,226.0522,779869155.8261123
1788884100000,226.06,226.09,225.57,225.66,664761524.5616454
1788885000000,225.67,226.175,225.55,225.83,664173520.2657204
1788885900000,225.84,226.2,225.6,225.75,687957949.8490708
1788886800000,225.75,226.3699,225.73,226.0767,501144728.9049066
1788887700000,226.0799,226.22,225.46,225.65,580834479.2859144
1788888600000,225.67,226.26,225.65,225.895,453658793.423989
1788889500000,225.898,226.14,225.76,225.765,409557043.6327426
1788890400000,225.7662,226.035,225.71,225.885,323404136.91228986
1788891300000,225.89,226.15,225.845,226.08,325676596.52656144
1788892200000,226.08,226.3999,225.8161,226.21,526982847.39293337
1788893100000,226.205,226.23,225.25,225.675,743575721.2183535
1788894000000,225.68,225.77,225.42,225.55,517457793.3322
1788894900000,225.555,225.635,225.3,225.55,480580337.5677962
1788895800000,225.55,225.9,225.31,225.575,697043942.9657766
1788896700000,225.58,225.9,224.85,225.73,1956186158.4402564
1788897600000,225.89,225.94,225.51,225.751,4084070404.6870894
1788898500000,225.75,225.78,225.53,225.58,126606899.27384791
1788899400000,225.57,225.69,225.55,225.5964,106804536.01313901
1788900300000,225.57,225.77,225.5501,225.75,10191877.856697848
1788901200000,225.75,225.77,225.45,225.721,11879835.161941031
1788902100000,225.729,225.73,225.62,225.64,26260984.3781258
1788903000000,225.64,225.69,225.62,225.6456,757350927.3439524
1788903900000,225.6456,225.652,225.45,225.61,4868658.891880169
1788904800000,225.5776,225.73,225.4124,225.7044,20347872.88054437
1788905700000,225.7,225.81,225.58,225.75,9934192.8673938
1788906600000,225.75,225.98,225.7,225.89,15469832.955446023
1788907500000,225.91,226.0,225.82,225.9576,16597233.17979381
1788908400000,225.9576,225.99,225.8012,225.84,6388620.332103271
1788909300000,225.84,225.89,225.7,225.71,11567733.574160948
1788910200000,225.69,225.72,225.34,225.36,14081666.523008497
1788911100000,225.4,225.53,225.2,225.31,22106837.17537484
1788912000000,225.28,225.84,225.28,225.69,1740907.31
1788912900000,225.67,225.68,225.5,225.6,854793.98
1788913800000,225.56,225.75,225.48,225.73,742636.9
1788914700000,225.76,226.0,225.61,225.97,1889554.79
1788915600000,225.96,226.08,225.73,225.79,3892220.78
1788916500000,225.81,226.05,225.78,226.0,1424978.24
1788917400000,225.96,226.15,225.92,226.03,1556118.34
1788918300000,226.03,226.07,225.82,225.92,1637121.74
1788919200000,225.91,226.05,225.89,225.93,1487218.54
1788920100000,225.93,225.98,225.8,225.94,1085825.31
1788921000000,225.95,226.15,225.93,226.15,1222774.77
1788921900000,226.14,226.34,226.09,226.09,3553011.35
1788922800000,226.1,226.11,225.9,225.96,1038138.03
1788923700000,225.95,226.12,225.95,226.04,953948.56
1788924600000,226.07,226.12,226.01,226.08,717163.84
1788925500000,226.05,226.08,225.81,225.81,406666.73
1788926400000,225.83,226.05,225.75,225.81,883651.64
1788927300000,225.85,226.05,225.81,226.0,364237.38
1788928200000,225.98,226.05,225.94,226.05,1154779.96
1788929100000,226.05,226.1,225.99,226.08,1027406.58
1788930000000,226.08,226.09,226.02,226.04,418435.6
1788930900000,226.03,226.04,225.91,225.93,1016521.26
1788931800000,226.0,226.06,225.9,225.95,1773267.83
1788932700000,225.97,226.09,225.93,226.05,1078237.75
1788933600000,226.09,226.29,226.05,226.23,3094620.34
1788934500000,226.2,226.32,226.04,226.1,2209032.35
1788935400000,226.1,226.18,226.07,226.17,787594.0
1788936300000,226.17,226.18,226.01,226.08,816359.83
1788937200000,226.05,226.21,225.89,226.0,2248155.07
1788938100000,226.01,226.3,225.88,226.29,1673854.69
1788939000000,226.28,226.3,226.16,226.27,1032837.11
1788939900000,226.28,226.28,226.1,226.25,1043975.14
1788940800000,226.08,226.4791,225.73,226.116,50528521.4387263
1788941700000,226.116,226.4012,226.0,226.3797,10658953.434830999
1788942600000,226.29,226.4425,225.8705,225.89,10028791.896400498
1788943500000,225.89,226.2157,225.8237,226.09,5289110.29185945
1788944400000,226.08,226.15,225.8452,225.97,6735760.400516942
1788945300000,225.9512,226.0557,225.6512,225.82,7042195.933246184
1788946200000,225.8,225.94,225.3,225.33,11290274.52310264
1788947100000,225.31,225.5145,224.06,224.2,25837481.587460812
1788948000000,224.2,224.6137,223.9232,224.32,20091941.944425102
1788948900000,224.26,224.6,224.05,224.495,22777767.08346294
1788949800000,224.51,224.8665,224.2683,224.41,11679651.9515245
1788950700000,224.44,224.6,224.15,224.39,15816620.698288579
1788951600000,224.39,224.95,224.2,224.56,41953763.891497314
1788952500000,224.55,224.8285,224.3,224.68,26444779.366611175
1788953400000,224.67,224.95,224.5,224.768,19835926.374169555
1788954300000,224.76,225.35,224.7025,224.864,30296727.0325914
1788955200000,224.88,224.95,224.31,224.366,22253287.29651717
1788956100000,224.324,224.8,224.32,224.48,19227889.102057107
1788957000000,224.44,224.77,224.38,224.6,21056436.217169356
1788957900000,224.6164,224.79,224.51,224.6287,13693486.74055177
1788958800000,224.58,224.8967,224.51,224.68,21011693.006365053
1788959700000,224.65,225.3422,224.27,225.3,39647137.51584287
1788960600000,225.155,226.18,224.5601,224.77,1455441278.843951
1788961500000,224.775,225.33,224.4,224.8501,944467888.4172561
1788962400000,224.855,224.9,223.82,224.25,846412760.1814475
1788963300000,224.245,225.39,223.55,224.885,1116267665.3672562
1788964200000,224.875,225.38,224.13,224.455,749791163.6002537
1788965100000,224.46,224.77,224.08,224.465,531701551.57261485
1788966000000,224.47,224.82,224.17,224.29,605708053.3923497
1788966900000,224.3,224.62,223.51,223.5901,1056907925.5326895
1788967800000,223.6,224.63,223.58,224.18,569937158.6466918
1788968700000,224.18,224.465,224.12,224.44,355976351.19000417
1788969600000,224.48,224.51,223.865,223.89,327747586.3112635
1788970500000,223.88,223.96,223.69,223.86,365022673.0585201
1788971400000,223.86,224.18,223.75,224.16,245774649.43253514
1788972300000,224.16,224.4099,224.02,224.06,269448286.8415318
1788973200000,224.05,224.49,223.905,224.4105,290170205.5114152
1788974100000,224.415,224.415,224.19,224.27,252569782.44850218
1788975000000,224.27,224.38,224.051,224.34,236874110.448182
1788975900000,224.33,224.39,224.115,224.235,225748032.3873767
1788976800000,224.235,224.42,224.05,224.12,223526292.71033013
1788977700000,224.12,224.26,223.9,224.195,266054015.10326555
1788978600000,224.195,224.24,224.09,224.157,188912979.52876607
1788979500000,224.15,224.205,223.63,223.67,330073187.12838316
1788980400000,223.675,224.18,223.46,223.6201,507850268.67207456
1788981300000,223.625,224.375,223.57,224.135,506994828.607633
1788982200000,224.14,224.24,223.7403,223.8368,464311843.8716619
1788983100000,223.82,224.03,223.5,223.67,1248003210.5881953
1788984000000,223.76,224.0,223.6012,223.7755,2690059204.651766
1788984900000,223.75,223.8,223.65,223.77,20862919.61344049
1788985800000,223.74,223.76,223.69,223.71,9506929.164109172
1788986700000,223.7177,223.72,223.63,223.68,10642673.327443255
1788987600000,223.68,223.72,223.65,223.659,5432454.453825946
1788988500000,223.655,223.68,223.62,223.65,5676916.341480645
1788989400000,223.68,223.68,223.6,223.6,4299970.361306552
1788990300000,223.6412,223.65,223.51,223.58,1516595364.0994964
1788991200000,223.6,223.67,223.47,223.56,9054027.961974604
1788992100000,223.5102,223.6262,223.46,223.46,13371277.031034585
1788993000000,223.4855,223.67,223.46,223.63,5711481.355416351
1788993900000,223.63,223.65,223.51,223.5441,4884347.458279778
1788994800000,223.54,223.58,223.5,223.5295,4870348.421739007
1788995700000,223.5105,223.59,223.5,223.5045,5507039.972995673
1788996600000,223.5299,223.53,223.45,223.5292,6201165.537771614
1788997500000,223.55,223.67,223.47,223.6277,8025856.031501885
1788998400000,223.6,223.78,223.51,223.58,2605157.47
1788999300000,223.58,223.65,222.95,223.35,5286368.09
1789000200000,223.36,223.39,223.2,223.37,1377510.76
1789001100000,223.34,223.35,223.11,223.12,679274.7
1789002000000,223.12,223.27,222.77,222.92,2198873.17
1789002900000,222.98,223.13,222.5,222.56,2558965.02
1789003800000,222.59,222.8,222.47,222.78,1981738.52
1789004700000,222.78,222.9,222.66,222.89,1457655.24
1789005600000,222.88,222.98,222.71,222.79,1079567.58
1789006500000,222.83,222.83,222.55,222.65,1416783.26
1789007400000,222.62,223.05,222.57,222.89,1690454.86
1789008300000,222.9,223.09,222.88,223.0,1134588.84
1789009200000,223.01,223.1,222.99,223.0,1215187.65
1789010100000,223.04,223.09,222.9,223.09,853895.12
1789011000000,223.07,223.14,222.98,223.06,869342.07
1789011900000,223.09,223.14,223.03,223.13,407590.62
1789012800000,223.13,223.15,223.07,223.07,279794.38
1789013700000,223.09,223.11,223.0,223.03,1022032.03
1789014600000,223.02,223.03,222.91,222.91,927615.19
1789015500000,222.9,223.2,222.87,223.17,990633.96
1789016400000,223.2,223.3,223.1,223.3,837530.66
1789017300000,223.3,223.3,223.16,223.23,926849.31
1789018200000,223.23,223.43,223.19,223.36,1512007.91
1789019100000,223.36,223.46,223.07,223.21,1864543.25
1789020000000,223.19,223.29,222.87,222.87,1840893.78
1789020900000,222.87,223.01,222.7,223.01,1319377.0
1789021800000,223.04,223.2,222.91,223.11,1897716.2
1789022700000,223.11,223.26,223.04,223.15,881732.72
1789023600000,223.14,223.16,222.95,223.0,562287.52
1789024500000,223.03,223.08,222.85,222.85,1415062.93
1789025400000,222.86,222.93,222.69,222.84,2593978.45
1789026300000,222.83,222.95,222.76,222.77,1006674.14
1789027200000,222.77,223.67,222.6165,223.0067,49976580.60926454
1789028100000,223.0067,223.6,222.833,223.4172,10752477.69380492
1789029000000,223.4172,223.599,223.2,223.2975,11024569.027503546
1789029900000,223.2975,223.3687,223.05,223.2377,2656532.285728894
1789030800000,223.2377,223.46,223.0925,223.4587,4895364.247367955
1789031700000,223.4587,223.569,223.39,223.5467,11315374.036828712
1789032600000,223.5467,223.5467,223.0,223.2392,4900035.644294772
1789033500000,223.2392,223.4988,223.175,223.2975,3820607.588114914
1789034400000,223.2975,223.4845,223.1035,223.2867,2388793.7222352806
1789035300000,223.2867,223.2965,223.05,223.2742,3377674.32898664
1789036200000,223.2742,223.2742,222.75,223.0662,12531528.328185888
1789037100000,223.0662,223.2,222.76,223.056,7385806.997714909
1789038000000,223.056,223.18,222.51,222.8282,27906786.620926313
1789038900000,222.8282,222.83,222.4312,222.5975,20783423.57794174
1789039800000,222.5025,222.765,222.4222,222.499,10125371.044179143
1789040700000,222.499,222.5,222.07,222.2185,32182464.927789487
1789041600000,222.2185,222.49,221.79,222.2547,44126414.93014331
1789042500000,222.2547,222.26,221.653,221.97,43345406.14580481
1789043400000,222.0462,222.22,220.76,220.899,559287962.756091
1789044300000,220.899,220.95,220.23,220.2792,328804223.428926
1789045200000,220.2784,220.8,220.2543,220.599,87612978.63786255
1789046100000,220.599,221.178,220.25,220.54,116069228.80920997
1789047000000,220.485,220.99,218.29,218.305,2375843315.45413
1789047900000,218.31,218.898,217.2,217.377,1410264120.1222765
1789048800000,217.375,218.42,217.29,217.99,838141244.494418
1789049700000,217.98,219.06,217.855,218.23,962513262.7869797
1789050600000,218.23,218.52,217.97,218.33,707387197.9159485
1789051500000,218.315,218.57,217.76,218.145,692005641.3662363
1789052400000,218.15,218.59,217.93,218.3299,624684032.5803341
1789053300000,218.32,218.495,217.8,218.15,477754648.28301966
1789054200000,218.1436,219.0,218.01,218.735,630551695.4872411
1789055100000,218.735,219.12,218.5,218.78,502844682.7778302
1789056000000,218.8,219.19,218.3,218.32,561498313.9482137
1789056900000,218.33,218.72,217.53,217.75,648969841.4374778
1789057800000,217.75,218.43,217.64,218.43,533641681.5514421
1789058700000,218.4399,218.895,218.417,218.75,339317866.34067976
1789059600000,218.76,219.13,218.62,218.74,393179355.8999
1789060500000,218.75,218.8498,218.45,218.69,278987811.17724353
1789061400000,218.685,218.685,218.12,218.36,390811461.4399338
1789062300000,218.3672,218.62,218.295,218.3709,253364127.58024615
1789063200000,218.35,218.53,218.02,218.1807,297776483.6138031
1789064100000,218.1705,218.32,218.03,218.035,237555760.23515663
1789065000000,218.0301,218.085,217.745,217.9128,381666936.80493623
1789065900000,217.92,218.45,217.825,218.2308,386201247.91651285
1789066800000,218.23,218.29,217.69,217.97,455815649.8248291
1789067700000,217.97,218.3846,217.97,218.3,383213474.61618876
1789068600000,218.3099,218.75,218.2001,218.46,770699880.6106431
1789069500000,218.47,218.94,218.22,218.36,1259898813.335484
1789070400000,218.4,218.58,218.13,218.578,3472179305.6594715
1789071300000,218.5,218.659,218.36,218.5087,42029011.691372074
1789072200000,218.5088,218.5585,218.3,218.4792,21901430.445168752
1789073100000,218.4792,218.4995,218.33,218.4275,11170343.52150772
1789074000000,218.4275,220.0,218.3325,219.4462,118723879.38431214
1789074900000,219.4462,219.4475,218.75,218.848,205184159.19248557
1789075800000,218.848,218.9862,218.505,218.695,11181201.876481092
1789076700000,218.695,218.8267,218.3625,218.7685,1538293072.4464862
1789077600000,218.7685,218.9,218.69,218.8782,10938147.651578503
1789078500000,218.8782,218.9,218.5,218.6462,7183024.159639731
1789079400000,218.6462,218.69,218.35,218.3697,14597557.439107008
1789080300000,218.3697,218.673,218.31,218.3985,5793504.250494102
1789081200000,218.3985,218.478,218.25,218.3585,8555691.67195482
1789082100000,218.3585,218.36,218.1656,218.288,6821268.894649583
1789083000000,218.288,218.36,218.1,218.1195,9552646.643998317
1789083900000,218.1195,218.2,217.69,217.76,15754198.125712464
1789084800000,217.97,218.57,217.85,218.16,4135862.87
1789085700000,218.16,218.37,218.0,218.34,1796925.28
1789086600000,218.34,218.57,218.16,218.27,2257245.04
1789087500000,218.29,218.57,218.27,218.57,998291.1
1789088400000,218.56,218.86,218.5,218.69,5518781.58
1789089300000,218.69,218.69,218.45,218.45,2504762.08
1789090200000,218.48,218.58,218.16,218.29,5344326.34
1789091100000,218.29,218.43,218.22,218.41,843499.32
1789092000000,218.45,218.56,218.35,218.52,530136.67
1789092900000,218.52,218.52,218.3,218.36,1003486.6
1789093800000,218.35,218.38,218.15,218.19,1427262.1
1789094700000,218.19,218.4,218.17,218.2,947003.14
1789095600000,218.18,218.27,218.04,218.17,1026524.99
1789096500000,218.15,218.3,218.08,218.2,1797511.44
1789097400000,218.2,218.33,218.06,218.28,835914.55
1789098300000,218.31,218.32,217.91,217.98,2571797.6
1789099200000,217.98,218.15,217.79,218.1,1724589.66
1789100100000,218.16,218.43,218.06,218.35,2159494.12
1789101000000,218.37,218.72,218.36,218.69,2346390.06
1789101900000,218.67,218.78,218.3,218.31,2672599.1
1789102800000,218.31,218.6,218.24,218.6,840149.58
1789103700000,218.6,218.64,218.41,218.42,1080964.6
1789104600000,218.45,218.88,218.45,218.86,2776897.62
1789105500000,218.86,219.34,218.78,219.21,4154900.73
1789106400000,219.21,219.58,219.17,219.58,4323729.81
1789107300000,219.57,219.57,219.39,219.4,3100983.88
1789108200000,219.41,219.55,219.32,219.35,3081697.63
1789109100000,219.37,219.88,219.36,219.87,5311125.83
1789110000000,219.85,219.9,219.65,219.68,5623040.44
1789110900000,219.72,220.09,219.6,219.69,7777527.39
1789111800000,219.7,219.82,219.63,219.68,2600394.46
1789112700000,219.68,219.68,219.52,219.59,1612845.12
1789113600000,218.15,220.0485,217.79,219.725,90148306.03457212
1789114500000,219.725,220.3,219.5047,220.099,9453465.726565361
1789115400000,220.099,220.3,220.01,220.127,9838742.814773817
1789116300000,220.127,220.3882,220.013,220.3377,8800510.951991737
1789117200000,220.2987,220.56,219.84,220.0787,15041399.878338033
1789118100000,220.0787,220.4967,220.03,220.2992,11127398.303093705
1789119000000,220.2992,220.3786,220.1112,220.1587,4373094.7219782
1789119900000,220.1587,220.3765,220.11,220.3397,4040652.881988707
1789120800000,220.33,220.5,220.12,220.3585,8921432.567414032
1789121700000,220.3585,220.3982,220.18,220.1995,6412886.293288145
1789122600000,220.1979,220.275,220.11,220.178,5365184.9667223375
1789123500000,220.178,220.27,220.1,220.188,5077290.200624916
1789124400000,220.1,220.2,219.58,219.8292,30883211.304076955
1789125300000,219.8292,220.1382,219.75,219.987,15644263.916104753
1789126200000,219.987,220.05,219.73,219.9082,15868790.275498128
1789127100000,219.9082,219.9082,219.55,219.6477,13824336.8114018
1789128000000,219.58,219.8272,219.1385,219.2567,47555624.00614126
1789128900000,219.2567,219.83,219.12,219.7467,32131074.247973103
1789129800000,219.744,219.92,218.34,219.9192,546160275.9549379
1789130700000,219.9192,221.54,219.8,221.3777,104824525.41708457
1789131600000,221.316,221.89,220.81,220.9787,109202465.56556247
1789132500000,220.9787,221.45,220.7,221.15,42239983.68355335
1789133400000,221.25,221.34,219.0307,220.06,1428932504.481478
1789134300000,220.07,221.71,219.345,221.61,1232455360.27932
1789135200000,221.62,222.0,220.81,221.17,1026725321.8267614
1789136100000,221.17,221.93,220.65,221.6,830751747.407075
1789137000000,221.59,221.59,219.67,219.7881,1005188616.9705
1789137900000,219.78,220.11,219.3,219.47,613875424.2095
1789138800000,219.4299,220.28,219.3616,219.7806,422842505.2940353
1789139700000,219.8,220.575,219.79,220.1801,515994194.71369934
1789140600000,220.18,220.3,219.4201,219.57,649923632.7762194
1789141500000,219.57,219.8399,219.5005,219.685,310552765.1823515
1789142400000,219.68,219.9699,219.55,219.58,329912967.77486414
1789143300000,219.58,219.59,219.09,219.16,367591961.8934385
1789144200000,219.16,219.22,218.65,219.1199,492654638.4946946
1789145100000,219.115,219.24,218.96,219.105,290446503.4888
1789146000000,219.11,219.36,218.9,218.985,393962985.4840271
1789146900000,218.985,219.43,218.94,219.25,297654289.4991
1789147800000,219.256,219.41,219.0,219.29,314517363.8124206
1789148700000,219.3,219.4,219.08,219.145,198678662.1450052
1789149600000,219.14,219.25,219.03,219.2,186111670.28560618
1789150500000,219.1874,219.5599,219.095,219.51,301685860.8481636
1789151400000,219.505,220.01,219.49,219.65,601947893.3131
1789152300000,219.655,219.6699,219.24,219.35,321702363.4358985
1789153200000,219.34,219.445,218.8107,219.11,475608160.94141936
1789154100000,219.1001,219.23,218.36,218.41,533843307.3969
1789155000000,218.42,218.84,218.23,218.7658,700267625.7995
1789155900000,218.76,218.85,218.15,218.29,1186830434.6900866
1789156800000,218.17,218.47,218.05,218.3487,2836758040.307598
1789157700000,218.3,218.44,218.3,218.369,13902664.438612897
1789158600000,218.369,218.42,218.31,218.3797,18109207.16450441
1789159500000,218.3797,218.4,218.35,218.3987,234774735.57783654
1789160400000,218.3987,218.4,218.3,218.3492,4761663.008138567
1789161300000,218.3492,218.39,218.32,218.3697,410126582.00118387
1789162200000,218.3697,218.38,218.36,218.3792,8565521.637078157
1789163100000,218.3795,218.38,218.35,218.3597,3353527.710249699
1789164000000,218.3597,218.39,218.34,218.3595,5407562.230403441
1789164900000,218.3595,218.3787,218.31,218.3397,3548889.5321715884
1789165800000,218.3399,218.35,218.111,218.1892,10475373.70628944
1789166700000,218.1892,218.23,218.16,218.2295,4073497.8898756327
1789167600000,218.23,218.29,218.21,218.2792,3134568.8537839176
1789168500000,218.2695,218.29,218.25,218.2795,4802400.128282074
1789169400000,218.2795,218.29,218.25,218.2697,5688524.46742807
1789170300000,218.2602,218.27,218.17,218.241,13550779.880483637
1789171200000,218.24,218.24,218.21,218.21,44.69248
1789172100000,218.28,218.34,218.25,218.29,780.565364
1789173000000,218.34,218.47,218.29,218.42,1554.774041
1789173900000,218.42,218.44,218.38,218.38,61.941083
1789174800000,218.44,218.5,218.43,218.43,485.632719
1789175700000,218.45,218.45,218.42,218.42,30.974083
1789176600000,218.45,218.53,218.38,218.4,2629.558172
1789177500000,218.53,218.54,218.21,218.23,4200.256954
1789178400000,218.49,218.5,218.36,218.38,298.116159
1789179300000,218.49,218.59,218.34,218.5,5509.387538
1789180200000,218.5,218.62,218.22,218.49,1540.794202
1789181100000,218.49,218.75,218.3,218.75,3118.815261
1789182000000,218.73,218.81,218.57,218.6,1948.039138
1789183800000,218.76,218.76,218.56,218.56,401.89708
1789185600000,218.8,218.9,218.42,218.79,6001.017636
1789186500000,218.8,218.82,218.53,218.65,1426.73993
1789187400000,218.81,218.81,218.64,218.64,30.071534
1789189200000,218.81,218.89,218.27,218.39,1561.529899
1789190100000,218.93,218.93,218.8,218.81,579.662721
1789191000000,218.78,218.88,218.78,218.81,1172.319879
1789191900000,218.84,218.84,218.81,218.81,195.321845
1789194600000,218.81,218.81,218.81,218.81,60.719775
1789195500000,218.81,218.81,218.78,218.78,419.13142
1789196400000,218.81,219.0,218.62,218.95,3042.346643
1789197300000,218.98,219.09,218.53,219.01,5451.117707
1789198200000,219.01,219.01,218.33,218.33,407.725668
1789199100000,219.03,219.03,218.92,218.92,2767.2342
1789200000000,219.0,219.03,218.45,218.45,262.798789
1789200900000,218.96,218.96,218.55,218.96,418.269851
1789201800000,218.96,219.0,218.54,218.54,207.2173
1789202700000,219.01,219.01,218.6,219.01,583.627363
1789203600000,219.01,219.09,218.29,218.34,5282.05767
1789204500000,219.04,219.12,218.34,218.38,1123.303132
1789205400000,218.3,219.02,218.3,218.46,252.300506
1789206300000,219.03,219.03,218.49,218.49,36.758733
1789207200000,219.06,219.11,218.46,218.49,1479.414119
1789208100000,218.49,219.12,218.49,219.12,419.197978
1789209000000,219.11,219.12,218.39,218.43,164.327453
1789209900000,218.43,219.03,218.43,219.03,198.707325
1789210800000,219.0,219.1,218.54,218.56,2761.701342
1789211700000,218.51,219.05,218.51,219.03,385.913288
1789212600000,218.59,219.01,218.52,218.99,1636.946725
1789213500000,218.6,219.02,218.59,218.66,3588.908203
1789214400000,218.64,218.64,218.64,218.64,100.005936
1789215300000,218.97,219.01,218.64,218.9,8157.082336
1789216200000,218.97,219.13,218.9,218.91,3795.918578
1789217100000,219.02,219.07,218.54,218.59,4867.571627
1789218000000,218.61,219.04,218.61,218.72,6005.853338
1789218900000,219.0,219.07,218.72,219.06,3091.347125
1789219800000,218.82,219.13,218.68,219.12,1764.488609
1789220700000,218.8,219.13,218.33,219.09,3079.766642
1789221600000,218.46,219.1,218.46,218.8,2400.121981
1789222500000,219.08,219.11,218.38,218.88,2942.356671
1789223400000,218.87,218.92,218.36,218.92,2834.540086
1789224300000,218.42,219.0,218.41,218.76,2183.843033
1789225200000,218.98,219.14,218.69,218.89,7129.077147
1789226100000,218.93,219.1,218.71,219.05,3215.99361
1789227000000,219.02,219.04,218.53,219.01,4301.837895
1789227900000,218.96,219.03,218.75,219.01,3213.269917
1789228800000,218.96,219.15,218.94,219.06,6891.416871
1789229700000,219.02,219.08,218.93,219.02,6567.694405
1789230600000,218.93,219.08,218.9,219.02,6472.20527
1789231500000,219.07,219.17,218.9,219.13,1887.305635
1789232400000,218.97,219.17,218.91,218.91,305.689215
1789235100000,219.07,219.07,218.89,218.9,702.540066
1789236000000,219.02,219.03,218.33,218.57,5488.404774
1789236900000,218.98,218.99,218.65,218.68,698.427862
1789237800000,218.97,219.1,218.52,218.73,279.574721
1789238700000,219.02,219.04,218.44,218.71,469.487871
1789239600000,219.0,219.06,218.32,218.7,1717.404545
1789240500000,219.03,219.03,218.7,218.74,5173.044992
1789241400000,218.84,219.02,218.53,218.94,5293.78435
1789242300000,218.94,218.94,218.28,218.74,5465.838852
1789243200000,218.74,218.8,218.28,218.3,6506.177059
1789244100000,218.3,218.74,218.28,218.29,7462.758231
1789245000000,218.29,219.18,218.24,218.25,3092.747045
1789245900000,219.17,219.17,219.17,219.17,19.637632
1789246800000,218.25,218.25,218.25,218.25,50.1975
1789247700000,218.25,219.28,218.24,219.2,51324.075155
1789248600000,219.23,219.23,219.22,219.22,204.186165
1789249500000,219.22,219.22,219.22,219.22,66.116752
1789250400000,219.25,219.26,219.18,219.18,713.709739
1789251300000,219.25,219.28,219.18,219.23,791.350554
1789254000000,219.26,219.27,219.18,219.18,1820.685665
1789255800000,219.28,219.32,219.23,219.23,207.775606
1789256700000,219.25,219.29,219.23,219.23,301.670875
1789258500000,219.26,219.33,219.19,219.19,2488.566421
1789259400000,219.19,219.27,219.19,219.19,1035.052394
1789260300000,219.29,219.29,219.21,219.23,1067.131875
1789261200000,219.26,219.35,219.19,219.25,818.309651
1789262100000,219.24,219.24,219.24,219.24,201.744648
1789263000000,219.25,219.26,219.23,219.23,55.754546
1789263900000,219.26,219.28,219.23,219.23,501.117998
1789264800000,219.26,219.26,219.19,219.2,607.299168
1789265700000,219.27,219.27,219.19,219.19,799.418827
1789266600000,219.27,219.37,219.25,219.37,670.172754
1789267500000,219.27,219.34,219.19,219.24,5431.919083
1789268400000,219.26,219.27,219.23,219.23,1143.385298
1789269300000,219.26,219.3,219.2,219.24,1892.09487
1789270200000,219.26,219.29,219.19,219.2,2417.890445
1789271100000,219.25,219.26,219.25,219.26,188.538148
1789272000000,219.28,219.39,219.19,219.23,5748.143203
1789272900000,219.3,219.4,219.21,219.3,6235.164097
1789273800000,219.27,219.33,219.2,219.29,5551.371766
1789274700000,219.26,219.32,219.22,219.26,1994.734971
1789275600000,219.3,219.35,219.21,219.3,7254.9991
1789276500000,219.25,219.37,219.21,219.31,4015.84476
1789277400000,219.26,219.34,219.21,219.21,1859.40602
1789278300000,219.3,219.3,219.21,219.21,31.967379
1789279200000,219.21,219.21,219.21,219.21,12.012708
1789280100000,219.3,219.34,219.21,219.21,418.160997
1789281000000,219.3,219.31,219.2,219.21,259.378612
1789281900000,219.3,219.31,219.3,219.31,19.978689
1789283700000,219.22,219.31,219.21,219.21,279.77097
1789284600000,219.3,219.3,219.21,219.21,21.969351
1789285500000,219.21,219.3,219.2,219.2,333.9729
1789286400000,219.3,219.31,219.21,219.21,208.844368
1789288200000,219.21,219.21,219.14,219.14,7655.110814
1789289100000,219.2,219.2,218.1,218.13,17446.58028
1789290000000,218.14,218.33,218.04,218.11,7097.375633
1789290900000,218.12,218.33,218.03,218.07,2446.081313
1789291800000,218.07,218.33,218.02,218.03,2872.049439
1789292700000,218.32,218.32,218.02,218.03,265.44698
1789293600000,218.24,218.24,218.02,218.06,204.684815
1789294500000,218.09,218.32,217.89,217.89,45050.322856
1789295400000,217.98,217.99,217.82,217.92,2687.418174
1789296300000,217.96,217.99,217.9,217.9,544.106829
1789297200000,217.98,217.99,217.87,217.9,2593.891253
1789298100000,217.92,217.99,217.74,217.75,7557.068474
1789299000000,217.76,217.76,217.75,217.75,193.277501
1789300800000,217.82,217.84,217.69,217.7,1034.488723
1789301700000,217.77,217.85,217.66,217.7,3889.647415
1789302600000,217.73,217.76,217.69,217.76,677.539879
1789303500000,217.76,217.88,217.48,217.48,91078.757672
1789304400000,217.67,217.67,217.4,217.45,3463.023136
1789305300000,217.48,217.52,217.34,217.38,7482.56277
1789306200000,217.38,217.38,217.36,217.36,4564.659351
1789307100000,217.38,217.38,217.26,217.26,25777.643438
1789308000000,217.26,217.26,217.24,217.26,283.348942
1789308900000,217.26,217.37,217.24,217.29,536.756509
1789309800000,217.29,217.29,217.24,217.24,70.435418
1789310700000,217.29,217.3,217.24,217.24,385.860716
1789311600000,217.29,217.3,217.23,217.3,4298.443644
1789312500000,217.3,217.41,217.24,217.41,6422.760575
1789313400000,217.41,217.41,217.41,217.41,213.953181
1789314300000,217.41,217.41,217.24,217.24,139.955963
1789315200000,217.41,217.41,217.19,217.23,4633.847847
1789316100000,217.28,217.34,217.16,217.25,5740.353263
1789317000000,217.31,217.34,217.15,217.23,8751.059799
1789317900000,217.19,217.31,217.17,217.23,6470.256501
1789318800000,217.2,217.31,217.15,217.22,4994.843141
1789319700000,217.19,217.27,217.14,217.15,10445.67169
1789320600000,217.27,217.28,217.14,217.17,1684.053157
1789322400000,217.23,217.28,217.17,217.18,1063.541768
1789323300000,217.27,217.27,217.18,217.18,20.419123
1789324200000,217.27,217.27,217.17,217.17,58.104771
1789325100000,217.27,217.27,217.27,217.27,19.98884
1789326000000,217.27,217.28,217.24,217.24,259.359878
1789326900000,217.24,217.24,217.18,217.18,120.641848
1789327800000,217.17,217.17,217.17,217.17,164.788596
1789328700000,217.27,217.27,217.27,217.27,19.98884
1789329600000,217.27,217.27,217.27,217.27,21.987724
1789330500000,217.18,217.27,217.16,217.27,354.44679
1789332300000,217.16,217.16,217.16,217.16,7.405156
1789335000000,217.27,217.27,217.16,217.16,85.750146
1789335900000,217.27,217.27,217.15,217.15,172.032726
1789336800000,217.2,217.21,217.18,217.18,355.938465
1789337700000,217.2,217.28,217.15,217.16,1652.074853
1789338600000,217.17,217.2,217.11,217.2,2182.632077
1789339500000,217.11,217.2,217.11,217.2,161.070309
1789340400000,217.2,217.2,217.1,217.1,304.997615
1789341300000,217.08,217.19,217.07,217.07,257.73248
1789342200000,217.19,217.19,217.19,217.19,19.98148
1789343100000,217.19,217.2,216.96,216.96,1332.829792
1789344000000,216.96,216.96,214.5,215.02,34403010.136004
1789344900000,215.02,215.12,214.34,214.42,19015199.46
1789345800000,214.43,214.73,214.28,214.3,8818958.83
1789346700000,214.31,214.54,214.1,214.15,6486452.77
1789347600000,214.14,214.52,214.01,214.3,9615821.9
1789348500000,214.3,214.3,213.96,214.13,9364728.31
1789349400000,214.14,215.0,214.0,214.38,8069462.36
1789350300000,214.39,215.16,214.35,215.12,11316223.55
1789351200000,215.12,215.27,214.9,215.23,5903805.71
1789352100000,215.24,215.24,214.9,215.07,5425006.71
1789353000000,215.07,215.15,214.91,214.94,3031951.33
1789353900000,214.93,215.13,214.91,215.07,2966652.82
1789354800000,215.08,215.11,214.89,214.94,1745645.91
1789355700000,214.96,215.01,214.81,214.92,1762801.2
1789356600000,214.92,214.92,214.69,214.78,4649603.54
1789357500000,214.78,214.87,214.63,214.78,1928516.51
1789358400000,214.79,214.92,214.71,214.85,2884876.21
1789359300000,214.87,214.98,214.79,214.83,1683630.2
1789360200000,214.86,214.93,214.72,214.82,1426996.27
1789361100000,214.82,215.0,214.78,214.9,753309.71
1789362000000,214.9,214.95,214.81,214.89,1052435.63
1789362900000,214.89,214.94,214.72,214.83,1838293.87
1789363800000,214.83,214.93,214.7,214.71,5303533.74
1789364700000,214.76,214.84,214.71,214.82,1995837.86
1789365600000,214.83,214.91,214.63,214.71,4411989.69
1789366500000,214.71,214.71,214.54,214.6,2891565.77
1789367400000,214.59,214.65,214.47,214.53,3803881.27
1789368300000,214.55,214.6,214.06,214.08,4008595.45
1789369200000,214.11,214.11,213.4,213.93,14764013.97
1789370100000,213.94,214.02,213.68,213.77,5663040.95
1789371000000,213.77,213.98,213.6,213.6,3502858.29
1789371900000,213.63,213.81,213.44,213.55,5307872.55
1789372800000,213.94,215.02,213.3917,213.7382,129933056.5941825
1789373700000,213.7357,213.74,212.831,212.878,36065247.38653495
1789374600000,212.878,213.1562,212.8,212.9185,15886700.305949176
1789375500000,212.9185,212.9965,211.95,212.0967,57940202.85388526
1789376400000,212.01,212.25,211.29,211.4995,27737151.926539585
1789377300000,211.4985,211.6982,211.0,211.4982,42494357.013823174
1789378200000,211.4982,211.99,211.44,211.8577,13885832.955788808
1789379100000,211.8582,212.0,211.75,211.928,16243076.939396868
1789380000000,211.928,211.96,211.54,211.7292,17006324.287629537
1789380900000,211.7292,212.18,211.5322,212.009,23309898.387737446
1789381800000,212.009,212.25,211.86,212.1565,14018378.91925011
1789382700000,212.1565,212.35,211.5112,212.3475,38995326.036536455
1789383600000,212.32,212.45,212.05,212.189,185108642.21108305
1789384500000,212.189,213.289,211.92,213.289,117903974.3333084
1789385400000,213.2987,213.389,213.0,213.1663,84834186.55214252
1789386300000,213.1682,213.3975,212.8,212.89,69790088.59232624
1789387200000,212.889,213.06,212.5225,212.8182,81560470.06917772
1789388100000,212.8182,213.15,212.7,212.8195,1084122362.1045337
1789389000000,212.82,212.94,212.18,212.7177,86365721.91015804
1789389900000,212.7177,212.8,212.03,212.0792,42107167.8547219
1789390800000,212.08,212.3,211.73,212.1987,97119844.44527964
1789391700000,212.19,212.63,211.1,211.33,76933383.74998467
1789392600000,211.08,211.385,208.93,209.86,3234443451.9893303
1789393500000,209.86,211.56,209.8463,210.79,1507226118.8751745
1789394400000,210.79,211.7,210.45,211.42,1108250984.2713373
1789395300000,211.425,211.53,210.07,210.455,959728360.8844658
1789396200000,210.45,211.02,210.25,210.52,733826566.054842
1789397100000,210.53,210.86,210.3,210.48,568861545.7360507
1789398000000,210.46,211.26,210.28,210.74,611266871.0652007
1789398900000,210.73,211.6,210.718,211.46,508168036.4914748
1789399800000,211.45,212.2,211.2,212.05,757864924.7414532
1789400700000,212.0575,212.33,211.68,212.1884,552343264.8244246
1789401600000,212.17,212.285,211.6515,211.6899,456092790.1652793
1789402500000,211.7,212.23,211.68,211.79,411219191.9980995
1789403400000,211.77,211.86,211.51,211.86,323377935.0718476
1789404300000,211.855,212.39,211.7,212.105,443630092.708943
1789405200000,212.1099,212.38,212.0589,212.071,288553528.3281
1789406100000,212.07,212.59,211.96,212.58,372136415.10548073
1789407000000,212.59,212.606,212.1667,212.3784,308048381.2809671
1789407900000,212.37,212.77,212.37,212.4101,384276982.5071247
1789408800000,212.42,212.63,212.2,212.46,710512596.4103678
1789409700000,212.46,212.495,212.035,212.095,310490887.52502257
1789410600000,212.11,212.45,212.07,212.4,333594636.328234
1789411500000,212.4,212.58,212.23,212.555,299689181.58906853
1789412400000,212.57,212.62,212.19,212.28,337406429.40945864
1789413300000,212.27,212.36,212.1,212.105,782075962.8168719
1789414200000,212.1,212.2,211.68,212.07,683589193.9941374
1789415100000,212.075,212.4,210.79,210.96,2027608066.5006795
1789416000000,210.93,211.2282,210.29,211.0987,4364564974.524433
1789416900000,211.05,211.55,210.9394,211.5292,72849963.82403497
1789417800000,211.5487,212.4,211.48,212.35,133959284.99350938
1789418700000,212.36,212.75,212.2,212.398,115957647.60399087
1789419600000,212.398,212.4,212.12,212.2095,15919099.424107665
1789420500000,212.2095,212.49,212.17,212.3975,8958180.000235135
1789421400000,212.3975,212.3975,212.17,212.2487,21608640.67887312
1789422300000,212.2487,212.54,212.2,212.539,7888555.325622784
1789423200000,212.51,212.58,212.3,212.4992,11805654.887542015
1789424100000,212.5,212.62,212.3122,212.3977,9248648.440390408
1789425000000,212.3977,212.4499,212.18,212.2295,10146292.12537114
1789425900000,212.2295,212.4,212.2,212.3877,6577676.08901308
1789426800000,212.3877,212.4,212.2,212.3892,5358897.3156121755
1789427700000,212.3892,212.39,212.25,212.2987,6907674.237636122
1789428600000,212.2987,212.3,212.147,212.1695,7964641.4975037845
1789429500000,212.1695,212.17,212.01,212.04,13944460.07507261
1789430400000,212.01,212.26,211.94,212.2,1807184.7
1789431300000,212.22,212.35,212.1,212.28,1614847.17
1789432200000,212.27,212.52,212.26,212.45,2243088.89
1789433100000,212.47,212.53,212.22,212.35,2319018.72
1789434000000,212.38,212.5,212.28,212.47,1361101.64
1789434900000,212.5,212.52,212.38,212.38,1304969.9
1789435800000,212.41,212.51,212.15,212.26,2208516.88
1789436700000,212.26,212.47,212.22,212.39,1471442.37
1789437600000,212.42,212.51,212.37,212.42,1098613.59
1789438500000,212.42,212.45,212.36,212.45,1415462.76
1789439400000,212.45,212.57,212.42,212.53,1443739.98
1789440300000,212.53,212.73,212.52,212.58,3283057.12
1789441200000,212.57,212.67,212.53,212.59,1330290.13
1789442100000,212.59,212.66,212.55,212.61,987735.79
1789443000000,212.62,212.73,212.6,212.64,1095593.8
1789443900000,212.63,212.64,212.45,212.46,4590009.09
1789444800000,212.45,212.57,212.43,212.5,1044199.68
1789445700000,212.5,212.5,212.1,212.11,3650496.34
1789446600000,212.12,212.25,212.0,212.24,3951492.89
1789447500000,212.24,212.33,212.07,212.21,2526243.31
1789448400000,212.21,212.28,211.8,211.84,7088714.43
1789449300000,211.86,211.91,211.6,211.84,2553673.07
1789450200000,211.83,212.27,211.79,212.26,2821182.73
1789451100000,212.26,212.44,212.17,212.27,1229145.38
1789452000000,212.27,212.43,212.16,212.37,1019706.44
1789452900000,212.37,212.5,212.28,212.33,2113991.39
1789453800000,212.33,212.36,212.03,212.1,2923441.26
1789454700000,212.1,212.17,211.97,212.03,2494001.77
1789455600000,212.03,212.17,211.75,211.76,3677174.71
1789456500000,211.76,212.0,211.75,211.87,4799299.41
1789457400000,211.86,211.97,211.68,211.69,2080799.32
1789458300000,211.68,211.86,211.67,211.81,1508195.47
1789459200000,211.81,212.61,210.96,211.1987,68937558.3384773
1789460100000,211.1987,211.6,211.1923,211.4952,11264218.962810054
1789461000000,211.4952,211.4952,211.2014,211.3782,4431959.476264409
1789461900000,211.3782,211.4985,211.2222,211.3977,3919783.968878855
1789462800000,211.3977,211.6845,211.2217,211.5157,6522296.106903812
1789463700000,211.5157,211.75,211.26,211.7465,4894850.458558364
1789464600000,211.7465,211.9188,211.5437,211.917,5410724.281193145
1789465500000,211.917,212.32,211.803,212.188,24091529.31556637
1789466400000,212.188,212.4377,212.112,212.3465,5973749.49374628
1789467300000,212.3465,212.4377,212.082,212.378,6518471.619447121
1789468200000,212.302,212.5,212.2425,212.4172,6738278.085793644
1789469100000,212.4172,212.43,212.1927,212.3795,3998341.4906597966
1789470000000,212.36,212.62,212.34,212.5277,36311940.222693324
1789470900000,212.442,212.54,212.15,212.2792,14710900.338853998
1789471800000,212.2792,212.28,212.01,212.2377,14124773.666389627
1789472700000,212.2377,212.3787,212.1317,212.3085,401411173.752053
1789473600000,212.31,212.5,212.0232,212.4987,24591125.667084243
1789474500000,212.4987,212.7692,212.2217,212.2882,33276340.17637449
1789475400000,212.2882,212.35,211.98,212.3377,25922140.23173606
1789476300000,212.3377,212.96,212.2927,212.5695,35904824.19657669
1789477200000,212.5695,212.84,212.45,212.8135,37302481.8642824
1789478100000,212.8,213.49,212.27,213.45,53285165.81928842
1789479000000,213.09,213.8795,212.5625,213.31,1703976711.4873562
1789479900000,213.315,213.94,212.99,213.26,906671555.910457
1789480800000,213.22,213.3024,212.4105,212.64,958744299.5175973
1789481700000,212.635,212.9,211.96,212.7401,683565000.5907476
1789482600000,212.725,213.06,212.5205,212.71,620050051.4328598
1789483500000,212.71,212.95,211.63,212.035,637244371.5919815
1789484400000,212.035,212.59,212.02,212.2299,416637043.8108027
1789485300000,212.225,212.37,211.98,212.26,330242103.858191
1789486200000,212.2511,212.47,211.9905,212.28,337565633.62754405
1789487100000,212.28,212.44,211.93,212.1799,357639657.9887293
1789488000000,212.19,212.35,211.84,211.842,282337585.4830192
1789488900000,211.8499,212.17,211.805,211.97,327815833.2890581
1789489800000,211.96,212.195,211.71,212.08,301247354.6924
1789490700000,212.075,212.16,211.7,211.77,285975584.1969713
1789491600000,211.775,211.8,211.27,211.425,406302961.8747728
1789492500000,211.425,211.7403,211.16,211.33,357858257.2142785
1789493400000,211.3399,211.79,211.33,211.5499,289903718.1754958
1789494300000,211.56,211.98,211.4701,211.9598,298451585.83834094
1789495200000,211.96,212.11,211.67,211.7,315259262.23003846
1789496100000,211.71,212.2,211.56,212.1,290213778.94820315
1789497000000,212.095,212.33,211.93,212.0124,324361706.93543816
1789497900000,212.02,212.15,211.91,212.1101,269960088.4133732
1789498800000,212.1,212.19,211.88,212.015,271490503.9849512
1789499700000,212.02,212.15,211.89,212.1364,259134262.9343304
1789500600000,212.11,212.17,211.75,211.935,376032638.66055626
1789501500000,211.93,212.3,211.8301,212.17,930441331.6379533
1789502400000,212.15,212.43,212.1112,212.3992,4161748459.7598743
1789503300000,212.37,212.46,212.17,212.3992,20448087.88562814
1789504200000,212.3992,212.65,212.37,212.6295,12238823.129813824
1789505100000,212.6295,212.69,212.57,212.5995,15794868.47464292
1789506000000,212.5995,212.62,212.41,212.5272,7322175.564363469
1789506900000,212.5272,212.53,212.35,212.4377,69343659.76091169
1789507800000,212.3987,212.4,212.2,212.249,453131072.3468183
1789508700000,212.2457,212.4,212.1707,212.3682,7426672.350066893
1789509600000,212.37,212.49,212.25,212.299,12711048.417396095
1789510500000,212.299,212.64,212.26,212.5563,14526801.091828926
1789511400000,212.5987,212.6787,212.55,212.6092,6343267.264866627
1789512300000,212.6092,212.61,212.4281,212.488,9258245.211446334
1789513200000,212.488,212.488,212.3,212.4197,9318856.47297711
1789514100000,212.4197,212.4888,212.17,212.2775,11653671.581562484
1789515000000,212.2775,212.44,212.18,212.439,3292324.343544105
1789515900000,212.439,212.46,212.3012,212.3705,6359953.78377896
1789516800000,212.76,212.76,212.3,212.52,1947482.63
1789517700000,212.5,212.51,212.34,212.38,956326.8
1789518600000,212.37,212.49,212.36,212.39,898102.69
1789519500000,212.41,212.46,212.34,212.37,644403.65
1789520400000,212.37,212.5,212.19,212.5,888578.58
1789521300000,212.48,212.52,212.36,212.36,854051.97
1789522200000,212.34,212.37,212.07,212.09,1662043.49
1789523100000,212.09,212.13,211.85,211.89,2902033.45
1789524000000,211.89,212.19,211.85,212.04,1991150.43
1789524900000,212.06,212.32,212.06,212.32,2334963.94
1789525800000,212.32,212.45,212.26,212.27,1510693.97
1789526700000,212.29,212.44,212.28,212.44,622228.12
1789527600000,212.46,212.91,212.45,212.85,1920580.1
1789528500000,212.85,213.26,212.82,213.08,8679404.97
1789529400000,213.06,213.07,212.75,212.8,2333316.73
1789530300000,212.83,213.05,212.83,213.02,1537168.32
1789531200000,213.02,213.12,213.0,213.07,2752976.85
1789532100000,213.07,213.14,213.02,213.07,2012042.81
1789533000000,213.06,213.07,212.89,212.97,1724700.31
1789533900000,212.95,213.08,212.95,213.0,723421.27
1789534800000,213.0,213.4,212.91,213.27,3334276.92
1789535700000,213.3,213.4,213.18,213.27,746139.63
1789536600000,213.28,213.64,213.22,213.63,2180513.58
1789537500000,213.64,213.75,213.36,213.51,4345363.71
1789538400000,213.52,213.68,213.36,213.59,2625316.33
1789539300000,213.56,213.63,213.3,213.4,2071076.54
1789540200000,213.39,213.5,213.34,213.42,686352.03
1789541100000,213.43,213.64,213.31,213.6,1882269.38
1789542000000,213.6,213.91,213.59,213.87,5154380.86
1789542900000,213.87,213.89,213.75,213.82,1375982.72
1789543800000,213.8,213.9,213.72,213.79,1710833.98
1789544700000,213.79,213.81,213.59,213.68,822094.82
1789545600000,213.83,213.9185,212.17,213.478,71794226.04303026
1789546500000,213.478,213.7075,213.35,213.636,4672950.009112044
1789547400000,213.636,213.6962,213.2,213.408,4044787.5369048305
1789548300000,213.408,213.598,213.203,213.588,2922001.6190694817
1789549200000,213.588,213.6975,213.28,213.3482,3181638.1536527504
1789550100000,213.3482,213.35,213.0512,213.0987,10914981.362120913
1789551000000,213.0987,213.41,213.0512,213.4087,7809889.197352573
1789551900000,213.4087,213.41,213.164,213.3882,3248863.5320628523
1789552800000,213.3882,213.41,213.01,213.24,7166480.729849193
1789553700000,213.2882,213.32,213.15,213.2487,3060662.118623091
1789554600000,213.2487,213.2995,213.15,213.2582,3001547.7102972846
1789555500000,213.2582,213.3857,213.15,213.34,4963252.167120626
1789556400000,213.24,213.5177,213.1,213.1195,20732011.574978817
1789557300000,213.1,213.2292,213.0,213.2092,15406329.499813326
1789558200000,213.2092,213.52,213.161,213.4585,15159192.153699556
1789559100000,213.4585,213.789,213.4001,213.6995,81226583.54314604
1789560000000,213.6995,214.25,213.62,214.039,49449899.194643036
1789560900000,214.039,214.3,213.9512,214.2987,26268887.33000264
1789561800000,214.28,214.495,213.7,213.7585,263181464.7318938
1789562700000,213.71,214.0,213.6,213.867,21895317.06432065
1789563600000,213.8475,214.8852,213.57,213.988,68533665.32301055
1789564500000,213.96,214.36,213.84,214.1,29468691.35614642
1789565400000,214.14,214.36,213.31,213.47,1159408917.4799
1789566300000,213.4875,215.15,213.4844,214.7199,1106278384.4133
1789567200000,214.67,215.25,214.55,214.806,703887486.088385
1789568100000,214.82,215.3,214.7607,215.02,567355836.9281319
1789569000000,215.03,215.35,214.8415,215.2801,523820993.7700948
1789569900000,215.2801,215.5,215.1,215.45,470147717.59548926
1789570800000,215.45,216.3,215.45,215.975,772056789.0276828
1789571700000,215.97,216.085,215.68,215.85,442713044.2889423
1789572600000,215.855,216.29,215.78,216.155,379908557.95486593
1789573500000,216.155,216.76,216.04,216.05,462717556.5408187
1789574400000,216.0517,216.17,215.5001,215.705,388840280.21765196
1789575300000,215.7085,215.97,215.6,215.87,306113103.54499424
1789576200000,215.87,215.97,215.752,215.87,231865918.5179804
1789577100000,215.875,216.19,215.875,216.005,276906913.7550088
1789578000000,216.005,216.005,215.45,215.6701,318381655.69
1789578900000,215.68,215.685,215.23,215.44,296246755.17814106
1789579800000,215.45,215.5,214.72,214.745,314995138.8075241
1789580700000,214.7599,215.33,214.73,215.25,364216470.2933396
1789581600000,215.255,216.445,214.9525,215.67,802607037.3827
1789582500000,215.69,215.9099,215.09,215.5276,446652421.0427
1789583400000,215.52,215.7586,214.1907,215.545,728793651.0137
1789584300000,215.53,215.72,213.69,213.865,833619816.7161
1789585200000,213.87,214.48,212.77,212.995,752219510.0289
1789586100000,213.0071,213.4,212.5,213.35,710774577.6448
1789587000000,213.335,214.0797,213.2,213.66,628969192.4774
1789587900000,213.632,214.45,213.335,213.9,1746505805.1973
1789588800000,213.91,214.48,213.87,214.3682,3471206268.054913
1789589700000,214.3,214.42,213.9,214.2692,31988581.06816015
1789590600000,214.2692,214.389,214.2,214.3882,22544491.05090278
1789591500000,214.3895,215.6948,214.32,214.3895,32840789.030527532
1789592400000,214.3895,215.6948,214.37,214.4487,5487935.144483284
1789593300000,214.4487,214.45,214.39,214.4195,3832269.8138872785
1789594200000,214.4195,214.88,214.4,214.8382,18782541.970243737
1789595100000,214.8382,214.84,214.6,214.7382,14682174.906888135
1789596000000,214.6787,214.7372,214.35,214.6697,15374718.952102475
1789596900000,214.6697,214.84,214.6001,214.8292,8039180.765362987
1789597800000,214.8292,215.25,214.82,215.0977,14878745.160135705
1789598700000,215.0977,215.1867,214.84,214.9182,13622280.886708945
1789599600000,214.9182,215.08,214.85,215.0195,9206253.553705359
1789600500000,215.0195,215.24,215.0,215.1987,10908736.02823955
1789601400000,215.1987,215.3197,215.05,215.3197,5924536.160569878
1789602300000,215.3197,215.8,215.3,215.65,23624447.28510835
1789603200000,215.51,215.88,215.23,215.28,2737475.23
1789604100000,215.29,215.6,215.29,215.46,2585837.74
1789605000000,215.46,215.7,215.45,215.57,2668757.24
1789605900000,215.59,215.6,215.3,215.53,4350021.96
1789606800000,215.5,215.66,215.3,215.38,1857124.37
1789607700000,215.45,215.53,215.41,215.52,1220244.67
1789608600000,215.52,215.66,215.36,215.46,1787817.64
1789609500000,215.5,215.55,215.28,215.35,4909102.83
1789610400000,215.33,215.39,215.24,215.26,1543892.76
1789611300000,215.23,215.46,215.22,215.35,1194196.68
1789612200000,215.35,215.77,215.35,215.73,2016504.17
1789613100000,215.74,215.76,215.55,215.56,673708.09
1789614000000,215.54,215.74,215.53,215.7,706537.68
1789614900000,215.7,215.7,215.61,215.63,1184958.73
1789615800000,215.64,215.72,215.58,215.71,863193.51
1789616700000,215.7,215.78,215.64,215.78,620323.18
1789617600000,215.78,215.79,215.62,215.62,364339.44
1789618500000,215.65,215.72,215.58,215.68,915324.39
1789619400000,215.68,215.81,215.59,215.8,1030195.36
1789620300000,215.8,215.86,215.73,215.8,1964821.53
1789621200000,215.78,215.8,215.67,215.71,743262.18
1789622100000,215.7,215.73,215.61,215.65,651323.07
1789623000000,215.65,215.65,215.4,215.41,1139669.45
1789623900000,215.4,215.51,215.34,215.35,835397.7
1789624800000,215.35,215.56,215.29,215.29,2446724.81
1789625700000,215.29,215.57,215.1,215.56,3136536.78
1789626600000,215.57,215.74,215.54,215.74,1698900.28
1789627500000,215.74,215.79,215.7,215.73,2252379.34
1789628400000,215.72,216.05,215.68,216.05,4248381.12
1789629300000,216.03,216.28,215.98,216.28,5072194.25
1789630200000,216.29,216.49,216.26,216.29,5372700.08
1789631100000,216.28,216.31,216.06,216.15,1489998.39
1789632000000,216.29,216.5885,213.9,216.1975,66234349.73663259
1789632900000,216.1975,216.7595,216.1017,216.7587,12049409.871922448
1789633800000,216.7587,216.89,216.572,216.689,10323160.781791693
1789634700000,216.689,217.1987,216.622,217.0892,14999457.425804146
1789635600000,217.0892,217.4,217.06,217.2585,14258691.25548834
1789636500000,217.25,217.3987,217.09,217.317,7509329.756127008
1789637400000,217.317,217.56,217.23,217.3572,6987022.245772404
1789638300000,217.3572,217.3575,217.1,217.22,7202633.190347071
1789639200000,217.2177,217.2277,216.8,216.9882,16657728.559577007
1789640100000,216.9882,217.2,216.91,217.1087,6902836.883420009
1789641000000,217.1087,217.1087,216.8,216.8487,8628436.700630002
1789641900000,216.8,217.0482,216.7617,217.0465,7134319.044183329
1789642800000,216.965,217.38,216.77,216.9175,30865469.6501551
1789643700000,216.9175,216.92,216.36,216.7987,29082517.645028893
1789644600000,216.75,216.9487,216.64,216.8585,16659608.903244516
1789645500000,216.8585,217.118,216.52,217.0674,19768801.673219346
1789646400000,217.13,217.55,217.09,217.4697,49423984.274093255
1789647300000,217.46,218.18,217.43,218.0975,43024245.061671756
1789648200000,218.0,218.9787,217.9992,218.3992,141209995.27464113
1789649100000,218.37,218.8,218.21,218.51,56601353.54160618
1789650000000,218.51,218.79,218.3,218.5787,35945938.20534489
1789650900000,218.5787,219.0,218.19,218.3924,111180425.68103655
1789651800000,218.388,218.7,217.145,217.82,1728894461.757148
1789652700000,217.83,219.19,217.71,219.03,1202775089.3402
1789653600000,219.0,219.65,218.5,219.495,913204085.1931
1789654500000,219.48,219.85,219.07,219.51,874541620.6448356
1789655400000,219.505,219.87,219.3001,219.35,546448730.7988008
1789656300000,219.35,219.365,218.91,219.13,483870471.6512
1789657200000,219.15,219.47,218.7701,218.8395,430366835.7359879
1789658100000,218.82,219.31,218.8,219.23,377266579.7381
1789659000000,219.2499,219.28,218.94,219.165,268541940.7652444
1789659900000,219.185,219.23,218.71,218.96,303103812.0929958
1789660800000,218.96,219.03,218.62,218.715,282326948.68918586
1789661700000,218.72,219.0,218.69,218.93,566756169.4496604
1789662600000,218.925,219.04,218.72,218.905,473598448.050468
1789663500000,218.915,219.08,218.48,218.7,694612796.546
1789664400000,218.705,219.19,218.68,218.9,234975816.2247079
1789665300000,218.93,219.02,218.78,218.895,237286054.7954601
1789666200000,218.9,219.4,218.76,219.3901,315919032.9544465
1789667100000,219.4,219.45,219.1001,219.245,251637446.13480118
1789668000000,219.245,219.5499,219.0701,219.4,375216563.8254887
1789668900000,219.4,219.825,219.395,219.55,370924186.73962694
1789669800000,219.55,219.65,219.31,219.41,283242037.5925
1789670700000,219.41,219.55,219.315,219.37,215612577.87200123
1789671600000,219.37,219.76,219.345,219.67,306242653.10949486
1789672500000,219.67,219.855,219.54,219.59,327024525.04117626
1789673400000,219.58,219.8,219.3628,219.45,470183354.3860521
1789674300000,219.44,219.9,219.22,219.34,1219917289.4869761
1789675200000,219.37,219.3862,218.73,219.1225,4428969034.492817
1789676100000,219.22,219.34,218.9,218.988,9568061.737650497
1789677000000,218.988,219.129,218.902,219.0487,15895879.15957845
1789677900000,219.04,219.28,218.6296,219.2792,95842715.67315385
1789678800000,219.2792,219.35,219.25,219.349,5218210.395958377
1789679700000,219.349,219.37,219.3,219.339,3291963.046101974
1789680600000,219.339,219.37,219.3,219.3695,206682300.84770587
1789681500000,219.3695,219.48,219.35,219.4685,4155306.905552803
1789682400000,219.42,219.4772,219.15,219.317,15185273.034277733
1789683300000,219.317,219.317,219.1,219.2072,12241303.245808817
1789684200000,219.2072,219.2085,219.02,219.0795,9770408.69448466
1789685100000,219.0795,219.1897,219.06,219.179,3447862.675273015
1789686000000,219.179,219.3482,219.105,219.2475,5397434.913125235
1789686900000,219.2475,219.25,219.1,219.2465,1804114.0129768443
1789687800000,219.2465,219.3,219.11,219.2482,5204573.87893886
1789688700000,219.2482,219.29,219.1,219.2308,6984454.006024008
1789689600000,219.09,219.29,219.0,219.2,1542413.46
1789690500000,219.2,219.35,219.09,219.17,2524501.78
1789691400000,219.17,219.26,219.05,219.17,1366115.52
1789692300000,219.15,219.15,219.03,219.06,940033.55
1789693200000,219.07,219.18,218.94,219.13,2006805.25
1789694100000,219.13,219.13,218.94,219.01,2166256.73
1789695000000,219.0,219.24,219.0,219.13,1159436.81
1789695900000,219.13,219.26,219.13,219.19,984707.46
1789696800000,219.19,219.24,219.03,219.17,762557.17
1789697700000,219.17,219.77,219.1,219.73,7304218.99
1789698600000,219.71,219.74,219.49,219.6,3224971.14
1789699500000,219.62,219.75,219.57,219.58,921007.0
1789700400000,219.58,220.56,219.57,220.47,12230725.61
1789701300000,220.47,220.62,220.28,220.55,2853300.96
1789702200000,220.56,220.64,220.25,220.53,2362998.78
1789703100000,220.53,220.64,220.1,220.27,7398017.78
1789704000000,220.23,220.3,220.14,220.24,1625157.56
1789704900000,220.23,220.3,220.1,220.3,1727899.53
1789705800000,220.32,220.42,220.2,220.36,1598457.06
1789706700000,220.4,220.71,220.36,220.6,2042222.4
1789707600000,220.61,220.66,220.51,220.53,1704576.76
1789708500000,220.55,220.77,220.48,220.48,3478281.18
1789709400000,220.48,220.75,220.46,220.74,2857384.01
1789710300000,220.74,220.75,220.54,220.59,2111940.33
1789711200000,220.61,221.17,220.59,221.12,8315406.58
1789712100000,221.12,221.17,220.91,220.93,3280249.03
1789713000000,220.92,221.17,220.89,221.12,4929328.12
1789713900000,221.13,221.17,221.02,221.16,6740931.93
1789714800000,221.17,221.8,221.08,221.49,9815445.02
1789715700000,221.41,221.98,221.36,221.97,6540539.25
1789716600000,221.97,222.0,221.91,221.91,5845630.9
1789717500000,221.91,221.91,221.67,221.71,3210451.94
1789718400000,221.7,222.0,219.34,221.3677,132246485.65933968
1789719300000,221.3677,221.69,221.2817,221.5377,13579111.326023439
1789720200000,221.47,221.67,221.3832,221.5977,5281454.136505649
1789721100000,221.5977,221.65,221.29,221.3585,7781453.305123119
1789722000000,221.3585,221.4987,221.2,221.4577,4850627.768713759
1789722900000,221.4577,221.4887,221.09,221.1197,6302161.05530766
1789723800000,221.1197,221.15,220.6822,220.6822,14020927.132790845
1789724700000,220.69,220.85,220.5922,220.5922,6226358.9985935865
1789725600000,220.6777,220.988,220.6147,220.9,7748932.2415217
1789726500000,220.93,221.097,220.823,220.9497,8291693.2132400265
1789727400000,220.9497,221.19,220.8125,220.9992,11863763.284049537
1789728300000,220.9992,221.01,220.74,220.9375,6908397.47320978
1789729200000,220.8017,220.918,219.34,220.5957,40160325.532069884
1789730100000,220.5957,220.6,220.03,220.1475,21576105.48079457
1789731000000,220.1475,220.34,219.81,219.9175,19456157.297298066
1789731900000,219.9175,220.08,219.77,219.8785,18053443.277573533
1789732800000,219.88,220.0777,219.15,219.4195,44475923.208496794
1789733700000,219.4195,219.54,219.09,219.2178,19397673.308154147
1789734600000,219.2475,219.47,219.1525,219.38,16754874.087361487
1789735500000,219.3887,219.3985,218.95,219.1682,24490534.552104276
1789736400000,219.1,219.35,218.93,219.209,28682523.4134364
1789737300000,219.209,219.95,218.55,219.44,56343395.75871175
1789738200000,219.25,220.07,218.04,219.73,4196212425.150058
1789739100000,219.725,220.04,219.2,219.2201,837110709.0869
1789740000000,219.22,220.89,218.92,220.625,1175899645.0829
1789740900000,220.65,220.84,219.52,219.52,623565487.5018
1789741800000,219.5,219.57,218.85,219.05,849410888.6283618
1789742700000,219.05,219.55,218.974,219.01,656940872.3657
1789743600000,219.01,219.55,219.0,219.475,555759667.2478
1789744500000,219.46,219.915,219.44,219.835,390664134.4601
1789745400000,219.83,219.9101,219.4401,219.64,332758322.33223224
1789746300000,219.65,219.75,219.47,219.52,327152491.1553215
1789747200000,219.545,219.59,219.275,219.46,367523871.44332355
1789748100000,219.44,219.81,219.15,219.5396,389598974.0312
1789749000000,219.54,219.935,219.47,219.54,292659134.375
1789749900000,219.535,219.81,219.425,219.655,616781793.4250661
1789750800000,219.66,219.97,219.43,219.935,317849194.4338
1789751700000,219.925,220.2653,219.85,220.0,363394833.65174407
1789752600000,220.0,220.0,219.635,219.815,279567729.9388
1789753500000,219.815,219.835,219.4001,219.49,222263338.7084048
1789754400000,219.4887,219.63,219.38,219.512,256365836.13984284
1789755300000,219.515,219.7,219.3,219.39,280700701.0909
1789756200000,219.4,219.49,219.28,219.335,333316748.6055355
1789757100000,219.34,219.885,219.325,219.56,495152182.2061313
1789758000000,219.562,219.6299,219.36,219.57,360271654.64679825
1789758900000,219.57,219.95,219.47,219.48,624111631.5289887
1789759800000,219.48,219.81,219.36,219.775,537598904.2434232
1789760700000,219.77,222.73,219.64,222.27,3899461891.2615232
1789761600000,222.06,222.3389,221.58,222.27,18865372316.396225
1789762500000,221.75,221.849,221.51,221.59,1078503222.402144
1789763400000,221.5987,221.6,221.31,221.4995,187774770.60453472
1789764300000,221.4995,222.058,221.48,221.9667,48200431.5891997
1789765200000,221.9667,222.22,221.84,222.1272,22663480.341922686
1789766100000,222.1272,222.27,222.01,222.0687,67296843.91278459
1789767000000,222.0687,222.28,222.02,222.2695,60000514.927491516
1789767900000,222.2695,222.33,222.06,222.298,16825206.449715666
1789768800000,222.298,222.4895,222.222,222.3292,13799636.974909013
1789769700000,222.3292,222.33,222.08,222.1975,49688690.745017126
1789770600000,222.1975,222.32,222.05,222.208,20449659.79196607
1789771500000,222.208,222.3365,222.13,222.2992,4536839.086986137
1789772400000,222.2992,222.48,222.27,222.4482,11561014.550779691
1789773300000,222.4482,222.47,222.38,222.41,6616558.431907031
1789774200000,222.4487,222.5,222.4,222.4997,6218040.177718835
1789775100000,222.4997,222.58,222.48,222.53,23030318.45689921
1789776000000,222.46,222.46,222.41,222.41,1481.684757
1789777800000,222.49,222.49,222.49,222.49,20.91406
1789778700000,222.49,222.49,222.41,222.41,33.99036
1789780500000,222.41,222.49,222.4,222.4,448.397092
1789781400000,222.41,222.41,222.38,222.38,164.280949
1789782300000,222.37,222.37,222.36,222.36,31.976087
1789783200000,222.37,222.37,222.33,222.33,209.104307
1789784100000,222.38,222.38,222.33,222.36,100.906249
1789785000000,222.36,222.36,222.27,222.27,552.640466
1789785900000,222.25,222.25,222.2,222.2,253.52476
1789786800000,222.26,222.36,222.19,222.36,3921.668731
1789787700000,222.2,222.66,222.19,222.44,22794.825981
1789788600000,222.45,222.65,222.44,222.44,3822.57727
1789789500000,222.44,222.74,222.44,222.74,3325.800069
1789790400000,222.46,222.46,222.45,222.45,181.608705
1789791300000,222.45,222.45,222.45,222.45,13.30251
1789792200000,222.46,222.75,222.44,222.75,1987.231607
1789794000000,222.46,222.74,222.45,222.45,424.183767
1789794900000,222.46,222.77,222.44,222.44,1656.772016
1789795800000,222.45,222.45,222.44,222.44,1854.729291
1789796700000,222.46,222.78,222.44,222.44,6237.542946
1789797600000,222.79,222.79,222.44,222.44,2453.796045
1789798500000,222.46,222.74,222.44,222.44,1983.3298
1789799400000,222.42,222.68,222.4,222.54,3198.034483
1789800300000,222.53,222.54,222.41,222.41,2905.1878
1789801200000,222.4,222.4,222.39,222.4,76.23772
1789802100000,222.39,222.59,222.38,222.59,297.489984
1789803000000,222.36,222.6,222.33,222.42,5919.038321
1789803900000,222.43,222.43,222.43,222.43,234.152061
1789804800000,222.42,222.6,222.38,222.6,1067.585008
1789806600000,222.39,222.59,222.39,222.59,225.906385
1789807500000,222.39,222.58,222.36,222.36,855.464961
1789808400000,222.37,222.6,222.37,222.49,4276.417714
1789809300000,222.48,222.49,222.38,222.44,843.202246
1789810200000,222.43,222.43,222.4,222.4,682.615481
1789812000000,222.41,222.47,222.39,222.47,307.5892
1789812900000,222.4,222.47,222.2,222.23,5614.691238
1789813800000,222.26,222.58,222.21,222.21,6866.959571
1789814700000,222.3,222.46,222.16,222.16,4763.690702
1789815600000,222.4,222.42,222.15,222.16,6173.73391
1789816500000,222.23,222.26,222.18,222.18,227.866152
1789817400000,222.18,222.18,222.18,222.18,20.173944
1789818300000,222.26,222.41,222.13,222.13,846.454616
1789819200000,222.13,222.13,222.11,222.11,306.532288
1789820100000,222.38,222.39,222.12,222.12,2204.465665
1789821000000,222.11,222.12,222.11,222.12,229.116326
1789821900000,222.11,222.11,222.11,222.11,2251.573492
1789822800000,222.1,222.1,222.1,222.1,97.87947
1789823700000,222.12,222.21,222.12,222.21,269.451644
1789824600000,222.29,222.29,222.12,222.12,90.701771
1789825500000,222.26,222.26,222.07,222.07,58.804705
1789826400000,222.23,222.23,222.23,222.23,20.178484
1789827300000,222.34,222.45,222.19,222.19,1278.416184
1789828200000,222.37,222.37,222.19,222.19,160.121251
1789829100000,222.14,222.35,222.14,222.2,220.531157
1789830000000,222.32,222.4,222.06,222.06,5901.986233
1789830900000,222.17,222.17,222.02,222.04,8324.101525
1789831800000,222.04,222.35,222.03,222.05,1339.411025
1789832700000,222.13,222.13,222.13,222.13,226.306044
1789833600000,222.42,222.49,222.14,222.46,1510.997226
1789834500000,222.21,222.56,222.07,222.45,3481.908335
1789835400000,222.45,222.48,222.07,222.44,2690.229431
1789836300000,222.19,222.52,222.09,222.2,1784.450729
1789837200000,222.2,222.44,222.1,222.16,1947.86105
1789838100000,222.44,222.46,222.15,222.15,2218.94017
1789839000000,222.34,222.35,222.11,222.11,507.212722
1789839900000,222.11,222.37,222.09,222.29,2102.05937
1789840800000,222.29,222.29,221.98,222.02,1337.526188
1789841700000,222.07,222.23,221.99,221.99,1360.664002
1789842600000,222.19,222.19,221.96,222.04,1370.516399
1789843500000,221.99,222.22,221.95,221.98,962.718635
1789844400000,222.03,222.16,221.96,221.99,999.967661
1789845300000,222.03,222.05,221.97,222.05,433.431101
1789846200000,222.05,222.16,221.93,222.12,407.328124
1789847100000,221.93,222.12,221.91,221.97,735.99559
1789848000000,222.04,222.32,221.96,222.03,554.650291
1789848900000,222.25,222.25,221.96,221.96,283.214937
1789849800000,222.19,222.19,221.94,221.97,261.654678
1789850700000,222.02,222.04,221.96,222.04,486.996979
1789851600000,222.04,222.27,221.96,222.21,441.863448
1789852500000,222.15,222.15,221.94,221.97,710.558255
1789853400000,222.01,222.32,221.97,221.99,2584.848648
1789854300000,222.31,222.34,221.96,221.98,482.262366
1789855200000,222.1,222.11,221.94,221.95,932.070709
1789856100000,221.95,222.15,221.93,222.0,999.142877
1789857000000,221.96,222.09,221.9,221.99,1101.151927
1789857900000,221.97,222.01,221.93,222.01,367.152408
1789858800000,221.93,222.15,221.91,221.94,1053.644042
1789859700000,222.12,222.12,221.94,221.94,275.716908
1789860600000,222.1,222.1,221.94,221.94,404.565036
1789861500000,222.1,222.13,221.92,222.0,555.916153
1789862400000,222.13,222.13,221.91,221.91,276.19124
1789863300000,222.0,222.13,221.91,221.94,661.767492
1789864200000,221.98,222.0,221.96,221.97,254.919777
1789865100000,222.0,222.13,221.94,222.13,304.377514
1789866000000,221.94,222.13,221.92,221.92,241.567356
1789866900000,222.12,222.13,221.88,221.93,3522.400864
1789867800000,222.0,222.0,221.92,221.92,294.546375
1789868700000,222.0,222.14,221.92,221.92,2521.058588
1789870500000,222.19,222.19,222.19,222.19,18.419551
1789871400000,222.19,222.25,221.85,221.94,1056.058552
1789872300000,221.88,221.88,221.85,221.85,145.150291
1789873200000,221.89,221.96,221.86,221.87,1588.317026
1789874100000,221.81,221.81,221.26,221.32,4830.325869
1789875000000,221.31,221.31,221.1,221.1,3397.648843
1789875900000,221.1,221.1,221.1,221.1,19.899
1789876800000,221.03,221.03,221.02,221.02,473.97601
1789877700000,221.03,221.03,221.02,221.02,49.243854
1789879500000,221.03,221.03,221.01,221.01,465.079962
1789880400000,221.01,221.01,221.0,221.0,221.510723
1789881300000,220.99,221.13,220.99,221.13,481.991629
1789882200000,220.98,220.98,220.98,220.98,19.8882
1789883100000,220.98,220.98,220.98,220.98,220.98
1789884000000,220.98,221.02,220.95,220.95,1709.946334
1789885800000,220.95,221.08,220.91,221.02,3347.471294
1789886700000,220.91,220.91,220.89,220.89,284.459924
1789887600000,220.91,221.02,220.89,220.89,843.155482
1789888500000,220.92,220.93,220.89,220.93,440.329692
1789889400000,220.93,220.93,220.93,220.93,85.632468
1789890300000,220.94,220.94,220.93,220.93,33.361185
1789891200000,220.94,220.94,220.89,220.93,586.566787
1789892100000,220.89,221.02,220.89,220.89,933.811652
1789893000000,220.92,221.02,220.91,220.91,802.540349
1789893900000,220.92,220.92,220.89,220.89,493.12279
1789894800000,220.89,220.91,220.89,220.91,411.000324
1789895700000,220.9,220.91,220.89,220.89,226.18135
1789896600000,220.9,220.9,220.9,220.9,99.1841
1789897500000,220.91,220.91,220.89,220.89,499.293217
1789898400000,220.91,220.91,220.89,220.89,119.260329
1789900200000,220.93,220.97,220.89,220.97,82.900244
1789902000000,220.9,220.97,220.89,220.97,338.909566
1789902900000,220.89,220.91,220.89,220.89,692.434603
1789904700000,220.9,220.9,220.89,220.89,33.973651
1789905600000,220.89,220.89,220.89,220.89,40.047357
1789906500000,220.89,220.9,220.89,220.89,903.40761
1789907400000,220.89,220.9,220.89,220.89,1419.134623
1789908300000,220.9,220.91,220.9,220.91,202.103871
1789909200000,220.89,220.9,220.89,220.89,457.998964
1789910100000,220.9,220.9,220.89,220.9,3407.293465
1789911000000,220.89,220.9,220.88,220.88,1247.971068
1789911900000,220.89,220.96,220.74,220.74,1439.151345
1789912800000,220.82,220.82,220.82,220.82,217.794766
1789913700000,220.86,220.86,220.79,220.8,564.968571
1789914600000,220.87,220.87,220.87,220.87,227.032273
1789915500000,220.87,220.9,220.84,220.84,632.134745
1789916400000,220.9,220.9,220.89,220.89,1411.537433
1789917300000,220.89,220.95,220.76,220.79,1833.655675
1789918200000,220.79,220.85,220.78,220.78,154.003792
1789919100000,220.85,220.85,220.85,220.85,156.648905
1789920000000,220.85,220.97,220.78,220.97,3392.227094
1789920900000,220.96,221.06,220.84,221.04,2586.085531
1789921800000,221.08,221.1,220.97,221.0,1748.464586
1789922700000,221.06,221.08,220.98,220.99,1915.594509
1789923600000,221.05,221.08,220.96,220.96,1496.889167
1789924500000,220.96,221.12,220.94,220.97,3765.273483
1789925400000,221.03,221.2,220.95,220.97,1316.865961
1789926300000,221.2,221.2,220.94,221.04,1070.876716
1789927200000,221.11,221.23,221.1,221.19,2025.126644
1789928100000,221.23,221.23,221.18,221.23,1274.275646
1789929000000,221.23,221.25,221.09,221.15,878.535947
1789929900000,221.25,221.25,221.07,221.25,512.114627
1789930800000,221.25,221.25,221.11,221.17,887.091985
1789931700000,221.25,221.29,221.14,221.14,794.39861
1789932600000,221.29,221.29,221.27,221.28,813.793398
1789933500000,221.29,221.29,221.23,221.23,793.775408
1789934400000,221.23,221.32,221.01,221.16,1331.643645
1789935300000,221.32,221.33,221.1,221.33,721.597005
1789936200000,221.33,221.33,221.17,221.26,917.994725
1789937100000,221.27,221.31,221.22,221.25,662.864012
1789938000000,221.31,221.33,221.23,221.23,850.712402
1789938900000,221.23,221.33,221.2,221.3,874.450103
1789939800000,221.23,221.3,221.21,221.24,495.632375
1789940700000,221.3,221.3,221.22,221.3,303.88987
1789941600000,221.29,221.36,221.18,221.36,26431.742297
1789942500000,221.36,221.78,221.36,221.78,8555.128289
1789943400000,221.78,221.8,221.77,221.79,220.52793
1789944300000,221.8,222.3,221.76,222.29,599.233635
1789945200000,222.01,222.37,221.78,222.06,1004.692595
1789946100000,222.36,222.39,222.03,222.16,622.055054
1789947000000,222.39,222.48,221.79,222.16,992.836403
1789947900000,222.5,222.5,221.81,222.33,611.255914
1789948800000,222.65,223.06,222.41,222.53,8433962.93
1789949700000,222.57,222.83,222.23,222.7,3690687.84
1789950600000,222.71,223.07,222.7,222.87,4731172.89
1789951500000,222.89,223.33,222.8,223.33,5955356.11
1789952400000,223.33,223.74,223.29,223.52,10151745.95
1789953300000,223.52,223.75,223.51,223.71,7195940.25
1789954200000,223.71,223.79,223.5,223.57,4194302.67
1789955100000,223.57,223.59,223.06,223.09,4074295.31
1789956000000,223.1,223.23,223.0,223.03,1895259.37
1789956900000,223.04,223.22,223.03,223.2,2258990.45
1789957800000,223.2,223.21,223.03,223.19,1552007.78
1789958700000,223.18,223.37,223.17,223.26,2076871.56
1789959600000,223.26,223.5,223.25,223.47,2431309.67
1789960500000,223.47,223.57,223.34,223.36,1477120.33
1789961400000,223.35,223.48,223.27,223.41,1747979.77
1789962300000,223.45,223.51,223.33,223.33,980773.54
1789963200000,223.33,223.4,223.11,223.33,1223159.26
1789964100000,223.39,223.5,223.35,223.42,1310429.55
1789965000000,223.42,223.42,223.26,223.27,1707951.68
1789965900000,223.27,223.44,223.27,223.36,1426779.2
1789966800000,223.34,223.35,223.25,223.25,1055521.36
1789967700000,223.25,223.37,223.16,223.18,1440572.94
1789968600000,223.17,223.24,223.1,223.18,2742756.84
1789969500000,223.19,223.24,223.1,223.18,1276909.93
1789970400000,223.19,223.45,223.17,223.3,1591686.19
1789971300000,223.28,223.37,223.18,223.26,1763631.63
1789972200000,223.27,223.32,223.2,223.25,736832.07
1789973100000,223.26,223.34,223.19,223.29,1627258.93
1789974000000,223.3,223.47,223.18,223.47,7644161.16
1789974900000,223.44,223.48,223.25,223.4,2134401.93
1789975800000,223.41,223.5,223.39,223.46,1092146.91
1789976700000,223.44,223.64,223.41,223.59,5064242.29
1789977600000,223.2,223.9582,223.093,223.899,81440107.70329757
1789978500000,223.899,223.9995,223.85,223.9865,11002069.24014779
1789979400000,223.9867,224.2387,223.86,224.1295,16548303.141457625
1789980300000,224.1295,224.1682,224.01,224.1682,5984719.100585464
1789981200000,224.1017,224.7185,224.0915,224.589,7917203.910173682
1789982100000,224.589,224.7975,224.52,224.737,14674355.959753647
1789983000000,224.737,224.8995,224.6327,224.8697,9018988.814895906
1789983900000,224.8697,224.9,224.52,224.53,9648174.032337992
1789984800000,224.5395,224.767,224.3217,224.3995,11716810.453025931
1789985700000,224.399,224.4592,224.2502,224.3987,8590655.802287402
1789986600000,224.3512,224.55,224.1932,224.3662,11071196.59215747
1789987500000,224.3662,224.37,224.05,224.2182,7866181.49023974
1789988400000,224.1202,224.2985,223.85,224.1495,37962540.84900199
1789989300000,224.1495,224.2492,224.06,224.1682,22303876.656673145
1789990200000,224.1682,224.23,223.9315,224.1287,14246223.225733655
1789991100000,224.1287,224.63,224.052,224.539,17259923.26460829
1789992000000,224.539,224.65,224.1627,224.2292,27486850.644718006
1789992900000,224.2292,224.2962,223.6535,223.7292,43841608.84529143
1789993800000,223.7292,223.89,223.4115,223.8121,42598889.12238067
1789994700000,223.89,223.89,223.422,223.4985,25654941.979152735
1789995600000,223.4985,223.74,223.4,223.4587,24984807.883618623
1789996500000,223.4587,223.7,222.55,222.9,55386730.84929152
1789997400000,222.935,224.4212,221.56,224.14,1943788898.5027976
1789998300000,224.1506,224.93,224.07,224.13,981453793.8677
1789999200000,224.12,224.29,222.58,223.33,948828777.9699
1790000100000,223.325,223.795,223.13,223.64,752819843.415857
1790001000000,223.605,224.58,223.56,224.52,724411924.1942
1790001900000,224.53,225.16,224.2433,224.9568,992575694.4209
1790002800000,224.96,225.5,224.91,225.47,796667907.4335
1790003700000,225.48,225.495,224.7101,224.86,525623955.0311
1790004600000,224.875,225.36,224.87,225.03,443494565.6119
1790005500000,225.06,225.27,224.85,225.105,383625845.97962683
1790006400000,225.105,225.45,224.85,225.365,418294989.2307
1790007300000,225.39,225.7985,225.29,225.58,387342757.4328
1790008200000,225.595,226.54,225.595,226.1199,699820541.9421103
1790009100000,226.12,226.4,225.86,226.285,361842358.25436103
1790010000000,226.285,227.145,226.24,227.08,690423088.9311748
1790010900000,227.085,227.24,226.6203,227.2,622075828.3651
1790011800000,227.19,227.37,226.7533,227.26,493364610.6177868
1790012700000,227.24,227.67,227.08,227.0906,538905733.2541966
1790013600000,227.1,227.32,227.01,227.1807,350914101.43679476
1790014500000,227.192,227.54,227.07,227.44,318822035.33944327
1790015400000,227.44,227.69,227.31,227.68,361105020.1609243
1790016300000,227.69,228.5,227.48,227.6899,859395311.2827
1790017200000,227.69,227.82,227.32,227.4101,480071929.82114404
1790018100000,227.415,227.58,227.23,227.395,502678136.3356
1790019000000,227.4,227.68,227.21,227.44,614299944.6768
1790019900000,227.43,227.5197,226.94,227.38,1324328161.7953
1790020800000,227.38,227.49,226.298,227.2097,436572321.2458
1790021700000,227.2002,227.38,226.88,227.079,47515293.869884685
1790022600000,227.079,227.0875,226.85,226.9292,10989989.098660827
1790023500000,226.9292,227.088,226.82,226.9497,122195302.17708567
1790024400000,226.9497,226.95,225.45,226.879,6851480.963492528
1790025300000,226.879,227.1472,225.45,227.1465,9614314.064163305
1790026200000,227.1465,227.15,226.87,227.0195,11780037316.251785
1790027100000,227.0195,227.07,226.8117,226.999,7300552.147910159
1790028000000,226.999,227.1985,226.96,227.1292,7860885.841970806
1790028900000,227.1292,227.35,227.1,227.2997,11496349.038999615
1790029800000,227.2997,227.38,227.1512,227.2487,9667836.402931178
1790030700000,227.2487,227.28,227.2,227.269,8313375.278220979
1790031600000,227.269,227.3792,227.22,227.3682,6626466.040452055
1790032500000,227.3682,227.399,227.1,227.178,5560226.19840188
1790033400000,227.178,227.3,227.1003,227.2492,4042817.9011464003
1790034300000,227.2492,227.439,227.21,227.3,10001006.101278687
1790035200000,227.33,227.65,227.33,227.53,5918899.47
1790036100000,227.54,227.64,227.41,227.64,2818508.12
1790037000000,227.64,227.78,227.5,227.7,3852907.53
1790037900000,227.71,227.8,227.69,227.73,1929169.55
1790038800000,227.73,227.73,227.5,227.55,1933515.82
1790039700000,227.58,227.72,227.51,227.7,1961120.11
1790040600000,227.7,227.72,227.54,227.63,1910386.65
1790041500000,227.64,227.69,227.46,227.48,3250440.81
1790042400000,227.48,227.58,227.46,227.48,1515497.78
1790043300000,227.49,227.53,227.4,227.42,1910752.84
1790044200000,227.42,227.52,227.31,227.49,1243957.16
1790045100000,227.48,227.53,227.43,227.5,583033.4
1790046000000,227.49,227.51,227.37,227.39,1005062.72
1790046900000,227.39,227.44,227.35,227.41,459120.49
1790047800000,227.41,227.55,227.39,227.42,1502584.24
1790048700000,227.42,227.5,227.4,227.49,1254277.15
1790049600000,227.48,227.5,227.17,227.21,2692205.2
1790050500000,227.2,227.24,227.0,227.12,2275365.37
1790051400000,227.1,227.14,226.74,226.79,3800968.64
1790052300000,226.77,226.8,226.5,226.67,3955168.36
1790053200000,226.68,226.83,226.6,226.71,1718441.14
1790054100000,226.7,226.7,226.18,226.29,4917475.11
1790055000000,226.26,226.51,226.11,226.43,3049202.19
1790055900000,226.45,226.64,226.42,226.42,1259385.36
1790056800000,226.43,226.47,226.12,226.12,2058485.66
1790057700000,226.14,226.25,226.1,226.25,3827394.94
1790058600000,226.25,226.52,226.25,226.37,2815776.03
1790059500000,226.37,226.46,226.13,226.13,4356284.17
1790060400000,226.15,226.2,225.88,226.08,8380292.08
1790061300000,226.08,226.38,225.95,225.95,2756063.32
1790062200000,225.95,226.16,225.91,226.05,1988843.54
1790063100000,226.06,226.24,225.88,225.9,3814746.84
1790064000000,226.02,227.528,225.8635,226.3257,104815115.71086483
1790064900000,226.3257,226.3257,225.9,225.9975,13232067.61348583
1790065800000,225.9975,226.5582,225.87,226.5582,12459192.960940335
1790066700000,226.5582,226.848,226.3032,226.7872,5885199.511037848
1790067600000,226.7872,226.878,226.3622,226.5755,5646645.371402322
1790068500000,226.5755,226.8242,226.2642,226.4672,3233612.6347851763
1790069400000,226.4672,226.697,226.32,226.6962,5061829.078579752
1790070300000,226.6962,227.38,226.5537,227.3282,16632816.94840149
1790071200000,227.3282,227.4782,227.1122,227.2887,11640943.488501726
1790072100000,227.2887,227.4,226.8935,227.2965,6652888.565536564
1790073000000,227.2965,227.49,227.0227,227.3982,5031729.659772375
1790073900000,227.3982,227.67,227.2035,227.6665,7478031.652114103
1790074800000,227.6665,227.6695,226.9,227.0975,23379767.986211654
1790075700000,227.0975,227.15,226.81,226.8395,8064554.381030691
1790076600000,226.8395,227.06,226.75,226.9185,9403175.662517432
1790077500000,226.9185,227.0557,226.69,226.739,8879426.27421833
1790078400000,226.739,226.9585,226.5,226.8265,27678385.289909054
1790079300000,226.8265,226.95,226.65,226.9372,15679497.5364958
1790080200000,226.8327,226.94,226.23,226.2982,27038250.824010327
1790081100000,226.2982,226.4,226.13,226.268,197904262.33111352
1790082000000,226.268,226.3075,226.0,226.0987,30922854.083915472
1790082900000,226.0987,226.91,225.5607,226.84,77971938.92111094
1790083800000,226.91,229.6,226.5,228.03,1573561891.874
1790084700000,228.035,228.1995,227.2,227.56,852063089.557918
1790085600000,227.525,228.2,227.05,228.15,923477077.4921
1790086500000,228.15,228.5,227.84,228.23,701083264.3971
1790087400000,228.22,228.92,227.64,227.95,661069794.8605757
1790088300000,227.94,228.4399,227.7097,228.275,553073707.7661
1790089200000,228.31,228.93,228.13,228.715,630248350.1783
1790090100000,228.71,229.11,228.51,228.815,539615338.1665
1790091000000,228.81,228.8169,228.16,228.286,391779703.3975
1790091900000,228.288,228.665,228.2102,228.49,372813741.09239054
1790092800000,228.49,228.8,228.31,228.8,298585758.346375
1790093700000,228.79,229.07,228.62,228.68,372570980.3119753
1790094600000,228.675,229.098,228.595,228.77,365673282.46986234
1790095500000,228.77,229.39,228.72,229.37,425035286.6542
1790096400000,229.37,229.98,229.34,229.76,742732507.4602
1790097300000,229.7599,229.815,229.33,229.47,367069243.9243
1790098200000,229.47,229.5474,228.93,228.96,388394862.1032
1790099100000,228.9534,229.25,228.7411,229.1402,475201247.3098
1790100000000,229.135,229.41,228.86,229.163,371326283.8205
1790100900000,229.16,229.52,229.1475,229.43,302157712.61881614
1790101800000,229.435,229.52,229.1701,229.485,294057679.0518115
1790102700000,229.49,229.59,229.25,229.31,322376556.16679466
1790103600000,229.31,229.71,229.17,229.55,400513854.2029
1790104500000,229.54,229.805,229.44,229.6886,638342173.1402
1790105400000,229.68,229.76,229.17,229.19,413285743.4487
1790106300000,229.18,229.92,228.6,228.87,1452997762.6805
1790107200000,228.81,228.95,228.06,228.3182,864931158.5798
1790108100000,228.3182,228.32,227.8025,228.0992,223883516.40498102
1790109000000,228.0992,228.25,228.061,228.2487,12184331.447443983
1790109900000,228.2487,228.25,228.1,228.1877,55502029.20279533
1790110800000,228.1877,228.2,228.0,228.0985,10856489.15030743
1790111700000,228.0985,228.2,228.0,228.1882,4453524.7422584025
1790112600000,228.1882,228.4,228.12,228.2497,9411199.213182438
1790113500000,228.2497,228.32,228.11,228.1497,450523623.4953588
1790114400000,228.1497,228.3192,228.1412,228.298,6824306.293820167
1790115300000,228.298,228.4987,228.2122,228.328,11777756.642343441
1790116200000,228.328,228.4,228.2137,228.3982,4695969.297029782
1790117100000,228.3982,228.4,228.24,228.3295,5318696.261266056
1790118000000,228.3295,228.4,228.2812,228.389,4299311.9178528655
1790118900000,228.389,228.47,228.3,228.4677,4727359.115327974
1790119800000,228.4677,228.65,228.38,228.5792,8443201.331497293
1790120700000,228.5792,228.65,228.37,228.55,13715083.954064514
1790121600000,228.54,229.03,228.4,228.44,3116283.31
1790122500000,228.43,228.57,228.35,228.37,2236801.78
1790123400000,228.39,228.62,228.37,228.55,1198272.99
1790124300000,228.54,228.57,228.38,228.41,751303.4
1790125200000,228.43,228.56,228.3,228.45,1452157.0
1790126100000,228.46,228.59,228.43,228.55,1179223.76
1790127000000,228.56,228.58,228.3,228.31,1115187.27
1790127900000,228.31,228.39,228.21,228.24,1185137.49
1790128800000,228.24,228.29,228.01,228.03,1678830.52
1790129700000,228.04,228.35,228.02,228.26,2042586.03
1790130600000,228.27,228.36,228.17,228.25,1363372.25
1790131500000,228.26,228.38,228.25,228.31,727224.36
1790132400000,228.33,228.36,228.26,228.3,869892.96
1790133300000,228.3,228.37,228.22,228.31,1738436.14
1790134200000,228.28,228.56,228.27,228.55,1527140.95
1790135100000,228.55,228.65,228.43,228.45,1673111.89
1790136000000,228.46,228.6,228.4,228.52,841689.07
1790136900000,228.54,228.73,228.52,228.62,2626598.86
1790137800000,228.65,228.86,228.62,228.76,3015974.24
1790138700000,228.76,228.83,228.64,228.65,1010066.47
1790139600000,228.66,228.77,228.56,228.77,636588.36
1790140500000,228.74,228.8,228.69,228.75,468918.75
1790141400000,228.74,228.84,228.7,228.73,915343.45
1790142300000,228.74,228.82,228.69,228.73,727502.96
1790143200000,228.73,228.91,228.63,228.9,2294577.73
1790144100000,228.91,228.98,228.85,228.98,1503254.33
1790145000000,228.98,229.15,228.93,229.05,2825733.52
1790145900000,229.08,229.1,228.82,228.83,873826.94
1790146800000,228.82,228.87,228.64,228.84,1140113.02
1790147700000,228.84,228.92,228.65,228.92,945148.06
1790148600000,228.92,228.98,228.77,228.85,1099823.18
1790149500000,228.85,228.9,228.67,228.67,818676.49
1790150400000,228.84,229.25,228.14,229.062,53106127.37974042
1790151300000,229.0888,229.2485,228.9012,229.187,6425116.5989091145
1790152200000,229.187,229.2175,228.92,229.0888,6763383.3295285925
1790153100000,228.9695,229.1,228.9017,228.9987,3872760.728882107
1790154000000,228.9987,229.249,228.9512,229.1492,5512437.623959871
1790154900000,229.1492,229.35,229.1207,229.3292,6017375.562432533
1790155800000,229.3292,229.3895,229.1745,229.2587,7654459.326854862
1790156700000,229.2587,229.2588,228.9515,229.1877,6447630.754553662
1790157600000,229.1877,229.19,228.91,229.0965,8068038.8473128155
1790158500000,229.0965,229.19,228.8217,229.1072,7879576.171145416
1790159400000,229.1072,229.1088,228.85,229.0682,6228443.664263153
1790160300000,229.0097,229.178,228.93,229.096,3052977.259280428
1790161200000,229.096,229.1755,228.0122,228.3692,44218573.34895903
1790162100000,228.3692,228.4387,227.702,227.9072,33064892.521775316
1790163000000,227.9072,227.9852,227.33,227.6487,26393125.17775576
1790163900000,227.6487,227.95,227.605,227.916,179738617.20963067
1790164800000,227.916,228.87,227.33,227.4682,15531314.342304647
1790165700000,227.4682,227.75,227.3017,227.6985,22861848.748705927
1790166600000,227.6985,227.948,227.28,227.3975,27577385.83476093
1790167500000,227.3975,227.7977,227.3,227.6995,15546866.598058607
1790168400000,227.6995,227.7,227.35,227.6397,22266188.472244315
1790169300000,227.63,228.12,227.41,227.98,54223198.26180862
1790170200000,228.08,228.95,227.6016,228.745,1242278475.010916
1790171100000,228.72,228.8399,227.68,227.725,723946778.7264576
1790172000000,227.74,228.1599,226.05,226.06,1115594994.7542
1790172900000,226.07,226.3732,225.02,225.605,1185939522.7868
1790173800000,225.6199,226.15,225.2301,225.95,558651258.545
1790174700000,225.96,226.6499,225.5341,226.06,703504958.3292
1790175600000,226.06,226.39,225.86,225.95,407913272.9045
1790176500000,225.97,226.0196,225.325,225.37,595659107.1544
1790177400000,225.37,225.67,225.015,225.47,492823599.7106142
1790178300000,225.47,225.53,224.72,224.79,499247179.72246546
1790179200000,224.8,225.02,224.7,224.84,326620079.17156744
1790180100000,224.8417,224.91,224.43,224.52,425142074.1498
1790181000000,224.52,224.73,224.18,224.215,373958687.29594064
1790181900000,224.215,224.62,224.02,224.5727,414135884.8491
1790182800000,224.58,224.85,224.13,224.385,459541944.3364
1790183700000,224.37,224.665,224.28,224.45,396159422.0008399
1790184600000,224.4455,225.2,224.3701,225.1719,277939782.072
1790185500000,225.18,225.4,225.1,225.365,281528452.2024
1790186400000,225.3738,225.44,225.1,225.3,267566249.4206
1790187300000,225.31,225.63,225.27,225.535,344044230.6754
1790188200000,225.535,225.55,225.2414,225.38,263348119.0822
1790189100000,225.39,225.54,225.25,225.2915,219680472.17518854
1790190000000,225.29,225.557,225.14,225.3,299054136.1347
1790190900000,225.2901,225.48,225.0299,225.1,339894684.48708814
1790191800000,225.1,225.8,225.01,225.28,497105510.2946273
1790192700000,225.275,225.67,224.725,225.51,1364042654.6732
1790193600000,225.55,226.0,225.323,225.478,4459694104.235853
1790194500000,225.48,225.51,225.2012,225.328,137636480.0169695
1790195400000,225.328,225.37,225.11,225.3192,9123454.054324483
1790196300000,225.3177,225.38,225.11,225.3485,88231885.51956904
1790197200000,225.3485,225.35,225.0007,225.0179,5919224.468219916
1790198100000,225.0195,225.2,225.0,225.0975,525989511.347021
1790199000000,225.0975,225.15,225.001,225.1482,6102091.260830996
1790199900000,225.1482,225.239,225.04,225.1877,7067209.49467127
1790200800000,225.1877,225.32,225.1,225.2677,4057440.572045538
1790201700000,225.2677,225.3,225.1605,225.1795,7178999.982574
1790202600000,225.1795,225.29,225.0512,225.2475,14013990.728354514
1790203500000,225.1525,225.28,225.15,225.2307,3786005.09428325
1790204400000,225.2592,225.3475,225.15,225.289,2664890.5945
1790205300000,225.289,225.29,225.15,225.2487,4579773.943894382
1790206200000,225.2487,225.3267,225.1505,225.3072,8546711.532541746
1790207100000,225.3072,225.3075,225.04,225.0409,7643023.633141633
1790208000000,225.22,225.33,225.04,225.05,1005013.76
1790208900000,225.05,225.12,224.9,225.04,1010325.79
1790209800000,225.04,225.13,224.8,224.81,948727.09
1790210700000,224.81,225.1,224.73,225.06,1698295.71
1790211600000,225.06,225.16,224.97,225.06,973263.59
1790212500000,225.09,225.09,224.95,224.99,345176.63
1790213400000,224.99,225.22,224.98,224.99,787034.58
1790214300000,224.97,225.07,224.81,225.07,565446.92
1790215200000,225.05,225.05,224.83,224.98,1957941.81
1790216100000,224.98,225.11,224.96,225.06,1061986.24
1790217000000,225.0,225.19,225.0,225.16,1007236.47
1790217900000,225.18,225.51,225.14,225.47,4967532.63
1790218800000,225.46,225.53,225.13,225.25,1886049.41
1790219700000,225.27,225.35,225.14,225.17,876067.05
1790220600000,225.17,225.17,225.02,225.02,1485181.32
1790221500000,225.05,225.13,225.01,225.13,1025162.47
1790222400000,225.07,225.11,224.5,224.81,3729507.26
1790223300000,224.81,224.99,224.81,224.99,459239.97
1790224200000,224.98,225.15,224.93,224.93,906797.24
1790225100000,224.93,225.1,224.85,225.05,669439.92
1790226000000,225.05,225.18,225.05,225.09,875151.4
1790226900000,225.11,225.13,224.93,225.04,483759.85
1790227800000,225.04,225.09,224.84,224.84,291130.69
1790228700000,224.83,224.84,224.31,224.37,1417263.64
1790229600000,224.34,224.47,224.08,224.46,2525264.22
1790230500000,224.47,224.76,224.41,224.49,2582530.76
1790231400000,224.49,224.53,224.2,224.26,1131030.55
1790232300000,224.23,224.3,224.0,224.0,2041628.08
1790233200000,224.02,224.27,223.85,224.17,2955704.62
1790234100000,224.16,224.2,223.94,224.19,2327089.72
1790235000000,224.19,224.61,224.19,224.5,2032028.25
1790235900000,224.48,224.52,224.0,224.03,983079.44
1790236800000,224.15,225.18,223.24,223.4162,54582957.305364996
1790237700000,223.4162,223.5647,222.7,222.85,17284417.280581366
1790238600000,222.9057,223.1377,222.5617,222.9977,9766819.19626909
1790239500000,222.9977,223.1352,222.3732,222.7167,12073797.576980846
1790240400000,222.7167,222.719,222.3642,222.6185,8432082.417818023
1790241300000,222.6087,222.95,222.3737,222.9085,9224591.497687092
1790242200000,222.9085,222.9088,222.28,222.4067,5774523.58574175
1790243100000,222.4067,222.8882,222.283,222.8882,5854262.087854446
1790244000000,222.8882,223.1,222.5047,222.7372,8447657.64691095
1790244900000,222.7372,223.0965,222.6,222.8657,3964746.69730665
1790245800000,222.8462,223.2,222.7037,223.1982,7063578.673089906
1790246700000,223.1982,223.6262,223.062,223.5535,9065310.99900894
1790247600000,223.4,223.5667,222.8,223.1482,29680506.11256049
1790248500000,223.1482,223.28,222.8522,222.9377,7963238.453828721
1790249400000,222.9377,223.4157,222.8,222.9467,17354959.837536123
1790250300000,222.9467,223.0877,222.7,222.9577,72523590.36936846
1790251200000,222.9577,223.1092,222.5525,223.109,10310536.456277777
1790252100000,223.109,223.7467,223.0402,223.4952,40838393.99911463
1790253000000,223.4952,223.5,222.75,223.148,27225760.904994056
1790253900000,223.148,223.2575,222.8122,222.8977,15360657.609045379
1790254800000,222.8977,223.1575,222.63,222.739,10736098.069434797
1790255700000,222.739,222.9975,221.7,222.08,33427020.213574767
1790256600000,222.116,223.2299,221.0908,222.73,1446329778.2803433
1790257500000,222.72,222.9,222.19,222.5675,584398435.1590608
1790258400000,222.63,222.9455,221.67,222.1,637311889.9888233
1790259300000,222.095,222.55,222.03,222.465,420094146.9998
1790260200000,222.465,222.72,222.14,222.21,378209873.8957
1790261100000,222.2,222.44,221.37,221.5746,532359735.1536
1790262000000,221.5777,221.8,221.425,221.54,390009623.1953
1790262900000,221.54,222.03,221.52,221.95,443154147.451
1790263800000,221.96,222.14,221.72,222.0005,349672506.7741703
1790264700000,222.02,222.59,221.69,222.41,373747103.39055514
1790265600000,222.4,222.5,222.05,222.4899,229012876.7165
1790266500000,222.45,223.93,222.45,223.3564,709010573.1364
1790267400000,223.35,224.4799,223.17,223.96,456358071.9537
1790268300000,223.97,224.53,223.83,224.255,368895733.7605
1790269200000,224.2008,224.63,224.07,224.46,496624187.8221066
1790270100000,224.46,224.5599,223.76,224.13,365054340.08288103
1790271000000,224.115,224.39,223.57,223.5801,371121039.12155706
1790271900000,223.595,224.24,223.52,223.95,319564702.1573
1790272800000,223.95,223.955,223.32,223.7899,302460996.394
1790273700000,223.78,224.115,223.68,223.96,296484919.09458965
1790274600000,223.95,224.3814,223.8,223.96,225921886.63774136
1790275500000,223.9599,224.4789,223.93,224.23,320884963.5264
1790276400000,224.215,224.2699,223.65,223.68,285362103.419
1790277300000,223.6737,224.07,223.67,223.76,256562313.53501797
1790278200000,223.75,223.86,223.43,223.55,387336070.81954587
1790279100000,223.56,224.9,223.48,224.58,1543334986.304522
1790280000000,224.49,224.6272,223.89,224.0577,3427780590.201912
1790280900000,224.06,224.58,223.412,223.5977,105849331.82591797
1790281800000,223.5977,223.898,223.5122,223.768,11171974.535863105
1790282700000,223.768,224.02,223.6,224.01,31070573.69313869
1790283600000,224.01,224.0192,223.8527,223.9195,3861478.5630204673
1790284500000,223.9195,224.0,223.8517,223.9585,3726438.3879
1790285400000,223.9585,224.1,223.9,224.0987,3255885.5627
1790286300000,224.0987,224.15,223.952,224.028,177698268.9716035
1790287200000,224.028,224.1485,223.8062,223.9785,4926220.442400467
1790288100000,223.9785,223.98,223.7,223.788,4966121.541545816
1790289000000,223.712,224.0587,223.7022,224.0587,4486486.787056069
1790289900000,224.0587,224.1,223.95,224.0987,3647194.832360263
1790290800000,224.0987,224.1,223.88,223.9987,4198559.924655032
1790291700000,223.9987,224.0999,223.9012,224.0987,2856746.3037228114
1790292600000,224.0987,224.1,223.85,223.9962,3413281.4244180447
1790293500000,223.9962,224.0,223.7506,223.82,3463963.6131351106
1790294400000,223.98,224.1,223.8,223.88,296010.6
1790295300000,223.88,224.07,223.83,224.0,763065.24
1790296200000,224.02,224.03,223.76,223.86,854170.53
1790297100000,223.85,223.92,223.78,223.91,447993.43
1790298000000,223.91,224.42,223.8,224.38,2361426.54
1790298900000,224.38,224.62,224.37,224.55,2579448.3
1790299800000,224.53,224.86,224.29,224.84,1934320.63
1790300700000,224.87,224.87,224.62,224.73,1579379.74
1790301600000,224.74,224.79,224.6,224.64,1054922.75
1790302500000,224.69,224.75,224.47,224.47,1432081.72
1790303400000,224.48,224.53,224.32,224.49,602797.58
1790304300000,224.51,224.53,224.33,224.53,358877.33
1790305200000,224.5,224.6,224.44,224.55,396985.79
1790306100000,224.56,224.81,224.5,224.58,5283874.79
1790307000000,224.6,224.67,224.52,224.57,393760.83
1790307900000,224.55,224.61,224.45,224.59,285860.23
1790308800000,224.58,224.6,224.42,224.54,691532.43
1790309700000,224.54,224.55,224.46,224.53,294129.51
1790310600000,224.51,224.56,224.43,224.53,428111.51
1790311500000,224.53,224.55,224.36,224.36,351476.77
1790312400000,224.43,224.6,224.43,224.58,308076.54
1790313300000,224.57,224.65,224.45,224.55,518553.58
1790314200000,224.56,224.9,224.54,224.9,2730372.88
1790315100000,224.87,225.0,224.83,224.87,2234334.61
1790316000000,224.91,225.29,224.88,225.16,2132522.58
1790316900000,225.16,225.46,225.07,225.31,6022631.44
1790317800000,225.33,225.38,225.2,225.31,1546310.74
1790318700000,225.27,225.34,225.03,225.12,2432685.69
1790319600000,225.14,225.38,225.11,225.31,2832008.45
1790320500000,225.33,225.38,225.28,225.37,2622313.43
1790321400000,225.37,225.4,225.12,225.14,2884815.3
1790322300000,225.15,225.25,225.12,225.21,1409247.95
1790323200000,224.53,225.579,224.3337,225.5775,30511382.3775
1790324100000,225.5775,226.0,225.4447,225.9382,10340491.530590037
1790325000000,225.9382,226.0687,225.6732,225.9615,13888307.797744423
1790325900000,226.0185,226.4707,225.9005,226.4365,9349484.632675713
1790326800000,226.4365,226.4985,226.2632,226.4262,6142330.888981134
1790327700000,226.4262,226.4982,226.1025,226.4282,7116277.054185187
1790328600000,226.4282,226.4975,226.1152,226.2975,5443089.184190292
1790329500000,226.2975,226.2975,226.0117,226.1962,4265463.7024007905
1790330400000,226.1962,226.23,226.0097,226.2292,4654844.28699896
1790331300000,226.2292,226.357,226.114,226.2382,4012743.0961077455
1790332200000,226.2382,226.2687,225.8817,225.997,9182007.493301172
1790333100000,225.997,226.0,225.68,225.797,5839003.966896678
1790334000000,225.7,225.849,225.3355,225.8262,40096369.16355943
1790334900000,225.8262,226.2992,225.72,226.1782,21154568.847056367
1790335800000,226.1782,226.3788,225.95,226.0895,16846267.17527253
1790336700000,226.0895,226.16,225.95,226.0182,10053636.211729506
1790337600000,226.02,226.35,225.95,226.0292,19900796.800997637
1790338500000,226.0292,226.03,225.82,225.9782,8628538.640944177
1790339400000,225.9782,225.98,225.41,225.6075,28641301.952175632
1790340300000,225.6075,225.6477,225.14,225.458,26837600.53875057
1790341200000,225.458,225.8497,225.1115,225.7585,23032088.352363836
1790342100000,225.7585,225.79,224.85,225.04,27845096.085225075
1790343000000,225.15,226.94,224.66,225.035,1264859170.4617
1790343900000,225.035,225.5557,224.7,225.21,706666425.5688778
1790344800000,225.22,225.285,224.03,224.06,930537004.7141
1790345700000,224.07,224.1399,223.213,223.27,702454641.6731
1790346600000,223.28,224.105,223.1329,223.425,596903007.4089596
1790347500000,223.425,224.465,223.19,224.4,546509440.0486
1790348400000,224.39,224.675,224.11,224.35,363525607.8221
1790349300000,224.3699,224.6,224.06,224.16,292545189.17262363
1790350200000,224.18,224.7,223.31,223.4,547302369.9336731
1790351100000,223.4,225.19,223.3501,225.1774,532638364.5801
1790352000000,225.175,225.87,225.11,225.67,715226235.3737
1790352900000,225.67,225.695,224.3,225.03,542712504.6109
1790353800000,225.02,225.23,224.66,225.05,371487968.81298
1790354700000,225.0401,225.12,224.41,224.675,275245797.1416078
1790355600000,224.67,225.28,224.645,225.2799,330481633.3237155
1790356500000,225.28,225.35,224.895,225.06,231798490.65604708
1790357400000,225.06,225.16,224.68,224.75,316054432.2725042
1790358300000,224.75,224.89,224.618,224.68,197950999.3152
1790359200000,224.69,225.18,224.6701,225.025,302787333.1418596
1790360100000,225.03,225.085,224.31,224.355,294751271.3976059
1790361000000,224.35,224.71,224.1158,224.29,373065892.67119265
1790361900000,224.28,224.28,223.975,223.985,314821957.9496
1790362800000,223.99,224.258,223.79,224.195,481971226.5226
1790363700000,224.194,224.2196,223.55,223.7943,394791714.71571684
1790364600000,223.79,224.31,223.6601,224.18,412706410.0648
1790365500000,224.2,225.5299,224.1983,225.07,2027579098.3859935
1790366400000,225.08,225.1,224.8,225.0485,3586443555.255588
1790367300000,225.0485,225.07,224.91,224.9892,11691887.626340298
1790368200000,224.9892,225.05,224.51,225.0492,9589415.595861724
1790369100000,225.0492,225.08,224.9615,225.0687,14014450.511018597
1790370000000,225.0687,225.069,224.96,224.9995,5956594.387405739
1790370900000,224.9995,226.02,224.96,225.1275,278848901.68715733
1790371800000,225.1275,225.375,225.0095,225.2985,6986794.96852822
1790372700000,225.2985,225.3,225.1,225.1887,14803951.298271116
1790373600000,225.1887,225.2,225.023,225.0885,3978013.366999287
1790374500000,225.0885,225.14,225.0307,225.1392,3426591.7502991343
1790375400000,225.1392,225.14,225.08,225.1097,4277675.6922
1790376300000,225.1097,225.1195,225.08,225.1092,3568544.2247252227
1790377200000,225.1092,225.1092,225.03,225.0397,2843554.0943697826
1790378100000,225.0397,225.04,225.0007,225.0295,3861314.4621676146
1790379000000,225.0295,225.03,224.9,224.9985,7050876.180431357
1790379900000,224.9985,225.0,224.92,225.0,4313556.1209657965
1790380800000,224.96,225.02,224.96,225.02,326.058218
1790381700000,225.02,225.08,224.9,224.9,2036.32241
1790382600000,224.81,224.81,224.81,224.81,447.978887
1790383500000,224.75,225.07,224.75,225.07,89.367927
1790384400000,224.75,225.08,224.69,225.08,1749.697146
1790385300000,225.07,225.07,224.75,224.75,27.773681
1790386200000,224.75,224.75,224.75,224.75,152.2007
1790387100000,224.74,224.74,224.74,224.74,96.86294
1790388000000,224.75,224.82,224.74,224.77,608.574446
1790388900000,224.78,224.78,224.75,224.75,84.081516
1790390700000,224.75,224.75,224.68,224.68,214.965506
1790391600000,224.76,224.76,224.75,224.75,31.960161
1790393400000,224.75,224.75,224.75,224.75,174.068875
1790394300000,224.76,224.78,224.69,224.69,406.822633
1790396100000,224.69,224.77,224.69,224.77,124.482172
1790397900000,224.77,224.77,224.77,224.77,10.002265
1790398800000,224.77,224.77,224.77,224.77,20.00453
1790401500000,224.77,224.77,224.77,224.77,99.977696
1790403300000,224.69,224.69,224.65,224.65,226.903928
1790405100000,224.72,224.72,224.69,224.69,71.656308
1790406900000,224.72,224.72,224.68,224.68,418.345176
1790411400000,224.68,224.68,224.65,224.65,249.799714
1790413200000,224.72,224.72,224.68,224.68,30.82884
1790414100000,224.68,224.74,224.56,224.56,1378.500273
1790416800000,224.74,224.74,224.74,224.74,152.216402
1790417700000,224.77,224.77,224.57,224.77,96.996766
1790418600000,224.58,225.07,224.57,224.57,96.46127
1790419500000,225.07,225.07,224.58,224.58,20.189285
1790420400000,225.07,225.07,225.07,225.07,11.2535
1790421300000,225.07,225.07,225.07,225.07,200.98751
1790422200000,225.07,225.08,225.07,225.08,225.865233
1790423100000,225.07,225.07,224.58,224.58,10.620266
1790424000000,225.07,225.07,225.07,225.07,162.838145
1790425800000,224.78,224.78,224.57,224.6,457.010953
1790426700000,224.61,224.68,224.58,224.58,416.281179
1790427600000,224.62,224.62,224.62,224.62,17.116044
1790428500000,224.61,224.61,224.61,224.61,44.360475
1790429400000,224.61,224.65,224.58,224.61,263.408108
1790431200000,224.61,224.65,224.61,224.61,448.201497
1790433000000,224.61,224.61,224.61,224.61,26.998122
1790434800000,224.61,224.61,224.23,224.31,30157.416087
1790435700000,224.15,224.46,223.01,223.83,80388.163922
1790436600000,223.8,224.27,222.96,224.27,5784.882659
1790437500000,224.27,224.27,224.27,224.27,110.295986
1790438400000,224.33,224.33,224.33,224.33,285.639389
1790439300000,224.33,224.33,224.33,224.33,248.041681
1790441100000,224.3,224.33,224.27,224.27,437.877872
1790442000000,224.33,224.33,224.27,224.27,441.535299
1790443800000,224.33,224.33,224.17,224.17,212.6787
1790444700000,224.3,224.3,224.3,224.3,32.59079
1790445600000,224.17,224.33,224.17,224.17,251.888401
1790448300000,224.27,224.27,224.27,224.27,19.982457
1790449200000,224.33,224.33,224.17,224.17,229.997968
1790450100000,224.17,224.2,224.11,224.2,796.810163
1790451000000,224.2,224.2,224.2,224.2,49.9966
1790452800000,224.09,224.09,224.09,224.09,10.151277
1790453700000,224.09,224.09,224.05,224.05,429.228284
1790454600000,224.14,224.16,224.14,224.16,203.879716
1790455500000,224.16,224.16,224.08,224.08,75.662912
1790456400000,224.08,224.08,224.08,224.08,65.946744
1790457300000,224.08,224.08,224.03,224.03,897.592083
1790460900000,224.06,224.06,224.04,224.04,223.940034
1790465400000,224.11,224.11,224.04,224.04,31.953095
1790467200000,224.11,224.11,224.02,224.02,276.519848
1790468100000,224.05,224.1,224.01,224.1,487.325754
1790469000000,224.1,224.11,224.01,224.04,315.405906
1790469900000,224.09,224.09,224.04,224.04,405.656294
1790470800000,224.23,224.23,224.02,224.02,182.492929
1790471700000,224.02,224.16,223.99,224.02,1254.993653
1790474400000,224.16,224.16,224.16,224.16,205.980624
1790475300000,224.02,224.02,224.0,224.0,221.747074
1790480700000,224.07,224.07,224.03,224.03,217.95584
1790481600000,224.07,224.07,224.03,224.03,31.23257
1790482500000,224.03,224.16,224.0,224.16,644.868006
1790483400000,224.16,224.21,224.01,224.2,622.519504
1790484300000,224.2,224.21,224.2,224.21,205.571206
1790485200000,224.0,224.0,223.98,223.98,208.237144
1790487000000,224.05,224.23,224.05,224.23,912.854926
1790487900000,224.23,224.24,224.01,224.24,524.751771
1790488800000,224.24,224.24,224.01,224.01,43.076825
1790489700000,224.24,224.24,224.24,224.24,49.983096
1790490600000,224.24,224.24,224.01,224.01,30.256875
1790491500000,224.24,224.25,224.01,224.25,397.279949
1790492400000,224.25,224.25,224.25,224.25,172.6725
1790493300000,224.01,224.32,224.01,224.31,1644.097535
1790495100000,224.33,224.45,224.33,224.45,649.606195
1790496000000,224.28,224.45,224.28,224.45,432.0586
1790496900000,224.42,224.45,224.37,224.38,638.212096
1790497800000,224.45,224.49,224.38,224.49,530.022634
1790499600000,224.41,224.41,224.38,224.38,118.239151
1790500500000,224.46,224.46,224.42,224.46,212.3372
1790501400000,224.48,224.98,224.42,224.42,433.025786
1790503200000,224.97,224.97,224.42,224.42,115.725768
1790504100000,224.95,224.95,224.42,224.42,183.72912
1790505000000,224.77,224.77,224.77,224.77,17.9816
1790505900000,224.84,224.84,224.84,224.84,48.160728
1790509500000,224.59,224.59,224.4,224.51,291.24212
1790511300000,224.41,224.51,224.33,224.33,2035.282707
1790512200000,224.43,224.47,224.38,224.38,734.307621
1790513100000,224.46,224.5,224.36,224.5,376.630874
1790514000000,224.5,225.04,224.4,224.4,1517.838494
1790514900000,225.09,225.09,225.09,225.09,11.659662
1790516700000,224.4,224.4,224.4,224.4,128.04264
1790517600000,224.86,224.86,224.86,224.86,14.975676
1790519400000,224.68,224.72,224.68,224.72,242.438725
1790520300000,224.72,224.72,224.72,224.72,14.988824
1790521200000,224.67,224.67,223.7,224.07,35030.897563
1790522100000,223.77,224.93,223.46,223.84,45375.113996
1790523000000,223.42,224.57,223.42,224.57,3966.400765
1790523900000,224.51,224.56,224.51,224.55,169.974114
1790525700000,224.57,224.57,223.41,223.41,928.231317
1790526600000,224.57,224.57,223.41,224.57,181.392585
1790528400000,224.57,224.83,223.37,223.72,12816.346498
1790529300000,224.89,224.89,224.89,224.89,15.180075
1790530200000,223.73,223.73,223.73,223.73,15.101775
1790531100000,223.73,223.73,223.69,223.69,201.203849
1790532000000,224.98,224.98,224.98,224.98,224.845012
1790532900000,224.98,224.98,223.66,223.66,274.503097
1790533800000,224.98,224.98,223.62,224.98,260.523836
1790534700000,224.88,224.98,223.61,224.98,232.871897
1790535600000,224.98,224.98,224.98,224.98,21.440594
1790537400000,224.98,225.01,224.98,225.01,924.691538
1790538300000,225.01,225.03,225.01,225.01,48.536079
1790540100000,225.01,225.01,223.6,223.6,2831.054156
1790542800000,225.02,225.02,225.02,225.02,20.004278
1790544600000,225.02,225.02,225.02,225.02,137.082184
1790549100000,224.34,224.34,223.61,223.61,388.765425
1790550000000,224.16,224.16,224.16,224.16,23.98512
1790550900000,224.33,224.33,224.33,224.33,20.099968
1790551800000,224.23,224.23,223.55,223.55,207.436578
1790552700000,223.55,223.55,223.55,223.55,151.43277
1790553600000,225.12,225.47,224.91,225.44,6715010.67
1790554500000,225.45,225.66,225.32,225.34,4415629.16
1790555400000,225.36,225.38,224.9,225.07,3970136.1
1790556300000,225.1,225.33,224.74,224.77,2452765.5
1790557200000,224.77,225.2,224.65,224.66,3557264.57
1790558100000,224.66,224.81,224.48,224.79,1265619.93
1790559000000,224.76,224.97,224.47,224.5,3123978.94
1790559900000,224.5,224.53,224.31,224.45,3337293.07
1790560800000,224.41,224.67,224.33,224.59,1741065.07
1790561700000,224.62,224.63,224.37,224.38,2042168.1
1790562600000,224.38,224.4,224.12,224.25,3741270.06
1790563500000,224.24,224.37,224.1,224.1,2128172.97
1790564400000,224.11,224.23,223.76,223.95,3309128.72
1790565300000,223.94,224.07,223.9,223.94,1095583.83
1790566200000,223.98,224.01,223.8,224.01,763620.41
1790567100000,224.01,224.1,223.74,223.76,2197076.07
1790568000000,223.76,224.15,223.73,224.15,842469.49
1790568900000,224.13,224.2,224.09,224.11,1131206.72
1790569800000,224.11,224.12,223.97,223.99,1345630.27
1790570700000,223.99,224.15,223.9,224.14,797722.23
1790571600000,224.14,224.33,224.11,224.11,792879.67
1790572500000,224.17,224.2,224.01,224.04,1071995.29
1790573400000,224.05,224.15,223.95,224.0,1102539.2
1790574300000,224.04,224.09,223.87,223.98,1165541.94
1790575200000,223.97,224.2,223.8,223.81,1754345.14
1790576100000,223.81,223.81,223.36,223.46,3709721.05
1790577000000,223.42,223.55,223.23,223.23,2835223.65
1790577900000,223.25,223.5,223.19,223.46,3627157.46
1790578800000,223.45,223.45,223.11,223.12,1571143.74
1790579700000,223.13,223.26,223.09,223.1,3189247.57
1790580600000,223.1,223.17,223.0,223.0,1468865.69
1790581500000,223.04,223.21,223.04,223.1,1580628.4
1790582400000,223.45,224.3967,222.8712,223.2987,67799618.41445556
1790583300000,223.2987,223.3452,223.0,223.1957,5572694.436419781
1790584200000,223.1957,223.3077,222.8512,223.1662,4507542.859744162
1790585100000,223.1662,223.4967,222.75,223.22,10230246.098133728
1790586000000,223.2342,224.376,223.0062,223.8782,23359492.563220114
1790586900000,223.8782,225.07,223.8,224.9,13613069.755032215
1790587800000,224.9085,224.9085,224.3032,224.4977,10540179.311044997
1790588700000,224.4977,224.8585,224.4045,224.47,11753890.872722618
1790589600000,224.499,224.75,224.1135,224.377,9635204.35547712
1790590500000,224.3772,224.497,224.1137,224.2592,3527347.6325614974
1790591400000,224.2592,224.299,224.0112,224.1487,4984547.653376544
1790592300000,224.1487,224.68,223.69,224.5382,10007756.56316288
1790593200000,224.5382,229.48,224.5,228.44,300748893.8630347
1790594100000,228.4487,228.847,227.24,227.5977,114237124.13055205
1790595000000,227.5977,227.7562,226.01,227.03,95002410.72531413
1790595900000,227.0975,228.05,226.69,227.8972,74851893.02403893
1790596800000,227.8972,228.4987,227.33,228.382,171966148.23687136
1790597700000,228.4677,229.2685,228.2535,228.8787,130885916.0188887
1790598600000,228.8787,229.5377,228.75,228.948,116007365.70148043
1790599500000,228.948,229.89,228.872,229.57,76295269.42602941
1790600400000,229.598,229.8,228.922,229.7887,80553150.13794185
1790601300000,229.79,230.0,228.75,229.74,187336032.2378709
1790602200000,229.56,233.21,229.4975,232.225,4974822843.7636385
1790603100000,232.21,232.9293,230.9,231.97,1857419139.2130778
1790604000000,231.95,232.34,230.5,230.845,1357845729.9228
1790604900000,230.85,231.634,230.78,231.27,1057045918.5186286
1790605800000,231.235,231.67,229.9001,229.99,1071655409.4507
1790606700000,229.985,230.05,228.465,229.2485,1468691619.0785
1790607600000,229.245,230.68,229.12,230.46,967160180.7337991
1790608500000,230.465,230.505,229.7,230.2293,846625194.2657
1790609400000,230.25,230.59,229.59,229.7502,698490905.6096888
1790610300000,229.74,230.18,229.52,230.09,533722704.419
1790611200000,230.08,230.63,229.7501,230.52,498912334.4947
1790612100000,230.51,232.35,230.44,231.8695,1363309588.442043
1790613000000,231.85,231.9142,230.95,231.05,668932594.7666
1790613900000,231.05,231.27,230.77,230.98,506839424.5201
1790614800000,230.96,231.26,230.15,231.25,706336349.4247
1790615700000,231.2273,231.375,230.03,230.069,612995923.696
1790616600000,230.069,230.59,230.0527,230.26,359521291.1291
1790617500000,230.26,230.62,230.0701,230.2,387003942.7541
1790618400000,230.19,230.2585,229.8099,230.102,410938322.93319416
1790619300000,230.1075,230.4,229.7108,229.85,558529308.96727
1790620200000,229.85,230.0,229.5,229.92,470534198.9692715
1790621100000,229.905,230.1399,229.595,229.96,406411971.411
1790622000000,230.0,230.24,229.595,229.985,503621806.3512
1790622900000,229.98,230.17,229.155,229.325,665744787.5509
1790623800000,229.32,229.365,228.28,228.45,951837522.4631
1790624700000,228.46,229.075,228.04,228.86,1397628028.0849
1790625600000,228.87,230.412,228.7,228.8392,3889004936.088426
1790626500000,228.8392,228.84,228.5,228.6292,76073242.17790997
1790627400000,228.6292,228.7388,228.5107,228.639,10998446.400316171
1790628300000,228.639,228.86,228.51,228.7877,6057075.928617882
1790629200000,228.7877,229.1204,228.7,228.966,6979419.528362316
1790630100000,228.966,229.25,228.8127,229.2475,12218163.41306116
1790631000000,229.2475,229.29,229.05,229.231,6866322.758756282
1790631900000,229.269,229.2995,229.09,229.1875,12271500.958738009
1790632800000,229.1875,229.3788,228.7012,229.2415,13901388.532322468
1790633700000,229.2985,229.559,229.1415,229.2877,10986575.345593391
1790634600000,229.2877,229.377,229.14,229.3282,112500403.27403831
1790635500000,229.3282,229.35,229.2501,229.3487,4731665.282935639
1790636400000,229.3487,229.37,229.3,229.3292,6871641.937510855
1790637300000,229.3292,229.7488,229.3,229.7467,7439400.0636784425
1790638200000,229.7467,229.7488,229.3212,229.5682,10478278.124720376
1790639100000,229.5682,229.58,229.321,229.48,11763545.611631323
1790640000000,229.3,229.53,229.2,229.25,1807444.45
1790640900000,229.26,229.33,228.76,228.86,1782664.42
1790641800000,228.86,229.19,228.7,229.18,1737808.37
1790642700000,229.17,229.17,228.44,228.46,3996781.94
1790643600000,228.45,228.79,228.26,228.37,2289046.34
1790644500000,228.32,228.45,228.02,228.42,2547994.15
1790645400000,228.46,228.88,228.39,228.81,2014109.43
1790646300000,228.76,228.9,228.64,228.74,746262.89
1790647200000,228.74,228.92,228.5,228.87,1015488.54
1790648100000,228.87,229.15,228.79,228.94,1446066.17
1790649000000,228.97,228.97,228.53,228.59,522344.48
1790649900000,228.58,228.67,228.3,228.44,2325006.45
1790650800000,228.45,228.56,228.01,228.1,2872845.79
1790651700000,228.13,228.58,228.13,228.54,1251408.91
1790652600000,228.52,228.77,228.39,228.61,1331875.51
1790653500000,228.63,228.64,228.27,228.27,1314447.89
1790654400000,228.33,228.37,228.17,228.28,1045969.7
1790655300000,228.28,228.47,228.26,228.29,2813234.42
1790656200000,228.25,228.35,228.21,228.29,580972.58
1790657100000,228.31,228.42,228.25,228.3,1440361.82
1790658000000,228.31,228.48,228.19,228.38,1818838.48
1790658900000,228.38,228.52,228.28,228.29,1629600.66
1790659800000,228.28,228.3,227.96,228.11,6220285.53
1790660700000,228.13,228.42,228.06,228.42,1554440.23
1790661600000,228.44,229.18,228.42,229.11,3933217.71
1790662500000,229.15,229.27,229.02,229.24,3607644.31
1790663400000,229.28,229.55,229.26,229.51,3704692.88
1790664300000,229.54,229.64,229.46,229.52,2766199.46
1790665200000,229.52,229.66,229.37,229.64,2778148.2
1790666100000,229.59,230.44,229.55,230.15,7529725.94
1790667000000,230.14,230.45,230.1,230.16,4670531.93
1790667900000,230.17,230.4,230.16,230.19,1742167.64
1790668800000,230.34,231.09,227.9027,231.0652,46321948.5453
1790669700000,231.0655,231.5087,230.8945,230.939,22983343.240024988
1790670600000,230.9007,231.08,230.5,230.989,13968813.392299702
1790671500000,230.9885,231.0682,230.222,230.5975,8940348.796243992
1790672400000,230.5975,230.8097,230.3027,230.3992,6411113.324626733
1790673300000,230.3992,230.5,230.1512,230.3662,8916362.90705992
1790674200000,230.3662,230.65,230.2,230.6475,12506614.65834648
1790675100000,230.6475,230.8432,230.4035,230.6567,7335646.992940077
1790676000000,230.6567,231.0787,230.5015,231.0787,8648342.14456698
1790676900000,231.0787,231.183,230.5027,230.7962,22105969.292166006
1790677800000,230.7962,230.9762,230.472,230.7647,10027741.590897657
1790678700000,230.7647,230.8585,230.5012,230.8195,8587406.48704608
1790679600000,230.8195,231.0,230.25,230.4672,52908025.895013206
1790680500000,230.468,230.5,230.2701,230.2992,16334571.144710055
1790681400000,230.2992,230.65,230.2512,230.5492,22730052.507367764
1790682300000,230.5492,230.96,230.3625,230.7377,35242626.77786979
1790683200000,230.7475,230.9782,230.6812,230.8877,17854242.1256275
1790684100000,230.8877,231.15,230.3,230.5275,44181944.25658661
1790685000000,230.5277,230.65,230.3522,230.4982,13235669.78951705
1790685900000,230.4982,230.5,230.0522,230.1377,25033955.12446239
1790686800000,230.1377,230.6,230.0,230.5877,17173814.593062617
1790687700000,230.588,231.07,230.11,230.9907,35720486.357473314
1790688600000,230.995,232.82,229.57,229.955,2493406130.3973126
1790689500000,229.95,230.825,229.75,229.84,1109996950.968
1790690400000,229.88,230.46,229.361,229.505,877899341.7211
1790691300000,229.492,230.5,229.22,230.49,1017682162.6352
1790692200000,230.4692,231.24,230.45,231.125,745687870.1925136
1790693100000,231.14,231.4797,230.85,231.33,824722119.8986
1790694000000,231.33,231.38,230.27,230.45,708671367.0069377
1790694900000,230.45,230.73,229.63,229.925,618919789.9106674
1790695800000,229.955,231.0,229.88,230.845,537053002.7851
1790696700000,230.85,230.96,230.223,230.4591,425084401.81319463
1790697600000,230.455,230.47,230.06,230.1218,388713178.3411536
1790698500000,230.14,230.42,230.0401,230.35,352793772.42833346
1790699400000,230.34,230.42,229.56,229.64,779865453.1797336
1790700300000,229.614,229.935,229.31,229.52,548346128.2699
1790701200000,229.51,229.51,229.02,229.28,313920249.3252
1790702100000,229.295,229.365,228.822,229.22,552994209.2045
1790703000000,229.2299,229.275,228.49,228.57,433629669.6219607
1790703900000,228.58,228.69,227.692,227.75,704615010.292
1790704800000,227.9097,228.36,227.77,228.29,560862726.5531
1790705700000,228.29,228.52,227.83,227.8608,564530101.0062
1790706600000,227.8571,228.32,227.7015,228.055,574000566.3084
1790707500000,228.0624,228.59,227.865,228.365,473100467.1124
1790708400000,228.3602,228.55,227.86,227.875,421454284.0803998
1790709300000,227.8654,228.2484,227.78,228.0,439345905.623303
1790710200000,228.0,228.1598,227.71,227.815,615235342.8527
1790711100000,227.82,228.12,227.025,227.21,1694383789.6604
1790712000000,227.3,227.64,227.18,227.588,3707115834.234056
1790712900000,227.588,227.67,227.5,227.6492,30828674.903854974
1790713800000,227.6492,227.9,227.6212,227.8192,20040155.922787942
1790714700000,227.8192,227.84,227.63,227.8182,10845814.263819143
1790715600000,227.8182,227.85,227.69,227.8392,299146312.15633595
1790716500000,227.8392,227.99,227.8,227.9097,92973149.86303824
1790717400000,227.9097,227.989,227.9,227.9487,5016657.470858273
1790718300000,227.9487,227.9682,227.75,227.8195,256151659.78151855
1790719200000,227.8195,228.09,227.7907,228.0282,14473871.663439298
1790720100000,228.0282,228.12,227.9515,228.0382,6815782.983776167
1790721000000,228.0382,228.0867,227.86,228.0487,6085620.969593407
1790721900000,228.0487,228.0985,227.952,227.999,4641489.034887317
1790722800000,227.999,228.27,227.961,228.2195,4027427.3609494907
1790723700000,228.2195,228.22,228.04,228.1882,7275347.084765847
1790724600000,228.1882,228.3,228.08,228.1697,8993092.093058681
1790725500000,228.1697,228.39,228.16,228.368,7627347.781338938
1790726400000,228.29,228.47,228.23,228.44,3254104.52
1790727300000,228.43,228.48,228.28,228.39,2372722.17
1790728200000,228.38,228.42,228.09,228.18,2265663.41
1790729100000,228.16,228.19,227.98,228.14,2721217.3
1790730000000,228.16,228.24,227.99,228.11,1139685.01
1790730900000,228.12,228.23,228.01,228.12,1969742.73
1790731800000,228.1,228.21,228.0,228.13,1497150.27
1790732700000,228.13,228.15,228.04,228.15,3043392.0
1790733600000,228.15,228.22,227.71,227.82,2239305.35
1790734500000,227.82,228.0,227.69,227.71,1489793.67
1790735400000,227.72,227.79,227.59,227.76,1624913.5
1790736300000,227.75,227.99,227.71,227.83,1669208.72
1790737200000,227.81,227.92,227.74,227.9,940087.69
1790738100000,227.9,227.91,227.76,227.89,851020.47
1790739000000,227.9,228.22,227.84,228.06,1023998.35
1790739900000,228.07,228.16,227.99,228.13,1208624.14
1790740800000,228.11,228.21,228.05,228.15,867839.73
1790741700000,228.15,228.18,228.09,228.17,401532.28
1790742600000,228.16,228.34,228.14,228.28,712794.33
1790743500000,228.27,228.28,228.06,228.08,1034459.53
1790744400000,228.08,228.22,227.75,227.77,1238653.35
1790745300000,227.76,227.95,227.68,227.92,2091421.52
1790746200000,227.92,228.26,227.92,228.15,1208751.02
1790747100000,228.11,228.18,227.84,228.05,2012038.91
1790748000000,228.03,228.2,227.92,227.92,1115319.52
1790748900000,227.92,228.13,227.91,228.03,1208151.57
1790749800000,228.02,228.05,227.62,227.62,7433901.26
1790750700000,227.62,227.97,227.51,227.92,3127659.23
1790751600000,227.91,228.33,227.85,228.29,5616665.38
1790752500000,228.29,228.6,228.29,228.34,3750210.85
1790753400000,228.36,228.72,228.31,228.6,2548012.24
1790754300000,228.6,228.71,228.53,228.66,960585.79
1790755200000,228.37,229.3225,227.5,228.5975,29932580.2005
1790756100000,228.5975,228.7885,228.3952,228.7765,3828421.0926102693
1790757000000,228.7765,228.83,228.4025,228.598,4309222.00046044
1790757900000,228.598,228.7497,228.31,228.32,3551731.4448
1790758800000,228.3977,228.4835,227.9,228.29,6396791.740435278
1790759700000,228.3177,228.4967,228.0662,228.338,5383539.215954169
1790760600000,228.338,228.4967,228.0,228.0892,2548496.9034001906
1790761500000,228.0892,228.349,228.0,228.3487,3253871.9471824733
1790762400000,228.3487,228.35,227.9025,228.067,2068514.537963095
1790763300000,228.067,228.3,227.8,228.143,5449072.712161213
1790764200000,228.143,228.1988,227.8627,228.0657,1707471.3223335892
1790765100000,228.0657,228.2,227.8622,228.0877,3767269.718905882
1790766000000,228.02,228.0877,227.21,227.7852,22488386.784538604
1790766900000,227.7852,227.92,227.2717,227.8462,18121368.904198818
1790767800000,227.8462,228.098,227.7132,228.0867,12599134.471774751
1790768700000,228.0867,228.1488,227.6027,227.8975,8295222.8041660795
1790769600000,227.8975,228.0,227.439,227.7177,16663752.30027019
1790770500000,227.7177,227.9,227.19,227.88,12458074.552577937
1790771400000,227.8987,228.88,227.844,228.698,87797546.5747456
1790772300000,228.698,228.93,227.21,228.6975,28384366.54564441
1790773200000,228.6975,229.08,228.5122,228.9395,32697752.03059204
1790774100000,228.95,229.73,228.901,229.3177,63941109.43191895
1790775000000,229.0,231.43,228.8,230.55,2026505390.5561
1790775900000,230.565,231.4099,230.2,231.4,1475200976.2285
1790776800000,231.48,232.37,229.8601,230.69,1829936959.5058
1790777700000,230.7041,231.3638,230.3727,231.055,971908828.8997
1790778600000,231.055,231.19,230.2,230.41,641503933.7475
1790779500000,230.4168,231.21,230.11,230.6797,614146620.7052
1790780400000,230.69,230.95,230.35,230.41,424389990.5144
1790781300000,230.41,230.68,230.06,230.345,447015968.09449893
1790782200000,230.365,230.975,230.2805,230.46,605440571.4663
1790783100000,230.46,231.28,230.38,230.9801,481954704.6587516
1790784000000,230.98,231.0,230.34,230.79,427548081.8040082
1790784900000,230.8,231.0,230.21,230.31,421051054.10140043
1790785800000,230.3299,230.56,230.06,230.365,419601904.8681775
1790786700000,230.36,230.61,230.17,230.57,329760442.4703927
1790787600000,230.5795,231.0,230.415,230.58,498143519.3728227
1790788500000,230.57,230.59,230.0858,230.2,365193227.1218
1790789400000,230.19,230.55,229.835,229.9768,516771198.1969
1790790300000,229.98,230.635,229.795,230.44,452627556.6738
1790791200000,230.435,230.8,230.16,230.79,401196511.449
1790792100000,230.8,230.87,230.45,230.79,406834767.9335
1790793000000,230.7876,230.82,230.47,230.685,301537760.03875726
1790793900000,230.69,230.7,230.265,230.38,324367598.9846
1790794800000,230.3701,230.84,230.35,230.722,523642724.2238
1790795700000,230.75,230.9,230.42,230.705,593348671.5532482
1790796600000,230.69,230.88,230.5001,230.615,528683654.79219633
1790797500000,230.615,230.66,228.16,228.38,2998336609.584637
1790798400000,228.28,228.8227,227.805,228.3987,7635554732.892209
1790799300000,228.38,229.0,228.16,228.9487,72362995.54734021
1790800200000,228.9487,229.3682,228.87,229.1492,48987708.91047972
1790801100000,229.1492,229.15,228.38,229.0587,35441739.715654336
1790802000000,229.0587,229.08,228.5401,228.599,13357937.439602263
1790802900000,228.599,228.75,228.37,228.5362,14741718.091575267
1790803800000,228.5362,228.65,228.39,228.6275,196973844.7766041
1790804700000,228.6275,228.75,228.53,228.6957,37448406.162564486
1790805600000,228.6957,229.05,228.62,229.0085,305149801.4654501
1790806500000,229.0085,229.2487,228.95,229.1365,15419839.717697853
1790807400000,229.1365,229.58,229.023,229.4887,12058546.924056744
1790808300000,229.4887,229.547,229.3001,229.4385,9899757.28745482
1790809200000,229.4385,229.57,229.323,229.4877,9015940.54916177
1790810100000,229.4877,229.69,229.41,229.598,7774932.187227518
1790811000000,229.598,229.8,229.522,229.7687,10672824.926433586
1790811900000,229.7687,229.77,229.5517,229.5517,6785945.710776054
1790812800000,229.55,229.78,229.39,229.54,1451255.45
1790813700000,229.51,229.54,229.06,229.15,1216142.71
1790814600000,229.17,229.51,228.81,229.51,1601691.37
1790815500000,229.51,229.63,229.37,229.63,1166120.69
1790816400000,229.62,229.98,229.59,229.8,2912982.92
1790817300000,229.79,229.86,229.68,229.73,1279811.94
1790818200000,229.72,229.86,229.68,229.76,1763729.01
1790819100000,229.76,229.76,229.57,229.68,1300346.58
1790820000000,229.69,229.88,229.69,229.78,1166311.85
1790820900000,229.78,229.91,229.74,229.87,1000256.62
1790821800000,229.87,230.15,229.84,230.11,6236827.26
1790822700000,230.12,230.12,229.84,229.98,2848287.02
1790823600000,230.04,230.16,230.02,230.15,876150.62
1790824500000,230.16,230.2,229.99,230.04,1988049.3
1790825400000,230.07,230.17,229.88,230.16,2552085.61
1790826300000,230.15,230.39,230.12,230.37,1680031.74
1790827200000,230.38,230.81,230.38,230.63,8783888.3
1790828100000,230.59,230.67,230.44,230.61,3261579.08
1790829000000,230.61,230.69,230.53,230.67,1273556.21
1790829900000,230.66,230.89,230.66,230.81,1940395.62
1790830800000,230.82,231.0,230.7,230.95,2805409.52
1790831700000,230.96,231.19,230.91,231.12,4743847.47
1790832600000,231.18,231.44,231.14,231.19,5795723.99
1790833500000,231.19,231.66,231.08,231.59,11413804.39
1790834400000,231.59,232.14,231.59,232.0,13331538.11
1790835300000,231.96,232.17,231.68,232.17,7734242.5
1790836200000,232.17,232.21,231.55,231.73,5278760.76
1790837100000,231.68,231.8,231.48,231.48,3419440.93
1790838000000,231.45,231.58,231.03,231.09,4589067.43
1790838900000,231.09,231.09,230.03,230.03,7991903.65
1790839800000,230.03,230.49,230.0,230.19,9728965.58
1790840700000,230.19,230.33,230.09,230.21,3648326.07
1790841600000,230.315,232.219,229.8022,229.9975,65603545.3536
1790842500000,229.9975,230.1942,229.8,229.967,10306081.38264529
1790843400000,229.9557,230.2985,229.5,230.227,14391807.55533208
1790844300000,230.227,230.7488,230.0127,230.7437,8564457.480885379
1790845200000,230.57,230.8862,230.506,230.827,7372734.5201369375
1790846100000,230.827,231.0,230.6,230.9977,5324786.2260647295
1790847000000,230.9977,231.07,230.641,230.7375,6079251.182795185
1790847900000,230.7375,230.7888,230.4127,230.5282,4225577.948961613
1790848800000,230.5282,230.6772,230.0032,230.5375,11686948.934678772
1790849700000,230.5375,230.8962,230.3032,230.8475,5709815.609235039
1790850600000,230.8475,230.9992,230.65,230.9772,3728802.0024251076
1790851500000,230.9772,231.0998,230.7,230.8982,12369039.266533164
1790852400000,230.84,230.8982,230.17,230.2195,32555646.86654566
1790853300000,230.248,230.248,229.9,230.089,15487741.8119541
1790854200000,230.089,230.2862,229.83,229.978,21576043.728612747
1790855100000,229.978,230.4,229.902,230.2377,17389877.888793267
1790856000000,230.2377,230.35,230.0147,230.178,39216465.09508103
1790856900000,230.178,230.3288,230.0,230.2975,10897095.583471952
1790857800000,230.2975,230.5,230.2,230.3962,18228688.599249136
1790858700000,230.3962,230.4352,229.82,229.9287,19725985.379447054
1790859600000,229.9287,230.3585,229.77,230.167,27010126.939337067
1790860500000,230.167,230.9105,229.72,229.96,35004753.03368991
1790861400000,229.95,231.34,228.38,231.125,1875192809.3657
1790862300000,231.095,231.91,230.25,230.645,1252203500.4774547
1790863200000,230.645,230.74,229.75,230.12,1015850277.057
1790864100000,230.115,230.13,229.35,229.86,635822564.0950048
1790865000000,229.82,230.71,229.75,230.42,824790740.2147889
1790865900000,230.449,230.65,228.8101,229.1,894426004.8814
1790866800000,229.11,229.38,228.16,229.368,856100657.8382
1790867700000,229.3501,230.751,229.2201,230.545,897706305.8601
1790868600000,230.54,230.58,229.135,229.3,655701286.941
1790869500000,229.305,229.5399,229.05,229.39,382959138.8922
1790870400000,229.37,230.21,229.19,229.9594,509676228.7811
1790871300000,229.95,230.62,229.8785,230.3689,513773878.9819
1790872200000,230.36,231.4,230.31,230.6099,937720148.525
1790873100000,230.595,231.0429,229.864,230.11,473865623.4853
1790874000000,230.11,230.78,230.08,230.54,356634689.2875
1790874900000,230.53,230.95,230.35,230.84,434447290.7077
1790875800000,231.0,231.4399,230.53,231.27,578949066.7446373
1790876700000,231.27,231.555,230.41,230.53,561617883.4006891
1790877600000,230.56,230.7586,230.1404,230.59,433262868.1549
1790878500000,230.59,231.347,230.48,231.2,427274496.8046
1790879400000,231.22,232.145,231.03,231.74,1098210928.2327
1790880300000,231.7484,232.285,231.6801,232.18,508558510.6875
1790881200000,232.18,232.22,231.47,231.56,520936564.5823
1790882100000,231.5601,231.79,231.34,231.43,373221237.5922
1790883000000,231.42,231.73,231.08,231.63,509900436.8879
1790883900000,231.61,232.08,230.6,230.86,1793729695.816
1790884800000,230.99,231.1987,230.6001,231.1987,3662332753.9863276
1790885700000,231.15,231.28,231.0012,231.0785,13969175.563882338
1790886600000,231.0785,231.2999,230.86,231.2995,31643469.459178157
1790887500000,231.2995,231.33,231.03,231.199,10668258.741043715
1790888400000,231.199,231.47,230.3812,231.089,68486169.99052003
1790889300000,231.089,231.27,231.05,231.2272,4057603.743956969
1790890200000,231.2272,231.23,231.0605,231.148,2495857.3663627324
1790891100000,231.148,231.15,231.07,231.1097,104348558.47101219
1790892000000,231.1097,231.36,231.0901,231.327,8336087.809030657
1790892900000,231.327,231.327,231.1537,231.2487,3050367.489170267
1790893800000,231.2487,231.4,231.16,231.3387,8021505.910740136
1790894700000,231.3387,231.459,231.25,231.4585,3799667.81264797
1790895600000,231.4585,231.6472,231.35,231.5682,11580512.811254982
1790896500000,231.5682,231.68,231.45,231.5787,4417401.483589608
1790897400000,231.5787,231.58,231.2825,231.3695,3096506.0175898033
1790898300000,231.3695,231.53,231.29,231.4909,5079966.306973495
1790899200000,231.56,231.86,231.34,231.66,4391421.2
1790900100000,231.67,232.4,231.61,231.9,7385247.16
1790901000000,231.88,231.99,231.61,231.71,1701126.45
1790901900000,231.66,231.79,231.62,231.68,1465252.47
1790902800000,231.69,231.76,231.46,231.6,1409797.49
1790903700000,231.61,231.66,231.34,231.42,1862500.53
1790904600000,231.47,231.5,231.25,231.35,1498063.52
1790905500000,231.35,231.73,231.35,231.71,1723071.33
1790906400000,231.74,231.75,231.5,231.55,880828.88
1790907300000,231.55,231.73,231.46,231.59,1547621.48
1790908200000,231.61,231.65,231.51,231.65,982129.86
1790909100000,231.65,231.8,231.61,231.75,2354814.39
1790910000000,231.72,231.84,231.57,231.68,1322363.37
1790910900000,231.7,231.73,231.6,231.66,610224.86
1790911800000,231.66,231.68,231.5,231.62,784125.45
1790912700000,231.63,231.68,231.48,231.66,1072520.33
1790913600000,231.66,231.75,231.16,231.54,3557599.58
1790914500000,231.54,231.72,231.5,231.6,1850956.75
1790915400000,231.58,231.63,231.46,231.55,2113175.32
1790916300000,231.54,232.1,231.53,232.07,5302702.39
1790917200000,232.05,232.1,231.85,231.86,3143406.31
1790918100000,231.86,231.93,231.79,231.81,1825295.88
1790919000000,231.8,231.88,231.5,231.88,4171586.71
1790919900000,231.88,232.1,231.77,231.9,4026354.61
1790920800000,231.88,232.11,231.76,232.05,4854379.94
1790921700000,232.06,232.06,231.64,231.66,4273943.63
1790922600000,231.69,231.76,231.62,231.66,1772984.2
1790923500000,231.63,231.72,231.52,231.69,1189555.57
1790924400000,231.69,232.12,231.65,232.12,2680946.96
1790925300000,232.12,232.15,231.85,231.87,2314521.66
1790926200000,231.92,232.06,231.87,232.04,578800.24
1790927100000,232.01,232.3,231.97,232.28,3074807.94
1790928000000,232.0075,232.889,230.86,232.738,118418465.34025799
1790928900000,232.738,232.86,232.53,232.668,7996283.416331861
1790929800000,232.668,233.1,232.5822,232.697,19765023.44488592
1790930700000,232.697,233.48,232.6025,233.2582,10276669.793785388
1790931600000,233.2582,233.35,232.9,233.3457,7446567.323364306
1790932500000,233.3457,233.69,233.18,233.6577,9260710.384316472
1790933400000,233.6577,233.7987,233.4,233.5292,13424649.283828741
1790934300000,233.5292,233.8575,233.33,233.8477,11513727.453951428
1790935200000,233.8477,233.98,233.412,233.578,20472067.745190505
1790936100000,233.578,233.75,233.272,233.7145,7388293.830818008
1790937000000,233.7155,233.7872,233.4052,233.7852,8094852.169811516
1790937900000,233.7852,233.8287,233.5035,233.6462,6257912.393286729
1790938800000,233.57,234.87,233.47,234.848,69800331.36059135
1790939700000,234.79,235.53,234.5,234.63,191629959.29377538
1790940600000,234.6477,234.78,234.4015,234.648,29595153.65074814
1790941500000,234.689,234.9,234.5,234.8987,51543540.42504548
1790942400000,234.898,235.08,234.62,234.928,51231699.42788213
1790943300000,234.9487,235.44,234.76,235.2352,62365302.036576554
1790944200000,235.2352,236.25,235.01,235.9085,258036151.48475012
1790945100000,235.91,236.0599,235.63,235.918,131257583.21920793
1790946000000,235.918,236.2,235.45,235.4987,97513090.80755393
1790946900000,235.4987,236.8,234.6,236.03,105291067.23639624
1790947800000,236.055,237.47,234.53,237.3822,3480466308.8577
1790948700000,237.39,237.55,236.61,237.36,2675469043.9511
1790949600000,237.33,237.87,236.25,236.9301,2073850440.9241
1790950500000,236.95,237.73,236.72,237.42,886280607.6769
1790951400000,237.42,237.435,236.57,236.775,948138152.7368
1790952300000,236.77,237.35,236.46,236.555,686284500.556
1790953200000,236.56,236.755,234.87,234.979,1521129616.594
1790954100000,234.97,235.14,234.23,234.86,1110695144.1866
1790955000000,234.87,235.46,234.56,235.25,839202724.9123594
1790955900000,235.2655,235.6713,235.1924,235.57,768660534.4801
1790956800000,235.575,236.56,235.51,236.3913,767314147.7037
1790957700000,236.395,236.6,236.05,236.0943,587685723.1874577
1790958600000,236.1,236.2699,235.25,235.34,571010662.251528
1790959500000,235.345,235.6,234.92,235.2443,609728023.8645
1790960400000,235.23,235.48,234.47,234.69,820904475.8443207
1790961300000,234.685,235.06,234.19,234.3,596253651.5965
1790962200000,234.3,234.64,234.2108,234.5011,448093549.7477571
1790963100000,234.51,234.87,234.41,234.6885,411059244.73976797
1790964000000,234.69,234.87,234.47,234.78,337710677.309
1790964900000,234.78,234.84,234.52,234.65,336015337.734
1790965800000,234.65,234.66,234.32,234.52,340573164.0856
1790966700000,234.5204,234.6199,234.315,234.56,424464417.8221
1790967600000,234.54,234.6499,234.2,234.396,433365411.4419
1790968500000,234.41,234.5051,233.6,233.77,934410827.0928253
1790969400000,233.75,234.545,233.68,234.31,616641523.4578
1790970300000,234.315,234.55,233.77,233.95,1343949370.5714688
1790971200000,234.0,234.15,233.63,234.14,4121392957.94497
1790972100000,234.1,234.15,233.91,234.0367,41142583.23161103
1790973000000,234.03,234.05,233.89,233.93,11625675.126326796
1790973900000,233.92,233.95,233.84,233.9272,14839249.73459926
1790974800000,233.9216,234.0,233.88,233.94,60035202.9451
1790975700000,233.94,234.6997,233.9,233.93,75766837.8544512
1790976600000,233.949,233.95,233.9,233.91,6026441.805509086
1790977500000,233.92,233.94,233.9,233.91,2806421.2999333367
1790978400000,233.9091,233.91,233.8,233.8401,4487569.914950812
1790979300000,233.84,233.92,233.8,233.86,4232709.462078413
1790980200000,233.87,233.9488,233.83,233.9095,3414921.4070654176
1790981100000,233.89,233.92,233.85,233.8767,7199959.136905269
1790982000000,233.8767,233.9488,233.85,233.92,2697150.684257783
1790982900000,233.9199,234.21,233.88,234.2093,7336355.677259879
1790983800000,234.2093,234.26,234.1,234.18,5022612.695388928
1790984700000,234.1797,234.3488,234.15,234.2218,12345912.977644572
1790985600000,234.22,234.22,234.21,234.21,76.657445
1790986500000,234.21,234.21,234.21,234.21,10.656555
1790987400000,234.18,234.18,234.18,234.18,193.54977
1790991900000,234.18,234.21,234.18,234.21,185.538621
1790992800000,234.21,234.22,234.17,234.17,226.368752
1790997300000,234.17,234.17,234.14,234.14,646.801848
1791000000000,234.21,234.21,234.21,234.21,2.904204
1791006300000,234.21,234.21,234.13,234.13,119.240699
1791008100000,234.13,234.13,234.13,234.13,15.639884
1791009000000,234.13,234.13,234.13,234.13,29.992053
1791009900000,234.13,234.21,234.13,234.21,19.976617
1791012600000,234.21,234.21,234.12,234.12,217.586785
1791014400000,234.21,234.21,234.21,234.21,124.1313
1791016200000,234.21,234.22,234.1,234.14,434.864433
1791017100000,234.21,234.21,234.21,234.21,88.9998
1791018000000,234.21,234.22,234.14,234.14,339.692529
1791018900000,234.21,234.51,234.14,234.47,6908.1927
1791019800000,234.48,234.56,234.41,234.45,2788.555881
1791020700000,234.49,234.5,234.45,234.45,274.103064
1791021600000,234.45,234.45,234.43,234.43,188.798307
1791022500000,234.49,234.5,234.43,234.43,82.624768
1791023400000,234.5,234.5,234.43,234.43,31.981026
1791024300000,234.5,234.5,234.43,234.43,34.325326
1791027000000,234.49,234.49,234.43,234.43,74.177744
1791029700000,234.43,234.44,234.27,234.37,211.235584
1791030600000,234.27,234.36,234.26,234.27,389.807714
1791033300000,234.49,234.49,234.49,234.49,19.978548
1791035100000,234.49,234.5,234.26,234.26,1286.869185
1791036000000,234.41,234.44,234.26,234.27,998.640342
1791036900000,234.27,234.49,234.26,234.26,570.657072
1791038700000,234.49,234.49,234.27,234.27,40.594616
1791039600000,234.49,234.57,234.47,234.54,4319.838653
1791040500000,234.54,234.65,234.51,234.64,8041.864936
1791041400000,234.62,234.64,234.27,234.27,650.510347
1791042300000,234.27,234.27,234.27,234.27,278.195625
1791043200000,234.58,234.59,234.27,234.58,254.11322
1791044100000,234.58,234.59,234.51,234.51,361.155018
1791045000000,234.51,234.56,234.51,234.51,130.485479
1791047700000,234.31,234.31,234.31,234.31,178.0756
1791048600000,234.31,234.31,234.25,234.25,858.614567
1791050400000,234.5,234.5,234.5,234.5,24.9977
1791051300000,234.5,234.62,234.5,234.54,1763.191702
1791052200000,234.61,234.62,234.53,234.53,269.667038
1791053100000,234.61,234.61,234.61,234.61,103.955691
1791054000000,234.62,234.63,234.62,234.63,107.248517
1791055800000,234.64,234.64,234.64,234.64,49.97832
1791056700000,234.64,234.64,234.64,234.64,214.507888
1791060300000,234.65,234.66,234.65,234.65,710.98188
1791062100000,234.72,234.81,234.63,234.7,4572.696462
1791066600000,234.78,234.78,234.78,234.78,51.6516
1791068400000,234.78,234.78,234.78,234.78,14.0868
1791070200000,234.78,234.8,234.78,234.8,405.915594
1791072000000,234.8,234.8,234.8,234.8,19.98148
1791073800000,234.8,234.84,234.8,234.82,220.816158
1791074700000,234.79,234.79,234.79,234.79,106.453786
1791078300000,234.81,234.82,234.79,234.79,179.529486
1791079200000,234.79,234.79,234.78,234.79,446.540343
1791081000000,234.81,234.85,234.81,234.85,324.810946
1791081900000,234.79,234.79,234.66,234.66,1163.341022
1791082800000,234.64,234.64,234.63,234.63,274.963616
1791083700000,234.62,234.62,234.55,234.55,1428.770718
1791084600000,234.55,234.55,234.53,234.53,556.207902
1791085500000,234.53,234.53,234.53,234.53,2331.2282
1791086400000,234.53,234.53,234.5,234.5,1704.88185
1791088200000,234.26,234.46,234.26,234.26,157.951732
1791090900000,234.49,234.49,234.49,234.49,21.291692
1791091800000,234.67,234.88,234.49,234.71,20754.085516
1791092700000,234.61,234.75,234.23,234.25,16922.590546
1791095400000,234.67,234.67,234.67,234.67,29.990826
1791096300000,234.67,234.68,234.67,234.68,297.216764
1791097200000,234.68,234.68,234.68,234.68,50.385796
1791099000000,234.66,234.66,234.66,234.66,174.58704
1791099900000,234.66,234.7,234.65,234.7,1370.98033
1791100800000,234.3,234.3,234.25,234.25,1007.347129
1791101700000,234.26,234.62,234.25,234.62,487.514149
1791102600000,234.62,234.63,234.25,234.25,660.747871
1791103500000,234.62,234.67,234.25,234.64,958.428
1791104400000,234.26,234.64,234.26,234.26,89.339756
1791105300000,234.64,234.64,234.26,234.26,77.27035
1791106200000,234.64,234.65,234.25,234.25,237.402075
1791108000000,234.69,234.69,234.26,234.26,31.935495
1791109800000,234.26,234.26,234.26,234.26,56.034992
1791112500000,234.69,234.69,234.26,234.26,178.610695
1791114300000,234.26,234.69,234.26,234.26,123.674691
1791116100000,234.66,234.66,234.26,234.26,123.888904
1791117000000,234.66,234.66,234.25,234.25,178.152146
1791117900000,234.66,234.66,234.64,234.64,41.697684
1791118800000,234.59,234.7,234.26,234.26,191.863585
1791119700000,234.59,234.59,234.25,234.26,116.939895
1791120600000,234.26,234.65,234.26,234.26,220.506036
1791121500000,234.65,234.7,234.25,234.29,67.857192
1791123300000,234.71,234.71,234.29,234.29,42.552237
1791125100000,234.71,234.72,234.71,234.72,254.802936
1791126000000,234.64,234.69,234.25,234.25,1593.879067
1791126900000,234.25,234.7,234.25,234.25,2228.804816
1791127800000,234.25,234.25,234.25,234.25,73.531075
1791128700000,234.25,234.25,234.25,234.25,25.25215
1791129600000,234.66,234.69,234.25,234.25,575.644677
1791130500000,234.67,234.67,234.67,234.67,369.722585
1791131400000,234.67,234.68,234.25,234.25,126.640838
1791136800000,234.67,234.78,234.26,234.66,5124.108738
1791137700000,234.69,234.7,234.65,234.65,491.183293
1791139500000,234.72,234.72,234.72,234.72,19.998144
1791140400000,234.72,234.72,234.7,234.7,41.520256
1791142200000,234.7,234.72,234.65,234.69,1097.586133
1791143100000,234.69,234.69,234.69,234.69,83.666985
1791145800000,234.69,234.69,234.69,234.69,136.143669
1791146700000,234.7,234.7,234.7,234.7,268.00393
1791149400000,234.7,234.8,234.29,234.72,2868.146676
1791151200000,234.72,234.75,234.7,234.74,404.192434
1791152100000,234.74,234.89,234.74,234.86,1578.502631
1791153000000,234.86,235.04,234.86,235.0,5690.221262
1791153900000,234.98,235.04,234.95,235.0,3284.38527
1791158400000,234.67,235.49,234.65,235.36,10130537.6
1791159300000,235.38,235.81,235.33,235.36,10137995.16
1791160200000,235.36,235.66,235.33,235.66,3180464.63
1791161100000,235.66,235.69,235.53,235.64,1959155.6
1791162000000,235.69,235.76,235.59,235.73,3207799.33
1791162900000,235.75,236.14,235.73,236.09,6541075.51
1791163800000,236.09,236.39,235.93,236.21,8700299.39
1791164700000,236.24,236.27,235.93,235.93,2319214.38
1791165600000,235.94,236.09,235.88,235.97,2627935.9
1791166500000,235.97,236.14,235.97,236.05,3259220.11
1791167400000,236.03,236.03,235.64,235.69,1909940.04
1791168300000,235.7,235.74,235.35,235.35,2566782.66
1791169200000,235.35,235.4,235.2,235.36,5186619.08
1791170100000,235.37,235.64,235.22,235.62,1433992.0
1791171000000,235.59,235.62,235.49,235.54,1285521.59
1791171900000,235.54,235.57,235.25,235.29,1894659.56
1791172800000,235.29,235.37,235.11,235.31,1806168.17
1791173700000,235.33,235.37,235.11,235.21,2562064.45
1791174600000,235.21,235.41,235.09,235.38,2531888.95
1791175500000,235.33,235.49,235.2,235.32,1940934.78
1791176400000,235.3,235.45,235.21,235.21,651955.43
1791177300000,235.21,235.24,235.06,235.12,1631592.64
1791178200000,235.1,235.14,235.0,235.13,1429129.55
1791179100000,235.14,235.26,235.0,235.1,2426754.51
1791180000000,235.13,235.4,235.1,235.3,3670627.91
1791180900000,235.33,235.45,235.19,235.2,1824535.93
1791181800000,235.2,235.34,235.05,235.21,3564512.48
1791182700000,235.21,235.44,235.2,235.43,1748889.14
1791183600000,235.43,235.47,235.23,235.47,1905823.82
1791184500000,235.47,235.49,235.27,235.43,1713881.48
1791185400000,235.42,235.49,235.21,235.33,5329590.46
1791186300000,235.29,235.59,235.21,235.38,2381241.48
1791187200000,234.5,236.043,234.257,235.86,22930843.4656
1791188100000,235.86,236.1,235.688,235.688,17325149.62488823
1791189000000,235.66,235.95,235.2,235.27,11472116.5962838908
1791189900000,235.2936,235.705,235.02,235.4716,8630649.8310109657413296
1791190800000,235.49,235.7,235.38,235.5685,3246495.2301608688
1791191700000,235.53,235.6488,235.2107,235.4611,5284552.0605763344354751
1791192600000,235.4072,235.498,234.86,235.013,6313523.951665914
1791193500000,235.0948,235.35,235,235.27,4714688.9393895243052598
1791194400000,235.2692,235.3397,235.0012,235.25,2194055.424725402
1791195300000,235.18,235.3688,235.0112,235.03,2270418.1339889621
1791196200000,235.1367,235.2388,234.98,235.13,4784690.420810052
1791197100000,235.1267,235.7,234.95,235.55,9206772.314813266
1791198000000,235.45,235.5652,234.8577,234.8926,48373823.403266974495774
1791198900000,234.8579,235.24,234.81,235.19,11134907.279411508750056
1791199800000,235.14,235.5,234.9617,235,15137905.5832463198587808
1791200700000,235,235.13,234.882,235.12,14146731.7285272712
1791201600000,235.1128,235.3,234.985,235.2,27808380.621997075648353
1791202500000,235.2,235.27,234.85,235.27,13534767.797382878448148
1791203400000,235.25,235.47,235.08,235.24,22908492.4965674638
1791204300000,235.24,235.53,233.95,235.41,39621683.771308429060692
1791205200000,235.41,235.6,235.2,235.5333,27406109.099433795293676
1791206100000,235.5745,236.54,235.3,236.08,53255493.080979575488418
1791207000000,236.07,237.82,235.15,237.67,2709648959.5533
1791207900000,237.68,237.8599,236.8001,237.265,1319657017.0806
1791208800000,237.25,237.4,236.74,236.85,940469755.6448
1791209700000,236.84,237.23,236.415,237.05,928841080.1821
1791210600000,237.04,237.36,236.68,236.95,832206416.84626846619212
1791211500000,236.94,237.34,236.852,237.28,529179750.4128
1791212400000,237.3,237.45,237.07,237.21,566897756.71199243226532
1791213300000,237.2201,237.288,236.44,236.54,582123106.5906457248
1791214200000,236.555,236.7599,236.22,236.65,591611786.887
1791215100000,236.645,236.945,236.61,236.8,367668360.6682
1791216000000,236.82,236.93,236.71,236.79,232120214.2666
1791216900000,236.795,236.81,236.09,236.155,641625858.0690588107
1791217800000,236.16,236.35,236.01,236.3,398852516.03401506668523
1791218700000,236.3001,236.97,236.22,236.8397,434254494.489392163
1791219600000,236.835,237.56,236.83,237.305,762370016.67904829189451
1791220500000,237.305,237.46,237,237.43,576354784.7046163035
1791221400000,237.44,237.86,237.38,237.835,514425299.7760397194989
1791222300000,237.8399,237.98,237.51,237.585,550852661.81834967377622
1791223200000,237.58,237.966,237.48,237.965,802467873.519719122611
1791224100000,237.9601,238.66,237.96,238.6454,960988969.0318
1791225000000,238.65,238.845,238.42,238.8,717846316.4064
1791225900000,238.8015,239.63,238.68,239.4174,1109410308.3774893347
1791226800000,239.4158,239.7953,239.33,239.73,1170457385.4671
1791227700000,239.74,239.85,239.52,239.57,804844660.6591
1791228600000,239.565,240.0983,239.545,239.645,1713622947.5413028286
1791229500000,239.645,239.7799,238.53,238.9,2293032492.0586
1791230400000,239.1,239.12,238.7,238.9,5344125893.964704199654
1791231300000,238.9,239.17,238.87,239.12,11396733.6259215462
1791232200000,239.149,239.59,238.9,239.52,488198956.5215109838
1791233100000,239.5322,239.6099,239.4622,239.5482,44524830.242725941589992
1791234000000,239.5331,239.59,239.45,239.5397,9406506.824563904197683
1791234900000,239.5391,239.8,239.3,239.4097,13769599.1462610792
1791235800000,239.4097,239.5382,239.312,239.4785,8990746.432240035
1791236700000,239.4785,239.539,239.42,239.5192,7158839.610222395
1791237600000,239.5192,239.65,239.47,239.6177,6493598.2085509703186542
1791238500000,239.5322,239.62,239.45,239.559,9551123.019622057
1791239400000,239.559,239.5799,239.4,239.5772,15528324.5168988856814208
1791240300000,239.5772,239.59,239.41,239.5487,8566556.6136667573
1791241200000,239.5487,239.55,239.412,239.5395,4816066.9422009497185138
1791242100000,239.5205,239.85,239.5205,239.8197,12651894.1731544801984425
1791243000000,239.8197,240.2377,239.7,240.2377,14639016.6351059019592376
1791243900000,240.2377,240.26,240.0655,240.2,18035989.6297530607
1791244800000,239.99,240.2,239.86,240.03,4643036.88
1791245700000,240.03,240.24,240.01,240.17,2526106.22
1791246600000,240.17,240.32,240.11,240.12,4021270.17
1791247500000,240.13,240.25,240.1,240.19,2793114.18
1791248400000,240.19,240.25,240.11,240.13,3206500.61
1791249300000,240.11,240.11,239.76,239.88,6507911.48
1791250200000,239.86,239.9,239.57,239.63,1457560.65
1791251100000,239.65,239.7,239.27,239.37,2582876.3
1791252000000,239.36,239.5,239.36,239.48,1455107.14
1791252900000,239.49,239.62,239.47,239.51,3521982.39
1791253800000,239.51,239.52,239.18,239.31,2405028.87
1791254700000,239.31,239.46,239.24,239.46,1701225.67
1791255600000,239.48,239.68,239.43,239.66,3028292.66
1791256500000,239.66,239.76,239.57,239.72,2777101.65
1791257400000,239.7,239.76,239.64,239.7,1263487.54
1791258300000,239.69,239.76,239.66,239.66,780499.68
1791259200000,239.66,239.72,239.48,239.66,2246043.77
1791260100000,239.66,239.81,239.64,239.77,3990538.91
1791261000000,239.77,239.8,239.55,239.61,1919058.81
1791261900000,239.61,239.61,239.24,239.49,5694898.56
1791262800000,239.46,239.65,239.45,239.63,3143351.69
1791263700000,239.64,239.7,239.55,239.62,1758252.3
1791264600000,239.64,239.74,239.61,239.72,1111680.72
1791265500000,239.72,239.85,239.65,239.82,2994121.13
1791266400000,239.84,240,239.76,239.92,4048252.46
1791267300000,239.92,240.08,239.89,239.94,3806148.21
1791268200000,239.94,240.08,239.88,239.97,2432417.48
1791269100000,239.96,240.24,239.96,240.13,6277933.06
1791270000000,240.12,240.18,239.79,240.1,6489762.54
1791270900000,240.1,240.21,240.09,240.18,3745614.23
1791271800000,240.17,240.25,240.07,240.24,2044411.86
1791272700000,240.24,240.35,240.19,240.35,1705076.38
1791273600000,240.08,240.92,238.9,240.915,44758574.4246
1791274500000,240.915,241.08,240.2,240.288,17535971.2044599023
1791275400000,240.288,240.6192,240.212,240.4985,9016502.6383936
1791276300000,240.5,240.7962,240.49,240.6565,7749265.5676610507813486
1791277200000,240.6565,241.068,240.523,241.068,11240038.7349725621
1791278100000,241.068,241.068,240.6412,240.7475,6305099.8705991016
1791279000000,240.6622,240.755,240.55,240.6182,6042564.914974051
1791279900000,240.628,240.72,240.5,240.549,7881421.53513652
1791280800000,240.549,240.759,240.5,240.72,6464126.8682272804811194
1791281700000,240.6712,241,240.6712,240.818,9762205.222645168
1791282600000,240.818,241.0487,240.6922,240.949,9098295.5521352612959165
1791283500000,240.949,241.039,240.8025,240.9292,9763670.6389633916
1791284400000,240.9,241.2199,240.9,241.219,58600599.8608814208
1791285300000,241.219,241.535,241.1,241.178,44786597.509298502239075
1791286200000,241.178,241.26,241.01,241.22,35793514.8761535924
1791287100000,241.2295,241.52,241.11,241.4292,37065799.95714572
1791288000000,241.43,241.55,241.2,241.5495,98456578.588697362758948
1791288900000,241.53,241.95,241.46,241.85,41556587.4395522136
1791289800000,241.8609,241.8787,241.15,241.239,49394456.304589022
1791290700000,241.239,241.44,241.02,241.4295,30975917.924258654211973
1791291600000,241.42,241.79,241.4,241.6801,54908568.422659021431838
1791292500000,241.72,242.41,241.41,242.1,47817837.3341139095
1791293400000,242.032,243.37,240.76,241.7655,3008607097.8389
1791294300000,241.75,243.07,241.22,242.295,1663393545.1538293427
1791295200000,242.3,242.49,241.61,242.3,1057366201.1287
1791296100000,242.295,242.35,241.76,241.92,1023833152.2544
1791297000000,241.91,242.67,241.49,242.61,1227979480.6845
1791297900000,242.605,242.61,242.05,242.4598,571947297.442214858
1791298800000,242.455,242.5265,242.06,242.11,492109650.7632
1791299700000,242.11,242.19,241.49,241.66,700444954.540197816
1791300600000,241.66,241.71,241.37,241.464,500939493.8538
1791301500000,241.4494,241.67,241.36,241.62,343963570.9996
1791302400000,241.635,241.74,241.15,241.1699,536172144.7074
1791303300000,241.1601,241.3899,240.8003,240.86,647097263.3488129178
1791304200000,240.87,240.96,240.299,240.53,620332176.5427
1791305100000,240.515,240.72,240.41,240.5852,372937461.4867
1791306000000,240.59,240.7,239.87,240.1175,681155997.8978
1791306900000,240.11,240.115,239.6,239.955,546582480.09777755621037
1791307800000,239.95,239.99,239.69,239.925,419522404.9272
1791308700000,239.92,240.37,239.86,239.97,605691074.3672
1791309600000,239.99,240.46,239.92,240.18,415280107.1534684684
1791310500000,240.17,240.24,240.02,240.185,301624865.6269
1791311400000,240.185,240.32,240.09,240.15,267736706.6583
1791312300000,240.16,240.62,240.01,240.445,472374088.9631
1791313200000,240.445,240.5298,239.67,239.86,481165556.5759
1791314100000,239.8501,240.05,239.61,239.86,469885883.1053
1791315000000,239.85,239.88,239.03,239.085,896347243.1041
1791315900000,239.085,239.46,238.93,239.24,1299266997.2165
1791316800000,239.19,239.58,239.15,239.4797,4734469122.7036274705283
1791317700000,239.45,239.55,239.24,239.44,15511559.1851056128
1791318600000,239.43,239.72,239.4,239.6009,19795745.8247299187
1791319500000,239.61,239.66,239.4522,239.4708,38030102.3582014062
1791320400000,239.5,239.6788,239.45,239.5207,10352019.5058
1791321300000,239.53,239.58,239.4162,239.4489,8300825.4708441225
1791322200000,239.43,239.56,239.4,239.5456,5207960.9303559848817106
1791323100000,239.55,239.61,239.5,239.53,6707697.0992078188
1791324000000,239.53,239.57,239.28,239.31,7446254.2224938172
1791324900000,239.3,240.5,239.28,240.4788,11198567.2841568211
1791325800000,240.2901,240.5133,239.67,240.4,42471684.443349270397072
1791326700000,240.3,240.7,240.16,240.3188,31259213.247692548010898
1791327600000,240.38,240.6,240.18,240.1955,27187509.7037410308
1791328500000,240.18,240.3792,240.11,240.2495,10942169.0853546402
1791329400000,240.22,240.2488,240.03,240.07,3349309.0358993551
1791330300000,240.0701,240.1,239.86,239.988,14560516.7942613986
1791331200000,240.1,240.14,239.85,240.13,1946997.62
1791332100000,240.1,240.37,240.1,240.31,2689481.16
1791333000000,240.31,240.36,240.19,240.25,2079982.66
1791333900000,240.29,240.36,240.07,240.13,1181902.79
1791334800000,240.13,240.35,240.08,240.35,1679335.7
1791335700000,240.36,240.5,240.3,240.41,2373048.83
1791336600000,240.41,240.6,240.39,240.46,3744803.91
1791337500000,240.47,240.51,240.24,240.25,1009479.27
1791338400000,240.25,240.36,240.16,240.22,3499149.13
1791339300000,240.22,240.24,239.86,240,3725960.91
1791340200000,240.04,240.14,240,240.04,3112055.28
1791341100000,240.04,240.25,240.01,240.25,1608221.06
1791342000000,240.25,240.5,240.25,240.26,2887906.32
1791342900000,240.27,240.54,240.27,240.47,1835609.09
1791343800000,240.48,240.55,240.45,240.5,1474635.25
1791344700000,240.49,240.68,240.49,240.53,1990973.11
1791345600000,240.54,240.68,240.48,240.54,4211927.19
1791346500000,240.57,240.68,240.51,240.58,1027663.48
1791347400000,240.6,240.73,240.59,240.61,921740.77
1791348300000,240.61,240.74,240.6,240.61,1131413.38
1791349200000,240.61,240.76,240.61,240.62,1253771.83
1791350100000,240.62,240.62,240.4,240.54,1182752.97
1791351000000,240.53,240.67,240.47,240.6,2427740.78
1791351900000,240.59,240.64,240.54,240.54,698928
1791352800000,240.57,240.59,240.29,240.3,2282720.83
1791353700000,240.29,240.34,240.1,240.15,1892709.57
1791354600000,240.13,240.13,239.88,239.94,3177262.44
1791355500000,239.92,239.95,239.64,239.78,2601586.82
1791356400000,239.79,240.17,239.78,240,3585635.58
1791357300000,240,240.17,239.8,240.01,2104167.89
1791358200000,240,240.05,239.88,240,1480920.39
1791359100000,240.03,240.09,239.76,239.81,2298933.55
1791360000000,240.09,240.76,239.24,239.7426,18798314.2534156861
1791360900000,239.78,239.9,239.6,239.71,9978032.7816878973
1791361800000,239.71,239.7998,239.5,239.578,5420478.885573954
1791362700000,239.6,239.8,239.3732,239.4715,6057348.1461461703189239
1791363600000,239.47,239.5685,239.1,239.16,11462945.0188538427425652
1791364500000,239.1205,239.1788,238.68,238.8614,17272267.529318101605238
1791365400000,238.86,239,238.69,238.729,16742432.792973344189177
1791366300000,238.7,239,238.5,239,13777307.5143153324675438
1791367200000,238.92,239.165,238.78,238.9373,9010660.097115744
1791368100000,239,239.23,238.8337,239.18,7389470.49337611547791
1791369000000,239.11,239.2,238.6603,238.6603,13597035.4741042112952385
1791369900000,238.68,238.85,238.1,238.6085,21898123.094820552
1791370800000,238.66,239.24,237.8,238.17,59286625.125235266042157
1791371700000,238.29,238.29,237.34,237.83,49249713.459307468
1791372600000,237.8,237.86,237.4,237.43,22230233.382449542
1791373500000,237.43,237.78,237.21,237.6,32179256.970382018
1791374400000,237.65,237.7,236.93,236.93,44029135.207210643877535
1791375300000,236.95,237.1288,236.582,236.728,44130316.118855154168549
1791376200000,236.7725,237.35,236.68,236.96,34115468.6005489498
1791377100000,236.9896,237.24,236.862,237.01,21617051.1331229256
1791378000000,237.01,237.25,236.43,237.1333,42468889.27354823347968
1791378900000,237.1425,237.71,236.96,237.7,31630776.2275651294
1791379800000,237.675,238.9,237.06,238.06,1537140827.9519
1791380700000,238,238.82,237.3,238.735,1108842202.6254
1791381600000,238.725,239.08,238.32,238.47,788205987.6531
1791382500000,238.4615,238.61,237.61,237.68,652944335.1142
1791383400000,237.67,238.19,237.67,237.7701,542472950.7333628916
1791384300000,237.79,237.8999,237.07,237.1,632524576.1424009127
1791385200000,237.1,237.56,236.71,237.345,732532290.2026967476
1791386100000,237.345,237.4399,236.64,236.735,488813435.36925133813176
1791387000000,236.74,237.555,236.65,237.4776,546582003.829
1791387900000,237.478,237.785,237.13,237.2,468564779.6145
1791388800000,237.2,237.41,237.081,237.23,314074662.7814
1791389700000,237.225,237.24,236.88,236.898,359621452.5895412432
1791390600000,236.895,237.178,236.88,236.96,236855858.7928
1791391500000,236.96,237.185,236.85,236.91,383430583.6746
1791392400000,236.905,237.35,236.78,237.13,376059219.5319
1791393300000,237.13,237.3989,237.0226,237.2199,212125667.2116324918
1791394200000,237.22,237.37,236.89,236.915,297245466.1183187837
1791395100000,236.915,236.99,236.75,236.919,320273221.988
1791396000000,236.89,237.2499,236.765,236.8518,355946688.5831
1791396900000,236.8516,236.9614,236.72,236.92,346122479.614
1791397800000,236.92,236.9999,236.66,236.89,588214603.9818
1791398700000,236.885,236.92,236.67,236.795,250644250.2653737764
1791399600000,236.8,237.035,236.38,236.94,594024105.0525
1791400500000,236.94,237.17,236.91,236.965,309528859.8051
1791401400000,236.96,237.1,236.81,237.0399,343345143.80250856
1791402300000,237.03,238.1,236.975,237.47,2102859615.9965
1791403200000,237.34,237.68,237.3,237.5382,3202221569.8371137358366
1791404100000,237.52,237.57,237.42,237.5118,28900246.3199719563249744
1791405000000,237.5118,237.56,237.4801,237.5488,6925352.1841297070499112
1791405900000,237.5495,237.56,237.5,237.5368,35702952.690871238
1791406800000,237.5368,238.15,237.4697,237.5364,25849623.65024116
1791407700000,237.51,237.6,237.46,237.4898,5902701.1503960035
1791408600000,237.47,237.49,237.3,237.45,51471622.0267823272877142
1791409500000,237.44,237.5,237.37,237.48,8145823.4139958104374114
1791410400000,237.45,237.82,237.41,237.7177,7787533.6185968152
1791411300000,237.71,237.8188,237.55,237.8188,4487450.8061667136
1791412200000,237.8,237.9,237.6363,237.8278,6539187.9381431389
1791413100000,237.8682,237.92,237.655,237.8388,6387463.0035352027
1791414000000,237.72,238.1,237.71,238,6761792.167819295589738
1791414900000,238.0076,238.14,237.47,238.05,8912667.15055373595222
1791415800000,238,238.0525,237.95,237.9532,4867704.8359699424520276
1791416700000,237.9792,237.98,237.53,237.5501,7317344.1657933
1791417600000,237.92,237.92,237.51,237.61,1198308.08
1791418500000,237.61,237.74,237.57,237.6,1189964.84
1791419400000,237.59,237.7,237.4,237.4,1224066.89
1791420300000,237.4,237.59,237.39,237.51,1369648.01
1791421200000,237.54,237.71,237.53,237.62,581479.54
1791422100000,237.62,237.81,237.54,237.81,1474091.37
1791423000000,237.76,238.06,237.74,237.87,2981029.63
1791423900000,237.87,237.99,237.83,237.97,751804.42
1791424800000,237.98,238,237.72,237.72,1119256.33
1791425700000,237.74,237.96,237.74,237.86,1196908.91
1791426600000,237.88,237.99,237.8,237.87,1559838.63
1791427500000,237.87,237.96,237.57,237.57,1923513.53
1791428400000,237.6,237.71,237.38,237.38,2009033.14
1791429300000,237.37,237.55,237.24,237.5,1281778.08
1791430200000,237.52,237.53,237.3,237.31,1454248.01
1791431100000,237.3,237.32,237.01,237.03,1866644.07
1791432000000,237.06,237.14,236.94,236.95,1629500.93
1791432900000,236.95,237.19,236.92,237.14,2550565.47
1791433800000,237.14,237.19,237.07,237.09,1136560.25
1791434700000,237.09,237.24,237.08,237.19,961477
1791435600000,237.17,237.46,237.1,237.39,1339285.07
1791436500000,237.39,237.42,237.14,237.14,827437.84
1791437400000,237.16,237.23,236.92,236.95,1246479.18
1791438300000,236.94,237.02,236.58,236.64,2739421.19
1791439200000,236.65,236.72,236.48,236.6,4412581.01
1791440100000,236.58,236.59,236,236.26,6596177.37
1791441000000,236.2,236.33,236.05,236.27,5323007.64
1791441900000,236.25,236.3,236.03,236.05,5844844.28
1791442800000,236.05,236.11,235.66,235.87,9271613.16
1791443700000,235.84,236.25,235.82,236.12,4940165.07
1791444600000,236.12,236.13,235.91,235.93,1433758.84
1791445500000,235.93,236.01,235.78,235.8,1462859.61
1791446400000,235.97,237.49,235.44,236.0003,21777063.24705601
1791447300000,236.1388,236.961,236.0622,236.62,12171802.6833416602
1791448200000,236.6,236.67,236.05,236.2089,4579662.9863448888
1791449100000,236.3688,236.3688,235.8,235.8,7625713.355020528
1791450000000,235.801,236.2,235.79,236.02,4716490.2465537218
1791450900000,236.1,236.1,235.82,236.04,5152425.42984956
1791451800000,236,236.3688,235.92,236.1488,3100582.3127573543
1791452700000,236.13,236.2688,235.7866,235.92,7545672.2480548248
1791453600000,235.92,235.96,235.67,235.8333,8812881.7691702654
1791454500000,235.8,235.8667,235.2025,235.24,5056420.4118791792357442
1791455400000,235.23,235.32,234.92,235.1,18340178.969484142
1791456300000,235.15,235.49,235.1,235.44,9650220.164458538776258
1791457200000,235.42,235.49,234.85,235,49437249.401312340247027
1791458100000,235.029,235.32,234.89,235.2586,19232974.630955114050127
1791459000000,235.27,235.6,235.05,235.42,14975475.9142155927239755
1791459900000,235.42,235.4667,234.94,235.0776,17444854.199435074
1791460800000,235.09,235.4,234.95,235.1853,23507387.3562594744
1791461700000,235.18,235.5,235,235.36,8970180.1359766248
1791462600000,235.44,235.47,235.11,235.37,16956831.9121888043
1791463500000,235.3462,235.42,235.1,235.2545,15550382.6252843412588988
1791464400000,235.3,235.44,235.1857,235.2101,25569406.33490204264667
1791465300000,235.25,235.62,234.86,234.92,46296474.3679319346
1791466200000,234.93,235.2,233.87,234.285,1929852648.2654359779903
1791467100000,234.28,234.7296,233.71,234.02,1118785148.3284371604
1791468000000,234.05,236.1,234.01,236.0399,1179046891.6132
1791468900000,236.0101,237.07,235.86,236.978,899956973.8741802676
1791469800000,236.9601,237.05,236.51,236.67,649235423.882
1791470700000,236.67,237.0399,236.31,236.59,566375589.8756086676771
1791471600000,236.58,236.639,235.93,235.9601,391831568.5434
1791472500000,235.965,236.365,235.775,236.22,491171251.846278745
1791473400000,236.22,236.3,235.51,235.58,339412241.8779
1791474300000,235.59,235.6894,235.14,235.23,392562219.1236
1791475200000,235.2498,235.4899,235.11,235.16,343882081.7741262718
1791476100000,235.1683,235.8,234.925,235.54,686642303.3998
1791477000000,235.54,235.615,234.5,234.755,403105576.084696094490312
1791477900000,234.71,234.95,232.35,232.6,1745623353.2083
1791478800000,232.59,232.6,231.31,232.215,1501262388.5454
1791479700000,232.2,232.28,229.85,230.38,1266007108.548019575
1791480600000,230.395,231.6,230.17,231.21,954712315.2041
1791481500000,231.21,231.3799,230.11,230.37,1007725390.749
1791482400000,230.3876,230.6,229.91,230.55,727184916.9519719992
1791483300000,230.56,231.485,230.525,231.39,814672183.9888
1791484200000,231.39,231.39,230.04,230.22,595355205.7063491109
1791485100000,230.2,230.46,230,230.09,725553982.2543
1791486000000,230.08,230.6,229.94,230.28,682180652.5065
1791486900000,230.285,230.92,229.95,230.49,715450380.1895986171
1791487800000,230.485,230.84,230.21,230.8101,622162703.6825
1791488700000,230.81,231.01,230.21,230.48,1769094971.7982
1791489600000,230.58,230.88,230.4796,230.7608,3805931371.5062919467627
1791490500000,230.76,231.04,230.48,230.9585,90527541.5620954074
1791491400000,230.9591,231.1288,230.7,230.95,25503691.0072693287
1791492300000,230.95,231.3299,230.78,231.27,763731377.7685416741309646
1791493200000,231.2608,231.37,231.05,231.0597,12831777.7915609218
1791494100000,231.0599,231.15,230.95,230.9564,7071335.195621795924252
1791495000000,230.9988,231.1,230.91,231.0223,14663235.711518734845168
1791495900000,231.06,231.18,231.0101,231.11,4396438.570120656
1791496800000,231.12,231.35,231.06,231.35,16612589.4707817054
1791497700000,231.3458,231.43,231.2012,231.42,12034971.9869940086
1791498600000,231.39,231.5,231.33,231.351,10820177.2095344202
1791499500000,231.38,231.43,231.26,231.4,10443426.8685002892253452
1791500400000,231.3982,231.43,231.26,231.3591,5682070.7387776404
1791501300000,231.3591,231.37,231.02,231.04,6453061.8471842438
1791502200000,231.05,231.2,230.95,230.9522,5769032.9252670114
1791503100000,231,231.04,230.73,230.75,10007932.0828437406
1791504000000,231.18,231.2,230.67,230.88,1915473.1
1791504900000,230.88,231.13,230.86,231.13,1846699.96
1791505800000,231.13,231.54,231.09,231.54,2101575.92
1791506700000,231.51,231.6,231.18,231.23,3076173.65
1791507600000,231.24,231.36,231.16,231.36,2387741.49
1791508500000,231.36,231.67,231.25,231.54,2956697.45
1791509400000,231.54,231.93,231.38,231.91,3133727.16
1791510300000,231.92,232.22,231.9,232.22,4419230.27
1791511200000,232.22,232.3,232.08,232.08,4179682.19
1791512100000,232.07,232.25,231.97,232.15,5837640.51
1791513000000,232.13,232.19,231.98,232.07,1967158.41
1791513900000,232.03,232.17,231.97,232.11,1749058.48
1791514800000,232.11,232.12,231.83,231.96,1974011
1791515700000,231.99,232.33,231.86,232.33,5724585.22
1791516600000,232.32,232.35,232.22,232.34,2076298.77
1791517500000,232.33,232.35,232.25,232.34,1290612.63
1791518400000,232.35,232.54,232.33,232.54,3782733.14
1791519300000,232.52,232.67,232.38,232.58,1511143.48
1791520200000,232.61,232.85,232.56,232.76,2260613.15
1791521100000,232.77,232.78,232.5,232.6,3011712.65
1791522000000,232.61,232.81,232.52,232.69,1418444.68
1791522900000,232.71,232.99,232.65,232.99,2324014.03
1791523800000,232.99,233.1,232.89,233,3915661.65
1791524700000,232.98,233.12,232.81,233.03,2856941.64
1791525600000,233.06,233.26,233,233.19,5405586.13
1791526500000,233.15,233.23,233,233.13,6689116.71
1791527400000,233.18,233.36,233.11,233.3,6815327.71
1791528300000,233.29,233.59,233,233.37,12124758.2
1791529200000,233.37,233.86,233.37,233.74,5432160.16
1791530100000,233.74,233.93,233.74,233.87,6400351.89
1791531000000,233.87,233.99,233.71,233.95,5616843.78
1791531900000,233.93,233.95,233.61,233.63,2013616.1
1791532800000,234.45,234.7985,230.48,234.22,51523627.5868
1791533700000,234.2767,234.6975,234.2,234.42,15078380.2246745355
1791534600000,234.45,234.7953,234.38,234.77,8165086.1245017896728795
1791535500000,234.77,234.8577,234.49,234.49,9028078.6712958663
1791536400000,234.57,234.744,234.33,234.37,6380996.2390007
1791537300000,234.3755,234.476,234.15,234.4088,7896778.0820140097
1791538200000,234.4088,234.4288,234.2052,234.2512,5101165.1954081041969683
1791539100000,234.2974,234.47,234.15,234.3788,5540649.135776145
1791540000000,234.3487,235.4957,234.24,234.9,28628689.5079250158
1791540900000,234.9,235.2888,234.82,235.1688,13050279.904489341
1791541800000,235.08,235.17,234.5,234.74,15035252.8853902530699918
1791542700000,234.7488,234.8,234.56,234.7,8971955.0630785405
1791543600000,234.61,234.8,233.9,233.9992,43229712.093273979224212
1791544500000,234.0563,234.3,233.96,234.28,21239015.9303731724
1791545400000,234.29,234.4,233.85,234,19395107.411432069
1791546300000,234.0285,234.25,233.85,234.08,13730008.4467986702
1791547200000,234.06,234.19,233.67,233.6803,30358549.225929995139512
1791548100000,233.7602,234.68,233.65,233.9512,14053400.211723646
1791549000000,233.9526,234.2988,233.8,233.83,87292990.56789468
1791549900000,233.84,234.0285,233.7037,233.98,12281102.8294986956
1791550800000,233.9455,234.27,233.883,234.13,23565555.0923078525
1791551700000,234.1588,234.5,233.67,233.81,40293207.6425079155
1791552600000,233.875,233.89,230.85,231.24,1807270894.8666405535
1791553500000,231.2501,231.7899,230.66,230.8,1074262224.6923
1791554400000,230.83,231.415,230.61,231.04,866601079.7601
1791555300000,231.04,231.07,230.43,230.69,623851927.4077
1791556200000,230.69,231.26,230.4801,230.705,682184965.2165
1791557100000,230.69,231.6599,230.62,231.31,651769951.5622
1791558000000,231.33,231.36,230.12,230.195,784882775.8671
1791558900000,230.185,230.47,229.81,229.81,716852313.3826
1791559800000,229.8193,230.19,229.78,229.995,622109139.3647
1791560700000,230.01,230.18,229.25,229.275,608701343.8456
1791561600000,229.27,230.025,229.11,229.56,722930957.3449
1791562500000,229.54,229.794,229.4305,229.465,439158985.9071
1791563400000,229.49,229.77,229.1327,229.4117,521154809.2422
1791564300000,229.42,229.8422,229.21,229.295,438250471.9773200431
1791565200000,229.295,229.57,229.27,229.5013,334022208.0495918584
1791566100000,229.505,230.045,229.48,229.95,360467365.7180198264
1791567000000,229.94,229.95,229.45,229.5,406829624.54396537
1791567900000,229.49,229.66,229.42,229.5,261932528.641770576482404
1791568800000,229.505,229.71,229.32,229.625,281805336.3056510766
1791569700000,229.625,229.8505,229.59,229.7382,591957146.55178753946793
1791570600000,229.74,229.79,229.31,229.445,323244039.643678592
1791571500000,229.44,229.91,229.38,229.715,408573600.8158713152
1791572400000,229.72,229.82,229.62,229.81,256870352.3810437124
1791573300000,229.79,230.0399,229.76,229.76,1057315443.8665583244
1791574200000,229.75,229.95,229.45,229.645,386937005.57495492748151
1791575100000,229.65,229.77,229.24,229.28,1113624310.0572688544
1791576000000,229.35,229.56,229.21,229.56,3116815804.2994845492076
1791576900000,229.55,229.59,229.28,229.51,10098145.2190641230819024
1791577800000,229.54,229.54,229.39,229.4468,11619981.3251393577053
1791578700000,229.44,230,229.39,229.56,6647280.2605813095
1791579600000,229.5597,229.59,229.54,229.5684,8371330.118853948
1791580500000,229.57,229.58,229.43,229.5018,12251694.883553461304674
1791581400000,229.52,229.52,229.38,229.4558,4763877.494947245
1791582300000,229.4558,229.46,229.42,229.4246,2364804.039068289458867
1791583200000,229.44,229.46,229.4,229.43,1885719.3602036461
1791584100000,229.4398,229.45,229.28,229.39,4512349.8394604996
1791585000000,229.38,229.43,229.3127,229.3691,2392321.5326840202
1791585900000,229.3691,229.4,229.34,229.39,3856584.8782657046
1791586800000,229.3899,229.43,229.3307,229.36,4590423.4580209778588002
1791587700000,229.3599,229.4199,229.3415,229.3795,1642832.5282493186
1791588600000,229.3655,229.42,229.36,229.395,3549852.39458719
1791589500000,229.395,229.5,229.3007,229.3182,6287963.911908451311788
1791590400000,229.6,229.6,229.53,229.59,1735.123206
1791592200000,229.59,229.61,229.59,229.61,193.675965
1791594000000,229.59,229.59,229.57,229.57,398.78302
1791596700000,229.61,229.68,229.57,229.57,247.862475
1791597600000,229.68,229.69,229.68,229.68,203.359873
1791598500000,229.68,229.69,229.68,229.68,47.544601
1791599400000,229.57,229.57,229.57,229.57,89.142031
1791600300000,229.68,229.72,229.68,229.72,3026.620152
1791601200000,229.72,230.08,229.72,230.05,14403.332909
1791602100000,230.05,230.07,229.99,229.99,82.585014
1791604800000,230.07,230.07,229.99,230.04,317.23817
1791605700000,230.04,230.2,230.04,230.2,1938.785457
1791606600000,230.2,230.2,229.99,229.99,452.649633
1791607500000,229.99,229.99,229.99,229.99,144.272727
1791611100000,230.2,230.2,229.93,229.93,778.024603
1791612900000,230.14,230.14,229.93,229.93,46.007
1791613800000,230.2,230.27,229.93,230.19,2134.282597
1791614700000,230.24,230.24,230.24,230.24,44.574464
1791615600000,230.19,230.19,230.18,230.18,46.037
1791616500000,230.2,230.2,230.18,230.18,33.791892
1791617400000,230.2,230.22,230.18,230.18,665.771472
1791618300000,230.22,230.22,230.16,230.16,339.21285
1791619200000,230.16,230.16,230.13,230.13,378.563862
1791621900000,230.13,230.13,230.13,230.13,15.994035
1791624600000,230.21,230.21,230.13,230.13,233.438414
1791627300000,230.23,230.23,230.13,230.23,63.558883
1791630000000,230.23,230.23,230.13,230.13,29.439817
1791632700000,230.23,230.29,230.13,230.13,1294.134144
1791633600000,230.13,230.43,230.13,230.2,3195.991141
1791634500000,230.24,230.28,230.2,230.28,1172.031088
1791635400000,230.28,230.29,230.2,230.2,209.844462
1791636300000,230.38,230.38,230.28,230.28,42.695512
1791640800000,230.38,230.38,230.28,230.28,75.681693
1791641700000,230.33,230.33,230.3,230.3,30.471306
1791644400000,230.3,230.42,230.3,230.38,1609.329536
1791645300000,230.36,230.43,230.36,230.4,2663.502961
1791648000000,230.4,230.4,230.36,230.36,31.976744
1791649800000,230.4,230.46,230.37,230.37,544.373808
1791650700000,230.43,230.47,230.37,230.39,330.877724
1791651600000,230.39,230.39,230.39,230.39,94.759407
1791652500000,230.39,230.42,230.39,230.42,254.979574
1791654300000,230.44,230.44,230.28,230.28,258.166477
