1782331200000,710.671,719.41,710.305,719.319,5612404406.402996
1782332100000,719.315,722.78,718.73,722.43,833053876.3866931
1782333000000,722.416,724.404,721.32,724.395,444405666.9540584
1782333900000,724.39,725.722,724.074,724.3,304991483.84002626
1782334800000,724.31,724.523,721.385,722.196,211131507.25029996
1782335700000,722.255,724.318,722.255,724.216,97557379.09788457
1782336600000,724.232,724.272,723.39,723.451,196447704.21805713
1782337500000,723.455,724.389,723.254,723.884,65695812.97709389
1782338400000,724.25,725.86,723.626,723.945,140944129.68561447
1782339300000,723.9,724.154,723.48,723.568,40415718.985983655
1782340200000,723.569,724.0,723.481,723.841,28095116.176392537
1782341100000,723.845,723.92,723.326,723.384,28036242.324436687
1782342000000,723.386,724.054,723.291,723.566,27346734.330951832
1782342900000,723.571,724.403,723.515,723.993,15280154.130369425
1782343800000,723.997,725.048,723.986,724.904,30217647.761817686
1782344700000,724.906,725.308,724.18,724.469,49446155.24298822
1782345600000,726.31,726.31,723.52,724.39,13494061.76
1782346500000,724.57,724.59,722.97,723.17,9441506.31
1782347400000,723.13,723.23,720.94,721.38,11036573.82
1782348300000,721.37,722.07,720.76,721.32,13667148.0
1782349200000,721.32,722.1,721.11,721.51,12312938.54
1782350100000,721.59,722.02,721.11,721.39,13285710.89
1782351000000,721.36,722.89,721.33,722.11,23863972.35
1782351900000,722.09,722.95,721.98,722.25,11790517.79
1782352800000,722.27,722.65,720.88,721.07,15207326.17
1782353700000,720.91,722.04,720.45,721.91,8829013.39
1782354600000,721.93,722.18,721.45,721.65,9707582.44
1782355500000,721.66,722.23,721.44,722.2,5867976.7
1782356400000,722.29,722.76,722.09,722.42,9174076.81
1782357300000,722.41,723.12,721.87,722.85,8041419.63
1782358200000,722.95,723.32,722.28,722.34,7269650.92
1782359100000,722.41,723.26,722.33,723.01,6646577.05
1782360000000,723.03,723.28,722.86,722.93,2840853.41
1782360900000,722.99,723.25,722.6,722.72,4790227.05
1782361800000,722.69,723.16,722.23,723.16,3378660.5
1782362700000,723.16,723.7,723.02,723.14,4126305.35
1782363600000,723.29,723.98,723.29,723.86,3165039.37
1782364500000,723.88,724.52,723.77,724.51,7950801.03
1782365400000,724.46,725.07,724.36,724.87,9200234.72
1782366300000,724.76,724.8,724.26,724.37,6737095.03
1782367200000,724.45,725.05,724.07,725.03,4938913.85
1782368100000,724.89,725.38,724.85,724.88,4438011.48
1782369000000,724.79,725.04,724.59,724.71,1308424.18
1782369900000,724.73,725.02,724.59,724.71,6090456.74
1782370800000,724.88,725.54,724.86,725.23,9524249.61
1782371700000,725.32,726.62,725.31,726.38,17564541.22
1782372600000,726.32,726.56,725.78,726.39,4008876.07
1782373500000,726.46,726.58,725.92,726.58,6033332.27
1782374400000,724.829,727.353,724.829,726.671,164903014.14152718
1782375300000,726.662,726.662,726.001,726.273,25785193.63619249
1782376200000,726.274,726.528,725.932,725.932,23537295.221700978
1782377100000,725.927,725.927,724.82,725.088,31436642.38844406
1782378000000,725.087,725.807,724.95,725.474,27613407.351175085
1782378900000,725.475,725.754,725.049,725.474,20306955.540704764
1782379800000,725.469,725.914,725.386,725.742,34008530.83010876
1782380700000,725.74,725.92,725.288,725.319,15025689.341476507
1782381600000,725.318,726.05,725.223,725.976,32212984.779112376
1782382500000,725.983,726.204,725.636,726.084,22284683.018283527
1782383400000,726.086,726.6,725.774,725.785,21116337.557842303
1782384300000,725.794,726.351,725.561,725.938,17559301.63554957
1782385200000,726.07,726.78,725.831,725.845,68160371.07966478
1782386100000,725.84,725.923,724.823,724.935,57865114.56607669
1782387000000,724.937,725.438,724.603,725.348,62138545.078513436
1782387900000,725.341,725.75,724.95,725.284,61630365.98557077
1782388800000,725.286,726.5,725.08,725.544,64448502.3557757
1782389700000,725.544,725.758,725.01,725.253,69714131.9653256
1782390600000,725.261,728.18,725.261,726.865,211621760.12599036
1782391500000,726.851,727.58,726.76,727.025,56142126.38381304
1782392400000,727.026,727.256,725.72,726.036,152277927.214585
1782393300000,726.053,726.42,725.419,725.98,110159159.64237177
1782394200000,725.9,726.74,716.13,716.465,2816716766.5178967
1782395100000,716.52,717.7,705.31,705.82,4182198993.4744096
1782396000000,705.82,714.77,705.63,711.4,3342001087.0729647
1782396900000,711.41,714.51,709.68,712.449,1660514340.7604353
1782397800000,712.427,715.345,711.79,712.693,1284721843.2779522
1782398700000,712.694,716.75,711.77,713.451,1139935221.1476722
1782399600000,713.46,716.04,710.5,710.93,1244738936.0321443
1782400500000,710.88,714.18,709.23,712.746,1240083265.3490653
1782401400000,712.78,715.04,712.78,714.896,571894626.3710327
1782402300000,714.896,716.31,713.93,714.059,667352331.8214008
1782403200000,714.05,718.46,713.71,718.039,834084788.2321534
1782404100000,718.046,719.12,715.9,716.547,801126376.6370988
1782405000000,716.55,716.56,713.6,713.82,632071122.1629906
1782405900000,713.743,715.42,712.31,714.581,871003678.5433264
1782406800000,714.595,716.83,714.41,716.248,824302226.8100268
1782407700000,716.248,717.68,714.45,716.55,542569216.4548938
1782408600000,716.563,717.3,715.632,715.92,609962571.6435401
1782409500000,715.882,717.49,714.65,717.276,625672943.4092654
1782410400000,717.289,717.81,714.65,716.808,981495178.1286104
1782411300000,716.8,719.59,716.18,719.27,818387687.363882
1782412200000,719.255,719.27,715.99,717.148,674871245.6084787
1782413100000,717.144,717.564,715.11,716.71,620035309.8001109
1782414000000,716.8,716.8,714.08,714.364,692201916.8766751
1782414900000,714.344,714.95,713.23,714.685,903462223.1819108
1782415800000,714.63,714.665,713.12,714.34,794275550.2387897
1782416700000,714.74,716.4,714.65,716.325,2003742697.678561
1782417600000,716.038,720.05,716.038,717.505,1695694121.5298252
1782418500000,717.513,719.0,717.513,717.865,174624816.3531029
1782419400000,717.863,717.922,716.82,716.87,245562793.1535344
1782420300000,716.867,716.935,716.37,716.457,51493159.375247926
1782421200000,716.454,716.65,716.342,716.5,10541615.870477427
1782422100000,716.5,716.525,716.12,716.12,6210993.59271948
1782423000000,716.12,716.297,716.033,716.033,5920218.593892923
1782423900000,716.031,716.031,715.555,715.797,11225934.564247051
1782424800000,716.03,716.388,713.264,713.757,41886248.88334522
1782425700000,713.741,714.545,713.075,713.075,40003214.17081953
1782426600000,713.072,714.191,712.95,714.12,39312549.44997886
1782427500000,714.117,714.7,713.635,714.579,21227811.770826682
1782428400000,714.566,716.031,714.385,716.031,28589092.06307678
1782429300000,716.039,719.466,715.906,719.136,122998639.30288
1782430200000,719.131,719.175,716.543,716.543,35114960.778825976
1782431100000,716.536,716.536,714.455,714.959,53735640.33761355
1782432000000,714.98,716.96,714.98,716.51,13940050.2
1782432900000,716.31,716.83,714.16,715.4,5094118.36
1782433800000,715.55,715.55,713.96,714.54,8652682.9
1782434700000,714.64,715.12,713.35,713.95,5928832.65
1782435600000,713.9,714.62,712.1,713.75,10437624.83
1782436500000,713.77,714.59,713.02,713.11,2174090.64
1782437400000,713.29,713.29,710.71,710.71,7139438.78
1782438300000,710.66,711.43,709.65,710.27,11172187.68
1782439200000,710.44,710.53,709.16,709.41,14019496.23
1782440100000,709.43,709.6,707.89,708.49,16516803.55
1782441000000,708.42,708.78,706.47,706.73,16505757.1
1782441900000,706.62,706.72,704.01,704.82,16945922.62
1782442800000,704.84,704.89,703.7,704.56,13026628.26
1782443700000,704.59,704.9,703.95,704.45,7069242.95
1782444600000,704.4,704.5,702.36,704.5,19367911.27
1782445500000,704.54,707.26,704.22,707.26,13951842.2
1782446400000,707.33,707.49,706.32,707.0,18998174.67
1782447300000,707.09,707.64,705.21,706.26,14812764.49
1782448200000,706.2,706.6,705.18,705.66,10661978.81
1782449100000,705.67,705.73,704.54,704.82,8892925.93
1782450000000,704.99,706.83,704.63,706.83,7624375.7
1782450900000,706.88,707.54,706.03,707.3,4440794.55
1782451800000,707.44,708.28,705.98,706.07,11764684.2
1782452700000,706.09,707.14,705.71,706.26,4889905.24
1782453600000,706.25,706.6,705.4,706.25,5978822.33
1782454500000,706.3,707.99,706.22,707.9,8334332.63
1782455400000,707.91,709.35,707.6,709.35,11832987.91
1782456300000,709.3,711.29,709.28,710.5,14997208.6
1782457200000,710.64,710.8,708.91,710.19,10767757.5
1782458100000,710.17,711.41,710.01,711.32,9305338.25
1782459000000,711.41,711.92,710.59,710.59,5368067.91
1782459900000,710.67,711.45,710.38,711.23,3421407.33
1782460800000,711.45,714.443,709.485,709.84,224846648.95832217
1782461700000,710.32,710.683,709.512,710.3,22270739.298699718
1782462600000,710.37,710.603,709.155,709.64,10680378.547234645
1782463500000,709.181,709.192,707.277,708.02,35172619.95780232
1782464400000,707.26,708.198,707.26,707.26,18735771.077217016
1782465300000,708.25,708.272,706.78,707.64,57893754.09262787
1782466200000,707.1,709.039,707.002,708.67,36485033.0857874
1782467100000,709.0,709.02,707.305,709.01,17873459.471653514
1782468000000,707.39,707.894,706.133,707.58,37586895.8206234
1782468900000,707.16,707.962,706.751,707.06,26249105.31328887
1782469800000,707.24,707.706,706.667,706.79,29683377.038052764
1782470700000,707.08,707.387,706.733,706.95,19790292.803979293
1782471600000,707.23,708.656,706.98,708.1,63046268.25594642
1782472500000,707.75,708.114,707.155,707.16,25675399.299329154
1782473400000,707.33,707.998,707.19,707.32,43347360.05981208
1782474300000,707.23,707.556,705.887,706.51,54613908.19735753
1782475200000,706.962,708.908,706.681,708.618,46816427.550616145
1782476100000,708.79,709.17,707.485,707.86,60578704.656595685
1782477000000,707.88,708.125,706.2,706.22,69271422.73281065
1782477900000,706.11,706.72,705.7,706.11,96962955.4953637
1782478800000,706.01,706.118,704.556,705.26,142065346.3644183
1782479700000,705.09,706.976,703.85,706.89,213088735.4758683
1782480600000,707.17,707.37,702.88,706.7,2149446926.9419827
1782481500000,706.71,709.61,704.23,709.14,1499596164.8279395
1782482400000,709.18,712.86,708.8,712.51,1663743447.376766
1782483300000,712.478,714.28,711.03,712.622,1511253515.6628404
1782484200000,712.634,713.19,709.47,710.166,1083644192.3630013
1782485100000,710.3,712.24,709.81,710.54,694410654.7269561
1782486000000,710.76,711.625,708.975,709.095,535461937.53926426
1782486900000,709.06,712.55,708.35,712.52,768946318.8740195
1782487800000,712.65,715.565,712.01,715.04,850279159.6325985
1782488700000,714.95,715.28,711.135,713.3,937127208.7830936
1782489600000,713.25,713.34,710.939,711.71,494314323.163471
1782490500000,711.49,712.39,710.32,711.705,525349242.1414838
1782491400000,711.95,713.699,711.724,712.69,519783082.2930406
1782492300000,712.745,713.75,712.48,713.072,455575400.9106009
1782493200000,712.97,715.09,712.665,713.93,542900747.7182152
1782494100000,714.04,714.04,712.21,713.61,467958509.0105109
1782495000000,713.66,714.5,711.81,712.77,485976899.7253375
1782495900000,712.74,712.948,711.23,711.45,409470299.1376162
1782496800000,711.505,712.27,711.01,711.24,379993750.88307124
1782497700000,711.31,711.59,709.34,709.44,1439051230.8505373
1782498600000,709.55,710.56,709.305,709.94,503224648.4936232
1782499500000,709.7,709.838,707.73,708.54,1949260512.5561774
1782500400000,708.397,710.47,707.9,710.449,1039233601.2673932
1782501300000,710.441,710.441,708.6,709.181,1555908945.0207877
1782502200000,709.26,711.5,708.68,711.25,912360261.7725911
1782503100000,711.31,712.01,705.12,705.63,2646268595.3955355
1782504000000,707.33,708.1,704.9,706.83,3951987432.083423
1782504900000,706.93,707.62,706.72,706.75,364616040.10830444
1782505800000,706.66,706.815,704.726,705.04,447669345.02585053
1782506700000,704.72,705.754,704.661,705.56,240887664.17587218
1782507600000,705.27,705.518,705.02,705.44,34140435.96263425
1782508500000,705.44,705.478,704.915,704.99,128669620.92441353
1782509400000,705.1,705.104,704.816,705.029,21979484.67199456
1782510300000,705.2,705.592,704.993,705.32,38776200.821971916
1782511200000,705.47,705.711,705.39,705.69,14639284.827465901
1782512100000,705.5,705.765,705.392,705.5,13124456.711463718
1782513000000,705.74,706.13,705.466,706.04,15119401.619994128
1782513900000,706.13,706.505,706.13,706.373,20848487.618773643
1782514800000,706.372,706.419,706.065,706.205,7562564.956473337
1782515700000,706.21,706.7,706.062,706.21,10107800.370263852
1782516600000,706.86,707.035,706.35,706.54,17912749.08136725
1782517500000,706.56,706.65,705.96,705.96,17250649.26686851
1782518400000,706.079,706.079,706.022,706.022,0.0
1782691200000,711.95,713.89,710.39,710.98,30387187.96
1782692100000,710.88,711.19,707.64,707.64,40593671.05000001
1782693000000,707.59,709.47,707.31,709.47,19861679.71
1782693900000,709.38,710.58,707.59,710.37,11267166.12
1782694800000,710.45,711.0,709.4,710.41,24133322.96
1782695700000,710.36,710.6,708.94,709.0,20306280.98
1782696600000,709.11,711.86,708.7,711.5,18804313.73
1782697500000,711.74,711.74,710.76,710.94,11120016.93
1782698400000,710.71,711.03,708.0,708.11,14367307.85
1782699300000,708.01,711.23,707.91,711.18,16264961.68
1782700200000,711.0,711.35,710.62,711.16,7167128.97
1782701100000,711.29,711.54,710.85,711.26,8733474.37
1782702000000,711.24,712.36,711.24,711.57,9149456.06
1782702900000,711.5,712.04,711.41,711.79,4952290.0
1782703800000,711.78,712.0,710.08,710.58,6145382.94
1782704700000,710.37,712.96,710.37,712.69,7991316.88
1782705600000,712.55,712.55,711.76,711.86,5192573.72
1782706500000,711.95,712.27,711.11,711.44,4278504.13
1782707400000,711.53,711.59,710.65,711.06,7640178.17
1782708300000,711.07,711.79,710.74,710.91,6629516.15
1782709200000,710.99,711.34,710.37,711.34,7307666.18
1782710100000,711.45,711.84,710.8,711.38,3612845.5
1782711000000,711.47,713.5,711.18,713.33,10311000.31
1782711900000,713.17,714.6,712.99,714.6,5611985.42
1782712800000,714.7,714.7,712.76,713.22,5263544.21
1782713700000,713.25,714.31,713.25,714.24,6356187.12
1782714600000,714.11,714.89,714.05,714.58,7571116.45
1782715500000,714.55,714.55,713.33,713.6,11509622.59
1782716400000,713.71,713.74,712.39,713.0,10289925.46
1782717300000,713.33,714.19,713.33,713.98,10577631.03
1782718200000,713.99,714.78,713.66,714.66,6926043.12
1782719100000,714.39,715.27,714.25,714.46,12017622.98
1782720000000,714.34,715.56,707.447,715.33,203790092.73851556
1782720900000,714.95,716.01,714.859,716.01,64273021.4682955
1782721800000,714.98,715.783,714.808,715.13,36428616.90732158
1782722700000,715.33,715.481,714.331,715.33,17784347.149271384
1782723600000,714.448,714.71,714.005,714.414,17447155.595549397
1782724500000,714.413,715.009,714.159,714.847,7080209.882402901
1782725400000,714.85,714.999,714.107,714.28,17732958.815174676
1782726300000,714.36,714.7,713.58,714.5,25816729.121459387
1782727200000,715.28,715.86,714.518,715.35,14628865.615937792
1782728100000,714.69,715.698,714.64,714.69,8890315.825228237
1782729000000,716.12,716.331,715.603,716.12,11447180.171015888
1782729900000,715.85,716.414,715.7,716.37,27062732.60620433
1782730800000,716.12,716.616,715.502,715.54,98327604.2189607
1782731700000,715.52,715.701,714.89,715.46,65438794.078676924
1782732600000,715.57,716.382,715.27,715.27,76406575.11178014
1782733500000,715.56,715.935,715.255,715.31,37294195.565313525
1782734400000,715.29,716.0,715.07,715.73,53567512.84174984
1782735300000,715.969,716.15,715.49,715.712,32475228.47309904
1782736200000,715.44,715.884,714.1,714.55,83386062.27307191
1782737100000,714.77,715.366,714.457,715.15,61889688.89363587
1782738000000,715.73,716.009,715.352,715.94,66227418.57795147
1782738900000,715.87,716.0,713.71,713.98,110182905.27118936
1782739800000,714.06,717.51,711.98,717.27,2194344290.522831
1782740700000,717.26,718.63,712.52,713.26,1722209727.659265
1782741600000,713.55,713.69,706.49,706.49,2040293562.6140473
1782742500000,706.47,711.96,705.25,711.78,2188928133.8892198
1782743400000,711.776,714.39,711.55,712.738,1245792717.1939347
1782744300000,712.48,715.96,710.73,715.846,1000654275.1221728
1782745200000,715.91,716.3,714.8,715.99,952448168.7858751
1782746100000,716.26,717.31,714.57,717.19,806178303.1904697
1782747000000,717.28,718.51,716.45,718.471,994868603.3150676
1782747900000,718.45,719.06,717.52,718.93,685669868.1180503
1782748800000,718.98,719.86,718.85,719.09,1141941179.9846728
1782749700000,719.225,720.55,719.081,719.545,590027416.4433278
1782750600000,719.68,720.58,718.96,720.52,519074783.63050956
1782751500000,720.517,721.073,720.21,720.711,372415705.187419
1782752400000,720.68,722.69,720.67,722.39,579925916.1859983
1782753300000,722.49,723.0,721.55,722.99,653472741.261746
1782754200000,722.93,723.59,722.42,722.86,511673387.48099613
1782755100000,722.8,723.43,722.54,722.96,471319916.1144957
1782756000000,722.82,723.29,722.61,723.24,459658780.18998253
1782756900000,723.23,723.32,722.45,722.46,384903320.7830418
1782757800000,722.48,724.1,722.48,724.05,686761046.1799523
1782758700000,724.15,724.41,723.37,723.49,621419131.6866705
1782759600000,723.509,723.81,722.79,723.15,785793936.5324606
1782760500000,723.14,724.24,723.035,723.44,1043248517.7630063
1782761400000,723.44,724.02,723.0,723.38,693545335.215331
1782762300000,723.5,724.56,722.3,723.96,4264866492.216001
1782763200000,724.07,724.106,722.88,723.5,1150285890.4498055
1782764100000,723.47,723.772,723.344,723.58,1684807668.485617
1782765000000,723.31,723.45,722.875,723.0,111202118.8550077
1782765900000,723.1,723.264,722.87,723.18,30280875.68888016
1782766800000,723.09,723.15,722.866,723.09,34914636.14843897
1782767700000,723.03,723.16,722.892,723.114,29511739.124811247
1782768600000,722.78,723.319,722.78,722.78,24691430.14777845
1782769500000,723.325,723.384,723.151,723.281,10080012.56641858
1782770400000,722.51,723.727,722.388,723.39,48598537.11692937
1782771300000,723.235,723.744,723.139,723.182,12964981.24629675
1782772200000,723.27,723.561,722.801,723.5,30896637.96251392
1782773100000,723.18,723.512,723.079,723.11,25509351.80592368
1782774000000,723.41,723.944,723.189,723.69,59673697.48492385
1782774900000,723.94,723.944,723.569,723.76,34957811.89328984
1782775800000,723.84,724.187,723.712,724.01,28263468.47327501
1782776700000,723.76,724.168,723.496,723.76,78838599.19541252
1782777600000,723.51,725.03,723.5,724.64,8803747.02
1782778500000,724.69,725.07,722.75,722.93,4618802.15
1782779400000,723.01,723.03,721.58,721.68,13702546.99
1782780300000,721.63,723.37,721.54,723.3,8215711.75
1782781200000,723.36,723.54,721.97,722.29,4801425.03
1782782100000,722.19,724.61,722.19,724.61,6454985.5
1782783000000,724.59,724.87,723.5,724.42,8724327.53
1782783900000,724.21,724.41,723.49,724.35,5068181.16
1782784800000,724.28,724.28,723.15,723.23,4552140.93
1782785700000,723.37,724.01,722.59,723.82,5229137.04
1782786600000,723.76,724.36,723.55,723.55,3117981.89
1782787500000,723.62,724.13,723.53,723.61,3643485.31
1782788400000,723.52,724.14,723.4,723.89,4105138.39
1782789300000,724.04,724.66,724.04,724.58,6631885.74
1782790200000,724.65,726.2,724.48,725.91,6582315.41
1782791100000,725.79,726.16,725.35,725.37,3334047.4
1782792000000,725.51,726.72,725.51,726.43,2996549.03
1782792900000,726.47,727.16,726.31,727.13,6358380.96
1782793800000,727.16,727.91,727.07,727.86,10450153.97
1782794700000,727.96,728.05,727.52,727.64,5015638.79
1782795600000,727.59,728.27,727.51,727.72,4377388.89
1782796500000,727.76,727.81,726.93,726.96,5146355.62
1782797400000,726.93,727.01,725.95,726.61,4748362.83
1782798300000,726.6,727.2,726.59,727.14,3953960.34
1782799200000,727.21,727.22,726.61,726.82,5219058.58
1782800100000,726.68,726.79,725.98,726.61,4417566.8
1782801000000,726.56,726.57,725.49,725.7,4839208.92
1782801900000,725.69,726.32,725.69,726.32,9509455.4
1782802800000,726.36,726.7,725.72,725.83,3234900.04
1782803700000,725.8,726.27,725.74,725.96,3109626.18
1782804600000,726.12,726.26,725.65,725.65,2992631.39
1782805500000,725.6,725.6,723.971,725.18,5226652.94
1782806400000,725.0,726.036,724.13,725.49,140933610.64593604
1782807300000,725.01,726.077,724.847,725.63,14402030.4462944
1782808200000,725.24,726.294,723.64,724.28,25671013.50139547
1782809100000,724.47,724.799,723.689,724.61,11044347.94326342
1782810000000,724.76,725.037,724.52,724.75,11399505.47605031
1782810900000,724.81,725.109,724.537,724.81,3276640.42962795
1782811800000,724.531,724.915,723.964,724.812,8583829.37878779
1782812700000,725.33,725.33,724.782,725.19,5776145.2181185
1782813600000,725.13,725.497,724.827,725.07,11037435.26083721
1782814500000,725.78,725.901,725.502,725.9,13181281.58044678
1782815400000,725.63,725.874,725.22,725.43,6227232.94883843
1782816300000,725.92,726.65,725.312,726.43,16017888.36081185
1782817200000,726.47,727.13,726.225,726.84,47039421.95687275
1782818100000,726.93,727.042,725.91,726.16,45362216.86443348
1782819000000,726.39,726.8,726.015,726.8,27756998.08116694
1782819900000,727.07,727.28,726.4,726.42,63878803.38138785
1782820800000,726.19,726.481,725.17,725.19,65157616.95311957
1782821700000,725.26,725.318,724.002,724.06,118245685.28909086
1782822600000,723.55,724.46,723.22,724.32,118688072.89317317
1782823500000,724.2,724.294,723.338,723.39,55768010.09475563
1782824400000,723.64,724.122,723.25,723.89,56291102.4820669
1782825300000,723.6,724.246,723.01,724.13,104679190.19335108
1782826200000,724.19,729.41,723.96,728.31,2135467249.6287396
1782827100000,728.21,731.94,727.85,731.94,1471222904.0542696
1782828000000,731.89,732.57,729.87,731.57,1628596863.3914762
1782828900000,731.58,733.29,731.2,733.01,951657550.5026886
1782829800000,733.06,733.76,732.09,733.03,923680012.0479654
1782830700000,733.01,733.04,729.98,730.52,724851046.6925274
1782831600000,730.59,733.0,730.45,732.9,894977432.7201992
1782832500000,732.79,733.14,732.07,733.01,511358744.8041261
1782833400000,732.93,733.515,732.62,733.13,520902880.7949752
1782834300000,733.14,734.7,733.14,734.21,669049670.9889239
1782835200000,734.23,735.06,734.06,734.845,495767107.86168945
1782836100000,734.88,735.35,734.76,734.97,469087384.6932855
1782837000000,735.01,735.44,734.66,735.41,388339015.24414545
1782837900000,735.48,736.33,735.364,735.79,423703061.8749784
1782838800000,735.98,736.67,735.809,736.05,493418925.82010055
1782839700000,735.96,736.47,735.76,735.9,345345610.26436454
1782840600000,735.96,736.235,735.59,736.22,375968952.70529395
1782841500000,736.23,736.248,735.63,735.755,1169887720.1115525
1782842400000,735.83,736.15,735.266,735.9,362203470.4290473
1782843300000,735.77,736.34,735.71,735.99,379571725.7817816
1782844200000,735.99,736.54,735.76,736.47,632046388.8882874
1782845100000,736.5,737.0,736.25,736.47,754381477.036368
1782846000000,736.46,737.43,736.46,737.36,1225471965.4751577
1782846900000,737.38,737.6,736.915,737.03,1019617171.129712
1782847800000,737.05,737.23,736.43,737.15,2989799226.103586
1782848700000,737.2,737.61,735.8,736.12,4212716029.542408
1782849600000,735.71,736.39,735.53,735.64,2268043799.1717386
1782850500000,735.55,735.704,735.352,735.61,559392604.4022
1782851400000,735.57,735.684,735.285,735.34,83182360.75240552
1782852300000,735.36,735.518,735.186,735.37,119142418.00756057
1782853200000,735.65,735.7,735.46,735.65,310209455.3581891
1782854100000,735.701,735.884,735.608,735.88,127862425.89830154
1782855000000,735.72,735.884,735.361,735.39,7461853.86557725
1782855900000,735.424,735.576,735.36,735.562,76113945.73610792
1782856800000,735.64,736.116,735.457,735.82,89592802.44299413
1782857700000,735.97,736.31,735.795,736.24,41025804.90146032
1782858600000,735.74,736.255,735.74,735.74,10063303.57906416
1782859500000,735.57,735.841,735.472,735.57,24820548.25798408
1782860400000,735.94,736.332,735.694,736.0,25974128.91628691
1782861300000,736.31,736.406,735.922,736.29,9476431.02915714
1782862200000,736.23,736.47,736.084,736.41,7740011.64123369
1782863100000,736.29,736.494,735.941,736.45,25008705.67602876
1782864000000,736.341,736.77,735.79,736.06,13493391.95
1782864900000,736.26,736.41,735.32,736.34,9407875.91
1782865800000,736.39,736.67,736.16,736.35,3843588.78
1782866700000,736.52,736.6,736.07,736.07,5382846.06
1782867600000,736.08,736.16,734.86,735.44,7024125.81
1782868500000,735.41,735.61,734.71,735.16,8522474.78
1782869400000,735.24,735.56,734.71,734.86,3637587.8
1782870300000,734.83,735.06,734.34,734.35,7426226.67
1782871200000,734.36,734.42,732.81,732.9,14630242.49
1782872100000,732.92,733.68,732.33,733.61,11285272.33
1782873000000,733.59,734.18,733.31,734.14,4528200.36
1782873900000,734.07,734.11,733.73,734.02,4021794.12
1782874800000,734.0,734.67,733.93,734.57,5882371.31
1782875700000,734.66,734.66,733.9,734.02,3535294.85
1782876600000,734.04,734.73,733.89,734.33,2747467.62
1782877500000,734.33,734.96,734.33,734.79,3051550.7
1782878400000,734.71,734.71,733.95,734.0,2755118.51
1782879300000,733.96,734.42,733.86,734.4,4979440.6
1782880200000,734.44,734.56,733.94,734.37,5125552.88
1782881100000,734.48,734.93,734.15,734.19,5384437.03
1782882000000,734.2,734.61,733.98,734.22,4873860.55
1782882900000,734.26,734.4,733.81,734.04,6328070.66
1782883800000,734.02,734.35,733.69,734.02,7536379.51
1782884700000,733.97,734.2,733.69,733.83,3691755.6
1782885600000,733.83,734.16,733.27,733.36,6814693.19
1782886500000,733.34,733.46,732.34,733.12,11171793.69
1782887400000,733.12,733.33,732.73,733.22,4963269.08
1782888300000,733.24,733.58,732.72,732.88,5136205.27
1782889200000,732.94,732.94,731.43,731.56,15275508.93
1782890100000,731.53,732.1,730.74,731.9,8410159.6
1782891000000,731.93,732.34,731.91,732.12,5467924.7
1782891900000,732.13,732.74,731.89,732.56,11755144.59
1782892800000,732.4,736.311,731.582,732.04,164152557.40395212
1782893700000,732.085,732.28,731.329,731.34,22038580.55622934
1782894600000,731.4,732.254,731.195,732.06,14474235.63203548
1782895500000,732.03,732.6,731.844,732.58,13275126.1829648
1782896400000,732.04,732.555,731.62,732.05,13396153.96464604
1782897300000,732.13,732.202,731.812,732.05,12342919.88579804
1782898200000,731.88,732.233,731.88,732.12,8306645.55523301
1782899100000,732.36,732.759,732.109,732.74,19823321.7947593
1782900000000,732.81,732.81,731.98,732.14,16797008.8964594
1782900900000,732.61,733.003,732.147,732.94,12640616.7618454
1782901800000,732.94,733.062,732.414,732.53,21037845.03577069
1782902700000,733.2,733.422,732.733,733.2,9031703.23967177
1782903600000,733.5,733.921,733.231,733.42,75858915.65743566
1782904500000,733.6,733.6,733.066,733.21,35169944.71298027
1782905400000,733.01,733.152,732.53,732.53,26786882.43287177
1782906300000,732.79,733.02,732.085,732.21,44661126.61497328
1782907200000,732.04,732.438,731.52,731.9,55845510.96333475
1782908100000,732.71,732.797,732.251,732.34,70836148.57877222
1782909000000,732.36,732.94,729.37,730.04,244923464.4049851
1782909900000,730.01,730.35,729.27,729.99,181139778.5293258
1782910800000,730.01,730.757,729.452,729.62,118245763.54356213
1782911700000,729.87,731.0,728.7,728.7,208455332.5925931
1782912600000,729.15,729.685,725.65,727.202,2597924806.0610504
1782913500000,727.146,730.18,726.26,730.072,1266258615.8181167
1782914400000,730.24,731.27,729.35,730.31,1088937451.81653
1782915300000,730.39,730.92,729.505,730.27,743684091.1648066
1782916200000,730.27,730.279,728.31,728.31,1137633190.9173574
1782917100000,728.09,729.11,726.72,727.83,960505105.503238
1782918000000,728.04,729.94,727.912,729.74,598893591.6984913
1782918900000,730.01,731.72,729.677,731.56,862510501.5298184
1782919800000,731.69,731.835,730.145,730.37,861404078.4736687
1782920700000,730.39,730.41,728.87,729.53,1065470814.7645681
1782921600000,729.525,729.95,728.69,729.096,521312466.4484438
1782922500000,729.07,730.18,728.6,729.26,496333989.8516402
1782923400000,729.18,729.64,728.18,728.63,447180231.43649155
1782924300000,728.575,729.1,727.58,727.75,1192894224.4629724
1782925200000,727.87,728.516,727.0,728.0,713430762.4606142
1782926100000,728.08,729.061,727.88,728.31,596492641.3645766
1782927000000,728.4,728.67,727.78,727.835,266152549.68935052
1782927900000,727.74,728.24,727.11,727.15,512144068.28659636
1782928800000,727.23,727.797,726.99,727.01,316221959.42203915
1782929700000,726.98,727.6,726.65,727.105,351294088.79485244
1782930600000,727.01,727.49,726.53,726.75,637241028.1795912
1782931500000,726.755,726.755,725.7,726.45,928952408.9267842
1782932400000,726.43,728.45,726.43,727.81,761844824.3491559
1782933300000,727.87,728.36,727.38,728.01,793027181.9170513
1782934200000,727.92,728.94,726.6,726.77,961569048.2912017
1782935100000,726.78,727.165,724.6,725.2,3730574418.430747
1782936000000,725.23,725.373,723.57,724.86,1676693593.1322906
1782936900000,724.65,724.86,724.003,724.54,119565102.57998466
1782937800000,724.44,724.676,723.907,724.63,328687872.5556592
1782938700000,724.65,724.954,724.373,724.9,159159676.32339293
1782939600000,725.13,725.362,724.765,725.15,184683438.2539811
1782940500000,724.98,725.382,724.874,725.03,34004945.61482151
1782941400000,725.005,725.279,724.937,725.279,6275865.72900818
1782942300000,725.281,725.65,725.278,725.65,128382011.799905
1782943200000,725.53,725.853,724.732,725.23,304269835.1852895
1782944100000,725.13,725.708,724.66,725.54,25517780.02967562
1782945000000,725.8,725.99,725.562,725.9,23491296.81948529
1782945900000,725.79,726.014,725.375,725.79,9551690.62618718
1782946800000,725.0,725.948,724.865,724.91,11221108.47974043
1782947700000,724.71,724.959,724.647,724.77,16602154.77032153
1782948600000,724.81,725.087,724.371,724.99,18779196.00697056
1782949500000,724.46,725.022,723.68,724.46,21281366.16103643
1782950400000,731.15,731.15,722.48,723.51,19552990.18000001
1782951300000,723.63,725.13,723.21,725.13,3983209.46
1782952200000,725.11,725.48,723.86,723.88,4625747.59
1782953100000,723.94,726.39,723.78,726.21,7141304.04
1782954000000,726.1,728.11,725.98,728.11,6166815.0
1782954900000,728.1,728.43,727.59,728.03,7548911.43
1782955800000,728.29,729.05,728.1,728.74,9984323.7
1782956700000,728.74,728.91,728.27,728.45,4049631.73
1782957600000,728.35,729.09,728.13,729.01,5201552.25
1782958500000,729.09,729.29,728.06,728.29,5150948.45
1782959400000,728.04,728.74,727.9,728.49,1926387.02
1782960300000,728.55,729.0,728.12,728.54,2261701.78
1782961200000,728.52,728.57,727.42,727.81,1924616.85
1782962100000,727.87,727.93,726.77,727.27,1957401.82
1782963000000,727.21,728.24,727.11,727.19,936485.63
1782963900000,727.32,727.9,726.92,727.59,1825415.66
1782964800000,727.8,728.02,726.64,726.65,2078675.92
1782965700000,726.65,726.79,726.07,726.79,1556635.35
1782966600000,726.74,726.74,725.13,725.18,6346259.67
1782967500000,725.08,726.46,724.79,726.42,2631851.04
1782968400000,726.4,727.21,725.81,726.98,7156295.03
1782969300000,726.95,727.31,726.33,726.33,2008054.21
1782970200000,726.25,726.25,724.71,724.92,4334682.41
1782971100000,724.88,725.23,724.49,724.81,5012110.18
1782972000000,724.66,725.04,722.49,722.49,15973421.2
1782972900000,722.46,723.4,722.37,722.41,12023357.74
1782973800000,722.54,723.61,722.44,722.88,8525432.91
1782974700000,722.99,722.99,721.1,721.81,14613636.69
1782975600000,721.8,722.03,719.63,719.75,16228396.96
1782976500000,719.57,720.46,719.44,720.37,9696853.84
1782977400000,720.4,722.25,720.28,722.15,11723570.26
1782978300000,722.22,722.3,720.98,720.99,10574726.28
1782979200000,721.11,723.829,719.551,719.91,208683208.26954374
1782980100000,721.01,722.111,719.791,721.72,20450691.13538535
1782981000000,721.75,723.877,721.696,723.35,39901183.49376679
1782981900000,723.64,724.48,722.953,724.28,26586835.12313514
1782982800000,723.78,724.454,722.718,723.19,32814484.99222741
1782983700000,722.87,723.262,722.3,722.42,19195689.49390328
1782984600000,723.43,723.916,723.131,723.79,26150131.63213869
1782985500000,723.23,723.588,722.488,723.36,9258949.6663125
1782986400000,722.13,722.575,721.75,721.92,17871805.41207286
1782987300000,722.07,722.591,721.844,722.23,12816570.86565675
1782988200000,723.11,723.654,722.297,723.26,31344661.23917143
1782989100000,723.31,723.735,722.991,723.64,11070976.75216995
1782990000000,723.95,724.11,722.911,723.7,42341135.62876123
1782990900000,723.75,723.896,722.93,723.73,32007238.93467504
1782991800000,723.52,725.11,723.472,724.92,62066199.59490255
1782992700000,725.2,725.426,724.534,724.78,46800540.70392875
1782993600000,724.517,726.91,724.2,726.842,55848373.82013428
1782994500000,727.01,728.01,726.797,728.01,136674418.170315
1782995400000,727.3,731.143,727.3,729.81,366198187.15124446
1782996300000,729.82,730.0,727.474,728.11,133288930.23717153
1782997200000,727.98,728.71,726.665,727.08,141805840.17782992
1782998100000,727.11,728.077,725.732,726.24,94686990.63439116
1782999000000,725.57,728.2,723.99,726.87,2047356053.0585778
1782999900000,726.735,729.99,726.25,729.9,1086516383.663095
1783000800000,730.01,730.83,727.0,728.91,1107243622.3874917
1783001700000,728.954,729.06,721.62,722.292,1001252379.7953805
1783002600000,722.19,723.81,718.355,719.01,2143148990.9031582
1783003500000,719.09,720.43,717.29,719.825,1558453450.2228212
1783004400000,719.79,720.01,714.75,716.93,1500860640.6003337
1783005300000,716.77,717.54,714.36,715.92,1108666623.6374102
1783006200000,715.87,719.31,715.72,716.78,1192802818.1457105
1783007100000,716.735,717.56,714.95,715.825,715273962.4140438
1783008000000,715.84,716.115,713.745,715.13,1230112189.1162078
1783008900000,715.18,715.25,712.78,712.96,992101423.881206
1783009800000,712.99,713.09,710.58,712.61,1497577325.3244762
1783010700000,712.52,712.71,710.14,710.83,800892997.8501307
1783011600000,710.75,711.27,709.01,710.55,927087584.271979
1783012500000,710.53,711.29,709.89,710.46,788404529.239241
1783013400000,710.36,710.99,708.37,709.45,827846743.52143
1783014300000,709.283,709.53,707.62,707.772,859715160.8678428
1783015200000,707.82,711.78,707.7,710.73,970669898.0331358
1783016100000,710.85,711.45,709.605,711.42,695479495.9817295
1783017000000,711.44,712.28,710.955,711.31,582135998.5308664
1783017900000,711.19,712.405,710.3,711.45,761658678.15662
1783018800000,711.56,711.68,708.92,709.666,747187899.4166011
1783019700000,709.5,710.42,708.08,709.89,937387550.3270563
1783020600000,709.96,711.12,709.58,710.55,1172900390.972626
1783021500000,710.7,713.77,710.07,712.72,2849230630.82569
1783022400000,712.49,712.961,712.173,712.94,2842860131.8810053
1783023300000,713.01,713.179,712.59,712.71,130111573.44980898
1783024200000,712.99,713.262,712.704,712.79,99358356.25983714
1783025100000,713.08,713.133,712.731,713.12,46680696.6176638
1783026000000,713.0,713.097,712.894,713.04,485944234.4021663
1783026900000,713.017,713.24,712.99,713.14,11035555.684324257
1783027800000,713.19,713.305,713.14,713.17,8443085.38394214
1783028700000,713.33,713.435,713.297,713.37,12370469.54214667
1783029600000,713.32,713.882,713.261,713.32,21019944.9547983
1783030500000,713.93,714.039,713.647,713.99,11954253.80753333
1783031400000,713.57,714.635,713.432,714.62,12561043.17512991
1783032300000,714.631,714.654,714.408,714.589,8722775.51149355
1783033200000,714.36,714.581,713.159,713.18,13457131.43928638
1783034100000,713.175,714.308,713.065,714.186,13336550.45127106
1783035000000,714.184,714.558,713.545,713.554,12268110.818730393
1783035900000,714.09,714.28,713.477,714.09,17791684.99014654
1783036800000,714.178,714.179,714.178,714.179,2811.693039
1783037700000,713.1,713.1,713.1,713.1,218.27991
1783040400000,713.1,713.66,713.1,713.66,113.600896
1783042200000,712.87,712.87,712.87,712.87,180.213536
1783043100000,713.39,713.39,713.39,713.39,168.074684
1783044000000,713.7,713.7,713.7,713.7,49.959
1783044900000,713.7,713.7,713.7,713.7,66.23136
1783045800000,713.74,713.74,713.74,713.74,19.98472
1783048500000,713.74,713.74,713.74,713.74,30.762194
1783050300000,713.74,713.91,713.74,713.91,110.134536
1783051200000,713.8,717.05,713.8,717.05,5695.042269
1783052100000,717.18,718.2,717.18,718.2,2694.631176
1783053000000,718.35,718.68,718.35,718.68,432.296952
1783053900000,718.8,722.7,718.8,722.7,9388.397268
1783055700000,723.04,723.04,720.73,720.73,2989.313508
1783056600000,720.68,720.89,720.68,720.89,163.686819
1783058400000,721.69,721.69,721.69,721.69,29.950135
1783059300000,720.85,720.85,720.85,720.85,93.7105
1783060200000,720.51,722.04,720.51,722.04,503.45193
1783070100000,722.21,722.21,722.21,722.21,49.976932
1783077300000,722.25,722.25,722.25,722.25,49.9797
1783081800000,722.25,722.25,722.25,722.25,205.046775
1783083600000,722.25,722.25,722.25,722.25,1354.435425
1783088100000,722.25,722.25,722.25,722.25,2166.75
1783089000000,721.25,721.45,721.06,721.11,1201.157767
1783090800000,721.45,721.45,721.45,721.45,59.952495
1783091700000,721.45,721.81,721.45,721.81,199.936402
1783092600000,721.43,721.43,721.29,721.29,149.393511
1783094400000,721.89,721.89,721.89,721.89,19.996353
1783098000000,721.89,721.89,721.0,721.0,87.688907
1783108800000,722.3,722.3,722.3,722.3,19.93548
1783110600000,722.3,722.3,722.3,722.3,10.03997
1783129500000,721.46,721.46,721.19,721.19,80.355678
1783144800000,722.24,722.24,722.24,722.24,29.97296
1783146600000,722.24,722.24,722.24,722.24,11.989184
1783158300000,720.24,720.24,719.7,719.7,773.955336
1783160100000,721.64,721.64,721.64,721.64,99.94714
1783164600000,721.69,721.69,721.69,721.69,293.583492
1783170000000,721.81,721.81,721.81,721.81,67.489235
1783171800000,721.25,721.25,721.25,721.25,50.848125
1783173600000,721.25,721.25,721.12,721.12,237.980857
1783180800000,721.8,721.8,721.8,721.8,19.99386
1783186200000,721.24,721.24,719.7,719.7,166.094577
1783190700000,720.22,720.22,720.22,720.22,88.659082
1783208700000,721.8,721.8,721.8,721.8,39.98772
1783214100000,720.71,720.71,720.71,720.71,19.747454
1783231200000,721.91,721.91,721.91,721.91,82.225549
1783235700000,721.41,721.41,721.13,721.13,22.216012
1783242900000,721.96,721.96,721.53,721.53,24.900224
1783255500000,721.96,721.96,721.96,721.96,249.942552
1783258200000,721.53,721.53,721.29,721.29,30.735843
1783259100000,722.06,722.06,722.06,722.06,49.894346
1783260000000,722.31,722.31,722.31,722.31,20.296911
1783262700000,722.53,723.04,722.53,723.04,1800.644904
1783263600000,723.84,723.84,723.84,723.84,19.977984
1783266300000,722.57,722.57,722.57,722.57,101.1598
1783267200000,723.84,723.84,723.31,723.31,314.842958
1783281600000,723.86,723.86,723.86,723.86,19.978536
1783289700000,722.57,722.57,722.55,722.55,404.633048
1783296000000,723.01,723.28,721.42,723.28,22492657.46
1783296900000,723.34,723.82,720.99,721.19,17334854.97
1783297800000,720.98,722.38,720.46,722.23,7545244.52
1783298700000,722.29,723.07,721.79,722.1,9306619.06
1783299600000,722.1,722.25,720.69,720.98,20609059.92
1783300500000,720.77,721.23,718.51,719.39,11304338.07
1783301400000,719.39,720.32,719.26,719.4,11561332.76
1783302300000,719.49,719.49,717.92,718.7,11609505.94
1783303200000,719.01,719.41,718.0,718.09,8984933.26
1783304100000,718.11,718.8,717.5,717.58,9674230.33
1783305000000,717.56,717.79,716.56,716.63,6869388.11
1783305900000,716.66,717.39,716.34,717.27,4828538.07
1783306800000,717.27,718.61,717.24,718.42,4774186.57
1783307700000,718.41,718.76,717.79,718.71,5124625.8
1783308600000,718.77,719.18,717.56,717.61,5460409.34
1783309500000,717.59,717.69,716.56,717.39,5911406.13
1783310400000,717.15,718.52,716.8,718.51,5518648.96
1783311300000,718.51,719.01,718.5,719.01,3577865.22
1783312200000,718.98,719.94,718.89,719.77,2029439.57
1783313100000,719.79,720.0,719.4,719.83,11592290.16
1783314000000,719.52,719.63,718.89,719.21,2614036.46
1783314900000,719.13,719.47,718.38,718.38,2443696.53
1783315800000,718.31,719.0,718.0,718.79,3755782.88
1783316700000,718.75,719.04,718.29,718.87,925012.76
1783317600000,719.11,719.24,718.05,718.17,1835704.21
1783318500000,718.11,719.01,718.07,718.9,1996397.46
1783319400000,718.79,720.47,718.71,720.35,6659768.64
1783320300000,720.37,720.41,720.02,720.33,2164977.2
1783321200000,720.34,720.57,719.83,720.23,7681549.72
1783322100000,720.39,720.62,719.58,719.61,5654417.17
1783323000000,719.6,720.9,719.6,720.83,3158927.94
1783323900000,720.83,720.89,720.4,720.44,4044656.48
1783324800000,720.21,721.081,714.179,720.65,122645256.64940557
1783325700000,719.641,719.826,718.734,719.787,19270966.58764885
1783326600000,719.8,720.335,719.37,720.15,12092917.87985685
1783327500000,720.23,720.779,720.06,720.18,7452580.41279557
1783328400000,720.61,720.854,720.213,720.34,18143002.56180526
1783329300000,720.63,720.712,720.284,720.68,5794968.59041486
1783330200000,720.589,720.702,720.11,720.367,7496235.35577845
1783331100000,720.359,721.188,719.81,720.906,13485878.94629911
1783332000000,721.2,721.237,720.41,720.46,10880746.52928817
1783332900000,720.922,721.081,720.582,720.625,11278951.46651748
1783333800000,720.66,721.083,720.44,720.44,14344212.87435697
1783334700000,720.53,721.093,720.239,721.09,11807810.34734032
1783335600000,721.11,721.325,720.131,720.38,34152660.48973868
1783336500000,720.48,721.201,720.411,720.89,31363091.46198777
1783337400000,721.22,721.4,720.808,720.83,29339540.62767636
1783338300000,721.17,721.766,720.948,720.97,38230505.19412824
1783339200000,720.949,722.29,720.75,722.222,96485644.8888422
1783340100000,722.26,722.271,720.95,721.17,69360132.064454
1783341000000,721.5,721.968,721.27,721.4,34986244.8521971
1783341900000,721.51,722.236,721.448,722.19,42652654.71485027
1783342800000,721.49,722.258,720.43,720.43,80315573.87742834
1783343700000,720.57,720.57,719.672,719.77,124028157.48144543
1783344600000,719.83,722.3,718.45,721.72,2277803657.575601
1783345500000,721.87,723.95,721.37,722.06,1501951762.0085413
1783346400000,722.36,724.44,721.787,724.33,1133151254.0074332
1783347300000,724.31,724.825,723.57,724.166,853188988.9268975
1783348200000,724.26,725.14,723.698,724.9,810689217.3344003
1783349100000,724.7,725.38,723.55,724.47,604853905.8028783
1783350000000,724.3,724.86,722.96,723.49,422455191.2070213
1783350900000,723.37,725.3,722.47,725.28,716268629.709076
1783351800000,725.24,725.69,724.655,725.49,653371411.3980267
1783352700000,725.49,725.81,725.02,725.54,417170909.7912839
1783353600000,725.53,726.07,725.1,725.53,333364104.368807
1783354500000,725.52,725.65,724.47,724.63,284451848.5095143
1783355400000,724.637,724.89,723.93,724.295,275813700.79453677
1783356300000,724.235,724.72,723.43,723.57,356935807.86345893
1783357200000,723.49,724.69,723.275,724.19,382777187.00453454
1783358100000,724.25,724.57,722.649,722.75,384247321.3752652
1783359000000,722.68,722.813,721.02,721.59,722813227.9981259
1783359900000,721.52,722.325,721.08,721.33,496812248.5654269
1783360800000,721.41,723.08,721.347,722.65,654058466.9186795
1783361700000,722.65,723.84,722.632,723.22,355171221.2283954
1783362600000,723.21,723.52,722.64,723.35,378625770.8965844
1783363500000,723.346,723.95,723.27,723.664,443564483.0651536
1783364400000,723.7,724.51,723.45,724.23,418794738.9853353
1783365300000,724.22,725.2,724.076,724.78,1004475675.2326804
1783366200000,724.74,724.79,723.9,724.53,631513070.2876253
1783367100000,724.55,724.84,722.22,722.67,2185808118.133142
1783368000000,722.445,723.18,722.317,723.017,1639764705.3722942
1783368900000,722.86,723.119,722.71,722.71,33105522.05811981
1783369800000,723.01,723.01,722.746,722.82,48025125.5004729
1783370700000,722.83,722.83,722.22,722.74,145350732.83607197
1783371600000,722.96,722.96,722.561,722.96,82619057.90381435
1783372500000,722.93,722.93,722.755,722.882,37894669.71388039
1783373400000,722.81,722.975,722.767,722.93,15102789.30613044
1783374300000,722.96,722.99,722.942,722.96,9933517.44393908
1783375200000,722.96,722.995,722.446,722.95,40722558.80769076
1783376100000,722.955,723.183,722.696,722.696,30300975.395409387
1783377000000,722.69,723.063,722.528,722.657,7067547.52191557
1783377900000,722.41,722.659,721.205,721.5,32335782.56814504
1783378800000,721.99,722.08,721.321,721.99,15952883.61001718
1783379700000,721.46,721.588,720.86,720.86,30929102.85547305
1783380600000,721.1,721.559,720.743,721.09,18507345.89367184
1783381500000,720.77,720.846,720.054,720.09,31999447.10530924
1783382400000,722.97,722.97,719.74,719.8,11525.25572921
1783383300000,719.73,721.8,719.58,720.97,5938515.75
1783384200000,721.1,721.12,719.35,719.94,5349641.69
1783385100000,719.89,720.46,719.4,719.51,4980411.68
1783386000000,719.6,719.9,719.15,719.29,9184924.88
1783386900000,719.39,719.47,717.45,717.52,20628499.05
1783387800000,717.68,718.87,717.14,718.87,12890881.94
1783388700000,718.9,719.6,718.4,718.46,10281569.88
1783389600000,718.49,719.5,718.41,719.29,6137987.75
1783390500000,719.24,719.55,718.48,718.53,2251861.77
1783391400000,718.48,718.62,717.69,718.6,9151775.15
1783392300000,718.6,718.64,717.84,717.89,5050542.53
1783393200000,717.96,718.71,717.81,718.11,5079914.32
1783394100000,718.16,718.23,716.29,716.38,15624586.24
1783395000000,716.39,716.95,715.9,715.97,12516338.64
1783395900000,715.86,716.16,715.07,715.97,8961717.03
1783396800000,715.86,716.26,715.29,715.29,7814613.29
1783397700000,715.29,715.42,714.74,715.29,12343473.07
1783398600000,715.29,715.71,714.91,715.17,9159125.26
1783399500000,715.24,715.29,714.52,715.0,11350500.11
1783400400000,714.94,714.94,714.0,714.0,7028844.21
1783401300000,714.01,714.55,713.39,714.14,12297047.22
1783402200000,714.16,715.89,714.16,715.7,10877379.15
1783403100000,715.75,716.86,715.42,716.49,21393633.53
1783404000000,716.5,716.73,715.13,715.34,6907816.51
1783404900000,715.42,716.06,715.4,715.87,6899516.77
1783405800000,715.8,716.4,715.51,716.4,9609666.65
1783406700000,716.33,716.6,715.91,716.46,8008434.4
1783407600000,716.51,717.31,716.0,717.21,8445464.78
1783408500000,717.2,717.75,717.03,717.23,10560274.52
1783409400000,717.1,717.31,716.58,716.68,3786349.5
1783410300000,716.52,716.71,715.43,715.43,7306886.15
1783411200000,719.494,719.494,715.356,716.539,194719153.63480133
1783412100000,716.44,716.968,716.366,716.44,10294397.5428856
1783413000000,716.26,716.835,716.098,716.26,10756449.30842347
1783413900000,716.03,716.61,715.779,716.03,6161904.07389835
1783414800000,715.6,716.503,715.39,715.85,10851167.38834535
1783415700000,716.504,716.574,715.702,715.717,4635186.77876306
1783416600000,715.49,715.759,715.088,715.71,14570161.40554406
1783417500000,714.93,715.91,714.915,715.91,12243626.3749815
1783418400000,716.16,716.318,715.22,715.35,44531179.45711205
1783419300000,715.6,716.387,715.484,716.11,60844604.95159138
1783420200000,715.81,716.104,715.415,715.66,29204350.60787088
1783421100000,715.55,715.71,715.03,715.71,19534248.09437464
1783422000000,715.75,715.75,714.43,714.79,86300913.34160887
1783422900000,715.07,715.524,714.645,715.25,65936975.61195164
1783423800000,715.156,715.156,714.212,714.824,49758614.71593825
1783424700000,714.98,715.38,714.417,715.31,65264486.15729533
1783425600000,715.41,717.066,715.331,716.76,101755490.0978117
1783426500000,716.88,716.88,715.83,716.01,67905395.37527978
1783427400000,716.16,716.904,715.973,716.5,52306282.88788996
1783428300000,716.19,716.45,714.9,715.32,78228147.0743034
1783429200000,715.33,715.7,714.74,715.45,110369292.68038347
1783430100000,715.41,715.611,713.99,714.31,106303315.70370705
1783431000000,714.17,716.335,711.65,714.21,2560037243.6679797
1783431900000,714.162,714.162,710.0,711.183,1171458738.0919628
1783432800000,711.13,711.92,707.93,707.99,1507116543.6065779
1783433700000,708.08,708.88,706.1,707.14,1815288012.9319973
1783434600000,707.46,707.77,704.91,705.54,1772327696.256383
1783435500000,705.59,707.68,705.442,707.24,1448517564.4151063
1783436400000,707.15,708.49,706.51,707.63,901593353.9881712
1783437300000,707.47,707.655,706.44,707.42,881193575.8854778
1783438200000,707.59,707.77,705.87,707.77,542036618.2782431
1783439100000,707.8,709.25,707.662,709.13,730783900.7086899
1783440000000,709.185,711.17,708.99,711.14,803466840.327027
1783440900000,711.13,713.03,710.77,712.72,898535302.0140418
1783441800000,712.64,713.31,711.59,712.53,935920889.9347111
1783442700000,712.53,713.28,712.01,712.84,525985611.7818966
1783443600000,712.82,713.85,712.68,712.7,852385171.2713506
1783444500000,712.745,713.65,712.21,712.701,466236015.6165345
1783445400000,712.85,713.533,712.708,713.45,479436337.4154565
1783446300000,713.27,713.503,712.69,713.5,335773522.0117539
1783447200000,713.58,713.68,712.75,713.07,408004120.89276
1783448100000,712.91,713.312,712.26,712.38,499931742.20449513
1783449000000,712.41,712.66,710.79,711.275,585770939.7264346
1783449900000,711.23,711.52,709.2,709.33,809669089.234148
1783450800000,709.52,709.76,707.58,707.97,1055853083.6800954
1783451700000,707.95,707.97,706.43,707.64,1074424851.3836145
1783452600000,707.56,708.823,707.29,707.38,635992119.5455064
1783453500000,707.38,709.64,707.28,709.49,2189554078.738694
1783454400000,709.61,710.374,709.365,709.94,1587584773.254703
1783455300000,709.85,710.11,709.45,710.1,97317519.8402759
1783456200000,710.05,710.118,709.93,710.07,44735586.46233195
1783457100000,709.998,710.11,709.921,710.056,96873652.50252864
1783458000000,710.054,710.076,709.925,709.925,202257361.76722482
1783458900000,709.4,709.949,708.01,708.75,116070191.72881375
1783459800000,708.1,708.58,708.083,708.44,31445253.24177817
1783460700000,708.25,708.53,708.187,708.25,22030713.18772374
1783461600000,708.02,709.0,707.837,709.0,53573467.49883533
1783462500000,709.2,709.24,708.763,709.24,128356621.3579261
1783463400000,708.78,709.489,708.731,709.28,19931105.71906595
1783464300000,709.1,709.404,708.992,709.24,15293551.26014362
1783465200000,709.191,709.393,708.628,708.956,9441540.630608907
1783466100000,709.45,709.659,708.938,709.45,12608244.59829558
1783467000000,709.5,709.618,708.11,709.5,18413296.83323145
1783467900000,707.86,708.456,706.981,707.51,30387724.17353722
1783468800000,708.41,710.22,706.49,710.01,70704.7
1783469700000,710.3,711.48,709.48,710.94,7398093.04
1783470600000,710.89,712.46,709.85,712.39,15716783.12
1783471500000,712.5,713.18,712.31,713.16,9567832.43
1783472400000,713.18,713.4,711.98,713.29,15550590.48
1783473300000,713.35,713.35,711.57,711.67,8804540.19
1783474200000,711.84,711.85,710.32,711.09,7283399.31
1783475100000,711.13,711.56,710.35,710.62,4371432.36
1783476000000,710.4,710.4,709.41,709.69,3143905.34
1783476900000,709.63,711.03,709.51,710.19,2351203.86
1783477800000,710.21,710.91,709.64,710.86,2284392.8
1783478700000,711.0,711.43,710.8,711.06,893814.97
1783479600000,711.16,711.92,711.16,711.8,4780818.73
1783480500000,711.75,712.49,711.51,712.42,10267230.35
1783481400000,712.47,712.79,711.6,711.72,7161312.0
1783482300000,711.75,711.85,711.21,711.3,3968281.19
1783483200000,711.35,711.39,710.47,710.7,1890535.21
1783484100000,710.66,711.21,710.39,710.7,1512381.42
1783485000000,710.71,710.73,709.46,709.87,3489842.26
1783485900000,709.75,710.06,709.13,710.01,2450877.69
1783486800000,710.08,710.7,709.68,709.89,1755722.15
1783487700000,710.05,710.4,709.19,709.23,2774949.07
1783488600000,709.15,709.2,708.41,708.41,4289196.06
1783489500000,708.55,708.7,707.57,708.33,6898064.59
1783490400000,708.29,708.71,708.0,708.06,5115949.51
1783491300000,708.39,708.62,707.69,707.69,1969886.06
1783492200000,707.71,708.0,706.98,707.04,7286815.14
1783493100000,707.03,708.46,706.84,707.88,6411957.01
1783494000000,708.09,708.09,706.82,707.3,7585373.91
1783494900000,707.19,708.51,706.82,708.5,10231699.12
1783495800000,708.53,709.81,708.53,709.41,21914156.46
1783496700000,709.51,709.72,708.98,709.27,3768230.26
1783497600000,708.5,709.841,707.452,709.36,134847604.56498763
1783498500000,710.01,710.01,701.925,702.19,132640349.55237561
1783499400000,701.3,702.427,699.191,699.92,110558207.52537382
1783500300000,700.75,702.31,700.195,700.21,120351877.28284696
1783501200000,700.74,700.74,698.021,698.67,59952103.7820334
1783502100000,698.5,699.184,697.943,698.74,46132944.18232893
1783503000000,699.26,700.22,698.941,699.18,39228145.4984418
1783503900000,699.3,700.12,698.84,699.22,26880997.6064726
1783504800000,699.21,699.478,698.253,698.6,47030452.50537589
1783505700000,699.61,700.529,698.864,700.52,44767735.86063422
1783506600000,699.94,701.29,699.94,701.04,59566978.24751802
1783507500000,701.11,701.434,700.43,700.43,33895696.74266922
1783508400000,700.2,700.61,699.539,699.95,81388861.81884483
1783509300000,700.08,700.32,699.502,700.01,52616588.04140535
1783510200000,699.77,702.96,699.466,702.21,119047773.75990693
1783511100000,701.81,702.717,701.408,702.01,101700523.22684795
1783512000000,701.9,704.33,701.406,703.8,77148833.56902032
1783512900000,703.48,704.298,703.091,704.28,48784915.84043207
1783513800000,704.19,704.554,703.642,704.02,41480248.46365798
1783514700000,704.56,705.7,703.754,703.82,145524530.36444935
1783515600000,703.88,705.292,703.742,705.14,121616600.14237876
1783516500000,704.91,705.52,703.839,705.04,161996411.10075954
1783517400000,704.94,709.39,704.826,708.53,2513822238.4191813
1783518300000,708.55,709.76,707.15,709.01,1363262804.9235268
1783519200000,709.077,709.46,706.0,706.71,621980389.7136177
1783520100000,706.65,708.98,705.76,707.28,866928614.2459177
1783521000000,707.16,708.12,705.14,706.34,815482849.650352
1783521900000,706.26,707.18,703.83,705.2,1095704075.9286938
1783522800000,705.44,705.44,703.3,703.46,771324514.848988
1783523700000,703.57,703.9,700.95,701.535,1199059537.1088405
1783524600000,701.78,703.71,700.95,702.8,793965558.0012976
1783525500000,702.58,703.15,701.35,702.5,538738882.3338773
1783526400000,702.55,705.395,702.37,705.34,612302151.7360893
1783527300000,705.253,707.27,704.85,706.831,679908340.5959452
1783528200000,706.69,708.41,706.05,708.23,935273498.2654895
1783529100000,707.96,709.17,707.57,709.17,613261373.5384988
1783530000000,709.13,709.47,708.22,708.45,497004252.8686863
1783530900000,708.19,710.79,708.19,710.72,676287509.1400565
1783531800000,710.75,711.08,709.36,709.46,519853241.2582611
1783532700000,709.43,709.463,707.9,708.6,552126098.6131047
1783533600000,708.48,710.4,708.12,709.9,412172676.8285093
1783534500000,709.95,710.16,709.055,709.055,698198730.3142288
1783535400000,709.095,710.12,708.57,709.785,379118338.749535
1783536300000,709.783,710.305,709.28,709.883,431552729.07892764
1783537200000,709.94,710.61,709.24,709.72,376778910.5570081
1783538100000,709.77,710.74,709.38,710.39,429934260.5922888
1783539000000,710.44,710.57,709.56,710.25,399737840.7128946
1783539900000,710.23,712.235,709.49,711.29,1660254457.0225658
1783540800000,711.32,711.45,710.06,710.55,1450912655.314749
1783541700000,709.74,710.465,709.56,709.68,321115898.5089278
1783542600000,709.58,709.793,708.87,709.66,199281241.86425272
1783543500000,709.46,709.948,709.284,709.65,44942822.97642789
1783544400000,709.98,710.028,709.53,710.01,120472819.54286125
1783545300000,709.94,710.013,709.697,709.82,10198707.24706628
1783546200000,710.3,710.604,709.845,710.56,31337763.34084417
1783547100000,710.575,710.622,710.31,710.535,7014765.92185072
1783548000000,710.56,710.959,710.133,710.81,173995636.01577187
1783548900000,710.26,711.016,710.132,710.26,17651947.87614741
1783549800000,710.416,710.654,710.144,710.213,6156126.92466245
1783550700000,710.27,710.544,710.116,710.29,5107275.71811513
1783551600000,711.08,711.189,710.482,711.08,13163788.63804515
1783552500000,710.07,710.987,709.87,710.37,18125315.9765536
1783553400000,710.69,711.83,709.958,711.83,29317309.05370105
1783554300000,711.91,712.37,711.652,712.28,45126107.83050001
1783555200000,712.34,713.86,711.92,713.86,71231.2
1783556100000,713.84,713.95,712.79,713.89,4808875.81
1783557000000,713.94,714.3,712.69,712.76,10290024.53
1783557900000,712.78,713.74,712.1,712.5,4317747.64
1783558800000,712.21,713.21,711.49,712.69,8414788.4
1783559700000,712.65,713.59,712.39,713.0,4303453.12
1783560600000,713.11,713.34,712.53,713.12,10286500.93
1783561500000,713.09,713.23,711.1,711.17,9707388.08
1783562400000,711.2,713.04,710.58,712.95,8261089.38
1783563300000,713.03,714.18,712.84,713.22,3016295.34
1783564200000,713.32,713.4,711.43,711.51,4144068.16
1783565100000,711.48,711.53,710.48,710.54,7773744.47
1783566000000,710.42,711.03,710.06,710.55,5687903.7
1783566900000,710.41,711.79,709.89,711.79,5540294.1
1783567800000,711.83,712.66,711.78,712.6,3469602.95
1783568700000,712.52,712.72,712.32,712.44,939798.53
1783569600000,712.66,712.7,712.22,712.33,1518350.46
1783570500000,712.34,712.75,711.49,711.65,1170664.5
1783571400000,711.73,713.24,711.73,713.14,9718495.29
1783572300000,713.16,713.71,712.9,713.66,4108108.4
1783573200000,713.59,714.65,712.59,714.0,4232753.2
1783574100000,714.0,714.14,712.63,712.63,3422649.93
1783575000000,712.63,713.23,711.75,713.22,2579126.43
1783575900000,713.26,714.95,713.17,714.95,4580497.55
1783576800000,714.98,715.17,714.06,714.9,10609251.07
1783577700000,715.11,715.76,715.11,715.48,13175114.69
1783578600000,715.42,715.6,714.74,715.48,5952473.51
1783579500000,715.47,715.57,714.82,715.18,4470641.44
1783580400000,714.92,716.01,714.89,716.0,14100622.95
1783581300000,716.09,716.35,715.77,716.0,11260682.54
1783582200000,716.14,716.77,715.8,716.76,5126848.31
1783583100000,716.74,717.29,716.48,716.88,9872662.91
1783584000000,716.53,717.952,712.29,717.5,176061166.35383752
1783584900000,717.312,717.993,717.116,717.129,19273104.15528421
1783585800000,716.51,717.21,716.28,716.34,32243623.56558696
1783586700000,716.52,716.678,715.858,716.32,49353665.06459498
1783587600000,716.228,716.365,715.531,715.694,18848060.211843226
1783588500000,715.76,716.173,715.634,716.01,16217549.31026702
1783589400000,715.18,716.193,715.18,715.18,12385563.91817279
1783590300000,715.273,715.937,715.269,715.77,11370746.97624263
1783591200000,716.07,716.097,715.64,716.07,5689467.5572825
1783592100000,716.02,716.399,715.578,716.26,9276108.82814027
1783593000000,716.16,716.192,715.524,715.69,12308756.59702431
1783593900000,715.29,715.831,713.972,714.57,46345921.07936967
1783594800000,715.05,715.382,714.359,715.04,52401590.16139412
1783595700000,715.01,715.8,714.696,715.8,57901626.74040869
1783596600000,715.9,716.882,715.578,716.85,65122515.97347323
1783597500000,716.82,717.65,716.49,717.08,115906811.43265235
1783598400000,717.18,717.903,716.763,717.79,91264322.82243495
1783599300000,717.552,718.42,717.371,718.233,127147243.24702752
1783600200000,718.44,719.203,718.19,718.61,114645876.00756599
1783601100000,718.26,718.34,717.594,718.06,66413437.84975709
1783602000000,718.32,718.563,717.83,718.29,46648036.03968174
1783602900000,718.46,718.562,717.85,718.01,96577342.81049614
1783603800000,718.3,721.3,716.52,720.887,2714948985.8466005
1783604700000,721.05,722.72,719.81,722.19,1465055247.698566
1783605600000,722.29,722.51,719.32,719.75,924581530.708045
1783606500000,719.53,719.76,715.18,718.75,1693448662.9891775
1783607400000,718.84,719.59,717.28,718.67,1216098305.9514604
1783608300000,718.706,720.14,717.87,719.315,875027057.2804996
1783609200000,719.55,721.14,719.18,720.93,734058822.074535
1783610100000,720.87,721.63,720.39,721.34,737287774.5794204
1783611000000,721.43,722.01,720.97,721.6,543351438.7755576
1783611900000,721.62,722.06,721.505,721.83,463548117.94003326
1783612800000,721.85,722.55,721.667,722.115,456101135.9237394
1783613700000,721.99,722.36,721.601,721.72,620815883.7626644
1783614600000,721.92,722.34,721.14,722.21,430100092.48802215
1783615500000,722.25,722.25,721.72,722.07,389391447.11274093
1783616400000,721.934,723.62,721.9,723.387,1053476997.1042528
1783617300000,723.37,724.16,723.37,724.12,1051689392.3139634
1783618200000,724.14,724.24,723.51,723.78,828362455.8955245
1783619100000,723.78,724.2,723.23,723.8,428058955.1269688
1783620000000,723.77,724.03,723.49,723.84,435639186.86218673
1783620900000,723.865,723.94,723.06,723.35,327875599.67267746
1783621800000,723.565,723.64,722.98,723.39,309563596.1686286
1783622700000,723.42,723.569,722.76,722.985,498142307.626804
1783623600000,722.97,723.016,722.2,722.46,550120245.4999429
1783624500000,722.468,723.425,722.21,722.791,566841996.5187974
1783625400000,722.74,723.11,722.29,723.1,581567526.5049709
1783626300000,723.04,723.35,722.01,723.2,1452392708.9632602
1783627200000,723.2,723.805,723.031,723.73,2129754810.0756938
1783628100000,723.6,723.73,722.984,723.17,187646109.7939225
1783629000000,723.068,723.25,722.872,722.945,111824309.73447786
1783629900000,722.95,723.02,722.782,722.87,253768653.80769932
1783630800000,722.96,723.214,722.845,722.96,183787724.91148013
1783631700000,722.89,723.064,722.735,722.79,48258742.38647289
1783632600000,722.918,723.14,722.799,723.005,8217411.72938109
1783633500000,722.99,723.04,722.895,722.99,5181207.17228551
1783634400000,723.01,723.486,722.744,722.89,27329721.25219663
1783635300000,722.93,723.123,722.266,722.6,15437671.98480849
1783636200000,722.33,722.615,722.268,722.54,8437953.13122462
1783637100000,722.71,722.71,722.421,722.71,6044039.86670576
1783638000000,722.86,723.074,722.31,722.86,3032234.15665068
1783638900000,723.55,723.602,722.868,723.55,10951380.07818917
1783639800000,723.38,723.494,723.098,723.39,5102610.92724767
1783640700000,723.116,723.462,722.785,722.963,12676758.124531062
1783641600000,723.27,723.3,721.34,722.15,10665429.17
1783642500000,722.16,722.29,720.5,720.82,9374834.85
1783643400000,720.85,720.91,720.06,720.67,9861506.93
1783644300000,720.58,721.58,720.16,721.58,6878360.75
1783645200000,721.6,721.6,720.38,720.93,6926481.0
1783646100000,720.95,721.7,720.89,721.46,4680353.83
1783647000000,721.41,722.32,721.24,722.08,3684757.43
1783647900000,721.99,722.82,721.94,722.1,2780273.39
1783648800000,722.01,722.36,721.46,721.83,1996001.01
1783649700000,721.76,721.89,721.23,721.88,3633449.56
1783650600000,721.84,722.67,721.7,722.49,2159399.48
1783651500000,722.42,723.55,722.39,723.55,9394030.29
1783652400000,723.57,723.81,723.31,723.39,2053512.9
1783653300000,723.39,723.53,722.91,722.92,2004214.39
1783654200000,722.83,723.06,722.75,722.91,1333799.46
1783655100000,722.86,723.1,722.65,723.1,913761.63
1783656000000,723.16,723.45,722.95,723.4,1368320.76
1783656900000,723.36,723.42,722.8,723.01,2363720.04
1783657800000,722.99,723.02,722.5,722.71,5484568.64
1783658700000,722.73,722.73,721.77,721.94,1034788.03
1783659600000,721.95,721.97,721.53,721.89,1353963.9
1783660500000,721.97,722.18,721.62,721.84,1603929.31
1783661400000,721.78,721.9,721.26,721.78,1619033.37
1783662300000,721.67,721.73,720.94,720.96,2739262.99
1783663200000,720.95,721.19,720.45,720.5,4064222.93
1783664100000,720.52,720.6,719.43,719.75,12969135.41
1783665000000,719.79,720.69,719.68,720.29,5475831.1
1783665900000,720.34,720.67,720.24,720.41,2451862.07
1783666800000,720.36,720.56,719.88,720.11,8791792.22
1783667700000,720.1,720.51,719.78,720.28,9713960.13
1783668600000,720.28,720.39,719.81,719.86,4635800.42
1783669500000,719.89,719.89,719.1,719.22,10290887.79
1783670400000,719.18,722.352,718.61,719.23,132285717.40344
1783671300000,719.827,719.978,718.908,719.181,22514390.698428806
1783672200000,719.03,719.532,718.863,719.04,21681595.54124586
1783673100000,719.66,719.849,719.289,719.43,13374040.28893889
1783674000000,719.04,719.91,718.129,719.8,34726620.50974967
1783674900000,720.11,720.295,719.838,720.07,13278850.32542182
1783675800000,720.15,720.56,720.1,720.25,8929746.68267887
1783676700000,720.48,720.567,719.956,720.36,10840320.63134469
1783677600000,720.55,720.881,720.304,720.78,14040129.16355234
1783678500000,720.63,720.858,720.29,720.65,39923847.87933178
1783679400000,720.86,721.391,720.86,721.391,24492061.095281333
1783680300000,721.31,721.404,720.781,721.12,11388823.20555651
1783681200000,721.11,721.736,721.11,721.55,36358449.51066697
1783682100000,722.0,722.0,721.189,721.34,36814626.47973158
1783683000000,721.0,721.207,720.252,720.5,52959811.45232958
1783683900000,720.787,720.92,720.122,720.237,52548387.72346458
1783684800000,720.27,721.49,719.308,721.49,132910387.32572909
1783685700000,720.97,721.247,720.599,721.17,40700599.62576123
1783686600000,720.99,721.326,720.476,720.56,41366748.14888268
1783687500000,720.41,720.867,720.023,720.29,41294037.84632101
1783688400000,720.007,720.51,719.76,720.162,117816097.52804346
1783689300000,720.24,721.09,720.006,720.67,86094514.96051182
1783690200000,720.8,723.14,719.85,721.24,1410789284.9349904
1783691100000,721.35,724.09,721.219,722.71,1206879618.4832575
1783692000000,722.67,723.87,722.57,723.21,703289717.522912
1783692900000,723.25,723.464,721.01,722.43,785059167.1957985
1783693800000,722.455,723.61,717.04,721.92,1885564152.6726234
1783694700000,722.23,722.57,720.145,720.3,520778357.6493706
1783695600000,720.39,721.84,719.34,721.545,595053899.4646524
1783696500000,721.61,724.28,721.593,724.035,679459011.6425074
1783697400000,724.09,724.34,720.65,721.52,789639498.031223
1783698300000,721.47,723.39,721.068,723.26,534306877.3104822
1783699200000,723.38,724.28,723.276,724.1,562740009.9850001
1783700100000,724.29,725.231,724.113,724.89,647628103.5898141
1783701000000,725.0,725.39,724.75,724.99,342468014.85851127
1783701900000,725.0,725.55,724.89,725.17,345472933.4209156
1783702800000,725.24,725.31,724.54,724.98,291852653.1907311
1783703700000,724.94,725.78,724.86,725.75,276943103.0714157
1783704600000,725.79,726.23,725.5,726.095,473132504.0313073
1783705500000,726.12,726.25,725.34,725.4,673411526.0270935
1783706400000,725.42,726.28,725.42,725.81,953530831.7922308
1783707300000,725.74,726.09,725.17,725.61,330925735.7921441
1783708200000,725.74,725.96,725.34,725.5,187323642.4912275
1783709100000,725.5,725.7,725.306,725.49,175547105.5861782
1783710000000,725.43,726.4,725.4,725.95,374300294.0221858
1783710900000,725.976,725.976,725.44,725.732,326406540.638711
1783711800000,725.69,726.18,725.69,725.88,396601188.4055209
1783712700000,725.81,726.095,725.26,725.595,1838066202.7318869
1783713600000,725.62,726.058,725.42,725.79,694964577.9620942
1783714500000,725.97,726.035,725.766,726.01,52730320.83622403
1783715400000,725.96,726.074,725.88,725.97,37217159.65953158
1783716300000,726.02,726.28,726.006,726.28,78132135.3906915
1783717200000,726.248,726.249,725.935,725.995,106583494.82618998
1783718100000,725.995,726.058,725.951,726.034,9959487.44731331
1783719000000,726.034,726.07,725.94,725.94,17775594.31785681
1783719900000,725.98,726.034,725.872,726.0,3120688.89135304
1783720800000,725.81,725.909,725.731,725.81,2953868.86202136
1783721700000,725.75,725.82,725.75,725.75,2414483.30485678
1783722600000,725.71,725.781,725.71,725.71,4328298.12783556
1783723500000,725.76,725.984,725.726,725.984,4397576.49938139
1783724400000,725.985,725.985,725.836,725.892,3280697.65481901
1783725300000,725.9,725.935,725.848,725.9,3017473.58645209
1783726200000,725.926,725.967,725.9,725.924,3567203.68161461
1783727100000,725.924,726.368,725.911,726.368,13505727.254859326
1783728000000,726.369,726.369,726.369,726.369,0.0
1783730700000,726.22,726.22,726.22,726.22,295.426296
1783733400000,726.64,726.64,726.64,726.64,200.988624
1783737900000,726.52,726.54,726.52,726.54,435.91788
1783740600000,726.59,726.59,726.59,726.59,19.981225
1783741500000,726.59,726.59,726.59,726.59,35.966205
1783742400000,726.64,726.64,726.64,726.64,13.44284
1783744200000,726.64,727.0,726.64,727.0,1031.11576
1783745100000,727.17,727.26,727.17,727.26,422.86767
1783746900000,727.31,727.31,727.31,727.31,19.928294
1783749600000,727.31,727.31,727.31,727.31,39.929319
1783756800000,727.36,727.36,727.36,727.36,19.929664
1783757700000,727.36,727.36,727.36,727.36,10.983136
1783762200000,727.36,727.36,727.36,727.36,99.939264
1783765800000,727.42,727.42,727.42,727.42,19.931308
1783766700000,726.75,726.75,726.75,726.75,12.06405
1783774800000,726.75,726.75,726.62,726.62,477.501429
1783785600000,727.4,727.4,727.4,727.4,99.87202
1783788300000,727.4,727.4,727.4,727.4,99.94476
1783790100000,727.4,727.4,727.4,727.4,104.16368
1783796400000,727.4,727.4,726.51,726.51,73.745316
1783800000000,727.4,727.4,727.4,727.4,49.89964
1783809000000,727.4,727.4,727.4,727.4,259.75454
1783828800000,727.4,727.4,727.4,727.4,99.94476
1783836000000,727.4,727.4,727.4,727.4,19.93076
1783837800000,726.51,726.51,726.51,726.51,39.812748
1783839600000,727.4,727.4,727.4,727.4,19.93076
1783840500000,727.4,727.4,727.4,727.4,19.93076
1783841400000,727.4,727.4,727.4,727.4,20.80364
1783847700000,726.51,726.51,726.46,726.46,125.68191
1783848600000,727.4,727.4,727.4,727.4,99.94476
1783861200000,726.46,726.46,726.46,726.46,13.948032
1783872000000,727.4,727.42,727.4,727.42,116.532226
1783874700000,726.69,726.69,726.69,726.69,40.185957
1783882800000,727.48,727.48,727.48,727.48,49.977876
1783886400000,727.5,727.57,727.5,727.57,119.901618
1783897200000,727.65,727.65,727.65,727.65,24.958395
1783900800000,722.08,726.14,721.59,725.11,14641080.99000001
1783901700000,725.26,725.42,723.73,723.94,11395337.82
1783902600000,723.85,723.99,721.16,721.89,15233937.94
1783903500000,722.01,722.43,720.16,720.59,15454545.74
1783904400000,720.71,721.09,719.66,720.27,19659365.94
1783905300000,720.26,721.0,719.72,720.07,12119804.6
1783906200000,720.07,720.98,719.73,720.14,6970214.55
1783907100000,720.2,720.2,718.47,719.01,16910794.2
1783908000000,719.2,719.25,718.24,718.75,12965397.96
1783908900000,718.94,720.12,718.64,719.96,16789098.17
1783909800000,719.95,720.01,718.7,719.12,9746805.1
1783910700000,719.12,719.25,717.91,717.92,11061955.53
1783911600000,717.99,718.06,717.21,717.42,18047984.11
1783912500000,717.47,717.92,717.14,717.75,11599007.69
1783913400000,717.81,718.16,717.19,717.47,11403870.14
1783914300000,717.42,718.1,717.18,717.26,18313147.15
1783915200000,717.31,717.31,716.39,716.76,15065792.13
1783916100000,716.77,717.01,716.1,716.37,7027133.11
1783917000000,716.42,716.45,715.71,715.75,6621617.07
1783917900000,715.76,716.02,715.49,715.76,8701371.19
1783918800000,715.81,717.32,715.31,717.12,21820472.78
1783919700000,717.2,717.2,714.64,714.72,24601059.29
1783920600000,714.64,716.77,713.94,716.01,17988856.15
1783921500000,716.01,716.76,715.55,716.31,9365819.14
1783922400000,716.34,716.73,714.88,715.0,4422837.92
1783923300000,714.89,715.97,714.89,715.89,7170835.26
1783924200000,715.97,716.35,715.14,716.04,18982367.11
1783925100000,716.02,716.37,715.43,715.65,3543585.17
1783926000000,715.97,716.88,715.31,716.88,5685472.12
1783926900000,716.82,717.24,716.15,716.87,10310439.64
1783927800000,716.74,716.77,715.95,716.52,4834295.32
1783928700000,716.57,716.57,716.05,716.32,8736822.67
1783929600000,716.53,724.693,716.23,717.31,305184039.0669593
1783930500000,717.64,718.441,717.593,718.29,42808976.79959275
1783931400000,718.18,718.289,717.528,717.61,19585815.52302348
1783932300000,718.42,718.765,718.081,718.41,37097790.03928301
1783933200000,718.19,718.662,717.961,718.19,8607975.74105964
1783934100000,718.29,719.046,718.235,718.86,30081666.26583154
1783935000000,719.006,719.318,718.83,719.266,16160317.83260912
1783935900000,719.264,719.264,718.753,719.235,11778288.39183641
1783936800000,718.97,719.344,718.446,718.61,17060649.55832907
1783937700000,718.52,719.036,718.44,718.44,9050173.32438926
1783938600000,718.51,718.808,718.384,718.46,9034433.72153837
1783939500000,718.397,718.984,718.375,718.748,12659542.20995356
1783940400000,718.85,719.86,718.748,718.96,83271453.52459417
1783941300000,719.41,719.458,718.572,718.94,43693600.86007437
1783942200000,719.5,719.702,719.08,719.08,32829184.70893128
1783943100000,718.68,719.128,718.22,718.3,44385430.3021939
1783944000000,718.59,718.715,717.476,717.72,100217558.49788769
1783944900000,717.7,718.321,717.12,717.16,89899366.92536134
1783945800000,717.01,717.341,716.51,717.22,91697486.50209074
1783946700000,717.56,718.075,717.234,718.0,53930973.98369233
1783947600000,717.9,718.609,717.811,718.02,41486120.03013532
1783948500000,717.85,717.983,717.21,717.58,106635983.0253681
1783949400000,717.67,718.31,713.97,714.948,2851176739.3986874
1783950300000,715.0,715.96,713.15,715.71,2151149587.5646644
1783951200000,715.86,716.56,714.215,716.31,1039689397.1141132
1783952100000,716.27,717.57,712.62,717.55,2210984217.762201
1783953000000,717.66,718.0,715.777,716.06,700779962.959181
1783953900000,715.69,717.93,715.19,717.88,668098874.3088044
1783954800000,718.01,718.65,716.84,716.91,551434911.7009618
1783955700000,716.63,718.12,716.63,717.71,298385581.4132987
1783956600000,717.605,718.0,716.31,716.31,340236321.5012891
1783957500000,716.357,716.38,715.06,715.345,635664243.4292698
1783958400000,715.34,715.902,714.72,715.3,369505290.5287753
1783959300000,715.37,715.393,713.67,714.1,552801727.8325192
1783960200000,713.61,714.05,711.72,713.47,1320917035.508157
1783961100000,713.62,713.98,711.86,713.3,512883109.46190196
1783962000000,713.28,714.535,713.06,713.607,602847975.8473997
1783962900000,713.61,713.79,712.56,712.95,536262721.9566334
1783963800000,712.99,713.31,712.24,712.77,413306090.9853226
1783964700000,712.915,713.1,711.8,712.07,702000221.134647
1783965600000,712.08,713.421,711.99,712.985,552398195.1533126
1783966500000,712.968,713.035,711.83,711.975,760997106.3947227
1783967400000,711.99,712.94,711.54,712.59,734362127.0270858
1783968300000,712.7,713.11,712.23,712.42,443652467.6795838
1783969200000,712.43,713.144,711.5,711.76,701550351.5732676
1783970100000,711.745,711.82,710.31,710.64,905920752.0640681
1783971000000,710.765,711.52,710.1,711.52,1243299180.87792
1783971900000,711.42,712.675,711.015,711.77,2218715306.271703
1783972800000,711.91,711.929,711.09,711.54,951377381.5221014
1783973700000,711.39,711.509,710.01,711.01,283700121.659569
1783974600000,710.91,711.089,710.8,710.92,60142871.22653255
1783975500000,711.01,711.198,710.691,710.91,246471326.53544918
1783976400000,710.948,711.335,710.906,710.962,61130937.92183941
1783977300000,710.99,711.073,710.891,710.99,25072143.54621705
1783978200000,710.985,711.245,710.985,711.191,6005073.65387483
1783979100000,711.186,711.5,711.173,711.36,9215084.97815256
1783980000000,711.83,712.037,711.337,711.92,32165239.28009751
1783980900000,711.48,711.795,711.037,711.48,12111422.57596899
1783981800000,711.037,711.253,710.917,711.216,7493856.38345254
1783982700000,711.53,711.577,710.14,710.5,16089544.10452604
1783983600000,710.16,710.233,709.519,709.58,25952007.79555083
1783984500000,709.91,710.118,709.382,710.03,26495217.3031816
1783985400000,708.89,709.507,708.552,708.89,19547246.03827552
1783986300000,709.41,710.629,708.571,709.41,34991953.16275014
1783987200000,710.632,711.84,708.57,711.8,18133179.46
1783988100000,711.8,712.01,709.69,710.74,12517991.6
1783989000000,710.77,712.32,710.25,710.55,9467568.7
1783989900000,710.56,713.41,710.56,713.18,7959871.22
1783990800000,713.21,713.56,712.2,712.4,7401621.77
1783991700000,712.18,713.27,712.18,712.86,5452679.96
1783992600000,712.69,712.85,711.28,712.02,5726374.21
1783993500000,712.1,712.7,711.16,711.3,3810723.95
1783994400000,711.48,712.33,710.85,710.86,2115467.82
1783995300000,710.85,711.01,709.61,710.32,8959880.99
1783996200000,710.2,711.49,709.48,711.25,3742025.5
1783997100000,711.31,711.54,709.87,710.01,1101625.36
1783998000000,709.95,709.98,708.57,708.7,9589847.88
1783998900000,708.71,709.68,707.94,709.68,10894965.97
1783999800000,709.66,710.25,708.7,709.23,6596333.78
1784000700000,709.29,710.9,709.15,710.9,6784664.14
1784001600000,710.82,711.25,709.61,710.04,5333445.37
1784002500000,710.01,711.47,709.83,711.43,1873509.16
1784003400000,711.43,712.31,711.3,712.08,6927876.47
1784004300000,712.0,713.0,712.0,712.9,6445686.13
1784005200000,712.9,713.81,712.5,713.76,10792031.13
1784006100000,713.76,715.25,713.54,715.1,19545375.74
1784007000000,715.12,715.76,714.51,714.91,11929652.19
1784007900000,714.92,715.16,714.64,714.83,6547999.85
1784008800000,714.9,715.81,714.78,715.81,6458374.6
1784009700000,715.84,716.22,714.99,715.19,10401368.4
1784010600000,715.19,715.81,714.9,714.91,4346968.08
1784011500000,714.95,715.01,714.27,714.29,2801777.74
1784012400000,714.09,715.15,713.81,714.98,6332249.36
1784013300000,714.98,715.51,714.53,715.25,3933270.98
1784014200000,715.11,715.23,714.28,714.41,5375232.11
1784015100000,714.44,715.26,714.15,714.43,9653521.32
1784016000000,714.71,715.11,710.644,714.66,179366773.3581029
1784016900000,715.29,715.764,714.58,715.18,26902668.38808968
1784017800000,715.6,715.863,715.313,715.6,16227612.79786874
1784018700000,714.78,715.449,714.413,714.54,10006666.21388268
1784019600000,715.28,715.663,714.107,715.28,12700183.48861184
1784020500000,715.54,715.755,714.452,714.77,9355784.58281803
1784021400000,714.58,715.247,714.449,715.06,7946525.34980889
1784022300000,715.19,715.568,714.998,715.45,6683262.21683253
1784023200000,715.16,715.502,714.954,715.41,6949221.70593486
1784024100000,715.2,715.226,714.744,714.91,10504679.08053223
1784025000000,714.96,715.787,714.642,715.13,17481671.42183822
1784025900000,715.01,715.498,714.838,715.17,15444082.77553511
1784026800000,715.35,715.42,714.01,715.23,55703886.23079645
1784027700000,715.2,716.667,715.169,716.06,93009107.82071526
1784028600000,716.1,716.537,715.408,715.43,45597530.09300141
1784029500000,715.65,716.388,715.486,715.81,59443160.50183563
1784030400000,715.87,715.894,714.36,714.36,63882568.51663774
1784031300000,715.02,717.0,714.606,717.0,97693433.75740036
1784032200000,717.8,722.71,716.895,720.31,584872456.7837548
1784033100000,720.19,720.729,718.83,719.38,130507204.84166302
1784034000000,719.52,720.028,719.15,719.34,75711343.83440141
1784034900000,719.48,720.57,718.644,719.97,135334424.87955114
1784035800000,720.22,720.22,717.2,718.84,1565033518.2280257
1784036700000,719.18,720.04,718.0,719.66,1478635750.6644318
1784037600000,719.47,720.0,716.03,716.74,1011719948.5760202
1784038500000,716.54,718.23,714.4,717.21,900908213.6556416
1784039400000,717.17,720.77,716.59,718.22,1400261138.3689394
1784040300000,718.21,719.58,716.69,719.58,798642767.0181079
1784041200000,719.54,721.49,718.88,721.145,937157573.7972444
1784042100000,721.09,722.08,720.58,721.97,710559139.3118988
1784043000000,722.06,722.29,719.96,720.79,937127611.4502473
1784043900000,720.95,721.17,719.209,719.52,392970874.748857
1784044800000,719.395,719.588,717.968,718.58,444358523.7979356
1784045700000,718.4,719.61,717.72,719.52,686996317.915347
1784046600000,719.48,720.53,718.94,720.19,229153387.56583884
1784047500000,720.3,720.69,719.61,720.605,136091092.63775665
1784048400000,720.54,721.146,720.35,720.535,577378389.7720723
1784049300000,720.53,721.494,720.19,721.18,363752537.17528856
1784050200000,721.27,721.46,720.5,721.14,396689824.7612429
1784051100000,721.19,721.54,720.758,721.47,371063073.08320355
1784052000000,721.45,721.675,721.05,721.64,284717523.297489
1784052900000,721.71,721.85,721.15,721.27,306217816.7638463
1784053800000,721.3,721.626,720.23,720.63,668138685.5242277
1784054700000,720.54,721.03,720.378,720.56,222067244.32169062
1784055600000,720.55,720.77,719.55,720.39,617877800.1340932
1784056500000,720.43,720.91,719.92,719.92,418345931.2669022
1784057400000,719.97,720.4,719.32,720.295,702348044.5442392
1784058300000,720.35,720.815,719.48,719.72,1197946628.9625869
1784059200000,719.75,720.09,719.371,719.72,1053280733.3845376
1784060100000,719.73,719.78,719.261,719.35,31426019.25808393
1784061000000,719.41,719.97,719.372,719.91,48475333.4283418
1784061900000,720.01,720.01,719.666,719.92,56956716.33215057
1784062800000,719.85,719.929,719.77,719.88,211214819.06724247
1784063700000,719.89,720.05,719.8,719.91,8482761.10726319
1784064600000,720.05,720.089,719.858,719.886,7449300.11762227
1784065500000,719.84,719.949,719.799,719.84,30595843.92446247
1784066400000,719.89,719.986,718.769,719.0,35615899.96424162
1784067300000,719.33,719.855,718.875,719.66,9039840.78118335
1784068200000,719.64,719.851,719.47,719.64,5239609.32862538
1784069100000,719.53,719.547,719.191,719.43,5934761.2501957
1784070000000,719.93,719.943,719.054,719.93,12231436.00551087
1784070900000,719.9,721.559,719.707,721.22,21714955.83789316
1784071800000,721.63,721.836,721.213,721.58,34179794.28102885
1784072700000,721.08,722.261,721.08,722.21,22229471.03505434
1784073600000,721.99,722.52,721.07,722.35,5896417.92
1784074500000,722.23,723.21,722.1,722.9,12121966.73
1784075400000,722.99,723.11,721.1,721.29,6706208.52
1784076300000,721.31,723.16,721.2,722.96,5860703.59
1784077200000,723.0,723.08,721.58,722.15,8634921.33
1784078100000,722.15,723.44,722.15,723.02,6110588.68
1784079000000,723.08,723.49,722.35,722.35,4337225.57
1784079900000,722.43,723.87,722.41,723.87,2683228.86
1784080800000,723.9,724.4,723.67,723.99,9989873.54
1784081700000,724.06,724.4,723.92,724.03,5638988.65
1784082600000,724.21,724.51,724.06,724.51,5906279.04
1784083500000,724.49,724.54,723.96,724.03,4622520.0
1784084400000,723.93,724.03,723.62,723.91,2084668.14
1784085300000,723.93,724.49,723.9,724.39,1418808.57
1784086200000,724.48,724.89,724.48,724.53,7644089.01
1784087100000,724.65,725.36,724.65,725.23,5864904.9
1784088000000,725.25,725.27,724.8,724.9,3131535.52
1784088900000,724.9,725.14,724.66,724.68,1022073.87
1784089800000,724.58,725.14,724.51,724.97,1470021.18
1784090700000,724.99,725.4,724.99,725.4,4052232.54
1784091600000,725.4,726.25,724.69,724.8,8596632.81
1784092500000,724.84,725.51,724.29,724.46,3469818.38
1784093400000,724.46,725.0,724.13,724.71,2614093.06
1784094300000,724.66,725.61,724.59,725.61,8165979.4
1784095200000,725.65,726.01,725.56,725.88,8380017.05
1784096100000,725.9,725.91,725.47,725.84,2303536.16
1784097000000,725.86,725.98,725.15,725.26,10331409.23
1784097900000,725.31,725.75,725.26,725.57,1964026.83
1784098800000,725.49,726.32,725.09,725.7,3093564.08
1784099700000,725.69,725.75,723.2,724.11,6586885.84
1784100600000,724.04,724.55,723.56,724.28,5526997.04
1784101500000,724.26,724.92,724.17,724.75,2517664.88
1784102400000,724.75,724.75,722.069,722.85,119163121.88364913
1784103300000,722.71,723.0,721.81,721.93,21840708.63251786
1784104200000,722.52,723.056,722.52,722.52,12801569.54262681
1784105100000,723.22,723.484,722.845,723.3,29097530.18184279
1784106000000,723.69,723.837,723.33,723.64,10927383.50386384
1784106900000,723.73,723.962,723.533,723.73,6176212.08933621
1784107800000,723.636,723.854,723.174,723.7,13265813.03235241
1784108700000,723.07,723.708,722.899,723.07,9863121.27731508
1784109600000,723.05,723.498,722.877,723.07,6501404.66286342
1784110500000,723.23,723.569,722.2,722.31,32426979.64245581
1784111400000,722.41,722.934,722.271,722.48,10460503.80762976
1784112300000,722.88,723.259,722.519,723.15,11059548.88547565
1784113200000,723.26,723.713,723.022,723.31,25888660.77254641
1784114100000,723.101,723.417,722.89,722.951,16323309.68169238
1784115000000,723.31,723.468,722.821,723.31,21926957.33152039
1784115900000,722.89,723.166,722.672,723.04,16600785.15772039
1784116800000,722.842,722.858,721.922,722.049,58657166.09790263
1784117700000,722.09,722.279,721.498,721.86,42814901.53938048
1784118600000,722.61,724.108,722.0,723.73,121368104.32301167
1784119500000,723.6,724.72,723.5,724.65,55482285.30497157
1784120400000,724.61,724.721,723.468,723.58,50625406.32307949
1784121300000,723.58,723.97,723.437,723.97,80935774.4039909
1784122200000,724.1,724.3,720.93,720.93,1125290039.2004771
1784123100000,720.99,721.14,718.95,720.46,1498608050.543787
1784124000000,720.9,722.21,720.295,720.42,740621865.7812492
1784124900000,720.35,720.7,716.24,718.218,1832251648.894605
1784125800000,718.1,718.5,713.76,715.23,1159447737.6020646
1784126700000,715.085,716.28,714.459,715.95,1032957395.7561215
1784127600000,715.95,716.64,714.77,715.03,576679648.6331762
1784128500000,714.99,716.172,713.69,716.13,750873955.5090523
1784129400000,716.17,716.53,714.97,715.561,611357834.513523
1784130300000,715.28,715.564,714.38,714.75,390962506.74787384
1784131200000,714.72,715.12,712.08,712.09,1149575800.001277
1784132100000,712.06,712.61,711.06,711.81,1315508470.767076
1784133000000,711.99,712.31,710.28,711.45,844534430.5404034
1784133900000,711.412,713.58,711.17,712.971,1000115069.6695786
1784134800000,712.87,714.137,712.82,713.49,494805080.2530149
1784135700000,713.56,715.32,713.486,715.27,993676516.7670578
1784136600000,715.33,716.02,715.228,716.01,472544421.97014874
1784137500000,715.99,717.66,715.809,717.15,664222372.2303251
1784138400000,717.181,718.28,717.181,717.995,590352126.4140562
1784139300000,717.82,718.59,717.22,718.16,423258310.60022825
1784140200000,718.17,718.44,716.59,716.69,355732992.81791043
1784141100000,716.59,716.71,715.05,715.46,599408487.5316741
1784142000000,715.45,716.84,715.34,716.245,714748407.2541637
1784142900000,716.222,716.287,714.92,716.097,527664704.9101126
1784143800000,716.31,717.5,715.51,717.32,770844713.7931979
1784144700000,717.24,717.84,716.462,717.69,1261063001.9299583
1784145600000,717.81,718.5,717.425,717.61,1331323354.0365956
1784146500000,717.63,718.092,717.55,718.07,201347837.32975644
1784147400000,717.94,718.059,717.781,717.93,43014272.06184133
1784148300000,717.94,718.09,717.814,717.96,62293739.25024715
1784149200000,717.825,717.886,717.807,717.88,69544121.62075517
1784150100000,717.875,717.899,717.455,717.455,30801996.65653108
1784151000000,717.459,717.68,717.415,717.679,4449410.6464123605
1784151900000,717.68,717.765,717.629,717.629,2673348.10674174
1784152800000,717.658,718.737,717.658,718.278,16463817.65684087
1784153700000,717.92,718.295,717.912,717.92,5637583.56183143
1784154600000,717.51,718.103,717.308,717.51,11749895.72707761
1784155500000,717.72,718.053,717.15,717.86,20691233.60716017
1784156400000,717.9,718.418,717.892,717.9,9924718.94961594
1784157300000,717.79,718.145,717.566,717.61,15209702.55274826
1784158200000,718.01,718.358,717.665,718.23,10382269.64193553
1784159100000,718.13,718.221,717.245,717.4,25133398.92197959
1784160000000,717.64,719.08,717.35,719.08,6529694.45
1784160900000,719.15,719.15,716.81,716.98,6813161.1
1784161800000,716.97,717.52,715.95,715.95,6649319.69
1784162700000,715.92,717.05,715.84,716.45,5192502.33
1784163600000,716.63,716.81,715.68,715.92,6718021.57
1784164500000,715.86,715.93,715.33,715.36,5671613.9
1784165400000,715.42,716.33,715.15,715.68,6800441.6
1784166300000,715.87,717.36,715.87,716.48,16525398.61
1784167200000,716.35,716.43,715.79,716.14,1579502.71
1784168100000,716.31,717.75,716.1,717.49,5784506.38
1784169000000,717.54,717.84,717.01,717.11,4456828.06
1784169900000,717.2,718.51,717.15,718.35,7985774.3
1784170800000,718.31,718.9,718.25,718.87,2381573.62
1784171700000,718.83,718.9,717.91,718.08,2737762.35
1784172600000,718.07,718.78,717.99,718.19,2498451.57
1784173500000,718.26,718.63,717.87,718.63,2677183.34
1784174400000,718.69,719.01,718.31,719.01,1276556.8
1784175300000,718.88,718.88,717.97,718.11,2216570.1
1784176200000,718.02,718.2,717.56,717.94,1535353.44
1784177100000,717.74,718.07,717.66,717.83,1618968.49
1784178000000,718.0,718.81,717.67,718.75,1309134.48
1784178900000,718.93,719.48,718.67,719.26,3275660.17
1784179800000,719.3,719.94,716.95,717.84,15241477.63
1784180700000,717.83,717.92,717.2,717.4,2737896.95
1784181600000,717.37,718.56,716.46,718.38,13895141.54
1784182500000,718.21,718.81,717.29,717.29,3612902.67
1784183400000,717.21,717.59,716.39,717.03,3266251.65
1784184300000,716.96,717.49,716.71,717.31,2628453.58
1784185200000,717.27,717.27,715.79,715.79,6088272.05
1784186100000,715.71,716.46,715.59,715.84,4053167.47
1784187000000,715.86,715.95,714.59,714.59,9603353.0
1784187900000,714.61,717.396,714.09,714.45,6039097.19
1784188800000,713.8,716.883,712.639,712.99,124355902.08989693
1784189700000,712.88,714.13,712.394,713.63,18963078.47003779
1784190600000,714.06,714.715,713.607,714.06,15149218.44620001
1784191500000,714.101,715.138,714.101,715.125,29972690.1068999
1784192400000,715.47,716.064,715.123,716.04,18007169.84504575
1784193300000,716.19,716.309,715.62,716.04,15814939.79045134
1784194200000,715.33,716.019,715.066,715.33,8056479.70085877
1784195100000,714.81,715.042,713.607,714.36,18077746.17471646
1784196000000,713.65,714.306,713.283,713.56,16184891.78270755
1784196900000,713.29,714.136,713.27,713.29,10903163.33482704
1784197800000,714.05,714.194,713.198,713.82,30055881.92244255
1784198700000,713.07,713.789,713.025,713.07,19685037.21691752
1784199600000,713.57,713.576,712.0,712.549,80267784.61193128
1784200500000,712.62,712.904,711.68,712.21,44711007.91829022
1784201400000,712.23,712.23,711.293,711.31,78023714.9435686
1784202300000,711.55,711.788,709.88,710.98,102551561.06913915
1784203200000,711.66,711.834,710.32,711.01,62828040.92951474
1784204100000,711.008,711.426,710.034,710.609,129127424.01531397
1784205000000,710.78,710.917,709.786,709.86,50411385.03171278
1784205900000,709.78,710.83,709.665,710.38,61774373.05046357
1784206800000,710.23,711.87,710.23,711.63,96200761.26429072
1784207700000,711.69,712.551,711.589,712.11,132597131.05965824
1784208600000,712.01,713.56,708.26,708.42,1782881852.6048422
1784209500000,708.68,709.4,707.06,709.28,1273419454.7158034
1784210400000,709.05,712.7,708.65,712.08,1038243560.6724491
1784211300000,712.09,712.87,710.553,712.55,672353176.8607972
1784212200000,712.48,712.99,711.25,711.99,763633755.6482061
1784213100000,711.78,712.3,709.63,711.21,699613845.237865
1784214000000,711.46,711.91,708.94,709.465,594731970.6046243
1784214900000,709.6,711.65,708.97,710.6,639192960.2861704
1784215800000,710.405,711.99,709.75,710.4,526442572.676113
1784216700000,710.395,711.26,709.44,710.24,602091021.7613581
1784217600000,710.26,710.265,707.78,707.96,1518267932.2763913
1784218500000,707.79,708.3,707.11,707.94,952405531.2151526
1784219400000,707.985,708.93,707.64,707.885,581013313.3738663
1784220300000,707.85,709.18,707.29,708.78,516443571.38830304
1784221200000,708.852,708.95,707.63,707.675,441694561.8445885
1784222100000,707.685,708.96,707.37,708.73,633874003.4355371
1784223000000,708.77,708.99,706.36,706.575,672166993.8154947
1784223900000,706.58,707.14,706.07,706.64,727577733.9561746
1784224800000,706.6,707.38,706.07,706.36,1104525991.6331406
1784225700000,706.416,708.01,705.99,707.186,583541400.111896
1784226600000,707.01,707.182,705.5,706.34,1076916476.277082
1784227500000,706.27,706.759,705.6,705.85,480522545.83649164
1784228400000,705.75,706.512,704.93,705.05,966614186.6853346
1784229300000,704.91,705.13,703.65,704.32,958730208.2048622
1784230200000,703.98,704.67,703.57,703.615,1686593852.7546725
1784231100000,703.55,706.39,702.63,705.94,2963107990.348736
1784232000000,706.03,706.115,704.807,704.89,1506489215.2744513
1784232900000,704.74,705.464,704.735,705.34,457967828.6352014
1784233800000,705.134,705.35,704.754,704.973,229052300.8512311
1784234700000,705.08,705.201,704.876,705.0,136091001.41374627
1784235600000,705.0,705.215,704.847,704.98,152605439.62309432
1784236500000,705.0,705.195,704.995,705.115,209413192.7850125
1784237400000,705.12,705.453,705.045,705.41,25625082.88417586
1784238300000,705.374,705.51,705.337,705.51,7147327.242828097
1784239200000,705.49,706.026,705.177,705.49,44655228.61907547
1784240100000,704.79,705.265,704.09,704.09,19595089.82222064
1784241000000,704.1,704.578,704.016,704.04,20590631.84100891
1784241900000,703.99,704.354,703.608,703.82,33300514.73516968
1784242800000,704.035,704.186,703.383,703.906,54850559.60671785
1784243700000,703.74,703.927,702.687,702.91,34175308.11643393
1784244600000,702.47,703.715,702.239,703.45,45242459.50057573
1784245500000,702.96,703.511,702.775,702.8,35240047.84744335
1784246400000,704.89,704.89,701.76,701.99,7251976.27
1784247300000,701.92,702.77,701.27,701.35,10646151.46
1784248200000,701.46,701.69,700.92,701.67,7356244.65
1784249100000,701.52,702.89,701.47,702.37,12916297.35
1784250000000,702.37,703.49,701.66,701.66,12321604.14
1784250900000,701.82,702.09,701.3,702.0,6733657.0
1784251800000,701.99,701.99,700.18,700.37,8823147.26
1784252700000,700.36,700.74,699.77,700.31,11574621.51
1784253600000,700.37,700.62,699.8,699.97,3875836.65
1784254500000,699.94,700.06,699.06,699.31,5943428.65
1784255400000,699.24,699.55,698.74,699.44,8514864.32
1784256300000,699.48,699.55,698.66,699.2,4844016.73
1784257200000,699.23,700.05,699.0,699.89,4761279.58
1784258100000,699.98,701.61,699.98,701.35,18494379.56
1784259000000,701.39,701.47,699.66,699.99,3918145.93
1784259900000,699.99,699.99,698.95,698.96,7429102.47
1784260800000,698.94,698.94,697.26,697.44,19542040.37
1784261700000,697.47,697.67,696.31,696.5,9614523.25
1784262600000,696.5,696.84,695.65,696.49,9643234.06
1784263500000,696.49,697.22,696.41,696.41,9329028.2
1784264400000,696.24,696.68,695.94,696.29,9403867.25
1784265300000,696.29,696.79,695.9,696.08,17559863.29
1784266200000,696.09,696.49,694.54,695.2,21025120.17
1784267100000,695.19,695.6,694.66,695.12,29861207.59
1784268000000,695.27,695.56,694.45,695.24,15990037.35
1784268900000,695.2,696.84,695.01,696.64,20224543.76
1784269800000,696.51,696.84,695.36,695.64,8467840.45
1784270700000,695.53,695.57,694.61,694.92,9463565.49
1784271600000,694.89,695.43,694.38,695.07,9000613.27
1784272500000,695.12,695.34,694.17,694.96,7094602.87
1784273400000,695.0,695.23,693.87,694.23,8804266.28
1784274300000,694.24,694.39,693.44,693.51,4792328.27
1784275200000,693.47,701.394,693.058,694.13,306085543.7648318
1784276100000,693.02,693.257,690.91,692.12,83491857.09931846
1784277000000,691.08,691.766,690.32,690.56,31688238.32300726
1784277900000,691.52,692.766,691.022,692.69,43343079.03868299
1784278800000,692.28,693.175,691.923,692.28,33759133.4705715
1784279700000,692.97,693.55,692.209,693.41,33610125.62193828
1784280600000,693.54,694.112,692.952,693.408,48019244.198604055
1784281500000,693.78,694.395,693.415,693.96,40809200.00703839
1784282400000,694.36,695.476,693.675,695.47,92377776.57485726
1784283300000,695.57,695.93,694.507,695.62,84185151.17501704
1784284200000,695.69,696.793,695.442,696.26,63530792.25860698
1784285100000,696.14,696.585,695.704,695.91,41016224.12973123
1784286000000,696.02,696.4,695.045,695.36,55551065.91079206
1784286900000,695.26,695.432,694.55,695.08,57328557.32607423
1784287800000,695.02,695.289,694.357,694.57,35065232.3681544
1784288700000,694.538,695.217,694.355,694.796,62767460.254920684
1784289600000,694.74,694.878,693.23,693.39,96745875.89582863
1784290500000,693.25,693.655,692.92,693.17,57553627.72268147
1784291400000,692.99,693.4,692.66,693.32,84530712.85729396
1784292300000,693.21,693.542,692.583,693.1,69200892.70246474
1784293200000,692.982,692.982,691.92,691.955,114873985.15107788
1784294100000,692.01,692.49,691.088,691.21,268279179.95108697
1784295000000,691.64,693.37,686.78,687.09,3298839927.7447295
1784295900000,687.04,693.39,686.95,693.33,2723562343.669782
1784296800000,693.248,697.81,693.1,696.491,2958902394.86828
1784297700000,696.491,698.35,695.85,696.935,1401209490.707512
1784298600000,696.99,698.56,695.34,696.85,1079750265.9813435
1784299500000,696.75,697.56,694.375,694.41,1101924576.1127563
1784300400000,694.72,695.12,693.35,693.98,2225229817.6303444
1784301300000,693.94,695.25,693.15,695.205,958767259.8183963
1784302200000,695.125,697.17,694.35,696.28,852155814.371201
1784303100000,695.9,699.79,695.88,699.39,1312811507.5334055
1784304000000,699.43,700.02,697.516,699.66,1867613928.2736125
1784304900000,699.72,700.01,697.811,699.01,808716169.6153283
1784305800000,699.102,700.33,698.41,700.261,705569340.9783275
1784306700000,700.38,701.75,700.22,700.469,1607351280.5304306
1784307600000,700.36,702.26,700.36,701.15,765646492.5390491
1784308500000,701.035,702.14,700.67,701.965,875941804.1891106
1784309400000,701.905,702.11,699.79,699.97,728972956.5250685
1784310300000,699.87,700.3,698.3,698.67,382599106.9623601
1784311200000,698.91,699.485,697.67,697.84,1004727565.0486262
1784312100000,697.84,697.849,696.77,697.45,934974245.7659017
1784313000000,697.41,698.41,696.16,696.41,668671410.0028983
1784313900000,696.4,698.24,696.16,697.775,588240564.1435257
1784314800000,697.796,697.85,695.21,695.26,655166655.6995528
1784315700000,695.22,696.24,694.25,696.08,1451770450.7063968
1784316600000,696.27,697.24,695.16,696.17,1013570301.9456136
1784317500000,696.03,697.43,695.16,695.36,1946697612.7900574
1784318400000,695.21,695.403,694.228,694.8,2331671397.802561
1784319300000,694.82,695.12,694.742,695.05,334567860.65975136
1784320200000,695.11,695.43,695.028,695.43,335277602.6054011
1784321100000,695.41,695.657,695.171,695.33,125166308.78354697
1784322000000,695.01,695.505,694.802,694.88,143034827.77910867
1784322900000,694.89,695.059,694.598,694.89,66940311.85559445
1784323800000,695.05,695.105,694.925,695.0,9643671.40635473
1784324700000,694.91,695.08,694.635,694.91,14381952.81702263
1784325600000,694.62,694.838,694.62,694.62,12446394.55774009
1784326500000,694.85,694.98,694.664,694.85,7090614.30283784
1784327400000,694.69,695.254,694.586,694.69,9321722.28759739
1784328300000,694.84,695.254,694.813,694.99,5666544.94170878
1784329200000,694.46,694.925,694.25,694.46,18385748.41053057
1784330100000,694.01,694.49,694.0,694.36,16046766.28116944
1784331000000,694.17,694.28,693.915,694.17,9506744.361139
1784331900000,693.74,693.915,693.674,693.8,20025406.65266128
1784332800000,693.739,693.754,693.739,693.754,0.0
1784333700000,693.94,693.94,693.94,693.94,99.996754
1784336400000,693.99,693.99,693.99,693.99,10.965042
1784339100000,694.1,694.1,694.1,694.1,24.43232
1784341800000,694.2,694.2,694.2,694.2,19.99296
1784342700000,693.7,694.28,693.7,694.28,243.19175
1784344500000,694.33,694.33,694.33,694.33,99.98352
1784346300000,694.44,694.44,694.44,694.44,24.444288
1784347200000,694.56,694.65,694.56,694.65,4200.31419
1784349000000,694.1,694.19,693.88,693.88,1685.915152
1784353500000,694.94,694.95,694.94,694.95,54.414233
1784354400000,694.96,694.96,694.96,694.96,19.945352
1784358000000,694.39,694.39,694.39,694.39,38.122011
1784360700000,694.39,694.96,694.39,694.96,43.141683
1784363400000,695.01,695.06,695.01,695.06,129.899524
1784367000000,695.11,695.11,694.6,694.6,121.003198
1784367900000,695.16,695.16,695.16,695.16,24.469632
1784370600000,695.23,695.23,695.23,695.23,19.953101
1784375100000,695.23,695.23,695.23,695.23,24.472096
1784376900000,694.83,694.83,694.83,694.83,195.108264
1784379600000,695.26,695.26,694.61,694.61,187.632816
1784382300000,695.26,695.26,695.26,695.26,24.473152
1784389500000,695.29,695.29,695.29,695.29,24.474208
1784390400000,695.42,695.42,695.42,695.42,70.306962
1784394000000,695.57,695.57,695.57,695.57,29.979067
1784396700000,695.59,695.59,695.59,695.59,24.484768
1784400300000,695.63,695.63,695.63,695.63,20.17327
1784403000000,695.63,695.63,695.63,695.63,149.977828
1784403900000,695.78,695.78,695.78,695.78,24.491456
1784404800000,695.82,695.82,695.82,695.82,19.970034
1784411100000,695.82,695.82,695.82,695.82,24.492864
1784415600000,695.95,695.95,695.95,695.95,29.995445
1784418300000,696.12,696.12,696.12,696.12,24.433812
1784419200000,696.15,696.15,696.15,696.15,19.979505
1784421000000,696.15,696.15,696.15,696.15,10.99917
1784425500000,696.15,696.15,696.15,696.15,24.434865
1784432700000,696.36,696.36,696.36,696.36,24.442236
1784439900000,696.42,696.42,696.42,696.42,24.444342
1784440800000,696.46,696.46,696.46,696.46,19.988402
1784447100000,696.46,696.46,696.46,696.46,24.445746
1784449800000,697.09,697.19,697.09,697.19,129.941876
1784453400000,697.43,697.43,697.43,697.43,99.941719
1784454300000,697.5,697.5,697.5,697.5,24.48225
1784457000000,697.64,697.64,697.64,697.64,19.952504
1784461500000,697.64,697.64,697.64,697.64,24.487164
1784465100000,697.7,697.7,697.7,697.7,19.95422
1784466000000,697.7,697.7,697.7,697.7,19.95422
1784466900000,697.7,697.7,697.7,697.7,499.97182
1784468700000,697.74,697.74,697.74,697.74,19.955364
1784472300000,697.74,697.74,697.74,697.74,19.955364
1784475900000,697.74,697.74,697.74,697.74,19.955364
1784476800000,697.74,697.74,697.74,697.74,99.916368
1784479500000,697.95,697.95,697.95,697.95,19.96137
1784480400000,697.95,697.95,697.95,697.95,39.992535
1784483100000,698.01,698.01,698.01,698.01,19.963086
1784486700000,698.01,698.01,698.01,698.01,19.963086
1784487600000,698.01,698.01,698.01,698.01,49.977516
1784489400000,698.03,698.03,698.03,698.03,149.936844
1784490300000,698.1,698.1,698.1,698.1,19.96566
1784491200000,698.1,698.1,698.1,698.1,19.96566
1784493900000,698.1,698.1,698.1,698.1,19.96566
1784497500000,698.1,698.1,698.1,698.1,19.96566
1784501100000,698.1,698.1,698.1,698.1,30.92583
1784504700000,698.1,698.13,698.1,698.13,226.813548
1784505600000,696.65,700.0,696.2,699.58,17697188.87999999
1784506500000,699.7,700.17,699.33,699.49,9089527.24
1784507400000,699.49,699.5,698.15,698.36,11199912.19
1784508300000,698.37,698.65,697.53,697.66,4546716.82
1784509200000,697.85,699.11,697.44,697.6,18346847.46
1784510100000,697.6,698.29,696.62,696.76,6715388.07
1784511000000,696.56,697.11,695.79,696.26,6083035.78
1784511900000,696.19,696.77,695.45,696.21,4560234.55
1784512800000,696.25,698.37,696.25,697.21,5352006.19
1784513700000,697.22,697.41,696.15,696.59,1714592.09
1784514600000,696.61,699.03,696.61,698.7,22811252.93
1784515500000,698.69,699.62,698.34,698.39,4939531.34
1784516400000,698.41,698.99,697.69,698.29,14163390.2
1784517300000,698.28,699.0,697.84,698.17,3412683.26
1784518200000,698.03,698.77,697.56,698.68,5927433.79
1784519100000,698.67,699.61,698.32,698.62,5246126.57
1784520000000,698.64,699.0,697.95,698.03,3188675.18
1784520900000,697.84,698.8,697.4,698.72,3734926.43
1784521800000,698.71,699.65,698.54,699.47,4118816.77
1784522700000,699.56,699.73,698.52,698.63,3949812.49
1784523600000,698.62,698.8,696.68,697.85,8301122.48
1784524500000,697.67,697.67,696.99,697.11,6098231.92
1784525400000,697.06,697.24,696.55,696.65,2536394.85
1784526300000,696.63,696.98,696.1,696.4,5389904.26
1784527200000,696.4,696.92,695.92,695.92,2467027.47
1784528100000,695.94,696.72,695.61,696.22,2954607.86
1784529000000,695.91,696.61,695.51,696.47,4720476.8
1784529900000,696.39,696.5,695.85,696.42,1418942.67
1784530800000,696.54,697.17,696.51,696.79,3203212.62
1784531700000,696.81,698.32,696.34,698.24,9614395.45
1784532600000,698.38,699.3,698.36,698.84,16437587.59
1784533500000,698.66,699.19,698.21,698.92,4149314.21
1784534400000,699.5,699.51,694.617,699.38,115497451.59914102
1784535300000,699.44,699.69,698.678,699.34,12109085.74320137
1784536200000,698.764,698.82,697.805,697.81,14986370.189321779
1784537100000,698.24,698.424,697.815,698.21,15772330.71199467
1784538000000,698.24,698.385,697.753,697.84,13894065.40327936
1784538900000,698.91,699.06,698.188,698.91,6004545.46497316
1784539800000,699.04,699.672,698.736,699.06,23159968.42312449
1784540700000,700.22,701.1,699.662,701.1,32232418.910931
1784541600000,699.74,700.036,699.456,699.61,18740697.08653222
1784542500000,699.25,700.183,699.25,699.99,26987606.66369612
1784543400000,700.14,700.45,699.899,700.45,33046736.24519148
1784544300000,700.357,700.599,700.276,700.388,22710778.555162404
1784545200000,700.41,701.612,700.31,701.28,73226910.62432247
1784546100000,701.26,701.533,700.894,700.99,37937484.79184711
1784547000000,701.58,703.75,701.067,703.33,164273011.93127942
1784547900000,703.15,703.447,702.378,702.92,58070440.69183317
1784548800000,702.6,702.914,700.73,701.08,79798458.38533665
1784549700000,701.28,701.98,701.002,701.91,45105002.66153394
1784550600000,702.09,702.198,701.21,701.24,41237051.85192436
1784551500000,701.35,702.145,701.261,701.64,36249153.02362544
1784552400000,701.68,702.482,701.57,701.733,173599522.57189706
1784553300000,701.86,702.49,701.67,702.14,101684269.96965325
1784554200000,702.26,705.5,701.792,705.4,1635275377.7724295
1784555100000,705.48,705.8,700.73,701.1,1427214324.210135
1784556000000,700.99,702.36,699.69,700.44,1162555083.4058807
1784556900000,700.47,701.89,698.97,701.89,811200621.5029597
1784557800000,701.9,702.34,700.05,700.44,525788519.0303375
1784558700000,700.235,701.215,698.15,698.63,737231398.8679023
1784559600000,698.54,700.87,698.15,699.85,554402760.6121156
1784560500000,699.813,701.73,699.47,701.458,598572167.2684932
1784561400000,701.58,701.9,700.83,701.45,443593496.54363906
1784562300000,701.84,702.72,700.6,702.38,471298899.603057
1784563200000,702.28,703.99,701.84,703.67,470156451.83727574
1784564100000,703.7,703.83,702.82,703.17,673130276.8098506
1784565000000,703.29,703.491,700.52,701.26,862436507.4288051
1784565900000,701.23,702.4,700.135,700.89,777645058.1564304
1784566800000,700.78,701.106,699.29,699.39,309659622.98301595
1784567700000,699.11,700.541,699.04,700.14,388578927.87221956
1784568600000,700.132,700.49,698.868,699.004,382368226.9654201
1784569500000,698.99,700.69,698.99,700.01,271613099.03944105
1784570400000,700.16,701.21,700.111,701.02,563253074.3245729
1784571300000,700.96,701.4,699.726,700.24,297951288.25781673
1784572200000,699.91,700.005,697.8,697.87,543338455.3655758
1784573100000,697.81,698.78,697.76,698.09,477246812.2969211
1784574000000,698.125,698.64,696.57,696.57,828974714.2504162
1784574900000,696.55,697.87,696.3,697.67,749783451.1887454
1784575800000,697.68,698.59,697.313,697.94,698998705.4601012
1784576700000,697.963,698.2,695.53,695.96,2564105999.8851604
1784577600000,696.125,696.83,695.581,695.61,997770203.1797717
1784578500000,695.41,695.698,695.155,695.26,131917659.35355425
1784579400000,695.66,695.83,695.329,695.55,47083872.99034152
1784580300000,695.76,695.949,695.605,695.66,37628823.48330424
1784581200000,695.831,696.035,695.805,695.956,84764510.50558726
1784582100000,695.956,695.956,695.751,695.856,15360607.24902178
1784583000000,695.97,696.064,695.855,695.91,8904631.50167713
1784583900000,696.02,696.202,696.005,696.085,13640471.77707588
1784584800000,695.31,696.216,694.2,694.78,63359487.09563087
1784585700000,694.4,694.637,694.376,694.47,15090276.99427828
1784586600000,694.75,694.75,694.105,694.27,12073320.5753548
1784587500000,694.72,694.72,694.205,694.41,9911526.65895782
1784588400000,694.93,695.823,694.286,695.5,20625639.35532872
1784589300000,695.599,696.881,695.566,696.881,28955385.450597238
1784590200000,696.87,696.906,696.535,696.55,10980814.67426298
1784591100000,696.12,696.94,695.414,696.17,25116548.42215225
1784592000000,695.58,695.881,694.29,694.91,4188705.81
1784592900000,694.95,697.22,694.29,696.99,4965442.28
1784593800000,696.9,698.31,696.77,697.99,5609501.58
1784594700000,698.06,698.71,697.81,697.82,9036938.11
1784595600000,697.76,699.03,697.35,698.99,5466590.81
1784596500000,698.97,699.1,698.17,698.59,5697346.01
1784597400000,698.82,699.27,698.05,698.11,4978248.2
1784598300000,698.21,699.05,698.11,698.35,1760985.02
1784599200000,698.44,699.7,698.33,698.44,2277510.61
1784600100000,698.34,699.22,697.87,698.72,2148078.01
1784601000000,698.7,700.09,698.7,699.98,11247083.96
1784601900000,699.98,700.12,699.49,700.05,3123008.49
1784602800000,700.14,700.78,700.07,700.62,5458690.29
1784603700000,700.56,701.09,700.56,701.09,5160434.94
1784604600000,701.14,702.35,701.11,702.06,11512679.97
1784605500000,702.21,703.07,702.21,702.94,10460243.28
1784606400000,702.97,703.29,702.71,702.88,12222003.08
1784607300000,702.78,702.99,702.59,702.77,14009706.8
1784608200000,702.72,702.93,702.59,702.76,5864294.84
1784609100000,702.7,703.0,702.38,702.49,6404497.33
1784610000000,702.54,702.63,702.04,702.04,1760146.19
1784610900000,702.07,702.82,701.62,702.75,7427085.19
1784611800000,702.89,703.4,702.2,703.24,4612417.84
1784612700000,703.25,703.67,702.98,703.59,4395056.73
1784613600000,703.66,704.51,703.62,704.38,8448065.23
1784614500000,704.35,704.57,703.85,703.86,7810031.72
1784615400000,703.89,704.89,703.89,704.85,5492384.95
1784616300000,704.88,704.9,704.34,704.72,9285649.75
1784617200000,704.59,705.08,704.05,704.39,11718585.09
1784618100000,704.24,704.24,703.47,703.75,3228187.67
1784619000000,703.54,704.22,703.34,703.87,3508135.48
1784619900000,703.86,704.06,703.4,704.0,3438475.88
1784620800000,704.03,704.829,697.226,704.31,194222915.9191942
1784621700000,704.83,705.27,704.635,705.27,50230559.12616224
1784622600000,705.2,705.45,705.026,705.45,43815178.64957333
1784623500000,705.04,705.429,704.881,705.13,15999312.92717341
1784624400000,705.267,705.543,705.2,705.338,22782330.34045277
1784625300000,705.87,705.903,705.249,705.29,22896326.46300234
1784626200000,705.16,705.501,704.903,705.09,10758282.4866377
1784627100000,705.64,705.66,704.949,704.96,22338825.15083563
1784628000000,705.52,705.926,704.986,705.85,21091308.68505693
1784628900000,705.37,705.704,705.28,705.32,29927318.00763908
1784629800000,705.6,705.997,705.253,705.5,30950434.25520164
1784630700000,705.61,705.66,705.075,705.21,41003704.55439888
1784631600000,705.42,705.61,704.498,705.04,63998458.86777392
1784632500000,705.093,705.093,704.14,704.388,60908974.20840252
1784633400000,704.52,705.31,704.322,705.16,43633182.71515408
1784634300000,705.47,705.58,704.755,704.85,23779998.16408789
1784635200000,705.04,705.859,704.806,705.76,57492253.34364508
1784636100000,705.44,705.534,704.456,704.66,33729893.00353808
1784637000000,704.24,704.615,703.99,704.23,51402431.91356498
1784637900000,704.68,705.694,704.47,705.36,50464965.94149084
1784638800000,705.27,705.59,705.0,705.22,58816533.93388463
1784639700000,705.14,706.53,705.048,706.53,102497270.58052889
1784640600000,706.58,707.09,704.44,704.7,1739162566.2168064
1784641500000,704.62,705.42,703.52,704.81,806779009.814165
1784642400000,704.98,705.77,702.81,704.36,863407175.2173587
1784643300000,704.24,706.384,702.95,706.17,1000167103.8225338
1784644200000,706.29,706.875,705.25,706.63,726421154.9610587
1784645100000,706.644,707.32,706.35,706.985,739199926.2995732
1784646000000,707.15,708.46,705.67,708.26,609095239.0681083
1784646900000,708.4,708.96,707.835,708.585,627284427.3446894
1784647800000,708.57,708.66,707.56,707.63,480096562.14517486
1784648700000,707.57,708.5,707.5,707.54,467339738.12770057
1784649600000,707.55,709.09,707.44,708.575,519037692.97694284
1784650500000,708.6,709.4,708.575,708.82,653745078.5133989
1784651400000,708.83,709.39,708.62,708.98,707523625.4483175
1784652300000,709.06,709.77,708.852,709.32,467542428.81593734
1784653200000,709.324,709.89,709.32,709.355,1140128415.3911257
1784654100000,709.465,709.563,709.09,709.3,314862574.91182584
1784655000000,709.435,709.74,709.19,709.55,380016510.6822151
1784655900000,709.59,710.04,709.36,709.54,402376425.4164479
1784656800000,709.55,710.005,709.45,709.45,789723692.5446534
1784657700000,709.51,709.62,709.04,709.17,383078103.21021163
1784658600000,709.11,709.73,708.837,709.7,475592125.08648
1784659500000,709.7,709.89,708.96,709.24,414108564.3215505
1784660400000,709.175,709.374,708.655,708.72,449194946.1776841
1784661300000,708.753,708.99,708.34,708.398,368391668.9591882
1784662200000,708.34,709.52,708.34,709.445,955025005.4848958
1784663100000,709.49,709.82,708.63,708.92,3769791822.793535
1784664000000,708.91,708.917,708.318,708.73,2166282252.9002485
1784664900000,708.68,708.744,708.218,708.41,540176407.9069029
1784665800000,708.44,708.615,708.341,708.54,139621002.28563076
1784666700000,708.35,708.435,708.1,708.22,36452456.90576087
1784667600000,709.06,709.215,708.273,709.06,236807658.74931905
1784668500000,709.08,709.213,708.98,709.19,47924541.00157511
1784669400000,709.157,709.375,709.12,709.186,45616681.642147236
1784670300000,709.187,709.35,709.101,709.146,8491852.85743554
1784671200000,708.39,709.097,708.174,708.31,31004942.27473458
1784672100000,708.56,708.649,707.84,707.86,25683419.88996358
1784673000000,707.96,708.158,707.706,707.96,13235072.70794124
1784673900000,707.898,708.023,707.521,707.977,30050945.47072769
1784674800000,707.95,708.21,707.709,707.89,6135030.86389341
1784675700000,708.43,708.653,707.989,708.43,13356332.911971
1784676600000,708.52,708.675,708.046,708.11,12275549.35620008
1784677500000,708.39,708.648,707.946,708.01,11238844.79252391
1784678400000,708.61,709.53,708.49,709.4,10961445.86
1784679300000,709.26,709.38,708.37,708.63,9536963.66
1784680200000,708.53,708.8,708.0,708.22,5264982.93
1784681100000,708.25,708.41,707.63,708.33,3546264.84
1784682000000,708.48,708.48,707.08,707.51,6303605.09
1784682900000,707.66,707.9,707.19,707.43,4060163.18
1784683800000,707.21,707.65,707.0,707.55,5769385.33
1784684700000,707.53,708.72,707.53,708.12,7654387.01
1784685600000,708.15,708.15,707.14,707.66,5927180.8
1784686500000,707.65,708.22,707.49,708.22,6611302.68
1784687400000,708.02,708.05,707.3,707.52,2266879.22
1784688300000,707.53,707.78,706.96,707.08,5316925.27
1784689200000,707.17,707.28,706.49,706.55,4364035.32
1784690100000,706.56,707.71,706.54,707.71,6592583.13
1784691000000,707.69,707.86,706.7,706.85,1606318.57
1784691900000,707.0,707.23,706.03,706.26,5605747.51
1784692800000,706.32,706.83,705.97,706.58,2791137.15
1784693700000,706.69,707.16,706.67,707.07,2787489.37
1784694600000,707.04,707.04,706.48,706.65,1796458.46
1784695500000,706.59,706.73,706.17,706.71,1345086.06
1784696400000,706.83,706.83,705.74,705.97,8351719.95
1784697300000,705.79,706.07,705.38,705.4,11292256.2
1784698200000,705.37,705.83,704.92,704.92,11021191.2
1784699100000,705.02,705.67,704.82,705.53,11776730.95
1784700000000,705.5,705.53,704.46,704.5,10065585.97
1784700900000,704.51,704.51,702.83,703.41,12583543.74
1784701800000,703.28,704.18,703.05,703.88,11421106.4
1784702700000,703.86,703.86,702.96,703.72,13060376.64
1784703600000,703.67,703.87,702.7,703.71,10634016.27
1784704500000,703.74,704.44,703.49,704.34,12187615.29
1784705400000,704.01,704.01,702.1,702.93,10042810.41
1784706300000,702.99,703.27,702.39,702.7,18908655.35
1784707200000,703.19,707.623,702.566,703.61,225724269.20581204
1784708100000,703.44,703.93,703.038,703.6,16472661.41659428
1784709000000,703.94,704.188,703.402,703.58,12621451.07497152
1784709900000,703.427,704.214,703.427,704.111,9745554.42675231
1784710800000,704.19,705.02,704.041,704.69,19757152.37088508
1784711700000,704.77,704.938,704.474,704.67,10122775.21243508
1784712600000,704.09,704.477,703.796,704.07,15945662.74561111
1784713500000,704.256,704.494,703.606,704.494,22344009.131532583
1784714400000,705.04,705.158,704.364,704.41,17748431.89636257
1784715300000,705.03,705.435,704.205,705.19,28675420.34752492
1784716200000,705.4,705.478,704.71,704.73,15137330.44169162
1784717100000,704.99,705.564,704.707,705.17,25657194.32015863
1784718000000,704.99,705.33,704.428,704.52,52857249.65733743
1784718900000,704.32,704.676,703.876,703.89,61374955.74179603
1784719800000,703.95,704.159,701.96,702.63,124082839.0730525
1784720700000,702.42,703.303,702.389,702.71,49489427.03152817
1784721600000,702.94,703.106,702.139,702.59,70078905.34624314
1784722500000,702.39,702.553,701.377,701.99,63242964.54410294
1784723400000,702.2,703.08,702.101,702.91,130498995.13566692
1784724300000,702.77,702.841,700.64,701.87,196368697.34707922
1784725200000,701.94,702.869,701.92,702.766,76453672.52693164
1784726100000,702.764,703.75,702.76,703.59,177198929.31205425
1784727000000,703.63,705.88,703.63,705.685,1600939935.7549503
1784727900000,705.82,708.03,705.12,708.03,1128020582.5024962
1784728800000,708.07,708.25,706.67,707.05,777558884.4713162
1784729700000,706.93,707.96,706.21,706.67,674396874.1040176
1784730600000,707.01,707.67,705.61,705.88,813407429.4402748
1784731500000,706.0,707.28,705.699,707.28,443428415.1954272
1784732400000,707.37,708.96,707.229,708.72,628644597.4442132
1784733300000,708.77,709.61,708.53,709.22,569816886.3903301
1784734200000,709.24,709.43,708.1,708.334,571363358.762948
1784735100000,708.71,709.41,708.343,709.36,306575428.7962174
1784736000000,709.33,709.42,708.98,709.34,260306199.5137582
1784736900000,709.34,709.48,708.677,708.88,300234269.47879153
1784737800000,708.99,709.31,708.284,708.395,248000631.69895858
1784738700000,708.495,709.12,708.07,708.85,235904218.6598192
1784739600000,709.01,709.355,708.7,708.88,237400787.78482962
1784740500000,708.9,709.02,708.548,708.94,263957497.96002844
1784741400000,708.72,709.085,708.14,708.525,158385833.6905798
1784742300000,708.485,708.56,707.05,707.287,501406406.8777492
1784743200000,707.38,707.882,706.85,706.85,218959734.43032625
1784744100000,706.8,707.49,706.76,707.17,280190638.27625906
1784745000000,706.87,707.178,706.39,706.91,243567920.76464948
1784745900000,706.87,707.61,706.81,707.33,208857507.70625523
1784746800000,707.37,707.62,706.59,706.79,372608503.60227877
1784747700000,706.79,707.66,706.67,707.48,378446326.2871075
1784748600000,707.45,707.53,706.05,706.51,501041956.2258262
1784749500000,706.66,707.28,705.18,705.19,1390339423.260426
1784750400000,705.478,707.18,704.35,707.15,2124501363.1921864
1784751300000,707.34,707.62,706.35,706.35,297643838.9345014
1784752200000,706.39,706.745,705.855,705.89,66191550.40928298
1784753100000,705.87,706.469,705.502,705.67,76022483.03988628
1784754000000,706.01,706.32,705.025,706.02,101043537.40382743
1784754900000,705.04,705.158,704.64,705.04,103111124.31833985
1784755800000,704.0,704.973,703.609,703.86,58909150.13667019
1784756700000,703.3,703.927,703.187,703.57,38399311.46108339
1784757600000,704.31,704.662,702.89,703.39,51375113.25823441
1784758500000,703.439,703.895,703.118,703.384,58516210.517416164
1784759400000,703.385,703.469,702.414,702.541,47397187.83039346
1784760300000,703.18,703.387,702.349,703.25,17998064.83311651
1784761200000,703.0,703.246,702.08,702.54,32356107.99972254
1784762100000,702.79,702.945,702.28,702.81,11051130.51739105
1784763000000,703.08,703.713,702.744,703.5,13497644.97311233
1784763900000,703.68,704.735,703.644,704.39,35218741.19309398
1784764800000,704.52,705.56,704.52,705.46,704.739
1784765700000,705.4,707.56,705.34,706.94,17992014.05
1784766600000,706.86,707.45,706.78,707.04,11195150.36
1784767500000,707.05,708.14,706.94,707.69,9039275.52
1784768400000,707.57,707.94,707.14,707.94,10590077.87
1784769300000,707.93,707.99,707.04,707.15,3368072.53
1784770200000,707.37,707.66,705.79,705.79,5514412.81
1784771100000,705.85,706.6,705.69,705.69,10433671.33
1784772000000,705.64,706.21,705.0,705.09,4725942.42
1784772900000,705.01,705.12,703.7,703.95,6623867.46
1784773800000,703.87,704.43,702.92,703.0,9311720.4
1784774700000,703.09,703.78,702.99,703.68,6176857.56
1784775600000,703.73,703.73,702.2,702.78,11939928.47
1784776500000,702.74,703.44,702.45,703.41,1542832.03
1784777400000,703.5,704.21,703.32,704.21,2070477.37
1784778300000,704.22,704.51,703.99,704.18,11294716.88
1784779200000,704.06,704.67,703.11,704.67,2759893.94
1784780100000,704.71,705.33,704.19,705.14,2658072.6
1784781000000,705.02,705.4,704.91,704.91,3752458.7
1784781900000,704.82,705.16,704.18,704.39,1248421.61
1784782800000,704.52,704.55,703.94,704.28,523912.13
1784783700000,704.1,705.5,703.97,705.5,1814199.86
1784784600000,705.5,705.79,704.77,704.83,12776470.65
1784785500000,704.94,704.94,703.44,703.5,4540524.6
1784786400000,703.61,704.23,703.4,703.87,2110400.36
1784787300000,703.82,704.04,703.38,704.04,2328287.28
1784788200000,704.05,704.14,703.49,703.49,774820.74
1784789100000,703.46,704.32,703.32,703.44,1469858.03
1784790000000,703.51,703.51,700.4,701.39,19766832.36
1784790900000,701.44,702.36,701.31,701.83,5610038.85
1784791800000,701.89,701.89,699.98,700.07,13407643.5
1784792700000,699.98,701.09,699.64,701.06,7915578.16
1784793600000,701.065,704.754,700.546,701.83,131400044.61659297
1784794500000,702.311,702.885,701.951,702.588,12231942.05639012
1784795400000,702.74,702.922,702.259,702.39,8149068.67938087
1784796300000,703.0,704.088,702.332,703.0,11317198.2374083
1784797200000,703.82,704.631,703.446,703.83,12475371.10474941
1784798100000,703.86,703.893,703.386,703.74,9507623.19700963
1784799000000,703.29,703.658,703.153,703.305,4713680.02260365
1784799900000,703.53,703.53,702.589,703.53,7616079.1097637
1784800800000,702.89,703.046,702.439,702.56,8940027.69461276
1784801700000,702.55,702.941,702.376,702.86,19099928.28528581
1784802600000,702.72,704.36,702.636,704.36,62997946.82794829
1784803500000,704.07,704.07,703.739,703.74,10760286.56601351
1784804400000,703.02,703.924,702.36,702.64,28872874.23080193
1784805300000,702.77,703.085,701.32,701.32,36567939.35950182
1784806200000,701.22,701.42,699.462,699.67,104951601.2908778
1784807100000,699.9,700.88,699.426,700.43,52830646.02032409
1784808000000,700.46,700.653,699.46,699.6,45014530.04361007
1784808900000,699.62,699.859,698.022,698.36,136158444.65193093
1784809800000,697.97,698.212,695.932,696.14,201229871.3582482
1784810700000,696.26,696.677,695.59,696.3,115303416.46734928
1784811600000,696.19,696.7,694.662,694.8,198331261.76413706
1784812500000,694.77,694.949,694.23,694.44,155692781.2225928
1784813400000,694.66,698.64,693.25,698.187,2491266770.996144
1784814300000,698.0,698.23,694.19,694.555,1336177980.4496613
1784815200000,694.48,696.68,693.79,694.49,1309113361.2678268
1784816100000,694.34,696.14,693.97,694.99,854315103.005927
1784817000000,695.35,695.95,692.47,692.91,1361514862.7289448
1784817900000,692.956,693.46,691.3,691.88,1263104758.5721834
1784818800000,691.8,691.86,688.98,689.39,1365757615.753437
1784819700000,689.2,691.09,688.16,688.48,1326844848.4632728
1784820600000,688.62,690.58,687.8,689.43,1012891175.4827322
1784821500000,689.195,691.58,688.989,691.56,719693487.2809299
1784822400000,691.655,692.86,691.27,692.56,1174044624.6538787
1784823300000,692.58,694.57,692.07,694.36,836805163.4268155
1784824200000,694.45,695.11,693.84,693.97,622525596.7011619
1784825100000,693.89,693.963,692.02,692.83,663683152.3635162
1784826000000,692.73,693.2,691.55,692.82,557828526.5562892
1784826900000,692.81,693.61,692.216,693.275,421796858.85376585
1784827800000,692.99,693.126,691.11,691.69,419829442.8920028
1784828700000,691.5,692.45,690.99,691.05,423563285.78679425
1784829600000,690.94,691.29,690.43,690.97,697780837.734362
1784830500000,690.865,691.32,690.557,691.123,554624910.8482989
1784831400000,691.125,691.83,690.47,690.49,488199086.4098074
1784832300000,690.65,691.21,689.97,690.47,449515203.01018184
1784833200000,690.8,690.92,689.395,689.46,511475034.90327376
1784834100000,689.42,691.535,689.42,691.24,664079397.700338
1784835000000,691.4,691.575,689.39,689.39,648288767.6332439
1784835900000,689.33,692.41,688.97,691.98,2592257405.1795516
1784836800000,692.34,695.114,692.078,694.84,2854724552.13111
1784837700000,694.86,695.851,694.597,695.77,450014597.9267896
1784838600000,695.695,695.99,694.858,694.916,430424900.23099375
1784839500000,694.94,695.143,694.734,694.91,98220767.74128333
1784840400000,695.3,695.625,694.22,694.49,242836400.68051657
1784841300000,693.94,694.478,693.561,693.99,155441742.5479332
1784842200000,693.84,693.96,693.481,693.64,42303521.00906073
1784843100000,693.775,694.51,693.775,694.019,42584340.83665002
1784844000000,693.18,694.155,692.477,692.68,61822656.63883989
1784844900000,692.57,693.47,692.376,693.35,43861518.60532391
1784845800000,693.22,693.84,693.173,693.52,42960383.25816706
1784846700000,693.86,694.822,693.692,694.72,16257572.73828635
1784847600000,694.804,694.892,693.919,694.04,80352315.14542931
1784848500000,694.09,694.232,693.903,694.09,27923471.30309972
1784849400000,693.79,694.11,693.25,693.25,35174440.52914007
1784850300000,693.66,694.224,693.231,693.39,23843057.86738291
1784851200000,693.96,694.97,692.46,693.01,6887220.67
1784852100000,693.07,693.8,692.41,692.94,8202548.51
1784853000000,692.95,693.72,692.42,693.24,4952852.74
1784853900000,693.31,693.81,692.64,693.69,4812462.12
1784854800000,693.64,694.24,693.41,693.41,4255366.52
1784855700000,693.43,694.06,692.92,693.33,2478383.21
1784856600000,693.4,693.97,693.03,693.4,5386495.63
1784857500000,693.39,693.54,692.21,692.25,7275888.55
1784858400000,692.27,692.66,691.8,692.37,7019477.92
1784859300000,692.25,692.45,691.63,691.84,8930225.08
1784860200000,691.75,691.82,690.67,690.69,6541674.4
1784861100000,690.67,690.7,689.89,689.99,11070885.45
1784862000000,689.99,690.56,689.99,690.45,4163137.79
1784862900000,690.48,690.82,690.03,690.53,5839824.78
1784863800000,690.49,690.78,689.49,689.69,6260080.12
1784864700000,689.61,689.95,689.05,689.11,8085284.82
1784865600000,689.14,689.84,688.73,689.19,11752220.45
1784866500000,689.09,690.86,689.09,690.7,7279983.44
1784867400000,690.69,690.82,689.84,690.21,2105753.92
1784868300000,690.11,691.15,689.93,690.99,3684738.66
1784869200000,691.14,691.86,690.72,691.56,2248525.2
1784870100000,691.58,691.84,691.21,691.5,4096722.1
1784871000000,691.5,691.82,691.1,691.82,2190990.37
1784871900000,691.75,692.07,690.53,690.62,1998101.38
1784872800000,690.65,690.65,689.58,689.69,1979535.98
1784873700000,689.73,691.36,689.71,690.11,2237628.12
1784874600000,690.31,690.88,689.62,689.62,1610779.89
1784875500000,689.58,690.66,689.05,690.58,2229227.1
1784876400000,690.56,692.86,690.56,692.81,12510929.69
1784877300000,692.68,693.43,692.58,693.19,11171630.66
1784878200000,693.15,693.35,692.2,692.47,5369411.96
1784879100000,692.57,692.66,692.34,692.34,3477067.21
1784880000000,692.27,693.362,690.919,691.56,132010083.0789723
1784880900000,691.77,692.375,691.283,691.77,8165477.40197612
1784881800000,692.38,693.104,692.36,692.48,15173669.15494857
1784882700000,692.71,692.71,692.217,692.71,9939856.68744807
1784883600000,693.76,693.84,692.308,693.52,25347405.30644658
1784884500000,693.09,693.756,692.784,693.51,15027781.0916579
1784885400000,693.86,694.388,693.535,694.37,16742901.2192376
1784886300000,694.42,694.43,693.921,694.35,18500965.66795393
1784887200000,693.83,694.459,693.415,693.83,14740730.43993539
1784888100000,693.39,693.807,693.294,693.77,29423773.66451264
1784889000000,693.1,693.961,692.88,692.88,10396943.42973841
1784889900000,692.95,693.263,692.772,692.91,21083240.64490895
1784890800000,692.89,693.489,692.741,693.21,25066981.05837595
1784891700000,693.19,693.38,692.894,692.97,17450446.89618754
1784892600000,692.97,692.999,692.398,692.6,28817206.23216999
1784893500000,692.55,694.144,692.046,693.9,30045895.86336178
1784894400000,693.37,694.182,692.602,693.75,39942980.31367999
1784895300000,693.91,694.19,693.48,694.07,47491063.00977538
1784896200000,693.97,694.033,692.586,692.64,37570744.69065693
1784897100000,692.59,692.732,691.65,691.88,50501961.42052966
1784898000000,691.757,691.959,691.3,691.724,92090482.29199748
1784898900000,691.718,692.26,690.54,690.551,186251090.60725364
1784899800000,690.23,692.46,688.49,689.16,1904156561.55886
1784900700000,688.93,689.69,685.09,685.22,1913370882.4234362
1784901600000,685.16,688.23,684.88,687.535,1586889485.1995885
1784902500000,687.75,687.77,684.71,686.97,976436404.425975
1784903400000,686.79,687.039,683.81,684.34,956237070.2799805
1784904300000,684.19,688.52,683.57,688.27,966964124.069688
1784905200000,688.37,689.7,686.0,689.46,1113452851.9112604
1784906100000,689.18,690.84,688.42,689.42,1187166435.9375687
1784907000000,689.23,691.19,689.15,689.61,1003853727.8037535
1784907900000,689.73,691.38,689.31,691.33,604251393.0306854
1784908800000,691.06,692.591,690.755,691.29,561600616.4502603
1784909700000,691.12,691.695,690.72,691.19,334704252.3722879
1784910600000,691.01,691.152,689.41,689.505,653884506.8108898
1784911500000,689.3,689.73,688.59,689.5,572091847.791718
1784912400000,689.25,689.431,687.81,688.465,598105792.136654
1784913300000,688.4,689.94,688.065,689.8,501331733.04700655
1784914200000,689.83,690.451,688.59,688.77,364963709.7881808
1784915100000,688.37,689.5,688.29,688.67,367414343.103407
1784916000000,688.66,689.03,687.55,687.69,367378616.3980913
1784916900000,687.6,687.75,685.44,685.505,933289423.6113116
1784917800000,685.53,685.685,683.66,684.06,1427296237.264411
1784918700000,684.01,685.27,684.009,684.72,1351703104.9193327
1784919600000,684.655,685.27,682.64,682.64,1071640386.6732558
1784920500000,682.67,683.73,682.49,683.45,1101774157.7011757
1784921400000,683.58,684.65,683.18,683.95,1670536214.9721866
1784922300000,683.97,684.49,682.77,684.38,2683572227.8537617
1784923200000,684.23,684.583,683.701,684.42,1680130173.6779358
1784924100000,684.47,685.258,684.419,684.81,233802572.4820265
1784925000000,684.72,684.755,684.307,684.59,155315464.43376338
1784925900000,684.73,685.01,684.414,685.01,81642130.3696801
1784926800000,684.7,684.88,684.161,684.3,257979922.29480216
1784927700000,684.67,684.857,684.182,684.73,21006324.40172967
1784928600000,685.06,685.389,684.851,684.99,46792486.86624112
1784929500000,684.84,684.957,684.724,684.84,10384040.10882637
1784930400000,684.75,684.875,684.58,684.75,6622016.0164411
1784931300000,684.5,684.745,684.322,684.5,4323479.92666365
1784932200000,684.579,684.735,684.457,684.486,5943158.8927098
1784933100000,684.485,684.63,684.154,684.195,10079856.32795247
1784934000000,684.193,684.378,684.171,684.305,6720002.21728669
1784934900000,684.305,684.305,683.945,683.965,8256506.13468949
1784935800000,683.965,683.965,683.53,683.841,9123740.282270102
1784936700000,683.839,683.945,683.585,683.945,22737291.37863967
1784937600000,683.945,683.945,683.945,683.945,6839.45
1784938500000,684.47,684.47,684.47,684.47,400.346503
1784940300000,684.54,685.06,684.54,685.06,2111.605638
1784943900000,685.13,685.13,685.13,685.13,25.966427
1784947500000,685.31,685.31,685.31,685.31,25.973249
1784951100000,685.43,685.43,685.43,685.43,25.977797
1784952900000,685.52,685.52,685.52,685.52,49.974408
1784954700000,685.67,685.67,685.67,685.67,25.986893
1784955600000,685.92,686.18,685.92,686.18,1562.75346
1784958300000,686.44,686.44,686.44,686.44,25.947432
1784961900000,686.56,686.56,686.56,686.56,25.951968
1784962800000,686.6,686.6,686.6,686.6,19.98006
1784965500000,686.6,686.6,686.6,686.6,25.95348
1784968200000,686.69,686.71,686.69,686.71,129.92262
1784969100000,686.77,686.77,686.77,686.77,25.959906
1784970000000,686.84,686.84,686.84,686.84,14.973112
1784970900000,686.84,686.84,686.84,686.84,39.974088
1784972700000,686.84,686.86,686.84,686.86,25.962994
1784975400000,686.86,686.86,686.86,686.86,44.98933
1784976300000,686.92,686.92,686.92,686.92,36.956296
1784979900000,687.04,687.04,687.04,687.04,25.970112
1784980800000,687.1,687.1,687.1,687.1,19.99461
1784982600000,687.1,687.1,687.1,687.1,49.95217
1784983500000,687.23,687.29,687.23,687.29,95.939576
1784984400000,687.3,687.3,687.23,687.23,252.971393
1784987100000,687.3,687.3,687.3,687.3,25.97994
1784990700000,687.41,687.41,687.41,687.41,25.984098
1784991600000,687.55,687.55,687.55,687.55,27.983285
1784994300000,687.6,687.6,687.6,687.6,25.99128
1784995200000,687.68,687.68,687.68,687.68,99.919904
1784997000000,687.75,687.75,687.75,687.75,19.94475
1784997900000,687.75,687.75,687.75,687.75,25.99695
1784998800000,687.79,687.79,687.79,687.79,29.987644
1785001500000,687.93,687.93,687.93,687.93,25.934961
1785002400000,688.01,688.01,688.01,688.01,19.95229
1785004200000,688.0,688.01,688.0,688.01,118.956629
1785005100000,688.04,688.04,688.04,688.04,25.939108
1785006000000,687.42,687.42,687.42,687.42,14.77953
1785006900000,688.1,688.1,688.1,688.1,19.9549
1785008700000,688.1,688.12,688.1,688.12,45.89685
1785010500000,687.89,687.89,687.89,687.89,47.739566
1785012300000,688.12,688.12,688.12,688.12,25.942124
1785013200000,688.19,688.19,687.89,687.89,60.54302
1785015900000,688.19,688.19,688.19,688.19,25.944763
1785019500000,688.26,688.26,688.26,688.26,25.947402
1785023100000,688.28,688.28,688.28,688.28,25.948156
1785026700000,688.39,688.39,688.39,688.39,25.952303
1785030300000,688.45,688.45,688.45,688.45,25.954565
1785033900000,688.55,688.55,688.55,688.55,25.958335
1785034800000,688.31,688.31,687.78,687.78,82.445599
1785037500000,688.77,688.77,688.77,688.77,25.966629
1785038400000,688.56,688.56,688.56,688.56,28.988376
1785041100000,689.04,689.04,689.04,689.04,25.976808
1785043800000,688.96,688.96,686.47,686.47,314.853982
1785044700000,689.2,689.39,689.2,689.39,134.676843
1785048300000,689.66,689.66,689.66,689.66,25.931216
1785051900000,690.28,690.28,690.28,690.28,25.954528
1785054600000,690.68,690.84,690.68,690.84,129.923852
1785055500000,690.98,691.03,690.98,691.03,175.934358
1785058200000,691.16,691.16,691.16,691.16,99.941736
1785059100000,690.73,691.26,690.57,691.26,96.096823
1785060000000,691.27,691.27,691.27,691.27,89.035576
1785060900000,690.99,690.99,680.57,680.57,3802.999666
1785061800000,683.87,684.06,683.87,684.06,30.708758
1785062700000,683.88,686.02,683.88,686.02,25.953934
1785066300000,684.88,684.88,684.88,684.88,25.956952
1785067200000,684.9,685.23,684.9,685.23,6294.306984
1785068100000,685.26,685.26,685.26,685.26,199.958868
1785069000000,685.38,685.38,685.38,685.38,49.964202
1785069900000,685.54,686.11,685.54,686.11,1944.788005
1785070800000,686.43,686.43,686.43,686.43,19.975113
1785072600000,686.43,686.72,686.43,686.72,186.689617
1785073500000,686.76,686.76,686.76,686.76,25.959528
1785074400000,687.1,687.1,687.1,687.1,419.131
1785075300000,687.14,687.14,687.14,687.14,520.233694
1785077100000,687.18,687.18,687.18,687.18,25.975404
1785078000000,687.24,687.96,687.24,687.96,2662.1844
1785078900000,688.02,688.37,688.02,688.37,555.524988
1785079800000,688.38,688.49,688.38,688.49,495.914496
1785080700000,688.52,688.52,688.52,688.52,25.957204
1785081600000,688.61,688.61,684.9,688.34,10247.933795
1785084300000,688.61,688.61,688.61,688.61,25.960597
1785087900000,688.69,688.69,688.69,688.69,25.963613
1785088800000,688.9,688.9,688.9,688.9,19.9781
1785090600000,688.9,688.9,688.9,688.9,118.97303
1785095100000,688.75,688.97,688.75,688.97,65.858043
1785096000000,688.97,688.97,688.97,688.97,100.107341
1785098700000,689.02,689.02,689.02,689.02,25.976054
1785099600000,689.16,689.16,689.16,689.16,49.9641
1785102300000,689.25,689.25,689.25,689.25,25.984725
1785103200000,689.34,689.72,689.34,689.72,1390.671416
1785105000000,689.87,689.87,689.87,689.87,25.732151
1785105900000,690.18,690.18,690.18,690.18,25.950768
1785106800000,690.25,690.43,690.25,690.43,399.956914
1785109500000,690.49,690.49,690.49,690.49,25.962424
1785110400000,691.96,695.03,691.0,693.37,27948949.78
1785111300000,693.33,693.33,691.45,692.38,21885403.79
1785112200000,692.46,693.2,691.85,691.85,11928698.63
1785113100000,691.99,693.18,691.81,691.81,6098069.36
1785114000000,692.0,692.63,691.09,691.19,14415672.59
1785114900000,691.19,691.38,690.18,690.44,9959995.82
1785115800000,690.59,692.32,690.32,691.5,19398051.07
1785116700000,691.54,692.19,691.23,692.13,4797017.0
1785117600000,692.22,692.51,691.59,692.12,11985058.12
1785118500000,692.15,693.14,692.05,692.79,7280906.13
1785119400000,692.62,693.2,692.08,692.96,4030581.67
1785120300000,693.07,693.2,692.19,692.34,1346391.08
1785121200000,692.4,692.83,692.03,692.83,842765.35
1785122100000,692.95,693.12,692.33,692.33,1853389.94
1785123000000,692.32,692.73,691.86,692.45,2756865.93
1785123900000,692.48,692.51,691.71,692.06,3328741.14
1785124800000,692.22,692.45,691.9,692.39,2787970.05
1785125700000,692.41,693.0,692.1,692.32,3777367.01
1785126600000,692.43,693.13,692.13,692.94,2105052.34
1785127500000,693.03,693.41,692.8,693.05,3946090.86
1785128400000,692.9,693.64,692.85,693.6,4508526.62
1785129300000,693.61,693.86,693.48,693.73,3978412.81
1785130200000,693.76,694.38,693.67,693.92,5872748.0
1785131100000,693.97,694.36,693.88,694.11,2010667.76
1785132000000,694.18,694.97,694.18,694.72,8735556.78
1785132900000,694.65,694.82,694.12,694.22,3919055.28
1785133800000,694.21,694.65,694.15,694.3,9607269.37
1785134700000,694.22,694.35,693.87,694.23,6830624.72
1785135600000,694.18,695.01,694.15,695.01,8644590.79
1785136500000,695.01,695.04,694.45,694.5,4744377.56
1785137400000,694.53,694.53,693.72,694.26,3280623.91
1785138300000,694.29,694.41,693.41,693.5,2356156.31
1785139200000,694.21,694.328,683.945,694.17,126660531.96978718
1785140100000,694.19,694.849,693.893,694.84,18218175.50161208
1785141000000,694.82,695.304,694.454,695.26,33355391.58207088
1785141900000,695.218,695.508,695.007,695.238,25672564.379993714
1785142800000,695.02,695.252,694.893,694.93,11273131.68964644
1785143700000,695.06,695.29,694.951,695.18,6001451.26741661
1785144600000,695.43,695.511,694.858,695.33,14570831.76639984
1785145500000,695.49,695.869,695.425,695.49,14508554.30960969
1785146400000,695.52,695.635,695.037,695.5,9347176.11075302
1785147300000,695.41,695.515,695.147,695.39,23720965.82534339
1785148200000,695.45,695.535,695.171,695.43,20453011.68151865
1785149100000,695.47,695.66,695.341,695.66,12629572.65492367
1785150000000,695.31,695.399,694.587,694.664,63800147.568944134
1785150900000,694.55,694.814,693.579,693.7,31559364.454324
1785151800000,693.51,693.928,693.34,693.58,57442876.79987357
1785152700000,693.66,693.776,693.402,693.5,19504746.61584645
1785153600000,694.01,694.264,692.82,692.9,39367963.82670526
1785154500000,692.89,693.18,692.66,692.99,39739599.69836836
1785155400000,693.12,693.611,692.781,693.54,48058140.75904144
1785156300000,693.65,694.15,693.612,693.79,51810664.21007112
1785157200000,694.22,694.37,693.168,693.64,91080338.53753002
1785158100000,693.457,693.76,691.66,691.729,166276784.69272414
1785159000000,691.7,692.23,687.74,688.3,1830470871.85548
1785159900000,688.46,689.59,685.69,685.79,1146407038.9243047
1785160800000,685.72,686.35,683.0,683.51,1973340835.814174
1785161700000,683.47,684.52,679.23,679.39,1789675948.2480223
1785162600000,679.45,679.87,676.0,676.308,2640906582.8896947
1785163500000,676.47,681.69,676.338,681.51,1337371515.1104448
1785164400000,681.55,682.12,680.32,680.38,961659785.9168967
1785165300000,680.425,681.0,678.58,679.03,907939621.0770253
1785166200000,679.21,679.31,676.92,678.224,917635140.8770957
1785167100000,678.23,679.085,677.32,678.87,479020123.7978664
1785168000000,679.04,681.08,678.8,679.29,758737463.3071055
1785168900000,679.135,682.33,678.5,681.1,1152606258.66091
1785169800000,681.23,682.05,680.28,680.685,756864378.0253366
1785170700000,680.593,681.14,678.11,678.546,983290240.7195253
1785171600000,678.6,678.705,677.26,678.26,659959064.861812
1785172500000,678.1,678.36,677.129,677.42,607363241.6240551
1785173400000,677.38,678.83,677.38,678.22,517999650.16208684
1785174300000,678.29,679.93,677.76,679.9,400417916.6537444
1785175200000,679.9,680.224,679.51,679.894,816787952.8420243
1785176100000,679.77,679.888,678.61,679.48,665592532.6383303
1785177000000,679.23,679.46,677.87,679.33,704326394.0236536
1785177900000,679.355,681.98,679.14,681.93,677277648.2207191
1785178800000,681.965,683.04,681.46,682.25,740482859.4933622
1785179700000,682.38,683.32,682.13,683.27,921516491.5720844
1785180600000,683.34,683.58,681.61,681.72,1010754366.7276348
1785181500000,681.62,682.33,681.21,682.12,2083825934.3433435
1785182400000,682.33,682.622,681.58,681.95,1695984851.0837433
1785183300000,682.079,682.14,681.651,682.117,182642420.4908556
1785184200000,682.13,682.94,682.115,682.93,33395449.93686928
1785185100000,682.29,682.486,681.998,682.34,56011129.66439349
1785186000000,682.45,682.75,682.207,682.44,101179778.2277563
1785186900000,682.75,683.059,682.71,682.808,33499085.30733961
1785187800000,682.806,682.845,682.703,682.814,25594770.28237602
1785188700000,682.69,682.95,682.61,682.69,21213977.90225688
1785189600000,682.14,682.86,681.252,681.29,77166459.74719349
1785190500000,680.94,681.44,680.554,680.91,21555573.53472506
1785191400000,680.552,681.154,680.505,680.683,13379471.53313066
1785192300000,680.51,680.928,680.492,680.71,8371530.22631795
1785193200000,680.61,681.034,680.012,680.49,15704932.93742633
1785194100000,681.09,681.304,680.289,680.99,15784318.60342375
1785195000000,681.05,681.295,680.573,680.95,6405264.01626797
1785195900000,680.4,681.638,680.383,681.23,30670815.70356682
1785196800000,681.89,682.19,679.82,680.17,10366680.02
1785197700000,680.3,680.67,679.14,679.91,8622489.2
1785198600000,679.99,680.83,679.0,680.34,3644456.13
1785199500000,680.31,680.31,678.87,679.28,6449216.63
1785200400000,679.18,679.29,676.83,677.37,17199380.92
1785201300000,677.4,679.41,677.27,678.96,9882748.76
1785202200000,678.88,679.79,678.65,679.38,11710227.47
1785203100000,679.42,679.72,677.81,678.03,15235232.23
1785204000000,678.08,678.08,677.14,677.42,21720309.96
1785204900000,677.31,678.2,676.94,677.19,5316909.14
1785205800000,677.18,677.23,676.44,676.84,7760295.79
1785206700000,676.76,677.68,676.46,677.22,13313387.23
1785207600000,677.35,677.35,675.92,676.62,8387317.49
1785208500000,676.73,678.59,676.64,677.2,17834861.87
1785209400000,677.11,678.99,676.4,678.8,8094405.17
1785210300000,679.01,679.21,678.21,678.66,4922080.49
1785211200000,678.52,678.59,677.1,677.1,4147296.66
1785212100000,677.14,677.91,676.84,676.91,1452465.01
1785213000000,676.8,677.07,676.59,676.88,6260038.17
1785213900000,676.88,677.5,676.36,676.5,4411039.32
1785214800000,676.55,677.07,676.15,676.35,3651060.1
1785215700000,676.26,676.45,675.49,675.59,5941224.79
1785216600000,675.65,675.65,674.59,675.05,12882892.11
1785217500000,675.05,675.6,674.46,674.66,7642849.09
1785218400000,674.82,674.96,673.63,673.81,12570910.88
1785219300000,673.91,675.23,673.87,675.13,13422765.37
1785220200000,675.15,675.96,674.96,675.56,9532740.8
1785221100000,675.42,676.49,675.17,676.17,7609962.76
1785222000000,676.33,677.05,675.98,676.86,6294375.62
1785222900000,676.95,677.19,676.1,676.18,4035027.57
1785223800000,676.15,676.54,675.79,676.08,3842548.78
1785224700000,676.16,676.38,675.3,675.88,3485826.6
1785225600000,675.34,680.383,674.721,675.63,170784867.21750274
1785226500000,675.9,677.62,674.767,677.61,34921816.62843685
1785227400000,677.12,678.635,676.988,678.42,36550595.19029378
1785228300000,678.4,678.605,677.309,678.07,20872836.59509023
1785229200000,677.62,677.855,677.135,677.72,11391446.71900012
1785230100000,677.61,677.899,677.255,677.64,7487223.98539839
1785231000000,676.87,677.858,676.77,676.87,19934795.6990559
1785231900000,677.04,677.071,676.192,676.39,10092508.2889935
1785232800000,676.43,676.696,676.328,676.48,27011851.53885667
1785233700000,676.12,676.759,675.964,676.13,14415569.85886455
1785234600000,676.9,677.035,675.304,675.38,63098417.38349566
1785235500000,676.07,676.324,675.8,676.16,17754556.39917546
1785236400000,676.24,676.306,674.29,674.39,84354710.45963876
1785237300000,674.64,676.398,674.408,674.79,105865830.63076027
1785238200000,674.54,675.56,673.99,674.18,64352665.94711246
1785239100000,674.14,676.817,674.14,676.22,91220732.66943014
1785240000000,676.69,677.467,676.398,676.41,70722458.83369435
1785240900000,676.57,677.828,676.374,677.6,59630766.25046373
1785241800000,677.97,678.17,676.518,677.62,85693043.32576238
1785242700000,677.88,678.35,677.07,677.75,41426446.81374664
1785243600000,677.31,678.11,676.931,677.94,45712732.59681309
1785244500000,677.99,678.155,676.1,676.1,157434028.90335718
1785245400000,676.28,677.31,670.84,671.3,3829507176.4747276
1785246300000,671.35,672.51,668.89,669.32,2605392496.3182597
1785247200000,669.32,672.37,668.03,668.51,1716781608.2480168
1785248100000,668.73,670.55,667.9,670.26,1995181318.7807682
1785249000000,670.24,672.46,669.46,671.9,1194116828.2669895
1785249900000,672.02,674.82,671.33,672.77,1436784646.0530448
1785250800000,672.74,674.48,671.83,673.91,1225819008.0346568
1785251700000,673.64,677.72,673.57,676.61,1536822959.384538
1785252600000,676.61,678.27,676.32,678.23,792573858.9609442
1785253500000,678.28,678.92,677.77,678.58,819553888.87993
1785254400000,678.68,679.11,677.39,677.56,1182376154.5782888
1785255300000,677.7,678.56,677.18,677.44,849935979.1465964
1785256200000,677.31,678.47,676.37,678.25,1011451754.9632802
1785257100000,678.22,679.334,677.34,678.82,519274369.4029384
1785258000000,678.81,679.0,676.814,677.09,615633907.7216067
1785258900000,677.03,678.52,676.899,677.36,436867519.27464694
1785259800000,677.33,678.46,676.264,676.34,683856907.7869849
1785260700000,676.41,677.04,675.739,676.83,434720341.04335296
1785261600000,676.68,677.39,675.44,675.44,548462855.4973868
1785262500000,675.56,676.14,675.38,675.64,693992345.7218494
1785263400000,675.74,676.48,675.57,675.94,486541327.7839557
1785264300000,675.94,676.9,675.838,676.83,378702015.83177036
1785265200000,676.89,677.99,676.861,677.195,621655330.8217896
1785266100000,677.105,678.0,676.76,677.92,590231512.2137557
1785267000000,678.04,678.04,676.138,676.17,1164842296.1780193
1785267900000,676.31,677.11,675.33,675.44,2565899188.1474
1785268800000,675.56,676.61,674.827,675.72,2265067032.323038
1785269700000,675.42,677.194,675.376,677.15,101191003.23052701
1785270600000,676.98,676.98,675.73,676.13,200238675.5284141
1785271500000,676.4,676.537,675.945,676.24,19806336.74213765
1785272400000,676.2,676.867,676.2,676.56,241104277.98259553
1785273300000,676.74,676.925,676.26,676.74,35598674.4478863
1785274200000,676.93,677.317,676.485,677.0,20903608.47482777
1785275100000,677.25,677.365,677.058,677.26,38437971.95589793
1785276000000,676.81,677.744,676.637,677.5,41914389.15893635
1785276900000,676.52,676.922,675.328,675.45,64379348.94812231
1785277800000,675.01,676.041,673.94,674.48,32972561.16791196
1785278700000,673.61,674.185,671.614,671.87,107702187.74212167
1785279600000,671.6,673.772,671.01,673.4,92268530.65572631
1785280500000,673.54,674.745,672.968,674.51,30253668.6002676
1785281400000,674.81,677.724,674.713,677.62,36641217.15141752
1785282300000,677.65,679.752,677.344,679.51,102435211.29701272
1785283200000,679.61,681.67,679.49,680.99,14198878.35
1785284100000,680.92,681.42,678.84,679.45,24987916.18
1785285000000,679.31,679.41,678.08,678.99,6590133.8
1785285900000,679.23,679.51,677.59,677.8,5710715.39
1785286800000,677.77,678.5,675.48,675.59,13363210.36
1785287700000,675.57,677.49,675.12,676.88,16488195.44
1785288600000,676.81,677.01,674.71,674.71,12954476.51
1785289500000,674.68,674.89,672.39,672.43,18583769.35
1785290400000,672.3,674.32,672.05,673.73,11574936.49
1785291300000,673.79,674.98,672.68,674.98,13422754.63
1785292200000,675.0,675.35,674.18,674.8,14907967.80999999
1785293100000,674.68,674.83,673.39,673.57,4660073.45
1785294000000,673.57,674.61,672.49,673.39,8774097.53
1785294900000,673.34,673.54,672.19,672.24,4479374.16
1785295800000,672.14,672.47,671.37,672.0,11120420.33
1785296700000,672.09,672.32,670.4,670.62,8694833.65
1785297600000,670.59,670.61,669.79,670.07,19964443.57
1785298500000,670.08,670.58,669.09,669.97,18251069.94
1785299400000,669.88,670.77,669.1,669.1,8928753.62
1785300300000,669.12,671.72,668.93,671.66,13108701.12
1785301200000,671.7,673.51,671.21,673.43,10840684.63
1785302100000,673.53,673.53,672.08,673.18,3880050.86
1785303000000,672.97,673.97,672.46,673.31,19685400.15
1785303900000,673.43,673.71,672.53,672.55,3500810.31
1785304800000,672.53,672.69,671.19,671.85,8358791.94
1785305700000,671.92,673.0,671.63,672.91,7154739.92
1785306600000,672.99,675.41,672.99,675.4,8695558.21
1785307500000,675.18,676.09,675.06,675.9,11152189.09
1785308400000,675.81,676.21,675.1,675.62,5412833.31
1785309300000,675.71,676.29,675.39,676.25,7717373.14
1785310200000,676.21,676.59,675.69,675.69,7027081.89
1785311100000,675.74,675.74,674.97,675.28,5201094.66
1785312000000,675.25,679.161,674.212,674.32,235566317.29579973
1785312900000,674.08,674.705,673.246,673.63,25047344.15677411
1785313800000,673.675,675.775,673.484,675.771,34942940.28569789
1785314700000,675.43,676.046,675.081,675.43,12874091.56285378
1785315600000,676.15,676.966,675.188,676.86,25983475.04375473
1785316500000,676.6,677.164,676.43,676.85,119575125.1168693
1785317400000,676.93,677.788,676.604,676.93,16511611.57710338
1785318300000,678.1,678.924,677.591,678.07,27459404.42487074
1785319200000,678.07,678.538,677.695,677.78,27975448.66806468
1785320100000,677.99,678.074,677.323,677.34,25957646.75575867
1785321000000,677.79,678.021,676.566,676.72,30987304.34383772
1785321900000,676.807,676.807,675.987,676.238,41955760.253669925
1785322800000,676.41,677.597,676.146,677.42,42678144.61561869
1785323700000,677.39,678.07,677.271,677.75,32707785.28031418
1785324600000,677.71,677.711,676.693,676.85,25561736.30365213
1785325500000,676.69,677.6,676.579,677.6,20189943.74194134
1785326400000,677.5,677.626,676.075,676.32,48444400.03746166
1785327300000,675.18,676.225,674.0,675.08,132092165.44964863
1785328200000,674.31,675.499,673.999,675.38,62002616.00416653
1785329100000,675.45,675.845,675.257,675.35,45368731.17880863
1785330000000,675.356,675.482,674.485,674.485,59231802.136882566
1785330900000,674.57,676.05,674.15,675.5,127840972.95337397
1785331800000,675.51,677.45,673.73,675.39,1704274230.0226374
1785332700000,675.54,676.1,669.56,671.05,1467989903.7344334
1785333600000,671.22,673.4,668.87,669.0,1395203902.9924006
1785334500000,669.042,670.33,666.51,667.31,1533348592.6748886
1785335400000,667.56,669.16,665.77,666.42,1137043326.1183949
1785336300000,666.38,668.29,665.99,668.0,776883812.5542547
1785337200000,667.86,669.29,667.15,667.59,603854595.3366326
1785338100000,667.23,668.36,666.72,666.92,475233348.7898133
1785339000000,666.852,667.74,665.98,666.361,764988392.3485849
1785339900000,666.45,667.06,664.67,665.93,938634937.9949511
1785340800000,666.09,666.45,663.55,663.58,846469555.7609226
1785341700000,663.52,666.84,663.29,666.75,1115153016.9948943
1785342600000,666.76,667.52,665.2,665.6,836573226.2554783
1785343500000,665.58,667.94,665.295,667.94,982032205.5983995
1785344400000,667.99,671.19,667.83,671.11,944412825.8571765
1785345300000,671.26,671.51,669.2,669.2,1022166175.7804506
1785346200000,669.11,670.18,668.705,669.88,540586205.445387
1785347100000,669.831,670.86,669.21,670.735,961955345.379497
1785348000000,670.737,674.84,670.737,672.71,1892440014.409773
1785348900000,672.74,673.66,671.16,672.21,721387633.2349613
1785349800000,672.38,677.18,670.67,676.98,1650310969.4611514
1785350700000,676.96,679.87,676.77,678.88,1436408305.8651533
1785351600000,678.95,680.03,673.84,675.383,1522748899.6724408
1785352500000,675.48,676.06,669.15,670.62,1551599450.0360246
1785353400000,670.94,671.51,664.73,665.01,1671723117.49339
1785354300000,665.21,665.95,661.155,661.44,4236527038.0522428
1785355200000,661.99,662.01,658.44,660.86,2750173091.1656923
1785356100000,660.18,661.555,658.61,659.34,167675493.5461559
1785357000000,659.0,661.385,658.74,661.0,227299265.2237488
1785357900000,661.01,661.132,659.983,660.34,93580905.3988708
1785358800000,660.0,660.019,658.949,659.24,307843923.7598255
1785359700000,659.09,659.495,658.739,659.1,76343506.92598659
1785360600000,659.1,659.186,657.039,657.33,88498149.56538056
1785361500000,656.64,658.128,656.32,657.93,125804432.92770547
1785362400000,658.43,665.083,658.18,664.11,332845335.70033133
1785363300000,664.51,665.002,663.126,663.17,85698107.78103586
1785364200000,663.94,664.64,663.4,664.45,81986132.20687725
1785365100000,664.58,664.927,663.61,663.96,30118100.83932828
1785366000000,664.91,666.09,664.202,665.76,44340893.35680298
1785366900000,665.01,666.397,664.846,666.11,22739925.5123363
1785367800000,666.52,666.862,665.601,666.04,59198614.23055551
1785368700000,666.11,666.74,665.523,666.37,42151978.00597898
1785369600000,666.48,668.18,663.42,667.76,15179866.03
1785370500000,667.49,668.11,666.89,667.82,7661002.81
1785371400000,667.8,668.23,665.4,665.72,10394551.38
1785372300000,665.82,666.81,665.51,666.75,7192321.01
1785373200000,666.86,669.45,666.57,667.36,16216219.4
1785374100000,667.4,669.16,667.21,669.06,9519658.0
1785375000000,668.99,670.33,668.99,669.86,8219859.83
1785375900000,669.93,670.35,669.29,669.29,8116191.34
1785376800000,669.4,670.17,668.82,668.93,12134212.39
1785377700000,668.93,669.23,668.2,668.32,5058477.91
1785378600000,668.32,668.32,667.15,668.29,8712286.05
1785379500000,668.29,668.71,666.65,666.65,6618028.78
1785380400000,666.66,667.53,665.35,665.63,7094611.37
1785381300000,665.61,666.12,665.01,666.1,6094318.79
1785382200000,666.01,667.01,665.26,666.39,7050621.23
1785383100000,666.44,667.08,666.18,666.37,4236490.85
1785384000000,666.45,666.55,665.25,665.37,3751806.63
1785384900000,665.34,666.59,664.73,666.52,8338774.4
1785385800000,666.43,666.66,664.76,665.0,2387855.65
1785386700000,665.09,665.75,664.15,664.38,3373295.06
1785387600000,664.34,664.56,663.79,664.49,3433527.67
1785388500000,664.71,665.59,664.64,665.12,4255658.02
1785389400000,665.08,666.23,664.84,666.23,3126266.96
1785390300000,666.23,666.72,664.88,665.3,3445151.9
1785391200000,665.31,665.73,664.67,664.83,2491976.96
1785392100000,664.83,665.56,664.45,665.24,4900559.88
1785393000000,665.22,665.22,664.13,664.14,2571669.99
1785393900000,664.09,664.72,663.67,664.01,4446845.64
1785394800000,664.03,666.21,663.69,665.08,26923320.52
1785395700000,665.13,665.16,663.11,663.58,9126504.48
1785396600000,663.26,664.31,662.12,664.17,12290602.75
1785397500000,664.04,664.31,663.06,663.16,4882178.24
1785398400000,662.56,665.575,661.9,664.21,183367841.88861075
1785399300000,664.54,666.13,663.909,666.0,34366448.19609294
1785400200000,665.79,666.282,665.404,665.79,12715311.89780006
1785401100000,665.13,665.13,665.13,665.13,39907.8
1785402000000,666.0,666.909,665.006,666.65,25472493.03150907
1785402900000,667.11,667.452,666.472,667.32,24688563.31762907
1785403800000,667.02,667.712,666.644,666.71,27666669.66591749
1785404700000,666.89,666.984,666.03,666.03,14993987.21933112
1785405600000,666.064,667.178,665.51,666.61,43394418.477872
1785406500000,667.29,668.66,666.622,668.35,39641847.3051695
1785407400000,668.5,669.058,668.293,668.8,33913064.9472681
1785408300000,669.11,669.212,668.408,668.59,37284080.69022599
1785409200000,668.65,670.09,668.46,669.53,111900960.15083797
1785410100000,669.86,670.96,669.608,670.68,120491581.29631579
1785411000000,670.65,671.087,669.97,670.56,63256437.68545543
1785411900000,671.3,671.542,670.572,671.21,134948064.2830904
1785412800000,671.07,672.002,670.43,671.89,139222388.565844
1785413700000,672.003,672.08,670.93,671.368,153556499.5596189
1785414600000,671.408,672.834,671.007,672.383,190523349.184281
1785415500000,672.18,673.37,672.065,673.18,78825059.27063951
1785416400000,673.19,674.75,672.77,673.99,186909299.69479036
1785417300000,673.975,674.64,673.714,674.5,204620499.69096756
1785418200000,674.72,677.675,673.42,677.32,2854576074.439742
1785419100000,677.292,681.59,677.24,681.53,2987188985.25356
1785420000000,681.467,682.32,679.45,680.325,2087321981.080169
1785420900000,680.46,683.58,679.79,683.19,1740656430.9777963
1785421800000,683.07,683.7,681.77,682.01,1053844471.1856722
1785422700000,681.99,682.54,678.46,679.5,1803211921.6082144
1785423600000,679.57,681.11,678.13,678.497,1700255419.724239
1785424500000,678.489,680.21,677.81,678.284,1006298334.7411745
1785425400000,678.095,680.49,677.96,680.04,989282416.101113
1785426300000,680.3,681.11,679.11,679.64,1347642264.783622
1785427200000,679.75,682.435,679.34,682.27,1429425360.2203486
1785428100000,682.304,682.55,681.34,681.365,1947033175.76584
1785429000000,681.35,681.47,679.31,679.48,1259897031.6395295
1785429900000,679.66,681.092,679.502,680.95,1007010216.8702229
1785430800000,680.98,682.34,680.961,681.73,1766166902.8420541
1785431700000,681.741,682.89,681.72,681.991,1309091855.7734892
1785432600000,681.998,682.67,681.34,682.431,1230733003.0802033
1785433500000,682.427,682.92,681.92,682.172,956648453.4255403
1785434400000,682.52,682.82,681.95,682.73,391445645.3054206
1785435300000,682.76,682.78,681.85,682.33,837040709.5476689
1785436200000,682.3,682.71,681.5,681.98,604233378.3665719
1785437100000,681.965,682.425,681.67,682.338,1123289317.2517228
1785438000000,682.34,685.02,682.334,684.6,1253334397.513022
1785438900000,684.645,685.1,683.815,683.82,1533949382.6767352
1785439800000,683.92,684.1,683.24,683.62,1905772516.5769222
1785440700000,683.815,684.3,683.18,683.61,4486547131.800779
1785441600000,683.444,686.59,683.1,685.851,2049846365.802352
1785442500000,686.16,686.85,685.841,686.66,1766503383.8207884
1785443400000,685.75,687.185,685.65,686.42,260557058.82013243
1785444300000,686.61,686.646,685.79,685.82,84557227.41652822
1785445200000,685.83,685.927,685.487,685.59,400569134.72380793
1785446100000,685.96,686.543,685.717,685.73,140387931.89533746
1785447000000,686.0,686.44,685.351,686.41,299800900.1286168
1785447900000,686.41,687.23,685.99,686.25,50561779.4310714
1785448800000,685.62,687.83,685.476,687.15,74457252.24062371
1785449700000,687.249,687.747,686.51,686.514,75083984.4214839
1785450600000,686.516,687.696,686.084,687.668,91109238.7701716
1785451500000,687.5,687.86,687.5,687.6,43831157.02978917
1785452400000,687.72,688.19,687.126,688.06,30030698.34957741
1785453300000,687.0,687.333,686.784,687.0,21481324.9908072
1785454200000,687.16,687.99,686.76,687.99,12510686.04854023
1785455100000,687.79,688.688,687.489,688.61,29722338.71320211
1785456000000,688.253,689.67,687.87,689.49,12046865.17
1785456900000,689.47,689.94,688.99,689.79,7285908.6
1785457800000,689.82,690.49,689.8,690.23,8228016.97
1785458700000,690.23,690.82,689.55,690.77,5354379.11
1785459600000,690.86,691.96,690.86,691.72,16639729.38
1785460500000,691.69,691.99,691.35,691.53,20035846.24
1785461400000,691.41,691.62,690.01,690.18,10400117.88
1785462300000,690.17,690.24,689.22,689.68,8612081.62
1785463200000,689.81,690.23,688.69,688.77,7047680.62
1785464100000,688.77,688.77,687.89,688.46,5554991.54
1785465000000,688.32,688.6,687.66,688.17,2081774.62
1785465900000,688.36,688.72,687.89,688.5,3194833.62
1785466800000,688.56,688.67,687.79,688.16,5967818.52
1785467700000,688.38,689.68,688.38,689.36,3166293.96
1785468600000,689.48,689.73,689.17,689.25,1536090.5
1785469500000,689.25,689.54,688.53,689.19,3729183.93
1785470400000,689.2,689.44,688.47,689.36,1794805.45
1785471300000,689.29,690.52,689.17,690.5,4319626.43
1785472200000,690.5,691.51,690.44,691.51,3797533.19
1785473100000,691.51,691.61,691.1,691.44,3220694.53
1785474000000,691.49,691.89,691.19,691.63,2876811.7
1785474900000,691.68,692.18,691.52,692.0,3832973.45
1785475800000,692.03,692.29,691.23,691.53,7002266.15
1785476700000,691.5,692.47,691.45,692.35,2820839.0
1785477600000,692.2,692.96,692.1,692.88,4033150.54
1785478500000,692.83,692.94,692.28,692.49,3687622.09
1785479400000,692.43,692.49,689.36,689.79,17798846.78
1785480300000,689.69,690.48,689.09,689.97,7635396.05
1785481200000,689.81,691.29,689.28,691.01,7702975.98
1785482100000,691.17,692.03,690.47,691.48,9785026.17
1785483000000,691.3,692.01,691.15,691.91,7403682.58
1785483900000,692.0,692.29,691.34,692.07,5111282.7
1785484800000,692.17,692.371,688.864,691.96,169871804.18707186
1785485700000,692.09,692.76,691.837,692.23,36559594.92481034
1785486600000,692.44,692.843,691.779,691.93,20966838.12346141
1785487500000,692.59,692.795,691.829,692.65,16648425.94148666
1785488400000,692.9,693.61,692.661,693.35,34861156.59450816
1785489300000,693.23,693.359,692.321,692.92,20213225.79422494
1785490200000,691.79,692.397,691.108,691.61,36749430.02425981
1785491100000,691.04,691.882,690.995,691.04,19235855.42051537
1785492000000,690.9,691.718,690.768,691.0,29052751.01148107
1785492900000,692.06,692.1,691.409,691.93,13835505.63577385
1785493800000,691.99,692.185,691.755,691.9,17101923.70793124
1785494700000,692.24,692.353,691.543,691.77,19656679.61060383
1785495600000,691.83,693.202,691.75,692.53,65832005.15052269
1785496500000,691.81,692.56,691.493,692.06,55454842.91702684
1785497400000,691.31,691.64,690.854,690.99,66969045.55365512
1785498300000,691.14,691.674,691.055,691.47,28635676.72275038
1785499200000,690.96,691.575,689.802,689.95,56028472.26970104
1785500100000,689.51,690.322,689.099,690.05,78327421.27232432
1785501000000,690.01,690.24,688.61,689.07,91480795.0379974
1785501900000,688.89,689.927,688.812,689.36,51856505.22447838
1785502800000,689.28,690.96,689.26,690.96,67247795.00948766
1785503700000,690.94,692.13,690.94,691.99,219436698.19928598
1785504600000,692.19,695.68,688.33,688.33,3585928942.980233
1785505500000,688.31,689.505,685.33,686.8,3005945600.82505
1785506400000,686.71,687.59,680.58,681.25,2926706557.7776012
1785507300000,681.36,684.31,680.11,683.93,1660426050.205688
1785508200000,684.28,685.25,683.305,684.56,1370178787.6239216
1785509100000,684.576,686.51,684.0,685.654,2661624726.550829
1785510000000,685.62,686.4,683.463,684.77,832545934.266093
1785510900000,684.91,686.305,681.12,681.8,925300154.2272469
1785511800000,681.86,684.357,680.97,683.264,934052309.4258043
1785512700000,683.269,685.18,682.21,684.755,761300274.6477493
1785513600000,684.74,685.55,684.05,685.35,580522849.88302
1785514500000,685.49,686.88,684.37,686.88,608961675.4429791
1785515400000,686.86,687.55,685.78,685.963,895456399.7440823
1785516300000,685.951,687.56,685.62,687.122,588522397.7609583
1785517200000,687.08,688.08,686.96,687.92,561581772.0608323
1785518100000,687.92,689.69,687.8,689.37,557226423.6129819
1785519000000,689.377,690.32,688.93,689.241,700353123.7250718
1785519900000,689.242,689.67,688.28,688.553,1415335347.5760264
1785520800000,688.52,689.126,687.765,687.97,455305315.5115412
1785521700000,687.965,688.97,687.893,688.5,455098559.81249493
1785522600000,688.437,688.98,688.27,688.646,603467714.7946411
1785523500000,688.646,689.4,688.27,688.743,523724623.6676155
1785524400000,688.738,689.27,688.03,688.656,743074898.6845974
1785525300000,688.72,690.25,688.59,689.66,1060434026.1023887
1785526200000,689.74,689.88,688.73,689.715,1291588506.1268759
1785527100000,689.85,690.84,687.47,687.99,2119746437.6116316
1785528000000,688.29,688.63,686.57,687.83,2320601824.696501
1785528900000,687.69,687.764,686.981,687.02,768103156.7837449
1785529800000,687.28,687.701,686.84,687.46,166044309.13785347
1785530700000,687.44,687.5,684.995,685.42,363146440.4692309
1785531600000,685.49,686.04,685.194,685.79,128726647.46679571
1785532500000,685.889,685.915,684.888,685.107,113797354.1199753
1785533400000,685.1,685.259,684.682,685.069,25019976.06193414
1785534300000,684.96,685.085,684.127,684.46,34588047.0060657
1785535200000,684.532,684.797,684.28,684.317,16279579.31608034
1785536100000,684.31,684.35,684.11,684.154,12626916.85724868
1785537000000,684.55,685.24,684.106,685.01,8995446.29778634
1785537900000,684.96,685.0,684.747,684.83,6363411.39690108
1785538800000,684.831,684.894,684.712,684.89,8936618.20197652
1785539700000,684.89,685.13,684.89,685.111,8167740.01730069
1785540600000,685.111,685.111,684.908,685.047,9075102.55137382
1785541500000,685.045,685.194,684.447,684.539,13305433.660657845
1785542400000,684.54,684.54,684.54,684.54,684.54
1785545100000,685.99,685.99,685.99,685.99,27.988392
1785547800000,686.1,686.13,686.1,686.13,1026.174882
1785548700000,686.34,686.34,686.34,686.34,27.934038
1785552300000,686.37,686.37,686.37,686.37,27.935259
1785553200000,686.43,686.43,686.25,686.25,210.775023
1785554100000,686.51,686.51,686.51,686.51,99.955856
1785555000000,686.6,686.6,686.6,686.6,33.43742
1785555900000,686.71,686.71,686.71,686.71,27.949097
1785556800000,686.72,686.72,686.72,686.72,99.986432
1785558600000,686.76,686.76,686.76,686.76,88.111308
1785559500000,686.82,686.82,686.82,686.82,27.953574
1785561300000,686.88,686.88,686.88,686.88,19.988208
1785563100000,686.88,686.88,686.88,686.88,27.956016
1785564900000,686.43,686.43,686.43,686.43,115.045668
1785566700000,687.08,687.08,687.08,687.08,27.964156
1785569400000,687.21,687.21,687.21,687.21,44.943534
1785570300000,687.51,687.51,687.51,687.51,27.981657
1785573000000,687.57,687.57,687.57,687.57,99.972678
1785573900000,687.72,687.72,687.72,687.72,27.990204
1785575700000,687.72,687.81,687.72,687.81,1999.948227
1785576600000,688.02,688.02,688.02,688.02,99.969306
1785577500000,688.09,688.09,688.09,688.09,27.936454
1785579300000,687.7,687.7,687.7,687.7,29.70864
1785581100000,688.1,688.1,688.1,688.1,27.93686
1785584700000,688.16,688.16,688.16,688.16,27.939296
1785585600000,688.24,688.24,688.24,688.24,19.95896
1785587400000,688.24,688.36,688.24,688.36,64.903636
1785588300000,688.36,688.36,688.36,688.36,27.947416
1785589200000,688.49,688.49,688.15,688.15,80.9363
1785591900000,688.49,688.49,688.49,688.49,27.952694
1785592800000,688.52,688.54,688.15,688.15,1102.779755
1785595500000,688.66,688.66,688.66,688.66,27.959596
1785596400000,688.68,688.68,688.68,688.68,110.326536
1785597300000,688.15,688.15,688.11,688.11,184.490019
1785599100000,688.84,689.02,688.84,689.02,74.475754
1785600000000,689.15,689.15,689.15,689.15,119.981015
1785602700000,689.15,689.15,689.15,689.15,27.97949
1785603600000,689.15,689.15,689.15,689.15,59.95605
1785606300000,689.15,689.15,689.15,689.15,27.97949
1785607200000,689.15,689.15,689.15,689.15,19.98535
1785608100000,688.57,688.57,687.16,687.39,1811.169362
1785609000000,689.15,689.15,687.03,687.03,233.855498
1785609900000,689.15,689.15,689.15,689.15,27.97949
1785613500000,689.15,689.15,689.15,689.15,47.96484
1785617100000,689.15,689.15,689.15,689.15,27.97949
1785620700000,689.15,689.15,689.15,689.15,27.97949
1785621600000,689.15,689.15,689.15,689.15,19.98535
1785624300000,689.15,689.15,689.15,689.15,27.97949
1785627000000,689.15,689.42,687.0,687.0,148.700299
1785627900000,689.47,689.47,689.47,689.47,27.992482
1785628800000,688.6,688.6,688.6,688.6,19.07422
1785631500000,689.48,689.48,689.48,689.48,27.992888
1785632400000,689.08,689.08,689.08,689.08,15.573208
1785633300000,688.51,689.52,688.51,689.14,40.302763
1785635100000,689.5,689.5,689.5,689.5,27.9937
1785637800000,689.52,689.67,689.52,689.67,137.507738
1785638700000,690.17,690.69,690.17,690.69,262.309066
1785641400000,690.82,690.82,690.82,690.82,33.435688
1785642300000,690.84,691.02,690.84,691.02,127.881774
1785643200000,691.14,691.14,691.14,691.14,99.938844
1785644100000,691.16,691.16,691.16,691.16,34.834464
1785645900000,691.23,691.23,691.23,691.23,27.994815
1785648600000,691.31,691.31,691.31,691.31,199.995983
1785649500000,691.34,691.34,691.34,691.34,27.99927
1785650400000,691.36,691.36,691.36,691.36,54.893984
1785653100000,691.47,691.47,691.47,691.47,27.935388
1785656700000,691.61,691.61,691.61,691.61,27.941044
1785657600000,691.72,691.72,691.72,691.72,19.990708
1785658500000,691.72,691.72,691.72,691.72,79.962832
1785659400000,691.79,691.79,691.79,691.79,99.963655
1785660300000,691.81,691.81,691.81,691.81,27.949124
1785663900000,691.89,691.89,691.89,691.89,27.952356
1785667500000,691.92,691.92,691.92,691.92,27.953568
1785671100000,691.97,691.97,691.72,691.72,427.908092
1785672000000,691.72,692.05,691.72,692.05,325.561807
1785673800000,692.07,692.07,692.07,692.07,49.967454
1785674700000,692.34,692.34,692.34,692.34,27.970536
1785675600000,692.35,692.35,691.83,691.83,68.660139
1785676500000,691.83,691.83,691.65,691.65,100.934253
1785678300000,692.35,692.35,692.35,692.35,27.97094
1785679200000,692.43,692.43,692.43,692.43,353.208543
1785681900000,692.43,692.43,692.43,692.43,27.974172
1785684600000,692.56,692.56,692.56,692.56,44.947144
1785685500000,692.58,692.58,692.58,692.58,27.980232
1785686400000,692.63,692.71,692.63,692.71,199.904562
1785688200000,692.41,692.41,692.41,692.41,46.252988
1785689100000,692.73,692.73,692.73,692.73,27.986292
1785690000000,692.81,692.81,692.81,692.81,34.917624
1785691800000,692.85,692.85,692.85,692.85,34.91964
1785692700000,692.97,692.97,692.97,692.97,27.995988
1785693600000,693.07,693.07,693.07,693.07,54.891144
1785694500000,693.08,693.08,693.08,693.08,34.931232
1785695400000,693.1,693.1,693.1,693.1,118.93596
1785696300000,693.11,693.14,693.11,693.14,62.866286
1785698100000,693.15,693.15,693.15,693.15,54.89748
1785699900000,693.18,693.42,693.18,693.42,47.90565
1785703500000,693.42,693.42,693.42,693.42,27.944826
1785705300000,693.51,693.51,693.51,693.51,34.952904
1785707100000,693.52,693.52,693.52,693.52,27.948856
1785709800000,693.82,693.82,693.82,693.82,34.899146
1785710700000,693.85,693.85,693.85,693.85,27.962155
1785711600000,693.94,693.94,693.94,693.94,65.9243
1785713400000,693.86,693.86,693.86,693.86,19.983168
1785714300000,693.86,693.86,693.86,693.86,94.573118
1785715200000,692.88,693.08,691.03,693.01,21520795.69000001
1785716100000,693.01,693.4,691.23,691.67,12882136.28
1785717000000,691.58,693.0,691.39,692.29,13894292.5
1785717900000,692.38,693.3,692.1,693.2,7137875.1
1785718800000,693.34,693.53,692.39,692.55,10305290.54
1785719700000,692.54,693.05,691.88,692.95,9053701.47
1785720600000,692.99,693.45,692.25,693.39,6270254.11
1785721500000,693.44,693.92,693.18,693.85,3633418.87
1785722400000,693.89,694.34,693.49,694.23,7097708.01
1785723300000,694.25,694.67,693.61,693.65,6156707.86
1785724200000,693.71,694.37,693.6,693.85,5082339.3
1785725100000,693.86,694.26,693.75,694.26,1274253.28
1785726000000,694.25,694.52,694.15,694.27,1590113.48
1785726900000,694.29,694.53,693.75,693.87,2014964.68
1785727800000,693.87,694.45,693.73,694.4,1243146.31
1785728700000,694.45,695.07,694.29,694.4,5449202.65
1785729600000,694.4,694.4,694.02,694.2,3274641.24
1785730500000,694.25,694.81,694.25,694.69,1294849.62
1785731400000,694.75,694.76,694.34,694.49,1441184.29
1785732300000,694.5,694.77,693.92,693.94,1429616.5
1785733200000,693.97,694.34,693.5,693.64,4623051.68
1785734100000,693.6,693.85,693.25,693.59,2453784.76
1785735000000,693.61,693.93,693.43,693.56,1412357.01
1785735900000,693.61,693.82,693.18,693.68,2632106.21
1785736800000,693.72,694.16,693.56,693.82,5301091.51
1785737700000,693.72,693.91,693.17,693.33,2760461.38
1785738600000,693.35,693.82,693.01,693.05,1099728.98
1785739500000,692.99,693.12,692.18,692.58,3364927.38
1785740400000,692.61,693.52,691.89,693.13,12882061.03
1785741300000,693.16,693.43,692.05,692.86,5176405.44
1785742200000,692.83,693.03,691.82,691.82,3396979.85
1785743100000,691.87,692.49,691.79,692.49,3204408.23
1785744000000,685.845,692.332,685.845,691.837,123937183.41321902
1785744900000,690.26,691.837,689.715,690.26,27975263.8877688
1785745800000,690.87,691.57,689.689,691.4,26645776.6805909
1785746700000,691.3,692.583,691.033,692.34,26641185.63748696
1785747600000,692.66,692.67,691.411,691.97,24777763.09598439
1785748500000,691.98,692.233,691.531,691.66,18555180.5824074
1785749400000,691.51,692.099,691.419,691.65,10205335.37483107
1785750300000,691.417,691.783,690.837,691.752,11716279.60476094
1785751200000,691.53,691.792,691.01,691.19,29716542.77254149
1785752100000,691.07,691.229,690.141,690.499,39140095.96267899
1785753000000,690.75,691.009,690.138,690.73,19083727.16248742
1785753900000,690.94,691.363,690.737,691.27,17618611.73088324
1785754800000,691.2,691.344,689.577,690.02,46587675.37246473
1785755700000,690.34,690.547,689.668,689.75,22973076.78747078
1785756600000,689.653,690.549,689.178,689.698,53116381.032128446
1785757500000,689.46,689.72,688.047,688.32,95208912.70423175
1785758400000,688.26,688.715,687.574,688.63,57512803.48555738
1785759300000,688.8,689.34,688.529,688.72,35826202.57419652
1785760200000,689.26,689.959,688.84,689.44,88324521.97074853
1785761100000,689.964,690.044,689.01,689.386,81482161.53799288
1785762000000,689.34,689.727,688.957,689.2,114644134.76154017
1785762900000,689.59,690.14,687.83,688.32,164950953.3630023
1785763800000,688.3,691.24,685.89,690.21,2154622475.288775
1785764700000,690.16,693.2,689.1,693.192,1018725257.419442
1785765600000,693.21,693.29,691.135,691.99,1146738540.8524272
1785766500000,692.065,694.71,691.78,694.6,1151981026.335372
1785767400000,694.67,696.01,694.26,695.41,1239019532.1004238
1785768300000,695.384,697.7,695.2,697.523,1993063968.6491911
1785769200000,697.537,697.549,696.27,696.48,1434385906.1932495
1785770100000,696.48,697.47,695.7,695.967,1146539586.6169198
1785771000000,695.93,697.25,695.87,697.09,605215019.289724
1785771900000,697.21,697.86,697.015,697.44,691578743.825148
1785772800000,697.408,698.06,697.408,697.931,965104096.4925716
1785773700000,697.927,698.69,697.896,698.487,1016315656.8806943
1785774600000,698.52,698.65,697.87,698.41,940649023.7081801
1785775500000,698.38,698.58,698.08,698.08,348918163.8992974
1785776400000,698.12,699.07,697.91,699.004,494133219.4341969
1785777300000,698.998,699.76,698.93,699.644,1029845875.5712171
1785778200000,699.649,699.86,699.455,699.68,1515695239.620574
1785779100000,699.67,700.56,699.67,700.46,1068656916.072332
1785780000000,700.49,701.56,700.478,701.04,897173728.3161045
1785780900000,701.04,701.394,699.8,699.84,758500137.6161734
1785781800000,699.827,700.35,699.62,700.336,1011915556.7775055
1785782700000,700.33,700.59,699.88,700.25,564631791.6879377
1785783600000,700.4,701.11,699.94,699.985,847604815.375509
1785784500000,700.08,700.65,700.011,700.38,990067173.507702
1785785400000,700.409,700.67,700.04,700.432,1389173669.090187
1785786300000,700.425,700.9,699.27,700.09,4668900174.686789
1785787200000,699.73,700.47,699.58,700.36,2097981374.2866902
1785788100000,700.35,700.973,700.242,700.55,108258687.91163363
1785789000000,700.47,700.84,700.305,700.75,47443118.92451012
1785789900000,700.76,700.79,700.446,700.61,51303874.42676053
1785790800000,700.667,700.697,700.285,700.447,91610304.50438488
1785791700000,700.446,700.656,700.413,700.56,11423719.31627444
1785792600000,700.558,700.605,700.369,700.605,20290866.02239998
1785793500000,700.62,700.818,700.567,700.74,10654069.24119944
1785794400000,700.89,701.245,700.616,700.8,29728511.2118837
1785795300000,700.718,701.168,700.718,701.113,20993162.704541627
1785796200000,701.111,701.521,700.921,701.448,8697907.09163601
1785797100000,701.3,701.447,701.121,701.24,25395214.7535297
1785798000000,701.202,701.225,700.868,701.008,8297104.94762041
1785798900000,701.35,701.465,701.01,701.35,8596141.12839243
1785799800000,701.41,701.521,700.98,701.12,26954050.90757981
1785800700000,701.17,701.714,701.12,701.51,15010937.33259854
1785801600000,701.55,701.99,700.83,700.93,421038.0
1785802500000,700.93,700.93,700.17,700.21,9707623.54
1785803400000,700.28,700.28,699.28,699.94,9161223.19
1785804300000,699.93,700.21,699.37,699.45,11828871.02
1785805200000,699.46,699.5,698.38,699.18,13729956.8
1785806100000,699.41,700.17,698.99,700.16,3176582.9
1785807000000,700.21,701.05,700.17,701.05,6134616.96
1785807900000,701.19,703.64,701.19,703.55,14072582.22
1785808800000,703.43,703.57,701.79,701.84,11403111.92
1785809700000,701.85,701.9,701.19,701.36,11694782.49
1785810600000,701.42,702.35,701.42,702.1,4579538.47
1785811500000,702.19,702.3,701.62,701.88,3389354.5
1785812400000,701.87,702.29,700.96,701.13,4866004.79
1785813300000,701.31,702.16,701.0,701.94,3050008.74
1785814200000,702.01,702.62,701.57,701.59,3303116.32
1785815100000,701.78,702.66,701.59,702.47,4167874.99
1785816000000,702.48,702.59,701.8,701.92,1533639.24
1785816900000,701.98,702.87,701.98,702.71,1882362.87
1785817800000,702.74,702.85,702.46,702.54,1755924.61
1785818700000,702.51,703.06,702.41,702.74,1741127.8
1785819600000,702.89,703.01,702.03,702.25,2571100.94
1785820500000,702.21,703.24,702.09,703.24,5027804.12
1785821400000,703.22,704.3,703.22,704.0,8115284.81
1785822300000,703.81,704.34,703.57,704.34,2676297.78
1785823200000,704.31,704.75,704.2,704.6,7460229.52
1785824100000,704.68,704.9,704.43,704.54,4019425.56
1785825000000,704.5,704.68,703.59,703.84,4356259.19
1785825900000,703.83,704.31,703.82,704.31,3816125.83
1785826800000,704.4,704.94,703.5,704.2,8322989.44
1785827700000,704.22,705.13,704.1,705.0,7178935.77
1785828600000,704.95,705.39,704.37,704.45,4111949.92
1785829500000,704.43,705.11,704.15,704.24,3649394.44
1785830400000,704.25,705.489,702.219,705.17,129758496.0259381
1785831300000,705.51,705.68,704.902,705.25,19525731.5491685
1785832200000,704.59,705.197,704.017,704.59,17540052.02399327
1785833100000,703.78,704.368,703.5,704.34,26092636.17880305
1785834000000,703.38,704.16,702.855,703.1,25888488.37838794
1785834900000,703.339,703.549,702.74,703.549,22932405.790597454
1785835800000,704.39,704.455,703.551,704.39,13955106.13268499
1785836700000,704.33,704.543,704.001,704.28,9545459.64671945
1785837600000,705.0,705.183,704.187,705.09,9820456.20379181
1785838500000,704.87,705.269,704.641,705.25,29587925.84616689
1785839400000,704.842,705.525,704.371,705.483,25082362.317622673
1785840300000,705.74,705.98,705.096,705.36,58275717.08449979
1785841200000,705.29,706.073,705.29,705.88,54479738.37009124
1785842100000,706.09,706.651,705.931,706.62,42328865.85043055
1785843000000,706.59,707.62,706.21,707.62,58194200.8790426
1785843900000,707.14,708.4,707.14,708.18,85742805.8967936
1785844800000,708.16,708.242,707.48,707.63,89765396.40697792
1785845700000,707.55,708.135,707.512,707.85,62468358.75501781
1785846600000,707.46,707.952,707.36,707.84,62309048.16280422
1785847500000,707.846,707.862,707.107,707.474,245894538.59391475
1785848400000,707.43,708.168,707.227,708.06,61424513.64583393
1785849300000,708.18,709.25,707.85,708.07,225909998.49333185
1785850200000,708.49,713.475,707.58,712.47,2669357202.1768694
1785851100000,712.7,714.64,712.383,713.72,1649615702.1956053
1785852000000,713.71,715.65,713.01,715.6,1930844872.081225
1785852900000,715.65,716.19,714.28,715.94,1558433660.4955194
1785853800000,716.06,716.33,715.14,716.02,2057123545.948913
1785854700000,715.98,716.09,715.27,715.82,1024976347.6907483
1785855600000,715.824,717.616,715.775,717.563,1934341965.5317266
1785856500000,717.559,718.525,717.43,717.962,2067294429.1980958
1785857400000,717.95,718.99,717.61,718.94,1732226923.2561884
1785858300000,718.99,719.41,718.73,718.79,1347912749.4889834
1785859200000,718.757,719.402,718.6,718.88,1066215091.1061083
1785860100000,718.91,719.98,718.897,719.65,1405022500.6690695
1785861000000,719.645,720.25,719.41,720.135,1683058030.8595552
1785861900000,720.15,720.6,720.145,720.56,1550553372.5656228
1785862800000,720.57,721.89,720.53,721.85,1511106490.8470528
1785863700000,721.823,722.465,721.5,722.336,1391014072.3907728
1785864600000,722.337,723.47,721.98,723.439,1036550060.3267856
1785865500000,723.51,724.27,722.73,722.75,2466185800.3232217
1785866400000,722.71,723.272,722.14,723.26,1099389588.680377
1785867300000,723.284,723.84,723.23,723.81,1185495311.2742176
1785868200000,723.85,724.13,722.9,723.202,767083517.3026384
1785869100000,723.201,724.19,723.201,723.844,1050008654.8390751
1785870000000,723.87,725.18,723.79,724.945,1211826293.6402268
1785870900000,725.01,725.38,724.03,724.06,885124420.3054712
1785871800000,724.187,725.5,724.03,725.444,1257347276.4136548
1785872700000,725.49,725.625,723.14,723.68,3608528036.1106586
1785873600000,723.381,725.438,723.358,724.764,3108154828.138619
1785874500000,724.22,724.706,721.01,721.59,779433341.6070256
1785875400000,721.68,722.214,721.04,721.85,346999268.95259255
1785876300000,721.75,722.381,721.577,721.6,287617954.59742266
1785877200000,722.02,722.85,721.57,721.92,428373301.021533
1785878100000,721.961,722.249,721.733,721.781,52600066.70718542
1785879000000,721.99,722.075,721.783,722.01,12736054.80682806
1785879900000,721.942,721.955,721.25,721.425,24095341.29428634
1785880800000,722.01,722.668,721.372,722.57,47620627.72488094
1785881700000,722.75,722.849,722.171,722.31,145520547.13705462
1785882600000,722.68,722.826,721.782,721.828,20062736.48272543
1785883500000,721.96,722.455,721.824,722.41,13487206.3785462
1785884400000,722.78,722.895,722.156,722.76,17278708.21687369
1785885300000,722.88,722.928,722.307,722.83,13596926.34259973
1785886200000,722.02,722.845,721.988,722.8,21394556.07681075
1785887100000,722.71,723.194,722.564,722.81,20460785.53437106
1785888000000,722.42,723.47,722.4,723.31,93970.76
1785888900000,723.32,723.49,722.8,723.45,9992398.59
1785889800000,723.43,723.8,722.9,722.91,9130810.2
1785890700000,722.87,723.4,722.32,723.06,5585013.06
1785891600000,722.94,723.38,722.4,722.93,8726526.21
1785892500000,722.91,722.91,721.92,722.41,8578912.77
1785893400000,722.4,723.0,722.28,722.88,12204359.72
1785894300000,722.92,723.93,722.92,723.6,4988516.16
1785895200000,723.66,724.01,723.51,723.69,8500431.11
1785896100000,723.66,723.78,723.19,723.24,4476688.66
1785897000000,723.19,723.44,722.99,723.32,2739172.83
1785897900000,723.33,723.72,723.27,723.41,3914273.47
1785898800000,723.34,724.09,723.34,723.92,4699630.08
1785899700000,724.01,724.18,723.53,723.53,8342351.45
1785900600000,723.51,724.12,723.42,724.0,1476368.48
1785901500000,724.06,724.19,723.66,724.13,2015151.45
1785902400000,724.13,724.3,723.96,724.0,2299791.78
1785903300000,724.02,724.02,723.42,723.58,2089880.23
1785904200000,723.7,724.57,723.62,724.47,5902799.44
1785905100000,724.45,724.78,724.04,724.51,3983390.75
1785906000000,724.45,725.35,724.45,725.31,7255203.08
1785906900000,725.32,725.57,725.21,725.33,3405858.03
1785907800000,725.29,725.42,724.91,725.37,7599546.79
1785908700000,725.43,726.42,725.4,726.42,10033636.11
1785909600000,726.34,726.59,725.91,726.45,4616215.29
1785910500000,726.43,726.43,725.01,725.15,8160196.17
1785911400000,725.11,725.91,725.11,725.32,3496358.23
1785912300000,725.44,726.08,725.29,726.08,2938628.65
1785913200000,726.12,726.41,725.37,725.49,6983344.75
1785914100000,725.52,725.52,724.48,724.52,9691472.85
1785915000000,724.54,724.8,724.04,724.04,2782493.35
1785915900000,724.07,724.56,724.06,724.52,1625972.02
1785916800000,724.45,724.955,723.085,724.17,132814176.93712926
1785917700000,722.73,723.673,722.484,722.83,36353053.79415672
1785918600000,722.16,722.982,721.988,722.0,39542036.30788583
1785919500000,722.16,722.922,722.015,722.65,24186843.97403463
1785920400000,722.841,723.157,722.548,722.78,27418149.33394372
1785921300000,722.98,723.41,722.326,722.98,19892580.31325478
1785922200000,723.7,724.034,723.401,723.85,14337617.32356249
1785923100000,723.976,724.111,723.272,723.381,12153387.20582666
1785924000000,723.36,723.614,722.798,722.99,11796761.23236453
1785924900000,722.973,723.514,722.9,723.361,18220314.21954008
1785925800000,723.358,723.662,723.191,723.319,10470492.79697641
1785926700000,723.37,723.65,722.848,723.59,15788642.3108223
1785927600000,723.54,724.89,723.511,724.68,77255819.63755307
1785928500000,724.45,724.865,724.366,724.64,51063350.01231752
1785929400000,724.471,725.1,724.16,724.844,71339868.08155693
1785930300000,724.69,725.374,724.506,724.82,48489928.8534976
1785931200000,724.81,724.95,724.214,724.91,41328398.5863514
1785932100000,724.44,725.248,724.4,725.21,40097878.21521204
1785933000000,725.25,725.476,724.301,725.22,43198823.2741909
1785933900000,725.339,725.439,724.646,724.778,72082570.53032927
1785934800000,724.93,725.537,724.777,725.39,48878354.47724005
1785935700000,724.91,726.17,724.343,726.17,145621536.16208422
1785936600000,726.25,728.14,724.68,727.99,1964630992.0401986
1785937500000,728.2,728.48,726.39,727.96,1303171745.604672
1785938400000,726.934,726.938,726.934,726.938,1190302435.3256967
1785939300000,724.802,724.802,724.789,724.789,1274008163.310957
1785940200000,724.715,724.778,722.49,723.43,1235928755.1920037
1785941100000,722.96,724.36,721.655,723.03,1958725982.047681
1785942000000,723.135,724.04,722.55,722.81,944208614.6708591
1785942900000,722.816,723.0,721.035,722.042,923185597.930039
1785943800000,722.049,723.249,722.049,722.298,535326422.4680266
1785944700000,722.23,722.305,719.91,720.37,778424618.2135328
1785945600000,720.47,720.99,719.51,720.02,939542387.7842555
1785946500000,720.11,722.66,719.95,722.62,822987128.4714494
1785947400000,722.775,722.87,721.252,721.65,417909847.47599053
1785948300000,721.688,722.459,721.464,722.163,421198269.1265432
1785949200000,722.23,722.375,720.58,721.17,390618096.2114232
1785950100000,721.075,721.43,720.45,720.77,298440293.10275286
1785951000000,720.66,721.308,720.48,720.86,380982589.63931704
1785951900000,720.8,721.27,720.372,720.78,231162014.38812107
1785952800000,720.838,721.545,720.77,721.028,782958543.0263566
1785953700000,721.019,721.416,720.87,721.243,310339307.5762526
1785954600000,721.275,721.275,720.18,720.48,426360858.2741503
1785955500000,720.46,721.01,720.09,720.1,392947675.198748
1785956400000,720.15,721.33,719.96,721.29,469312540.5937784
1785957300000,721.255,721.37,720.85,720.899,583891465.2808974
1785958200000,720.896,721.02,719.66,719.773,870067606.231868
1785959100000,719.82,720.18,716.945,717.29,1717002851.1460922
1785960000000,717.195,717.45,715.47,717.26,1347616210.0387752
1785960900000,717.04,717.389,716.241,716.42,149526852.06389102
1785961800000,716.5,717.12,716.354,717.09,89340135.69594555
1785962700000,717.044,717.202,716.53,716.909,185037459.57965374
1785963600000,717.1,717.298,716.592,717.13,68699059.00033446
1785964500000,717.061,717.144,716.624,716.756,234433436.6015766
1785965400000,716.8,716.816,715.718,715.75,24574614.1612214
1785966300000,715.58,716.05,715.565,715.87,21860328.39118077
1785967200000,716.007,716.906,716.007,716.378,78622753.35991094
1785968100000,716.64,717.958,716.386,717.74,47783411.00289484
1785969000000,717.99,718.734,717.726,718.64,50420073.48302923
1785969900000,718.01,718.917,717.563,717.71,39575577.91814746
1785970800000,717.5,717.885,717.419,717.88,9386276.26143854
1785971700000,717.849,718.179,717.58,717.773,34451189.155983165
1785972600000,717.769,717.852,716.607,716.776,33983421.09323712
1785973500000,716.46,716.774,716.308,716.51,21052558.49366311
1785974400000,716.76,717.17,715.95,716.7,18023574.71
1785975300000,716.66,717.31,716.07,716.19,6496056.18
1785976200000,716.21,716.79,715.93,716.18,7521892.49
1785977100000,716.2,716.6,715.62,715.76,5144342.32
1785978000000,715.61,715.61,714.81,715.3,6524298.03
1785978900000,715.07,715.07,713.63,714.0,8411354.0
1785979800000,714.06,714.89,714.04,714.21,8217546.74
1785980700000,714.21,715.21,714.12,714.7,2976794.36
1785981600000,714.68,716.07,714.56,715.6,8801765.65
1785982500000,715.8,716.57,715.72,716.0,3898487.33
1785983400000,715.87,717.56,715.62,717.49,6171622.91
1785984300000,717.55,717.66,716.85,716.92,2960190.68
1785985200000,716.85,717.31,716.59,716.7,1617378.76
1785986100000,716.67,716.8,715.63,715.84,2155473.41
1785987000000,715.84,716.23,715.45,715.96,2356703.75
1785987900000,715.94,716.75,715.84,716.71,1007067.48
1785988800000,716.6,716.6,715.69,716.14,2250564.02
1785989700000,716.2,717.08,716.2,716.71,2760462.7
1785990600000,716.72,717.15,715.88,715.89,1790054.37
1785991500000,716.03,716.54,715.89,716.44,931572.87
1785992400000,716.6,716.99,716.2,716.68,1098882.57
1785993300000,716.68,717.0,716.38,716.69,926080.7
1785994200000,716.72,716.73,716.0,716.71,774356.35
1785995100000,716.67,716.74,715.88,716.72,1866202.21
1785996000000,716.48,716.48,714.81,714.95,6935760.55
1785996900000,714.83,715.89,714.43,715.87,8260414.95
1785997800000,715.73,715.73,714.65,714.77,1554015.72
1785998700000,714.83,715.23,714.43,715.16,2604537.94
1785999600000,715.35,716.27,714.96,715.99,3088510.69
1786000500000,715.94,716.19,715.38,715.69,1453115.17
1786001400000,715.7,715.7,714.86,715.07,4286123.21
1786002300000,715.2,715.53,714.76,714.96,2639767.7
1786003200000,715.02,716.293,713.481,713.78,101858857.09875149
1786004100000,714.41,714.983,713.539,714.41,26441171.94338091
1786005000000,715.36,715.491,714.86,714.87,23818531.53347033
1786005900000,714.73,715.319,714.587,715.0,14814124.14056316
1786006800000,715.02,715.223,713.386,714.12,23126836.39039012
1786007700000,713.486,714.548,713.486,714.348,13598491.23010302
1786008600000,714.31,714.729,714.206,714.72,7130453.81850728
1786009500000,714.64,715.496,714.49,715.36,10933574.04014324
1786010400000,715.33,715.582,714.746,714.95,13474053.4911905
1786011300000,714.867,715.349,714.668,715.201,6271473.89588333
1786012200000,714.71,715.217,714.208,714.6,12655345.8923836
1786013100000,714.17,714.552,714.027,714.06,21654585.68750723
1786014000000,714.39,714.39,711.564,712.751,229217133.6205019
1786014900000,712.93,714.036,712.76,713.92,63427580.01558726
1786015800000,714.05,715.08,714.037,714.62,48506444.57788796
1786016700000,714.88,714.88,713.36,713.85,68475456.41086961
1786017600000,713.9,714.059,712.631,712.66,59297649.30564129
1786018500000,712.25,713.507,712.163,713.22,96411056.8931318
1786019400000,713.07,713.83,712.866,712.94,74599371.56210338
1786020300000,713.09,713.221,712.13,712.27,55641609.63057371
1786021200000,712.22,712.404,711.22,711.22,99757192.97850277
1786022100000,711.23,711.509,710.679,710.88,230081857.75569892
1786023000000,710.82,714.13,708.56,713.745,1469767241.45756
1786023900000,713.76,716.01,713.63,715.47,1490597295.217388
1786024800000,715.63,717.66,714.58,717.345,1362354407.3048198
1786025700000,717.46,718.84,716.44,716.795,1488740836.6510184
1786026600000,716.81,718.43,715.915,716.9,983069931.3637931
1786027500000,716.879,718.57,715.63,718.57,894415955.4154361
1786028400000,718.61,719.3,717.33,718.37,729512406.0756774
1786029300000,718.28,718.71,716.37,717.31,727178034.7066073
1786030200000,717.55,717.79,715.64,715.65,547834808.4934121
1786031100000,715.669,717.743,715.0,715.17,949421637.1163046
1786032000000,715.16,715.79,714.315,714.505,633203470.9067013
1786032900000,714.47,714.91,713.686,714.09,779577408.7967983
1786033800000,714.06,715.4,713.93,714.3,574492058.527524
1786034700000,714.28,716.16,714.0,716.08,495692161.89771897
1786035600000,716.15,716.57,715.26,715.36,467140103.6759404
1786036500000,715.376,715.95,715.105,715.464,405994083.8007833
1786037400000,715.39,715.75,714.62,714.99,357182947.1568112
1786038300000,715.05,715.5,714.68,715.38,337274555.92859316
1786039200000,715.58,715.835,715.0,715.79,474073655.21024454
1786040100000,715.79,716.55,714.65,716.101,830665920.9283493
1786041000000,716.1,716.22,714.795,715.2,427074525.0288932
1786041900000,715.2,715.6,714.875,715.055,514792122.25168496
1786042800000,715.11,716.39,715.01,715.55,708826820.9679804
1786043700000,715.59,715.914,714.66,714.89,547258623.7796592
1786044600000,714.89,715.79,714.46,714.772,712808515.8725282
1786045500000,714.82,715.55,714.14,714.6,1770944138.3493657
1786046400000,714.66,715.91,714.473,715.61,954856018.7275815
1786047300000,715.56,715.85,714.358,714.39,157655673.5090907
1786048200000,714.51,714.786,714.3,714.68,177320682.78214487
1786049100000,714.626,714.844,714.506,714.797,144163776.34821832
1786050000000,714.8,715.204,714.8,715.04,37390273.40678509
1786050900000,715.01,715.169,714.948,715.01,39805390.76676159
1786051800000,714.953,714.965,714.735,714.902,19954713.77462137
1786052700000,715.0,715.219,714.907,715.01,56009696.6442708
1786053600000,715.135,716.584,714.746,716.561,374347255.4411786
1786054500000,716.35,716.579,715.831,716.09,17705060.24370524
1786055400000,715.7,716.183,715.482,715.7,8499591.80153715
1786056300000,715.93,716.352,715.918,715.93,21059286.21314897
1786057200000,716.334,716.43,716.119,716.186,20578485.12471761
1786058100000,716.185,717.055,716.185,716.525,9757563.93045819
1786059000000,716.44,716.85,716.323,716.44,12821770.62537634
1786059900000,717.13,717.183,716.626,717.06,23880768.34312682
1786060800000,717.8,717.8,716.5,716.61,5009854.9
1786061700000,716.61,716.61,714.99,715.27,5364542.2
1786062600000,715.29,716.69,715.08,716.01,6770094.07
1786063500000,716.23,716.74,715.1,716.55,1802735.49
1786064400000,716.54,716.91,715.55,715.6,3188008.03
1786065300000,715.61,715.67,714.62,715.67,6335597.97
1786066200000,715.86,716.85,714.91,715.48,6849157.59
1786067100000,715.53,715.88,715.16,715.71,1439723.65
1786068000000,715.61,716.13,714.78,715.81,4026396.19
1786068900000,715.71,715.94,715.43,715.56,1588903.37
1786069800000,715.64,715.64,714.49,715.07,2954893.95
1786070700000,715.0,715.83,714.99,715.69,2088719.98
1786071600000,715.68,716.09,715.66,715.74,3157308.12
1786072500000,715.75,715.75,714.88,714.99,5788714.52
1786073400000,715.01,715.44,714.98,715.1,1526966.34
1786074300000,714.99,715.22,714.68,714.69,4519221.53
1786075200000,714.71,714.94,714.45,714.5,1963826.49
1786076100000,714.42,715.34,713.92,715.14,4136105.42
1786077000000,715.17,715.54,714.87,714.87,4624346.72
1786077900000,714.84,715.26,714.75,715.17,1605613.82
1786078800000,715.23,716.3,715.23,715.9,4090818.24
1786079700000,715.97,716.31,715.94,716.11,1878231.01
1786080600000,716.13,716.13,715.6,715.84,464553.18
1786081500000,715.7,715.86,715.59,715.59,1110110.7
1786082400000,715.59,716.5,715.55,716.5,1812043.94
1786083300000,716.41,716.82,716.16,716.82,3170638.0
1786084200000,716.67,716.8,716.0,716.04,1474739.51
1786085100000,716.08,716.25,715.95,716.25,7509736.44
1786086000000,716.31,717.21,715.84,717.21,7439230.93
1786086900000,717.08,717.19,716.88,717.13,1758929.48
1786087800000,717.15,717.17,716.74,717.03,3323959.82
1786088700000,717.0,717.11,716.58,716.95,960012.29
1786089600000,717.21,718.02,717.031,718.01,80411149.93563782
1786090500000,718.012,718.104,717.455,717.988,20098670.05238165
1786091400000,718.29,718.489,717.685,718.28,16110889.42283375
1786092300000,718.16,718.31,717.814,718.3,13162384.57126304
1786093200000,718.239,718.546,718.131,718.428,5916165.4971911
1786094100000,718.429,718.571,718.056,718.276,12118720.64363525
1786095000000,718.14,718.539,717.985,718.14,4774095.0669926
1786095900000,718.141,718.27,717.847,717.869,10714752.617911827
1786096800000,717.87,718.084,717.714,717.89,4604114.55178707
1786097700000,717.712,717.922,717.266,717.922,13456955.29439923
1786098600000,717.78,717.995,717.695,717.78,2035891.411846
1786099500000,717.76,717.959,717.514,717.58,6534764.65808545
1786100400000,718.39,718.575,717.579,718.51,23685555.47054591
1786101300000,718.45,718.89,718.34,718.89,22043393.98307679
1786102200000,718.68,719.096,718.61,719.06,31077559.42898498
1786103100000,719.02,719.034,717.74,717.96,44498965.57645899
1786104000000,717.804,719.08,717.612,718.857,51943424.50938239
1786104900000,719.07,719.379,718.419,718.95,52971881.47934283
1786105800000,719.96,722.56,718.901,722.21,385865220.20317316
1786106700000,722.55,723.78,722.3,723.24,222913373.2060573
1786107600000,723.24,723.364,720.779,720.9,167677886.7837448
1786108500000,720.837,720.892,719.56,720.11,204849835.88071007
1786109400000,720.14,722.51,719.5,722.0,515114457.896484
1786110300000,721.82,722.71,718.5,719.279,1148628019.3697822
1786111200000,719.325,720.045,716.5,717.0,1131469768.4134948
1786112100000,716.935,721.64,716.61,721.3,1260033085.6066723
1786113000000,721.265,721.43,718.83,718.885,856364517.0784931
1786113900000,718.99,720.55,718.99,720.153,761184275.3896333
1786114800000,720.27,721.7,720.02,721.244,794282566.3264496
1786115700000,721.23,722.84,720.885,722.8,878276199.2492704
1786116600000,722.83,723.5,722.05,722.445,864536004.1851611
1786117500000,722.47,723.17,722.08,722.5,786884593.1733327
1786118400000,722.476,722.91,722.11,722.17,555671852.4934266
1786119300000,722.24,722.625,719.53,720.014,754684451.2577907
1786120200000,720.24,721.2,719.075,721.05,596980525.9156979
1786121100000,721.07,721.67,720.68,720.71,471473122.0471592
1786122000000,720.73,721.38,720.4,720.59,391512034.4656727
1786122900000,720.613,721.29,720.39,720.919,359732547.2578815
1786123800000,720.917,721.28,720.41,720.875,415200283.6764481
1786124700000,720.81,721.14,720.66,720.82,229908645.0804988
1786125600000,720.765,721.04,720.09,720.1,342529633.92416495
1786126500000,720.26,720.56,719.855,719.855,332200489.76528025
1786127400000,719.845,720.3,719.26,719.29,470315255.06686497
1786128300000,719.315,720.45,719.23,720.17,608597600.9939594
1786129200000,720.37,722.37,720.201,722.145,886149972.4321028
1786130100000,722.17,722.7,722.0,722.44,613848252.4980533
1786131000000,722.41,722.41,721.52,721.66,665217906.4344689
1786131900000,721.694,723.64,721.62,723.02,1596465364.2877545
1786132800000,722.973,723.325,722.339,722.703,2026202099.855923
1786133700000,722.49,722.82,722.3,722.3,59827650.42410614
1786134600000,722.49,722.731,722.268,722.49,113015222.92210491
1786135500000,722.61,723.096,722.507,722.61,33522462.55965956
1786136400000,722.93,723.101,722.75,722.89,50325825.47993138
1786137300000,722.9,722.94,722.745,722.91,78224377.90017919
1786138200000,722.745,722.916,722.644,722.74,4026861.50541333
1786139100000,722.75,722.98,722.74,722.98,9410964.50979767
1786140000000,722.825,722.9,722.691,722.779,3264641.15840494
1786140900000,722.778,722.9,722.776,722.84,5314597.040342596
1786141800000,722.84,722.884,722.771,722.86,1391832.41928167
1786142700000,722.86,722.925,722.762,722.772,3540463.09665587
1786143600000,722.6,722.825,722.6,722.6,6812878.05361212
1786144500000,722.65,722.844,722.65,722.65,4488248.99223679
1786145400000,723.05,723.07,722.799,723.05,3107487.86737532
1786146300000,723.038,723.375,723.038,723.265,18123255.182960805
1786149900000,723.95,723.95,723.79,723.79,44.446882
1786153500000,724.05,724.05,724.05,724.05,27.94833
1786154400000,723.79,724.08,723.79,724.08,10183.843765
1786157100000,724.17,724.17,724.17,724.17,27.952962
1786160700000,724.17,724.17,724.17,724.17,27.952962
1786161600000,724.17,724.17,724.17,724.17,249.911067
1786163400000,724.17,724.17,723.75,723.77,635.211092
1786164300000,724.17,724.17,723.77,723.77,65.299494
1786165200000,724.17,724.17,724.17,724.17,82.482963
1786167900000,724.17,724.17,724.17,724.17,27.952962
1786170600000,723.77,723.77,720.95,720.95,53468.11417
1786171500000,721.05,721.05,721.05,721.05,27.97674
1786172400000,720.91,720.91,720.74,720.74,366.399079
1786174200000,720.69,721.05,720.49,720.49,241.938145
1786175100000,721.05,721.05,721.05,721.05,27.97674
1786176000000,720.49,720.49,720.49,720.49,212.832746
1786177800000,721.05,721.05,721.05,721.05,99.93753
1786178700000,720.4,721.05,720.4,721.05,232.78646
1786179600000,721.05,721.05,721.05,721.05,20.982555
1786182300000,721.05,721.05,721.05,721.05,27.97674
1786185900000,721.05,721.05,721.05,721.05,27.97674
1786189500000,721.05,721.05,721.05,721.05,27.97674
1786190400000,721.05,721.05,721.05,721.05,19.973085
1786192200000,721.05,721.05,721.05,721.05,1874.946315
1786193100000,721.05,721.05,721.05,721.05,27.97674
1786194000000,721.05,721.05,720.32,720.32,107.780093
1786196700000,721.05,721.05,721.05,721.05,27.97674
1786197600000,721.05,721.05,721.05,721.05,353.242395
1786200300000,720.78,721.05,720.78,721.05,131.336592
1786203000000,721.05,721.05,721.05,721.05,44.99352
1786203900000,721.05,721.05,721.05,721.05,27.97674
1786204800000,721.05,721.05,720.71,720.71,920.224705
1786207500000,721.05,721.05,721.05,721.05,27.97674
1786209300000,721.05,721.05,721.05,721.05,10.38312
1786211100000,721.05,721.05,721.05,721.05,52.92507
1786212000000,721.05,721.05,721.05,721.05,272.340585
1786213800000,721.1,721.1,721.1,721.1,116.02499
1786214700000,721.1,721.1,721.1,721.1,27.97868
1786216500000,721.1,721.1,721.1,721.1,19.97447
1786217400000,721.1,721.14,721.1,721.14,3900.622088
1786218300000,721.14,721.14,721.14,721.14,47.95581
1786221900000,721.14,721.14,721.14,721.14,201.414402
1786222800000,721.14,721.3,721.14,721.3,2724.73499
1786225500000,721.3,721.3,721.3,721.3,27.98644
1786229100000,721.3,721.3,721.3,721.3,27.98644
1786232700000,721.3,721.3,721.3,721.3,27.98644
1786233600000,721.3,721.3,721.3,721.3,346.224
1786234500000,721.3,721.3,721.3,721.3,19.98001
1786236300000,721.3,721.3,721.3,721.3,27.98644
1786239900000,721.3,721.3,721.3,721.3,720.43444
1786240800000,721.3,721.3,721.3,721.3,22.79308
1786243500000,721.3,721.3,721.3,721.3,1068.82234
1786247100000,721.3,721.3,721.3,721.3,201.45909
1786248000000,721.3,721.3,721.3,721.3,49.98609
1786248900000,720.94,721.3,720.94,721.3,1278.904438
1786249800000,721.3,721.3,721.3,721.3,366.92531
1786250700000,721.3,721.3,721.3,721.3,374.93174
1786254300000,721.3,721.3,721.3,721.3,27.98644
1786257900000,720.91,721.3,720.91,721.3,47.955647
1786258800000,721.3,721.3,721.02,721.3,367.64227
1786260600000,721.3,721.3,721.3,721.3,44.93699
1786261500000,721.3,721.3,721.3,721.3,27.98644
1786263300000,721.3,721.3,721.3,721.3,36.065
1786264200000,721.3,721.3,721.3,721.3,99.97218
1786265100000,721.3,721.3,721.02,721.02,742.452998
1786268700000,721.3,721.3,720.91,720.91,24.229557
1786269600000,721.3,721.34,720.71,720.71,1296.482904
1786271400000,720.49,720.49,720.48,720.48,1432.900655
1786272300000,720.59,720.59,720.59,720.59,27.958892
1786275900000,720.59,720.59,720.59,720.59,27.958892
1786276800000,720.59,720.59,720.59,720.59,19.960343
1786279500000,720.59,720.59,720.59,720.59,27.958892
1786280400000,720.59,720.99,720.19,720.59,2196.231287
1786283100000,720.95,721.24,720.95,721.24,237.06286
1786284000000,721.24,721.24,721.24,721.24,699.386428
1786285800000,721.24,721.24,721.24,721.24,79.985516
1786286700000,721.24,721.24,721.24,721.24,201.081712
1786287600000,721.24,721.24,720.91,720.91,288.735675
1786290300000,721.1,721.24,721.1,721.24,27.980234
1786291200000,721.24,721.24,721.24,721.24,119.942212
1786293000000,721.24,721.24,721.24,721.24,19.978348
1786293900000,721.24,721.24,721.24,721.24,27.984112
1786297500000,721.24,721.24,721.24,721.24,27.984112
1786298400000,721.24,721.84,721.24,721.84,12568.221376
1786299300000,721.84,722.16,721.84,722.16,3767.143208
1786300200000,722.16,722.16,722.16,722.16,118.939752
1786301100000,722.16,722.16,722.16,722.16,27.947592
1786304700000,722.16,722.16,722.16,722.16,47.879208
1786305600000,721.85,721.85,721.85,721.85,3605.279825
1786308300000,722.31,722.31,722.31,722.31,27.953397
1786311900000,722.31,722.31,720.86,721.24,5190.160297
1786312800000,721.24,721.24,719.84,719.84,2256.873597
1786315500000,720.22,720.22,720.22,720.22,27.944536
1786316400000,720.22,720.22,720.22,720.22,53.512346
1786318200000,720.22,720.22,720.22,720.22,44.941728
1786319100000,720.22,720.22,720.22,720.22,27.944536
1786320000000,723.01,724.76,721.43,724.5,25114730.78999999
1786320900000,724.47,724.57,723.19,723.43,6860810.15
1786321800000,723.38,723.79,722.23,722.38,3835969.54
1786322700000,722.39,723.01,722.04,722.25,4055631.6
1786323600000,722.36,723.52,722.11,723.52,11312208.42
1786324500000,723.51,724.22,723.34,723.81,10002873.03
1786325400000,723.83,724.16,723.25,724.02,7853487.49
1786326300000,724.07,724.52,723.97,724.29,2616128.99
1786327200000,724.36,724.5,723.97,724.01,2682374.41
1786328100000,723.99,723.99,723.56,723.91,3290378.89
1786329000000,723.92,724.43,723.51,724.41,3560536.99
1786329900000,724.4,724.62,724.32,724.36,5983266.07
1786330800000,724.19,724.41,724.0,724.08,1484583.39
1786331700000,724.03,724.47,724.0,724.11,1762234.22
1786332600000,724.13,724.61,724.05,724.61,3672618.54
1786333500000,724.57,724.61,723.99,724.18,3240557.32
1786334400000,724.19,724.58,724.09,724.45,2156991.65
1786335300000,724.54,724.76,724.5,724.66,2771686.26
1786336200000,724.69,724.69,723.9,724.31,2731186.87
1786337100000,724.33,724.67,724.04,724.25,1556056.01
1786338000000,724.18,725.06,724.18,725.06,3687038.22
1786338900000,725.04,725.26,724.93,724.97,3091120.48
1786339800000,725.0,725.15,724.76,724.83,1075067.99
1786340700000,724.81,725.39,724.7,725.38,5529498.87
1786341600000,725.39,726.18,725.32,726.09,5936003.16
1786342500000,726.04,726.19,724.87,725.07,7378580.12
1786343400000,725.06,725.25,724.9,725.15,3652661.81
1786344300000,725.09,725.25,724.88,724.93,2917725.97
1786345200000,724.87,725.17,724.45,724.99,4134307.04
1786346100000,725.05,725.94,724.97,725.91,1944251.18
1786347000000,725.91,726.33,725.89,726.25,3901398.9
1786347900000,726.3,726.67,725.6,725.92,6116532.85
1786348800000,726.0,726.597,723.268,726.33,101136509.54844162
1786349700000,726.33,726.429,725.704,725.96,14902934.89544419
1786350600000,725.94,726.401,725.785,726.02,9940625.87400027
1786351500000,725.98,726.484,725.905,726.38,9504987.62621459
1786352400000,726.48,726.697,726.33,726.69,11797411.32298095
1786353300000,726.67,726.67,726.29,726.5,8796940.63382749
1786354200000,726.2,726.418,725.625,725.63,12702646.30814655
1786355100000,725.755,725.934,725.614,725.637,5476431.02304202
1786356000000,725.637,726.096,725.125,725.125,25192280.90375793
1786356900000,725.82,725.928,725.115,725.86,13466569.9436072
1786357800000,725.75,725.788,724.989,725.17,22603351.28268477
1786358700000,725.13,725.598,724.97,724.97,19681501.8830869
1786359600000,725.16,725.208,723.604,723.7,68025257.46297082
1786360500000,724.13,724.953,723.903,724.66,32754736.86671812
1786361400000,724.94,725.01,724.073,724.3,65230213.42419668
1786362300000,724.21,724.276,723.432,724.01,37205614.1929148
1786363200000,723.83,724.264,723.367,723.83,20271825.24010051
1786364100000,723.367,723.38,722.573,722.787,83054786.21894228
1786365000000,722.815,722.815,721.959,722.25,53266720.42507561
1786365900000,722.4,722.478,721.633,721.72,32367959.42503024
1786366800000,721.91,722.6,721.686,722.25,83101056.62664296
1786367700000,722.63,722.77,722.11,722.18,58421845.38931031
1786368600000,722.38,723.19,720.405,721.751,1669355139.445309
1786369500000,721.68,723.03,721.275,722.47,1094358957.23766
1786370400000,722.47,724.505,722.04,724.28,1428185032.936024
1786371300000,724.29,724.67,722.813,723.705,662714467.7972915
1786372200000,723.674,724.5,723.43,723.872,1097264038.2184186
1786373100000,723.876,724.295,721.76,721.8,1104906811.0560522
1786374000000,721.8,722.76,721.44,722.11,498467096.03892684
1786374900000,722.16,722.65,721.15,721.71,391451656.3673708
1786375800000,721.72,722.455,720.96,722.455,429793247.6700277
1786376700000,722.447,723.55,721.97,723.345,698558636.3516847
1786377600000,723.48,723.64,722.52,722.8,551213313.7269125
1786378500000,722.75,723.27,722.38,722.545,311059363.87670356
1786379400000,722.54,722.635,720.6,720.83,766760620.4493672
1786380300000,720.74,721.75,720.714,721.75,754896536.64082
1786381200000,721.739,722.51,721.32,722.31,314921858.2162688
1786382100000,722.315,722.54,721.75,721.98,232425483.903204
1786383000000,721.935,722.17,721.21,721.3,244422535.05690673
1786383900000,721.23,721.4,720.92,721.27,380641055.0112508
1786384800000,721.25,721.56,721.055,721.11,277996221.66900426
1786385700000,721.059,721.18,720.88,720.984,271788666.0072942
1786386600000,720.98,721.58,720.89,721.555,246646379.7135186
1786387500000,721.58,721.87,721.3,721.86,172203309.87108308
1786388400000,721.82,722.1,721.68,722.01,375223932.59595674
1786389300000,722.05,722.13,721.78,721.78,323553701.6111553
1786390200000,721.85,722.06,721.54,721.68,805962408.5157303
1786391100000,721.65,721.85,720.32,720.805,2612561906.394608
1786392000000,720.84,721.09,720.754,721.01,618584211.6542777
1786392900000,721.07,721.121,720.751,720.99,214516715.86386433
1786393800000,721.02,721.198,720.88,721.06,27176973.31793185
1786394700000,721.3,721.498,721.202,721.32,565812464.6888963
1786395600000,721.2,721.381,721.022,721.05,43424621.48494132
1786396500000,721.07,721.345,721.025,721.05,10863703.48255688
1786397400000,721.345,721.375,721.125,721.125,2758374.80282727
1786398300000,721.125,721.172,721.05,721.072,7873489.810490028
1786399200000,721.13,721.86,721.114,721.15,17353915.79456397
1786400100000,720.94,721.294,720.65,720.83,11806691.45597604
1786401000000,720.952,720.952,720.375,720.415,12015743.7070563
1786401900000,720.62,720.658,720.415,720.62,4465930.73093484
1786402800000,720.593,720.61,720.458,720.556,5595551.902189299
1786403700000,720.25,720.569,719.966,720.21,16516043.24354021
1786404600000,719.999,720.175,719.92,720.161,6118669.23710384
1786405500000,720.3,720.388,719.326,719.76,19156943.66863552
1786406400000,719.77,721.13,719.11,721.05,6548963.43
1786407300000,721.06,721.41,720.55,721.31,4010133.8
1786408200000,721.41,721.84,721.22,721.84,3214799.57
1786409100000,721.87,722.13,721.8,721.92,4288549.05
1786410000000,721.91,722.81,721.49,722.76,8755432.82
1786410900000,722.86,723.22,722.54,722.76,2117466.06
1786411800000,722.75,722.89,722.55,722.87,6845686.48
1786412700000,722.84,723.27,722.74,722.74,1911276.73
1786413600000,722.71,722.97,722.59,722.74,1153474.93
1786414500000,722.79,722.95,722.64,722.95,656310.47
1786415400000,722.98,723.23,722.96,723.19,2593093.43
1786416300000,723.26,723.36,722.69,722.75,3836242.41
1786417200000,722.76,723.06,722.67,722.8,1917891.44
1786418100000,722.83,723.42,722.79,723.34,5428489.42
1786419000000,723.35,723.35,723.01,723.17,1177400.0
1786419900000,723.09,723.24,723.02,723.11,757812.83
1786420800000,723.18,723.54,723.14,723.51,5765047.72
1786421700000,723.5,723.61,723.3,723.57,1308815.55
1786422600000,723.57,723.8,723.22,723.22,2234270.61
1786423500000,723.26,723.45,723.17,723.25,5932693.11
1786424400000,723.25,723.52,723.11,723.52,1282599.07
1786425300000,723.6,723.6,722.66,722.66,3018257.57
1786426200000,722.64,723.0,722.34,722.68,3496767.86
1786427100000,722.71,722.71,722.08,722.11,1900297.54
1786428000000,722.22,722.97,722.07,722.81,2219655.39
1786428900000,722.76,722.84,721.56,721.6,2730097.91
1786429800000,721.67,722.01,720.76,721.95,6241086.34
1786430700000,722.0,722.0,720.88,721.11,4595555.85
1786431600000,721.19,721.5,720.79,721.35,11137442.84
1786432500000,721.34,721.39,720.63,721.01,2560544.01
1786433400000,721.16,721.82,721.09,721.55,1780973.1
1786434300000,721.54,721.79,721.29,721.72,2113434.36
1786435200000,721.75,722.369,720.264,720.83,80907398.29331532
1786436100000,720.68,721.014,720.36,720.72,11409633.40521874
1786437000000,720.771,721.201,720.381,721.201,6200780.45042548
1786437900000,721.33,721.394,720.968,721.33,7805460.06441905
1786438800000,721.16,721.189,720.406,720.52,13617866.08819949
1786439700000,720.674,721.42,720.674,721.334,6910055.32767404
1786440600000,721.52,721.895,721.335,721.48,9337183.33068678
1786441500000,721.57,721.852,721.493,721.57,5187661.2899127
1786442400000,721.19,721.652,721.19,721.19,18632203.15991741
1786443300000,722.07,723.057,721.138,722.7,14783899.17668607
1786444200000,722.84,722.866,722.411,722.595,4859496.421791
1786445100000,722.595,722.916,722.595,722.709,18367392.93843863
1786446000000,722.719,724.351,722.719,724.053,201234993.4942527
1786446900000,724.0,724.05,723.085,723.21,41676097.18664619
1786447800000,723.1,723.155,722.633,722.92,49250645.35033239
1786448700000,722.88,723.117,722.676,723.01,20022286.09391286
1786449600000,723.01,723.798,722.836,723.63,49055009.24866427
1786450500000,723.74,723.973,722.894,723.06,101362090.82123254
1786451400000,722.88,723.67,722.837,723.67,23174662.35855995
1786452300000,723.33,723.571,723.044,723.33,20642934.66545447
1786453200000,723.27,723.492,722.861,723.01,46725478.22357825
1786454100000,723.004,723.327,722.719,723.264,165581882.82567707
1786455000000,723.3,723.34,719.58,720.49,1464261652.7141676
1786455900000,720.465,720.68,718.46,720.68,1290600348.4477992
1786456800000,720.645,722.095,720.455,721.47,801198748.1335706
1786457700000,721.44,722.1,720.92,721.74,587848375.5273558
1786458600000,721.817,721.859,720.645,720.948,542585651.3616052
1786459500000,720.945,722.43,720.915,721.83,662705934.0895528
1786460400000,721.88,722.13,720.145,720.27,821497600.1487366
1786461300000,720.2,720.8,719.919,720.14,392073624.16927594
1786462200000,720.04,720.345,719.13,719.78,584273516.7240696
1786463100000,719.762,719.762,718.99,719.089,363993268.6639524
1786464000000,719.07,719.46,718.68,718.75,464496089.80046684
1786464900000,718.76,719.19,718.11,718.625,497319546.63325906
1786465800000,718.6,719.08,718.28,718.415,770053249.9627597
1786466700000,718.395,718.51,717.96,718.14,577241432.5255612
1786467600000,718.13,718.28,716.99,717.0,894997491.5988644
1786468500000,716.95,717.93,716.94,717.755,531010076.9583343
1786469400000,717.755,718.4,717.5,718.33,603112229.0556241
1786470300000,718.29,718.456,718.11,718.22,343293862.8239209
1786471200000,718.18,718.31,717.56,717.69,480481920.60172874
1786472100000,717.69,717.797,715.74,716.168,978702364.758378
1786473000000,716.23,716.9,716.155,716.295,1036500289.4208561
1786473900000,716.36,717.48,716.286,717.145,524691298.97377884
1786474800000,717.11,717.81,716.846,717.685,796050356.6900263
1786475700000,717.69,718.12,717.56,718.035,511888151.214921
1786476600000,718.08,718.93,718.035,718.455,1016369873.8620576
1786477500000,718.44,718.64,717.68,718.32,1964707746.656227
1786478400000,718.53,718.66,717.9,718.26,994482926.7204682
1786479300000,718.73,719.31,718.445,719.31,99675892.91611496
1786480200000,719.3,719.31,719.048,719.15,110322604.8332279
1786481100000,719.161,719.165,718.61,718.614,119976219.69151673
1786482000000,718.81,718.964,718.623,718.81,53491944.70284592
1786482900000,718.766,718.81,718.735,718.81,61225536.9991291
1786483800000,718.81,718.833,718.81,718.825,5760741.7828793
1786484700000,718.825,718.868,718.661,718.82,18162692.60807611
1786485600000,718.5,718.88,718.277,718.41,19631301.73965163
1786486500000,718.88,718.953,718.708,718.805,18843626.31160227
1786487400000,719.0,719.009,718.417,718.99,20390090.6136858
1786488300000,718.74,718.769,718.36,718.74,5095479.86641453
1786489200000,718.667,718.73,718.466,718.491,4647129.026258155
1786490100000,718.53,718.795,718.495,718.53,7107047.82837281
1786491000000,718.71,718.773,718.392,718.5,2636035.24838349
1786491900000,718.495,718.97,718.343,718.967,12302230.15505981
1786492800000,718.99,719.26,718.26,718.6,2279543.3
1786493700000,718.75,719.4,718.75,719.18,2269722.45
1786494600000,719.2,719.49,718.85,719.1,2062776.89
1786495500000,719.11,719.26,718.99,719.11,751500.65
1786496400000,719.11,719.52,719.05,719.37,1127120.58
1786497300000,719.39,719.39,718.59,719.06,1057423.55
1786498200000,719.08,719.44,718.72,719.44,1135398.05
1786499100000,719.48,719.6,718.73,718.99,1163823.83
1786500000000,719.05,719.29,718.87,718.99,2562397.05
1786500900000,718.99,719.45,718.94,719.44,563106.48
1786501800000,719.44,719.82,719.44,719.71,1925240.19
1786502700000,719.74,720.05,719.73,720.04,2383774.99
1786503600000,720.09,720.21,719.92,720.16,2541147.57
1786504500000,720.14,720.17,719.87,720.1,1818769.58
1786505400000,720.02,720.09,719.8,719.8,2626390.33
1786506300000,719.82,720.03,719.65,719.82,616856.94
1786507200000,719.85,720.05,719.8,719.92,790499.29
1786508100000,719.9,720.06,719.83,719.91,2776182.6
1786509000000,719.89,719.98,719.61,719.89,1242493.47
1786509900000,719.91,720.35,719.86,720.28,2145632.48
1786510800000,720.35,720.35,719.64,719.64,1183538.9
1786511700000,719.63,719.72,719.29,719.72,849026.34
1786512600000,719.77,720.18,719.77,720.01,1494928.15
1786513500000,719.98,720.4,719.98,720.38,660523.21
1786514400000,720.39,720.58,720.23,720.28,5391988.18
1786515300000,720.22,720.47,719.98,720.25,2549856.11
1786516200000,720.18,720.68,720.18,720.4,2544089.8
1786517100000,720.5,720.8,720.5,720.8,2011421.95
1786518000000,720.87,721.28,720.87,721.03,4387659.22
1786518900000,721.01,721.15,720.69,720.98,1527554.47
1786519800000,720.91,721.03,720.74,721.01,568046.15
1786520700000,720.97,721.21,720.75,721.21,286190.09
1786521600000,721.59,721.886,719.357,721.61,58967326.53382211
1786522500000,722.17,722.214,721.591,722.07,22865881.32742235
1786523400000,721.69,722.093,721.569,721.69,10820167.78089904
1786524300000,722.1,722.378,721.731,722.11,13911795.77625687
1786525200000,722.68,722.69,722.27,722.69,16335891.0698759
1786526100000,722.75,723.499,722.552,722.95,34526083.52571779
1786527000000,723.22,723.34,722.951,723.27,4990647.05268766
1786527900000,722.86,723.154,722.506,722.75,9525047.9896605
1786528800000,722.795,723.405,722.783,723.354,10097767.49528365
1786529700000,723.29,723.437,723.253,723.3,8604397.26204664
1786530600000,723.32,723.438,723.21,723.28,20536820.67188457
1786531500000,723.13,723.368,722.105,722.75,61582382.61098452
1786532400000,722.76,723.253,722.746,723.11,37967220.06991698
1786533300000,722.68,722.955,722.555,722.66,16911317.41088442
1786534200000,722.56,723.144,722.56,723.07,16849409.6052239
1786535100000,722.9,723.483,722.881,723.39,29047765.73433296
1786536000000,723.44,723.77,723.171,723.31,45449297.41784767
1786536900000,723.18,725.18,722.944,724.99,148202943.83797625
1786537800000,725.99,725.99,721.29,725.47,337122543.03698736
1786538700000,725.326,725.326,724.92,725.269,117372173.81318425
1786539600000,725.277,725.771,725.269,725.771,92520668.035611
1786540500000,725.99,727.07,725.742,727.07,185764677.3838464
1786541400000,727.1,727.22,723.76,724.84,2212795941.382878
1786542300000,724.82,726.51,723.89,725.09,1407365430.7214377
1786543200000,724.99,725.68,723.64,724.77,1048023786.8969262
1786544100000,724.693,725.91,724.055,725.144,672765627.2633477
1786545000000,725.157,725.5,723.335,725.387,1392307311.5000339
1786545900000,725.46,725.6,723.67,724.175,568190969.2522829
1786546800000,723.885,724.6,723.44,724.355,625793918.7800908
1786547700000,724.41,724.453,723.53,724.12,646128010.5768391
1786548600000,724.174,724.271,722.955,723.131,639490544.8874798
1786549500000,723.14,723.705,722.98,723.244,428090092.4590751
1786550400000,723.32,724.29,723.235,724.21,464075583.07645077
1786551300000,724.07,724.526,723.87,724.22,365019574.0184796
1786552200000,724.23,724.69,723.68,724.43,379594537.8237774
1786553100000,724.461,725.24,724.4,725.011,687818776.4786592
1786554000000,725.007,725.44,724.81,725.085,459482946.24028754
1786554900000,725.08,725.3,724.58,725.04,317185631.093189
1786555800000,725.08,725.37,724.91,725.21,408866192.12919635
1786556700000,725.285,725.394,724.92,725.15,362551639.1025439
1786557600000,725.095,725.31,724.66,725.05,308470344.7682099
1786558500000,725.054,725.2,724.66,724.744,706070161.5474728
1786559400000,724.805,725.54,724.74,725.315,282432312.8919869
1786560300000,725.33,725.42,724.53,724.74,244503422.89907926
1786561200000,724.73,724.95,724.38,724.38,330302689.32713634
1786562100000,724.475,724.815,723.84,724.07,459807594.12431127
1786563000000,724.085,724.085,723.22,723.67,985256371.6928172
1786563900000,723.71,724.09,723.025,723.64,2050730391.85068
1786564800000,723.77,724.873,723.215,723.55,781210354.8421019
1786565700000,723.3,723.603,722.817,722.84,158681436.9880398
1786566600000,722.83,722.963,722.699,722.9,51511976.8789599
1786567500000,722.916,722.964,722.628,722.628,130587683.91986623
1786568400000,722.627,722.95,722.621,722.95,42138924.66200318
1786569300000,723.24,723.37,722.95,723.37,34472200.69231447
1786570200000,723.19,723.245,723.045,723.05,9977658.56860016
1786571100000,723.169,723.406,723.169,723.406,6177651.8840442
1786572000000,723.348,723.348,722.472,722.578,49015565.83054098
1786572900000,722.15,722.613,722.133,722.14,32169049.90132357
1786573800000,722.279,722.287,722.029,722.27,10622695.5670339
1786574700000,722.28,722.444,722.244,722.32,9346772.59179807
1786575600000,722.54,722.689,722.381,722.61,10377952.82049521
1786576500000,722.646,722.733,722.529,722.62,7282688.30470309
1786577400000,722.59,722.802,722.34,722.51,14226360.93152875
1786578300000,722.51,722.736,722.353,722.61,16955905.09218704
1786579200000,722.583,724.0,722.583,723.68,4092467.77
1786580100000,723.7,724.04,723.49,723.5,1400393.03
1786581000000,723.45,723.74,723.23,723.45,3929467.47
1786581900000,723.38,723.7,723.26,723.59,3358711.53
1786582800000,723.71,723.76,723.05,723.22,5868052.3
1786583700000,723.25,723.4,722.69,722.99,3454400.78
1786584600000,722.95,723.55,722.95,723.55,1906309.5
1786585500000,723.5,724.05,723.19,723.84,1341534.71
1786586400000,723.98,724.12,723.85,724.01,1714438.96
1786587300000,724.08,724.11,723.93,724.0,590829.58
1786588200000,723.95,724.39,723.35,724.31,5941311.29
1786589100000,724.19,724.25,724.12,724.19,614836.58
1786590000000,724.18,724.28,724.15,724.28,519264.01
1786590900000,725.43,725.43,725.43,725.43,930.00126
1786591800000,724.3,724.41,724.13,724.36,412863.81
1786592700000,724.37,724.44,724.3,724.41,1106115.59
1786593600000,724.41,724.7,724.22,724.24,2019374.5
1786594500000,724.2,724.51,723.87,724.45,2237608.52
1786595400000,724.43,724.78,724.39,724.4,2351842.38
1786596300000,724.38,724.79,724.35,724.5,768766.32
1786597200000,724.36,725.29,724.36,725.27,2873563.0
1786598100000,725.26,725.44,725.14,725.44,752859.3
1786599000000,725.44,725.5,724.89,724.93,2937692.3
1786599900000,724.92,725.14,724.78,724.78,2375845.1
1786600800000,724.57,724.81,724.25,724.79,1233076.46
1786601700000,724.82,725.01,724.6,724.75,1483962.63
1786602600000,724.75,725.01,724.01,724.07,6996913.43
1786603500000,724.01,724.53,723.97,724.51,2609493.69
1786604400000,724.64,724.73,723.59,723.75,3320169.1
1786605300000,723.82,724.28,723.65,724.14,2055401.81
1786606200000,724.14,724.43,724.1,724.42,3830430.14
1786607100000,724.44,724.44,723.94,723.94,1072513.06
1786608000000,724.16,724.167,722.815,723.23,82847132.06444049
1786608900000,723.36,724.13,723.214,724.13,21981034.03516643
1786609800000,723.9,724.054,723.666,723.89,3064590.0301038
1786610700000,724.044,724.289,723.852,723.97,24368771.026900724
1786611600000,723.84,724.125,723.399,723.57,10598569.90855365
1786612500000,723.49,723.664,723.071,723.66,13221068.69125219
1786613400000,723.86,723.97,723.407,723.86,2828989.07948624
1786614300000,723.97,724.388,723.911,724.388,5125273.53631109
1786615200000,724.18,724.389,724.051,724.18,4023258.02725487
1786616100000,724.39,724.512,724.083,724.34,15100263.87066053
1786617000000,724.24,724.454,724.195,724.24,5470477.72345577
1786617900000,724.372,724.554,724.341,724.476,6234447.3161561
1786618800000,724.474,724.685,724.24,724.24,21583843.712083615
1786619700000,724.04,724.293,723.899,724.04,14887752.8724245
1786620600000,723.96,724.57,723.953,723.96,22003877.2069456
1786621500000,724.75,724.779,724.184,724.2,17635673.02927963
1786622400000,724.19,724.207,723.368,723.68,41652402.65960616
1786623300000,723.1,723.717,722.858,723.57,32135858.02574066
1786624200000,724.28,724.65,723.06,723.51,64405340.85497264
1786625100000,723.9,724.387,723.52,724.29,51777694.57224679
1786626000000,724.43,725.354,724.391,725.07,116157540.87116905
1786626900000,725.094,725.4,724.94,725.216,108745884.06340052
1786627800000,725.07,728.63,724.05,727.63,1842852119.6807573
1786628700000,727.61,731.68,727.53,731.61,2693192068.793218
1786629600000,731.48,732.485,731.17,732.25,1442886751.2860637
1786630500000,732.3,733.03,731.795,733.03,906312852.9522818
1786631400000,732.962,733.75,732.85,733.025,1439342273.2794967
1786632300000,733.01,733.09,732.19,732.222,1214912487.5661285
1786633200000,732.15,732.91,732.04,732.57,777531694.6602317
1786634100000,732.61,733.085,731.69,732.06,637112792.4006405
1786635000000,731.915,732.125,730.48,731.185,697742362.8642666
1786635900000,731.14,731.185,729.9,730.043,598328165.332091
1786636800000,730.063,731.495,730.063,730.736,783846162.9812624
1786637700000,730.75,731.843,730.56,731.81,465893918.32655585
1786638600000,731.89,732.16,731.43,731.775,421241825.52604973
1786639500000,731.76,732.2,731.653,731.96,244966911.00152752
1786640400000,732.13,732.94,731.977,732.84,442422350.3114787
1786641300000,732.821,733.31,732.794,733.049,386307624.4419459
1786642200000,733.06,733.197,732.52,732.53,416990237.14136523
1786643100000,732.54,732.82,732.275,732.275,507956421.81180197
1786644000000,732.33,732.5,731.99,732.24,297292362.8716371
1786644900000,732.26,732.38,731.79,732.02,500880646.7892241
1786645800000,732.02,733.07,732.012,732.909,547133533.2893757
1786646700000,732.895,733.315,732.895,733.28,484366044.8568829
1786647600000,733.3,733.95,732.985,733.015,525200969.720287
1786648500000,733.13,733.3,732.57,732.73,443530417.1275917
1786649400000,732.505,732.86,732.23,732.25,567582876.0955578
1786650300000,732.26,732.285,731.56,732.07,1445448427.2073722
1786651200000,732.07,732.604,731.01,732.37,1468854234.6662183
1786652100000,732.45,732.484,732.03,732.25,44614157.97573204
1786653000000,732.37,732.499,732.124,732.49,39031421.94233994
1786653900000,732.49,732.598,732.425,732.56,46356697.40148159
1786654800000,732.599,732.665,732.439,732.63,229369168.38597482
1786655700000,732.65,732.707,732.585,732.65,9856844.71399043
1786656600000,732.75,732.895,732.69,732.78,11478455.71267379
1786657500000,732.775,732.823,732.715,732.734,4313915.56238433
1786658400000,732.45,732.677,732.034,732.2,34850181.31761502
1786659300000,732.197,732.328,732.035,732.172,13065655.614979096
1786660200000,732.171,732.44,732.171,732.44,4417522.23799521
1786661100000,732.31,732.453,732.251,732.31,2865961.36253397
1786662000000,732.6,732.757,732.261,732.6,14548330.0061353
1786662900000,732.77,732.792,732.096,732.73,6411032.73962264
1786663800000,732.2,732.301,732.093,732.29,4831302.74904439
1786664700000,732.11,732.282,732.0,732.0,9233302.83545405
1786665600000,732.02,733.2,732.02,732.5,5223601.78
1786666500000,732.48,732.5,731.91,732.09,1907938.48
1786667400000,732.07,732.2,731.85,731.97,1611141.59
1786668300000,732.01,732.07,731.69,731.7,1115950.4
1786669200000,731.66,731.66,730.61,730.69,7897508.62
1786670100000,730.74,731.31,730.6,731.31,4511052.41
1786671000000,731.19,731.49,731.03,731.49,3068736.77
1786671900000,731.45,731.65,731.24,731.24,1909787.88
1786672800000,731.31,731.73,731.31,731.64,4724860.45
1786673700000,731.6,731.68,731.43,731.62,1523866.56
1786674600000,731.67,732.01,731.67,731.79,1020934.83
1786675500000,731.87,731.87,731.28,731.36,809075.69
1786676400000,731.33,731.55,731.25,731.48,373007.15
1786677300000,731.48,731.94,731.48,731.93,567827.53
1786678200000,732.0,732.0,731.41,731.41,2726816.24
1786679100000,731.44,731.52,731.33,731.33,2356674.52
1786680000000,731.31,731.46,731.14,731.4,1107911.06
1786680900000,731.53,731.63,731.3,731.5,512742.61
1786681800000,731.45,731.54,730.99,731.46,1267294.79
1786682700000,731.27,731.35,731.15,731.2,595934.01
1786683600000,731.26,731.26,730.76,731.13,5407795.98
1786684500000,731.14,731.29,731.0,731.26,739183.81
1786685400000,731.22,731.61,731.1,731.59,2172703.48
1786686300000,731.64,731.94,731.61,731.82,4244652.34
1786687200000,731.81,731.81,731.27,731.34,1461436.27
1786688100000,731.21,731.52,731.21,731.52,2607748.7
1786689000000,731.52,731.52,731.24,731.46,2145181.61
1786689900000,731.45,731.9,731.45,731.87,1555710.0
1786690800000,731.9,732.3,731.81,731.87,2527891.02
1786691700000,731.89,732.01,731.78,731.8,2767380.07
1786692600000,731.88,732.5,731.88,732.5,5126540.17
1786693500000,732.51,732.53,732.28,732.33,1183503.14
1786694400000,732.56,733.268,732.206,733.02,75983781.03448357
1786695300000,732.83,733.205,732.646,732.7,18936392.06260295
1786696200000,733.008,733.395,733.008,733.177,14017049.621799821
1786697100000,733.08,733.384,732.991,733.11,8757488.70585466
1786698000000,732.989,732.989,732.742,732.907,5038451.09925966
1786698900000,732.906,733.21,732.842,733.11,4053154.7582092
1786699800000,732.83,733.11,732.66,732.69,4964093.68484373
1786700700000,732.7,733.3,732.66,733.3,7801506.51442098
1786701600000,733.49,733.629,733.283,733.5,10168117.48727324
1786702500000,733.4,733.466,733.039,733.24,5533155.59321359
1786703400000,733.13,733.321,733.057,733.13,6865953.56718641
1786704300000,733.199,733.645,733.199,733.645,9656344.471547205
1786705200000,733.93,733.94,733.643,733.85,42843651.9269354
1786706100000,733.62,733.75,733.524,733.6,16968007.54547373
1786707000000,733.57,733.851,733.458,733.72,18834569.36381267
1786707900000,733.89,734.076,733.679,734.0,57657415.95630362
1786708800000,733.963,734.296,732.7,733.407,86097580.9520718
1786709700000,733.21,733.702,733.106,733.23,48617066.71704848
1786710600000,734.06,734.3,733.663,733.99,25923341.92555062
1786711500000,733.71,734.324,733.71,734.07,30428342.21250967
1786712400000,734.25,734.279,733.757,733.82,55952906.26148899
1786713300000,733.75,733.88,733.4,733.514,109192873.96770056
1786714200000,733.4,734.1,731.745,733.9,1146030868.8375316
1786715100000,733.84,734.38,732.74,733.045,755540636.4894171
1786716000000,732.87,734.135,732.735,732.985,559412089.5101724
1786716900000,733.089,733.09,730.85,731.378,1717554418.9997926
1786717800000,731.393,731.85,730.77,731.463,690133477.0833404
1786718700000,731.46,731.625,730.62,730.62,357092602.97517943
1786719600000,730.6,731.04,729.805,729.84,483242932.1552939
1786720500000,729.815,730.28,728.4,729.355,794459127.6068958
1786721400000,729.344,729.359,728.32,728.743,703221841.3803073
1786722300000,728.751,729.38,728.35,729.234,646296232.690809
1786723200000,729.26,729.65,728.86,729.605,545871149.695952
1786724100000,729.6,730.215,729.47,730.08,476730390.6364601
1786725000000,730.06,730.08,729.18,729.24,396745793.5786878
1786725900000,729.25,729.45,728.955,729.005,306994753.0211744
1786726800000,729.029,729.53,728.9,729.26,321433676.8077009
1786727700000,729.36,729.42,728.785,728.97,412073774.2774615
1786728600000,729.02,729.33,728.84,728.99,286067972.9333731
1786729500000,729.04,729.61,728.79,729.58,307786426.67642474
1786730400000,729.56,729.8,729.37,729.47,432536445.6258477
1786731300000,729.486,729.75,729.175,729.228,372976477.1416267
1786732200000,729.23,729.75,729.123,729.67,352768482.59770626
1786733100000,729.61,730.08,729.47,729.67,379290760.84725386
1786734000000,729.725,729.81,729.41,729.53,640462267.8161187
1786734900000,729.57,730.04,729.505,729.85,547436162.7220807
1786735800000,729.86,730.32,729.77,730.136,787266670.3111081
1786736700000,730.17,731.12,730.01,731.035,1568117891.621069
1786737600000,731.05,731.22,730.73,730.84,1112596377.0940166
1786738500000,730.75,730.813,730.656,730.71,85124483.72531036
1786739400000,730.65,731.02,730.646,731.02,70881956.52768233
1786740300000,730.997,731.19,730.91,731.142,128393281.69501854
1786741200000,731.2,731.22,730.811,730.84,97225952.57716595
1786742100000,730.89,730.99,730.862,730.89,88541516.23707107
1786743000000,730.935,731.165,730.921,730.975,1885184.26498479
1786743900000,730.975,731.035,730.95,730.995,2414710.04198304
1786744800000,730.995,731.035,730.995,731.035,1923925.86646504
1786745700000,731.07,731.115,730.951,731.07,6222166.84521549
1786746600000,731.06,731.119,730.931,731.05,3599243.47621812
1786747500000,730.971,731.154,730.932,730.985,4646424.84108009
1786748400000,730.985,731.025,730.962,731.025,3647650.505689997
1786749300000,731.025,731.04,731.01,731.016,1329665.57233497
1786750200000,731.016,731.016,730.93,730.93,2704063.26310876
1786751100000,730.84,730.934,730.786,730.84,10603122.52280381
1786752000000,730.825,730.825,730.825,730.825,0.0
1786754700000,732.12,732.12,732.12,732.12,47.95386
1786755600000,732.14,732.14,731.8,731.8,39.894482
1786756500000,731.99,731.99,731.22,731.22,62.190116
1786757400000,730.97,730.97,730.97,730.97,10.96455
1786758300000,731.76,732.3,731.76,732.3,27.966138
1786759200000,731.78,731.78,731.78,731.78,22.758358
1786761900000,731.8,732.08,731.8,732.08,27.957252
1786762800000,732.08,732.08,731.36,731.36,33.151746
1786764600000,732.08,732.08,732.08,732.08,22.767688
1786765500000,732.1,732.1,732.1,732.1,27.96622
1786766400000,732.14,732.14,732.14,732.14,49.931948
1786768200000,732.16,732.16,732.16,732.16,19.987968
1786769100000,732.16,732.29,732.16,732.29,1027.957606
1786772700000,732.3,732.3,732.3,732.3,27.97386
1786776300000,732.45,732.45,732.45,732.45,27.97959
1786779000000,732.08,732.08,732.08,732.08,14.934432
1786779900000,732.66,732.66,732.66,732.66,27.987612
1786782600000,732.97,732.97,732.97,732.97,99.977108
1786783500000,733.15,733.15,732.98,732.98,102.403783
1786786200000,733.24,733.24,732.08,732.08,593.910974
1786787100000,732.19,732.19,732.19,732.19,27.969658
1786788000000,732.33,732.33,732.33,732.33,20.944638
1786789800000,732.41,732.41,732.41,732.41,20.068034
1786790700000,732.41,732.41,732.41,732.41,27.978062
1786792500000,732.46,732.46,732.35,732.35,125.314501
1786794300000,732.52,732.52,732.52,732.52,27.982264
1786795200000,732.62,732.62,732.62,732.62,19.927264
1786797900000,732.62,732.62,732.62,732.62,27.986084
1786798800000,732.84,732.84,732.21,732.21,56.034658
1786800600000,732.84,732.84,732.84,732.84,26.968512
1786801500000,732.87,732.87,732.87,732.87,27.995634
1786802400000,732.94,733.04,732.94,733.04,426.873624
1786804200000,733.16,733.16,732.89,732.89,124.023375
1786805100000,733.25,733.25,733.25,733.25,27.936825
1786806000000,733.27,733.28,733.27,733.28,129.935853
1786808700000,733.29,733.43,732.85,732.85,65.399002
1786809600000,733.43,733.44,733.3,733.3,150.277323
1786810500000,733.3,733.3,733.3,733.3,73.33
1786812300000,733.44,733.44,733.44,733.44,27.944064
1786815000000,733.3,733.3,732.08,732.08,735.365666
1786815900000,732.48,732.55,732.48,732.55,505.92661
1786816800000,732.65,732.65,732.28,732.28,69.796348
1786819500000,732.65,732.66,732.65,732.66,61.249922
1786823100000,732.68,732.7,732.68,732.7,47.917816
1786826700000,732.76,732.76,732.76,732.76,27.991432
1786830300000,732.83,732.83,732.83,732.83,27.994106
1786833900000,732.93,732.93,732.93,732.93,27.997926
1786837500000,732.98,732.98,732.98,732.98,27.999836
1786841100000,733.07,733.07,733.07,733.07,27.929967
1786842000000,733.08,733.08,733.08,733.08,19.939776
1786844700000,733.08,733.08,733.08,733.08,27.930348
1786845600000,733.14,733.14,733.14,733.14,22.72734
1786848300000,733.19,733.19,733.19,733.19,27.934539
1786851900000,733.35,733.35,733.35,733.35,27.940635
1786852800000,733.39,733.43,733.39,733.43,99.743756
1786854600000,733.5,733.5,733.5,733.5,19.9512
1786855500000,733.5,733.5,733.5,733.5,27.94635
1786859100000,733.52,733.52,733.52,733.52,27.947112
1786862700000,733.54,733.54,733.54,733.54,27.947874
1786863600000,733.55,733.55,733.55,733.55,153.972145
1786866300000,733.27,733.27,730.26,732.72,793.79535
1786868100000,732.83,732.83,732.18,732.18,74.710232
1786869000000,732.68,732.68,732.68,732.68,99.937552
1786869900000,732.93,732.93,732.93,732.93,27.997926
1786872600000,732.93,732.93,732.93,732.93,19.935696
1786873500000,732.93,732.97,732.93,732.97,47.93581
1786874400000,733.05,733.05,733.05,733.05,20.96523
1786877100000,733.1,733.1,733.1,733.1,27.93111
1786879800000,733.17,733.17,733.17,733.17,19.942224
1786880700000,733.17,733.17,733.17,733.17,27.933777
1786881600000,733.19,733.19,733.19,733.19,19.942768
1786884300000,733.19,733.4,733.19,733.4,58.223959
1786885200000,733.42,733.42,732.95,732.95,30.503504
1786887000000,733.42,733.42,733.42,733.42,26.989856
1786887900000,732.95,733.44,732.95,733.44,58.141604
1786888800000,733.47,733.58,733.47,733.58,553.21306
1786889700000,733.63,733.63,733.63,733.63,204.976222
1786890600000,733.64,733.64,733.64,733.64,49.960884
1786891500000,733.43,733.65,733.39,733.65,228.909165
1786892400000,733.68,733.91,733.38,733.38,342.578336
1786895100000,733.38,733.77,733.38,733.77,27.94599
1786896000000,733.89,733.93,733.56,733.56,150.294669
1786896900000,733.93,735.01,733.93,735.01,10153.944422
1786897800000,735.09,735.17,735.09,735.17,4999.839661
1786898700000,735.18,735.18,735.18,735.18,27.93684
1786900500000,735.15,735.15,734.07,734.07,8311.255265
1786902300000,734.43,734.43,733.94,733.94,1040.952503
1786903200000,734.64,734.64,734.64,734.64,19.982208
1786905900000,734.64,734.64,734.64,734.64,27.989784
1786907700000,734.65,734.65,734.65,734.65,24.9781
1786908600000,734.68,734.68,734.68,734.68,33.281004
1786909500000,734.68,734.84,734.68,734.84,147.972333
1786911300000,734.84,735.38,734.84,735.38,47099.081197
1786912200000,734.93,734.93,734.93,734.93,1043.6006
1786913100000,735.51,735.51,735.51,735.51,27.94938
1786916700000,735.54,735.63,735.54,735.63,687.880428
1786917600000,735.68,735.68,735.2,735.2,1233.016928
1786920300000,735.68,735.68,735.68,735.68,27.95584
1786921200000,735.75,735.75,735.75,735.75,19.938825
1786923900000,735.76,735.76,735.76,735.76,27.95888
1786924800000,732.47,733.05,732.02,732.94,13052626.95
1786925700000,732.89,732.91,732.23,732.38,4085768.22
1786926600000,732.38,732.38,732.18,732.22,1014186.61
1786927500000,732.19,732.44,732.19,732.44,2371303.33
1786928400000,732.51,733.26,732.5,732.96,4176088.82
1786929300000,732.84,733.37,732.65,733.21,4866679.15
1786930200000,733.23,733.23,732.32,732.41,3509427.02
1786931100000,732.44,732.57,732.25,732.33,3051249.99
1786932000000,732.34,732.52,732.19,732.48,2996192.39
1786932900000,732.48,733.01,732.47,732.89,5148287.68
1786933800000,732.82,733.07,732.82,733.0,3413414.89
1786934700000,733.01,733.26,732.96,733.02,2237307.45
1786935600000,733.04,733.29,733.04,733.11,1717695.07
1786936500000,733.15,733.36,733.15,733.31,1443081.64
1786937400000,733.3,733.59,733.14,733.51,4700591.04
1786938300000,733.5,733.6,733.45,733.6,7227401.93
1786939200000,733.59,733.77,733.59,733.77,4564756.77
1786940100000,733.68,733.72,733.52,733.52,1547992.32
1786941000000,733.49,733.6,733.37,733.56,1190425.05
1786941900000,733.6,733.66,733.31,733.36,828790.32
1786942800000,733.36,733.64,733.36,733.53,2549033.16
1786943700000,733.57,733.62,733.29,733.5,2612054.36
1786944600000,733.55,733.99,733.44,733.99,2595554.3
1786945500000,734.01,734.29,733.98,734.25,8734299.74
1786946400000,734.26,734.78,734.16,734.62,11177913.71
1786947300000,734.63,734.87,734.28,734.84,7533594.82
1786948200000,734.82,735.55,734.79,735.26,7028932.7
1786949100000,735.26,735.5,735.17,735.43,1211898.26
1786950000000,735.5,735.65,734.29,734.29,9672002.01
1786950900000,734.34,734.36,733.98,734.23,4865230.15
1786951800000,734.44,735.42,734.35,735.35,3798601.41
1786952700000,735.31,735.4,735.04,735.15,1831319.18
1786953600000,735.19,735.518,731.54,735.0,114783893.44288643
1786954500000,735.0,735.35,734.987,735.11,13591604.9610483
1786955400000,735.25,735.328,734.643,734.7,10825407.39227838
1786956300000,734.9,734.996,734.593,734.9,6311992.03948783
1786957200000,734.71,734.928,734.642,734.71,6983746.02526954
1786958100000,734.46,734.81,734.224,734.27,19234197.04646774
1786959000000,734.255,734.434,734.148,734.434,9638408.85107587
1786959900000,734.54,734.641,734.429,734.54,5494860.55891755
1786960800000,734.63,734.723,734.32,734.32,14353558.09317642
1786961700000,734.66,735.652,734.407,735.21,29410697.24863749
1786962600000,734.88,735.741,734.777,734.97,10205556.05351138
1786963500000,735.1,735.267,735.046,735.15,8812652.10058512
1786964400000,735.23,735.43,734.84,735.01,96367800.09027237
1786965300000,734.75,734.997,734.585,734.78,17535300.12127442
1786966200000,734.844,734.99,734.75,734.971,18944847.94455733
1786967100000,735.0,735.091,734.562,734.58,29240085.33630499
1786968000000,734.55,734.565,733.64,734.39,34997829.25229262
1786968900000,734.15,734.397,733.08,733.47,70502224.23590238
1786969800000,733.32,733.622,732.119,732.12,60399545.32568846
1786970700000,732.21,732.742,732.059,732.46,55103390.33471408
1786971600000,732.68,733.03,732.505,733.03,31981592.49905084
1786972500000,732.94,733.313,732.621,732.94,81894204.28087056
1786973400000,732.96,733.99,731.67,732.4,1263657764.3764937
1786974300000,732.381,733.77,731.875,733.197,1251817241.6961064
1786975200000,733.209,733.45,731.6,733.108,820460837.3179905
1786976100000,733.07,733.11,731.53,732.47,775242309.7723019
1786977000000,732.46,732.88,732.19,732.59,454813532.95342493
1786977900000,732.71,733.61,732.53,733.59,702364524.5714214
1786978800000,733.57,734.56,733.35,733.906,1172268780.8332055
1786979700000,733.91,734.41,733.86,734.32,639552402.3697448
1786980600000,734.21,734.23,732.72,733.19,692286744.6068068
1786981500000,733.17,733.688,732.91,733.5,418611081.4495941
1786982400000,733.488,733.55,732.56,732.669,686493763.7710737
1786983300000,732.665,732.96,732.5,732.742,691112107.3542032
1786984200000,732.73,732.82,732.12,732.13,400426757.4239893
1786985100000,732.12,732.34,731.96,732.155,443482316.83276504
1786986000000,732.14,732.205,730.86,730.86,578119248.3996993
1786986900000,730.82,731.11,730.0,730.08,1415136465.9714994
1786987800000,730.052,730.775,729.82,730.684,638019037.4281609
1786988700000,730.66,730.733,730.1,730.205,404505822.9255201
1786989600000,730.32,730.39,729.64,730.11,608834211.5583184
1786990500000,730.105,730.43,729.9,730.17,350878278.0439577
1786991400000,730.21,730.59,729.979,730.53,304622380.14733386
1786992300000,730.532,730.97,730.5,730.668,422860773.852019
1786993200000,730.66,730.7,729.75,729.77,520432793.26357776
1786994100000,729.78,730.396,729.71,729.96,679125816.1591326
1786995000000,729.96,730.36,729.87,730.17,584202975.7207135
1786995900000,730.21,730.6,729.28,729.9,1771145910.3445423
1786996800000,729.76,729.983,729.41,729.58,650642858.6620756
1786997700000,729.49,729.641,729.394,729.57,42138668.6898431
1786998600000,729.56,729.569,729.18,729.18,51031352.82061937
1786999500000,729.09,729.497,729.033,729.35,67798892.86458445
1787000400000,729.499,729.544,729.34,729.355,195280498.6026555
1787001300000,729.355,729.464,729.31,729.464,4248609.63611126
1787002200000,729.49,729.54,729.464,729.48,56129190.28453772
1787003100000,729.53,729.54,729.417,729.53,3953345.66806153
1787004000000,729.65,729.815,729.453,729.66,25852565.34213348
1787004900000,729.42,729.648,729.202,729.42,11821064.22371557
1787005800000,729.42,729.55,729.325,729.41,4236463.90608948
1787006700000,729.42,729.639,729.387,729.43,2896022.10507875
1787007600000,729.58,729.74,729.383,729.654,4436782.6543294
1787008500000,729.56,729.723,729.462,729.61,14222581.13780261
1787009400000,729.69,730.075,729.69,730.007,17448132.69405757
1787010300000,730.03,730.073,729.66,729.85,15673176.27673941
1787011200000,729.964,730.28,729.88,730.15,2328183.31
1787012100000,730.12,730.45,729.96,730.14,2892868.85
1787013000000,730.14,730.43,730.12,730.39,1625615.14
1787013900000,730.38,730.61,730.06,730.1,2741225.74
1787014800000,730.15,730.35,729.94,730.35,3155660.5
1787015700000,730.35,730.35,729.59,729.79,3023415.97
1787016600000,729.8,729.83,728.77,728.81,4521791.96
1787017500000,728.84,728.96,727.07,727.99,16608109.81
1787018400000,727.98,728.21,726.83,726.88,9594844.15
1787019300000,726.89,726.95,725.88,726.1,16924271.46
1787020200000,725.96,726.7,725.5,725.51,14840968.87
1787021100000,725.48,725.79,724.84,725.5,17219957.4
1787022000000,725.59,725.64,725.03,725.06,4038368.1
1787022900000,725.13,725.13,724.39,724.79,18244179.52
1787023800000,724.74,725.21,724.17,725.19,5585541.04
1787024700000,725.19,725.49,724.9,725.13,8542401.72
1787025600000,725.09,725.26,724.59,725.25,7932976.82
1787026500000,725.24,725.61,724.82,725.49,3435709.52
1787027400000,725.66,725.8,725.11,725.34,4699562.95
1787028300000,725.34,725.95,725.19,725.72,1902928.39
1787029200000,725.67,725.76,724.7,724.73,3412781.96
1787030100000,724.73,724.92,724.67,724.72,3539032.18
1787031000000,724.68,724.69,724.39,724.49,3585688.24
1787031900000,724.44,724.78,723.71,723.71,7112517.78
1787032800000,723.72,723.87,722.54,723.76,15572785.77
1787033700000,723.72,724.45,723.39,724.34,4837953.36
1787034600000,724.27,724.7,724.14,724.5,3950097.69
1787035500000,724.48,725.18,724.39,725.08,14755426.6
1787036400000,724.99,725.18,724.36,724.36,9393753.51
1787037300000,724.4,724.59,724.0,724.03,5668758.6
1787038200000,724.2,724.2,723.39,723.51,14434433.48
1787039100000,723.53,723.85,723.1,723.13,8849189.67
1787040000000,728.832,728.832,721.455,722.137,290231874.7193654
1787040900000,722.21,722.51,721.371,721.95,48651012.49128233
1787041800000,721.91,722.63,721.664,721.91,10546732.60026493
1787042700000,721.54,722.4,721.531,722.02,16153233.56276266
1787043600000,721.81,722.323,721.582,721.81,11967885.85064359
1787044500000,722.078,722.078,721.095,721.296,45604640.960424565
1787045400000,721.22,721.426,720.507,720.54,36970025.34727651
1787046300000,720.53,721.298,720.19,720.88,40375100.96544741
1787047200000,721.09,721.431,720.879,721.17,37011140.04737681
1787048100000,721.05,721.419,720.588,720.72,40727079.38966022
1787049000000,721.1,721.489,720.972,721.22,20834406.21103072
1787049900000,721.11,721.68,721.031,721.55,11948728.73864562
1787050800000,721.41,722.203,721.371,722.09,85579056.0018283
1787051700000,722.21,722.25,721.821,721.88,30301995.61604129
1787052600000,721.937,721.937,721.192,721.778,59222524.75615897
1787053500000,721.93,722.245,721.64,721.7,35019767.80498074
1787054400000,721.62,722.499,721.21,721.39,57270116.34144734
1787055300000,721.22,721.921,720.81,720.85,69910717.65751015
1787056200000,720.58,720.907,720.232,720.3,75485331.12393653
1787057100000,720.24,720.943,720.08,720.812,83324769.98895986
1787058000000,721.01,721.073,720.325,720.33,55485966.48450332
1787058900000,720.46,720.647,719.98,720.29,115233059.54224063
1787059800000,720.23,722.13,718.785,720.16,2328439544.6771145
1787060700000,720.115,720.43,718.15,719.125,2014340240.0011249
1787061600000,719.114,720.402,717.27,717.65,1233974957.242414
1787062500000,717.67,719.99,717.46,719.625,1346057051.961443
1787063400000,719.67,720.19,718.29,718.3,1092568498.0178568
1787064300000,718.31,718.57,716.47,716.61,1914440309.9625816
1787065200000,716.663,717.32,715.93,716.578,1391869722.9523425
1787066100000,716.595,717.934,716.35,717.773,1717991507.281096
1787067000000,717.69,718.2,717.145,717.935,1317948113.4352555
1787067900000,717.935,718.945,717.934,718.88,1190065599.5623074
1787068800000,718.91,719.47,718.62,719.1,1703435348.6425884
1787069700000,719.145,719.295,718.205,718.237,1290710159.15736
1787070600000,718.215,719.13,718.07,718.638,950039358.2065113
1787071500000,718.68,719.65,718.43,719.31,994099662.7230483
1787072400000,719.1,719.44,718.43,718.835,742064731.4780029
1787073300000,718.81,718.817,717.81,718.355,626006148.2537028
1787074200000,718.265,718.455,717.785,718.085,1290445353.3260617
1787075100000,718.076,718.275,717.135,717.164,982238927.5439377
1787076000000,717.055,717.42,716.7,717.295,904904556.8231324
1787076900000,717.365,718.275,717.295,718.01,1049006826.389818
1787077800000,718.01,718.25,717.585,717.68,546950046.1664943
1787078700000,717.59,717.885,717.125,717.265,573784834.5139108
1787079600000,717.2,717.585,717.12,717.268,695137378.725886
1787080500000,717.28,718.044,717.09,717.93,620978901.0861194
1787081400000,717.93,718.06,717.54,717.935,934272578.6805696
1787082300000,717.935,718.13,716.93,717.64,2998071623.5663066
1787083200000,717.44,717.87,717.191,717.29,1430951793.3455975
1787084100000,717.379,717.474,717.07,717.45,75036275.38888212
1787085000000,717.449,717.621,717.389,717.483,71473078.79276153
1787085900000,717.43,717.478,716.79,716.79,57351898.48978588
1787086800000,717.059,717.222,716.955,717.1,226326062.6978166
1787087700000,717.02,717.15,717.005,717.02,100836675.48905031
1787088600000,717.025,717.08,716.938,716.972,3078389.47017253
1787089500000,716.974,717.05,716.916,716.976,56798937.77145989
1787090400000,717.32,717.43,716.928,717.32,22476545.50349961
1787091300000,717.61,717.717,716.744,717.01,56523549.77400891
1787092200000,716.2,716.779,716.16,716.17,26489657.57887713
1787093100000,716.35,716.35,715.99,716.026,28290462.667999446
1787094000000,716.1,716.55,715.962,716.55,16849780.48635815
1787094900000,716.79,717.109,716.161,717.03,25185558.52465187
1787095800000,716.679,716.719,716.208,716.458,15240438.80642767
1787096700000,716.36,716.688,716.187,716.36,27434082.78432365
1787097600000,716.207,716.37,714.41,714.76,16805124.73
1787098500000,714.72,716.34,714.48,716.34,11540513.75
1787099400000,716.38,717.45,716.38,717.31,3355197.32
1787100300000,717.31,717.76,716.52,716.69,14617849.22
1787101200000,716.66,718.01,716.48,717.67,9073627.21
1787102100000,717.76,718.31,717.39,718.08,7831296.55
1787103000000,718.14,718.14,717.22,717.58,4049877.3
1787103900000,717.3,717.65,717.25,717.52,3155081.54
1787104800000,717.66,717.66,716.35,716.51,1597485.26
1787105700000,716.49,717.17,716.19,716.7,3361981.11
1787106600000,716.64,716.66,716.06,716.1,1268400.24
1787107500000,716.32,716.69,716.15,716.37,6356085.05
1787108400000,716.55,716.91,716.19,716.33,1963655.08
1787109300000,716.69,716.81,716.18,716.46,641327.0
1787110200000,716.49,717.22,716.39,716.4,1479676.8
1787111100000,716.41,716.72,716.06,716.24,9729688.92
1787112000000,716.3,716.31,715.89,716.01,2545466.0
1787112900000,716.08,716.66,715.86,716.44,1041326.68
1787113800000,716.46,716.57,715.59,715.59,1557610.81
1787114700000,715.64,715.86,714.82,715.84,6355089.94
1787115600000,715.83,716.48,715.27,715.39,2535858.84
1787116500000,715.39,715.89,714.89,715.84,1645787.91
1787117400000,715.87,715.9,714.76,715.0,2840400.42
1787118300000,714.96,715.01,714.45,714.68,2183146.19
1787119200000,714.69,714.81,713.99,714.11,6150577.46
1787120100000,714.26,715.74,714.24,715.0,7256435.59
1787121000000,715.11,715.4,714.74,715.4,1084139.31
1787121900000,715.51,717.11,715.51,717.03,7682802.82
1787122800000,717.01,717.15,716.12,717.15,9832539.95
1787123700000,716.99,717.51,716.51,717.5,3741372.05
1787124600000,717.54,717.77,716.87,717.34,4695628.75
1787125500000,717.46,718.22,717.4,718.12,2837694.22
1787126400000,718.03,719.018,716.492,718.9,141429177.0040725
1787127300000,718.56,718.988,718.33,718.66,21321520.63075655
1787128200000,718.14,718.824,718.14,718.52,15768718.96933779
1787129100000,718.4,718.829,718.295,718.63,6622547.43073123
1787130000000,718.0,718.78,717.957,718.14,17097822.47981614
1787130900000,717.91,718.013,717.296,717.51,18989001.39858879
1787131800000,717.62,717.722,716.881,716.91,8967162.09016308
1787132700000,717.1,717.14,716.598,716.73,10194188.73020231
1787133600000,716.49,716.998,715.991,716.62,25374447.36371098
1787134500000,716.29,716.662,716.058,716.46,12527943.21168388
1787135400000,716.72,717.038,716.416,716.87,18591511.42709971
1787136300000,716.91,717.017,716.148,716.91,8709175.56044209
1787137200000,716.15,717.56,716.021,717.56,45712529.17273977
1787138100000,716.64,717.105,716.537,716.61,12032793.59224344
1787139000000,716.2,716.666,715.89,715.9,26829583.12669685
1787139900000,716.081,716.541,715.866,716.521,29835952.0962377
1787140800000,716.516,717.045,715.996,716.929,66086762.624310136
1787141700000,717.2,717.62,716.896,717.52,90576434.75880481
1787142600000,717.58,720.065,716.9,720.04,316893767.67891115
1787143500000,720.37,721.833,720.06,721.64,285319189.05152476
1787144400000,721.41,721.569,720.107,721.03,149157947.0321314
1787145300000,721.141,721.63,720.42,720.641,192981088.13112578
1787146200000,720.4,721.44,717.14,718.336,75871969.1
1787147100000,718.314,718.87,713.38,715.625,202733472.76097
1787148000000,715.599,715.84,712.69,712.768,43567284.68
1787148900000,712.752,715.175,712.6,715.101,44227814.07
1787149800000,715.06,717.38,714.845,717.13,1107422141.4360487
1787150700000,717.12,718.57,716.27,718.43,694787138.1592426
1787151600000,718.57,718.72,717.6,718.397,16109307.205
1787152500000,718.402,718.72,717.842,718.236,17156792.7
1787153400000,718.251,718.41,716.81,717.883,32556078.29500001
1787154300000,717.93,718.37,717.332,718.113,24779706.16
1787155200000,718.121,719.32,717.71,718.98,39408087.06
1787156100000,719.013,719.675,718.18,718.296,20291955.89
1787157000000,718.16,718.5,717.946,718.275,340614705.99151164
1787157900000,718.21,718.267,716.9,717.19,404163682.66267663
1787158800000,717.01,717.35,716.62,716.785,187391446.77712178
1787159700000,716.778,716.92,715.81,716.511,816102191.289527
1787160600000,716.518,716.595,715.97,716.468,519908081.8792238
1787161500000,716.467,717.005,716.4,716.628,583682327.654392
1787162400000,716.645,717.74,715.59,716.05,624793323.5482676
1787163300000,716.03,716.51,715.39,716.51,560347965.338924
1787164200000,716.51,717.43,716.47,717.0,625848249.9862838
1787165100000,716.987,716.996,716.23,716.437,329139794.5392066
1787166000000,716.42,716.98,716.32,716.718,397698098.0259517
1787166900000,716.72,717.52,716.71,716.948,506263122.6833063
1787167800000,717.045,717.75,716.245,716.28,1163646107.0988867
1787168700000,716.33,716.34,715.25,716.12,2326106270.7101364
1787169600000,716.195,716.57,715.918,716.1,1106387427.900702
1787170500000,716.07,716.2,715.95,716.2,55713537.37381909
1787171400000,716.19,716.349,716.106,716.31,65074006.18802055
1787172300000,716.3,717.027,716.281,716.99,84597789.51411016
1787173200000,716.97,717.171,716.851,717.09,526051071.19128233
1787174100000,717.075,717.075,716.91,716.975,14736806.95035163
1787175000000,716.975,717.195,716.93,716.93,12448917.701721868
1787175900000,716.93,717.06,716.87,717.06,5402558.758938319
1787176800000,717.5,718.811,717.077,718.72,34059896.64911587
1787177700000,718.5,718.756,718.247,718.5,12278401.88333386
1787178600000,718.46,718.898,718.337,718.46,21364043.02038592
1787179500000,718.8,719.196,718.728,718.89,14786337.60506765
1787180400000,719.6,720.036,718.879,719.31,22990325.2183554
1787181300000,719.267,719.44,719.071,719.254,3674039.76412178
1787182200000,719.31,719.58,719.112,719.33,6969025.91543248
1787183100000,719.37,719.515,718.706,719.05,24645903.30205285
1787184000000,718.731,718.753,717.69,718.72,4821942.77
1787184900000,718.81,719.63,718.7,718.84,3717292.47
1787185800000,718.9,719.64,718.58,719.41,4318778.59
1787186700000,719.45,719.89,719.17,719.79,5056423.55
1787187600000,719.75,720.11,719.13,719.19,5390734.07
1787188500000,719.29,719.6,718.71,718.94,3199792.07
1787189400000,718.87,719.72,718.7,719.67,1634871.66
1787190300000,719.79,719.91,718.84,719.17,5285993.02
1787191200000,719.39,720.02,719.27,719.53,3954060.35
1787192100000,719.67,719.7,718.44,718.91,6964967.59
1787193000000,718.91,719.55,718.41,719.1,6815688.24
1787193900000,719.17,719.22,718.39,718.8,3438042.89
1787194800000,718.75,719.41,718.29,718.67,1694037.27
1787195700000,718.69,719.43,718.65,718.77,1811694.76
1787196600000,718.7,718.74,717.99,718.56,3439922.89
1787197500000,718.5,718.76,718.37,718.42,1356774.37
1787198400000,718.58,719.4,718.58,719.37,1427719.31
1787199300000,719.41,719.43,718.99,719.13,1250634.8
1787200200000,719.04,719.04,718.37,718.77,1113814.12
1787201100000,718.74,719.01,718.41,718.52,1252822.36
1787202000000,718.4,718.61,717.85,717.89,3243582.06
1787202900000,718.05,719.03,718.05,718.5,1582661.23
1787203800000,718.62,718.71,718.21,718.5,2503985.47
1787204700000,718.31,718.51,718.13,718.23,888523.23
1787205600000,718.33,719.65,718.16,719.59,4214162.53
1787206500000,719.46,719.5,719.1,719.41,955991.6
1787207400000,719.34,719.87,719.34,719.81,4099301.5
1787208300000,719.9,720.14,719.74,719.82,4105372.14
1787209200000,719.76,719.76,718.97,719.1,5703293.53
1787210100000,719.0,719.18,718.25,718.5,2931514.84
1787211000000,718.43,718.92,718.01,718.22,4981507.0
1787211900000,718.23,718.9,718.0,718.02,1831060.78
1787212800000,718.01,718.622,716.27,716.82,91350650.56157614
1787213700000,716.48,716.77,715.624,715.71,34208878.18388645
1787214600000,715.68,716.227,714.911,716.0,54772676.11825868
1787215500000,715.727,715.8,714.673,715.07,21227951.91173299
1787216400000,716.19,716.687,714.988,716.03,14787798.43570624
1787217300000,716.163,716.65,716.055,716.457,6044569.6025864
1787218200000,716.24,716.537,715.897,716.24,5391630.78695662
1787219100000,716.67,716.757,716.039,716.67,3980444.12421068
1787220000000,716.406,717.123,716.023,716.998,7653502.7652301835
1787220900000,716.79,717.062,716.42,716.61,26490957.09390623
1787221800000,716.55,716.811,716.119,716.61,14052457.70703123
1787222700000,716.9,717.161,716.283,717.15,12933026.58955738
1787223600000,717.48,717.48,714.835,715.41,92509444.18486014
1787224500000,715.41,715.586,713.848,713.85,56583333.99092993
1787225400000,713.8,714.493,713.727,714.31,32340992.40968203
1787226300000,713.8,713.843,712.111,712.34,120556794.90683664
1787227200000,712.29,712.599,710.01,710.25,167943989.2083327
1787228100000,710.214,710.907,710.02,710.336,162143916.10094142
1787229000000,709.9,710.601,709.47,710.52,395685520.4736109
1787229900000,710.57,711.954,710.521,711.85,103762880.68446839
1787230800000,712.02,712.53,711.682,711.8,54476036.93926532
1787231700000,711.77,712.447,711.456,712.21,75662147.66880731
1787232600000,712.1,714.84,711.89,714.382,56050014.84
1787233500000,714.358,714.56,711.1,712.1,32208606.8
1787234400000,712.109,713.58,711.29,712.514,32994870.19
1787235300000,712.34,713.58,711.04,712.08,1154907409.5620258
1787236200000,712.085,713.92,711.6,713.79,682601959.0686948
1787237100000,713.83,714.03,712.105,713.13,514902184.106052
1787238000000,713.069,714.605,711.49,712.445,44026877.915
1787238900000,712.405,712.515,710.895,711.869,35846477.99999999
1787239800000,711.884,712.02,710.3,710.386,39375400.98
1787240700000,710.377,711.6,710.145,711.52,25293017.67
1787241600000,711.59,711.94,710.975,711.075,421227470.5705459
1787242500000,711.03,712.2,711.03,711.93,647793808.1020683
1787243400000,711.825,712.7,711.13,712.7,399445372.1150863
1787244300000,712.68,712.99,712.254,712.857,457376311.2367917
1787245200000,712.845,712.845,711.747,711.751,269530807.67777944
1787246100000,711.753,711.766,710.74,710.78,411186074.613553
1787247000000,710.777,710.97,710.48,710.642,326294211.80055875
1787247900000,710.62,711.448,710.57,710.69,431568925.245734
1787248800000,710.71,710.71,708.85,709.21,833593744.4787074
1787249700000,709.21,709.585,708.58,709.38,426645148.7243298
1787250600000,709.244,709.289,708.72,709.232,821525116.6769525
1787251500000,709.234,709.83,709.117,709.533,392748205.9438309
1787252400000,709.44,710.66,709.44,710.375,786609366.6212723
1787253300000,710.37,710.98,710.08,710.94,570093482.9216946
1787254200000,710.93,711.625,710.63,711.01,1096176045.415152
1787255100000,711.07,711.535,710.49,710.94,2242342106.83985
1787256000000,710.871,711.292,710.329,710.361,1154869959.4741359
1787256900000,709.99,710.652,709.99,710.57,363676664.1253617
1787257800000,711.0,711.045,710.521,710.96,19814878.17916421
1787258700000,710.99,711.127,710.803,711.08,18343222.07829049
1787259600000,711.06,711.132,710.99,711.06,127754174.94215696
1787260500000,710.99,711.045,710.986,711.018,15358262.918195108
1787261400000,711.022,711.22,711.022,711.081,5697824.410656029
1787262300000,711.04,711.199,711.03,711.03,124810583.59270936
1787263200000,711.59,711.88,710.306,710.46,33882250.30591099
1787264100000,710.324,710.603,710.324,710.519,14082466.61384538
1787265000000,710.65,711.034,710.434,710.64,9495982.49060619
1787265900000,710.89,711.435,710.815,711.28,9356535.82852257
1787266800000,711.35,711.389,711.178,711.37,9676748.65118421
1787267700000,711.233,711.484,711.167,711.242,3900930.1527373
1787268600000,711.09,711.354,710.773,711.29,10597910.15941258
1787269500000,711.239,711.252,710.584,710.702,17568390.834927686
1787270400000,710.72,712.63,710.697,712.63,49749.07
1787271300000,712.55,712.55,711.49,711.49,3207923.61
1787272200000,711.51,712.4,711.42,712.4,2252896.33
1787273100000,712.35,712.61,711.61,711.61,1640775.83
1787274000000,711.57,711.86,711.0,711.81,8091722.92
1787274900000,711.71,712.41,711.56,712.11,2177819.16
1787275800000,711.99,712.43,711.59,712.43,3927824.94
1787276700000,712.37,712.81,711.95,712.36,4013344.6
1787277600000,712.45,712.84,712.15,712.84,2542627.64
1787278500000,712.9,713.37,712.71,713.26,8289625.48
1787279400000,713.29,713.43,712.96,713.08,2815871.7
1787280300000,713.03,713.45,713.03,713.19,887260.09
1787281200000,713.19,713.19,712.55,712.55,11940623.82
1787282100000,712.61,712.79,712.39,712.63,843094.65
1787283000000,712.74,712.91,712.51,712.54,914430.96
1787283900000,712.45,712.62,712.19,712.62,1896319.01
1787284800000,712.33,712.74,712.33,712.74,514412.56
1787285700000,712.79,712.8,711.88,711.89,1489670.9
1787286600000,711.83,712.05,711.67,711.97,10652175.4
1787287500000,711.91,712.63,711.91,712.47,1088297.98
1787288400000,712.52,712.78,712.45,712.7,1497981.05
1787289300000,712.71,712.99,712.39,712.43,1602246.02
1787290200000,712.4,712.97,712.35,712.54,3929633.3
1787291100000,712.54,712.72,712.12,712.72,3237590.55
1787292000000,712.6,712.88,712.5,712.88,1895085.58
1787292900000,712.98,713.06,712.69,713.02,697223.05
1787293800000,713.01,713.52,712.81,712.93,3103819.03
1787294700000,712.87,713.24,712.72,713.2,765028.45
1787295600000,713.1,714.15,713.06,714.15,3537119.54
1787296500000,714.09,714.85,713.95,714.14,13722579.11
1787297400000,714.15,714.77,714.09,714.16,4103184.31
1787298300000,714.07,714.64,714.07,714.56,5155456.89
1787299200000,714.59,714.991,711.355,714.26,127592599.95697935
1787300100000,713.75,714.084,713.345,713.94,16191289.27452356
1787301000000,714.12,714.842,714.011,714.69,18371146.35541746
1787301900000,714.843,715.11,714.706,714.803,13985576.30398079
1787302800000,714.01,714.841,713.911,714.01,8917520.13059087
1787303700000,714.423,714.588,714.331,714.366,10272476.415811604
1787304600000,714.37,715.504,714.27,715.331,38765010.4582596
1787305500000,715.77,715.77,715.153,715.76,8560368.82568758
1787306400000,715.85,716.274,715.415,715.49,20839173.13641079
1787307300000,715.52,715.678,715.241,715.32,15569273.75346254
1787308200000,715.39,715.765,715.3,715.49,14747926.21822455
1787309100000,715.55,715.571,715.301,715.5,10102736.24878644
1787310000000,715.4,715.52,714.815,715.18,60084170.01478354
1787310900000,715.29,716.479,715.143,716.35,77722694.45257913
1787311800000,716.37,716.794,715.97,716.33,68762784.1299051
1787312700000,716.668,716.679,715.951,715.951,122725469.5370568
1787313600000,715.86,716.011,715.484,715.83,28024475.59201159
1787314500000,715.6,716.301,715.471,715.99,36414944.92674909
1787315400000,716.18,716.629,716.18,716.56,54882283.37716864
1787316300000,716.67,716.72,716.04,716.18,59333961.01514133
1787317200000,716.196,716.26,715.178,715.216,98320540.4682447
1787318100000,715.21,715.54,713.97,715.45,229346084.96381372
1787319000000,715.225,715.35,711.4,711.58,1643348616.3741772
1787319900000,711.515,712.47,710.12,711.245,1107347791.0834208
1787320800000,711.22,711.875,709.88,710.041,755685081.9197503
1787321700000,709.98,711.37,709.2,710.612,1493897311.5870295
1787322600000,710.79,711.29,710.18,710.94,482949316.8793012
1787323500000,711.05,711.86,710.89,711.85,641981374.971602
1787324400000,711.9,712.785,711.8,712.42,1152841072.3488944
1787325300000,712.429,712.84,711.905,712.756,725610760.8415018
1787326200000,712.76,715.23,712.71,714.77,1899576395.9293177
1787327100000,714.8,715.66,714.219,714.55,802732681.8391439
1787328000000,714.69,714.7,713.382,713.45,830655063.4215566
1787328900000,713.488,714.77,713.27,713.769,1213240930.2059066
1787329800000,713.769,714.093,713.435,713.965,812764658.6072844
1787330700000,713.963,713.963,713.06,713.757,572304717.9028933
1787331600000,713.83,714.075,713.573,713.66,486913775.1702266
1787332500000,713.6,713.74,713.0,713.47,371327046.59587944
1787333400000,713.48,713.625,713.13,713.625,273353230.53076446
1787334300000,713.546,713.751,713.126,713.136,399090287.2014443
1787335200000,713.11,713.62,712.9,712.9,598811282.5370684
1787336100000,712.935,713.304,712.66,712.705,483557370.4902982
1787337000000,712.64,712.865,712.42,712.745,332117985.2234144
1787337900000,712.825,713.565,712.7,713.565,724900490.7387199
1787338800000,713.553,713.88,713.23,713.278,1366278867.9120147
1787339700000,713.278,713.68,713.116,713.461,510313720.93557554
1787340600000,713.44,713.83,713.44,713.81,540367841.313192
1787341500000,713.795,714.31,712.95,713.4,2066269572.509238
1787342400000,713.38,713.38,712.963,713.16,1888905710.9917407
1787343300000,713.18,713.228,712.78,712.89,37149083.49869753
1787344200000,712.95,713.196,712.836,713.08,29830235.52562175
1787345100000,713.13,713.166,712.89,712.99,120888068.08620356
1787346000000,712.92,713.198,712.92,713.03,115764389.28471527
1787346900000,713.06,713.15,712.995,713.08,18055834.17620831
1787347800000,713.105,713.224,713.033,713.17,15975958.857350815
1787348700000,713.17,713.545,713.147,713.35,10224444.19557007
1787349600000,713.49,713.604,713.346,713.49,2708087.26617782
1787350500000,713.55,713.779,713.373,713.55,4340832.32228719
1787351400000,713.63,713.918,713.63,713.81,11579723.88809567
1787352300000,713.99,714.175,713.895,713.99,15323608.17442179
1787353200000,714.15,714.323,714.033,714.187,10308540.67899085
1787354100000,714.188,714.32,714.155,714.32,6464331.72736126
1787355000000,714.17,714.416,714.117,714.16,8371351.99691761
1787355900000,714.05,714.309,714.008,714.05,16323078.60642969
1787356800000,714.311,714.56,714.311,714.56,462.463232
1787358600000,714.62,714.62,714.62,714.62,19.937898
1787359500000,714.62,714.62,714.62,714.62,27.941642
1787360400000,714.72,714.72,714.25,714.25,69.795338
1787361300000,714.21,714.21,712.01,712.01,9697.887762
1787362200000,712.91,712.91,712.91,712.91,179.938484
1787363100000,712.91,712.91,712.91,712.91,88.828586
1787364000000,712.78,713.2,712.55,713.2,7315.82544
1787365800000,713.2,713.2,712.51,712.51,204.232992
1787366700000,713.2,713.2,712.35,713.2,837.955922
1787367600000,712.32,712.32,712.32,712.32,199.592064
1787370300000,712.32,713.2,712.32,712.72,860.472623
1787371200000,712.99,712.99,712.99,712.99,174.896447
1787372100000,712.71,712.71,712.71,712.71,49.034448
1787373000000,712.99,712.99,712.68,712.68,351.644992
1787373900000,712.99,712.99,712.99,712.99,168.26564
1787377500000,712.5,712.64,712.5,712.64,813.751738
1787378400000,712.64,712.64,712.64,712.64,58.365216
1787379300000,712.64,712.64,712.64,712.64,46.3216
1787381100000,712.64,712.64,712.64,712.64,27.935488
1787383800000,712.64,712.64,712.25,712.25,29.13902
1787384700000,712.64,712.64,712.25,712.64,172.704312
1787385600000,712.64,712.64,712.64,712.64,30.928576
1787387400000,712.64,712.64,712.64,712.64,123.928096
1787388300000,712.64,712.64,712.64,712.64,27.935488
1787390100000,712.25,712.25,712.25,712.25,314.315925
1787391000000,712.64,712.64,712.64,712.64,119.937312
1787391900000,712.64,712.64,712.64,712.64,27.935488
1787392800000,712.64,712.99,712.64,712.74,3450.879299
1787394600000,712.73,712.73,712.73,712.73,16.178971
1787395500000,712.99,712.99,712.99,712.99,27.949208
1787399100000,712.99,712.99,712.99,712.99,27.949208
1787400000000,712.99,712.99,712.99,712.99,88.767255
1787400900000,712.73,712.73,712.73,712.73,73.625009
1787402700000,712.99,712.99,712.99,712.99,27.949208
1787403600000,712.99,712.99,712.36,712.36,357.084588
1787405400000,712.99,712.99,712.99,712.99,26.951022
1787406300000,712.99,712.99,712.99,712.99,27.949208
1787407200000,712.99,713.26,712.99,713.26,252.898525
1787409000000,713.26,713.26,713.26,713.26,94.934906
1787409900000,713.26,713.26,712.43,712.43,887.25875
1787410800000,713.26,713.26,713.26,713.26,167.97273
1787411700000,713.26,713.26,713.26,713.26,98.857836
1787412600000,713.26,713.26,712.3,712.3,57.711756
1787413500000,713.26,713.26,713.26,713.26,27.959792
1787414400000,713.26,713.26,713.26,713.26,119.970332
1787416200000,713.26,713.26,713.26,713.26,372.107742
1787417100000,713.26,713.26,713.26,713.26,27.959792
1787419800000,713.26,713.26,713.26,713.26,50.926764
1787420700000,713.26,713.26,713.26,713.26,27.959792
1787421600000,713.26,713.26,713.26,713.26,49.999526
1787423400000,713.26,713.26,713.26,713.26,118.971768
1787424300000,713.26,713.29,713.26,713.29,27.960812
1787425200000,713.29,713.29,713.29,713.29,23.966544
1787426100000,712.59,713.29,712.59,713.29,104.133899
1787427900000,713.29,713.29,713.29,713.29,47.933088
1787428800000,713.29,713.29,712.18,712.18,540.554812
1787431500000,712.15,713.29,712.15,713.29,76.672028
1787433300000,713.29,713.29,713.29,713.29,19.97212
1787435100000,713.29,713.29,713.29,713.29,261.920088
1787436000000,713.29,713.29,712.11,712.11,391.431592
1787438700000,713.29,713.29,713.29,713.29,27.960968
1787442300000,713.29,713.29,713.29,713.29,27.960968
1787445000000,713.29,713.29,713.29,713.29,19.97212
1787445900000,713.29,713.29,713.29,713.29,27.960968
1787446800000,713.29,714.05,713.03,713.03,3936.061301
1787448600000,713.03,713.03,713.03,713.03,99.966806
1787449500000,713.03,713.03,713.03,713.03,38.931438
1787450400000,713.03,713.03,713.03,713.03,22.745657
1787451300000,712.73,712.73,712.73,712.73,219.734659
1787453100000,713.03,713.03,713.03,713.03,27.950776
1787454000000,712.71,712.71,712.71,712.71,290.144241
1787455800000,713.0,713.0,712.65,712.65,489.81551
1787456700000,713.0,713.0,713.0,713.0,27.9496
1787457600000,713.0,713.03,713.0,713.03,74.938658
1787459400000,713.03,713.03,713.03,713.03,19.96484
1787460300000,713.03,713.03,713.03,713.03,27.950776
1787462100000,713.03,713.03,713.03,713.03,12.192813
1787473800000,713.03,713.03,713.03,713.03,99.966806
1787477400000,713.03,713.03,713.03,713.03,19.96484
1787478300000,713.03,713.03,713.03,713.03,27.950776
1787481900000,713.03,713.03,713.03,713.03,27.950776
1787483700000,713.03,713.03,712.43,712.43,29.863417
1787484600000,713.03,713.03,713.03,713.03,270.095764
1787485500000,713.03,713.03,713.03,713.03,27.950776
1787489100000,713.03,713.03,713.03,713.03,27.950776
1787490000000,713.03,713.03,713.03,713.03,19.96484
1787490900000,712.43,712.43,712.43,712.43,495.281336
1787492700000,713.03,713.03,713.03,713.03,27.950776
1787493600000,713.03,713.03,713.03,713.03,373.199902
1787495400000,713.03,713.03,713.03,713.03,94.904293
1787496300000,713.03,713.03,713.03,713.03,27.950776
1787497200000,713.03,713.73,713.03,713.73,809.941466
1787498100000,713.73,713.73,713.73,713.73,76.440483
1787499000000,713.73,713.73,713.73,713.73,10.991442
1787499900000,713.73,713.73,713.73,713.73,27.978216
1787500800000,713.73,713.73,713.73,713.73,119.978013
1787503500000,713.73,713.73,713.73,713.73,27.978216
1787507100000,713.73,713.73,713.73,713.73,27.978216
1787508000000,713.73,713.73,713.73,713.73,49.9611
1787510700000,713.73,713.73,713.73,713.73,27.978216
1787512500000,713.73,713.73,713.73,713.73,19.98444
1787513400000,712.44,712.44,712.44,712.44,19.877076
1787514300000,713.73,713.73,713.73,713.73,77.939316
1787515200000,713.73,713.73,713.73,713.73,20.555424
1787517900000,713.73,713.73,713.73,713.73,27.978216
1787521500000,713.73,713.73,713.73,713.73,27.978216
1787522400000,713.73,713.73,713.73,713.73,99.993573
1787525100000,713.73,713.73,713.73,713.73,27.978216
1787528700000,713.73,713.73,713.73,713.73,27.978216
1787529600000,715.01,715.25,714.22,714.68,5509124.55
1787530500000,714.42,714.42,712.1,712.56,11816321.82
1787531400000,712.57,713.04,712.18,712.64,2126330.83
1787532300000,712.64,714.25,712.61,714.22,3753997.27
1787533200000,714.23,714.66,713.65,714.59,8564069.38
1787534100000,714.54,714.75,713.89,713.89,3089276.91
1787535000000,713.86,713.86,713.31,713.48,4498037.38
1787535900000,713.43,713.73,711.76,711.76,11651837.76
1787536800000,711.76,712.56,711.29,712.56,23733463.41
1787537700000,712.5,712.92,712.41,712.77,5502665.8
1787538600000,712.77,712.97,712.64,712.9,2278207.14
1787539500000,712.95,713.06,712.26,712.81,5803923.25
1787540400000,712.81,712.83,711.34,711.35,5167702.75
1787541300000,711.35,711.52,711.02,711.14,10341329.44
1787542200000,711.13,711.3,710.87,710.9,3947792.77
1787543100000,710.79,711.32,710.41,710.56,6257254.99
1787544000000,710.63,711.14,710.52,711.07,2621170.07
1787544900000,711.19,711.25,710.55,711.01,8391841.8
1787545800000,711.05,711.17,710.74,711.17,1584754.91
1787546700000,711.2,711.27,710.38,710.4,3328021.61
1787547600000,710.4,711.12,710.37,711.04,4015913.49
1787548500000,710.8,710.8,709.98,710.01,5953424.54
1787549400000,709.99,710.4,709.02,709.8,12266072.21
1787550300000,709.69,709.87,708.7,708.86,9360852.52
1787551200000,708.79,709.17,707.48,707.66,15040211.2
1787552100000,707.7,708.28,707.02,707.97,11700682.58
1787553000000,707.97,708.26,707.44,707.67,5336940.82
1787553900000,707.61,708.24,707.39,707.93,2000959.98
1787554800000,707.83,708.89,707.6,708.86,5807536.71
1787555700000,708.78,708.98,708.29,708.39,3032602.25
1787556600000,708.29,709.08,707.91,707.91,3022370.7
1787557500000,707.94,708.22,707.2,707.51,6190629.23
1787558400000,713.188,713.188,706.906,708.41,180758445.7407697
1787559300000,708.96,708.982,708.132,708.95,14708713.81254192
1787560200000,708.73,709.374,708.383,709.32,19494756.50846686
1787561100000,709.372,709.719,709.161,709.22,6273058.02535626
1787562000000,709.79,709.887,708.876,709.79,7760143.69838009
1787562900000,709.03,709.623,708.995,709.03,6262333.62494197
1787563800000,709.031,709.753,709.031,709.604,7800224.20253124
1787564700000,709.605,709.929,709.464,709.515,4397508.40513446
1787565600000,709.77,709.851,709.173,709.43,19578295.75778979
1787566500000,709.188,709.58,708.95,708.992,35442219.12913216
1787567400000,708.989,709.689,708.853,708.939,9426831.798206635
1787568300000,708.74,708.989,708.311,708.44,21441843.82044183
1787569200000,708.32,708.57,707.56,707.9,46740028.00547428
1787570100000,708.01,708.832,707.99,708.67,31971202.16391879
1787571000000,708.55,710.655,708.374,710.21,80849450.95789282
1787571900000,710.15,710.18,709.576,709.91,27324347.5902287
1787572800000,709.76,709.899,709.014,709.09,41747768.49027387
1787573700000,709.07,709.518,708.937,709.23,30187323.56422667
1787574600000,709.21,709.72,708.185,709.14,145196173.0672917
1787575500000,708.828,709.487,708.822,708.947,22207605.33965952
1787576400000,709.16,709.212,708.752,709.21,24116206.14277698
1787577300000,709.25,709.62,708.768,709.52,72997604.85914676
1787578200000,709.65,709.71,703.455,703.455,1985556949.817054
1787579100000,703.43,704.82,702.73,704.45,1442287916.115799
1787580000000,704.44,704.73,702.896,703.757,1490447448.0213056
1787580900000,703.79,704.657,703.26,704.23,856689075.3472898
1787581800000,703.98,706.545,703.98,705.9,1205585210.2553399
1787582700000,706.015,706.5,705.805,705.87,639620393.0570433
1787583600000,705.928,706.029,704.93,705.062,1064205026.6342039
1787584500000,705.055,707.09,704.83,706.788,1070673078.9872235
1787585400000,706.86,708.27,706.59,708.15,915687598.3429322
1787586300000,708.16,708.81,707.57,707.78,891043054.1052787
1787587200000,708.015,708.48,707.72,708.29,520485635.24627745
1787588100000,708.264,709.3,708.264,708.848,791088248.186222
1787589000000,708.97,709.001,708.175,708.395,608701617.7627043
1787589900000,708.405,708.536,708.03,708.03,538112659.7703114
1787590800000,708.035,708.96,707.635,708.56,727410689.299938
1787591700000,708.541,708.563,707.085,707.263,784803561.5469396
1787592600000,707.263,707.276,706.808,706.808,762290339.7077975
1787593500000,706.803,707.35,706.76,706.91,688803877.7593287
1787594400000,706.885,708.435,706.885,708.43,608252365.782679
1787595300000,708.435,709.265,708.1,709.175,787935634.8605992
1787596200000,709.225,709.53,708.27,708.52,682956531.1439602
1787597100000,708.495,708.57,707.62,707.661,875964057.5211791
1787598000000,707.61,707.82,707.35,707.61,462898349.9106384
1787598900000,707.58,707.88,707.35,707.75,611887558.7408571
1787599800000,707.72,708.07,706.9,707.09,1222442176.6735914
1787600700000,707.025,707.24,706.22,706.393,4133742750.451051
1787601600000,706.378,706.848,706.273,706.535,1431947405.286493
1787602500000,706.535,706.63,705.889,705.954,142903649.0188864
1787603400000,705.98,706.353,705.951,706.31,153426044.30670708
1787604300000,706.34,707.063,706.089,706.95,91934023.6179265
1787605200000,707.024,707.024,706.646,706.962,150824188.49526027
1787606100000,706.968,707.057,706.851,706.955,12406821.36269142
1787607000000,706.955,707.045,706.855,707.045,121783071.08141038
1787607900000,707.08,707.098,707.04,707.09,7050304.49507883
1787608800000,707.19,707.424,706.845,707.03,18260206.46236531
1787609700000,706.873,706.997,706.827,706.935,8229509.76315435
1787610600000,706.931,706.985,706.719,706.753,4623406.963891119
1787611500000,706.751,706.813,706.617,706.798,1845227.5035009
1787612400000,706.799,706.872,706.741,706.862,1920871.81090387
1787613300000,706.864,706.969,706.488,706.491,3008731.72080058
1787614200000,706.46,706.618,705.801,705.98,38132283.95155762
1787615100000,706.01,706.272,705.892,706.11,12635911.52634016
1787616000000,706.51,706.51,704.94,705.02,4033181.95
1787616900000,705.01,706.01,704.39,705.95,17356227.98
1787617800000,705.88,707.09,705.79,706.99,1410542.17
1787618700000,706.97,707.32,706.75,707.15,5194099.7
1787619600000,707.01,707.37,706.71,707.17,3744021.48
1787620500000,707.11,707.24,706.35,706.79,2446493.01
1787621400000,706.78,707.72,706.71,707.24,4189725.97
1787622300000,707.3,707.69,707.09,707.09,8972883.98
1787623200000,707.08,707.47,706.53,706.77,3136226.58
1787624100000,706.81,707.56,706.59,707.52,3325642.5
1787625000000,707.51,708.03,707.29,707.51,1667403.66
1787625900000,707.32,707.32,706.29,706.45,2879682.13
1787626800000,706.44,708.01,706.44,707.73,2319886.81
1787627700000,707.75,708.23,707.7,708.19,4456931.7
1787628600000,708.16,708.58,707.99,708.12,5063495.85
1787629500000,708.06,708.06,707.69,707.96,1516978.03
1787630400000,707.93,708.8,707.91,708.74,1415704.19
1787631300000,708.69,708.99,708.6,708.89,3830202.05
1787632200000,708.85,709.22,708.67,709.17,2598260.49
1787633100000,709.12,709.2,708.51,708.67,2339134.99
1787634000000,708.91,709.35,708.64,708.95,1999298.52
1787634900000,709.04,709.48,709.02,709.35,2216490.83
1787635800000,709.39,709.65,708.92,708.99,6019707.64
1787636700000,708.93,709.86,708.93,709.62,5037614.15
1787637600000,709.85,710.26,709.72,709.99,3942097.94
1787638500000,709.89,710.98,709.89,710.47,6118397.21
1787639400000,710.41,710.41,709.93,710.26,1734435.78
1787640300000,710.36,710.36,709.75,710.35,4397110.49
1787641200000,710.44,711.02,710.07,710.19,3281292.02
1787642100000,710.13,710.32,709.52,710.08,1785525.79
1787643000000,710.1,710.31,709.61,710.21,3814197.21
1787643900000,710.23,710.23,709.51,709.69,2665550.31
1787644800000,709.93,710.087,706.825,710.08,96032243.21865417
1787645700000,709.69,711.621,709.276,711.55,41148639.39561769
1787646600000,710.711,711.024,710.278,710.785,32944274.09534705
1787647500000,710.788,711.363,710.788,711.316,11019172.04476568
1787648400000,711.89,712.07,711.006,711.99,25903452.68579238
1787649300000,712.03,712.062,711.463,712.03,10894104.43585017
1787650200000,712.58,712.992,711.658,712.94,30878948.88726529
1787651100000,712.757,714.07,712.69,713.508,90634627.51547448
1787652000000,713.4,713.925,712.991,713.32,22911116.90912158
1787652900000,713.27,713.462,712.919,712.98,15844384.54995565
1787653800000,712.97,713.153,712.466,712.73,13048082.92169603
1787654700000,712.74,712.911,712.423,712.74,11991370.99048086
1787655600000,712.63,712.7,711.34,712.15,69940940.4225014
1787656500000,711.81,712.56,711.81,712.1,27339777.40102917
1787657400000,712.52,712.75,712.216,712.75,17553004.90140651
1787658300000,712.61,713.395,712.61,712.95,40067051.42027512
1787659200000,713.004,713.221,712.649,713.207,48332762.973513566
1787660100000,713.24,713.92,712.85,713.03,61427736.36001302
1787661000000,712.9,713.07,711.669,711.93,46924011.81709692
1787661900000,712.0,712.323,711.787,712.32,25815179.93212052
1787662800000,711.94,712.273,711.62,712.19,65656625.65228955
1787663700000,711.964,712.25,711.382,711.382,101980932.94016439
1787664600000,711.26,713.14,710.77,712.46,1349160956.9386857
1787665500000,712.65,714.0,711.13,711.45,1259365837.8842723
1787666400000,711.415,711.56,709.97,709.97,899679668.5032945
1787667300000,710.03,710.5,709.22,709.309,1296654421.0168955
1787668200000,709.301,710.56,707.5,709.281,1389951814.4733157
1787669100000,709.29,710.37,709.11,709.82,626662261.2795051
1787670000000,709.62,709.746,708.88,709.46,493910346.26511186
1787670900000,709.56,710.83,709.41,710.83,431102417.9280889
1787671800000,710.811,711.54,710.26,710.546,1083244125.4841073
1787672700000,710.53,710.62,709.47,710.4,512515691.2271054
1787673600000,710.46,711.05,710.453,710.79,444737659.00368917
1787674500000,710.82,711.24,710.767,711.07,313615061.9841106
1787675400000,711.17,711.3,710.35,710.49,298853855.292226
1787676300000,710.501,710.885,710.2,710.709,423002466.1365168
1787677200000,710.709,710.75,709.49,709.949,486485593.31883633
1787678100000,709.92,710.26,709.295,709.44,356028748.1309221
1787679000000,709.44,709.705,709.341,709.47,301613963.16593516
1787679900000,709.36,709.63,709.329,709.59,200636695.7592937
1787680800000,709.551,709.551,708.97,709.046,373054392.65922046
1787681700000,709.043,709.523,708.985,709.37,347070033.19881576
1787682600000,709.36,710.3,709.36,710.295,381866145.81516683
1787683500000,710.295,710.656,710.18,710.24,417682530.71685785
1787684400000,710.38,710.461,709.665,709.75,372236532.76009935
1787685300000,709.718,709.78,709.23,709.519,443720177.1944404
1787686200000,709.52,710.28,709.2,709.828,489575843.7995913
1787687100000,709.83,711.065,709.61,710.67,1489408107.2157319
1787688000000,710.8,711.135,710.43,711.02,743114557.4785805
1787688900000,711.06,711.64,710.95,711.32,113092992.87672663
1787689800000,711.45,711.505,710.84,710.84,64560223.14774217
1787690700000,710.882,711.017,710.6,710.954,121841739.81526661
1787691600000,710.91,711.009,710.791,710.93,30685977.24161011
1787692500000,711.03,711.053,710.992,711.0,10432951.31087037
1787693400000,710.995,711.105,710.891,711.09,123299693.90191834
1787694300000,711.09,711.33,711.07,711.33,5332124.14747907
1787695200000,711.33,711.495,711.13,711.156,19092130.810866565
1787696100000,711.15,711.19,710.896,711.15,6696485.58474331
1787697000000,711.01,711.15,710.893,711.01,5112436.63783576
1787697900000,711.029,711.04,710.89,711.004,4670124.75139116
1787698800000,711.005,711.028,710.752,710.777,9073443.85721537
1787699700000,710.38,710.809,710.059,710.12,24111778.2638717
1787700600000,709.93,710.058,709.721,709.93,16310151.75571979
1787701500000,709.51,709.742,709.11,709.22,44834020.69016998
1787702400000,709.29,709.64,708.6,709.25,12056.706
1787703300000,709.24,709.79,708.23,708.56,8830325.03
1787704200000,708.63,708.64,707.56,707.78,8636808.97
1787705100000,707.69,708.04,706.81,706.89,14129250.17
1787706000000,706.86,707.69,706.77,707.14,15823299.81
1787706900000,707.19,707.35,706.59,706.82,12704232.35
1787707800000,706.87,707.28,706.49,706.92,14032895.5
1787708700000,707.02,707.44,706.72,707.33,4068613.93
1787709600000,707.39,707.64,707.04,707.55,10750854.89
1787710500000,707.61,708.36,707.61,708.31,5443181.81
1787711400000,708.32,709.41,708.31,709.4,12563132.04
1787712300000,709.37,709.7,709.3,709.47,9209077.47
1787713200000,709.57,709.78,709.34,709.75,3854963.06
1787714100000,709.73,709.73,709.35,709.35,4945742.48
1787715000000,709.35,710.02,709.19,709.84,8008812.2
1787715900000,709.9,710.78,709.9,710.6,3878678.71
1787716800000,710.56,710.9,710.49,710.73,4646395.77
1787717700000,710.78,710.97,710.53,710.75,1670179.45
1787718600000,710.73,710.78,710.21,710.24,5346126.78
1787719500000,710.05,710.09,709.46,709.7,1359766.96
1787720400000,709.73,710.41,709.73,709.9,3219976.03
1787721300000,709.91,710.15,709.75,710.01,1784313.51
1787722200000,710.16,710.41,710.05,710.08,2555831.19
1787723100000,710.17,710.18,709.68,710.03,5053681.61
1787724000000,709.98,710.05,709.32,709.52,8113562.32
1787724900000,709.41,709.64,709.08,709.49,2355854.19
1787725800000,709.4,710.36,709.31,710.36,8132933.88
1787726700000,710.38,710.81,709.78,710.34,7657324.6
1787727600000,710.25,710.37,709.04,709.87,6067896.38
1787728500000,709.93,709.94,708.93,709.01,1946663.8
1787729400000,709.0,709.26,708.76,709.02,2603930.94
1787730300000,709.03,709.46,708.81,709.25,5426932.24
1787731200000,709.35,710.026,709.054,709.45,113197148.47696538
1787732100000,709.116,709.787,708.752,709.787,22094762.53066908
1787733000000,709.791,710.154,709.354,710.053,6440855.97981835
1787733900000,710.054,710.054,709.312,709.676,2984516.72239802
1787734800000,709.56,709.791,709.339,709.56,3083643.27737151
1787735700000,709.29,709.495,708.84,709.29,5399039.77347561
1787736600000,708.94,709.451,708.94,709.348,5679551.96830928
1787737500000,709.349,709.881,709.349,709.881,3452166.85374407
1787738400000,709.5,709.882,708.971,709.34,6156155.46884205
1787739300000,708.978,709.418,708.973,709.064,5628940.6330432
1787740200000,709.64,709.984,708.803,709.64,12734115.46877327
1787741100000,709.77,709.95,709.607,709.65,11397190.74239761
1787742000000,710.21,710.56,709.89,710.13,30396858.69978303
1787742900000,710.55,710.837,709.937,710.71,18075163.74956869
1787743800000,709.51,710.491,708.989,709.13,20652774.50642993
1787744700000,709.234,709.65,708.74,709.505,35233632.70884546
1787745600000,709.25,709.551,709.088,709.19,35487735.07454219
1787746500000,709.01,710.243,708.815,710.08,24322098.70312147
1787747400000,710.16,710.353,707.877,708.19,105650636.94393755
1787748300000,708.37,708.5,707.534,707.92,91684377.68468218
1787749200000,707.906,708.305,707.458,708.305,75985534.75325105
1787750100000,708.02,708.316,707.9,708.12,55203064.41732582
1787751000000,708.54,711.65,708.248,711.15,1117472259.0893037
1787751900000,711.08,712.19,710.38,712.19,568032312.0726659
1787752800000,712.138,712.14,709.96,710.132,667517744.4240853
1787753700000,710.13,710.535,707.99,708.571,910623439.773218
1787754600000,708.5,709.93,708.5,709.54,453027112.82121634
1787755500000,709.54,710.67,709.2,710.3,397022745.6914306
1787756400000,710.33,711.02,710.17,710.42,405742406.23014784
1787757300000,710.425,710.63,709.61,710.435,359872517.64678985
1787758200000,710.37,711.155,709.57,711.01,397057901.9335732
1787759100000,710.99,711.18,709.41,709.46,386914754.9372166
1787760000000,709.42,709.61,708.79,709.03,394562102.1510576
1787760900000,709.06,709.38,708.88,709.19,214080313.36693102
1787761800000,709.18,709.51,708.32,708.385,357377030.60886425
1787762700000,708.388,709.55,708.36,709.349,348999001.56653714
1787763600000,709.26,710.0,709.26,709.86,331782531.1686082
1787764500000,709.91,710.655,709.897,710.54,293678591.2053939
1787765400000,710.61,711.17,710.528,710.98,330297185.66163355
1787766300000,710.93,711.2,710.63,711.03,294409638.2681329
1787767200000,711.014,711.28,710.615,710.665,408597983.53204966
1787768100000,710.625,711.165,710.579,710.91,287865391.02122647
1787769000000,710.9,711.43,710.846,711.25,356096777.7715948
1787769900000,711.37,712.051,711.251,711.88,297089772.76127356
1787770800000,711.86,713.01,711.83,712.34,547831107.3892261
1787771700000,712.313,712.75,712.17,712.324,669101435.6852587
1787772600000,712.31,712.44,711.616,711.62,445210927.9749001
1787773500000,711.57,712.3,710.915,711.35,1093659393.6325688
1787774400000,711.52,713.096,711.224,712.97,695597539.2822968
1787775300000,713.06,713.39,711.34,712.71,209522857.18608814
1787776200000,712.416,712.722,711.872,712.35,143306855.698021
1787777100000,712.75,714.464,712.336,714.4,120806801.07198465
1787778000000,714.59,716.73,713.961,716.68,302288474.63966066
1787778900000,715.69,716.921,715.21,716.6,279965231.2960064
1787779800000,716.74,717.389,716.44,717.16,125728501.58556566
1787780700000,717.296,717.957,716.97,716.99,225826632.20067403
1787781600000,716.49,718.104,716.08,717.8,168784146.93693423
1787782500000,717.58,718.557,717.556,718.17,73288732.6673652
1787783400000,718.49,718.99,718.192,718.7,122611356.83596788
1787784300000,718.93,719.224,718.634,718.69,66330973.56326604
1787785200000,718.735,718.899,718.406,718.426,21111771.464502778
1787786100000,718.42,718.892,718.251,718.58,25265587.02453705
1787787000000,718.66,718.857,718.494,718.66,7593774.07133615
1787787900000,718.85,719.828,718.771,719.81,29900363.41701393
1787788800000,719.83,719.83,718.21,718.34,12210435.59
1787789700000,718.38,718.38,717.73,718.22,5061327.53
1787790600000,718.23,718.23,715.77,715.81,15784870.19
1787791500000,715.74,715.84,714.82,715.03,16039552.9
1787792400000,714.93,716.06,714.69,715.13,33649820.37
1787793300000,715.13,716.51,715.13,716.38,10960644.71
1787794200000,716.31,717.15,716.15,716.15,11026499.98
1787795100000,716.18,717.55,716.18,716.98,9616388.07
1787796000000,717.13,717.35,716.76,717.21,2014370.53
1787796900000,717.23,717.34,716.99,717.21,1962062.02
1787797800000,717.28,717.59,717.06,717.32,3498945.87
1787798700000,717.39,717.71,717.28,717.51,2555764.64
1787799600000,717.47,717.81,717.11,717.27,4089136.51
1787800500000,717.29,718.07,717.29,717.85,2192637.05
1787801400000,717.87,718.01,717.36,717.36,1875119.53
1787802300000,717.46,717.49,716.95,717.15,7314600.24
1787803200000,717.17,717.39,717.01,717.15,3366157.42
1787804100000,717.12,717.56,717.09,717.09,1450486.38
1787805000000,717.01,717.03,716.38,716.42,3531642.62
1787805900000,716.41,716.77,716.19,716.23,8868225.23
1787806800000,716.26,716.26,715.69,715.9,6757727.02
1787807700000,715.84,715.84,715.09,715.41,12135279.66
1787808600000,715.56,715.57,714.85,714.85,15607932.03
1787809500000,714.9,715.45,714.63,714.76,9044441.03
1787810400000,714.78,714.85,713.99,714.69,21764612.43
1787811300000,714.77,715.17,714.68,715.17,8802758.29
1787812200000,715.09,716.1,715.09,716.1,6541557.99
1787813100000,716.03,716.35,715.8,716.35,5897099.57
1787814000000,716.19,717.23,715.75,717.23,13603047.27
1787814900000,717.25,717.4,716.94,717.4,8328895.34
1787815800000,717.41,717.48,716.36,716.46,17210913.37
1787816700000,716.4,717.46,716.4,717.43,7495635.48
1787817600000,717.47,719.35,715.378,718.76,244432646.03801358
1787818500000,719.0,720.121,718.59,720.02,46098520.01911262
1787819400000,719.74,720.124,719.14,719.44,28593123.15831734
1787820300000,719.456,720.147,719.301,719.35,17945202.36490656
1787821200000,718.81,719.462,718.384,718.81,22892217.93753755
1787822100000,718.376,719.017,717.96,718.677,39111565.737583436
1787823000000,719.16,719.271,718.678,719.16,11222707.72343544
1787823900000,719.13,719.476,718.747,719.27,13146898.6075089
1787824800000,718.81,718.844,718.389,718.82,10240464.06918945
1787825700000,718.55,718.779,718.242,718.32,20209806.14631128
1787826600000,718.42,718.774,718.04,718.55,11354250.10725094
1787827500000,718.07,718.748,718.007,718.66,31850729.24743666
1787828400000,718.67,719.414,718.242,719.35,45999561.68484287
1787829300000,719.24,719.24,718.087,718.49,20717642.3134562
1787830200000,718.079,718.24,717.487,717.904,100525299.42392349
1787831100000,717.24,717.919,716.748,717.54,40271871.01804385
1787832000000,717.91,718.43,717.577,718.35,56102127.25813319
1787832900000,718.17,718.466,717.993,718.22,37597145.93630936
1787833800000,718.24,718.24,717.205,717.5,34290962.68982685
1787834700000,717.205,717.224,716.771,716.865,87832676.37421896
1787835600000,716.87,717.77,716.815,717.69,64788898.65061057
1787836500000,717.65,718.0,717.012,717.02,126730902.011512
1787837400000,717.0,718.375,715.13,718.13,1697891344.7384977
1787838300000,718.19,718.72,714.58,715.97,1448518618.3445742
1787839200000,715.943,718.45,715.943,717.825,999082571.8380805
1787840100000,717.85,719.26,717.815,718.92,640485149.0184437
1787841000000,718.91,718.943,717.29,717.7,650046630.6942358
1787841900000,717.775,718.86,717.233,718.66,478319349.6453529
1787842800000,718.82,719.44,718.53,719.373,667126273.3082875
1787843700000,719.39,719.56,718.193,718.217,615467486.9398468
1787844600000,718.23,718.646,717.09,717.2,788745546.5565906
1787845500000,717.16,718.974,716.69,718.75,470127512.5643628
1787846400000,718.75,719.31,718.34,718.53,435978771.46532214
1787847300000,718.53,718.954,718.115,718.859,370074824.54911935
1787848200000,718.858,719.97,718.819,719.88,533549567.3002132
1787849100000,719.86,720.17,719.72,720.02,411156703.4093444
1787850000000,720.02,720.58,719.94,720.465,344479671.62076014
1787850900000,720.46,720.62,719.729,719.76,640926689.0824695
1787851800000,719.75,720.14,719.49,719.5,367151096.7045565
1787852700000,719.508,719.56,719.01,719.11,506429331.4099568
1787853600000,719.11,719.32,717.89,718.246,1083868835.125464
1787854500000,718.26,718.49,717.118,717.31,467748700.48698884
1787855400000,717.3,718.312,717.283,718.17,666478951.3750424
1787856300000,718.141,718.341,717.52,718.144,305670059.636243
1787857200000,718.105,718.927,718.03,718.707,517641806.5839316
1787858100000,718.63,719.09,718.63,718.88,553848104.6622411
1787859000000,718.75,719.58,718.745,719.5,691384926.0621916
1787859900000,719.58,721.34,719.5,721.13,1947418429.4317489
1787860800000,721.151,721.37,720.011,720.011,1390521333.6815088
1787861700000,720.007,720.12,719.7,719.807,285999030.0460952
1787862600000,719.81,719.869,719.678,719.78,31639059.79561345
1787863500000,719.84,719.85,719.37,719.59,85307815.73115669
1787864400000,719.68,719.89,719.661,719.847,53584863.66129199
1787865300000,719.89,719.948,719.76,719.89,178712025.70791307
1787866200000,719.854,719.854,719.575,719.63,6030698.886728617
1787867100000,719.626,719.645,719.505,719.59,10318714.37393553
1787868000000,719.17,719.838,718.95,719.4,26430295.56991475
1787868900000,719.334,719.727,719.334,719.727,14869060.16425214
1787869800000,719.74,719.77,719.62,719.74,7378733.87476068
1787870700000,719.707,719.739,719.586,719.653,8405333.712435862
1787871600000,719.62,719.695,719.014,719.46,6676084.89681174
1787872500000,719.0,719.229,718.977,719.0,16890415.60163158
1787873400000,719.007,719.094,718.929,718.934,5456904.95064776
1787874300000,718.75,718.935,718.64,718.67,12655286.6450354
1787875200000,719.51,720.36,718.764,720.36,2530226.53
1787876100000,720.22,720.38,719.69,720.31,3698833.85
1787877000000,720.21,720.43,719.87,720.3,1829136.39
1787877900000,720.24,720.66,720.1,720.16,1645416.45
1787878800000,720.14,720.71,720.13,720.55,4630534.76
1787879700000,720.5,720.78,720.19,720.26,5279211.26
1787880600000,720.18,720.75,720.05,720.38,6420183.03
1787881500000,720.27,720.95,720.16,720.94,2076870.14
1787882400000,720.99,721.41,720.98,721.25,2880425.91
1787883300000,721.32,721.49,721.12,721.22,1219800.08
1787884200000,721.12,721.12,720.11,720.14,1718477.43
1787885100000,720.2,720.7,720.16,720.54,2816262.71
1787886000000,720.51,721.49,720.51,721.35,1768987.25
1787886900000,721.33,721.6,721.25,721.45,1545203.65
1787887800000,721.49,721.49,720.21,720.21,2025138.45
1787888700000,720.31,720.86,720.04,720.73,1138612.73
1787889600000,720.62,720.67,720.18,720.54,799598.72
1787890500000,720.65,720.68,720.45,720.45,412144.54
1787891400000,720.43,720.43,720.02,720.05,1521502.55
1787892300000,720.11,720.23,719.96,720.04,2893749.81
1787893200000,720.01,720.06,719.55,719.62,1512939.01
1787894100000,719.66,719.67,719.34,719.54,915968.98
1787895000000,719.56,719.6,719.13,719.3,1451463.09
1787895900000,719.26,719.34,719.0,719.0,2060873.97
1787896800000,719.1,719.4,718.98,719.16,1004115.08
1787897700000,719.11,719.55,718.91,718.91,873942.25
1787898600000,719.12,719.55,719.0,719.55,1683377.37
1787899500000,719.49,720.09,719.43,720.09,1714992.23
1787900400000,720.17,720.28,719.2,719.33,12132470.42
1787901300000,719.31,719.6,719.1,719.37,1471075.65
1787902200000,719.45,719.48,718.91,719.01,1049063.9
1787903100000,718.99,719.63,718.99,719.22,485630.5
1787904000000,719.46,719.519,718.533,718.82,60364879.76692782
1787904900000,718.676,719.162,718.633,719.079,10336056.6344476
1787905800000,719.67,719.844,718.999,719.57,13440434.32211859
1787906700000,719.639,719.639,719.177,719.55,6123330.2662666
1787907600000,719.544,719.544,719.16,719.289,4540978.0192349
1787908500000,719.275,719.494,719.001,719.434,3680888.82518122
1787909400000,719.432,719.471,719.136,719.136,3192525.51564918
1787910300000,719.147,719.531,719.086,719.229,2864687.54765696
1787911200000,719.06,719.279,718.911,719.23,3956167.93206865
1787912100000,719.165,719.439,719.046,719.349,1200269.27267801
1787913000000,719.345,719.568,719.144,719.144,12861151.455453169
1787913900000,719.09,719.599,719.066,719.09,5167835.26465077
1787914800000,719.48,719.866,719.059,719.21,66938064.7560136
1787915700000,719.45,719.93,719.389,719.78,15289107.03528521
1787916600000,720.0,720.0,719.287,719.52,8578953.57018592
1787917500000,719.286,719.394,719.047,719.156,24444989.521250635
1787918400000,719.06,719.798,719.06,719.66,22638838.79174893
1787919300000,719.8,720.516,719.791,720.47,42755595.20965133
1787920200000,720.17,720.517,719.483,720.45,24296011.69439651
1787921100000,720.47,720.56,720.267,720.47,16908183.98155254
1787922000000,720.498,720.99,720.319,720.489,37909429.51158578
1787922900000,720.38,720.529,719.61,720.09,111099982.82722113
1787923800000,719.79,721.41,718.27,721.095,1133685716.132983
1787924700000,721.17,721.53,719.745,719.89,1375774121.604091
1787925600000,719.4,721.63,716.77,717.58,1385274240.626741
1787926500000,717.555,720.87,717.417,720.21,2323596904.3306127
1787927400000,720.32,722.5,719.915,722.38,1148451504.5906374
1787928300000,722.34,723.82,722.07,723.73,978837363.924867
1787929200000,723.725,724.12,722.3,722.62,812944892.62472
1787930100000,722.62,723.64,722.44,723.396,730082995.6029816
1787931000000,723.405,723.47,720.61,720.733,1153376027.7381706
1787931900000,720.7,720.96,717.71,717.85,1135507932.6748154
1787932800000,717.79,718.78,716.88,717.96,973771041.2920246
1787933700000,717.96,718.161,715.73,716.36,885693836.0801187
1787934600000,716.3,717.26,715.99,716.139,572426736.3972728
1787935500000,716.145,717.69,716.145,716.73,580212271.9042848
1787936400000,716.55,716.712,715.18,716.2,707294833.3069036
1787937300000,716.24,716.44,715.46,715.93,343239670.80705553
1787938200000,715.906,716.69,715.735,716.148,494028209.700348
1787939100000,716.155,717.28,716.119,716.966,562443549.5882427
1787940000000,716.963,717.02,716.39,716.39,270789128.19359696
1787940900000,716.37,716.7,715.91,716.185,276191026.0433969
1787941800000,716.24,716.72,716.04,716.37,338296432.8980866
1787942700000,716.36,716.378,715.15,715.5,534002425.9341046
1787943600000,715.515,716.365,715.24,716.067,1018646199.5217292
1787944500000,716.069,716.62,715.73,716.532,756831427.1690065
1787945400000,716.445,716.855,716.18,716.67,719752533.006617
1787946300000,716.645,717.08,715.97,716.43,2470538509.552817
1787947200000,716.317,716.689,716.059,716.303,2063767020.7767606
1787948100000,716.302,716.43,716.23,716.352,44662947.037632525
1787949000000,716.356,716.768,716.24,716.767,120289883.05310403
1787949900000,716.82,717.008,716.766,716.9,112335931.5633509
1787950800000,716.9,716.945,716.681,716.75,80279581.7621836
1787951700000,716.68,716.68,716.443,716.445,7284907.32290174
1787952600000,716.45,716.45,716.18,716.19,17090267.13834522
1787953500000,716.19,716.42,716.173,716.33,3521045.548688542
1787954400000,716.33,716.469,716.285,716.285,2173111.02974343
1787955300000,716.17,716.285,716.11,716.12,9714913.96932096
1787956200000,716.176,716.34,716.148,716.34,3403375.45958504
1787957100000,716.27,716.34,716.2,716.27,3887425.58445708
1787958000000,716.3,716.3,716.145,716.146,3315546.9035491818
1787958900000,716.146,716.225,716.101,716.215,6551712.13981283
1787959800000,716.23,716.325,716.215,716.23,3779330.11132355
1787960700000,716.19,716.425,716.18,716.18,13452446.47253974
1787961600000,716.237,716.237,716.231,716.231,0.0
1787963400000,716.48,716.48,716.48,716.48,19.989792
1787964300000,716.48,716.48,716.48,716.48,27.94272
1787965200000,716.51,716.51,716.51,716.51,19.990629
1787967900000,716.51,716.51,716.51,716.51,27.94389
1787968800000,716.54,716.54,716.54,716.54,22.785972
1787969700000,716.79,716.79,716.24,716.24,265.580888
1787971500000,716.24,716.24,716.24,716.24,27.93336
1787972400000,716.24,716.24,716.24,716.24,41.255424
1787973300000,716.24,716.24,716.24,716.24,73.987592
1787975100000,716.81,716.81,714.27,715.05,4921.901886
1787976000000,715.1,716.89,715.1,716.89,2341.584875
1787977800000,716.65,716.65,716.65,716.65,19.994535
1787978700000,716.65,716.65,716.65,716.65,27.94935
1787980500000,716.75,716.81,716.36,716.81,596.589932
1787981400000,716.89,716.89,716.7,716.7,401.835277
1787982300000,716.93,716.93,716.93,716.93,27.96027
1787983200000,716.98,716.98,716.98,716.98,263.346754
1787985900000,717.04,717.04,717.04,717.04,27.96456
1787989500000,717.09,717.09,717.09,717.09,27.96651
1787992200000,717.02,717.02,717.02,717.02,19.933156
1787993100000,717.11,717.11,717.11,717.11,27.96729
1787995800000,717.18,717.18,717.18,717.18,49.987446
1787996700000,717.13,717.13,717.13,717.13,27.96807
1787997600000,716.62,716.62,716.61,716.61,98.390743
1787998500000,716.61,716.61,716.61,716.61,20.710029
1788000300000,716.87,716.87,716.61,716.87,272.937816
1788002100000,716.87,716.87,716.61,716.61,148.650004
1788003000000,717.03,717.03,716.53,717.03,52.687005
1788003900000,717.12,717.12,717.12,717.12,27.96768
1788004800000,717.08,717.08,717.08,717.08,19.934824
1788007500000,716.56,717.08,716.56,717.08,87.368944
1788008400000,717.0,717.0,717.0,717.0,19.9326
1788009300000,716.56,716.56,716.56,716.56,116.512656
1788011100000,717.0,717.0,717.0,717.0,27.963
1788012000000,717.21,717.32,717.21,717.32,373.167421
1788013800000,717.32,717.76,717.32,717.47,208.299308
1788014700000,717.59,717.59,717.59,717.59,27.98601
1788015600000,717.59,717.66,717.59,717.66,167.922689
1788017400000,717.59,717.59,717.59,717.59,99.960287
1788018300000,717.73,717.73,717.73,717.73,27.99147
1788019200000,717.76,717.76,717.76,717.76,119.937696
1788021000000,717.67,717.67,717.67,717.67,19.951226
1788021900000,717.25,717.67,717.25,717.67,42.76448
1788022800000,717.34,717.34,717.34,717.34,14.777204
1788025500000,717.78,717.78,717.78,717.78,27.99342
1788026400000,717.67,717.67,717.17,717.17,737.178526
1788027300000,717.14,717.14,715.67,715.67,205832.238846
1788028200000,715.67,716.04,715.67,716.04,10593.092815
1788029100000,716.04,716.09,716.04,716.09,14242.385149
1788030000000,716.29,716.29,715.76,716.29,2082.182448
1788032700000,716.29,716.29,716.29,716.29,47.919801
1788033600000,716.29,716.29,716.29,716.29,20.557523
1788036300000,716.29,716.29,716.29,716.29,27.93531
1788039900000,716.29,716.29,716.29,716.29,27.93531
1788040800000,716.29,716.29,716.29,716.29,99.994084
1788043500000,716.29,716.29,716.29,716.29,27.93531
1788047100000,716.29,716.29,716.29,716.29,27.93531
1788049800000,716.29,716.29,716.29,716.29,19.984491
1788050700000,716.29,716.29,716.29,716.29,27.93531
1788051600000,716.29,716.29,716.29,716.29,19.984491
1788053400000,716.29,716.29,716.29,716.29,33.737259
1788054300000,716.29,716.29,716.29,716.29,27.93531
1788055200000,716.29,716.29,716.29,716.29,42.762513
1788057900000,716.29,716.29,716.29,716.29,140.894243
1788061500000,716.29,716.29,716.29,716.29,27.93531
1788062400000,716.29,716.29,716.29,716.29,99.994084
1788064200000,716.29,716.29,716.29,716.29,19.984491
1788065100000,716.29,716.29,716.29,716.29,27.93531
1788066000000,716.29,716.29,716.29,716.29,262.591914
1788068700000,716.29,716.29,716.29,716.29,415.877974
1788070500000,716.29,716.29,716.29,716.29,291.386772
1788071400000,716.29,716.29,716.29,716.29,35.8145
1788072300000,716.29,716.29,716.29,716.29,47.99143
1788073200000,716.29,716.29,716.29,716.29,1446.9058
1788074100000,716.29,716.29,716.29,716.29,3638.7532
1788075900000,716.29,716.35,716.29,716.35,27.937326
1788076800000,716.35,716.35,716.35,716.35,750.663165
1788079500000,716.35,716.35,716.35,716.35,27.93765
1788082200000,716.35,716.35,716.35,716.35,606.103735
1788083100000,716.35,716.35,716.35,716.35,1761.50465
1788084900000,716.35,716.35,716.0,716.0,103.058265
1788086700000,716.0,719.4,716.0,719.4,103542.209545
1788087600000,719.17,719.17,718.51,718.51,574.313311
1788090300000,718.18,718.66,718.18,718.66,55.74944
1788091200000,718.68,718.68,718.68,718.68,19.979304
1788093000000,718.68,718.68,718.68,718.68,150.850932
1788093900000,718.71,718.71,718.71,718.71,27.957819
1788097500000,718.91,718.91,718.91,718.91,27.965599
1788098400000,718.92,718.96,718.92,718.96,373.192484
1788100200000,718.96,719.0,718.96,719.0,121.867345
1788101100000,719.06,719.06,719.06,719.06,27.971434
1788102000000,719.16,719.18,719.16,719.18,187.918398
1788102900000,718.8,718.8,718.5,718.5,316.5102
1788103800000,718.98,718.98,718.76,718.76,110.432116
1788104700000,719.27,719.27,719.27,719.27,27.979603
1788105600000,719.25,719.25,719.25,719.25,119.9709
1788107400000,719.21,719.21,719.21,719.21,19.994038
1788108300000,719.21,719.21,719.21,719.21,27.977269
1788111900000,719.39,719.39,719.39,719.39,27.984271
1788112800000,719.29,719.29,719.29,719.29,19.996262
1788114600000,719.29,719.54,719.29,719.54,138.901824
1788115500000,719.54,719.54,719.54,719.54,27.990106
1788117300000,719.81,719.81,719.81,719.81,24.977407
1788119100000,719.49,719.59,719.49,719.59,87.858049
1788120000000,719.78,719.78,719.78,719.78,20.585708
1788120900000,720.02,720.02,720.02,720.02,299.816328
1788121800000,719.33,719.33,718.75,718.75,1121.310968
1788122700000,718.91,718.91,718.33,718.33,372.779454
1788123600000,718.16,718.16,717.72,717.72,607.790884
1788125400000,718.16,718.16,717.4,717.4,4305.56555
1788126300000,717.2,717.2,717.2,717.2,27.9708
1788127200000,717.41,717.41,716.49,716.49,11281.31924
1788129000000,716.94,716.94,716.94,716.94,19.930932
1788129900000,716.46,716.94,716.46,716.94,217.82256
1788133500000,716.85,716.85,716.46,716.46,162.365046
1788134400000,711.7,712.93,711.24,712.75,22569693.30000001
1788135300000,712.87,713.66,712.71,713.59,17392827.58
1788136200000,713.52,714.21,713.5,713.86,5921457.62
1788137100000,713.95,714.01,713.05,713.1,2575261.31
1788138000000,712.99,712.99,711.68,712.47,14060090.32
1788138900000,712.36,712.73,711.96,712.51,8025431.25
1788139800000,712.58,712.67,711.99,712.16,5442340.98
1788140700000,711.99,712.48,711.9,712.4,2076457.34
1788141600000,712.18,713.29,712.16,713.19,8764661.59
1788142500000,713.16,713.16,711.96,712.53,6577688.46
1788143400000,712.44,712.54,711.51,711.66,5913237.87
1788144300000,711.81,712.86,711.61,712.86,7381503.13
1788145200000,712.91,713.4,712.73,713.24,7447209.96
1788146100000,713.15,713.19,712.86,712.88,2176237.26
1788147000000,712.84,713.0,712.72,712.93,1967523.6
1788147900000,712.92,713.11,712.75,713.1,1987731.04
1788148800000,713.07,713.09,712.84,713.06,2793336.02
1788149700000,713.09,713.17,712.89,712.94,3285765.63
1788150600000,713.0,713.83,712.69,713.78,4695689.45
1788151500000,713.7,714.75,713.45,714.59,11238641.96
1788152400000,714.6,715.27,714.41,715.22,7270419.44
1788153300000,715.26,716.12,715.26,715.89,6329815.56
1788154200000,715.94,715.98,714.92,715.24,2242070.08
1788155100000,715.25,715.72,715.04,715.68,3440851.67
1788156000000,715.74,716.69,715.47,716.63,7937055.07
1788156900000,716.63,717.02,716.63,716.81,5881318.07
1788157800000,716.87,717.11,716.58,716.88,2381517.92
1788158700000,716.85,717.33,716.72,717.1,1637131.18
1788159600000,717.02,717.1,716.7,716.93,830130.35
1788160500000,716.93,717.13,716.65,716.92,2254698.39
1788161400000,716.9,717.12,716.69,716.75,1318261.1
1788162300000,716.74,716.85,716.226,716.74,2843879.12
1788163200000,716.331,717.51,716.331,716.856,149003875.68249783
1788164100000,716.82,716.879,716.363,716.82,7319995.40341855
1788165000000,716.52,716.73,716.091,716.4,11831534.87807981
1788165900000,716.38,716.569,716.202,716.44,6890925.19506856
1788166800000,715.99,716.651,715.982,716.56,9632126.63889576
1788167700000,716.495,716.87,716.458,716.458,3580350.144850445
1788168600000,715.99,716.473,715.869,715.99,4526805.74707296
1788169500000,715.919,715.919,715.375,715.453,6815623.57470207
1788170400000,715.29,715.649,715.257,715.46,54762660.25963944
1788171300000,715.644,715.804,715.369,715.723,5760752.43910093
1788172200000,715.717,715.717,715.475,715.537,4773144.43152225
1788173100000,715.91,715.941,715.456,715.66,4730306.13245397
1788174000000,715.4,715.682,715.166,715.54,27953782.09198695
1788174900000,715.59,715.886,715.149,715.65,14071150.91465172
1788175800000,715.27,715.833,715.052,715.11,16556792.57605281
1788176700000,715.11,715.179,714.888,715.11,8672677.13137521
1788177600000,715.27,715.802,714.41,715.25,83265285.6061923
1788178500000,716.05,716.21,714.16,714.89,74757110.71701539
1788179400000,714.49,715.184,714.004,714.1,65105073.80516825
1788180300000,714.18,714.347,713.71,714.01,37463711.7883933
1788181200000,713.89,714.446,713.71,714.37,42321234.45826045
1788182100000,714.45,715.17,714.433,715.17,105402805.3661131
1788183000000,714.96,716.97,714.08,714.461,1694510907.7754087
1788183900000,714.449,716.05,714.09,715.261,1096272031.8445332
1788184800000,715.2,715.41,713.55,714.11,604897394.3447487
1788185700000,714.16,714.94,713.17,713.67,695227137.3758708
1788186600000,713.51,715.01,713.38,714.86,421745793.4072133
1788187500000,714.86,715.265,713.88,714.62,394349651.1896861
1788188400000,714.71,715.25,714.16,714.62,265239248.63886487
1788189300000,714.68,715.237,714.2,714.645,311605349.90370065
1788190200000,714.65,714.75,713.875,714.11,2705289092.2149696
1788191100000,714.49,715.01,713.907,713.91,612587888.7992158
1788192000000,713.938,714.485,713.4,714.403,529123774.80252767
1788192900000,714.44,714.86,713.85,714.79,1870723570.7097704
1788193800000,714.85,714.97,714.135,714.58,352393042.83815217
1788194700000,714.565,715.26,714.48,715.23,256774690.8817896
1788195600000,715.045,715.225,714.653,714.785,734557208.306785
1788196500000,714.84,715.06,714.14,714.22,302163166.1381034
1788197400000,714.09,715.168,714.009,715.15,672247322.2316489
1788198300000,715.26,715.6,715.044,715.25,271542974.1262293
1788199200000,715.08,715.66,714.865,715.465,301054579.24999154
1788200100000,715.39,715.74,715.156,715.2,488582950.3955863
1788201000000,715.16,715.275,713.81,714.223,468241702.5038568
1788201900000,714.11,714.71,714.04,714.37,614769842.1713408
1788202800000,714.53,714.904,714.364,714.83,400389817.2834391
1788203700000,714.85,715.495,714.665,715.4,386028513.60953027
1788204600000,715.295,716.18,714.985,716.07,1188540585.6471136
1788205500000,716.06,717.58,715.62,716.71,3264393765.593645
1788206400000,717.005,717.28,716.851,716.89,2176415561.535028
1788207300000,716.96,717.013,716.829,716.83,91957616.19366229
1788208200000,716.94,717.11,716.9,717.01,204519009.561299
1788209100000,716.99,717.1,716.858,717.1,54837690.29928178
1788210000000,717.081,717.081,716.881,717.04,11547781.9371591
1788210900000,717.04,717.04,716.94,716.94,153040225.0003865
1788211800000,716.96,717.05,716.921,716.96,13486698.94161802
1788212700000,716.97,717.0,716.955,717.0,3823724.24234728
1788213600000,717.05,717.062,716.705,716.73,21753457.09248567
1788214500000,716.761,716.817,716.631,716.69,4880107.19098731
1788215400000,716.69,716.791,716.69,716.751,3830703.19240859
1788216300000,716.758,716.785,716.46,716.524,11075542.00309433
1788217200000,716.522,716.57,716.442,716.532,2657349.41504595
1788218100000,716.533,716.584,716.338,716.583,12044950.821804654
1788219000000,716.584,716.968,716.545,716.888,6920929.8498519
1788219900000,716.76,717.045,716.614,716.76,17219097.25642429
1788220800000,716.81,717.24,716.28,716.5,6394755.38
1788221700000,716.46,717.16,716.26,716.75,2927107.35
1788222600000,716.79,717.06,716.38,716.74,3336037.69
1788223500000,716.84,716.88,716.59,716.8,321813.52
1788224400000,716.93,717.06,716.59,717.05,3977102.29
1788225300000,717.02,717.09,716.21,716.37,5914299.61
1788226200000,716.31,717.07,716.15,716.9,2864625.63
1788227100000,716.99,716.99,716.54,716.8,540464.67
1788228000000,716.71,716.72,716.14,716.27,2496499.79
1788228900000,716.29,716.34,715.59,715.75,2448481.81
1788229800000,715.82,716.03,715.2,715.26,4377070.46
1788230700000,715.25,716.5,715.22,716.5,6979758.72
1788231600000,716.47,716.54,715.98,716.03,5623343.75
1788232500000,716.02,716.12,715.78,715.9,1943931.64
1788233400000,715.86,716.27,715.82,716.2,1532524.63
1788234300000,716.19,716.45,716.16,716.4,244276.9
1788235200000,716.33,716.67,716.26,716.47,3034754.64
1788236100000,716.45,716.73,716.43,716.58,2624856.71
1788237000000,716.54,716.78,716.05,716.05,535940.58
1788237900000,716.08,716.55,715.93,716.02,1291048.69
1788238800000,715.99,716.13,715.79,715.9,1384031.98
1788239700000,715.9,716.4,715.48,716.38,2243828.34
1788240600000,716.39,717.55,716.28,717.5,7156402.09
1788241500000,717.52,718.28,717.27,718.16,5588561.41
1788242400000,718.26,718.35,717.45,717.81,7392157.19
1788243300000,717.72,717.8,717.11,717.12,2914568.57
1788244200000,717.13,717.81,717.09,717.68,2777782.09
1788245100000,717.64,717.7,717.16,717.16,2841663.36
1788246000000,717.14,718.0,717.04,717.99,5523864.12
1788246900000,718.07,718.07,717.48,717.76,1635811.01
1788247800000,717.8,717.8,715.85,715.87,11088758.95
1788248700000,715.83,716.18,715.07,715.22,7905413.24
1788249600000,715.25,716.414,712.708,713.32,143242995.36570266
1788250500000,712.18,713.211,711.449,711.52,35666696.11493455
1788251400000,711.51,712.116,710.699,710.92,55711196.55498531
1788252300000,710.81,711.351,710.35,710.35,58357472.72204601
1788253200000,710.24,710.455,709.65,710.1,66864502.05386264
1788254100000,709.68,709.841,709.225,709.3,36734983.02252075
1788255000000,709.43,709.802,709.125,709.46,26275983.09247241
1788255900000,710.13,710.13,709.784,710.13,17871605.25649995
1788256800000,709.55,710.122,709.55,710.06,15312190.57581967
1788257700000,709.81,710.609,709.799,710.59,27568781.23183624
1788258600000,710.71,710.863,710.192,710.35,44299207.66523055
1788259500000,710.14,710.46,709.484,709.85,45565771.56447689
1788260400000,709.73,709.765,709.104,709.39,42067687.05124296
1788261300000,709.69,709.838,709.41,709.65,26072741.40130683
1788262200000,709.89,710.374,709.668,710.37,56822850.21335043
1788263100000,710.11,710.152,708.742,708.84,64832837.95441963
1788264000000,708.7,708.908,708.405,708.66,54097791.75093252
1788264900000,708.76,708.778,708.01,708.69,84676089.50669906
1788265800000,708.29,708.731,707.697,707.78,89781123.70404395
1788266700000,708.13,708.316,707.68,707.8,42840349.51531439
1788267600000,707.65,707.689,706.816,707.02,106455929.54454367
1788268500000,706.84,707.552,706.7,707.52,121372257.07020663
1788269400000,707.38,708.02,705.64,706.625,2954057990.308583
1788270300000,706.665,708.44,706.55,707.23,941708612.3465704
1788271200000,707.3,708.5,706.805,707.89,810786137.1052345
1788272100000,708.0,708.96,707.866,708.63,756399598.4021412
1788273000000,708.59,710.275,708.584,710.275,615616646.442658
1788273900000,710.199,711.05,709.7,710.129,940794760.975504
1788274800000,710.138,710.46,709.0,709.09,1126808659.6643593
1788275700000,709.09,710.187,709.01,710.187,457758092.1619166
1788276600000,710.26,711.64,710.09,711.64,537397818.3872064
1788277500000,711.6,712.28,711.591,711.81,526487584.44295144
1788278400000,711.89,711.89,710.362,710.39,430167415.5630903
1788279300000,710.18,710.353,708.68,708.985,1231345725.198334
1788280200000,708.72,709.072,707.89,708.01,1004389587.0875233
1788281100000,707.96,709.43,707.91,709.3,546330942.6581762
1788282000000,709.24,709.298,708.04,708.455,317396120.78947043
1788282900000,708.38,708.58,707.03,708.16,378667894.5458025
1788283800000,708.081,708.51,707.99,708.29,474450931.3355508
1788284700000,708.31,708.31,707.49,707.99,339623682.9204779
1788285600000,708.0,708.23,707.06,707.1,340616624.2044488
1788286500000,707.06,707.45,706.68,706.81,458056342.8654377
1788287400000,706.895,706.95,705.0,705.0,782034422.8567686
1788288300000,704.99,706.54,704.68,706.443,1105649205.8639393
1788289200000,706.45,707.52,706.35,707.48,691450152.8480023
1788290100000,707.52,707.74,707.13,707.65,800692802.2848268
1788291000000,707.65,707.661,706.86,707.44,558856862.3070902
1788291900000,707.43,708.0,706.71,707.66,2631489398.327627
1788292800000,707.653,708.365,707.429,707.876,1843837038.930622
1788293700000,707.85,708.41,707.85,708.14,544608909.0821238
1788294600000,707.94,708.214,707.825,708.06,122400025.53462498
1788295500000,708.01,708.152,707.744,707.86,123235003.96831597
1788296400000,707.98,708.154,707.745,707.99,257735416.86230427
1788297300000,707.925,707.925,707.692,707.76,15760122.9000288
1788298200000,707.71,707.765,707.631,707.71,175748990.09499443
1788299100000,707.72,707.825,707.71,707.71,30010043.50485209
1788300000000,707.8,708.049,707.229,707.43,44957580.1939963
1788300900000,707.255,707.578,707.135,707.37,10473742.52714629
1788301800000,707.37,707.491,707.321,707.381,5307250.472750798
1788302700000,707.5,707.903,707.381,707.83,12216951.18940231
1788303600000,707.746,707.818,707.686,707.75,4382194.80580735
1788304500000,707.5,707.873,707.5,707.5,5853653.5013569
1788305400000,707.94,707.994,707.825,707.99,8621267.14768196
1788306300000,707.87,708.063,707.823,707.86,12074076.52769205
1788307200000,710.98,710.98,707.29,707.92,4722063.25
1788308100000,707.86,708.75,707.68,707.75,3155247.11
1788309000000,707.73,708.23,707.49,708.01,3908924.99
1788309900000,708.14,708.15,707.17,707.17,552735.58
1788310800000,707.16,707.66,706.8,707.14,4423882.91
1788311700000,707.02,707.77,706.99,707.5,6988470.89
1788312600000,707.32,707.64,706.39,706.43,2268295.2
1788313500000,706.48,706.54,705.86,706.45,3584283.92
1788314400000,706.51,706.51,705.78,706.29,4979340.66
1788315300000,706.25,707.06,706.25,706.75,2860595.51
1788316200000,706.72,706.72,706.18,706.65,1313881.83
1788317100000,706.66,706.84,706.49,706.59,1257169.71
1788318000000,706.6,706.8,706.14,706.68,3562189.18
1788318900000,706.69,706.69,706.36,706.37,2740296.02
1788319800000,706.34,706.34,706.0,706.02,980768.26
1788320700000,706.13,706.13,705.79,705.79,3293842.85
1788321600000,705.85,705.94,705.57,705.79,3554933.41
1788322500000,705.76,706.12,705.76,705.89,511131.51
1788323400000,705.88,706.09,705.81,705.97,997577.91
1788324300000,706.08,706.12,705.96,706.1,1115583.66
1788325200000,706.02,706.28,705.6,706.28,1245906.0
1788326100000,706.28,706.92,706.21,706.92,6597726.34
1788327000000,706.91,707.1,706.39,707.04,4413480.29
1788327900000,707.05,707.07,706.21,706.43,13534909.24
1788328800000,706.48,706.57,705.69,705.84,2228014.04
1788329700000,705.9,705.94,705.22,705.22,13023297.48
1788330600000,705.25,707.01,705.07,706.44,3599390.86
1788331500000,706.39,706.55,705.94,706.55,805061.62
1788332400000,706.46,707.53,706.35,707.19,13815093.0
1788333300000,707.21,707.44,706.64,706.95,2186093.98
1788334200000,706.96,707.02,706.35,706.51,1284513.34
1788335100000,706.2,706.47,705.99,706.26,914677.18
1788336000000,706.14,707.561,705.98,706.51,129272097.58573937
1788336900000,705.84,706.799,705.662,705.84,9512069.0551948
1788337800000,705.953,706.284,705.492,705.53,6966022.66354071
1788338700000,705.22,705.558,703.652,703.96,33919200.21522702
1788339600000,704.36,705.286,704.028,704.79,12052377.46200978
1788340500000,703.95,704.521,703.66,703.66,26317733.60836159
1788341400000,704.18,704.18,703.302,703.52,19119086.52571382
1788342300000,703.436,704.04,703.436,704.003,13318842.312706793
1788343200000,704.005,704.12,703.463,704.104,29701531.263479035
1788344100000,704.109,704.487,703.993,704.362,45674060.75188768
1788345000000,704.33,704.407,703.774,703.8,12265189.46192964
1788345900000,703.79,704.33,703.703,704.04,10051960.59262051
1788346800000,704.38,705.082,702.986,704.9,69506247.63931201
1788347700000,705.11,705.508,704.57,705.49,78628202.80824018
1788348600000,705.264,706.072,705.191,705.388,99240931.87356794
1788349500000,705.36,706.674,705.265,706.32,45925860.68101001
1788350400000,706.64,707.66,706.552,707.66,64224069.56879551
1788351300000,707.58,708.103,707.015,707.25,78128443.25585152
1788352200000,707.27,707.336,706.32,706.32,43685822.76488907
1788353100000,706.413,706.413,705.522,705.66,56676791.64785909
1788354000000,705.66,706.345,705.66,706.345,63224977.81388771
1788354900000,706.9,707.44,706.6,707.1039,58345115.48905022
1788355800000,707.1,707.556,705.58,706.87,1316360155.9658942
1788356700000,706.89,707.416,705.1,706.18,940675355.3053287
1788357600000,706.188,707.77,705.49,707.76,1249784065.6160517
1788358500000,708.736,709.31,708.736,709.209,1200475932.9590185
1788359400000,709.205,709.76,708.835,709.56,706344587.952517
1788360300000,709.55,709.58,707.42,707.6,703736208.4075682
1788361200000,707.545,708.75,707.315,708.54,453805682.58542615
1788362100000,708.525,709.68,708.37,709.63,493735154.60937923
1788363000000,709.67,709.707,708.89,709.14,377292820.34217703
1788363900000,709.07,709.235,708.02,709.22,256720698.03742853
1788364800000,709.07,709.46,708.9,709.35,389522494.19338685
1788365700000,708.88,709.193,708.244,708.25,200803331.46354383
1788366600000,708.42,708.894,708.074,708.135,244866494.24590045
1788367500000,708.1,708.74,708.0,708.41,324758912.92865777
1788368400000,708.66,709.09,707.791,708.26,399078215.2666869
1788369300000,708.17,708.41,707.74,708.31,266054947.20298386
1788370200000,708.34,708.49,707.803,708.44,276014444.6320957
1788371100000,708.62,708.875,708.211,708.55,387755328.92557734
1788372000000,708.55,708.66,707.98,708.23,327189880.9311768
1788372900000,708.28,709.39,708.2,708.53,849701857.7150015
1788373800000,708.501,708.88,707.915,707.965,272573096.2426995
1788374700000,708.03,708.38,707.84,708.25,271425142.67345154
1788375600000,708.23,708.82,708.1,708.75,482111399.49795336
1788376500000,708.705,708.81,708.33,708.805,1005274114.6417695
1788377400000,708.7,708.935,708.455,708.88,619641717.9069444
1788378300000,708.92,709.42,708.815,709.23,1182870755.8247342
1788379200000,709.52,709.746,709.213,709.49,617039655.1191077
1788380100000,709.09,709.373,707.7,708.42,184596859.18341154
1788381000000,708.39,708.581,708.29,708.32,76855663.76776429
1788381900000,708.54,708.614,708.103,708.16,77891060.75730412
1788382800000,708.334,708.509,708.2,708.311,7175775.66045613
1788383700000,708.28,709.256,708.064,708.93,216328496.20487294
1788384600000,708.91,709.272,708.9,708.99,12789277.39457602
1788385500000,708.985,709.217,708.985,709.109,6318543.62102621
1788386400000,708.96,709.202,708.331,708.41,32143496.25003842
1788387300000,709.28,709.68,709.007,709.49,9693617.60971848
1788388200000,709.4,709.565,709.348,709.4,3821078.69123537
1788389100000,709.443,709.443,709.036,709.046,4219404.04073761
1788390000000,709.01,709.216,708.816,709.01,2961597.78925954
1788390900000,708.835,708.994,708.755,708.991,4532371.88083253
1788391800000,708.99,709.201,708.915,708.99,7819289.9677214
1788392700000,709.64,709.787,709.202,709.72,31724248.34693502
1788393600000,709.45,709.571,708.77,708.85,11176599.88
1788394500000,708.81,708.81,708.19,708.54,6416010.09
1788395400000,708.53,708.64,708.33,708.59,1894530.83
1788396300000,708.52,708.63,708.31,708.41,3278176.61
1788397200000,708.38,709.23,708.36,709.2,5293348.29
1788398100000,709.25,709.59,708.6,709.03,3101243.53
1788399000000,708.97,709.55,708.87,708.93,6389217.32
1788399900000,708.79,708.91,708.09,708.11,3092182.83
1788400800000,708.08,709.25,708.02,709.01,3554499.76
1788401700000,709.08,709.41,708.93,709.29,1109208.94
1788402600000,709.3,709.54,708.89,708.89,1066833.53
1788403500000,708.86,709.32,708.84,709.13,1136385.69
1788404400000,709.23,709.67,709.14,709.64,901098.19
1788405300000,709.68,710.39,709.68,710.05,3162081.03
1788406200000,710.17,710.39,710.07,710.38,3262431.59
1788407100000,710.25,710.58,710.11,710.41,1384529.08
1788408000000,710.51,710.89,710.34,710.66,4247975.67
1788408900000,710.75,710.76,710.29,710.29,992702.82
1788409800000,710.31,710.44,709.97,710.01,1702423.46
1788410700000,710.14,710.22,709.76,709.81,526793.24
1788411600000,709.78,709.79,708.25,708.43,4362208.87
1788412500000,708.31,708.33,706.67,707.3,18096838.25
1788413400000,707.24,708.31,707.2,708.3,10118479.59
1788414300000,708.22,709.29,707.92,709.22,5456246.29
1788415200000,709.3,709.63,708.79,708.94,2939350.0
1788416100000,708.88,709.03,708.67,708.95,1784113.69
1788417000000,709.02,709.27,708.79,709.12,4580650.12
1788417900000,709.1,709.15,708.68,708.96,3386823.45
1788418800000,708.67,710.39,708.67,709.72,6196285.97
1788419700000,709.61,709.86,709.18,709.6,4184057.0
1788420600000,709.65,710.68,709.63,710.62,6733387.49
1788421500000,710.59,710.59,709.27,710.04,1307615.12
1788422400000,709.672,711.798,709.672,710.743,293789739.0477418
1788423300000,710.735,711.08,710.37,710.915,211275108.01504388
1788424200000,710.916,710.916,710.255,710.255,103999796.0339328
1788425100000,710.254,710.391,709.977,709.988,23176228.916575696
1788426000000,709.984,710.146,709.867,710.077,10668313.45434872
1788426900000,710.08,710.127,709.325,709.357,29910299.588327587
1788427800000,709.345,709.47,708.854,708.921,18102716.168236446
1788428700000,708.922,708.953,707.843,708.077,63269238.24147502
1788429600000,708.076,708.499,707.656,707.76,20478945.68877198
1788430500000,707.762,708.0,707.647,707.868,32716784.688273717
1788431400000,707.869,708.051,707.377,707.951,9938823.174450114
1788432300000,707.957,707.961,707.42,707.79,9010442.026915552
1788433200000,707.812,708.769,707.417,708.704,45298332.98612709
1788434100000,708.703,709.25,708.598,708.824,27571501.329861004
1788435000000,708.825,708.888,707.64,708.208,41722244.614158735
1788435900000,708.209,708.224,707.3,707.335,63466390.77755497
1788436800000,707.341,708.257,707.341,707.82,40902621.05451455
1788437700000,707.818,708.4,707.403,708.305,95981370.48461197
1788438600000,708.63,710.55,708.466,709.297,209941441.36126807
1788439500000,709.314,710.961,709.314,710.727,111209634.51454118
1788440400000,710.721,710.721,709.641,710.587,63312319.44077672
1788441300000,710.579,710.849,709.661,710.839,63987204.56429165
1788442200000,710.79,713.425,709.74,713.1,1692380906.6797667
1788443100000,712.877,713.8,711.995,712.74,1323836450.4960048
1788444000000,712.59,712.6,710.66,712.031,1324776615.8188307
1788444900000,712.02,713.54,712.0,713.08,1211437550.547624
1788445800000,713.118,713.465,711.477,711.637,662387056.6141047
1788446700000,711.642,713.64,710.84,713.526,792741028.3613857
1788447600000,713.532,716.05,713.532,715.865,1542006565.1341906
1788448500000,715.89,717.8,715.75,717.727,1388178738.3929367
1788449400000,717.73,717.81,716.96,717.007,852697486.0924968
1788450300000,717.04,717.81,716.98,717.81,368553456.1065515
1788451200000,717.752,717.752,716.94,717.326,1004063590.4993591
1788452100000,717.329,717.505,716.59,716.814,400269893.97992885
1788453000000,716.814,717.69,716.43,717.56,456440242.7169618
1788453900000,717.561,717.925,717.295,717.552,247601477.82407057
1788454800000,717.554,717.68,716.58,716.63,259426517.1866697
1788455700000,716.635,717.02,716.36,716.979,385604090.723257
1788456600000,716.976,717.612,716.973,717.561,313736981.9637546
1788457500000,717.564,718.13,717.4,717.92,672421455.298729
1788458400000,717.92,718.78,717.92,718.662,678807617.3200241
1788459300000,718.662,718.905,718.45,718.576,692826422.5372331
1788460200000,718.579,718.805,718.34,718.369,577862807.2586497
1788461100000,718.364,718.835,718.358,718.528,512023610.2104168
1788462000000,718.529,718.547,717.71,717.815,387302234.64738184
1788462900000,717.83,717.96,717.59,717.721,778825563.8198749
1788463800000,717.695,717.9,717.45,717.543,760546765.5782185
1788464700000,717.539,717.775,717.14,717.62,2400606748.164288
1788465600000,717.569,717.66,717.09,717.415,1517063577.9216418
1788466500000,717.416,717.416,717.045,717.141,49488900.0249728
1788467400000,717.142,717.33,717.115,717.171,34049597.86672532
1788468300000,717.17,717.178,716.924,716.986,133055963.18439953
1788469200000,716.987,717.068,716.96,716.999,198705153.61321512
1788470100000,716.998,717.05,716.936,716.975,13157573.396958213
1788471000000,716.975,717.22,716.975,717.22,4660810.348949234
1788471900000,717.22,717.24,716.959,717.135,8282896.286003572
1788472800000,717.131,717.131,716.523,716.61,46804103.658564314
1788473700000,716.61,716.799,716.581,716.686,18933074.87099599
1788474600000,716.686,716.839,716.686,716.797,4891797.55469088
1788475500000,716.796,717.125,716.796,717.125,6626724.329150926
1788476400000,717.127,717.179,716.981,717.016,7527445.484815115
1788477300000,717.018,717.139,716.896,717.09,4601346.0522975605
1788478200000,717.091,717.134,716.991,717.059,4264881.26047298
1788479100000,717.061,717.287,717.025,717.031,16827896.203710217
1788480000000,717.19,717.71,717.15,717.45,3484231.0
1788480900000,717.44,717.94,717.38,717.84,4935282.98
1788481800000,717.94,718.0,717.79,717.98,1819132.07
1788482700000,718.0,718.26,718.0,718.0,1567672.51
1788483600000,717.97,718.01,717.69,717.79,1244831.63
1788484500000,717.81,718.24,717.67,718.2,1635629.83
1788485400000,718.2,718.3,718.14,718.28,731848.31
1788486300000,718.25,718.31,717.82,718.31,1647858.71
1788487200000,718.37,718.47,718.18,718.42,510004.45
1788488100000,718.43,718.6,718.35,718.5,1099226.22
1788489000000,718.68,718.78,718.33,718.34,1540586.89
1788489900000,718.41,718.84,718.41,718.75,1009656.59
1788490800000,718.77,718.86,718.64,718.65,1114800.76
1788491700000,718.66,719.09,718.66,718.9,1065529.6
1788492600000,718.99,719.14,718.93,718.93,892327.17
1788493500000,718.87,719.0,718.78,718.99,741167.54
1788494400000,718.93,719.1,718.62,719.1,419078.19
1788495300000,719.02,719.54,718.89,719.5,2849453.56
1788496200000,719.47,719.65,719.32,719.35,10960468.27
1788497100000,719.4,719.63,719.27,719.63,794282.14
1788498000000,719.58,720.25,719.53,720.17,3326403.79
1788498900000,720.18,720.7,720.18,720.23,12944941.02
1788499800000,720.22,720.23,719.8,719.85,1288805.33
1788500700000,719.89,720.16,719.5,720.1,1267679.97
1788501600000,720.06,720.67,720.03,720.67,1192138.54
1788502500000,720.62,720.65,720.25,720.41,6479686.41
1788503400000,720.34,720.43,719.6,719.77,2818080.07
1788504300000,719.77,719.77,719.04,719.06,11168485.68
1788505200000,719.12,720.18,719.02,720.17,10975558.34
1788506100000,720.16,720.5,719.86,720.5,4649103.61
1788507000000,720.56,720.87,720.33,720.83,7314331.78
1788507900000,720.79,721.08,720.7,720.87,1889583.78
1788508800000,720.8,721.32,717.67,720.88,125760809.30922045
1788509700000,720.87,721.4022,720.77,721.38,23263614.647122387
1788510600000,721.38,721.39,720.7587,721.1,13979363.01441465
1788511500000,721.0287,721.2221,720.8,721.09,10752715.37211033
1788512400000,721.0392,721.0392,720.3012,720.3687,17894149.36825351
1788513300000,720.3624,720.67,720.08,720.24,15438668.799476279
1788514200000,720.2985,720.75,720.1587,720.75,9243949.128664885
1788515100000,720.7112,721.12,720.7112,721.0312,10590972.652156603
1788516000000,721.036,721.3,721.0,721.18,14157868.799520912
1788516900000,721.1203,721.65,721.07,721.59,9352852.47455126
1788517800000,721.47,721.65,721.36,721.615,8064304.419173175
1788518700000,721.5912,722.08,721.54,721.61,23018359.131615367
1788519600000,721.59,721.7008,717.67,721.1226,23909501.73488167
1788520500000,721.12,721.48,721.05,721.1464,27449792.96545976
1788521400000,721.17,721.4794,721.14,721.4,36241171.974420905
1788522300000,721.35,721.78,721.29,721.67,41974763.54699909
1788523200000,721.6487,721.7362,720.3012,720.72,78613720.87109336
1788524100000,720.64,721.73,720.4507,721.0,123765583.56865191
1788525000000,721.4683,721.74,718.0,718.65,383047203.3275965
1788525900000,718.6,718.6,717.25,718.3437,190624199.12726107
1788526800000,718.3782,718.6,717.76,718.36,82800601.47881374
1788527700000,718.3393,719.39,718.3393,719.33,159095292.47904876
1788528600000,719.36,720.71,718.525,720.04,1910130273.8896773
1788529500000,720.02,721.86,719.12,721.838,1149815035.7787626
1788530400000,721.82,721.84,719.54,720.85,1319341074.3487084
1788531300000,720.86,720.89,718.85,719.59,1804006902.3966043
1788532200000,719.6,719.64,718.0377,718.0716,1214467401.2009616
1788533100000,718.07,718.3295,717.26,717.71,1530084041.89452
1788534000000,717.76,718.28,717.24,718.28,1202802547.4656718
1788534900000,718.2595,718.32,716.93,717.44,1376952629.9730198
1788535800000,717.43,717.87,716.79,717.76,849684415.8620008
1788536700000,717.7428,717.8099,717.0,717.6301,451870993.6648041
1788537600000,717.65,718.55,717.43,718.455,617124274.0730368
1788538500000,718.45,718.855,718.19,718.61,861499912.4869035
1788539400000,718.6095,719.08,718.49,718.925,1213111709.2383118
1788540300000,718.95,719.605,718.87,719.16,783019876.7936794
1788541200000,719.16,719.22,718.065,718.14,777570217.8271663
1788542100000,718.14,718.33,717.42,717.505,980861609.0325035
1788543000000,717.5,717.5,716.7,716.805,1040022603.249425
1788543900000,716.82,717.266,716.56,717.12,741887938.569774
1788544800000,717.11,717.2635,716.64,717.01,777850441.1609255
1788545700000,717.035,717.67,716.96,717.5629,926452024.7173669
1788546600000,717.6,717.875,717.43,717.825,657755920.13652
1788547500000,717.82,718.32,717.8099,718.23,473188594.1620716
1788548400000,718.235,718.36,717.48,717.56,501466150.24672276
1788549300000,717.59,718.0699,717.575,717.95,372547131.870038
1788550200000,717.94,718.46,717.79,718.31,728525545.3589444
1788551100000,718.3,719.44,718.2925,718.96,2976714558.492284
1788552000000,718.82,718.96,718.02,718.33,1166857379.7142825
1788552900000,718.32,718.96,718.04,718.05,58145741.017681
1788553800000,718.04,718.31,717.66,718.04,185435897.04612178
1788554700000,718.02,718.0877,717.8102,717.94,139744305.2713673
1788555600000,717.9088,718.1,717.8995,718.0589,176642393.13647357
1788556500000,718.0523,718.22,717.9,718.12,48656769.527318
1788557400000,718.11,718.11,717.73,717.94,11544714.48904274
1788558300000,717.86,718.14,717.86,718.0,3812153.4197053798
1788559200000,718.1342,718.14,717.8,718.07,4802636.671736604
1788560100000,718.0,718.0,717.5,717.93,18966273.77592186
1788561000000,717.9549,717.97,717.764,717.91,848311.8969645649
1788561900000,717.93,718.07,717.81,717.9075,11354727.06843511
1788562800000,718.0267,718.03,717.9,717.9861,4106001.354767399
1788563700000,717.9942,717.9999,717.66,717.66,20113972.722754728
1788564600000,717.66,718.74,717.07,718.57,16806036.415805746
1788565500000,717.6972,718.86,716.83,717.54,28228723.848129485
1788568200000,717.54,717.54,717.54,717.54,19.947612
1788569100000,717.54,717.54,717.54,717.54,27.98406
1788570000000,717.66,717.66,717.39,717.39,35.016138
1788571800000,717.39,717.39,717.39,717.39,99.932427
1788572700000,717.39,717.39,717.39,717.39,27.97821
1788573600000,717.39,717.39,717.39,717.39,22.741263
1788576300000,717.39,717.39,717.39,717.39,38.954277
1788579900000,717.39,717.39,717.39,717.39,27.97821
1788580800000,717.39,717.39,717.39,717.39,99.860688
1788582600000,717.39,717.39,717.11,717.11,34.070509
1788583500000,717.39,717.39,717.39,717.39,27.97821
1788587100000,717.39,717.39,717.39,717.39,27.97821
1788588000000,717.39,717.39,717.39,717.39,99.932427
1788588900000,716.92,716.92,716.34,716.49,200.380312
1788589800000,716.4,716.4,716.34,716.34,284.195478
1788590700000,716.49,716.78,716.49,716.78,27.952077
1788593400000,716.34,716.51,716.34,716.51,116.76852
1788594300000,716.51,716.81,716.51,716.81,49.021388
1788597000000,716.81,716.86,716.81,716.86,19.928653
1788597900000,716.07,717.64,716.07,717.64,404.524716
1788598800000,717.66,718.04,717.66,718.04,2461.879638
1788600600000,718.21,718.21,718.21,718.21,50.2747
1788601500000,718.26,718.26,718.26,718.26,27.940314
1788602400000,718.26,718.26,718.26,718.26,259.076382
1788605100000,717.95,718.66,717.9,717.9,1563.695363
1788606900000,718.43,718.43,718.43,718.43,2995.8531
1788607800000,718.54,718.78,718.54,718.78,3378.1388
1788608700000,719.04,719.04,719.04,719.04,27.970656
1788609600000,719.26,719.26,719.26,719.26,19.995428
1788611400000,719.26,719.26,719.26,719.26,44.737972
1788612300000,719.28,719.33,719.28,719.33,1027.924993
1788613200000,719.42,719.42,719.42,719.42,19.999876
1788615000000,719.42,719.44,719.42,719.44,156.043198
1788615900000,719.45,719.45,719.45,719.45,27.986605
1788616800000,719.52,719.63,719.52,719.63,873.145043
1788618600000,719.69,719.88,719.26,719.88,469.811741
1788619500000,719.96,719.96,719.96,719.96,27.934448
1788620400000,719.81,720.11,719.3,719.3,1207.290091
1788622200000,719.88,719.88,719.88,719.88,99.991332
1788623100000,719.69,719.9,719.69,719.9,973.72979
1788624000000,720.4,720.4,720.4,720.4,119.9466
1788625800000,720.5,720.5,720.5,720.5,25.43365
1788626700000,720.46,720.46,720.46,720.46,27.953848
1788629400000,719.74,719.74,718.75,718.81,4869.469862
1788630300000,718.57,719.32,718.57,719.32,734.551429
1788632100000,718.57,719.34,718.57,719.34,6723.053405
1788633000000,719.45,719.45,719.45,719.45,118.99703
1788633900000,719.47,719.47,719.47,719.47,27.987383
1788635700000,719.5,719.59,719.5,719.59,3299.01795
1788636600000,719.68,719.98,719.68,719.98,13244.2738
1788637500000,720.02,720.08,720.02,720.08,67.971839
1788638400000,720.23,720.23,720.23,720.23,20.598578
1788641100000,720.25,720.25,720.25,720.25,27.9457
1788644700000,720.36,720.36,720.36,720.36,27.949968
1788645600000,720.37,720.37,720.37,720.37,99.987356
1788648300000,720.41,720.41,720.41,720.41,27.951908
1788651900000,720.35,720.35,720.35,720.35,27.94958
1788654600000,720.42,720.42,720.42,720.42,19.955634
1788655500000,720.42,720.42,720.42,720.42,27.952296
1788656400000,720.22,720.22,720.22,720.22,19.950094
1788659100000,720.22,720.22,720.22,720.22,27.944536
1788660000000,719.72,720.2,719.72,720.2,282.361324
1788661800000,720.53,720.53,720.53,720.53,19.958681
1788662700000,720.53,720.53,720.53,720.53,27.956564
1788666300000,720.58,720.58,720.58,720.58,27.958504
1788667200000,720.63,720.66,720.63,720.66,99.881397
1788668100000,720.55,720.55,720.55,720.55,10.015645
1788669000000,720.55,720.55,720.55,720.55,19.959235
1788669900000,720.55,720.55,720.55,720.55,27.95734
1788672600000,720.15,720.15,720.15,720.15,20.02017
1788673500000,720.72,720.72,720.72,720.72,27.963936
1788677100000,720.74,720.74,720.74,720.74,27.964712
1788679800000,720.15,720.15,720.15,720.15,979.54803
1788680700000,720.13,720.13,720.13,720.13,27.941044
1788681600000,720.3,720.3,720.3,720.3,29.96448
1788682500000,720.05,720.05,719.72,719.72,29.947216
1788684300000,720.29,720.29,720.29,720.29,27.947252
1788685200000,720.16,720.16,720.16,720.16,99.958208
1788687000000,720.21,720.21,720.21,720.21,20.670027
1788687900000,720.27,720.27,720.27,720.27,27.946476
1788691500000,720.41,720.41,720.15,720.15,117.898643
1788692400000,719.72,719.72,719.72,719.72,49.516736
1788695100000,720.43,720.43,720.43,720.43,27.952684
1788696000000,720.46,720.46,719.72,720.46,777.194652
1788698700000,720.46,720.46,720.46,720.46,27.953848
1788699600000,720.37,720.37,720.37,720.37,19.954249
1788701400000,720.37,720.37,719.72,719.72,175.072287
1788702300000,720.01,720.01,720.01,720.01,27.936388
1788703200000,719.93,720.29,719.93,720.29,373.149691
1788705000000,720.29,720.49,720.29,720.49,121.817613
1788705900000,719.99,719.99,719.67,719.67,3907.034663
1788706800000,720.12,720.18,719.56,719.56,1109.043037
1788708600000,720.11,720.11,719.56,719.56,111.464228
1788709500000,720.26,720.26,720.26,720.26,27.946088
1788710400000,720.19,720.19,720.19,720.19,119.911635
1788713100000,720.5,720.5,720.5,720.5,47.91325
1788716700000,720.24,720.24,720.24,720.24,27.945312
1788719400000,720.29,720.29,720.29,720.29,118.991908
1788720300000,720.31,720.31,720.31,720.31,27.948028
1788723900000,720.4,720.51,720.4,720.51,47.909647
1788724800000,720.51,720.51,720.51,720.51,20.534535
1788727500000,720.52,720.52,720.52,720.52,27.956176
1788731100000,720.55,720.55,720.55,720.55,27.95734
1788732000000,720.57,720.66,719.55,720.03,5516.108659
1788733800000,719.55,719.55,719.55,719.55,893.10546
1788734700000,720.15,720.15,720.15,720.15,27.94182
1788735600000,719.55,719.55,719.55,719.55,258.966045
1788738300000,720.19,720.19,720.19,720.19,27.943372
1788739200000,720.2,720.27,720.2,720.27,69.933359
1788741000000,720.27,720.29,719.49,719.49,1051.231088
1788741900000,720.29,720.29,719.49,719.49,1243.885352
1788742800000,720.15,720.64,719.92,720.2,36039.416315
1788745500000,719.05,719.05,719.05,719.05,27.971045
1788746400000,719.09,719.09,719.09,719.09,42.785855
1788748200000,719.16,719.16,719.16,719.16,149.94486
1788749100000,719.24,719.24,719.24,719.24,27.978436
1788750000000,719.04,719.04,719.04,719.04,10.929408
1788751800000,719.25,719.4,719.25,719.4,1172.4075
1788752700000,719.49,719.49,719.49,719.49,27.988161
1788753600000,719.52,719.57,719.52,719.57,99.872846
1788755400000,719.63,719.63,719.63,719.63,19.933751
1788756300000,719.63,719.63,719.63,719.63,27.993607
1788759900000,719.81,719.81,719.81,719.81,27.928628
1788760800000,719.84,719.86,719.84,719.86,366.905226
1788761700000,719.88,719.99,719.88,719.99,388.7464
1788762600000,720.09,720.64,720.09,720.64,22141.381907
1788763500000,720.67,720.67,720.67,720.67,27.961996
1788764400000,720.73,720.73,720.73,720.73,258.74207
1788766200000,720.76,720.76,720.43,720.43,1228.342324
1788767100000,720.82,720.85,720.82,720.85,277.949356
1788768000000,721.16,721.16,721.16,721.16,19.976132
1788770700000,721.16,721.16,721.16,721.16,27.981008
1788771600000,721.01,721.01,721.01,721.01,219.90805
1788774300000,721.21,721.21,720.43,720.43,1152.862013
1788775200000,720.8,720.8,720.43,720.43,25.94214
1788777000000,720.8,720.8,720.8,720.8,99.97496
1788777900000,720.43,720.85,720.31,720.85,5675.84858
1788781500000,720.75,720.75,720.06,720.06,8792.705609
1788782400000,720.22,720.22,720.22,720.22,19.950094
1788785100000,720.22,720.22,720.22,720.22,27.944536
1788786000000,720.24,720.24,720.24,720.24,19.950648
1788786900000,720.06,720.06,719.98,719.98,60.118618
1788787800000,720.24,720.24,720.24,720.24,120.064008
1788788700000,720.45,720.5,720.45,720.5,7954.24601
1788789600000,720.66,720.71,720.66,720.71,428.797945
1788791400000,720.71,720.79,720.71,720.79,94.85042
1788792300000,720.38,720.86,720.35,720.35,1588.829052
1788793200000,720.88,721.14,720.13,720.13,5004.718143
1788794100000,720.13,720.26,720.1,720.1,3722.229531
1788795000000,720.26,720.58,720.26,720.58,120.652734
1788795900000,720.29,720.61,720.29,720.61,48.628759
1788796800000,720.71,720.77,719.86,719.86,1491.337106
1788798600000,720.52,720.52,720.52,720.52,20.967132
1788799500000,720.53,720.53,720.53,720.53,27.956564
1788803100000,720.63,720.66,720.63,720.66,68.893932
1788805800000,720.79,720.79,720.0,720.0,1395.49035
1788806700000,720.74,720.74,719.86,719.86,373.511344
1788807600000,720.56,720.56,720.11,720.11,298.078504
1788808500000,720.57,720.57,720.57,720.57,24.931722
1788810300000,720.69,720.75,720.69,720.75,47.927547
1788811200000,720.75,720.75,720.75,720.75,20.541375
1788813900000,720.78,720.78,720.78,720.78,27.966264
1788814800000,720.4,720.4,720.4,720.4,257.83116
1788817500000,720.46,720.84,720.46,720.84,78.905114
1788818400000,720.89,720.89,720.22,720.22,589.737043
1788819300000,719.93,719.93,719.93,719.93,705.5314
1788821100000,720.27,720.27,720.27,720.27,27.946476
1788822000000,719.93,719.93,719.76,719.76,797.638406
1788824700000,720.66,720.66,719.64,719.64,611.0447
1788825600000,719.45,719.92,719.15,719.61,31016458.7
1788826500000,719.65,720.5,719.3,720.47,5981342.07
1788827400000,720.5,720.75,720.33,720.53,4944198.3
1788828300000,720.64,720.83,720.58,720.65,4485677.07
1788829200000,720.66,721.33,720.16,721.18,13744732.01
1788830100000,721.21,721.29,720.93,721.16,12026421.88
1788831000000,721.06,721.9,720.92,721.67,10349727.84
1788831900000,721.65,722.4,721.55,722.4,11565627.11
1788832800000,722.4,722.58,722.0,722.43,4812496.73
1788833700000,722.38,722.72,722.29,722.55,4088188.41
1788834600000,722.57,722.58,721.91,721.91,2639979.36
1788835500000,721.96,722.07,721.37,721.42,1737774.42
1788836400000,721.3,722.06,721.28,721.96,2768718.77
1788837300000,721.97,723.05,721.96,723.05,7749337.6
1788838200000,723.05,723.18,722.8,723.0,11605805.68
1788839100000,723.0,723.33,722.89,723.33,2138767.85
1788840000000,723.12,723.4,723.0,723.22,2416448.67
1788840900000,723.18,723.47,723.1,723.28,5880487.01
1788841800000,723.37,723.72,722.94,723.63,9672588.37
1788842700000,723.63,723.75,723.07,723.25,9782712.49
1788843600000,723.1,723.11,721.8,722.0,10040134.68
1788844500000,721.91,723.01,721.72,721.82,28206882.46
1788845400000,721.74,721.82,720.6,720.67,18670883.17
1788846300000,720.73,720.89,720.08,720.08,11437038.39
1788847200000,720.1,720.3,719.4,719.55,4932376.76
1788848100000,719.52,719.52,718.56,719.44,15644876.11
1788849000000,719.2,720.08,718.85,719.96,6801388.07
1788849900000,720.1,720.25,719.4,719.75,10712601.91
1788850800000,719.83,720.73,719.53,720.0,8266975.48
1788851700000,720.0,720.45,719.8,720.4,1970211.17
1788852600000,720.4,720.4,718.69,718.91,8413356.34
1788853500000,718.88,718.93,718.15,718.25,4315908.84
1788854400000,718.21,723.76,716.91,717.66,261806415.06506735
1788855300000,717.81,718.05,717.3,717.6185,24126400.58243834
1788856200000,717.1985,717.96,717.168,717.39,12751785.804859053
1788857100000,717.38,718.12,717.17,717.37,10077002.604758125
1788858000000,717.5285,718.49,717.05,718.47,18913063.375249874
1788858900000,718.4499,718.56,718.1299,718.52,11540064.014257388
1788859800000,718.47,719.5,718.47,718.9582,26763302.38669305
1788860700000,719.0212,719.79,719.0212,719.79,15822993.486609636
1788861600000,719.74,719.79,719.15,719.441,9296846.991837861
1788862500000,719.47,720.9412,719.4115,719.95,51511527.19614864
1788863400000,719.98,719.98,719.4285,719.605,9383133.799283978
1788864300000,719.6,719.6,718.56,719.05,34489786.82985126
1788865200000,718.99,719.33,718.26,718.3946,35801919.41751361
1788866100000,718.51,719.22,718.51,718.83,46447758.00575343
1788867000000,718.96,719.22,718.53,718.54,34843281.764979474
1788867900000,718.6,719.84,718.39,719.7993,46966815.357188635
1788868800000,719.7879,719.7879,718.6995,718.71,50682285.38945153
1788869700000,718.743,719.6842,718.6,719.66,33532684.141897712
1788870600000,719.71,720.46,719.63,720.1415,65684845.117961995
1788871500000,720.16,721.08,718.96,721.08,43862298.517099634
1788872400000,721.0934,721.28,720.67,721.2291,55658990.221506976
1788873300000,721.23,721.47,720.69,720.9,54260606.56763528
1788874200000,720.97,721.886,716.56,716.72,1535619113.051158
1788875100000,716.76,718.29,716.33,717.47,925752119.8663001
1788876000000,717.46,717.695,715.57,716.505,848572991.8120561
1788876900000,716.5,717.94,716.39,717.76,553519144.6551616
1788877800000,717.8161,718.305,717.15,718.15,462076268.8698145
1788878700000,718.15,718.9387,717.7,718.93,552579617.8320678
1788879600000,718.97,720.075,718.555,719.92,645887128.1753683
1788880500000,719.92,720.72,719.4,720.085,969517644.0837574
1788881400000,720.1249,720.93,719.76,720.85,594438444.4072738
1788882300000,720.89,720.91,719.865,719.97,878296913.8603534
1788883200000,719.99,720.4,719.335,719.6,493067958.41188556
1788884100000,719.59,719.96,718.98,719.075,551958448.2832129
1788885000000,719.1,719.47,718.95,719.27,595773408.9310613
1788885900000,719.28,720.07,718.67,719.23,713779106.6730213
1788886800000,719.24,720.85,719.22,720.56,474082117.67796934
1788887700000,720.5701,720.67,720.04,720.26,525409938.5356237
1788888600000,720.28,720.67,719.84,719.88,268118586.13635895
1788889500000,719.89,720.19,719.66,719.66,369048199.1115142
1788890400000,719.67,720.2,719.57,720.02,431030238.79039395
1788891300000,720.03,720.24,719.62,719.81,240249590.30565944
1788892200000,719.83,719.95,719.37,719.93,666850709.9901825
1788893100000,719.93,720.12,717.91,719.29,747534954.0504547
1788894000000,719.315,719.5463,718.91,719.24,376836643.3432185
1788894900000,719.22,719.31,718.51,718.965,263406608.61575252
1788895800000,718.965,719.01,718.45,718.57,412447488.1760734
1788896700000,718.58,718.67,717.25,718.36,2003113135.1401572
1788897600000,718.4,718.5886,717.53,718.0,1212352728.414355
1788898500000,718.0,718.36,717.59,717.6,155591697.5714275
1788899400000,717.57,717.97,717.5,717.9447,37745570.959615976
1788900300000,717.9,718.0731,717.8819,717.9927,29350378.82069453
1788901200000,718.06,718.3,717.995,718.0346,220875502.694568
1788902100000,718.04,718.2,717.98,717.9987,12558341.520346707
1788903000000,717.9986,718.18,717.9301,718.1,158441650.45284232
1788903900000,718.14,718.15,717.93,718.088,1387213.494403622
1788904800000,718.0,718.295,717.46,717.9082,39156677.15436392
1788905700000,717.841,718.04,717.6197,717.93,15064844.25630113
1788906600000,717.9499,718.14,717.8,718.082,23642186.231372006
1788907500000,718.0746,718.52,718.0746,718.52,9365894.95826757
1788908400000,718.4791,718.52,718.15,718.175,4564616.84472969
1788909300000,718.189,718.189,717.7393,717.8307,13990619.439576058
1788910200000,717.7693,717.86,717.52,717.6023,10112380.252683125
1788911100000,717.6089,717.72,717.21,717.42,10629795.666574495
1788912000000,717.59,718.92,717.59,718.44,5571910.96
1788912900000,718.36,718.36,717.9,718.11,1599281.93
1788913800000,718.11,718.41,717.74,718.38,6665096.92
1788914700000,718.45,718.97,718.28,718.9,2071401.17
1788915600000,718.91,719.37,718.9,719.29,9772010.29
1788916500000,719.29,719.82,719.16,719.63,7241016.62
1788917400000,719.57,720.04,719.41,719.72,1924818.69
1788918300000,719.8,720.05,719.45,719.7,1024301.83
1788919200000,719.71,720.14,719.67,719.7,1463792.95
1788920100000,719.73,719.95,719.5,719.88,1652446.96
1788921000000,719.88,720.4,719.83,720.38,2538916.46
1788921900000,720.38,720.47,720.1,720.2,434352.99
1788922800000,720.2,720.2,719.5,719.58,1553308.15
1788923700000,719.63,719.92,719.63,719.78,483695.42
1788924600000,719.89,719.93,719.58,719.58,8554703.67
1788925500000,719.62,719.63,718.93,718.93,3422031.78
1788926400000,718.95,719.51,718.66,718.86,2173928.92
1788927300000,718.95,719.65,718.79,719.41,1338426.79
1788928200000,719.3,720.02,719.3,719.93,2256898.38
1788929100000,719.89,720.33,719.89,720.3,2200292.37
1788930000000,720.2,720.2,719.84,720.02,1097283.69
1788930900000,719.95,719.95,719.08,719.36,1940214.16
1788931800000,719.55,719.57,719.0,719.36,1676938.74
1788932700000,719.41,720.36,719.3,720.36,1434243.75
1788933600000,720.4,720.61,720.05,720.58,3187754.67
1788934500000,720.55,720.67,719.56,719.56,868647.7
1788935400000,719.75,720.18,719.63,720.12,1599992.9
1788936300000,720.1,720.1,719.37,719.37,4643408.51
1788937200000,719.45,720.13,719.0,719.36,4754778.76
1788938100000,719.2,720.12,718.89,720.11,11633593.4
1788939000000,720.19,720.19,719.65,719.65,1728420.91
1788939900000,719.72,719.72,719.08,719.57,2401808.47
1788940800000,719.58,720.67,718.36,719.47,70975370.05985373
1788941700000,719.47,719.7,719.08,719.6685,6225619.633257696
1788942600000,719.51,719.68,718.5,718.5,22282528.73525968
1788943500000,718.5,719.1215,718.43,719.01,7464241.470336127
1788944400000,719.0582,719.27,718.28,718.7607,15160082.243669081
1788945300000,718.7206,718.7206,717.9,718.16,28498430.721781377
1788946200000,718.15,718.3715,716.8,716.9,42542526.13004677
1788947100000,716.8438,717.1,714.8,715.0886,57943199.15920269
1788948000000,715.1185,715.6,714.4215,715.12,63123467.54902946
1788948900000,714.96,715.84,714.66,715.5,49727505.318786286
1788949800000,715.4285,715.8,715.0,715.0,17773795.374857664
1788950700000,715.0,715.14,714.365,714.88,52401749.91050742
1788951600000,714.83,718.36,714.5899,715.2487,30992887.535824765
1788952500000,715.23,715.8,714.59,715.5,32059340.451244734
1788953400000,715.43,715.5,714.51,714.51,53028292.52538779
1788954300000,714.5596,716.26,714.51,715.0,130937830.76958798
1788955200000,715.02,718.898,713.52,713.5389,115561555.01136859
1788956100000,713.63,714.2399,713.45,713.9299,82373089.60975972
1788957000000,713.91,714.6724,713.71,714.6475,45898246.26999933
1788957900000,714.5997,718.36,714.5997,714.8831,76845461.34264275
1788958800000,714.7495,715.24,714.695,715.1485,38742052.878562644
1788959700000,715.12,716.37,715.03,716.37,57332622.89571867
1788960600000,716.29,717.54,715.49,716.96,1197450104.3769746
1788961500000,716.99,719.06,716.41,718.88,1148420508.1847198
1788962400000,718.87,719.7,718.2062,718.945,735057172.7959772
1788963300000,718.88,718.92,716.49,718.29,1047055589.6515387
1788964200000,718.28,718.5196,717.33,718.4,476401493.5296686
1788965100000,718.35,718.46,717.57,718.17,580932342.9901785
1788966000000,718.1851,718.93,714.7329,715.015,989160326.3178337
1788966900000,715.01,716.36,714.02,714.8,918607347.1843487
1788967800000,714.9,716.98,714.75,715.97,831407704.639739
1788968700000,715.95,716.63,715.65,716.19,592861494.401892
1788969600000,716.1911,716.51,715.3,715.37,443239405.27857256
1788970500000,715.38,715.4199,714.71,714.96,418137896.13901865
1788971400000,715.01,716.33,714.98,716.33,400723931.82271653
1788972300000,716.36,716.87,716.02,716.41,373696139.46847254
1788973200000,716.4,716.96,716.16,716.89,424071087.8888495
1788974100000,716.89,717.05,716.24,716.24,288660599.41783494
1788975000000,716.26,716.52,715.7275,716.37,313665025.6741122
1788975900000,716.4,717.04,716.37,716.7,304612551.4823342
1788976800000,716.69,716.77,716.0439,716.0439,312273005.67902327
1788977700000,716.01,716.5202,715.93,716.3,271395423.3444694
1788978600000,716.3122,716.69,716.14,716.63,226967778.93927518
1788979500000,716.6232,716.8,716.14,716.15,250643014.74291468
1788980400000,716.16,716.34,715.76,716.225,934215736.8873298
1788981300000,716.225,716.745,716.211,716.2761,443820100.959238
1788982200000,716.29,716.39,715.91,716.13,841316233.7766936
1788983100000,716.13,716.37,715.53,716.31,1303009718.9034932
1788984000000,716.36,716.39,715.75,716.25,1170123055.1480289
1788984900000,716.27,716.35,716.18,716.21,456047382.2419371
1788985800000,716.23,716.42,716.176,716.3,37188912.878250115
1788986700000,716.34,716.36,716.1907,716.36,20125373.35176756
1788987600000,716.357,716.45,715.94,716.0495,84858760.04059707
1788988500000,716.0482,716.2099,715.98,716.12,7112117.613425274
1788989400000,716.12,716.12,715.95,716.12,3277037.5070823436
1788990300000,715.9907,716.12,715.75,716.02,27193501.047631618
1788991200000,716.0,716.711,715.5985,715.6281,98161377.40805721
1788992100000,715.68,715.77,715.5733,715.6914,10037929.807722379
1788993000000,715.7114,715.85,715.6987,715.7881,2007161.090725668
1788993900000,715.79,715.86,715.6392,715.7614,12191105.005147014
1788994800000,715.74,715.7423,715.45,715.4997,19633443.44155814
1788995700000,715.5,715.77,715.4242,715.6587,7936700.279040075
1788996600000,715.69,715.74,715.6,715.74,8133347.856350425
1788997500000,715.71,716.66,715.71,716.49,16668741.221388761
1788998400000,719.77,719.77,715.87,716.13,14485690.32
1788999300000,716.31,716.85,716.31,716.8,5040213.27
1789000200000,716.8,716.8,716.1,716.43,693441.82
1789001100000,716.31,716.37,715.33,715.38,6172779.4
1789002000000,715.38,715.64,714.8,715.07,7835667.95
1789002900000,715.0,715.36,714.43,714.47,2772388.76
1789003800000,714.5,715.0,714.22,715.0,3658831.8
1789004700000,714.93,715.44,714.73,715.32,5938706.66
1789005600000,715.29,715.3,714.51,714.93,8233037.23
1789006500000,714.89,714.95,714.44,714.53,1682883.85
1789007400000,714.53,715.55,714.53,715.4,1410163.28
1789008300000,715.44,715.62,715.25,715.48,802046.62
1789009200000,715.62,715.95,715.58,715.6,1624777.25
1789010100000,715.54,715.62,714.84,715.1,1565038.04
1789011000000,715.21,715.4,714.94,715.37,379028.75
1789011900000,715.4,715.8,715.4,715.8,1519315.98
1789012800000,715.76,715.9,715.63,715.76,2619082.01
1789013700000,715.75,715.93,715.69,715.93,1317049.8
1789014600000,715.93,716.2,715.87,715.88,1628050.24
1789015500000,715.91,716.6,715.91,716.5,1267977.74
1789016400000,716.49,716.72,716.25,716.34,9572719.62
1789017300000,716.43,717.26,716.4,717.23,5885161.73
1789018200000,717.28,717.44,717.03,717.19,10364143.75
1789019100000,717.39,717.6,716.67,717.05,5348516.35
1789020000000,717.01,717.25,716.37,716.43,1473637.58
1789020900000,716.4,716.74,715.98,716.74,1875059.7
1789021800000,716.99,717.2,716.79,716.99,704049.38
1789022700000,717.06,717.24,716.7,716.92,1751997.49
1789023600000,716.83,716.91,716.35,716.58,652121.78
1789024500000,716.82,716.82,715.85,715.85,1791324.17
1789025400000,715.92,716.0,715.6,715.9,4086150.28
1789026300000,716.02,716.43,716.0,716.16,1871535.49
1789027200000,716.1782,717.5,715.53,715.89,83451345.85596174
1789028100000,715.88,716.301,715.7,716.2915,5661415.335038024
1789029000000,716.3179,716.44,715.439,715.47,5312486.119923141
1789029900000,715.6085,715.75,715.28,715.4065,3493446.423658076
1789030800000,715.4285,715.775,715.3,715.4712,3655027.727924497
1789031700000,715.478,715.56,714.97,714.9997,6704899.229334393
1789032600000,714.94,714.96,714.16,714.9,19206357.30088067
1789033500000,714.9,715.55,714.86,715.25,15237142.868084209
1789034400000,715.2582,715.5,714.88,715.0,17676236.57424387
1789035300000,714.999,715.3,714.8,714.9,14684676.897192093
1789036200000,714.91,715.1285,714.25,714.92,19069747.007520903
1789037100000,714.81,715.59,714.3,714.54,22438329.387557514
1789038000000,714.5184,716.31,713.36,713.7625,52211677.572157174
1789038900000,713.7222,713.8283,713.44,713.5822,96486302.45265523
1789039800000,713.59,714.19,713.5458,713.7724,36439206.495970234
1789040700000,713.7811,714.51,711.83,711.84,102990578.42453237
1789041600000,711.9285,712.09,711.0766,711.75,109157493.86349577
1789042500000,711.6739,711.7514,710.5,711.21,148369618.6747393
1789043400000,710.84,711.46,707.41,707.94,375753573.005001
1789044300000,707.97,707.98,706.5,706.76,161678755.9486759
1789045200000,706.83,707.7635,706.82,707.11,161645583.91569084
1789046100000,707.0832,707.5595,706.53,707.48,136208875.55233747
1789047000000,707.565,710.27,706.855,708.77,2329477644.484665
1789047900000,708.82,710.36,707.58,707.83,1139562863.5820072
1789048800000,707.76,709.715,707.76,708.79,738500318.9405534
1789049700000,708.77,711.78,708.11,710.41,1262078952.606097
1789050600000,710.385,712.06,710.385,711.14,789321094.6172067
1789051500000,711.1,711.805,710.5,711.8,505350557.55210423
1789052400000,711.77,711.83,710.61,711.36,867699232.7085401
1789053300000,711.33,711.6,710.21,711.13,656885720.925048
1789054200000,711.13,711.98,710.68,711.51,524978575.44764435
1789055100000,711.54,711.63,709.92,710.395,604422046.3084832
1789056000000,710.38,711.0,709.44,709.77,618916684.3783168
1789056900000,709.81,710.27,709.3325,709.64,462500707.9288294
1789057800000,709.635,710.57,708.63,710.425,531718997.2322665
1789058700000,710.4231,711.25,710.365,711.03,506974952.7045165
1789059600000,711.0079,711.81,710.55,710.82,439324436.7800159
1789060500000,710.84,711.0,710.24,710.49,229919255.14383164
1789061400000,710.468,710.5899,709.67,710.29,386110240.50362986
1789062300000,710.3,710.35,709.8,709.8995,653991119.0663568
1789063200000,709.88,710.23,708.97,709.235,337184175.96341205
1789064100000,709.245,709.705,708.98,709.2099,396263937.7812816
1789065000000,709.17,709.62,708.9213,709.55,318367355.0823595
1789065900000,709.54,710.18,709.0101,709.575,719530202.1063049
1789066800000,709.57,709.6062,708.79,709.1386,512078291.12719035
1789067700000,709.135,709.325,708.67,709.18,378961582.8895467
1789068600000,709.16,709.43,708.83,709.135,679245860.7368664
1789069500000,709.135,709.39,708.28,708.69,1581976635.0424356
1789070400000,708.62,709.1091,708.33,709.0392,719988595.7632126
1789071300000,709.01,709.06,708.69,708.85,39200457.70861965
1789072200000,708.85,709.04,708.83,708.9992,188258472.8059705
1789073100000,708.9999,709.06,708.4848,708.74,21875540.610417143
1789074000000,708.85,709.3599,708.636,709.3599,93944771.10418017
1789074900000,709.36,709.36,708.9,708.9481,327112953.11871445
1789075800000,709.07,709.2,708.4,708.45,15483991.506998744
1789076700000,708.62,708.92,708.4129,708.848,8451682.684579315
1789077600000,708.8,709.05,708.62,708.7694,11175562.047302928
1789078500000,708.82,709.1,708.2,708.21,10768853.911441624
1789079400000,708.28,708.29,707.89,707.9,21872249.9050493
1789080300000,707.8981,708.15,707.7992,707.95,11716372.678403039
1789081200000,707.9175,708.1,707.79,707.9988,10371858.758068483
1789082100000,707.9985,708.0,707.745,707.835,10269504.04173866
1789083000000,707.8401,708.03,707.75,707.8987,7483286.260475001
1789083900000,707.8987,707.8987,706.8497,706.8984,35695264.18268444
1789084800000,707.35,708.57,707.21,708.17,8727179.22
1789085700000,708.28,709.01,707.93,708.84,4738543.37
1789086600000,708.91,709.51,708.43,708.55,11053096.25
1789087500000,708.79,709.43,708.65,709.43,2431829.02
1789088400000,709.43,709.66,709.1,709.1,5013670.09
1789089300000,709.1,709.12,708.59,708.59,4447594.9
1789090200000,708.59,708.85,708.2,708.4,1856137.65
1789091100000,708.4,708.65,708.09,708.65,4514171.96
1789092000000,708.69,708.82,708.5,708.7,4541634.67
1789092900000,708.72,708.72,707.98,708.11,7799662.66
1789093800000,708.12,708.12,707.54,707.55,5382375.22
1789094700000,707.7,708.18,707.58,707.79,414117.8
1789095600000,707.71,707.88,707.06,707.37,4926120.58
1789096500000,707.37,707.54,707.09,707.3,4426620.1
1789097400000,707.17,707.69,706.75,707.57,9658526.41
1789098300000,707.57,707.57,706.79,706.93,1545928.0
1789099200000,706.98,707.72,706.58,707.68,3556521.33
1789100100000,707.78,708.55,707.42,708.48,9158483.33
1789101000000,708.53,708.9,708.38,708.9,3837447.85
1789101900000,708.89,709.11,708.5,708.5,7095036.49
1789102800000,708.55,709.45,708.46,709.45,4910228.54
1789103700000,709.49,709.49,708.71,708.74,2837075.23
1789104600000,708.98,710.25,708.92,710.21,10139767.43
1789105500000,710.12,711.4,709.86,711.2,5389088.43
1789106400000,711.14,711.51,710.78,711.36,5620881.09
1789107300000,711.51,711.6,710.93,710.93,886242.44
1789108200000,710.95,711.21,710.79,711.0,939324.46
1789109100000,711.2,711.82,711.14,711.8,3001744.31
1789110000000,711.66,712.0,711.59,711.75,10530836.64
1789110900000,711.73,711.9,711.3,711.3,2316490.49
1789111800000,711.28,711.39,711.12,711.33,2269565.53
1789112700000,711.13,711.41,711.02,711.41,1675365.88
1789113600000,711.5755,712.015,706.56,711.43,135350815.1032464
1789114500000,711.45,713.11,711.3354,712.0782,31889924.21701563
1789115400000,712.28,713.12,712.25,712.5403,33290080.88737326
1789116300000,712.5,713.38,712.5,713.38,19594254.4058076
1789117200000,713.4,713.6,712.69,712.69,16658268.782053845
1789118100000,712.6,713.0012,712.5315,712.8759,2373965.277130102
1789119000000,712.8851,713.1493,712.8566,712.9812,5569490.630925643
1789119900000,712.96,713.402,712.96,713.3487,3272566.567325844
1789120800000,713.1817,713.75,712.5,713.392,14534842.957560698
1789121700000,713.4,713.5,713.0212,713.1329,11109392.415051704
1789122600000,713.16,713.41,713.16,713.166,6813316.729628526
1789123500000,713.1449,713.22,712.94,713.039,24928374.184454866
1789124400000,713.02,713.1284,708.69,712.65,42856597.57820294
1789125300000,712.69,713.38,712.58,713.1188,21525349.08439656
1789126200000,713.1388,713.5718,712.7193,713.5293,34201343.653876655
1789127100000,713.56,713.72,713.275,713.3491,21588902.56898783
1789128000000,713.4182,713.66,709.221,713.35,28308205.702343408
1789128900000,713.3339,715.0656,713.3261,714.63,60685782.15419116
1789129800000,714.96,715.08,710.49,714.12,480618952.0846745
1789130700000,714.059,717.0661,713.8884,716.88,189181548.20012784
1789131600000,716.9187,717.69,716.08,716.28,273459627.3746807
1789132500000,716.27,716.43,715.44,715.68,82807823.94050474
1789133400000,715.44,716.18,713.93,716.0,1606293460.2217715
1789134300000,715.985,717.04,714.76,716.865,900946302.0735005
1789135200000,716.93,716.93,714.41,715.07,791550916.5032988
1789136100000,715.11,716.83,714.57,716.46,737026522.9097496
1789137000000,716.5,716.55,714.11,714.56,966373760.3448
1789137900000,714.56,715.22,713.65,714.49,827497673.2774757
1789138800000,714.4493,715.98,714.27,715.08,524698871.0440028
1789139700000,715.08,717.45,715.08,717.275,638146444.1559213
1789140600000,717.27,717.62,716.74,717.11,360476732.8194448
1789141500000,717.1,717.1,716.22,716.46,344508329.4538201
1789142400000,716.46,717.26,716.32,716.3899,221050171.33183938
1789143300000,716.35,716.46,715.18,715.25,447728811.85560447
1789144200000,715.2763,716.22,715.05,716.0,338253952.8979086
1789145100000,715.99,716.13,715.555,716.085,215323949.49673897
1789146000000,716.11,716.79,716.09,716.1101,287311377.9928504
1789146900000,716.14,717.13,716.14,716.765,392872652.56447965
1789147800000,716.72,717.09,716.6401,716.76,172843334.22771102
1789148700000,716.74,716.89,716.44,716.51,429439510.8894
1789149600000,716.53,716.71,716.1799,716.2401,503517651.26189554
1789150500000,716.27,716.37,715.72,716.285,571310254.7696877
1789151400000,716.28,716.67,716.04,716.18,271258571.9310414
1789152300000,716.19,716.34,715.88,715.9401,278412042.0984067
1789153200000,715.98,716.05,715.3923,715.6,264525756.30302817
1789154100000,715.655,715.88,715.54,715.605,208862787.14988875
1789155000000,715.59,715.89,715.55,715.79,488786135.03952867
1789155900000,715.79,715.905,714.74,714.88,2286372206.793024
1789156800000,714.93,715.03,714.6412,714.7793,874576124.952776
1789157700000,714.8,716.66,714.67,714.8447,27883901.762054924
1789158600000,714.87,715.12,714.8386,714.95,133325568.64781718
1789159500000,714.95,715.1,714.8164,715.0052,24237727.987990234
1789160400000,715.06,715.0929,714.95,715.04,116798738.38446784
1789161300000,715.0372,715.1923,714.91,714.9984,165481615.96251976
1789162200000,714.9943,715.14,714.8,714.9914,5830731.780308821
1789163100000,714.9914,715.04,714.86,714.9169,3149684.770123858
1789164000000,714.92,715.28,714.92,715.2208,9778636.481884034
1789164900000,715.3002,715.51,715.3,715.4462,17514503.26470696
1789165800000,715.34,715.48,715.3,715.33,4717271.71900897
1789166700000,715.31,715.3292,715.2,715.26,2578529.372540605
1789167600000,715.256,715.29,715.0947,715.26,1699421.2511672457
1789168500000,715.2463,715.4,715.0801,715.0885,3015126.7553337957
1789169400000,715.1,715.2,715.06,715.07,3558288.77902918
1789170300000,715.049,715.18,714.8817,714.8865,2927875.769960925
1789173000000,715.43,715.43,715.43,715.43,19.960497
1789173900000,715.43,715.43,715.43,715.43,38.060876
1789174800000,715.44,715.45,715.44,715.45,40.923447
1789177500000,715.45,715.45,715.45,715.45,27.974095
1789178400000,715.45,715.45,715.45,715.45,22.75131
1789180200000,715.49,715.57,715.49,715.57,240.907827
1789181100000,715.65,715.65,715.65,715.65,27.981915
1789183800000,715.73,715.73,715.73,715.73,33.496164
1789184700000,715.59,715.76,715.59,715.76,77.934398
1789185600000,715.77,715.83,715.77,715.83,529.42368
1789186500000,715.92,715.92,714.9,714.9,2028.474258
1789187400000,715.78,715.78,715.78,715.78,19.970262
1789188300000,715.78,715.78,715.78,715.78,27.986998
1789190100000,715.6,715.6,714.9,714.9,260.49405
1789191900000,715.66,715.66,715.66,715.66,27.982306
1789195500000,715.7,715.7,715.7,715.7,27.98387
1789196400000,715.8,715.8,715.8,715.8,49.96284
1789199100000,715.71,715.71,715.71,715.71,27.984261
1789202700000,715.67,715.67,715.67,715.67,27.982697
1789203600000,715.92,715.92,715.92,715.92,10.02288
1789206300000,715.92,715.92,715.92,715.92,27.992472
1789207200000,714.9,714.9,714.9,714.9,5004.3
1789209900000,715.09,715.09,715.09,715.09,27.960019
1789213500000,715.09,715.09,714.77,714.77,170.946019
1789214400000,715.09,715.09,715.09,715.09,19.951011
1789217100000,715.09,715.09,715.09,715.09,27.960019
1789220700000,715.09,715.09,715.09,715.09,27.960019
1789221600000,715.09,715.09,715.09,715.09,19.951011
1789222500000,715.09,715.09,715.09,715.09,2766.254156
1789223400000,715.09,715.09,715.09,715.09,96.894695
1789224300000,715.09,715.09,714.61,714.61,97.848877
1789225200000,715.09,715.09,715.09,715.09,167.903132
1789226100000,714.59,714.59,714.59,714.59,118.693399
1789227000000,715.09,715.09,715.09,715.09,129.931853
1789227900000,715.09,715.09,715.09,715.09,115.344017
1789228800000,715.09,715.09,715.09,715.09,340.811894
1789231500000,715.09,715.09,715.09,715.09,127.929601
1789235100000,715.09,715.09,715.09,715.09,27.960019
1789237800000,715.09,715.09,715.09,715.09,118.990976
1789238700000,715.09,715.09,715.09,715.09,27.960019
1789240500000,715.09,715.09,715.09,715.09,14.587836
1789241400000,715.09,715.09,714.51,714.51,2368.670641
1789242300000,714.42,715.09,714.34,715.09,4055.80053
1789243200000,715.09,715.09,715.09,715.09,20.594592
1789244100000,714.28,714.28,714.21,714.21,399.9933
1789245000000,714.13,714.4,713.88,713.88,2649.8713
1789245900000,715.09,715.09,715.09,715.09,27.960019
1789249500000,715.09,715.09,715.09,715.09,27.960019
1789250400000,715.09,715.09,715.09,715.09,19.951011
1789253100000,715.09,715.09,715.09,715.09,27.960019
1789254000000,715.09,715.09,714.07,714.07,103.899932
1789256700000,715.09,715.09,715.09,715.09,27.960019
1789257600000,715.09,715.09,715.09,715.09,130.14638
1789259400000,715.09,715.09,715.09,715.09,19.951011
1789260300000,715.09,715.09,715.09,715.09,27.960019
1789261200000,715.09,715.09,715.09,715.09,40.903148
1789263900000,715.09,715.09,715.09,715.09,27.960019
1789264800000,715.09,715.09,715.09,715.09,22.739862
1789265700000,715.09,715.09,714.99,714.99,44.904862
1789267500000,713.91,714.35,713.71,714.29,5233.441739
1789271100000,714.29,714.29,713.25,713.25,6135.405739
1789272000000,713.67,713.67,713.67,713.67,99.9138
1789273800000,713.67,713.67,713.67,713.67,19.98276
1789274700000,713.13,713.67,713.13,713.67,134.945364
1789276500000,713.67,713.81,712.72,712.72,3415.993815
1789278300000,712.99,712.99,712.99,712.99,27.949208
1789279200000,712.99,712.99,712.63,712.63,99.864699
1789280100000,712.57,712.63,712.35,712.35,2237.1687
1789281900000,712.99,712.99,712.16,712.16,1651.878208
1789282800000,712.53,712.53,711.8,712.05,1438.330153
1789285500000,712.44,712.44,711.85,711.85,177.487392
1789286400000,711.79,711.79,711.75,711.75,782.961
1789287300000,711.65,711.65,711.01,711.01,3187.1844
1789288200000,710.91,710.91,710.63,710.63,4207.6489
1789289100000,710.57,710.81,709.95,709.95,3344.510433
1789290000000,710.27,710.27,710.27,710.27,199.941005
1789292700000,710.27,710.27,709.03,709.03,15051.076812
1789293600000,709.02,709.31,708.9,709.31,3463.451012
1789295400000,708.82,709.21,708.72,708.72,2077.403389
1789296300000,708.86,708.99,708.61,708.99,4319.21736
1789297200000,708.99,708.99,708.32,708.61,1115.571073
1789298100000,708.82,708.82,708.0,708.0,3615.306664
1789299000000,708.76,708.76,708.76,708.76,822.1616
1789299900000,708.99,709.16,707.61,708.35,13452.706768
1789300800000,709.08,709.15,707.26,707.83,22987.569577
1789301700000,708.61,708.65,708.15,708.42,1105.000224
1789302600000,708.65,708.83,707.0,707.0,8787.930499
1789303500000,708.39,708.39,707.34,708.04,9097.193507
1789304400000,708.04,708.28,706.77,707.67,8383.307963
1789305300000,707.92,708.33,706.08,706.18,13671.70479
1789307100000,707.68,708.9,706.77,708.9,9542.482375
1789308000000,708.9,708.9,708.9,708.9,69.89754
1789308900000,708.9,708.9,708.9,708.9,14.95779
1789309800000,708.9,708.9,708.9,708.9,126.8931
1789310700000,708.9,708.9,707.76,708.8,9101.700822
1789311600000,708.8,708.9,708.07,708.81,5551.442644
1789312500000,708.81,708.81,708.81,708.81,303.016275
1789313400000,708.81,708.81,708.81,708.81,129.924873
1789314300000,708.81,708.9,707.42,708.51,5588.738613
1789315200000,708.51,708.51,708.51,708.51,700.149582
1789316100000,708.51,709.4,708.51,709.4,8903.578889
1789317900000,709.17,709.64,708.19,708.93,5456.933454
1789318800000,708.93,708.93,708.93,708.93,19.991826
1789320600000,708.93,708.93,708.18,708.18,593.851007
1789321500000,708.82,708.82,708.82,708.82,27.99839
1789322400000,708.82,708.86,708.82,708.86,250.722994
1789324200000,709.29,709.29,708.65,708.81,5116.199433
1789325100000,708.63,708.93,708.53,708.53,2628.420442
1789326900000,708.49,708.93,708.27,708.27,6308.034736
1789328700000,708.73,708.73,708.73,708.73,27.994835
1789329600000,708.73,708.73,708.73,708.73,20.55317
1789332300000,708.73,708.73,708.73,708.73,27.994835
1789335900000,708.73,708.86,708.73,708.86,3735.020635
1789336800000,708.57,708.57,706.93,706.93,10835.328182
1789337700000,707.18,707.18,707.18,707.18,572.8158
1789339500000,707.18,707.28,707.18,707.28,27.93731
1789340400000,707.28,707.28,707.28,707.28,20.016024
1789341300000,707.28,707.32,707.28,707.32,1001.253152
1789343100000,707.32,707.5,707.32,707.5,57.942594
1789344000000,706.49,707.49,706.3,707.0,40123963.68
1789344900000,707.0,707.17,705.75,705.98,26830101.09
1789345800000,706.01,706.5,705.88,706.49,18856667.82
1789346700000,706.5,706.7,705.97,705.98,8853325.18
1789347600000,705.96,706.5,705.64,705.98,17613955.89
1789348500000,705.89,706.13,705.6,706.01,10424306.24
1789349400000,706.1,706.5,705.69,706.29,7919016.85
1789350300000,706.27,707.35,706.27,707.3,10982473.13
1789351200000,707.29,707.53,706.96,707.4,6182999.98
1789352100000,707.29,707.46,707.05,707.2,2989398.18
1789353000000,707.15,707.41,706.64,706.84,6777599.83
1789353900000,706.75,707.34,706.74,706.88,4330383.81
1789354800000,706.9,707.05,706.34,706.36,11777945.13
1789355700000,706.52,706.52,705.87,706.25,6500813.5
1789356600000,706.31,706.31,705.89,706.01,3243410.12
1789357500000,706.04,706.12,705.88,706.05,6620251.73
1789358400000,706.06,706.43,705.89,705.91,11622132.6
1789359300000,705.89,706.16,705.71,706.06,7835260.07
1789360200000,706.07,706.2,705.68,705.83,4116843.03
1789361100000,705.83,706.42,705.82,706.0,3128694.02
1789362000000,706.02,706.24,705.87,706.05,3431323.37
1789362900000,706.04,706.04,705.65,705.85,2216209.27
1789363800000,705.88,706.05,705.31,705.5,6191709.79
1789364700000,705.58,705.86,705.37,705.86,2345259.48
1789365600000,705.94,706.44,705.86,706.23,6803442.51
1789366500000,706.25,706.4,705.99,706.4,6740144.65
1789367400000,706.36,706.36,705.6,705.75,6257272.94
1789368300000,705.87,706.0,704.98,705.06,12246511.57
1789369200000,705.06,705.12,704.15,704.9,14879277.25
1789370100000,704.89,705.23,704.39,704.39,5534807.51
1789371000000,704.4,704.62,703.78,703.93,6656794.64
1789371900000,703.97,704.04,703.33,703.57,5299619.62
1789372800000,703.63,706.4677,703.27,703.952,203307881.83224684
1789373700000,703.959,703.96,702.61,702.61,31808960.45930096
1789374600000,702.6005,703.6,702.54,703.09,44363757.485113315
1789375500000,703.0985,703.24,702.0,702.64,40491775.05075664
1789376400000,702.668,702.95,701.65,701.89,24762034.239306018
1789377300000,701.9,702.06,701.155,702.05,36790699.55318913
1789378200000,702.2,702.3946,701.8063,701.96,24183352.39774219
1789379100000,702.02,702.2412,701.7417,702.1065,12346153.457431206
1789380000000,702.2,702.74,702.08,702.57,16683365.6711347
1789380900000,702.61,703.4396,702.2626,703.4396,15329015.456719333
1789381800000,703.4195,704.15,703.3,704.04,24448714.7627683
1789382700000,703.9997,704.16,703.61,703.91,26217804.44368217
1789383600000,703.86,704.3485,703.5822,704.12,90287743.2824593
1789384500000,704.13,705.06,704.12,704.955,88858962.10191591
1789385400000,704.94,704.96,704.0,704.34,54172902.33646708
1789386300000,704.38,704.688,703.77,703.9007,50487731.14879933
1789387200000,703.898,703.898,702.95,703.5049,100418574.27392538
1789388100000,703.5092,704.284,703.37,703.66,35023604.84722335
1789389000000,703.58,703.93,702.05,703.192,114366785.73315515
1789389900000,703.24,703.32,702.185,702.74,45753999.11443035
1789390800000,702.76,702.76,701.5,702.6785,117169377.14014854
1789391700000,702.6992,703.7495,702.67,703.4,135853222.38109916
1789392600000,703.29,704.53,702.75,704.485,2705665415.3533
1789393500000,704.49,706.74,704.48,705.785,1754587585.3893647
1789394400000,705.7401,707.7699,705.7,707.42,1009780642.7742
1789395300000,707.43,707.62,705.11,705.78,1112345938.9904654
1789396200000,705.7924,706.1,704.5901,705.44,696278478.4593414
1789397100000,705.45,706.11,704.93,705.91,528758342.7529
1789398000000,705.905,707.55,705.27,706.16,856453770.8006315
1789398900000,706.16,707.76,706.05,707.55,598025531.5657789
1789399800000,707.53,710.6466,707.38,710.435,1280001625.9813526
1789400700000,710.46,710.5,709.56,709.8376,1079563747.8626
1789401600000,709.79,709.8849,708.84,709.49,663202424.1273
1789402500000,709.48,711.12,709.48,710.3,537155486.9224
1789403400000,710.19,710.9,710.05,710.9,421293388.1318208
1789404300000,710.94,712.3,710.5901,711.86,882285493.8551452
1789405200000,711.8301,712.2862,711.39,711.755,246317056.078
1789406100000,711.755,712.35,711.36,712.348,567660510.4233651
1789407000000,712.35,712.5,712.09,712.381,493643269.24402475
1789407900000,712.4,712.95,712.39,712.413,303658564.49207073
1789408800000,712.455,712.865,712.1022,712.435,271978990.7223133
1789409700000,712.47,712.62,711.812,711.91,272683841.950903
1789410600000,711.95,712.42,711.85,712.13,344275780.68240064
1789411500000,712.15,712.25,711.7425,711.84,298903267.8353254
1789412400000,711.83,711.86,711.12,711.23,397106130.42305845
1789413300000,711.24,711.24,710.855,711.035,513184781.58717114
1789414200000,711.0499,711.18,710.665,710.78,826076580.3346
1789415100000,710.73,711.01,709.09,709.18,3779258820.9857655
1789416000000,709.2,709.618,709.18,709.56,1067336511.7240171
1789416900000,709.55,710.05,709.23,709.96,139509267.51460314
1789417800000,709.9657,710.1,709.8277,709.99,21477828.900673833
1789418700000,710.02,710.39,710.0101,710.3,128843138.51504841
1789419600000,710.3,710.3545,709.97,709.97,128867606.8061089
1789420500000,709.98,710.29,709.7118,709.79,12929469.294623936
1789421400000,709.7105,709.81,709.6288,709.7259,12797679.255401218
1789422300000,709.7285,709.97,709.7216,709.96,155698623.32723683
1789423200000,710.16,710.22,709.562,709.6,27135059.73084701
1789424100000,709.6002,709.7367,709.39,709.5878,5931562.293369522
1789425000000,709.5374,709.73,709.44,709.5499,3960535.895628197
1789425900000,709.4912,709.8858,709.4912,709.62,6303293.203498541
1789426800000,709.49,709.7613,709.3424,709.6437,8064915.891975267
1789427700000,709.6041,709.64,709.4,709.5175,6564982.084861905
1789428600000,709.49,709.65,709.49,709.6082,5633239.255614352
1789429500000,709.5982,709.65,709.26,709.6282,25943660.391784947
1789430400000,709.67,709.78,708.91,709.65,7070542.8
1789431300000,709.6,709.79,709.1,709.63,4629039.4
1789432200000,709.63,710.38,709.56,710.24,4434156.18
1789433100000,710.3,710.38,709.86,709.86,7835546.66
1789434000000,709.88,710.42,709.69,710.32,5794399.1
1789434900000,710.35,710.5,710.0,710.0,7737252.48
1789435800000,709.98,709.98,709.0,709.18,6489137.22
1789436700000,709.18,709.9,709.0,709.66,1672012.64
1789437600000,709.71,710.0,709.58,709.73,2523137.37
1789438500000,709.61,709.68,709.5,709.54,151840.63
1789439400000,709.68,709.8,709.5,709.66,497473.11
1789440300000,709.63,709.88,709.57,709.72,668607.35
1789441200000,709.79,709.79,709.33,709.5,807428.58
1789442100000,709.4,709.46,709.25,709.4,588010.21
1789443000000,709.25,709.48,709.23,709.34,435493.84
1789443900000,709.41,709.41,708.6,708.6,2160758.7
1789444800000,708.58,709.03,708.49,708.57,798632.37
1789445700000,708.57,708.57,707.71,707.71,6159438.56
1789446600000,708.0,708.0,707.4,707.86,9930285.12
1789447500000,707.9,708.17,707.12,707.16,5209446.97
1789448400000,707.1,707.29,706.31,706.42,2938714.99
1789449300000,706.43,706.83,706.06,706.78,1907637.28
1789450200000,706.78,707.61,706.6,707.61,2680118.43
1789451100000,707.72,708.25,707.55,707.65,4897043.08
1789452000000,707.8,708.03,707.48,707.48,1113394.76
1789452900000,707.77,708.0,707.57,707.57,1521982.96
1789453800000,707.48,707.5,706.91,707.0,2995589.82
1789454700000,706.97,707.22,706.84,707.11,1966411.49
1789455600000,706.99,707.6,706.45,706.47,3331650.4
1789456500000,706.53,707.76,706.53,706.89,1582314.98
1789457400000,707.11,707.25,706.12,706.2,4555987.24
1789458300000,706.12,706.57,705.75,706.06,4477133.41
1789459200000,706.26,709.18,704.15,705.19,104231040.97674862
1789460100000,705.23,705.9959,705.16,705.5,15570717.907478288
1789461000000,705.34,705.58,705.025,705.14,11422981.507727064
1789461900000,705.0,705.38,704.9324,705.15,5660637.172556413
1789462800000,705.1477,705.39,704.6,704.825,24688940.971660424
1789463700000,704.56,705.1,704.3,705.0212,9686264.310638834
1789464600000,705.08,705.76,704.8,705.6715,28815249.570328172
1789465500000,705.72,706.9,705.709,706.71,30561524.68811664
1789466400000,706.7853,707.35,706.58,706.8844,8177566.976378712
1789467300000,706.8,707.28,706.65,707.2601,10539124.09690827
1789468200000,707.26,707.7,707.1254,707.5185,21969953.523148824
1789469100000,707.4315,708.15,707.3584,708.13,23973472.3924029
1789470000000,708.07,709.18,708.0517,708.6,35526095.1118821
1789470900000,708.643,708.88,708.27,708.3504,16896300.510829113
1789471800000,708.31,708.48,708.0,708.4154,15840034.186242169
1789472700000,708.3624,708.72,708.3,708.65,13336581.553532006
1789473600000,708.6477,709.17,708.3417,709.05,22407065.66361589
1789474500000,709.1,709.2,708.2,708.78,25324557.848667577
1789475400000,708.76,708.98,708.3,708.72,27985612.29556903
1789476300000,708.7187,710.27,708.6592,709.1,77087035.54187436
1789477200000,709.0575,709.318,708.86,708.96,43230792.31519717
1789478100000,708.9704,709.1896,708.5,708.7381,41903266.47887889
1789479000000,708.76,709.23,707.56,709.145,1397076135.2167802
1789479900000,709.13,709.5299,708.43,708.95,711213082.9899
1789480800000,708.95,709.01,706.82,706.925,824473892.4694
1789481700000,706.93,707.43,705.95,706.555,651719329.7681959
1789482600000,706.55,706.73,705.3,705.585,776999990.1696863
1789483500000,705.595,705.92,703.906,704.48,902419406.5413307
1789484400000,704.475,705.66,704.475,705.275,601834307.5019975
1789485300000,705.27,705.81,705.1,705.6595,432590326.4019622
1789486200000,705.66,705.8048,704.9625,705.6,385057386.7960652
1789487100000,705.58,706.02,704.98,705.32,394790373.623983
1789488000000,705.35,705.61,704.4901,704.53,282665787.88108265
1789488900000,704.535,705.92,704.46,705.51,435155454.62315154
1789489800000,705.505,705.75,705.1104,705.39,210286943.48841023
1789490700000,705.39,706.0,705.1205,705.44,258138051.84099767
1789491600000,705.44,705.52,704.6307,704.825,398498382.4806747
1789492500000,704.84,705.12,704.55,704.8,216002676.42553967
1789493400000,704.81,705.13,704.53,704.85,364485496.511838
1789494300000,704.825,705.1985,704.6,705.0,495880277.8814381
1789495200000,705.0,705.57,704.82,705.38,589253688.3975353
1789496100000,705.41,705.46,704.985,705.395,350871296.01248944
1789497000000,705.3982,705.3987,704.65,704.68,452370310.6211317
1789497900000,704.685,704.755,704.1906,704.7304,442672945.47054476
1789498800000,704.73,704.88,704.4,704.4561,394055314.6406
1789499700000,704.445,704.53,704.23,704.36,528849928.06758475
1789500600000,704.35,704.4278,703.8,704.085,707847536.1721125
1789501500000,704.08,704.645,703.635,704.54,2146775653.751794
1789502400000,704.61,705.5648,704.54,705.5,1251364216.5057833
1789503300000,705.46,705.4944,704.54,705.1446,63484835.55435806
1789504200000,705.1392,705.4042,705.07,705.3,49728651.95818135
1789505100000,705.28,708.68,705.2677,705.3635,36156750.171839826
1789506000000,705.187,705.41,705.15,705.16,89435306.16841146
1789506900000,705.16,705.2299,704.97,704.97,4108947.0575614916
1789507800000,704.9994,704.9994,704.7142,704.8,38346936.67058477
1789508700000,704.7715,704.8,704.6,704.7728,11720001.014864525
1789509600000,704.8,705.13,704.76,704.845,45541146.086775295
1789510500000,704.8468,705.1263,704.8468,704.9651,3756192.105326533
1789511400000,704.9951,705.44,704.9832,705.3143,21640063.261789557
1789512300000,705.3464,705.54,705.2801,705.35,13815579.3577969
1789513200000,705.3281,705.4099,705.2637,705.316,42122372.34150269
1789514100000,705.3167,705.32,705.01,705.0143,20098508.46382568
1789515000000,705.07,705.44,705.0,705.302,2192096.9374744636
1789515900000,705.398,705.44,705.15,705.21,4078615.193655406
1789516800000,705.4,705.65,704.89,705.41,929470.29
1789517700000,705.3,705.48,705.11,705.35,2445206.29
1789518600000,705.35,705.5,705.1,705.28,1168062.53
1789519500000,705.32,705.54,705.2,705.3,80406.88
1789520400000,705.32,705.45,704.54,705.45,3178338.61
1789521300000,705.45,705.63,705.21,705.44,4952402.25
1789522200000,705.42,705.42,704.61,704.89,1611159.7
1789523100000,704.89,705.06,704.17,704.24,8802645.0
1789524000000,704.24,704.93,704.22,704.35,5265147.83
1789524900000,704.38,705.35,704.38,705.35,3066774.48
1789525800000,705.35,705.5,704.9,705.01,6738397.5
1789526700000,705.01,705.5,705.01,705.5,1506675.45
1789527600000,705.51,706.4,705.51,706.39,5638845.67
1789528500000,706.41,707.22,706.39,706.45,6292324.68
1789529400000,706.37,706.47,705.93,706.4,3119537.42
1789530300000,706.5,706.8,706.49,706.67,1354765.51
1789531200000,706.67,706.88,706.64,706.73,2938080.54
1789532100000,706.7,706.86,706.45,706.45,2434573.49
1789533000000,706.44,706.44,705.91,706.06,2078768.85
1789533900000,706.06,706.37,705.99,705.99,304351.62
1789534800000,706.02,706.31,705.57,706.15,1805857.01
1789535700000,706.22,706.48,706.2,706.33,1513072.82
1789536600000,706.45,706.98,706.32,706.91,4018824.09
1789537500000,706.94,707.0,706.44,706.76,1544922.22
1789538400000,706.88,707.61,706.63,707.37,10924554.74
1789539300000,707.3,707.45,706.63,706.63,5905456.67
1789540200000,706.79,707.0,706.66,706.98,1089828.28
1789541100000,706.96,707.48,706.75,707.46,2098874.41
1789542000000,707.58,708.15,707.49,708.0,5560434.05
1789542900000,707.94,708.11,707.55,707.97,2314630.98
1789543800000,708.05,708.22,707.51,707.51,5952508.86
1789544700000,707.57,707.7,707.36,707.52,4418688.52
1789545600000,706.2,708.21,704.54,706.99,86599653.07030322
1789546500000,707.12,707.73,706.7487,706.85,8026255.831175896
1789547400000,707.09,707.45,706.56,706.996,9793083.590373771
1789548300000,707.0422,707.67,706.9315,707.66,5579577.716108698
1789549200000,707.7085,707.88,707.3,707.3,8921233.369047126
1789550100000,707.3,707.6117,706.85,707.3082,3862354.900108801
1789551000000,707.2738,708.11,707.2149,707.9,7580217.678711659
1789551900000,707.93,708.13,707.6,707.9,3364035.8340202207
1789552800000,707.84,708.0,707.35,707.6682,14316086.551824609
1789553700000,707.6115,707.78,707.4712,707.7685,4564512.302815136
1789554600000,707.7017,707.9687,707.6715,707.9387,4136197.63941606
1789555500000,707.83,708.3,707.6,708.25,10522080.61116396
1789556400000,708.29,708.75,704.54,707.67,79541558.92694478
1789557300000,707.67,707.9987,707.4633,707.82,72913302.67952906
1789558200000,707.82,708.67,707.7713,708.539,118095666.30938406
1789559100000,708.5588,708.66,708.3811,708.66,32958822.195074767
1789560000000,708.64,709.21,705.068,708.85,35321746.93482709
1789560900000,708.83,709.12,708.8,709.0,53830161.84044747
1789561800000,709.0,709.0633,707.52,707.56,55054611.32076112
1789562700000,707.56,708.43,704.54,708.41,28999312.367307615
1789563600000,708.28,708.58,707.45,708.3679,45755635.928598545
1789564500000,708.36,708.66,707.9317,708.04,25856934.83211388
1789565400000,708.06,708.81,707.65,708.39,1104162098.436
1789566300000,708.4,710.25,708.35,710.21,825346853.8583384
1789567200000,710.22,710.27,708.75,709.52,574072451.609
1789568100000,709.49,710.1399,709.37,709.5801,360772104.0202867
1789569000000,709.565,709.89,708.95,709.89,426923786.76918125
1789569900000,709.8896,710.73,709.52,710.6579,483773661.43269455
1789570800000,710.72,711.55,710.35,711.28,704484190.5022504
1789571700000,711.311,711.311,710.62,710.87,330145606.1155739
1789572600000,710.9,710.96,710.3,710.6,373477294.9751
1789573500000,710.59,711.85,710.4404,710.6301,448421675.66584295
1789574400000,710.67,710.73,710.01,710.3099,218700062.81026307
1789575300000,710.33,710.5995,709.93,710.35,185126652.1373278
1789576200000,710.34,710.41,709.87,710.0,287816177.04861784
1789577100000,710.01,710.52,709.91,709.965,167972768.26503706
1789578000000,709.98,709.98,709.28,709.75,224072823.0920637
1789578900000,709.755,709.86,709.38,709.685,157014637.6567404
1789579800000,709.7,709.83,708.772,708.879,429062730.25634664
1789580700000,708.89,710.21,708.88,710.19,473871900.70774674
1789581600000,710.21,711.65,708.6,709.89,1463758518.7512
1789582500000,709.885,710.29,708.45,709.6651,745523909.4261
1789583400000,709.5878,710.62,705.895,709.31,1558007760.3
1789584300000,709.29,710.07,704.02,704.28,1540056050.9243
1789585200000,704.31,706.02,701.35,701.9099,2178971375.6025
1789586100000,701.855,702.67,700.0,701.89,2151592288.5028
1789587000000,701.875,703.68,701.655,702.8601,1678118404.5493
1789587900000,702.88,705.03,702.86,704.72,2191022391.2071
1789588800000,704.75,705.3832,704.55,705.0486,278423507.9794
1789589700000,704.99,705.1441,704.25,704.48,144340406.02455065
1789590600000,704.565,705.15,704.4254,704.92,33966575.1084415
1789591500000,704.92,705.24,704.8,705.03,109135244.83638494
1789592400000,705.0585,705.649,704.9035,705.0485,40681546.75434608
1789593300000,705.0456,705.18,704.99,705.0,6219699.641315557
1789594200000,705.0,705.75,704.93,705.7268,9250382.57161777
1789595100000,705.61,705.74,705.35,705.44,12636436.030548472
1789596000000,705.41,705.55,704.71,705.53,36790829.10783388
1789596900000,705.54,706.53,705.43,706.4,60535866.785445
1789597800000,706.41,707.46,706.35,707.19,14637121.050964316
1789598700000,707.21,707.3,706.86,707.0,35962788.990617886
1789599600000,707.035,707.59,707.03,707.42,13854935.127920145
1789600500000,707.52,708.6075,707.52,708.16,26502526.976771343
1789601400000,708.239,709.28,708.2082,709.0313,13057274.134010538
1789602300000,709.0899,709.54,709.014,709.46,49250658.15961655
1789603200000,709.49,709.79,708.65,708.65,10221033.83
1789604100000,708.6,709.4,708.56,709.21,4750660.18
1789605000000,709.16,710.1,709.15,709.75,7161082.28
1789605900000,709.67,709.9,709.08,709.63,5778658.58
1789606800000,709.46,710.06,709.17,709.47,3425625.64
1789607700000,709.55,709.57,709.28,709.44,5755324.24
1789608600000,709.49,709.98,709.04,709.37,6786307.93
1789609500000,709.39,709.42,708.5,708.79,6775996.44
1789610400000,708.79,709.22,708.5,708.62,6764451.74
1789611300000,708.6,708.95,708.55,708.68,4158805.12
1789612200000,708.83,709.6,708.83,709.48,10067549.98
1789613100000,709.46,709.47,708.8,708.8,2857041.58
1789614000000,708.9,709.34,708.8,709.32,1217445.13
1789614900000,709.32,709.46,709.03,709.37,2431610.27
1789615800000,709.4,709.8,709.28,709.79,1522373.22
1789616700000,709.79,709.91,709.33,709.79,1646590.78
1789617600000,709.73,709.95,709.63,709.63,1390603.16
1789618500000,709.75,709.75,709.28,709.54,1427504.49
1789619400000,709.51,709.89,709.29,709.88,1778763.16
1789620300000,709.79,710.0,709.39,709.51,1315212.19
1789621200000,709.58,709.58,709.15,709.15,1568523.42
1789622100000,709.05,709.23,708.85,709.05,5931973.02
1789623000000,709.04,709.04,708.11,708.11,3619622.15
1789623900000,708.18,708.38,707.66,707.7,3357312.57
1789624800000,707.67,708.6,707.6,708.15,3208143.82
1789625700000,707.94,709.35,707.8,709.35,7904794.9
1789626600000,709.37,709.95,709.34,709.83,4160865.59
1789627500000,709.78,710.01,709.68,709.96,6376513.08
1789628400000,709.96,711.25,709.76,710.88,16792957.8
1789629300000,710.9,711.91,710.9,711.91,5153454.46
1789630200000,711.92,712.26,711.63,711.87,6100638.82
1789631100000,711.8,711.82,710.98,711.15,5866054.15
1789632000000,708.4,712.24,707.5617,710.6013,143951747.12735713
1789632900000,710.62,711.11,710.36,711.11,13479308.41619827
1789633800000,711.0987,711.59,710.8997,711.42,28793304.695892286
1789634700000,711.39,712.2,711.39,712.03,11725231.985490844
1789635600000,712.1182,712.92,712.1,712.45,22711000.742738854
1789636500000,712.4487,712.47,712.0,712.0095,13145435.812202072
1789637400000,712.07,712.44,712.0,712.3688,2791546.834623307
1789638300000,712.315,712.59,711.7912,712.14,7503760.824548888
1789639200000,712.15,712.63,712.08,712.448,10859362.118391447
1789640100000,712.4385,712.86,712.21,712.62,5395031.691247233
1789641000000,712.67,712.9,712.2,712.356,33824012.97925066
1789641900000,712.26,712.81,712.22,712.76,9804407.68670828
1789642800000,712.7106,713.35,712.5,712.8696,41399961.325892664
1789643700000,712.8668,712.91,712.2815,712.6,40240101.209532045
1789644600000,712.5667,712.61,712.1845,712.1845,12665908.657176401
1789645500000,712.15,713.64,712.07,713.64,48017082.83665659
1789646400000,713.598,715.0397,713.0,714.7,128774301.15822631
1789647300000,714.71,716.13,714.6542,716.11,75853557.17437065
1789648200000,716.1,716.75,715.8567,716.02,166307202.02047685
1789649100000,716.0,716.26,715.72,716.1,73054948.79113694
1789650000000,715.99,716.72,715.9254,716.29,69277872.72892356
1789650900000,716.2679,716.5,715.75,715.93,77767151.47905125
1789651800000,716.05,716.37,713.32,714.21,1948141449.3085
1789652700000,714.23,715.495,713.8,715.37,942369875.2221155
1789653600000,715.34,716.02,714.16,715.85,780588978.3184755
1789654500000,715.85,716.61,715.4605,715.96,834635832.1410894
1789655400000,715.98,716.8,715.9,716.04,812711559.9606042
1789656300000,716.05,716.12,714.92,715.175,853607670.8601167
1789657200000,715.23,715.48,714.58,715.29,828676390.3860965
1789658100000,715.26,716.03,715.03,715.86,315387874.63926005
1789659000000,715.86,716.65,715.69,716.53,308317633.681442
1789659900000,716.52,716.74,716.27,716.67,405686817.82159454
1789660800000,716.71,716.76,716.075,716.63,254600892.7856694
1789661700000,716.645,716.9386,716.4,716.815,407845805.49634546
1789662600000,716.81,716.8839,716.105,716.7901,534767390.5865324
1789663500000,716.7951,716.86,715.8,716.6974,354866723.2298295
1789664400000,716.68,717.16,716.43,716.45,419940494.8611625
1789665300000,716.4858,716.72,716.2201,716.32,209880061.90312567
1789666200000,716.34,716.61,716.112,716.59,328252129.66126686
1789667100000,716.57,716.76,716.35,716.68,269909108.8973939
1789668000000,716.7,716.825,716.275,716.415,669203394.6443053
1789668900000,716.41,716.6496,716.195,716.33,556562272.4357
1789669800000,716.36,716.5,715.86,716.1099,970449200.886154
1789670700000,716.13,716.37,716.08,716.24,430402962.9476373
1789671600000,716.3,716.95,716.225,716.7,690664687.7748833
1789672500000,716.705,716.86,716.44,716.53,934762941.0781095
1789673400000,716.525,717.34,716.505,717.29,1166339901.1314428
1789674300000,717.29,718.0401,716.6,716.92,3162444039.875748
1789675200000,716.83,716.92,716.3607,716.4,1576638806.1773324
1789676100000,716.39,716.92,716.17,716.1741,604459804.6066954
1789677000000,716.17,716.35,716.15,716.1708,31017496.14499676
1789677900000,716.2031,716.44,716.13,716.35,63699783.05271637
1789678800000,716.4296,716.5,716.2057,716.461,214299155.24561736
1789679700000,716.49,716.55,716.4507,716.5,2675345.1511776554
1789680600000,716.51,716.6,716.5,716.6,2793853.246066857
1789681500000,716.5935,716.67,716.563,716.65,250354376.40604964
1789682400000,716.58,716.58,715.8,715.97,36970104.66605629
1789683300000,715.97,715.9859,715.44,715.45,20264086.706121814
1789684200000,715.4795,715.5107,715.26,715.38,15213782.418949762
1789685100000,715.3985,715.59,715.2715,715.59,20315645.633236762
1789686000000,715.6,716.14,715.6,715.7,52375957.78821602
1789686900000,715.71,715.88,715.5388,715.6346,5380532.944060915
1789687800000,715.6338,715.9496,715.6,715.79,5876423.061431502
1789688700000,715.8,715.8699,715.6487,715.7966,5621562.8200737685
1789689600000,716.14,716.29,715.46,715.95,3726322.61
1789690500000,715.95,716.01,715.7,715.72,4615618.6
1789691400000,715.72,715.95,715.15,715.55,3030443.99
1789692300000,715.49,715.59,715.1,715.2,2846636.93
1789693200000,715.32,715.55,715.05,715.26,6208425.84
1789694100000,715.05,715.07,714.8,715.0,687784.52
1789695000000,715.02,715.44,714.9,715.2,1240067.33
1789695900000,715.25,715.57,715.25,715.51,2745943.69
1789696800000,715.55,715.61,715.22,715.42,3801757.25
1789697700000,715.43,715.76,715.39,715.62,2280310.43
1789698600000,715.7,715.93,715.66,715.91,853974.88
1789699500000,715.87,716.1,715.79,715.87,5431262.0
1789700400000,715.84,716.9,715.84,716.81,996679.54
1789701300000,716.81,716.94,716.59,716.85,3367687.58
1789702200000,716.8,717.2,716.74,717.15,880567.69
1789703100000,717.22,717.56,717.22,717.29,2842474.03
1789704000000,717.37,717.66,717.37,717.65,503721.06
1789704900000,717.68,717.72,717.4,717.71,640093.69
1789705800000,717.77,718.4,717.68,718.35,2535147.39
1789706700000,718.35,718.72,718.13,718.64,3964045.9
1789707600000,718.65,718.77,718.54,718.66,1984937.68
1789708500000,718.75,719.06,718.64,718.87,1684922.07
1789709400000,718.99,719.7,718.9,719.7,4131559.95
1789710300000,719.72,719.86,719.38,719.6,9524131.86
1789711200000,719.65,720.45,719.65,720.42,5717759.1
1789712100000,720.42,720.73,720.2,720.49,5215470.97
1789713000000,720.6,721.28,720.49,720.96,5923644.13
1789713900000,721.0,721.33,720.93,721.26,3004756.03
1789714800000,721.3,721.75,721.09,721.4,6405461.59
1789715700000,721.32,722.34,721.31,722.28,5938716.12
1789716600000,722.31,722.42,721.74,721.8,8988398.55
1789717500000,721.84,722.02,721.42,721.55,6344027.37
1789718400000,721.52,722.39,716.92,721.1212,129554288.97726925
1789719300000,721.1387,721.56,720.76,720.79,8690399.629050152
1789720200000,720.74,721.1515,720.7,721.13,13932414.008314406
1789721100000,721.21,721.28,720.67,720.6996,4641667.38019492
1789722000000,720.6987,720.71,720.3995,720.46,9470229.4963402
1789722900000,720.4685,720.8,720.1829,720.24,4820614.458484358
1789723800000,720.199,720.2,719.4,719.4,9627503.026075743
1789724700000,719.41,719.78,719.39,719.4097,4199803.67373682
1789725600000,719.445,719.71,719.4249,719.71,23834179.751526892
1789726500000,719.83,720.3,719.8235,720.3,27306080.513955105
1789727400000,720.36,720.9,720.3425,720.65,32630898.209905177
1789728300000,720.6476,720.65,720.2037,720.3692,8030464.0739342
1789729200000,720.285,720.792,716.92,719.79,34884384.63645892
1789730100000,719.7167,719.7766,719.0659,719.18,24626510.91801452
1789731000000,719.1686,719.85,719.15,719.1784,13073408.789077729
1789731900000,719.15,719.52,719.01,719.31,29680204.418089572
1789732800000,719.4482,719.66,718.101,718.15,89720641.19575787
1789733700000,718.16,718.36,717.665,717.8403,45122122.243546724
1789734600000,717.87,718.3454,717.79,718.22,54382089.04230803
1789735500000,718.1884,718.3,716.92,717.841,36248663.534662426
1789736400000,717.8785,718.169,717.57,718.09,47487740.40959215
1789737300000,718.12,718.98,717.1,718.72,126775168.692786
1789738200000,718.84,719.54,718.45,718.87,2072577253.099706
1789739100000,718.87,719.35,717.64,717.9299,1174296294.735
1789740000000,717.91,718.08,716.4,716.4801,1487131194.4778
1789740900000,716.49,717.16,715.895,716.7,908274250.2677857
1789741800000,716.705,717.2535,716.13,716.38,414654436.40091896
1789742700000,716.38,717.65,716.2201,717.43,1071302146.0842522
1789743600000,717.43,717.73,716.645,716.74,622956135.1861715
1789744500000,716.75,717.36,716.555,717.25,2749987953.2731085
1789745400000,717.24,717.38,716.34,716.61,505908199.6340109
1789746300000,716.63,716.8,716.15,716.29,337393252.3333959
1789747200000,716.275,716.63,716.0501,716.295,1069886774.7397177
1789748100000,716.275,716.605,715.08,716.065,584505627.5697286
1789749000000,716.07,716.58,715.87,716.485,470678497.8336026
1789749900000,716.46,716.87,716.12,716.74,270805218.10255915
1789750800000,716.745,717.08,716.55,717.03,263607811.29488343
1789751700000,717.04,717.29,717.0,717.07,491692600.3085
1789752600000,717.06,717.56,716.851,717.55,322998254.4573134
1789753500000,717.55,717.67,717.435,717.59,302858992.505726
1789754400000,717.59,717.7,717.211,717.3498,711022420.1833829
1789755300000,717.34,718.16,717.33,717.95,697260690.6506978
1789756200000,717.9799,718.211,717.805,718.2041,231971273.73321518
1789757100000,718.2,719.6,718.195,719.13,1114009092.0099008
1789758000000,719.19,719.64,719.1199,719.24,1388815308.5510578
1789758900000,719.235,719.47,719.075,719.12,1213035820.7704105
1789759800000,719.12,719.6,718.93,719.59,701267045.3140383
1789760700000,719.58,721.725,719.555,721.45,4273548117.4721723
1789761600000,721.32,723.0007,721.2315,722.53,3210570254.3559985
1789762500000,722.46,722.62,721.45,722.4,196644628.37455446
1789763400000,722.449,722.66,722.18,722.5712,129440509.3240951
1789764300000,722.5712,722.879,721.45,722.0477,195516982.24211603
1789765200000,721.96,722.0617,721.78,722.0617,157214391.8393808
1789766100000,722.07,722.55,722.07,722.5015,58605587.2955442
1789767000000,722.48,722.74,722.4052,722.5501,14288180.111824008
1789767900000,722.61,722.65,722.4342,722.5,16736764.476432407
1789768800000,722.6365,722.8378,722.44,722.51,15200834.41719614
1789769700000,722.5045,722.7412,722.4001,722.53,2316672.5552616464
1789770600000,722.46,722.583,722.02,722.1,26073590.78591874
1789771500000,722.13,722.3015,717.2,722.1877,2532632.203633001
1789772400000,722.18,722.3932,722.12,722.29,6317051.511024395
1789773300000,722.2801,722.3918,722.22,722.3901,12444433.626452297
1789774200000,722.39,722.4975,721.89,721.99,52253581.88068072
1789775100000,721.99,722.2204,721.9122,722.0999,18648658.54450356
1789777800000,722.55,722.55,722.55,722.55,19.94238
1789779600000,722.55,722.58,722.1,722.1,1241.388408
1789780500000,722.4,722.4,722.4,722.4,20.9496
1789781400000,722.39,722.4,721.73,721.73,3068.391505
1789783200000,721.87,721.87,721.87,721.87,22.738905
1789784100000,721.86,721.96,721.86,721.96,25.483688
1789787700000,721.87,721.87,721.86,721.86,220.384148
1789788600000,721.89,721.9,721.75,721.75,610.888321
1789790400000,721.77,721.77,721.76,721.76,296.4997
1789791300000,721.71,721.71,721.71,721.71,7162.033527
1789792200000,721.89,721.89,721.67,721.67,70.513253
1789793100000,721.52,721.52,721.52,721.52,7211.5924
1789794000000,721.48,721.48,721.48,721.48,21.6444
1789794900000,721.53,721.53,721.53,721.53,20.996523
1789797600000,721.58,721.58,721.33,721.33,398.066498
1789801200000,721.25,721.84,721.25,721.84,301.444472
1789802100000,721.57,721.57,721.57,721.57,20.997687
1789803000000,721.24,721.24,721.24,721.24,173.0976
1789804800000,721.28,721.28,721.28,721.28,49.912576
1789808400000,721.19,721.19,721.19,721.19,99.956934
1789809300000,721.18,721.18,721.18,721.18,20.986338
1789811100000,721.84,721.84,721.17,721.17,250.941474
1789815600000,721.08,721.08,721.08,721.08,14.349492
1789816500000,721.09,721.09,721.08,721.08,119.483247
1789823700000,721.32,721.32,721.32,721.32,20.990412
1789826400000,721.19,721.19,721.19,721.19,19.976963
1789828200000,721.12,721.84,721.12,721.15,243.99077
1789830000000,721.09,721.2,721.09,721.2,167.880114
1789830900000,721.57,721.57,721.57,721.57,20.997687
1789831800000,721.57,721.57,721.57,721.57,129.8826
1789833600000,721.62,721.97,721.01,721.01,4215.801902
1789838100000,721.59,721.59,721.59,721.59,20.998269
1789842600000,721.92,721.92,721.92,721.92,118.972416
1789843500000,721.92,721.92,721.92,721.92,721.92
1789845300000,721.92,721.92,721.92,721.92,45.914112
1789848000000,721.92,721.92,721.92,721.92,20.57472
1789848900000,721.59,721.59,721.59,721.59,31.02837
1789852500000,721.92,721.92,721.92,721.92,20.93568
1789859700000,721.92,721.92,721.92,721.92,20.93568
1789862400000,721.92,721.92,721.92,721.92,62.951424
1789864200000,721.92,721.92,721.92,721.92,19.997184
1789866000000,721.92,721.92,721.92,721.92,40.932864
1789866900000,721.92,721.92,721.92,721.92,20.93568
1789869600000,721.92,721.92,721.92,721.92,22.74048
1789871400000,721.03,721.03,721.03,721.03,519.1416
1789872300000,720.98,720.98,720.98,720.98,174.044572
1789873200000,720.75,721.14,720.47,721.14,1087.545814
1789874100000,721.09,721.09,721.09,721.09,20.983719
1789875000000,721.09,721.09,721.09,721.09,133.40165
1789876800000,721.09,721.09,721.09,721.09,49.971537
1789878600000,721.09,721.09,721.09,721.09,19.974193
1789881300000,721.09,721.09,721.09,721.09,20.983719
1789884000000,721.09,721.09,721.09,721.09,49.971537
1789885800000,721.44,721.44,721.08,721.08,258.966792
1789887600000,720.98,721.44,720.97,720.97,455.793688
1789888500000,720.92,720.92,720.92,720.92,20.978772
1789889400000,720.92,720.92,720.92,720.92,49.959756
1789892100000,720.92,721.44,720.91,720.91,409.951269
1789893000000,720.87,720.87,720.59,720.59,1261.2486
1789894800000,720.59,721.35,720.54,720.54,713.355623
1789895700000,720.53,720.53,720.5,720.5,905.109691
1789897500000,720.48,720.48,720.48,720.48,100.14672
1789899300000,720.48,720.48,720.48,720.48,19.957296
1789900200000,720.48,720.48,720.48,720.48,19.957296
1789902900000,720.48,720.48,720.48,720.48,20.965968
1789903800000,721.35,721.35,721.35,721.35,528.533145
1789905600000,720.48,720.48,720.48,720.48,19.957296
1789907400000,720.47,720.47,720.47,720.47,39.337662
1789908300000,720.47,721.24,720.47,721.24,360.458839
1789910100000,720.47,720.47,720.47,720.47,52.59431
1789911000000,720.47,721.24,720.47,720.47,144.981895
1789912800000,720.47,720.47,720.47,720.47,19.957019
1789914600000,720.47,721.24,720.46,720.46,175.401969
1789915500000,721.42,721.42,720.61,720.61,592.853814
1789916400000,720.84,720.84,720.8,720.8,167.951948
1789917300000,720.98,720.98,720.98,720.98,20.980518
1789918200000,720.96,720.96,720.96,720.96,99.997152
1789920000000,720.99,721.42,720.99,721.42,319.878261
1789923600000,721.42,721.42,721.42,721.42,248.673474
1789924500000,721.42,721.42,721.42,721.42,20.993322
1789929000000,721.42,721.42,721.42,721.42,118.962158
1789931700000,721.42,721.42,721.42,721.42,20.993322
1789933500000,721.42,721.42,721.42,721.42,399.955248
1789934400000,721.42,721.42,721.42,721.42,42.347354
1789938900000,721.42,721.42,721.42,721.42,20.993322
1789941600000,721.42,721.61,721.42,721.61,11151.059637
1789943400000,722.31,722.37,722.31,722.37,11123.6568
1789944300000,722.43,722.72,722.43,722.72,3475.5256
1789945200000,722.74,722.74,722.74,722.74,20.453542
1789946100000,722.79,722.8,722.79,722.8,7248.96091
1789948800000,723.0,724.06,723.0,723.5,10792369.5774
1789949700000,723.51,724.41,722.99,724.16,4604040.49
1789950600000,724.25,724.71,724.25,724.35,9624174.41
1789951500000,724.35,724.89,724.28,724.88,7963385.41
1789952400000,724.94,725.53,724.73,725.12,31179320.96
1789953300000,725.25,725.6,725.12,725.21,7199187.5
1789954200000,725.2,725.45,725.18,725.32,6624144.52
1789955100000,725.23,725.25,724.26,724.27,12574454.86
1789956000000,724.26,724.57,724.11,724.47,4420951.78
1789956900000,724.4,724.7,724.36,724.7,2212098.67
1789957800000,724.7,724.7,724.25,724.59,5578383.41
1789958700000,724.54,725.02,724.43,724.5,1563959.53
1789959600000,724.55,724.97,724.55,724.8,797999.84
1789960500000,724.86,725.07,724.81,724.84,596647.62
1789961400000,724.87,724.87,724.6,724.86,3601405.21
1789962300000,724.87,725.12,724.68,724.68,2743102.58
1789963200000,724.68,724.85,724.3,724.55,5073096.77
1789964100000,724.56,724.96,724.54,724.85,1090721.16
1789965000000,724.84,724.84,724.53,724.7,2956564.92
1789965900000,724.7,724.92,724.69,724.77,1617671.0
1789966800000,724.7,724.73,724.49,724.59,1361465.24
1789967700000,724.54,724.68,724.43,724.52,738296.61
1789968600000,724.52,725.2,724.47,724.97,3034382.67
1789969500000,724.95,725.0,724.58,724.76,1875228.47
1789970400000,724.76,725.45,724.76,725.26,1363362.75
1789971300000,725.28,725.5,725.05,725.08,1231645.45
1789972200000,725.18,725.52,725.16,725.4,1215094.27
1789973100000,725.5,726.0,725.42,725.96,7492691.07
1789974000000,725.95,726.43,725.76,726.29,10491684.78
1789974900000,726.27,726.27,725.63,726.14,1345129.2
1789975800000,726.22,726.29,725.9,726.08,2046924.62
1789976700000,726.02,727.08,725.95,726.89,2883322.41
1789977600000,725.48,727.71,724.2625,727.53,116403276.42719269
1789978500000,727.48,727.675,727.2,727.37,12837354.305692736
1789979400000,727.37,728.25,727.34,728.1469,23016537.218729317
1789980300000,728.13,728.2788,727.9885,728.23,11757231.198968654
1789981200000,728.2385,728.5685,728.1,728.32,14766992.118504167
1789982100000,728.3417,728.87,728.1737,728.51,14210949.041564584
1789983000000,728.5,728.81,728.38,728.79,9269088.184278494
1789983900000,728.75,728.9,728.2,728.29,11639588.982386215
1789984800000,728.28,728.5187,728.2,728.46,7779957.633830175
1789985700000,728.55,728.65,728.3404,728.55,19501284.923769627
1789986600000,728.4482,728.92,728.3187,728.6,13652174.067488467
1789987500000,728.58,728.7512,728.32,728.32,6878430.258008955
1789988400000,728.355,728.5957,721.45,728.14,41892896.23413895
1789989300000,728.12,728.3482,727.8007,728.0202,25016287.42454269
1789990200000,728.0085,728.3,727.87,728.29,33103885.989954825
1789991100000,728.32,728.82,728.1864,728.5282,20589231.065914553
1789992000000,728.5,729.14,728.2215,728.6238,54194714.780432984
1789992900000,728.6056,728.7566,725.75,728.0,33577932.067999
1789993800000,727.98,728.7,727.92,728.6814,16865050.894971255
1789994700000,728.7184,728.7434,727.9349,727.9792,37061755.392987736
1789995600000,727.9104,728.23,727.84,727.9351,44308387.5785327
1789996500000,727.96,728.11,727.33,727.84,94629919.54146415
1789997400000,727.95,730.785,727.82,730.78,2988996728.9237
1789998300000,730.77,732.67,730.77,732.5701,1662097104.8672
1789999200000,732.56,733.19,732.09,732.9901,1352253249.10338
1790000100000,733.05,735.0,733.05,734.97,1472123719.5682
1790001000000,734.975,735.8611,734.56,734.935,2211148931.014974
1790001900000,734.93,735.87,734.62,735.72,875935676.2638751
1790002800000,735.73,736.43,735.69,736.32,722944248.4386728
1790003700000,736.33,736.6,736.2,736.57,428397818.59440875
1790004600000,736.585,737.2699,736.43,737.23,610365557.1305761
1790005500000,737.29,737.86,736.94,737.1401,872428936.6669668
1790006400000,737.146,738.36,736.9401,738.16,659954791.4327
1790007300000,738.23,739.0,738.04,738.775,687237081.2968346
1790008200000,738.766,739.39,738.48,738.6,953227383.3512458
1790009100000,738.62,738.8895,738.5,738.835,293178489.1236656
1790010000000,738.85,739.15,738.72,739.0301,551318545.5761069
1790010900000,739.035,739.1,738.43,738.97,376781439.54738563
1790011800000,738.98,739.67,738.5995,739.61,466884497.206273
1790012700000,739.63,739.8599,739.46,739.5607,990863966.0640578
1790013600000,739.59,740.13,739.565,740.0,566008020.2803463
1790014500000,740.0,740.69,739.9887,740.555,577166877.3838
1790015400000,740.56,740.8899,740.16,740.8287,611318293.3227125
1790016300000,740.87,741.58,740.75,741.34,1082066166.4405487
1790017200000,741.36,741.71,741.0,741.71,896700637.0020521
1790018100000,741.68,741.98,741.55,741.75,444457925.2505383
1790019000000,741.75,743.22,741.7,742.555,1406115424.9602
1790019900000,742.54,742.63,741.25,741.47,3057402893.1497
1790020800000,741.39,741.6,740.89,741.19,709000810.7564
1790021700000,741.22,741.32,740.82,741.12,287831406.62439746
1790022600000,741.1792,741.1944,740.72,740.8347,76652651.04850926
1790023500000,740.8,741.3,740.79,741.2652,42032811.52194501
1790024400000,741.2478,741.25,741.07,741.1339,201261875.6829
1790025300000,741.23,741.35,741.08,741.29,9937434.142122189
1790026200000,741.3,741.467,741.24,741.35,3160416.695429373
1790027100000,741.379,741.54,741.26,741.3888,25690490.14564674
1790028000000,741.3,742.15,741.26,741.7677,26208499.85001771
1790028900000,741.7677,742.06,741.75,742.04,9777489.352194188
1790029800000,742.04,742.35,741.8004,742.2,11177115.830813257
1790030700000,742.19,742.4856,742.0141,742.4,5938376.059779933
1790031600000,742.41,742.89,742.3,742.77,11862036.23746456
1790032500000,742.76,742.8587,742.6012,742.7,6231440.596062264
1790033400000,742.7285,743.06,742.621,742.9,5649549.779979972
1790034300000,742.9192,743.04,742.84,742.9869,8769678.749665514
1790035200000,742.67,743.88,742.67,743.63,10140776.3
1790036100000,743.61,744.02,743.34,744.01,5157843.3
1790037000000,744.11,744.58,743.58,744.03,10765588.76
1790037900000,743.99,744.32,743.94,744.22,8235389.77
1790038800000,744.19,744.19,743.65,743.8,7871013.67
1790039700000,743.8,743.88,743.43,743.8,2234570.58
1790040600000,743.84,744.27,743.6,743.88,5388679.29
1790041500000,743.97,743.98,743.55,743.55,4163683.1
1790042400000,743.6,744.0,743.49,743.55,3958194.73
1790043300000,743.6,743.85,743.55,743.67,2986608.93
1790044200000,743.68,744.04,743.42,743.99,3623435.58
1790045100000,743.91,744.12,743.84,744.1,1579546.69
1790046000000,744.04,744.09,743.8,743.97,1910404.98
1790046900000,743.98,744.11,743.9,743.92,1024436.25
1790047800000,743.93,744.14,743.71,743.74,5234732.21
1790048700000,743.75,743.78,743.33,743.66,1511787.69
1790049600000,743.61,743.61,742.56,743.13,5563122.45
1790050500000,743.07,743.07,742.56,742.84,1619229.93
1790051400000,742.68,742.96,742.4,742.49,2043547.27
1790052300000,742.5,742.62,742.03,742.08,7147015.32
1790053200000,742.1,742.22,741.94,742.01,2453339.71
1790054100000,741.92,742.0,741.37,741.61,5570594.64
1790055000000,741.62,742.32,741.3,742.2,11951580.38
1790055900000,742.25,742.8,742.2,742.26,7506136.63
1790056800000,742.16,742.2,741.3,741.3,5243955.02
1790057700000,741.36,741.45,741.01,741.4,1848537.16
1790058600000,741.47,741.63,741.23,741.27,2942140.18
1790059500000,741.21,741.5,741.18,741.25,5114708.2
1790060400000,741.37,741.43,741.0,741.16,9291573.65
1790061300000,741.25,741.58,741.0,741.0,5649815.64
1790062200000,741.01,741.26,740.85,741.25,4160374.95
1790063100000,741.29,741.38,740.94,741.2,7274773.44
1790064000000,741.11,743.6,739.98,740.38,147526234.69547412
1790064900000,740.2,740.23,738.98,739.03,31464014.857106533
1790065800000,738.96,740.8687,738.68,740.77,28072523.983900044
1790066700000,740.87,741.5,740.47,741.41,26288516.674427688
1790067600000,741.4,741.67,740.71,740.94,11255995.48733749
1790068500000,740.92,741.47,740.8865,741.0489,4157120.6973252054
1790069400000,741.15,741.58,740.9336,741.525,9083208.567435749
1790070300000,741.52,743.0,741.35,742.6697,52645828.064043745
1790071200000,742.62,743.0,742.055,742.32,23092863.617210537
1790072100000,742.32,742.39,741.71,742.0712,7917582.492770645
1790073000000,742.07,742.54,741.79,742.3427,8229912.722317136
1790073900000,742.2585,742.6012,742.06,742.2,12110514.247958785
1790074800000,742.135,742.4615,740.6,741.64,32335579.621449113
1790075700000,741.7659,741.8602,741.28,741.3,12795362.147796214
1790076600000,741.3,741.8545,741.22,741.6924,8264700.493839832
1790077500000,741.6789,742.01,741.1193,741.259,18127852.41609066
1790078400000,741.2685,741.57,740.64,740.88,38705654.03700145
1790079300000,740.87,741.405,740.6218,741.4,35654676.58975967
1790080200000,741.308,741.49,740.94,740.94,23867119.258828644
1790081100000,741.0,741.47,740.55,740.68,47885088.247611426
1790082000000,740.6902,741.3,740.5987,741.02,66722934.44151265
1790082900000,741.05,741.26,740.65,740.96,69354305.8159766
1790083800000,741.005,744.94,741.0,744.36,1380898854.6866
1790084700000,744.41,745.37,743.93,745.035,1206093447.9045
1790085600000,745.03,746.3,744.511,745.75,838002550.9403
1790086500000,745.76,746.13,745.12,745.76,665138325.6789
1790087400000,745.7799,746.6,744.2309,744.63,1023762419.4738
1790088300000,744.62,745.61,744.05,744.94,816884092.8683
1790089200000,744.95,745.285,744.41,745.175,1393260248.4753177
1790090100000,745.1701,745.437,744.7801,745.0,434594503.08806187
1790091000000,744.9537,745.1,743.99,744.3,801202320.88775
1790091900000,744.3037,744.74,744.01,744.5433,362313172.2909435
1790092800000,744.5674,745.15,744.185,744.89,420820333.4777
1790093700000,744.87,744.93,744.05,744.065,410820733.78912187
1790094600000,744.09,744.74,744.09,744.6523,290971298.6681
1790095500000,744.64,745.4,744.56,745.285,440978351.7504467
1790096400000,745.29,745.6,745.18,745.32,347206807.56651354
1790097300000,745.32,745.67,745.02,745.59,247292540.63424572
1790098200000,745.59,745.59,744.83,745.38,244374697.79826194
1790099100000,745.39,746.44,745.18,746.1701,779679509.1786166
1790100000000,746.188,746.37,745.545,746.28,491611095.1498
1790100900000,746.31,746.94,746.2919,746.5799,767884670.4246337
1790101800000,746.58,746.69,745.94,746.45,693160583.8827763
1790102700000,746.46,746.53,746.0432,746.15,484862959.5199861
1790103600000,746.17,746.85,746.14,746.795,637014782.3399843
1790104500000,746.81,747.33,746.705,747.205,1152833296.6335225
1790105400000,747.2062,747.9,747.15,747.55,1112407785.6997
1790106300000,747.55,748.349,747.09,747.46,1883302489.4042
1790107200000,747.42,747.54,747.18,747.23,356392811.2677
1790108100000,747.25,747.46,746.75,746.81,305771682.63869435
1790109000000,746.8131,746.99,746.78,746.7985,33064892.989733066
1790109900000,746.7869,746.87,746.5746,746.74,77119424.35336363
1790110800000,746.7,746.979,746.6025,746.97,130534850.46273291
1790111700000,746.9446,746.9611,746.7127,746.7536,4312750.130868981
1790112600000,746.796,747.46,746.7,746.8822,152547414.53966126
1790113500000,746.8822,746.9,746.78,746.8894,55703113.92442738
1790114400000,746.9,747.71,746.9,747.71,43158388.712417364
1790115300000,747.6726,748.1324,747.6726,747.92,13669488.621198967
1790116200000,747.92,748.1507,747.891,748.02,7669473.295788635
1790117100000,748.02,748.03,747.4317,747.775,11564112.687559735
1790118000000,747.8215,747.9985,747.8201,747.8825,3271843.4042585352
1790118900000,747.9,748.2,747.8601,748.0,2841381.306432441
1790119800000,748.0401,748.15,747.94,748.01,12550281.356564896
1790120700000,748.0485,748.4,747.82,748.3192,9702049.069611046
1790121600000,746.78,748.27,746.78,747.77,5016444.96
1790122500000,747.69,748.07,747.57,747.68,8180543.47
1790123400000,747.69,747.96,747.63,747.71,3214673.72
1790124300000,747.8,747.84,747.12,747.27,7352193.08
1790125200000,747.33,747.65,747.16,747.38,2909422.12
1790126100000,747.38,748.1,747.29,748.1,2288592.83
1790127000000,748.06,748.15,747.1,747.13,4452182.42
1790127900000,747.16,747.33,747.06,747.17,1653523.05
1790128800000,747.17,747.29,746.73,746.8,3886842.57
1790129700000,746.8,747.24,746.44,747.12,3191026.6
1790130600000,747.13,747.13,746.82,746.85,1829269.09
1790131500000,746.89,747.1,746.89,747.0,2209793.4
1790132400000,746.94,747.0,746.8,746.95,909693.67
1790133300000,746.95,747.1,746.66,746.8,4041027.59
1790134200000,746.95,747.4,746.95,747.3,2202044.76
1790135100000,747.3,747.39,747.14,747.14,809361.43
1790136000000,747.15,747.63,747.15,747.6,2602787.75
1790136900000,747.57,747.86,747.57,747.76,5427686.09
1790137800000,747.8,748.04,747.8,748.01,3216003.61
1790138700000,747.99,748.01,747.57,747.59,2199708.81
1790139600000,747.6,747.73,747.38,747.59,1069722.0
1790140500000,747.64,747.82,747.25,747.6,1888180.06
1790141400000,747.51,747.75,747.31,747.49,6272875.06
1790142300000,747.5,747.85,747.48,747.54,2234001.9
1790143200000,747.57,748.16,747.55,748.16,2934035.42
1790144100000,748.11,748.26,747.78,748.18,3759533.1
1790145000000,748.21,749.05,748.19,748.84,11925024.48
1790145900000,748.8,748.8,747.99,748.03,4073354.98
1790146800000,747.98,748.16,747.55,747.95,6173885.67
1790147700000,747.96,748.05,747.63,747.98,13020891.16
1790148600000,747.98,748.22,747.7,747.71,6471430.23
1790149500000,747.79,748.0,747.53,747.68,6133485.32
1790150400000,747.6212,749.03,747.1582,747.7315,150625231.7264998
1790151300000,747.8054,748.08,747.5223,747.8487,14873290.987736
1790152200000,747.8215,747.87,747.13,747.7388,16821495.919550706
1790153100000,747.1,747.7388,746.95,747.22,6323036.703102969
1790154000000,747.2585,747.7388,747.02,747.21,4472022.972971836
1790154900000,747.2085,747.64,747.0991,747.47,3724696.970633015
1790155800000,747.4542,747.6185,747.2744,747.2744,4264536.956000516
1790156700000,747.2,747.23,746.8,747.0663,13576793.209785122
1790157600000,747.1643,747.5587,747.09,747.5587,5007225.159693365
1790158500000,747.59,747.8,747.4,747.64,12237837.414422307
1790159400000,747.65,747.67,747.2,747.3312,3384958.269825468
1790160300000,747.3,747.5551,747.18,747.53,11139569.755923478
1790161200000,747.54,747.5482,746.7,746.9012,24622480.443411257
1790162100000,746.88,747.09,745.67,745.7581,49978047.60564078
1790163000000,745.735,745.735,744.71,745.0277,89046584.94900616
1790163900000,745.0899,745.9,745.02,745.79,32909116.376715697
1790164800000,745.82,745.97,745.0204,745.1582,27984173.647764422
1790165700000,745.1,745.665,744.9161,745.59,37486367.93825542
1790166600000,745.58,745.88,745.5,745.6198,30075158.793138843
1790167500000,745.61,747.46,745.57,746.045,44142224.4707674
1790168400000,746.0,746.1,745.4759,745.94,31505947.675906055
1790169300000,745.9258,746.9371,745.9,746.8315,56910420.86862941
1790170200000,746.99,747.12,744.45,744.76,1112734391.5419
1790171100000,744.63,744.95,742.81,743.12,1367174244.5298793
1790172000000,743.11,743.69,739.67,740.03,1823401936.8344
1790172900000,740.025,740.55,738.191,739.09,1850602156.5984
1790173800000,739.08,740.475,738.58,740.05,940627332.7247
1790174700000,740.03,742.6,739.9,742.515,1315586538.8677
1790175600000,742.558,742.635,741.5901,741.715,679001961.7378
1790176500000,741.715,742.4005,740.96,741.335,787379111.4119
1790177400000,741.331,741.5676,740.91,741.53,747926554.877
1790178300000,741.52,741.62,740.14,740.71,428557694.6643
1790179200000,740.68,740.8,740.2501,740.655,313918368.2638
1790180100000,740.65,740.91,739.9401,740.16,441572787.4244
1790181000000,740.175,740.8,739.46,739.4896,464698784.5035
1790181900000,739.47,740.05,738.8,739.26,582710516.7934558
1790182800000,739.27,739.735,738.26,738.8,832045196.5015
1790183700000,738.7138,740.11,738.68,739.05,859503232.195689
1790184600000,739.02,740.8499,738.865,740.7,451224544.06312853
1790185500000,740.66,741.335,740.425,741.28,836389477.0607576
1790186400000,741.27,741.285,740.1962,740.69,1137423724.490463
1790187300000,740.7,741.255,740.6,740.9365,368914606.5135044
1790188200000,740.935,740.97,740.22,740.68,282336690.5272084
1790189100000,740.72,741.18,740.55,741.02,257899934.88059834
1790190000000,741.045,741.5296,740.57,741.025,477963453.375
1790190900000,741.055,741.1,740.525,740.78,493741994.8706668
1790191800000,740.81,741.33,740.22,740.65,772104907.548633
1790192700000,740.64,741.4,739.77,741.21,1420509447.9465077
1790193600000,741.22,741.31,740.75,740.75,1159652815.7692816
1790194500000,740.79,741.21,740.72,740.96,440670124.21541
1790195400000,741.0171,741.26,740.95,741.26,107158417.62156326
1790196300000,741.27,741.3448,741.1,741.24,40676671.209455445
1790197200000,741.17,741.26,741.08,741.13,84150488.39278726
1790198100000,741.2,741.21,740.99,741.1632,20501949.277626257
1790199000000,741.0938,741.2835,741.0301,741.24,26959888.887256082
1790199900000,741.24,741.37,741.21,741.3436,3999150.1827406073
1790200800000,741.37,742.0392,741.37,741.9977,27156501.112292476
1790201700000,742.05,742.18,741.51,741.52,6425938.208832858
1790202600000,741.47,741.85,741.44,741.84,3868495.877017255
1790203500000,741.78,741.8745,741.7072,741.7637,6886077.320027954
1790204400000,741.7693,741.8611,741.5249,741.5945,5245612.1992412545
1790205300000,741.5937,741.6985,741.1,741.163,9435751.015785292
1790206200000,741.21,741.32,740.97,741.05,2384198.4460789794
1790207100000,741.1112,741.15,740.7,740.8,19215568.24973979
1790208000000,742.0,742.0,740.12,740.22,4187413.79
1790208900000,740.27,740.74,740.24,740.44,4720912.73
1790209800000,740.33,740.75,740.05,740.14,2527041.47
1790210700000,740.02,740.26,739.69,740.19,2721487.06
1790211600000,740.19,740.93,740.17,740.82,7227455.13
1790212500000,740.83,740.83,740.35,740.43,1861997.5
1790213400000,740.4,741.0,740.4,740.45,3042057.07
1790214300000,740.4,740.64,739.95,740.64,2281117.25
1790215200000,740.73,740.73,739.81,740.16,1980430.47
1790216100000,740.2,740.54,740.2,740.4,1535573.87
1790217000000,740.4,740.66,740.35,740.58,1746909.94
1790217900000,740.68,740.68,740.49,740.61,2043347.63
1790218800000,740.54,740.54,739.71,740.0,3968478.36
1790219700000,740.07,740.11,739.66,739.7,5532878.51
1790220600000,739.68,739.74,739.34,739.4,1984195.58
1790221500000,739.37,739.74,739.37,739.73,809713.32
1790222400000,739.55,739.6,738.46,738.46,13875494.21
1790223300000,738.53,739.03,738.43,739.01,12174224.94
1790224200000,738.99,739.5,738.98,739.14,2787728.25
1790225100000,739.12,739.26,738.95,739.24,5173765.08
1790226000000,739.32,739.88,739.32,739.32,3467744.72
1790226900000,739.42,739.74,739.09,739.73,3308600.39
1790227800000,739.74,739.8,738.84,738.85,4414434.6
1790228700000,738.7,738.86,737.38,737.43,12988762.01
1790229600000,737.35,737.79,736.34,737.61,14966848.3
1790230500000,737.5,737.85,736.79,737.22,4930933.32
1790231400000,736.89,737.09,736.32,736.67,12605842.86
1790232300000,736.65,736.89,735.64,735.74,19055640.36
1790233200000,735.79,737.02,735.12,737.02,8162919.25
1790234100000,737.05,737.35,736.6,737.3,4277593.26
1790235000000,737.23,737.9,737.18,737.78,7932488.0
1790235900000,737.62,737.67,736.2,736.21,15832796.79
1790236800000,736.2781,741.21,734.31,734.5,248349963.38218442
1790237700000,734.58,735.0106,733.65,733.77,34676572.09224624
1790238600000,733.7985,734.65,733.11,733.46,40382593.291768074
1790239500000,733.48,733.69,732.59,733.01,73703865.66135117
1790240400000,733.2085,733.65,732.84,733.03,36618319.98903625
1790241300000,733.05,733.9,732.91,733.4,13915578.963645097
1790242200000,733.4,733.4,731.67,731.74,41234990.21975282
1790243100000,731.77,733.25,731.7,733.2115,53790763.41270629
1790244000000,733.13,733.55,732.79,733.2,47046738.50904319
1790244900000,733.2901,733.78,732.72,733.1,41344036.852467105
1790245800000,733.2,734.39,732.92,734.2312,78613790.7879069
1790246700000,734.29,735.3,734.11,734.5483,64339240.8933525
1790247600000,734.485,734.84,733.7177,734.519,77627447.00051188
1790248500000,734.49,735.08,734.1,734.1,59779377.374408536
1790249400000,734.16,734.8,733.45,733.611,84899619.20603201
1790250300000,733.6201,734.15,733.07,733.84,31784079.50692196
1790251200000,733.8882,734.46,733.0,734.45,47952404.59417891
1790252100000,734.35,739.51,733.75,734.14,218274977.55252767
1790253000000,734.14,734.31,732.9,734.13,104864650.06274715
1790253900000,734.12,734.7,733.7999,734.458,58005335.91384432
1790254800000,734.5,735.23,734.43,734.98,48302235.64464535
1790255700000,734.94,735.38,734.8,735.27,50873252.5271934
1790256600000,735.16,737.38,734.6301,736.835,1500523146.3706
1790257500000,736.81,737.77,735.58,736.728,840946129.5946
1790258400000,736.71,737.59,736.42,736.91,494912232.3232
1790259300000,736.885,738.0999,736.35,737.89,457216576.4289
1790260200000,737.87,738.16,736.602,736.755,459805190.0208
1790261100000,736.75,737.51,735.64,735.85,459037385.7443731
1790262000000,735.86,736.57,734.95,735.09,567323546.4513
1790262900000,735.06,736.21,734.97,735.16,505963231.5014
1790263800000,735.16,735.8446,734.9,735.7207,642483923.8110906
1790264700000,735.71,736.425,734.98,736.11,391252559.664345
1790265600000,736.08,736.31,735.0,736.23,285285581.714132
1790266500000,736.25,740.77,736.18,739.53,1761630451.0779
1790267400000,739.54,742.3662,738.72,740.73,845898284.4995
1790268300000,740.75,742.408,740.236,741.86,712134768.8836
1790269200000,741.86,742.65,741.01,741.79,737189494.8369
1790270100000,741.84,741.84,739.62,740.46,478285654.28845614
1790271000000,740.48,741.08,738.95,738.97,349246014.7039311
1790271900000,738.93,739.8,738.812,739.53,357319135.6404321
1790272800000,739.569,739.6849,737.76,739.46,461726293.9409
1790273700000,739.47,740.85,739.36,740.565,387065996.1144835
1790274600000,740.585,741.6,739.7,740.45,530358008.2529
1790275500000,740.5,741.81,740.5,741.525,373919397.7369
1790276400000,741.47,741.6023,740.22,740.28,338611168.25431824
1790277300000,740.2601,741.378,740.2601,740.84,321457536.68958515
1790278200000,740.855,741.32,740.7801,740.94,309156253.5796799
1790279100000,740.93,741.86,740.8198,741.1,2076212250.6484108
1790280000000,741.05,741.156,738.8136,739.63,615103129.1271504
1790280900000,739.69,741.09,738.81,738.89,241681068.25001627
1790281800000,738.9087,739.85,738.8415,739.82,88938957.1957515
1790282700000,739.81,740.638,739.81,740.5833,116901889.50637566
1790283600000,740.6,740.6,739.8,739.9902,88214577.67410986
1790284500000,739.93,740.15,739.9,740.07,7002166.682732647
1790285400000,740.07,740.1448,740.0,740.1448,1687019.7898031613
1790286300000,740.0808,740.3963,740.0808,740.25,7998814.465910374
1790287200000,740.3,741.0,739.95,740.3113,51576827.68381409
1790288100000,740.31,740.32,739.81,739.92,8459341.173593039
1790289000000,739.9607,740.45,739.9607,740.39,21504562.28927849
1790289900000,740.35,740.45,740.26,740.3305,743469.3673580711
1790290800000,740.346,740.45,739.95,740.0,13299288.192467773
1790291700000,740.0179,740.4426,739.95,740.2779,1921808.51634077
1790292600000,740.3,740.4023,739.8101,739.8183,3462488.7158992933
1790293500000,739.8795,739.92,739.24,739.4104,12135427.78658257
1790294400000,739.88,740.13,739.54,739.83,2664598.77
1790295300000,739.54,740.56,739.53,740.25,1700196.52
1790296200000,740.29,740.29,739.57,739.94,5063145.7
1790297100000,740.0,740.1,739.66,739.85,708115.83
1790298000000,739.91,741.76,739.61,741.53,4415629.6
1790298900000,741.46,742.08,741.45,741.77,4875466.62
1790299800000,741.75,742.55,741.2,742.36,6688461.15
1790300700000,742.35,742.36,741.69,742.12,4899251.12
1790301600000,742.2,742.6,742.08,742.27,7953861.76
1790302500000,742.29,742.67,742.04,742.05,2523939.12
1790303400000,742.0,742.23,741.5,742.03,1904893.92
1790304300000,742.11,742.12,741.6,742.12,1999670.68
1790305200000,742.12,742.63,741.94,742.42,3681625.57
1790306100000,742.44,742.58,742.12,742.23,4573456.91
1790307000000,742.28,742.65,742.09,742.09,2986553.92
1790307900000,742.01,742.15,741.8,742.15,1179885.48
1790308800000,742.23,742.23,741.7,741.84,1250895.07
1790309700000,741.89,741.92,741.62,741.82,564505.1
1790310600000,741.86,742.16,741.8,742.03,1095184.26
1790311500000,742.04,742.14,741.66,741.71,1399399.2
1790312400000,741.87,742.67,741.87,742.55,4898082.91
1790313300000,742.55,742.63,742.14,742.5,1266736.71
1790314200000,742.48,743.92,742.48,743.89,11055803.06
1790315100000,744.0,744.02,743.51,743.56,3074359.5
1790316000000,743.76,744.55,743.7,744.5,5612682.23
1790316900000,744.45,744.89,744.19,744.33,11281255.62
1790317800000,744.32,744.56,744.21,744.23,3960105.16
1790318700000,744.26,744.37,743.96,743.96,3988357.72
1790319600000,744.07,744.68,743.99,744.57,4432341.39
1790320500000,744.7,744.8,744.05,744.72,3741642.61
1790321400000,744.8,744.85,743.75,743.84,5110451.19
1790322300000,743.88,744.24,743.8,744.03,4113794.55
1790323200000,744.0,744.91,741.1,744.245,19049997.249415558
1790324100000,744.32,745.389,744.2887,745.29,17298465.302896596
1790325000000,745.33,745.62,745.05,745.6,8591995.516498836
1790325900000,745.65,746.065,745.5147,745.92,14180169.228562374
1790326800000,745.899,746.2,745.78,746.0766,10218477.942948917
1790327700000,746.0239,746.55,745.67,745.67,32537798.51032394
1790328600000,745.65,746.0,745.52,745.68,21897409.20631016
1790329500000,745.61,745.61,745.07,745.189,5993391.970561547
1790330400000,745.24,745.5,744.78,745.47,6862405.530220353
1790331300000,745.44,745.72,745.43,745.4669,11531752.876447968
1790332200000,745.56,745.64,745.06,745.3,6371500.93863604
1790333100000,745.28,745.539,745.14,745.2907,6217633.01812002
1790334000000,745.28,746.53,741.1,746.53,49786408.69162707
1790334900000,746.66,747.0338,746.55,746.5832,31971714.243078653
1790335800000,746.6183,747.0,746.21,746.48,15941721.555907259
1790336700000,746.4832,746.73,746.24,746.25,28730439.14695192
1790337600000,746.2,746.6183,745.6,746.0463,35075172.47101665
1790338500000,745.9701,746.0,745.2,745.52,22011065.910482246
1790339400000,745.485,745.6022,744.2093,744.66,44654657.986017786
1790340300000,744.6,745.2115,741.1,744.2286,79420213.66066813
1790341200000,744.324,744.9552,743.68,744.8087,45235252.0039808
1790342100000,744.7594,744.779,742.93,742.95,40983670.86974786
1790343000000,742.84,744.575,741.66,744.265,1579985352.309
1790343900000,744.275,745.42,743.565,744.73,973374620.4820263
1790344800000,744.8887,744.89,740.811,740.99,1226057386.0836
1790345700000,741.0,741.9,739.64,740.77,1021632953.0679382
1790346600000,740.78,742.4981,740.49,741.51,1050516823.6845132
1790347500000,741.58,743.08,741.05,742.9614,604639000.1806254
1790348400000,742.93,744.0581,742.53,742.88,811555852.1949365
1790349300000,742.92,743.45,742.42,742.69,561884480.3093
1790350200000,742.711,743.82,741.18,741.25,633890042.7804333
1790351100000,741.23,743.791,740.73,743.691,648136595.3615
1790352000000,743.7235,745.901,743.485,745.3301,1374188465.7108
1790352900000,745.298,745.915,743.29,745.31,748268145.0562
1790353800000,745.34,745.49,743.85,744.87,507367764.7407911
1790354700000,744.855,744.875,743.85,744.2399,347025890.60828066
1790355600000,744.28,745.27,744.135,745.25,259883272.3853
1790356500000,745.2697,745.39,744.902,745.1928,212194187.6254031
1790357400000,745.2,745.3,744.4236,744.89,331512084.0837
1790358300000,744.82,745.2,744.5201,745.018,154321509.0358
1790359200000,745.02,745.43,744.675,745.4005,203307133.3801924
1790360100000,745.4076,745.45,744.07,744.51,368835917.52524257
1790361000000,744.54,745.13,743.98,744.72,334694743.68938273
1790361900000,744.7001,744.77,743.94,743.95,323554650.70423174
1790362800000,743.99,744.7,743.85,744.67,265635002.5922
1790363700000,744.67,744.7899,743.73,743.87,419985317.39531904
1790364600000,743.87,744.64,743.351,744.445,973524655.2403574
1790365500000,744.46,745.51,744.28,744.5,2639373736.5802703
1790366400000,744.45,744.7323,744.23,744.49,1519830638.3979523
1790367300000,744.49,744.65,744.3,744.6395,255818509.0177931
1790368200000,744.6392,745.1,744.25,745.0431,54379709.901135266
1790369100000,745.0484,745.1939,745.0,745.11,39964050.48314279
1790370000000,745.12,745.3,744.8,744.99,58816484.97743262
1790370900000,744.9828,745.86,744.9339,745.794,58252081.599
1790371800000,745.31,745.9865,745.31,745.776,4630283.190024854
1790372700000,745.74,745.79,745.38,745.5039,8871530.843761327
1790373600000,745.64,745.65,745.4452,745.51,10542910.180600312
1790374500000,745.51,745.67,745.4457,745.53,3482046.8623340116
1790375400000,745.54,745.6475,745.4401,745.6012,778631.1084137914
1790376300000,745.63,745.65,745.4987,745.5366,744370.9023820203
1790377200000,745.539,745.6267,745.5,745.6267,1111302.75688642
1790378100000,745.61,745.63,745.5,745.5656,3443357.7097775512
1790379000000,745.57,745.69,745.4233,745.4397,7433370.323650713
1790379900000,745.43,745.43,745.11,745.4,5933836.432463482
1790380800000,745.13,745.13,745.11,745.11,209.303017
1790382600000,745.65,745.65,744.73,744.73,1676.200265
1790384400000,745.58,745.58,745.58,745.58,19.981544
1790388000000,745.65,745.65,745.65,745.65,42.725745
1790388900000,745.65,745.65,745.65,745.65,21.996675
1790391600000,744.72,744.72,744.65,744.65,15668.077568
1790393400000,744.85,744.85,744.85,744.85,2099.955605
1790395200000,744.62,744.62,744.62,744.62,1247.387424
1790397000000,744.85,744.85,744.85,744.85,19.96198
1790399700000,744.85,744.87,744.85,744.87,20.930345
1790402400000,744.57,744.57,744.57,744.57,20.84796
1790403300000,744.87,744.87,744.48,744.48,159.959418
1790404200000,744.87,744.87,744.33,744.33,268.670913
1790406000000,744.87,744.87,744.87,744.87,49.980777
1790406900000,744.87,744.87,744.87,744.87,20.930847
1790407800000,744.87,744.87,744.32,744.32,205.657286
1790408700000,744.87,744.87,744.87,744.87,13.40766
1790413200000,744.87,744.87,744.87,744.87,149.942331
1790414100000,744.87,744.87,744.87,744.87,41.861694
1790416800000,744.29,744.29,744.29,744.29,10.941063
1790421300000,744.87,744.87,744.87,744.87,20.930847
1790423100000,744.29,744.29,744.29,744.29,51.430439
1790424000000,744.87,744.87,744.87,744.87,19.962516
1790428500000,744.87,744.87,744.87,744.87,60.930366
1790431200000,744.87,744.87,744.87,744.87,19.962516
1790432100000,744.87,744.87,744.26,744.26,32.016295
1790433000000,744.87,744.87,744.87,744.87,106.888845
1790434800000,744.87,744.87,744.87,744.87,167.893698
1790435700000,744.87,744.87,744.1,744.39,990.077087
1790436600000,744.87,744.87,744.87,744.87,129.905328
1790438400000,744.87,744.87,744.87,744.87,319.921665
1790442000000,744.87,744.87,744.87,744.87,77.987889
1790442900000,744.87,744.87,744.87,744.87,70.911624
1790444700000,744.39,744.39,744.39,744.39,10025.965593
1790446500000,744.32,744.44,744.32,744.44,10671.319224
1790447400000,744.44,744.44,744.44,744.44,118.961512
1790450100000,744.44,744.44,744.44,744.44,20.993208
1790452800000,744.44,744.44,744.44,744.44,20.248768
1790454600000,744.44,744.44,744.44,744.44,119.929284
1790457300000,744.44,744.44,744.44,744.44,41.167532
1790461800000,744.44,744.44,744.44,744.44,19.950992
1790464500000,744.44,744.44,744.44,744.44,20.993208
1790467200000,744.44,744.44,744.28,744.28,94.838232
1790469000000,744.44,744.44,744.44,744.44,19.950992
1790470800000,744.44,744.44,744.44,744.44,40.9442
1790471700000,744.44,744.44,744.44,744.44,20.993208
1790474400000,744.44,744.44,744.44,744.44,122.758156
1790476200000,744.44,744.44,744.44,744.44,19.950992
1790478900000,744.44,744.44,744.28,744.28,14249.542824
1790479800000,744.41,744.41,744.41,744.41,99.974263
1790483400000,744.41,744.41,744.41,744.41,19.950188
1790486100000,744.41,744.41,744.41,744.41,20.992362
1790492400000,744.41,744.41,744.41,744.41,49.949911
1790493300000,744.41,744.41,744.41,744.41,20.992362
1790496000000,744.41,744.41,744.41,744.41,19.950188
1790496900000,744.41,744.41,744.41,744.41,39.974817
1790497800000,744.41,744.41,744.41,744.41,24.937735
1790499600000,744.41,744.41,744.41,744.41,149.998615
1790500500000,744.41,744.41,744.41,744.41,20.992362
1790504100000,744.25,744.41,744.19,744.19,1867.059662
1790507700000,744.41,744.41,744.41,744.41,20.992362
1790510400000,744.41,744.41,744.41,744.41,19.950188
1790512200000,744.09,744.09,744.09,744.09,47.696169
1790514000000,744.08,744.08,744.08,744.08,15.551272
1790514900000,744.41,744.41,744.08,744.08,60.50301
1790517600000,744.41,744.41,744.04,744.04,672.547672
1790519400000,744.41,744.41,744.41,744.41,96.847741
1790520300000,743.99,743.99,743.99,743.99,39.877864
1790521200000,744.42,744.42,744.42,744.42,217.891734
1790522100000,744.42,744.42,743.96,743.96,52.992814
1790523000000,744.42,744.42,744.42,744.42,129.90129
1790524800000,744.42,744.42,744.42,744.42,319.877274
1790527500000,743.96,743.96,743.96,743.96,101.55054
1790529300000,744.42,744.42,744.42,744.42,20.992644
1790532000000,744.42,744.42,744.42,744.42,258.834834
1790533800000,744.42,744.42,744.42,744.42,118.958316
1790536500000,744.42,744.42,744.42,744.42,20.992644
1790539200000,744.42,744.42,744.42,744.42,20.248224
1790541000000,744.42,744.42,744.42,744.42,144.864132
1790541900000,744.42,744.42,744.25,744.25,31.857538
1790543700000,744.42,744.42,744.42,744.42,41.166426
1790544600000,744.42,744.42,744.42,744.42,20.992644
1790546400000,744.42,744.42,743.49,743.49,1655.685498
1790550000000,744.09,744.09,744.05,744.05,281.252112
1790550900000,744.42,744.42,744.42,744.42,20.992644
1790551800000,744.03,744.03,744.03,744.03,13117.546512
1790553600000,744.42,745.68,743.36,744.65,4727905.293462
1790554500000,744.65,744.71,744.0,744.09,9985955.98
1790555400000,744.08,744.08,742.67,742.96,7427078.64
1790556300000,742.96,743.71,742.19,742.26,3573451.85
1790557200000,742.37,742.84,742.04,742.29,10880579.31
1790558100000,742.27,742.6,741.72,742.56,10966471.1
1790559000000,742.49,742.83,741.86,741.94,7128560.11
1790559900000,741.94,742.03,740.95,740.95,6308057.6
1790560800000,740.93,741.3,740.37,741.17,7303629.34
1790561700000,741.17,741.17,739.99,740.33,9460881.5
1790562600000,740.39,740.54,739.77,739.99,7839399.58
1790563500000,740.02,740.02,739.18,739.4,13193229.98
1790564400000,739.57,740.0,739.42,739.48,9215584.98
1790565300000,739.47,739.64,739.08,739.08,13231719.2
1790566200000,739.15,739.19,738.63,739.12,8363451.9
1790567100000,739.1,739.48,738.55,738.68,25321591.39
1790568000000,738.66,739.62,738.47,739.62,13174916.97
1790568900000,739.57,739.82,739.3,739.66,18885112.09
1790569800000,739.61,739.65,739.31,739.55,5322396.64
1790570700000,739.54,739.6,739.13,739.43,22033047.76
1790571600000,739.41,740.06,738.96,739.07,17820740.14
1790572500000,739.25,739.37,738.8,738.89,3574540.22
1790573400000,739.07,739.17,738.28,738.52,7681408.65
1790574300000,738.67,738.92,738.36,738.78,2400511.81
1790575200000,738.83,739.4,738.24,738.32,15803700.05
1790576100000,738.33,738.41,737.12,737.33,21426135.02
1790577000000,737.22,738.41,737.1,737.87,8400846.12
1790577900000,737.87,738.61,737.87,738.6,2858031.19
1790578800000,738.55,738.56,737.37,737.4,4235198.05
1790579700000,737.46,737.87,737.28,737.49,5683790.07
1790580600000,737.42,737.78,736.81,737.03,8519025.62
1790581500000,737.0,738.22,737.0,737.79,5515145.63
1790582400000,737.14,739.9912,736.71,738.4,241190975.72707725
1790583300000,738.4112,738.46,737.38,738.0,17636899.926819626
1790584200000,738.05,738.21,736.87,737.3,16895496.189353757
1790585100000,737.23,737.5,736.9753,737.0715,20826243.454901095
1790586000000,737.039,737.68,736.05,736.21,39463695.01915309
1790586900000,736.2573,737.3,736.03,737.17,21865775.998796523
1790587800000,737.21,737.395,736.6,737.3119,18282013.805307433
1790588700000,737.49,737.65,737.166,737.33,15540462.178896282
1790589600000,737.4,737.68,736.38,736.73,35513124.13259224
1790590500000,736.9,737.07,736.5935,736.99,7947127.927481166
1790591400000,736.974,737.16,736.65,737.0,7493466.985918809
1790592300000,737.0215,738.08,736.99,737.16,28353285.75580412
1790593200000,737.23,738.5,737.23,737.445,139197612.80837777
1790594100000,737.3908,738.6,737.3087,738.6,42525920.71055633
1790595000000,738.6275,738.65,738.1,738.6476,15782490.948279565
1790595900000,738.6484,738.77,738.241,738.53,19128564.31357051
1790596800000,738.5585,740.45,737.89,740.12,122861796.24193248
1790597700000,740.1357,740.85,739.75,739.9133,36517185.36346198
1790598600000,739.9695,740.6875,739.75,740.6543,41362119.17959141
1790599500000,740.725,744.5,740.5124,740.94,39216201.39764842
1790600400000,740.9561,740.9561,739.96,740.2043,56433664.71567296
1790601300000,740.284,740.542,739.8,740.4106,58506482.49836746
1790602200000,740.455,741.42,737.65,737.9199,1319789414.731
1790603100000,737.86,739.24,737.22,738.825,800298813.4282
1790604000000,738.83,738.97,735.31,735.6599,1034395388.4733
1790604900000,735.66,737.5301,735.66,736.31,738748693.9093225
1790605800000,736.28,736.65,733.3,733.37,1265346729.0730848
1790606700000,733.3899,733.49,731.63,732.8905,2007577995.0291
1790607600000,732.94,735.12,732.85,734.66,1141259256.2597451
1790608500000,734.65,735.1101,733.85,734.9252,495223767.2607
1790609400000,734.93,735.81,734.05,734.45,707449382.2632
1790610300000,734.44,735.72,734.21,735.63,541767660.5847
1790611200000,735.5956,735.97,735.0492,735.465,507425449.7126611
1790612100000,735.43,740.38,735.375,739.4338,2104908829.5313911
1790613000000,739.39,739.55,737.19,737.49,863675741.2668672
1790613900000,737.5,738.06,737.18,737.63,430497236.9679
1790614800000,737.55,739.7,736.645,739.67,611651242.2185
1790615700000,739.66,739.66,737.475,737.81,671992051.955
1790616600000,737.8,738.51,737.79,738.07,325447688.9296902
1790617500000,738.07,738.43,737.71,738.08,532948725.8475
1790618400000,738.085,738.55,737.5117,738.38,357544508.8761
1790619300000,738.41,738.54,737.59,737.93,210921111.5319177
1790620200000,737.915,738.18,736.94,738.02,496538394.5245128
1790621100000,738.0302,738.62,737.68,738.345,513841870.46733105
1790622000000,738.39,738.41,736.78,736.85,653683153.5389509
1790622900000,736.85,737.5401,736.6808,737.3,599879655.9793829
1790623800000,737.29,737.37,735.99,736.425,931193945.6065186
1790624700000,736.43,736.79,735.81,736.53,2331762188.8649
1790625600000,736.56,736.8515,736.15,736.3966,1030226761.4136015
1790626500000,736.41,736.61,736.2988,736.5274,30822878.61599221
1790627400000,736.5207,736.6039,736.25,736.2807,57579341.75065709
1790628300000,736.2568,736.61,735.82,736.5,179933308.5948303
1790629200000,736.5,737.18,736.5,737.0005,112647554.99872251
1790630100000,737.009,737.05,736.97,737.0377,11257507.882094305
1790631000000,737.02,737.08,736.7,736.9549,25873658.02016721
1790631900000,736.9578,737.12,736.805,736.85,3279067.511717426
1790632800000,736.78,737.77,735.99,737.57,36143185.17967211
1790633700000,737.45,737.7188,737.2692,737.355,4455175.924543797
1790634600000,737.4186,737.479,737.1517,737.43,5674750.686876957
1790635500000,737.3417,737.55,737.26,737.506,2595740.106841504
1790636400000,737.49,737.49,737.2501,737.319,729822.341649488
1790637300000,737.3385,737.7241,737.2955,737.5616,4401192.183015438
1790638200000,737.61,737.75,737.2501,737.51,6618015.337943957
1790639100000,737.509,737.55,736.73,736.99,10099364.33904033
1790640000000,736.97,737.6,736.78,737.31,6843331.82
1790640900000,737.44,737.44,735.68,736.06,11105073.24
1790641800000,735.92,736.67,735.49,736.36,6781411.34
1790642700000,736.12,736.12,735.07,735.07,12628528.49
1790643600000,735.03,735.77,734.5,734.63,7522547.03
1790644500000,734.51,734.78,733.5,734.69,10481256.9
1790645400000,734.78,735.51,734.65,735.5,5038459.51
1790646300000,735.5,735.5,734.9,735.15,2527731.41
1790647200000,735.15,735.62,734.69,735.5,4498579.67
1790648100000,735.47,736.0,735.23,735.38,7578273.11
1790649000000,735.53,735.53,734.5,734.6,5680641.01
1790649900000,734.73,734.87,733.77,734.26,8924695.06
1790650800000,734.25,734.61,733.1,733.28,13894766.35
1790651700000,733.24,734.58,733.24,734.5,2894638.19
1790652600000,734.41,735.1,734.29,734.73,9285217.12
1790653500000,734.73,734.76,733.59,733.64,8844384.58
1790654400000,733.96,733.96,733.45,733.59,10404396.29
1790655300000,733.66,733.85,733.46,733.46,4801726.37
1790656200000,733.4,733.59,733.27,733.4,5790394.98
1790657100000,733.51,733.8,733.26,733.61,3240755.13
1790658000000,733.67,734.0,733.24,733.7,15777917.91
1790658900000,733.7,734.1,733.24,733.39,6302402.41
1790659800000,733.32,733.37,732.1,733.0,20227009.68
1790660700000,732.8,733.47,732.55,733.44,6360245.54
1790661600000,733.58,735.26,733.4,735.03,18723138.57
1790662500000,735.08,735.8,734.54,735.75,2947526.46
1790663400000,735.79,736.5,735.79,736.48,3181819.75
1790664300000,736.41,736.56,736.12,736.35,5320839.38
1790665200000,736.22,736.63,735.86,736.45,12497201.23
1790666100000,736.52,737.41,736.4,737.06,4617060.62
1790667000000,737.07,738.14,737.02,737.29,14258127.39
1790667900000,737.34,737.43,737.12,737.12,797770.74
1790668800000,737.1487,738.01,732.1385,737.248,21711464.45960914
1790669700000,737.18,738.38,737.18,737.78,15512699.120872809
1790670600000,737.79,738.2,737.4785,738.1915,18972472.454269707
1790671500000,738.16,738.2085,737.13,737.65,9060798.376046715
1790672400000,737.6082,737.7,736.9012,736.9012,22707296.91347697
1790673300000,736.9783,737.0,736.31,736.5392,16087763.620415071
1790674200000,736.41,737.08,736.1,737.08,30881387.407076918
1790675100000,737.1,737.46,736.6,736.87,11502385.740549684
1790676000000,736.77,737.92,736.77,737.8,15722867.257517112
1790676900000,737.67,737.8,737.2386,737.77,21255069.352386825
1790677800000,737.85,738.17,737.3687,737.86,23709579.04822994
1790678700000,737.89,738.59,737.76,738.59,13328032.485551536
1790679600000,738.56,739.23,736.53,738.51,39260407.65742448
1790680500000,738.5077,738.8804,738.47,738.6988,20878143.996845223
1790681400000,738.65,739.17,738.5588,738.9774,16600117.255109185
1790682300000,739.0218,740.1,738.65,739.5399,59332642.37541955
1790683200000,739.538,740.1,739.52,739.93,15919176.635964425
1790684100000,739.93,740.4,738.8717,739.3708,55685566.17910698
1790685000000,739.4,739.48,738.66,738.81,20177882.325340834
1790685900000,738.856,738.856,736.53,738.27,25171570.317569625
1790686800000,738.27,739.15,738.27,739.15,11107256.857068254
1790687700000,739.16,740.1,738.87,740.1,29917872.40906381
1790688600000,740.17,740.5799,736.27,736.755,935326930.1484
1790689500000,736.78,738.89,736.6089,737.7875,964310181.2606
1790690400000,737.79,738.92,737.33,738.2404,492910723.7663
1790691300000,738.25,739.92,737.56,739.29,853113131.9477
1790692200000,739.32,739.99,738.97,739.24,500446469.7053
1790693100000,739.28,740.08,738.602,739.07,396087653.834793
1790694000000,739.115,739.15,737.47,738.5,793367619.5387
1790694900000,738.49,738.7375,736.0,736.51,812405802.7561
1790695800000,736.53,737.91,736.29,737.03,461018796.7685656
1790696700000,737.0699,737.88,736.4905,737.31,344870368.656606
1790697600000,737.305,737.44,736.46,736.61,309323622.4297324
1790698500000,736.6,737.38,736.43,737.24,298688134.5447
1790699400000,737.232,737.24,735.67,735.67,312878245.21502036
1790700300000,735.63,736.8194,735.34,736.131,450713843.3994
1790701200000,736.1,736.35,735.545,736.19,207480898.2717
1790702100000,736.21,737.15,735.72,736.83,294777438.90560186
1790703000000,736.82,737.211,736.14,736.625,256525323.0975
1790703900000,736.63,736.86,735.43,735.74,271792891.3589476
1790704800000,736.06,737.4999,735.745,737.33,954377807.5657364
1790705700000,737.33,738.06,737.25,737.63,268194256.85586306
1790706600000,737.65,739.01,737.15,738.555,424961690.573125
1790707500000,738.5294,738.8791,738.16,738.7,370496069.0856211
1790708400000,738.715,738.9,737.985,738.08,242808061.7030882
1790709300000,738.095,738.59,737.97,738.16,366644912.4426946
1790710200000,738.155,738.48,737.527,737.5425,336772431.9758735
1790711100000,737.57,738.65,737.31,737.93,3102263009.6865306
1790712000000,738.0,738.6175,737.2238,738.31,1455365954.5596824
1790712900000,738.25,738.9087,737.93,738.86,361611412.41589284
1790713800000,738.8597,739.4,738.7193,739.34,678965494.1695065
1790714700000,739.32,739.3426,738.8,738.8,118637245.93779826
1790715600000,738.9,739.05,738.8,739.0,61127593.43878873
1790716500000,738.9975,739.1531,738.97,739.0717,8087980.290744877
1790717400000,739.14,739.25,738.99,739.14,1686836.8216210608
1790718300000,739.13,739.16,737.91,739.1276,88494727.99884461
1790719200000,739.05,739.99,739.0,739.739,57197984.363538325
1790720100000,739.6975,740.18,739.475,739.51,12114369.753498316
1790721000000,739.52,739.59,739.1,739.2295,14379790.204914661
1790721900000,739.1985,739.3277,739.0608,739.219,2778245.10680671
1790722800000,739.286,739.62,739.15,739.5492,3254641.2046456747
1790723700000,739.559,739.6944,739.2926,739.48,6509323.595362946
1790724600000,739.443,740.0408,739.32,739.9196,6429467.514439615
1790725500000,739.8885,740.3,739.8501,740.3,15134950.142198844
1790726400000,740.37,740.91,740.23,740.8,5007190.3
1790727300000,740.74,740.87,739.9,740.11,6526326.23
1790728200000,739.97,740.31,739.5,739.55,5113651.17
1790729100000,739.54,739.55,738.75,738.98,7830634.39
1790730000000,739.02,739.25,738.51,738.6,5217605.24
1790730900000,738.75,738.8,738.45,738.49,2337032.32
1790731800000,738.43,738.92,738.27,738.7,1962451.8
1790732700000,738.73,738.83,738.44,738.8,897516.16
1790733600000,738.83,739.05,737.6,737.88,4982469.92
1790734500000,737.85,738.3,737.74,737.82,1088581.99
1790735400000,737.86,737.86,737.04,737.39,7428586.72
1790736300000,737.4,738.15,737.39,737.45,2816855.02
1790737200000,737.6,737.9,737.6,737.68,418325.06
1790738100000,737.76,737.89,737.48,737.87,1665720.72
1790739000000,738.0,738.81,738.0,738.61,1585694.7
1790739900000,738.69,738.72,738.38,738.65,2979727.54
1790740800000,738.63,739.0,738.44,739.0,1307673.59
1790741700000,739.0,739.09,738.76,738.96,1290229.19
1790742600000,739.0,739.5,739.0,739.35,1312326.95
1790743500000,739.4,739.4,738.65,738.87,915441.18
1790744400000,738.83,739.11,737.69,737.7,4260055.7
1790745300000,737.65,738.07,737.21,737.83,3873526.31
1790746200000,738.05,738.8,737.92,738.19,6589027.26
1790747100000,738.13,738.49,737.3,738.18,6923155.64
1790748000000,737.97,738.31,737.52,737.52,2828928.86
1790748900000,737.52,737.92,737.46,737.6,1533661.37
1790749800000,737.7,737.7,736.53,736.94,9223631.35
1790750700000,736.96,737.87,736.3,737.46,9564633.54
1790751600000,737.27,738.5,737.27,738.39,4577001.94
1790752500000,738.52,739.67,738.52,739.03,4090540.25
1790753400000,739.1,739.89,738.96,739.62,7741504.2
1790754300000,739.58,739.89,739.53,739.89,2424668.29
1790755200000,739.8282,740.2112,736.39,739.13,10282756.8689
1790756100000,739.1388,739.38,738.9385,739.26,4224302.735038907
1790757000000,739.2312,739.35,738.5637,738.6157,3652062.4286098205
1790757900000,738.64,739.03,738.21,738.21,5015614.776862291
1790758800000,738.2282,738.46,737.45,738.46,17741397.83865796
1790759700000,738.49,738.5487,737.9812,738.05,3755130.3457268206
1790760600000,738.11,738.69,737.6,737.7345,3287851.448893615
1790761500000,737.87,738.1,737.85,737.9887,4550143.587610655
1790762400000,738.0285,738.0285,737.36,737.51,3666421.8870986616
1790763300000,737.25,737.715,737.05,737.5,30985963.62820586
1790764200000,737.435,737.7,737.2,737.56,9808251.219934503
1790765100000,737.4982,737.85,737.4,737.5499,3759499.6393275284
1790766000000,737.48,737.93,736.0,736.15,32013404.52181621
1790766900000,736.164,737.39,735.64,737.1038,43946398.27897528
1790767800000,737.11,737.84,736.9962,737.32,12250091.642222375
1790768700000,737.52,737.73,736.5466,737.55,24734625.045299172
1790769600000,737.4782,737.6782,736.62,737.2582,21643011.46324848
1790770500000,736.9418,738.4,735.85,737.97,59949011.43034527
1790771400000,738.18,741.95,737.85,740.61,328540293.4074204
1790772300000,740.56,741.15,737.93,740.5085,71624772.3819024
1790773200000,740.4362,741.7207,740.4362,741.08,70534979.25231288
1790774100000,741.0581,741.25,739.91,740.15,82495103.4618583
1790775000000,740.19,742.7493,739.76,741.755,960595129.4198
1790775900000,741.8399,743.5299,740.55,743.5,865174253.884026
1790776800000,743.46,744.73,742.652,743.2701,1242843100.2581
1790777700000,743.26,744.13,742.65,743.211,797420335.2268
1790778600000,743.23,743.63,742.1,742.51,529512380.8051
1790779500000,742.495,744.5,742.42,743.58,458286354.0815
1790780400000,743.6,743.81,742.89,743.21,320592583.3678
1790781300000,743.22,743.93,742.73,743.86,526659735.0264161
1790782200000,743.92,744.39,743.19,743.38,530029632.8976609
1790783100000,743.34,745.08,743.21,744.46,630324495.3004
1790784000000,744.44,744.86,744.16,744.739,327861743.6676296
1790784900000,744.76,744.7857,743.68,743.6823,209288094.3593
1790785800000,743.7,744.16,743.06,744.0528,336193061.55412674
1790786700000,744.02,744.1,743.39,744.06,162023336.6572
1790787600000,744.025,744.27,743.34,743.4479,432865280.1711604
1790788500000,743.37,743.38,741.69,742.33,505145743.25
1790789400000,742.37,743.48,742.33,743.23,324288374.7381
1790790300000,743.235,744.13,743.0,743.94,444276972.0508606
1790791200000,743.925,744.06,743.03,743.915,509790539.7703
1790792100000,743.93,743.97,742.765,743.36,305680421.91936225
1790793000000,743.35,743.44,742.44,743.18,643048553.6560162
1790793900000,743.2,743.21,742.33,742.855,379815482.2839
1790794800000,742.885,743.86,742.815,743.7,451371337.8565
1790795700000,743.705,743.705,743.14,743.34,606068538.349734
1790796600000,743.32,743.92,742.86,743.16,838855865.2864896
1790797500000,743.17,743.52,739.46,739.77,2863979570.728864
1790798400000,739.74,740.65,738.55,740.28,1528990717.3089368
1790799300000,740.31,741.09,739.77,741.0,329984282.53320605
1790800200000,740.9987,741.19,740.71,740.8353,181906193.68180323
1790801100000,740.8431,740.85,740.28,740.55,75616438.7808537
1790802000000,740.56,740.7,739.49,739.52,85087694.17416985
1790802900000,739.52,740.1297,738.9,739.96,53427959.21729446
1790803800000,739.7992,740.02,739.37,739.9495,6230057.798442025
1790804700000,739.72,739.98,739.72,739.811,5453814.11890107
1790805600000,739.88,740.8988,739.72,740.84,35156859.82060142
1790806500000,740.8003,741.22,740.73,741.22,9302463.400364742
1790807400000,741.1638,742.2,741.1638,741.82,13691798.13543166
1790808300000,741.7919,741.8762,741.62,741.738,5462397.4266345
1790809200000,741.6976,741.9177,741.298,741.46,10326011.368780896
1790810100000,741.4276,742.1696,741.4108,741.9238,4876584.271580879
1790811000000,741.99,743.1,741.99,742.9511,20394011.52912038
1790811900000,742.9899,742.9899,742.71,742.8,12814328.715375258
1790812800000,742.91,743.17,742.24,742.58,3979436.29
1790813700000,742.57,742.58,741.44,741.52,6781043.88
1790814600000,741.51,742.2,740.87,742.19,1888672.74
1790815500000,742.08,742.39,741.6,742.19,1599057.61
1790816400000,742.4,743.38,742.19,743.0,5616170.52
1790817300000,742.95,743.5,742.7,743.19,2918894.52
1790818200000,743.14,743.65,743.0,743.22,2390427.13
1790819100000,743.22,743.24,742.78,743.05,4855509.78
1790820000000,743.2,743.63,743.0,743.3,1160991.52
1790820900000,743.3,743.9,743.07,743.9,6555807.76
1790821800000,743.93,744.2,743.8,744.08,2578709.48
1790822700000,744.04,744.11,743.79,744.11,2008037.96
1790823600000,744.12,744.63,744.12,744.4,5280441.52
1790824500000,744.42,744.61,744.18,744.4,2533884.99
1790825400000,744.3,744.5,744.07,744.5,744980.3
1790826300000,744.52,745.69,744.46,745.67,12301742.45
1790827200000,745.67,746.22,745.67,746.11,7207144.87
1790828100000,746.0,746.0,745.48,745.84,3861999.71
1790829000000,745.76,746.37,745.71,746.16,5299719.89
1790829900000,746.16,747.01,746.11,746.95,5568880.19
1790830800000,746.97,747.9,746.97,747.87,7879761.53
1790831700000,747.81,748.91,747.77,748.88,10497262.64
1790832600000,748.83,749.19,748.65,748.78,9407524.73
1790833500000,748.69,749.61,748.37,749.58,10220995.41
1790834400000,749.57,750.91,749.55,750.7,18429054.93
1790835300000,750.6,750.65,750.0,750.43,8347761.18
1790836200000,750.61,750.7,748.25,748.5,15941507.2
1790837100000,748.54,748.95,747.95,747.97,12119981.88
1790838000000,747.92,748.36,746.29,746.34,14546159.63
1790838900000,746.38,746.47,742.46,742.61,39854551.05
1790839800000,742.66,744.33,742.66,743.57,17559598.65
1790840700000,743.57,744.89,743.07,743.81,11375247.18
1790841600000,743.87,750.89,742.53,743.3285,26730334.9173
1790842500000,743.2113,743.4487,742.25,742.25,26294807.344974734
1790843400000,742.26,743.4,741.56,742.804,39487727.801270805
1790844300000,742.74,743.71,742.3,743.64,39347158.72754242
1790845200000,743.6477,744.67,743.612,744.67,19334997.36695917
1790846100000,744.6321,745.0,744.17,744.94,13825275.0624248
1790847000000,744.8985,745.08,743.87,744.03,9687474.188566439
1790847900000,744.0,744.59,743.53,743.92,11561220.880817756
1790848800000,743.86,744.18,742.21,743.715,54763223.073718995
1790849700000,743.6885,745.1,743.36,744.452,40316708.48519385
1790850600000,744.4817,745.71,744.4817,745.64,15568795.073544007
1790851500000,745.63,746.17,745.6,745.97,25655924.132818352
1790852400000,745.9212,745.96,744.0734,744.15,57958980.088327
1790853300000,744.07,744.1,742.9701,743.4982,42209770.80114621
1790854200000,743.48,744.7,743.43,744.44,46557399.14581644
1790855100000,744.53,745.3,744.52,744.6295,36595553.43659318
1790856000000,744.6285,744.71,739.216,743.97,23903208.595013868
1790856900000,743.89,744.25,743.34,743.87,49884569.84681445
1790857800000,744.0,744.47,743.72,743.74,24536181.770479955
1790858700000,743.72,744.01,739.77,743.05,28939340.940877594
1790859600000,743.0324,744.0,742.8,743.3944,48884288.996385016
1790860500000,743.35,743.42,742.32,742.6142,43220563.898559615
1790861400000,742.51,743.925,741.04,741.665,1296476631.4986715
1790862300000,741.69,742.64,740.345,741.36,1233021644.718494
1790863200000,741.3301,741.49,737.61,739.2023,1440177381.8571
1790864100000,739.045,739.49,736.91,738.37,1010065146.8913171
1790865000000,738.23,740.86,737.93,739.785,800950851.1557658
1790865900000,739.76,740.55,738.105,738.7205,793378652.8769
1790866800000,738.755,738.8,736.27,738.31,1210544352.445801
1790867700000,738.31,739.78,737.95,738.67,621272802.7201
1790868600000,738.72,738.78,736.602,737.12,655430517.782796
1790869500000,737.14,738.69,736.585,738.13,663174400.4981
1790870400000,738.21,738.87,737.44,737.845,686085535.0542
1790871300000,737.85,738.9397,737.77,738.15,319872544.8571
1790872200000,738.16,739.6495,738.05,738.87,383315419.6594979
1790873100000,738.85,739.34,736.9,737.84,709868387.1465
1790874000000,737.83,739.88,737.71,739.43,525193134.3864
1790874900000,739.44,742.8,739.34,742.63,1069424205.7628951
1790875800000,742.63,744.26,742.63,743.84,1128289842.4413
1790876700000,743.87,744.67,742.1199,742.57,1208635351.0955582
1790877600000,742.5705,742.7962,740.44,741.26,798381934.2481288
1790878500000,741.28,742.91,741.1,742.6601,533832789.6835
1790879400000,742.72,743.64,742.21,742.84,467669440.568566
1790880300000,742.87,743.68,742.75,743.6601,580517726.3187387
1790881200000,743.65,743.8949,742.58,742.7,278628688.8012
1790882100000,742.7,742.9998,742.41,742.84,339801464.8366845
1790883000000,742.81,743.36,742.49,742.95,430832011.9020876
1790883900000,742.91,744.0796,741.4714,742.03,1534861253.5254
1790884800000,742.1,742.96,741.97,742.9037,811753129.8158433
1790885700000,742.86,743.0477,742.03,742.7185,30808784.388961334
1790886600000,742.68,742.72,742.1831,742.2103,29167024.988463208
1790887500000,742.2531,742.3999,741.79,742.05,28021097.32693138
1790888400000,742.0462,742.24,741.9,742.0293,58155176.88117795
1790889300000,742.0294,742.049,741.8661,741.9453,4948345.5895867
1790890200000,741.9453,741.95,741.52,741.72,6980293.974610466
1790891100000,741.7038,741.986,741.5878,741.9767,11674922.039543748
1790892000000,741.84,742.88,741.84,742.5127,26641584.963584736
1790892900000,742.4525,742.5293,742.11,742.3589,11550957.83366696
1790893800000,742.4,742.8515,742.4,742.64,8305110.53726404
1790894700000,742.65,743.46,742.55,743.41,11473263.630098198
1790895600000,743.4,743.8962,743.14,743.8,25011341.536543306
1790896500000,743.8015,743.92,743.4671,743.5574,10733033.448791297
1790897400000,743.52,743.587,742.74,743.09,16476644.340897765
1790898300000,743.1282,743.6938,742.828,743.605,16887285.114121933
1790899200000,743.62,744.4,743.34,744.13,5486765.99
1790900100000,744.08,745.78,743.96,744.02,12506114.5
1790901000000,744.21,744.54,743.55,743.96,6399920.9
1790901900000,743.96,744.4,743.84,743.92,1644537.5
1790902800000,744.03,744.1,743.52,743.9,3163374.49
1790903700000,743.91,744.06,743.1,743.5,7215551.74
1790904600000,743.53,743.58,742.78,743.18,15006316.75
1790905500000,743.3,744.5,743.08,744.5,4246744.79
1790906400000,744.39,744.5,744.0,744.38,7468681.36
1790907300000,744.38,744.93,744.12,744.52,5934607.17
1790908200000,744.41,744.65,744.33,744.6,918731.75
1790909100000,744.63,745.13,744.61,745.03,5759514.34
1790910000000,745.11,745.3,744.59,744.91,3962606.22
1790910900000,745.0,745.07,744.77,744.88,1112184.9
1790911800000,744.8,745.0,744.58,744.78,3529630.65
1790912700000,744.91,745.05,744.49,744.91,1117971.87
1790913600000,744.93,745.4,744.93,745.24,3875194.16
1790914500000,745.22,745.48,745.15,745.35,1825248.05
1790915400000,745.32,745.32,745.03,745.14,2984542.83
1790916300000,745.18,745.79,744.99,745.78,8844265.76
1790917200000,745.82,746.14,745.3,745.5,5894372.19
1790918100000,745.48,745.48,745.0,745.07,5095981.67
1790919000000,745.03,745.15,744.67,745.0,5964081.93
1790919900000,745.0,745.0,744.55,744.64,5863862.1
1790920800000,744.76,745.4,744.7,744.97,1960159.08
1790921700000,744.89,744.92,744.27,744.58,9635758.22
1790922600000,744.53,744.85,744.34,744.4,3578525.2
1790923500000,744.3,744.85,743.94,744.77,5130323.06
1790924400000,744.67,746.14,744.56,746.07,21068422.41
1790925300000,746.14,746.2,744.79,745.0,4566896.76
1790926200000,745.04,746.03,744.95,745.87,1363318.86
1790927100000,745.87,747.48,745.87,746.85,16501941.46
1790928000000,747.0982,748.42,742.03,747.99,176322324.48558727
1790928900000,748.0,748.03,747.25,747.6103,14718015.436491705
1790929800000,747.5917,748.175,747.2992,747.5,33946813.63219982
1790930700000,747.51,748.46,747.51,748.1315,5937582.388373128
1790931600000,748.1615,748.3,747.4,748.11,10215018.95050548
1790932500000,748.08,748.4,747.92,748.07,46402985.29662483
1790933400000,748.1348,748.22,747.64,748.0,8830963.802871205
1790934300000,747.9442,748.6,747.69,747.96,20074108.964977417
1790935200000,747.97,747.97,746.83,747.0,17896574.004939467
1790936100000,747.01,747.24,746.4,747.2015,14020688.534718454
1790937000000,747.27,747.71,746.96,747.5256,13571886.863366595
1790937900000,747.5782,747.5782,747.2505,747.42,7833431.539628862
1790938800000,747.42,747.7471,746.56,746.97,53372813.774894275
1790939700000,746.97,747.6,746.62,747.34,37934094.57651494
1790940600000,747.3891,747.4482,746.2503,746.63,34536219.11375281
1790941500000,746.6485,746.6485,745.7,746.23,30002604.751038596
1790942400000,746.1985,746.74,745.85,746.43,65622856.25782398
1790943300000,746.3979,747.6,741.474,747.13,41043664.99957522
1790944200000,747.59,751.29,747.56,750.29,375305089.20501584
1790945100000,750.3083,752.02,749.9,751.8251,83263702.5658714
1790946000000,751.85,753.07,751.45,751.77,143358369.60282972
1790946900000,751.76,752.1,751.3,751.37,107307305.32162361
1790947800000,751.31,752.09,749.1,752.01,1775703501.8472
1790948700000,752.02,752.59,750.345,752.17,1142939538.9507
1790949600000,752.22,753.92,751.585,753.17,1203065460.3035
1790950500000,753.15,754.53,753.0,754.16,923798843.2973
1790951400000,754.15,754.3399,753.19,753.55,824049154.4291
1790952300000,753.545,753.83,751.55,751.77,835581931.3639
1790953200000,751.795,752.1412,748.7,749.62,1754715867.1149
1790954100000,749.61,750.11,747.535,749.37,1121891477.689
1790955000000,749.31,750.09,748.52,749.74,607904085.1075
1790955900000,749.74,750.37,749.15,750.26,541260940.666231
1790956800000,750.29,750.91,749.98,750.58,587277056.0407
1790957700000,750.58,750.92,749.47,749.55,357973025.3959
1790958600000,749.544,750.43,748.922,749.26,300515074.4616576
1790959500000,749.19,749.8499,748.8916,749.5584,365781282.5321991
1790960400000,749.57,750.47,748.94,749.29,556243337.7048
1790961300000,749.23,749.7,747.95,748.09,483372134.0009
1790962200000,747.99,748.98,747.78,748.645,341144377.9518
1790963100000,748.63,749.37,748.4,749.075,458878248.5957218
1790964000000,749.075,749.23,748.593,749.09,217577758.4993
1790964900000,749.09,749.1,748.16,748.75,407527353.7054879
1790965800000,748.76,748.9999,748.3043,748.84,453171896.4281751
1790966700000,748.87,749.19,748.76,748.962,206097970.2497
1790967600000,748.93,749.1662,748.54,748.83,188444824.13540313
1790968500000,748.8501,749.36,748.68,749.15,481747629.5706155
1790969400000,749.1,750.05,749.09,749.55,934992831.4727
1790970300000,749.56,750.0,748.85,749.58,1662411523.188
1790971200000,749.51,750.1,749.41,749.99,3167162536.4094396
1790972100000,749.91,749.998,749.53,749.6139,234101149.95775545
1790973000000,749.6387,749.6623,749.21,749.2501,33644367.8009087
1790973900000,749.31,749.32,749.0,749.15,82217277.21809348
1790974800000,749.2,749.58,749.0295,749.1992,310392624.6868
1790975700000,749.21,749.25,749.2,749.25,6176088.063129314
1790976600000,749.2497,749.25,749.15,749.24,4101479.8677886953
1790977500000,749.2475,749.25,749.15,749.16,4942248.07
1790978400000,749.14,749.1767,748.96,748.96,4322914.505143142
1790979300000,748.8803,749.08,748.88,749.0,1078537.081048508
1790980200000,749.0211,749.2,748.9,749.13,1590631.0679898022
1790981100000,749.1949,749.45,748.9,749.45,4381603.441689115
1790982000000,749.38,749.45,748.97,749.37,1311873.281849632
1790982900000,749.3955,749.4,749.2622,749.3034,894578.1832797033
1790983800000,749.35,749.44,749.2901,749.3912,2347259.766956879
1790984700000,749.4387,749.58,749.2501,749.56,3161767.5521822814
1790985600000,749.9,749.9,749.9,749.9,23.47187
1790987400000,749.96,749.96,749.96,749.96,19.948936
1790989200000,749.96,749.98,749.96,749.98,40.948348
1790990100000,749.98,749.98,749.98,749.98,20.99944
1790991000000,750.03,750.03,750.03,750.03,34.951398
1790991900000,749.46,750.15,749.46,750.15,219.775734
1790992800000,750.25,750.25,750.25,750.25,22.732575
1790994600000,750.22,750.22,750.22,750.22,219.889482
1790997300000,750.36,750.36,750.35,750.35,31.890154
1790998200000,750.35,750.35,750.35,750.35,99.94662
1791001800000,750.34,750.34,750.34,750.34,19.959044
1791002700000,749.46,749.46,749.46,749.46,329.912292
1791004500000,750.48,750.62,750.48,750.62,35.87573
1791005400000,750.62,750.62,750.62,750.62,24.995646
1791010800000,750.64,750.66,750.64,750.66,412.486338
1791011700000,750.69,750.69,750.69,750.69,20.944251
1791014400000,750.63,750.63,750.63,750.63,49.991958
1791016200000,749.46,749.46,749.46,749.46,297.310782
1791018000000,749.46,749.46,749.46,749.46,77.344272
1791018900000,750.39,750.39,749.46,749.46,125.560497
1791019800000,750.39,750.39,750.39,750.39,136.120746
1791026100000,750.55,750.55,750.55,750.55,20.940345
1791028800000,750.72,750.72,750.72,750.72,19.969152
1791030600000,750.72,750.72,750.39,750.39,31.596105
1791031500000,750.72,750.72,749.46,750.57,517.303854
1791033300000,750.61,750.61,749.46,749.46,1211.983851
1791034200000,749.86,749.86,749.86,749.86,128.076088
1791036000000,749.86,749.86,749.86,749.86,419.9216
1791036900000,749.57,749.57,749.46,749.46,528.067995
1791037800000,749.97,749.97,749.97,749.97,219.891204
1791038700000,749.39,749.39,749.39,749.39,13.938654
1791039600000,749.97,749.97,749.97,749.97,167.918283
1791040500000,750.09,750.09,750.09,750.09,20.927511
1791041400000,750.19,750.19,750.19,750.19,129.857889
1791043200000,749.89,750.35,749.48,749.48,1326.302208
1791045900000,750.16,750.16,750.16,750.16,99.996328
1791047700000,750.22,750.22,750.22,750.22,20.931138
1791049500000,750.22,750.22,750.22,750.22,18.980566
1791050400000,750.22,750.22,749.23,749.23,60.727725
1791052200000,750.22,750.22,750.22,750.22,118.984892
1791053100000,750.22,750.22,750.22,750.22,23.481886
1791054900000,750.22,750.22,750.22,750.22,20.931138
1791057600000,750.22,750.22,750.22,750.22,40.13677
1791059400000,750.22,750.22,750.22,750.22,144.942504
1791062100000,750.22,750.22,750.22,750.22,41.112056
1791063000000,750.22,750.22,750.22,750.22,24.982326
1791069300000,750.22,750.22,750.22,750.22,20.931138
1791070200000,749.14,749.14,749.14,749.14,176.347556
1791072000000,750.22,750.22,750.22,750.22,62.943458
1791072900000,750.22,750.29,750.22,750.29,1250.213256
1791075600000,750.39,750.45,750.39,750.45,190.837761
1791076500000,750.52,750.52,750.52,750.52,20.939508
1791079200000,750.54,750.54,750.54,750.54,42.705726
1791083700000,750.5,750.73,750.5,750.73,75.892386
1791084600000,750.46,750.46,750.46,750.46,99.961272
1791086400000,750.6,750.6,750.6,750.6,58.39668
1791088200000,750.63,750.63,750.63,750.63,19.966758
1791090000000,750.63,750.63,750.63,750.63,253.938129
1791090900000,750.64,750.64,750.64,750.64,20.942856
1791091800000,750.59,750.64,750.59,750.64,49.990959
1791097200000,750.78,750.78,750.78,750.78,49.92687
1791098100000,750.66,750.66,749.51,749.51,75.807546
1791099000000,749.51,749.51,749.51,749.51,445.283891
1791100800000,750.8,750.8,749.51,749.51,303.562513
1791101700000,749.51,749.51,749.51,749.51,107.104979
1791104400000,750.72,750.72,749.51,749.51,393.893278
1791105300000,750.72,750.72,750.72,750.72,20.945088
1791107100000,750.77,751.09,750.77,751.09,3041.043311
1791111600000,751.2,751.29,751.2,751.29,982.292811
1791112500000,751.15,751.15,751.15,751.15,20.957085
1791113400000,751.17,751.17,749.51,749.51,35.196507
1791115200000,751.28,751.28,751.28,751.28,19.984048
1791118800000,751.28,751.28,751.28,751.28,253.331616
1791119700000,751.23,751.23,751.23,751.23,20.959317
1791120600000,751.24,751.24,751.24,751.24,24.941168
1791122400000,751.07,751.07,751.07,751.07,42.210134
1791124200000,751.3,751.49,751.3,751.49,119.923041
1791125100000,751.24,751.24,751.24,751.24,150.248
1791126000000,751.01,751.14,751.01,751.14,1067.869385
1791126900000,751.26,751.26,751.26,751.26,20.960154
1791127800000,751.09,751.14,751.09,751.11,152.403414
1791128700000,751.11,751.11,751.11,751.11,16.374198
1791129600000,751.11,751.51,751.11,751.51,340.910149
1791134100000,750.87,750.87,749.51,749.51,776.680206
1791136800000,749.51,749.51,749.51,749.51,252.734772
1791137700000,751.06,751.06,751.06,751.06,6264.065718
1791138600000,751.17,751.17,751.17,751.17,118.985328
1791139500000,751.13,751.14,750.93,751.14,55.429446
1791141300000,751.3,751.3,750.93,750.93,180.798542
1791142200000,750.93,750.97,750.93,750.97,1182.117366
1791144000000,751.26,751.26,751.26,751.26,40.19241
1791145800000,751.31,751.31,751.31,751.31,119.984207
1791146700000,751.12,751.12,751.12,751.12,14.947288
1791147600000,751.12,751.12,751.12,751.12,44.766752
1791148500000,751.13,751.33,751.13,751.33,41.092171
1791149400000,751.3,751.3,751.3,751.3,24.94316
1791151200000,750.9,751.38,749.8,749.8,1234.798965
1791154800000,749.55,751.49,749.55,751.49,272.965281
1791155700000,751.27,751.27,751.27,751.27,20.960433
1791157500000,751.52,751.52,751.52,751.52,10.52128
1791158400000,751.52,752.58,750.92,751.84,14091117.016096
1791159300000,751.95,752.43,751.38,751.39,5552868.3
1791160200000,751.46,752.41,751.35,752.33,7656283.19
1791161100000,752.35,752.54,752.09,752.4,2591831.97
1791162000000,752.48,752.88,752.4,752.74,9385496.02
1791162900000,752.71,753.26,752.58,753.06,8607983.74
1791163800000,753.03,753.27,752.8,753.1,7847908.79
1791164700000,753.05,753.2,752.52,752.52,9931351.83
1791165600000,752.53,752.66,752.36,752.44,1654059.09
1791166500000,752.53,752.8,752.24,752.35,1392772.14
1791167400000,752.31,752.31,751.37,751.56,10284890.77
1791168300000,751.51,751.62,750.44,750.62,12912108.77
1791169200000,750.5,750.58,749.84,750.27,11036144.62
1791170100000,750.26,751.03,749.98,750.98,3401811.39
1791171000000,750.98,751.08,750.64,750.66,1378608.28
1791171900000,750.64,750.75,749.77,749.92,3250546.52
1791172800000,749.89,750.09,749.45,749.87,6397878.94
1791173700000,749.95,749.95,749.36,749.36,2206966.43
1791174600000,749.3,749.8,748.9,749.64,5102586.07
1791175500000,749.73,750.17,749.39,749.53,7741166.05
1791176400000,749.54,749.98,749.39,749.48,2875648.13
1791177300000,749.4,749.48,748.94,749.09,6076420.26
1791178200000,749.06,749.06,748.55,748.8,2631690.07
1791179100000,748.86,749.32,748.65,749.1,1780153.37
1791180000000,749.21,749.8,749.04,749.68,5887810.15
1791180900000,749.68,749.91,748.86,748.9,5588159.18
1791181800000,748.79,748.92,748.13,748.37,6047932.82
1791182700000,748.33,749.04,748.19,749.04,7296423.83
1791183600000,748.9,749.4,748.58,749.22,9505964.49
1791184500000,749.3,749.39,748.65,748.75,6827062.01
1791185400000,748.93,749.27,748.66,749.12,11870379.58
1791186300000,749.3,749.7,748.9,749.42,7754810.43
1791187200000,749.51,753.06,745.84,749.9488,24575498.235024404
1791188100000,750.2036,750.38,749.415,749.415,10986470.015499627
1791189000000,749.52,749.76,748.0995,748.0995,36688655.9638557428
1791189900000,748.08,749,747.44,748.75,29857707.1332288072
1791190800000,748.7792,749,748.5359,748.7485,5997363.6122778682
1791191700000,748.67,748.78,747.91,748.04,4608855.5131262977
1791192600000,748.14,748.3115,747.01,747.52,13617393.9432945756
1791193500000,747.519,747.9,747.38,747.8,6986339.4144255795
1791194400000,747.7,747.915,747.499,747.9,14980995.6465225152
1791195300000,747.8488,748.035,747.4467,747.5,3013478.15609510355142272
1791196200000,747.48,747.6,747.06,747.49,4162217.0071694743472706
1791197100000,747.57,749.11,747.43,748.64,8514055.746063116
1791198000000,748.73,749.58,747.71,748.0746,22479806.789626825755493
1791198900000,748.1,749.67,747.9303,749.18,13578005.625992628
1791199800000,749.29,749.6,748.29,748.29,12214946.0515277850981288
1791200700000,748,748.7,747.98,748.59,16493973.610986029
1791201600000,748.5785,748.83,748.23,748.6461,20756084.9793760953545624
1791202500000,748.6182,751.81,747.6485,747.9562,57412676.4476311014970554
1791203400000,747.95,748.0485,747.57,747.6058,15239350.5605683354
1791204300000,747.5796,749.58,747.2,747.905,44821440.037173680324291
1791205200000,747.88,748.5,747.79,748.3687,23300001.205222756
1791206100000,748.36,749.65,748.099,749.43,41165519.9944863699
1791207000000,749.34,753.1,749.08,752.8901,1369906140.654
1791207900000,752.825,753.46,751.41,751.74,1054752572.61839091273377
1791208800000,751.68,752.63,750.74,752.31,565955633.4139075176
1791209700000,752.27,753.94,752.205,753.6,1070238234.5983975053
1791210600000,753.595,753.66,752.63,752.945,604944220.9199873342
1791211500000,752.95,754.08,752.93,753.9798,311964703.091100847264428
1791212400000,753.98,754.1,752.99,753.45,858611032.57281203289857
1791213300000,753.45,753.84,753.04,753.51,351574438.6194
1791214200000,753.53,753.94,753.06,753.76,410798012.4535568247
1791215100000,753.77,753.97,753.26,753.665,306263304.1292466528
1791216000000,753.67,753.69,753.175,753.19,229607098.7188
1791216900000,753.21,753.8892,752.83,753.73,549190721.5111
1791217800000,753.73,754.52,753.58,754.44,363557047.5871
1791218700000,754.45,754.59,753.97,753.98,377683005.5121
1791219600000,753.99,754.4201,753.68,754.385,227828046.6717134666
1791220500000,754.39,754.87,754.37,754.635,211693084.560220399763776
1791221400000,754.63,755.49,754.42,755.49,495075960.9732389856
1791222300000,755.48,755.65,755.0603,755.12,221966451.373401896339953
1791223200000,755.121,755.17,754.6,754.99,356572235.46839382819848
1791224100000,754.97,755.73,754.97,755.54,244024922.912162505095196
1791225000000,755.57,755.7,755.365,755.505,270479702.63881031177896
1791225900000,755.5005,755.82,755.3702,755.73,290011953.8295543568
1791226800000,755.7,756.7799,755.68,756.57,557596296.0556
1791227700000,756.58,756.915,756.42,756.6,484727494.05564239176642
1791228600000,756.53,756.8,756.08,756.2399,777595237.6658816144
1791229500000,756.24,756.25,755.04,756.2,2428120737.7929412799
1791230400000,756.18,756.2,755.3,756.04,1025067835.1252037107628
1791231300000,756.04,756.28,719.39,756.09,126802519.659240545221466
1791232200000,756.109,756.26,756.07,756.13,116798066.9351288398
1791233100000,756.13,756.3721,756.1072,756.2,20014700.9436081422685679
1791234000000,756.24,756.49,756.1,756.37,28922414.9532451376626554
1791234900000,756.4,756.49,756.21,756.32,4444502.8444320815
1791235800000,756.2408,756.4,756.2245,756.32,1327491.619261886
1791236700000,756.3159,756.4,756.23,756.38,2692472.882472449697468
1791237600000,756.37,757.11,756.36,756.6123,16412046.349633126
1791238500000,756.62,756.788,756.53,756.67,3587867.228640160378342
1791239400000,756.67,756.6796,755.95,755.97,11307606.7715351476437682
1791240300000,756.01,756.1246,755.88,756.07,6943826.5038757996
1791241200000,756.03,756.47,755.99,756.37,3638578.818742669
1791242100000,756.3531,756.7992,756.3131,756.5715,4659157.5964164022
1791243000000,756.61,756.86,756.61,756.829,3032402.38273747182702473
1791243900000,756.829,756.829,756.35,756.4308,5744507.2080825493565231
1791244800000,756.56,757,756.26,756.78,2695447.05
1791245700000,756.78,757.27,756.66,756.88,4094040.51
1791246600000,756.88,757.54,756.67,757.16,3165946.36
1791247500000,757.07,757.55,757.07,757.55,3806532.03
1791248400000,757.59,757.98,757.34,757.7,5844237.07
1791249300000,757.63,757.63,756.55,756.89,5214476.08
1791250200000,756.94,757.01,756.2,756.28,6801250.95
1791251100000,756.24,756.46,756.09,756.17,1349103.33
1791252000000,756.2,756.36,756.08,756.3,1540460.39
1791252900000,756.33,756.5,756.21,756.25,4811736.21
1791253800000,756.2,756.4,755.57,756.2,6537360.27
1791254700000,756.2,756.3,755.96,756.25,2669859.05
1791255600000,756.38,756.76,756.34,756.56,1773212.15
1791256500000,756.54,756.9,756.54,756.72,1325626.78
1791257400000,756.66,756.66,756.3,756.57,754239.99
1791258300000,756.5,756.72,756.45,756.46,543963.68
1791259200000,756.49,757,756.46,756.68,1999950.38
1791260100000,756.63,757.02,756.59,756.78,1728767.29
1791261000000,756.71,756.8,756.25,756.35,2398388.26
1791261900000,756.31,756.4,756.13,756.26,2147004.32
1791262800000,756.25,756.83,756.25,756.75,1352919.42
1791263700000,756.78,757,756.6,756.73,2078322.46
1791264600000,756.73,757.08,756.56,756.73,1136876.12
1791265500000,756.7,757.22,756.69,757.2,2322981.15
1791266400000,757.2,757.28,756.91,757.19,3072360.75
1791267300000,757.25,757.62,757.25,757.34,2435208.93
1791268200000,757.34,757.64,757.22,757.41,2618505.22
1791269100000,757.46,757.7,757.37,757.37,2817215.84
1791270000000,757.3,757.3,756.35,757.26,5109774.74
1791270900000,757.29,757.51,756.96,757.05,3071774.77
1791271800000,756.95,757.41,756.53,757.41,2310991.31
1791272700000,757.5,757.54,757.05,757.27,2599508.74
1791273600000,757.2017,757.9,756.122,757.45,12282556.728560386
1791274500000,757.39,757.83,757,757.0633,7704264.416759911
1791275400000,757.01,757.36,756.84,757.33,3780696.5097824076
1791276300000,757.37,757.775,757.3185,757.5426,5703430.790966880757632
1791277200000,757.539,758.1497,757.46,757.7912,22489556.6765249630738374
1791278100000,757.86,758.15,757.85,758.0315,4197030.40438168
1791279000000,758.0187,758.4,757.84,758.04,15206526.943289620983585
1791279900000,758.04,758.38,757.91,757.91,2907218.10326832
1791280800000,757.92,758.48,757.6381,758.3848,9922858.1527429756578681
1791281700000,758.41,759.06,758.38,758.7,8219490.4756664398
1791282600000,758.72,759.2,758.6,759.05,9454701.2110214616238643
1791283500000,759.04,759.09,758.72,758.8,6405280.2342288456
1791284400000,758.83,759.75,756.2,759.7203,46003485.5721691610463732
1791285300000,759.7687,761.02,759.7268,760.45,47713848.003239804959554
1791286200000,760.46,760.68,760.15,760.44,45065548.7518120256
1791287100000,760.41,760.7,760.3485,760.3485,17883331.6145476216
1791288000000,760.399,760.93,760.23,760.93,38856713.5083857346
1791288900000,760.92,761.07,760,760.05,27448988.6170832922434616
1791289800000,760.03,760.88,759.3893,759.47,39594649.4854929871
1791290700000,759.45,760.1,756.2,759.9523,38099991.254511433
1791291600000,759.953,760.65,759.85,760.2607,42668539.013975336
1791292500000,760.28,760.87,759.88,760.5104,45908931.6874485603
1791293400000,760.54,761.7,759.1,760.5555,1541086854.2691
1791294300000,760.54,761.51,759.89,761.31,566293484.3655
1791295200000,761.28,762.09,760.7,761.35,1025894724.9043
1791296100000,761.35,761.7795,760.13,760.18,580823352.4572
1791297000000,760.165,761.9595,759.65,761.8501,938473259.7297137336
1791297900000,761.85,762.26,761.34,762.105,608420546.5176730928
1791298800000,762.13,762.84,762.01,762.78,644178851.1385315752
1791299700000,762.8,762.86,762.17,762.28,496351563.66310148
1791300600000,762.31,762.36,761.9,762.17,720198942.1343141782
1791301500000,762.15,762.28,761.68,761.8,584488346.7171
1791302400000,761.81,761.92,761.01,761.21,625561806.6982
1791303300000,761.22,761.22,760.6581,760.76,397234963.2849067134
1791304200000,760.7827,761.3,760.59,761.19,347409543.0958451187
1791305100000,761.17,761.36,760.73,760.885,428340713.24598792
1791306000000,760.89,761.0152,759.99,760.355,353524344.1340863512
1791306900000,760.35,760.72,759.7324,760.625,422453825.4723181975
1791307800000,760.6001,761.08,760.37,760.92,448412686.2417959977
1791308700000,760.91,761.27,760.561,760.84,418446741.953638179
1791309600000,760.85,761.5599,760.76,761.36,574994667.1202311337
1791310500000,761.37,761.375,760.6297,760.89,509961983.4773962226
1791311400000,760.9,760.96,760.34,760.59,849902982.3380866744
1791312300000,760.59,761.03,760.47,760.97,285588962.2743
1791313200000,760.99,761.06,760.36,760.75,359464694.918923715
1791314100000,760.75,760.96,760.52,760.805,275222026.12244720921577
1791315000000,760.81,760.8291,760.07,760.3199,520269198.4347
1791315900000,760.25,760.465,759.34,759.66,1749187178.8028447314
1791316800000,759.61,760.1575,759.5705,760.03,559015892.4829364906
1791317700000,759.99,760.24,759.69,759.9885,269386862.9382393502
1791318600000,759.9897,760,759.8222,759.9792,49662834.3033520012
1791319500000,759.97,760.209,759.74,760.198,52600411.6170895516
1791320400000,760.17,760.3634,759.93,759.9837,82320882.7476
1791321300000,759.99,760.0731,759.88,760.05,7721889.8677176283
1791322200000,760.05,760.2,759.91,760.19,21129953.6406061568
1791323100000,760.184,760.3,760.03,760.25,2219213.56827232
1791324000000,760.25,760.5885,760.1,760.41,15723316.1674184584
1791324900000,760.41,760.5411,760.1457,760.1884,5728635.1652279458
1791325800000,760.161,760.2492,759.7803,760.0113,7594136.1198844896
1791326700000,759.91,760.1,759.82,759.9023,2694610.71319488
1791327600000,759.9,760.2,759.9,760.1129,3928560.1484656365
1791328500000,760.0957,760.35,760.0957,760.1824,3210810.9570323548
1791329400000,760.2,760.2,759.8001,759.9682,6600406.6847334734
1791330300000,760.0605,760.0605,759.81,759.83,6682970.172458427307599901
1791331200000,759.77,760.29,759.71,760.29,2624401.43
1791332100000,760.2,760.47,760.17,760.41,1638480.21
1791333000000,760.4,760.6,760.34,760.43,2581765.03
1791333900000,760.6,760.61,759.82,759.98,3716745.92
1791334800000,760.03,760.03,759.75,759.89,2394372.14
1791335700000,760,760.2,759.88,759.95,2601609.67
1791336600000,760,760.49,760,760.12,5548979.54
1791337500000,760.07,760.17,759.78,759.78,4230182.12
1791338400000,759.75,759.79,758.62,758.87,12156016.38
1791339300000,758.81,759,758.57,758.91,3310296.67
1791340200000,758.89,759.25,758.8,759.13,4866622.88
1791341100000,759.13,759.4,759.13,759.22,2345531.33
1791342000000,759.23,759.54,758.92,759,706225.3
1791342900000,759.07,759.54,759.04,759.39,858806.75
1791343800000,759.42,759.6,759.3,759.39,1685964.47
1791344700000,759.45,759.8,759.39,759.63,5774500.68
1791345600000,759.63,759.78,759.54,759.7,1341495.47
1791346500000,759.73,759.82,759.54,759.77,1036252.69
1791347400000,759.71,759.79,759.59,759.6,4733858.98
1791348300000,759.63,759.84,759.4,759.52,4650763.07
1791349200000,759.55,759.77,759.46,759.46,5213471.24
1791350100000,759.46,759.83,759.06,759.82,2424475.12
1791351000000,759.6,759.85,759.5,759.66,2061867.83
1791351900000,759.74,760,759.65,759.66,5683516.6
1791352800000,759.71,759.71,759.19,759.3,6804898.71
1791353700000,759.26,759.42,759.15,759.37,2322767.75
1791354600000,759.31,759.49,759.13,759.38,3110188.32
1791355500000,759.34,759.34,759.01,759.05,622495.67
1791356400000,759.1,759.71,759.07,759.23,3951897.12
1791357300000,759.23,759.23,758.72,758.72,2009623.73
1791358200000,758.7,758.9,758.41,758.9,4645286.43
1791359100000,758.9,758.96,757.86,758.52,1817521.89
1791360000000,758.5317,760,757.869,758.51,26994776.0122456047
1791360900000,758.47,758.9188,758.4,758.4,4931447.2665034035
1791361800000,758.4885,758.5865,758.16,758.3,2395173.7557809032
1791362700000,758.3453,758.4284,757.96,758.1028,6646994.327074095
1791363600000,758.0885,758.0885,757.18,757.35,14415514.1744703336576789
1791364500000,757.365,757.365,756.48,757.18,20540028.8504084190278112
1791365400000,757.1681,757.22,756.27,756.41,11309927.4775290686429339
1791366300000,756.381,756.82,756,756.77,12539901.421290676
1791367200000,756.76,757,756.46,756.51,11954760.6040883702
1791368100000,756.53,756.5755,756.14,756.32,16735598.9558551221744772
1791369000000,756.32,756.3585,755.46,755.52,21591292.1625970782319907
1791369900000,755.5,755.65,754.9,755.3771,52510580.955143681152751
1791370800000,755.38,759.66,754.22,754.7689,105560586.5726945575
1791371700000,754.744,754.744,753.93,754.19,58826044.738913795042917
1791372600000,754.1464,754.25,753.4,753.9,55781373.5983264022
1791373500000,753.88,754.9,753.5693,754.63,49518459.7129226603
1791374400000,754.6382,754.82,754.465,754.6605,43648905.968637135453614
1791375300000,754.6,759.091,753.18,753.63,42871140.6314303451823864
1791376200000,753.6,754.64,753.56,754.21,57376710.9898342254
1791377100000,754.27,754.68,753.88,754.4,31149260.1504097855
1791378000000,754.439,754.75,754.14,754.29,45902231.5245024426
1791378900000,754.3499,754.44,753.68,753.78,115959402.165334265482594
1791379800000,753.87,754.8246,751.8205,752.8875,1895025522.2883258589
1791380700000,752.86,754.18,751.76,753.975,1216101845.962278906
1791381600000,753.96,754.05,752.86,753.49,864372501.3086596672
1791382500000,753.505,755.09,753.08,754.39,956887632.4594
1791383400000,754.35,754.975,753.86,754.1905,501703214.425
1791384300000,754.1961,754.43,753.22,754.3599,642013302.86336652218588
1791385200000,754.39,755.56,753.74,755.125,584057113.3061343788
1791386100000,755.135,755.62,754.62,754.91,377899103.9841329816
1791387000000,754.9,756.69,754.77,756.55,563832285.7677
1791387900000,756.54,757.17,756.2,756.3471,650630319.2319
1791388800000,756.335,756.83,755.77,756.71,416599741.8672
1791389700000,756.7,756.78,756.14,756.15,255602762.8503808421
1791390600000,756.12,756.45,755.932,756.27,176363057.6351811161
1791391500000,756.2899,756.74,756.035,756.15,289935575.0749801781
1791392400000,756.14,757.43,755.875,757.06,418496766.4561137383
1791393300000,757.07,757.485,756.76,756.855,283121332.235187094688392
1791394200000,756.855,757.247,756.7533,757.17,136093779.9112021754
1791395100000,757.16,757.42,756.5171,756.79,140925730.6966
1791396000000,756.75,757.59,756.4722,757.275,292531519.2136165718
1791396900000,757.25,757.68,757.12,757.61,514743219.0290818422
1791397800000,757.6283,757.6501,756.9816,757.4428,1146442756.9375353154
1791398700000,757.43,757.58,757.185,757.185,216368803.101012003126594
1791399600000,757.21,757.51,756.25,756.74,424171353.6766680736
1791400500000,756.76,757.13,756.5701,756.8699,259893655.4051386586
