1782331200000,732.986,736.7,732.76,736.575,5398143956.43831
1782332100000,736.567,737.518,736.29,737.286,1644352320.5413268
1782333000000,737.277,738.1,736.99,738.084,408177223.43113613
1782333900000,738.081,738.31,737.645,737.83,190096743.21217722
1782334800000,737.835,737.904,737.127,737.164,72401448.68814117
1782335700000,737.165,737.938,737.165,737.925,17821174.11045082
1782336600000,737.926,737.964,737.422,737.65,194108090.70249367
1782337500000,737.639,737.98,737.59,737.808,8788043.941811798
1782338400000,737.81,738.688,737.448,737.494,53089701.09422778
1782339300000,737.495,737.683,737.067,737.067,11838635.676875982
1782340200000,737.065,737.279,736.897,737.145,91002793.063725
1782341100000,737.145,737.202,736.69,736.69,53752142.22146765
1782342000000,736.69,736.832,736.459,736.525,115129910.30691016
1782342900000,736.525,737.033,736.451,736.83,64065982.4878353
1782343800000,736.831,737.496,736.831,737.401,12276571.877091974
1782344700000,737.4,737.711,737.0,737.19,31653721.51826449
1782345600000,737.191,737.69,736.79,737.26,8239415.54
1782346500000,737.45,737.62,736.91,737.03,4067737.47
1782347400000,737.0,737.04,735.87,736.06,4975154.05
1782348300000,736.11,736.36,735.7,735.82,5521714.51
1782349200000,735.86,736.28,735.62,735.85,5762244.41
1782350100000,735.95,736.31,735.79,736.04,962746.71
1782351000000,736.03,736.96,736.03,736.46,1528033.47
1782351900000,736.38,736.89,736.35,736.41,2800224.71
1782352800000,736.29,736.78,735.78,735.94,1097271.32
1782353700000,735.93,736.55,735.69,736.51,3569185.61
1782354600000,736.48,736.7,736.28,736.36,763793.77
1782355500000,736.26,736.7,736.24,736.7,1244499.95
1782356400000,736.73,737.09,736.68,736.71,3005472.46
1782357300000,736.76,737.14,736.46,736.95,2568919.64
1782358200000,737.12,737.25,736.81,736.83,1450545.75
1782359100000,736.87,737.26,736.87,737.26,1301907.41
1782360000000,737.28,737.3,736.92,736.92,1590011.39
1782360900000,736.88,737.01,736.72,736.74,453164.98
1782361800000,736.73,737.0,736.39,736.98,3535874.56
1782362700000,737.01,737.1,736.74,736.76,1218241.59
1782363600000,736.84,737.34,736.84,737.3,809448.14
1782364500000,737.35,737.76,737.21,737.7,1294296.44
1782365400000,737.71,737.98,737.66,737.85,3307524.94
1782366300000,737.82,737.84,737.46,737.59,5872270.86
1782367200000,737.66,738.2,737.49,738.2,2355298.87
1782368100000,738.11,738.52,738.07,738.32,2154462.45
1782369000000,738.31,738.54,738.19,738.31,1079468.55
1782369900000,738.3,738.55,738.07,738.16,2147681.8
1782370800000,738.18,738.76,738.18,738.53,3759194.14
1782371700000,738.6,739.22,738.6,738.98,3543511.55
1782372600000,738.93,739.23,738.75,739.14,3814897.7
1782373500000,739.1,739.21,738.88,739.21,934864.8
1782374400000,739.26,739.26,739.26,739.26,63302468.13629584
1782375300000,738.517,738.838,738.517,738.774,8308415.050368573
1782376200000,738.767,738.832,738.506,738.506,3995583.240495548
1782377100000,738.498,738.498,737.917,738.045,4928979.647228329
1782378000000,738.043,738.566,738.01,738.345,13073448.435229253
1782378900000,738.346,738.504,738.03,738.217,9210790.073170079
1782379800000,738.214,738.591,738.2,738.48,20491207.096815612
1782380700000,738.481,738.746,738.384,738.384,3345662.2390263695
1782381600000,738.383,738.89,738.341,738.84,9460018.526355868
1782382500000,738.836,738.954,738.695,738.894,2823572.913989745
1782383400000,738.907,739.0,738.474,738.474,2773775.203583566
1782384300000,738.472,738.85,738.331,738.642,5052529.67409875
1782385200000,738.651,738.964,738.357,738.377,42359930.05985784
1782386100000,738.376,738.401,737.621,737.684,22731783.976414923
1782387000000,737.69,738.2,737.56,738.115,29457666.48566469
1782387900000,738.111,738.309,737.726,737.951,206486900.63605526
1782388800000,737.949,738.584,737.843,738.009,39256447.94170094
1782389700000,738.012,738.21,737.625,737.786,16594248.90424631
1782390600000,737.787,739.86,737.786,738.916,120157617.76592746
1782391500000,738.909,739.498,738.83,739.008,50494059.161125146
1782392400000,739.002,739.2,738.45,738.641,61363129.37384551
1782393300000,738.648,739.108,738.34,738.951,89860604.8018024
1782394200000,738.9,739.32,734.04,734.257,2097052051.4759283
1782395100000,734.41,734.77,729.63,729.86,2898332017.6134663
1782396000000,729.88,735.8,729.79,734.12,2349518327.7647405
1782396900000,734.14,736.5,733.2,735.554,1268202081.5157728
1782397800000,735.46,737.1,734.76,735.369,1171496064.2279186
1782398700000,735.375,737.8,734.775,735.307,1261700783.3170912
1782399600000,735.25,736.48,732.63,732.899,1243492549.0600662
1782400500000,733.0,734.83,731.86,734.171,1192915084.6004643
1782401400000,734.3,735.44,733.93,734.757,638374673.4311148
1782402300000,734.754,735.765,734.01,734.147,746907101.3949081
1782403200000,734.15,736.12,733.68,735.691,740674563.4917507
1782404100000,735.74,736.23,733.98,734.206,614658492.4760255
1782405000000,734.2,734.22,732.15,732.29,596966188.466787
1782405900000,732.25,733.07,731.51,732.51,682585754.016796
1782406800000,732.517,733.72,732.17,733.227,544403661.6610247
1782407700000,733.228,734.22,732.12,733.25,546418826.7501833
1782408600000,733.28,733.77,732.55,732.598,715297694.6686445
1782409500000,732.608,733.57,731.65,733.422,1170876940.9499273
1782410400000,733.47,733.96,731.39,733.222,999674981.7981527
1782411300000,733.226,736.05,732.99,735.81,1081600865.9324903
1782412200000,735.816,735.821,733.66,733.912,849347003.5106939
1782413100000,733.88,734.34,732.69,733.89,921213104.3914715
1782414000000,733.93,733.93,732.34,732.37,1259696039.7256262
1782414900000,732.31,732.86,731.89,732.474,1254339436.1675835
1782415800000,732.42,732.461,731.61,732.032,1829455146.0181577
1782416700000,731.99,733.39,731.33,733.34,3864812316.491055
1782417600000,732.584,735.386,732.584,734.263,3670622755.6256843
1782418500000,734.263,735.74,734.263,735.15,360761396.29122883
1782419400000,735.149,735.157,734.523,734.523,204434558.3480681
1782420300000,734.522,734.552,733.888,733.9,68849225.61916804
1782421200000,733.879,733.968,733.727,733.968,44526316.79871753
1782422100000,733.97,733.975,733.851,733.967,20019045.589740857
1782423000000,733.966,733.98,733.603,733.628,22964849.499879252
1782423900000,733.627,733.644,733.425,733.5,125055674.31675841
1782424800000,733.528,733.954,732.295,732.624,38293183.76640311
1782425700000,732.622,733.008,732.281,732.281,10522285.778909242
1782426600000,732.279,732.755,732.231,732.755,7832958.534644119
1782427500000,732.756,733.099,732.544,733.075,7255595.692630808
1782428400000,733.074,733.828,733.02,733.828,7115414.158491188
1782429300000,733.832,735.806,733.747,735.498,56204213.52186426
1782430200000,735.49,735.542,733.579,733.613,21570306.63727798
1782431100000,733.613,733.613,732.317,732.814,31376974.019494552
1782432000000,732.832,734.13,732.832,734.0,8288906.99
1782432900000,733.97,734.15,732.86,733.47,1779490.25
1782433800000,733.61,733.65,732.95,733.3,2914205.54
1782434700000,733.33,733.66,732.64,732.86,2650656.26
1782435600000,733.01,733.43,731.93,732.87,2466088.27
1782436500000,733.37,733.55,732.46,732.46,1295542.12
1782437400000,732.53,732.53,731.01,731.11,4084267.98
1782438300000,731.01,731.49,730.3,730.76,4743165.83
1782439200000,730.86,730.9,730.06,730.13,3198173.54
1782440100000,730.22,730.48,729.49,729.74,13164317.15
1782441000000,729.8,729.87,728.73,729.05,18569711.0
1782441900000,729.09,729.09,727.64,728.02,18892426.45
1782442800000,727.99,727.99,727.45,727.85,6787094.94
1782443700000,727.83,727.95,727.43,727.72,7005298.1
1782444600000,727.68,727.89,726.65,727.89,6635273.96
1782445500000,727.81,729.17,727.62,729.14,5926274.84
1782446400000,729.22,729.39,728.71,729.01,4971770.03
1782447300000,729.01,729.34,728.03,728.5,8033352.61
1782448200000,728.51,728.84,727.81,728.13,3790274.11
1782449100000,728.21,728.21,727.48,727.56,3799001.45
1782450000000,727.7,728.49,727.34,728.49,2033341.7
1782450900000,728.51,728.87,728.23,728.8,1979293.89
1782451800000,728.84,729.15,727.67,727.67,2534910.66
1782452700000,727.67,728.43,727.45,728.13,4157079.32
1782453600000,728.15,728.48,727.84,728.44,3076237.15
1782454500000,728.61,729.51,728.57,729.51,4812880.21
1782455400000,729.51,730.38,729.31,730.36,3824502.23
1782456300000,730.36,731.75,730.33,731.21,5792870.57
1782457200000,731.32,731.39,730.39,731.02,3888895.59
1782458100000,731.23,731.76,731.02,731.7,3653459.17
1782459000000,731.74,732.18,731.48,731.54,2519790.32
1782459900000,731.47,731.97,731.28,731.96,2254465.93
1782460800000,732.25,732.757,730.925,731.64,105388600.01697801
1782461700000,731.4,731.706,730.922,731.265,3613389.870716712
1782462600000,731.39,731.585,730.576,731.39,4151377.5654134904
1782463500000,730.575,730.618,729.135,729.712,10805681.125903133
1782464400000,729.3,729.754,729.156,729.63,11975737.198004011
1782465300000,728.9,729.762,728.851,729.28,22128218.912237685
1782466200000,729.0,730.34,728.889,730.32,9096489.258183751
1782467100000,729.92,730.33,729.251,730.13,16287759.672883432
1782468000000,728.98,729.64,728.53,728.62,12036368.890238022
1782468900000,729.5,729.695,728.898,729.15,9429009.450198263
1782469800000,729.27,729.655,729.2,729.27,4155666.814374468
1782470700000,729.286,729.628,729.165,729.398,5242377.248163808
1782471600000,729.405,730.223,729.306,729.906,33840475.58169864
1782472500000,729.52,729.901,729.269,729.52,13063047.784581376
1782473400000,729.55,729.854,729.362,729.7,10165747.22808264
1782474300000,729.73,729.74,728.671,729.33,24074181.128539305
1782475200000,729.53,730.93,729.188,730.92,41319207.63241414
1782476100000,730.51,731.151,729.892,729.96,47329445.838349864
1782477000000,730.54,730.56,729.263,729.29,36828558.55117267
1782477900000,729.13,729.485,728.96,729.31,26010889.86440147
1782478800000,729.13,729.305,728.268,728.49,72451652.44464792
1782479700000,728.591,729.05,727.44,728.888,132151984.34771068
1782480600000,728.75,729.64,726.87,729.38,2214615906.4593315
1782481500000,729.095,731.31,727.98,730.82,1467944116.9057071
1782482400000,730.86,733.42,730.66,733.21,1662541397.6558185
1782483300000,733.2,734.22,732.45,733.5,1198042638.2999175
1782484200000,733.49,733.89,731.64,732.128,1206748902.265562
1782485100000,732.21,733.37,731.9,732.48,720504355.8055357
1782486000000,732.47,733.38,731.99,732.07,668112449.9149101
1782486900000,732.1,734.68,731.68,734.62,1066856336.8259234
1782487800000,734.74,736.5,734.4,736.19,1479403837.8986754
1782488700000,736.25,736.42,734.19,735.37,1038828462.8577802
1782489600000,735.37,735.51,733.84,734.09,807933426.5514265
1782490500000,734.12,734.63,732.77,733.42,960461824.9960979
1782491400000,733.51,734.76,733.364,734.03,785649803.6307554
1782492300000,734.05,734.83,733.87,734.469,810507357.2683487
1782493200000,734.465,735.84,734.22,735.075,1355240605.4618053
1782494100000,735.115,735.15,733.79,734.71,636727277.6915994
1782495000000,734.76,735.35,733.61,734.26,788913327.2586591
1782495900000,734.26,734.41,733.48,733.68,774962462.879055
1782496800000,733.68,734.58,733.67,734.004,917773724.6976829
1782497700000,734.05,734.16,732.75,732.84,944084676.3011737
1782498600000,732.83,733.66,732.73,732.8,1048122655.7931035
1782499500000,732.78,732.859,731.29,731.62,1970229461.9955118
1782500400000,731.64,732.795,731.34,732.79,1519718689.1295683
1782501300000,732.76,732.97,731.83,732.167,1485708700.8626168
1782502200000,732.22,733.345,731.795,733.27,1689253004.915525
1782503100000,733.26,733.84,716.57,729.02,7071107564.403939
1782504000000,729.21,732.33,729.21,732.15,9758765719.662907
1782504900000,732.19,732.865,732.01,732.51,1425768077.2184892
1782505800000,732.33,732.508,730.677,731.02,420519270.258191
1782506700000,730.62,731.309,730.51,730.97,95685914.7776617
1782507600000,730.59,730.725,730.582,730.69,620160981.0608184
1782508500000,730.97,731.0,730.481,730.71,111880316.62548934
1782509400000,730.661,731.155,730.566,730.601,89998906.05158278
1782510300000,730.601,731.45,730.6,731.292,277663323.3632548
1782511200000,731.291,731.615,731.231,731.615,19084559.788236614
1782512100000,731.615,731.67,731.309,731.463,27086335.39543208
1782513000000,731.462,731.533,731.056,731.315,12612856.678097848
1782513900000,731.315,731.34,731.195,731.199,5727678.940647693
1782514800000,731.209,731.32,731.151,731.152,4030043.897806627
1782515700000,731.151,731.261,731.075,731.203,5926154.70979787
1782516600000,731.198,731.372,730.93,731.354,5369490.868690155
1782517500000,731.25,731.394,731.131,731.25,12861009.674311433
1782518400000,731.227,731.227,731.227,731.227,0.0
1782691200000,734.44,735.72,733.98,734.5,16540496.3
1782692100000,734.47,734.49,733.11,733.11,6946976.08
1782693000000,733.17,734.48,733.08,734.32,7389785.89
1782693900000,734.33,734.78,733.2,734.69,3610712.35
1782694800000,734.69,734.82,733.96,734.48,5483919.11
1782695700000,734.43,734.49,733.59,734.19,6579116.53
1782696600000,733.7,735.09,733.69,734.88,8326755.68
1782697500000,734.76,734.96,734.31,734.69,2361903.95
1782698400000,734.65,734.77,733.05,733.07,6855360.59
1782699300000,733.2,734.87,733.0,734.83,9164807.94
1782700200000,734.8,735.16,734.67,734.99,4337560.33
1782701100000,735.05,735.11,734.83,734.85,1743400.97
1782702000000,735.09,735.79,735.09,735.35,2556220.04
1782702900000,735.22,735.43,735.14,735.3,3727642.07
1782703800000,735.29,735.3,734.31,734.61,2801713.48
1782704700000,734.5,736.06,734.5,735.87,7587297.24
1782705600000,735.78,735.78,735.31,735.32,1664589.65
1782706500000,735.31,735.6,735.01,735.25,1513128.51
1782707400000,735.23,735.38,734.82,734.95,1010688.28
1782708300000,734.97,735.36,734.85,735.07,1724591.91
1782709200000,734.9,735.15,734.78,735.11,597529.61
1782710100000,735.34,735.49,734.97,735.06,741018.89
1782711000000,735.23,736.14,735.19,736.05,2894588.49
1782711900000,736.09,736.56,735.88,736.51,10708433.63
1782712800000,736.57,736.59,735.4,735.52,5334169.28
1782713700000,735.58,736.07,735.5,735.93,1571767.86
1782714600000,735.9,736.28,735.87,735.98,2762978.8
1782715500000,736.02,736.03,735.25,735.42,1298305.62
1782716400000,735.41,735.43,734.51,734.96,23701948.9
1782717300000,735.26,736.0,735.26,735.82,2316930.39
1782718200000,735.8,736.07,735.48,735.88,2501929.39
1782719100000,735.79,736.02,731.226,735.8,2878077.87
1782720000000,736.02,736.678,732.011,736.49,131012600.21081242
1782720900000,736.91,737.045,736.349,736.41,11315193.974004019
1782721800000,736.58,736.913,736.208,736.32,3383215.4512205557
1782722700000,736.44,736.485,735.88,735.9,11373181.840029659
1782723600000,735.925,736.223,735.85,736.223,13537784.1338494
1782724500000,736.41,736.627,736.062,736.56,4390042.700462476
1782725400000,736.66,736.7,736.222,736.7,4344728.0416005375
1782726300000,735.99,736.444,735.612,736.29,16574893.950889222
1782727200000,736.63,736.869,736.272,736.63,4447564.36865646
1782728100000,736.35,736.727,736.106,736.43,1867400.6181672567
1782729000000,736.77,737.23,736.73,737.11,6281588.386619728
1782729900000,736.94,737.464,736.66,737.34,14714757.05529206
1782730800000,737.38,737.827,737.068,737.18,78897534.01596363
1782731700000,737.089,737.184,736.633,737.032,38623725.8003405
1782732600000,737.63,738.0,736.856,737.39,49461939.70068871
1782733500000,737.4,737.602,737.058,737.25,18692098.499339823
1782734400000,737.06,737.468,736.95,737.35,28461866.15447877
1782735300000,737.49,737.517,737.179,737.35,53753217.17100881
1782736200000,737.22,737.469,736.33,736.51,80239700.35406637
1782737100000,736.84,737.167,736.589,737.05,21123903.06704568
1782738000000,737.26,737.584,737.108,737.5,75869311.28705662
1782738900000,737.522,737.7,736.36,736.493,148712427.2680571
1782739800000,736.55,739.25,735.39,739.215,2138682794.9483202
1782740700000,739.26,739.87,736.44,736.82,1840698603.1814127
1782741600000,736.96,737.075,732.81,732.81,1924679285.6716845
1782742500000,732.59,736.17,732.12,736.07,2269985700.587888
1782743400000,735.98,737.8,735.945,737.094,1357070331.137718
1782744300000,737.025,738.31,735.88,737.819,1351604195.7060533
1782745200000,737.89,737.99,736.51,737.426,830231026.6723258
1782746100000,737.5,737.79,736.4,737.747,728729771.2791321
1782747000000,737.79,738.48,737.22,738.448,841809620.1717228
1782747900000,738.441,738.56,737.75,738.511,833672273.030787
1782748800000,738.6,739.13,738.455,738.48,921101749.5125641
1782749700000,738.5,738.86,738.28,738.33,1753508695.6167176
1782750600000,738.39,738.59,737.985,738.52,484890642.779103
1782751500000,738.5,738.95,738.19,738.68,867905405.6096917
1782752400000,738.69,740.19,738.681,739.96,662965482.4680109
1782753300000,740.03,740.37,739.46,740.15,801358254.9516891
1782754200000,740.13,740.61,739.98,740.29,454248372.8272659
1782755100000,740.3,740.82,740.11,740.41,401052638.7926703
1782756000000,740.43,740.78,740.23,740.58,982378043.6246165
1782756900000,740.56,740.62,740.115,740.14,796117807.6165
1782757800000,740.24,741.04,740.17,740.96,663991112.9013852
1782758700000,741.0,741.18,740.57,740.685,793824285.7982293
1782759600000,740.695,740.955,740.5,740.59,1807430024.1414711
1782760500000,740.58,741.13,740.33,740.88,1352667677.105221
1782761400000,740.88,741.0,740.44,740.625,1712322043.7134125
1782762300000,740.65,741.54,740.22,740.89,5321231548.922576
1782763200000,740.82,741.338,740.37,740.82,4443447549.291194
1782764100000,740.954,741.11,740.84,740.885,2887818949.973891
1782765000000,740.8,740.883,740.46,740.54,100097560.57715198
1782765900000,740.35,740.702,740.35,740.7,78735279.39647485
1782766800000,740.7,740.835,740.586,740.64,300583206.0836068
1782767700000,740.7,740.73,740.647,740.7,21905317.11744967
1782768600000,740.73,740.743,740.49,740.49,18609145.4848695
1782769500000,740.744,740.793,740.65,740.749,509348042.8036374
1782770400000,740.733,740.855,740.299,740.588,14047177.57772087
1782771300000,740.59,740.83,740.512,740.581,5670248.49437401
1782772200000,740.582,740.832,740.346,740.741,3785808.97966975
1782773100000,740.52,740.779,740.51,740.51,7113392.85980155
1782774000000,740.81,740.997,740.55,740.98,3705987.60801938
1782774900000,740.775,740.88,740.701,740.855,23814147.31822224
1782775800000,740.841,740.987,740.746,740.827,3020959.0623564967
1782776700000,740.45,740.851,740.439,740.45,13130495.88774136
1782777600000,740.786,741.28,740.43,741.1,5117814.96
1782778500000,741.19,741.34,740.2,740.2,2587644.1
1782779400000,740.31,740.31,739.51,739.84,5860811.74
1782780300000,739.76,740.59,739.7,740.48,3699584.75
1782781200000,740.68,740.69,739.76,739.85,2643563.67
1782782100000,739.98,741.12,739.85,741.12,1586099.5
1782783000000,741.15,741.39,740.53,740.98,2748413.73
1782783900000,741.09,741.2,740.74,741.03,1486450.68
1782784800000,741.08,741.08,740.51,740.52,820629.55
1782785700000,740.46,740.88,740.2,740.74,2217777.1
1782786600000,740.74,740.89,740.53,740.59,1611127.77
1782787500000,740.56,740.78,740.44,740.44,1218305.66
1782788400000,740.42,740.83,740.4,740.83,733984.35
1782789300000,740.82,741.01,740.75,741.0,1993740.94
1782790200000,741.07,741.75,740.99,741.71,2175201.5
1782791100000,741.67,741.98,741.49,741.51,1784085.45
1782792000000,741.49,742.02,741.49,742.02,718188.62
1782792900000,741.97,742.22,741.93,742.15,1547905.56
1782793800000,742.2,742.64,742.12,742.59,2093668.83
1782794700000,742.64,742.68,742.35,742.39,2598052.71
1782795600000,742.44,742.76,742.4,742.65,1985648.9
1782796500000,742.62,742.71,742.16,742.19,2457373.77
1782797400000,742.14,742.21,741.73,742.11,2346941.52
1782798300000,742.03,742.43,742.01,742.33,1102228.51
1782799200000,742.32,742.47,742.09,742.24,1059957.48
1782800100000,742.04,742.16,741.69,742.16,1429017.38
1782801000000,741.97,742.02,741.58,741.7,2230414.54
1782801900000,741.65,742.21,741.65,742.13,949747.99
1782802800000,742.17,742.57,741.92,741.92,1510610.68
1782803700000,742.03,742.27,741.85,742.2,676740.25
1782804600000,742.19,742.34,742.01,742.01,705057.95
1782805500000,742.01,742.01,740.771,741.58,1413711.96
1782806400000,741.47,742.154,740.884,742.07,57005058.14744458
1782807300000,742.06,742.167,741.271,742.06,4720565.0301671
1782808200000,742.17,742.27,740.852,741.085,7153795.7321471
1782809100000,741.085,741.509,740.727,741.476,2296548.49723645
1782810000000,741.477,741.714,741.36,741.632,3684826.34602577
1782810900000,741.8,741.828,741.576,741.8,1334575.76161601
1782811800000,741.571,741.798,741.16,741.736,2188160.55999023
1782812700000,741.734,742.05,741.726,741.867,1548293.93314243
1782813600000,741.865,742.1,741.674,741.95,2777136.8104368
1782814500000,741.96,742.124,741.892,741.96,2330844.15453185
1782815400000,741.93,742.119,741.736,741.93,2317943.46031068
1782816300000,742.62,742.67,741.836,742.67,6221877.48014896
1782817200000,742.57,742.95,742.398,742.91,24226699.11380319
1782818100000,742.96,742.96,742.195,742.37,20150522.82398841
1782819000000,742.43,742.737,742.252,742.71,26963554.47637818
1782819900000,742.89,742.936,742.313,742.39,28655265.63767409
1782820800000,741.82,742.362,741.466,741.61,59266227.92728592
1782821700000,741.39,741.563,740.92,741.03,47742503.69619618
1782822600000,740.71,741.349,740.539,741.27,47621611.16841858
1782823500000,741.22,741.451,740.97,741.04,75941773.885379
1782824400000,741.0,741.205,740.76,741.19,29841660.69817151
1782825300000,740.89,741.27,740.559,741.27,74514162.68803915
1782826200000,741.27,742.31,740.88,741.91,2049828459.1758385
1782827100000,741.88,743.94,741.68,743.91,1594542929.6672158
1782828000000,743.88,744.52,742.87,743.58,2896235470.528373
1782828900000,743.61,744.56,743.32,744.435,621367057.6860918
1782829800000,744.46,745.36,744.18,744.79,1038237993.1795188
1782830700000,744.77,744.79,742.94,743.31,685381607.7301533
1782831600000,743.32,744.91,743.25,744.81,760657803.5747387
1782832500000,744.81,745.35,744.4,745.28,662752713.1066275
1782833400000,745.28,745.47,744.79,745.03,681486514.6347307
1782834300000,745.05,746.0,745.032,745.77,611445440.6594292
1782835200000,745.78,746.39,745.77,746.29,709292316.5969578
1782836100000,746.26,746.6,746.21,746.29,735602999.3238744
1782837000000,746.29,746.59,746.11,746.5,581029554.4003581
1782837900000,746.56,747.03,746.48,746.79,688114115.4896156
1782838800000,746.78,747.14,746.585,746.6,441212980.00576985
1782839700000,746.585,746.895,746.37,746.5,649217911.6425784
1782840600000,746.53,746.68,746.14,746.61,710217612.2673081
1782841500000,746.62,746.64,746.31,746.49,474127477.6393986
1782842400000,746.48,746.84,746.33,746.785,592426066.6159809
1782843300000,746.775,747.075,746.68,746.77,604059489.8926332
1782844200000,746.83,747.05,746.58,746.99,626256012.2791146
1782845100000,747.01,747.45,746.87,747.12,844378776.7622768
1782846000000,747.13,747.78,747.11,747.73,883307039.5295922
1782846900000,747.72,748.01,747.31,747.42,2068775755.4827857
1782847800000,747.43,747.5,746.745,747.13,1585559645.0793412
1782848700000,747.12,747.86,746.36,746.36,7996625960.81796
1782849600000,746.42,746.84,745.9,746.13,4930345593.05851
1782850500000,746.04,746.339,745.82,745.82,2008012666.3032606
1782851400000,745.88,745.976,745.745,745.75,183264177.11827564
1782852300000,745.58,745.887,745.56,745.86,66478232.11251236
1782853200000,745.884,745.924,745.884,745.905,1286101485.9803996
1782854100000,745.905,746.108,745.905,746.04,20403829.0728326
1782855000000,746.039,746.045,745.785,745.785,36942986.85898025
1782855900000,745.8,745.999,745.785,745.991,514556408.6725601
1782856800000,746.04,746.344,745.957,746.22,59021738.81697989
1782857700000,746.43,746.672,746.281,746.61,9872857.91125475
1782858600000,746.49,746.66,746.347,746.49,15805047.65862048
1782859500000,746.401,746.401,745.901,745.984,6890550.49829871
1782860400000,745.91,746.209,745.91,745.91,4425775.66125131
1782861300000,746.0,746.275,745.972,746.0,4308085.86971561
1782862200000,746.24,746.372,746.069,746.26,15267720.59362651
1782863100000,746.0,746.4,745.942,746.0,7141117.0284708
1782864000000,745.87,746.31,745.86,746.08,3697556.57
1782864900000,746.15,746.23,745.83,746.23,1326368.55
1782865800000,746.23,746.48,746.23,746.39,1592849.53
1782866700000,746.38,746.52,746.21,746.22,3178251.82
1782867600000,746.15,746.23,745.24,745.6,3999711.89
1782868500000,745.7,745.71,745.12,745.33,1671068.42
1782869400000,745.44,745.45,745.15,745.2,2554767.71
1782870300000,745.18,745.3,744.94,745.0,3805617.33
1782871200000,745.02,745.02,743.97,744.12,7736171.0
1782872100000,744.05,744.58,743.55,744.58,8043404.61
1782873000000,744.54,744.81,744.44,744.76,1675947.92
1782873900000,744.79,744.81,744.53,744.75,1704539.37
1782874800000,744.69,745.05,744.62,745.02,1449470.69
1782875700000,745.04,745.04,744.45,744.51,4713961.84
1782876600000,744.5,744.94,744.47,744.75,1548315.02
1782877500000,744.74,745.16,744.74,745.01,1594312.5
1782878400000,745.02,745.02,744.63,744.63,3271063.26
1782879300000,744.6,744.83,744.52,744.79,2802916.11
1782880200000,744.8,744.93,744.58,744.89,3604443.04
1782881100000,744.88,745.24,744.76,744.81,3050118.76
1782882000000,744.83,745.06,744.69,744.84,3525281.14
1782882900000,744.83,744.93,744.52,744.69,3738488.94
1782883800000,744.71,744.82,744.49,744.6,3076950.39
1782884700000,744.67,744.69,744.47,744.57,2626908.02
1782885600000,744.63,744.75,744.34,744.5,3313771.45
1782886500000,744.53,744.53,744.06,744.41,6077646.93
1782887400000,744.45,744.51,744.3,744.49,3226942.16
1782888300000,744.54,744.72,744.19,744.3,4062466.78
1782889200000,744.25,744.4,743.3,743.49,13782653.86
1782890100000,743.39,743.82,742.97,743.7,8494876.69
1782891000000,743.7,743.99,743.62,743.82,2091694.6
1782891900000,743.84,744.2,743.72,744.08,2902648.06
1782892800000,744.07,745.837,743.746,744.11,139711385.13756922
1782893700000,744.28,744.418,744.103,744.27,7386298.00467577
1782894600000,744.17,744.609,744.083,744.54,4826477.5852384
1782895500000,744.58,744.687,744.331,744.672,2658861.99824924
1782896400000,744.26,744.694,744.039,744.22,13237335.19398424
1782897300000,744.39,744.455,744.137,744.39,3023675.6658379
1782898200000,744.358,744.547,744.271,744.485,1573813.7195336
1782899100000,744.512,744.904,744.512,744.904,3398974.13590664
1782900000000,744.905,744.979,744.456,744.592,3109455.93463373
1782900900000,744.594,745.29,744.594,745.226,3177247.39862393
1782901800000,745.27,745.415,744.993,745.07,12174969.48508104
1782902700000,745.31,745.514,745.132,745.5,5188855.62126169
1782903600000,745.51,745.71,745.359,745.45,15336977.92026543
1782904500000,745.52,745.624,745.32,745.43,37976749.69604274
1782905400000,745.3,745.353,745.011,745.25,40753864.60868677
1782906300000,745.01,745.36,744.789,745.02,11362052.17431986
1782907200000,744.7,745.099,744.41,744.41,15780618.20988074
1782908100000,745.18,745.497,745.081,745.29,22770504.55141475
1782909000000,745.29,745.56,744.26,744.52,85679587.14465806
1782909900000,744.34,744.888,744.32,744.68,40041936.78118056
1782910800000,744.76,745.134,744.218,744.445,36456215.97907208
1782911700000,744.61,745.62,744.464,745.09,65067712.05039506
1782912600000,744.99,745.125,742.395,743.381,1813273712.2921505
1782913500000,743.21,745.31,742.89,745.269,1466230922.676922
1782914400000,745.39,746.89,745.03,746.615,1237141844.5467203
1782915300000,746.655,747.01,746.36,746.82,1123973518.9857736
1782916200000,746.82,747.09,746.0,746.67,1084100729.8272927
1782917100000,746.61,747.045,745.72,746.96,873076239.2997533
1782918000000,746.98,748.07,746.904,748.07,1219554912.3396542
1782918900000,748.08,749.33,748.03,749.3,1450787640.0660968
1782919800000,749.31,749.36,748.34,748.81,694893652.2460226
1782920700000,748.76,748.91,748.35,748.81,612399321.2925411
1782921600000,748.82,749.13,748.68,749.081,388648425.1379019
1782922500000,749.07,749.44,748.86,748.99,619299345.3695431
1782923400000,748.99,749.21,748.28,748.6,512073045.41646445
1782924300000,748.59,748.78,747.36,747.49,685228323.6513282
1782925200000,747.52,747.9,747.04,747.835,661855820.658189
1782926100000,747.82,748.41,747.77,747.95,578106305.924361
1782927000000,747.975,748.17,747.49,747.5,410579108.42953604
1782927900000,747.48,747.72,747.17,747.17,480462920.6661632
1782928800000,747.2,747.69,747.09,747.1,598157122.2894654
1782929700000,747.08,747.535,746.71,747.14,659758226.2275422
1782930600000,747.13,747.36,747.01,747.17,507376273.79399693
1782931500000,747.19,747.21,746.47,746.85,816277756.1789315
1782932400000,746.85,747.67,746.8,747.34,968332680.8719635
1782933300000,747.33,747.59,746.96,746.97,807411838.7211629
1782934200000,746.94,747.3,746.45,746.65,1439888730.349045
1782935100000,746.645,746.81,745.16,745.665,4673512663.472948
1782936000000,745.65,745.74,744.53,745.27,4211312565.879872
1782936900000,744.95,745.105,744.713,744.79,1196539760.89518
1782937800000,744.7,744.854,744.19,744.59,251639433.19562474
1782938700000,744.66,744.926,744.468,744.8,165142644.55882543
1782939600000,744.875,745.049,744.85,744.95,235650751.70973873
1782940500000,744.99,745.053,744.751,744.99,46320993.72470455
1782941400000,744.946,745.161,744.946,745.161,3760433.92462379
1782942300000,745.161,745.259,745.1,745.16,512020645.34246373
1782943200000,745.25,745.383,744.807,744.83,25931175.90319886
1782944100000,744.831,745.408,744.802,745.374,114303522.24620196
1782945000000,745.376,745.528,745.316,745.439,5546937.27519915
1782945900000,745.27,745.641,745.189,745.46,5008645.31599024
1782946800000,745.589,745.59,745.2,745.203,4572686.50586304
1782947700000,745.205,745.289,745.137,745.287,9180252.03357591
1782948600000,745.285,745.349,745.025,745.304,5666446.23879152
1782949500000,745.2,745.309,744.51,744.61,14435099.31108593
1782950400000,744.75,745.29,744.21,744.79,28806736.56000001
1782951300000,744.85,745.59,744.65,745.59,4970444.6
1782952200000,745.54,745.77,744.96,744.96,3870884.23
1782953100000,744.98,746.12,744.98,746.03,5211797.38
1782954000000,745.96,746.88,745.89,746.88,3809558.83
1782954900000,746.84,746.89,746.5,746.77,2736271.31
1782955800000,746.88,747.33,746.81,747.26,3382140.06
1782956700000,747.21,747.43,747.11,747.16,2436809.8
1782957600000,747.01,747.5,746.97,747.5,684486.69
1782958500000,747.51,747.63,747.23,747.26,1684597.66
1782959400000,747.23,747.52,747.19,747.46,1068733.51
1782960300000,747.47,747.6,747.41,747.53,1254291.87
1782961200000,747.54,747.63,747.08,747.26,1733071.34
1782962100000,747.3,747.31,746.89,747.1,1385767.15
1782963000000,747.13,747.58,747.13,747.2,690441.09
1782963900000,747.13,747.48,746.99,747.48,378031.79
1782964800000,747.35,747.35,746.82,746.85,413898.53
1782965700000,746.79,746.96,746.62,746.87,817736.88
1782966600000,746.87,746.87,746.16,746.16,1277093.87
1782967500000,746.2,746.86,746.04,746.84,1044361.33
1782968400000,746.85,747.25,746.6,747.09,917451.5
1782969300000,747.1,747.36,746.95,746.95,594765.89
1782970200000,746.76,746.76,746.14,746.23,1918859.05
1782971100000,746.23,746.37,746.08,746.19,1626783.02
1782972000000,746.23,746.34,745.25,745.25,3549319.95
1782972900000,745.26,745.76,745.26,745.31,6470478.4
1782973800000,745.27,745.88,745.26,745.47,1086418.53
1782974700000,745.36,745.38,744.65,745.05,3087950.13
1782975600000,744.98,745.15,744.0,744.2,3929552.88
1782976500000,744.19,744.57,744.02,744.5,5122728.77
1782977400000,744.52,745.55,744.43,745.55,2358152.18
1782978300000,745.51,745.57,745.06,745.09,1041935.54
1782979200000,745.027,745.218,744.278,744.351,58662625.02595003
1782980100000,745.0,745.715,744.353,745.0,4117435.9247958
1782981000000,746.0,746.226,745.444,745.98,6787270.44194163
1782981900000,745.89,746.4,745.855,746.4,3229582.95922717
1782982800000,745.57,746.21,745.468,745.57,4497996.01774146
1782983700000,745.59,745.747,745.489,745.59,3501693.30365894
1782984600000,745.7,746.139,745.7,746.1,11125759.43108974
1782985500000,745.843,745.905,745.585,745.639,1911934.282934954
1782986400000,745.55,745.64,745.156,745.49,2035965.06874244
1782987300000,745.348,745.75,745.291,745.675,3104635.5510455
1782988200000,746.07,746.29,745.677,746.16,7393758.86345524
1782989100000,746.057,746.229,745.88,746.224,2712770.636137
1782990000000,746.19,746.325,745.807,746.2,23091328.44627945
1782990900000,746.08,746.314,745.85,746.28,31330054.71175492
1782991800000,746.28,746.684,746.097,746.58,16672440.69102077
1782992700000,746.73,746.826,746.285,746.73,13147739.37958174
1782993600000,746.285,747.021,746.041,747.001,22178509.76664775
1782994500000,747.12,747.454,746.86,746.86,30399832.10851098
1782995400000,748.01,749.53,747.459,749.08,366780176.84431785
1782996300000,749.02,749.152,747.74,747.96,91507694.39747994
1782997200000,748.21,748.36,747.242,747.4,111646700.74093893
1782998100000,747.27,748.027,747.27,747.35,87554708.63129653
1782999000000,747.37,750.25,747.12,749.82,1904081902.0037801
1782999900000,749.78,751.22,749.545,750.78,1213256703.8449054
1783000800000,750.79,751.24,749.66,750.99,1105030347.9926658
1783001700000,750.98,751.19,747.63,748.05,927852071.790393
1783002600000,748.05,749.35,746.375,746.855,1312124252.5021443
1783003500000,746.89,747.68,746.02,747.62,908154612.3128462
1783004400000,747.72,747.78,744.25,746.15,1377858067.4765637
1783005300000,745.97,746.33,744.35,744.89,1027539957.1047182
1783006200000,744.91,746.705,744.88,745.31,672803250.7966624
1783007100000,745.27,745.71,744.07,744.635,597592318.3552547
1783008000000,744.64,744.855,743.72,744.51,843600034.8463104
1783008900000,744.37,744.61,743.38,743.54,609949762.4893366
1783009800000,743.54,743.57,742.15,743.28,1290546421.2164032
1783010700000,743.22,743.33,741.85,742.166,598746494.1027942
1783011600000,742.2,742.25,740.4,741.75,985538330.8456689
1783012500000,741.71,742.12,741.14,741.54,1894818711.5696108
1783013400000,741.535,742.08,740.44,740.97,767775826.497979
1783014300000,741.1,741.14,740.05,740.25,791683020.9449518
1783015200000,740.25,742.87,740.06,742.26,962061945.7709635
1783016100000,742.37,742.73,741.4,742.73,553371741.3304341
1783017000000,742.72,743.33,742.67,743.05,668850118.9742002
1783017900000,743.03,743.5,742.52,742.97,802339792.509055
1783018800000,742.943,743.13,741.36,742.079,693028559.0753121
1783019700000,742.03,742.61,741.46,742.32,1218902800.6338055
1783020600000,742.41,743.38,742.21,743.245,1160921142.777366
1783021500000,743.3,745.57,743.03,744.83,6871841585.649364
1783022400000,744.65,745.03,744.01,744.56,7961330407.181549
1783023300000,744.62,744.69,744.1,744.16,181268591.39641273
1783024200000,744.18,744.575,744.066,744.07,263355877.23964074
1783025100000,744.32,744.51,744.09,744.46,58456981.21567524
1783026000000,744.444,744.544,744.264,744.272,114853632.63776965
1783026900000,744.27,744.454,744.26,744.38,6100659.777956254
1783027800000,744.39,744.505,744.345,744.39,23646299.22227749
1783028700000,744.505,744.728,744.505,744.684,530896981.6883252
1783029600000,744.9,745.033,744.598,745.0,38811328.88276657
1783030500000,745.1,745.209,744.981,745.19,6082960.87193729
1783031400000,744.987,745.625,744.906,745.619,15993567.20302965
1783032300000,745.619,745.648,745.396,745.639,4236233.28373895
1783033200000,745.64,745.673,745.068,745.069,3942057.54631329
1783034100000,745.077,745.758,745.077,745.673,4388024.839771
1783035000000,745.679,745.837,745.451,745.451,5141807.967736123
1783035900000,745.449,745.795,745.445,745.707,3509843.75712017
1783036800000,745.707,745.707,745.707,745.707,0.0
1783296000000,746.85,749.17,746.03,749.07,15788184.46
1783296900000,749.19,749.52,748.19,748.19,6675325.38
1783297800000,748.15,748.89,747.96,748.8,6085130.35
1783298700000,748.97,749.19,748.66,748.82,4549846.77
1783299600000,748.71,748.71,748.14,748.52,2501369.45
1783300500000,748.44,748.51,747.47,747.75,3776356.74
1783301400000,747.77,748.27,747.77,747.93,2244167.33
1783302300000,747.85,747.86,747.13,747.48,3089457.93
1783303200000,747.57,747.71,747.1,747.1,2798249.15
1783304100000,747.11,747.24,746.89,746.89,1358798.96
1783305000000,746.87,746.99,746.25,746.39,6030865.15
1783305900000,746.35,746.63,746.25,746.61,2175245.2
1783306800000,746.57,746.86,746.41,746.63,3277637.87
1783307700000,746.63,746.8,746.46,746.71,1102775.24
1783308600000,746.84,746.96,746.42,746.47,4330073.16
1783309500000,746.47,746.55,746.02,746.55,1699343.43
1783310400000,746.26,746.7,746.26,746.7,384419.64
1783311300000,746.89,746.98,746.82,746.96,1062094.99
1783312200000,746.99,747.33,746.86,747.31,1677243.07
1783313100000,747.23,747.4,747.16,747.39,547806.63
1783314000000,747.36,747.49,747.2,747.42,1178603.56
1783314900000,747.54,747.61,747.11,747.11,1303923.27
1783315800000,747.02,747.4,746.75,747.26,966603.68
1783316700000,747.15,747.34,747.07,747.26,94152.22
1783317600000,747.29,747.31,747.0,747.0,835918.68
1783318500000,746.91,747.33,746.9,747.33,667899.1
1783319400000,747.24,747.73,747.24,747.67,458239.14
1783320300000,747.66,747.71,747.47,747.71,1098905.87
1783321200000,747.66,747.99,747.47,747.79,619883.04
1783322100000,747.88,748.11,747.26,747.75,2156963.31
1783323000000,747.76,748.41,747.71,748.41,1150286.98
1783323900000,748.32,748.46,748.25,748.43,422091.41
1783324800000,748.52,748.859,745.706,748.52,33402640.35336819
1783325700000,748.13,748.453,747.898,748.36,8769275.133122
1783326600000,748.34,748.444,748.052,748.34,4651685.11874625
1783327500000,748.33,748.544,748.251,748.33,3248050.75782329
1783328400000,748.3,748.498,748.126,748.3,6202913.30770005
1783329300000,748.28,748.51,748.151,748.51,5943027.65786891
1783330200000,748.449,748.472,748.142,748.317,3112554.31317751
1783331100000,748.725,748.765,748.01,748.725,12624488.57101617
1783332000000,748.62,748.834,748.287,748.61,9862122.72872681
1783332900000,748.64,748.755,748.471,748.64,7700867.95183648
1783333800000,748.48,748.747,748.376,748.376,4150781.26854745
1783334700000,748.22,748.499,748.181,748.27,2440663.89998403
1783335600000,748.53,748.703,748.038,748.05,12764603.23825165
1783336500000,748.23,748.451,748.163,748.19,33524182.04543256
1783337400000,748.2,748.371,748.106,748.19,19475414.55055652
1783338300000,748.09,748.388,747.774,747.84,20810589.73837065
1783339200000,747.785,748.467,747.72,748.445,52374477.650537305
1783340100000,748.46,748.619,747.842,747.85,39496416.22552148
1783341000000,748.04,748.49,747.894,748.12,42010834.56037003
1783341900000,748.36,748.402,748.088,748.31,31576561.77427847
1783342800000,748.22,748.453,747.728,748.0,39871177.99182218
1783343700000,747.73,748.479,747.47,748.39,52790164.76624217
1783344600000,748.31,749.425,747.445,748.67,1983993653.4028182
1783345500000,748.63,749.54,748.28,748.42,1532893207.1394753
1783346400000,748.53,749.45,748.01,749.4,850526711.5929774
1783347300000,749.4,749.97,748.97,749.932,2249755290.7342544
1783348200000,749.945,750.15,749.09,749.66,1016424903.7121074
1783349100000,749.64,750.28,749.5,750.28,815142595.7171189
1783350000000,750.29,750.41,749.83,750.08,904012922.5927882
1783350900000,750.05,750.79,749.61,750.74,1067298987.8395944
1783351800000,750.755,750.95,750.393,750.807,619211575.7392975
1783352700000,750.84,750.96,750.6,750.81,733537928.3182507
1783353600000,750.86,751.1,750.66,750.99,706960847.5498419
1783354500000,750.96,751.12,750.555,750.64,688199330.9350116
1783355400000,750.58,750.75,750.41,750.72,634151048.3336403
1783356300000,750.71,751.07,750.4,750.42,754936610.4410481
1783357200000,750.48,751.53,750.41,751.25,710659384.9997549
1783358100000,751.36,751.43,750.62,750.69,909168512.7673975
1783359000000,750.68,750.74,749.65,750.095,759332286.7499404
1783359900000,750.06,750.52,749.85,750.092,380920792.2655756
1783360800000,750.175,751.12,750.107,751.04,831507894.7392765
1783361700000,751.03,751.6,751.015,751.34,689839013.9549385
1783362600000,751.35,751.52,751.01,751.225,888778825.2477591
1783363500000,751.26,752.0,751.2,751.925,696995905.5429482
1783364400000,751.955,752.12,751.69,751.79,1158730740.2722852
1783365300000,751.795,752.4,751.67,752.25,1586189889.290569
1783366200000,752.28,752.28,751.76,752.045,1906640620.6639564
1783367100000,752.04,752.22,750.83,751.26,6232870831.115419
1783368000000,751.31,751.76,751.142,751.724,5389271238.419944
1783368900000,751.75,751.89,751.505,751.53,84155601.58409709
1783369800000,751.62,751.705,751.51,751.63,109092921.01519586
1783370700000,751.67,751.764,751.46,751.69,158304678.48588154
1783371600000,751.706,751.815,751.625,751.815,142733552.63425505
1783372500000,751.815,751.831,751.785,751.82,17603737.03640178
1783373400000,751.82,751.83,751.809,751.818,7203194.71120512
1783374300000,751.8,751.825,751.789,751.81,8319382.1369694
1783375200000,751.806,751.964,751.663,751.964,123881804.94525534
1783376100000,751.965,752.114,751.897,751.905,7175209.369948721
1783377000000,751.97,752.059,751.797,751.97,4439740.8343647
1783377900000,751.919,751.919,751.355,751.477,9329952.71611518
1783378800000,751.86,751.86,751.471,751.86,6958501.79247662
1783379700000,751.641,751.641,751.256,751.376,8298509.9869537
1783380600000,751.1,751.444,751.09,751.18,8141052.8716101
1783381500000,750.7,751.091,750.541,750.58,9600956.73550572
1783382400000,750.51,751.16,750.24,750.75,3214816.42
1783383300000,750.79,751.7,750.74,751.11,2677717.69
1783384200000,751.1,751.22,750.55,750.91,6764784.3
1783385100000,750.91,751.09,750.69,750.74,445291.35
1783386000000,750.72,750.89,750.6,750.74,1918871.88
1783386900000,750.73,750.73,750.28,750.36,6070773.4
1783387800000,750.37,750.78,750.1,750.77,5299966.25
1783388700000,750.78,751.06,750.53,750.53,2711871.32
1783389600000,750.51,750.93,750.48,750.78,1179348.82
1783390500000,750.82,750.82,750.45,750.45,2664627.58
1783391400000,750.45,750.49,750.19,750.33,2698904.5
1783392300000,750.35,750.35,750.04,750.12,1033075.55
1783393200000,750.13,750.47,750.13,750.2,607013.36
1783394100000,750.11,750.17,749.7,749.72,3402303.38
1783395000000,749.77,749.92,749.52,749.63,4889005.62
1783395900000,749.62,749.69,749.29,749.69,2821641.32
1783396800000,749.6,749.66,749.38,749.38,1275668.16
1783397700000,749.35,749.41,749.15,749.29,1693348.8
1783398600000,749.38,749.5,748.96,749.11,1936642.24
1783399500000,749.12,749.17,748.88,749.08,1232825.7
1783400400000,749.06,749.07,748.72,748.81,8447047.45
1783401300000,748.77,748.83,748.49,748.5,1361081.05
1783402200000,748.79,749.42,748.79,749.3,3131556.36
1783403100000,749.29,749.7,749.1,749.52,3287647.72
1783404000000,749.56,749.63,748.88,748.93,1291619.99
1783404900000,749.06,749.35,748.99,749.27,1879565.31
1783405800000,749.26,749.47,749.13,749.42,241291.24
1783406700000,749.48,749.63,749.26,749.57,1734852.9
1783407600000,749.51,749.93,749.39,749.86,1484969.62
1783408500000,749.96,750.17,749.95,750.08,1820350.0
1783409400000,750.11,750.11,749.91,750.01,1020009.94
1783410300000,749.9,749.96,749.37,749.4,1295572.06
1783411200000,749.41,750.469,749.33,749.59,67628969.42480183
1783412100000,750.003,750.34,749.956,750.294,3244942.22205557
1783413000000,750.39,750.446,750.202,750.24,19002804.94587582
1783413900000,750.286,750.345,749.982,750.032,28021166.20346267
1783414800000,750.22,750.383,749.806,750.22,3846154.48282703
1783415700000,750.384,750.457,750.173,750.184,2930837.60411182
1783416600000,750.06,750.379,749.981,750.07,5990851.95037217
1783417500000,750.35,750.411,750.19,750.35,2469254.49610765
1783418400000,750.43,750.564,750.061,750.43,10698685.24648023
1783419300000,750.26,750.474,750.063,750.35,11495125.27425241
1783420200000,750.31,750.31,750.016,750.065,2334433.01786288
1783421100000,749.71,750.129,749.563,749.6,14065818.40574454
1783422000000,749.82,749.924,749.447,749.49,28928889.6467677
1783422900000,749.573,749.993,749.573,749.806,15411236.63773077
1783423800000,749.804,749.804,749.474,749.726,15050911.775679884
1783424700000,749.8,750.109,749.57,749.79,27750246.06173789
1783425600000,750.11,750.689,750.06,750.68,30175096.31968521
1783426500000,750.19,750.597,750.139,750.58,28384104.78316796
1783427400000,750.57,750.854,750.322,750.83,28226617.48579639
1783428300000,750.26,750.769,750.138,750.25,24145685.27116121
1783429200000,749.99,750.331,749.808,750.24,34354961.22378186
1783430100000,750.14,750.486,750.086,750.23,48416897.93470749
1783431000000,750.22,750.95,749.17,750.13,2034868279.094618
1783431900000,750.16,750.17,748.26,748.831,1025660603.9125832
1783432800000,748.8,749.17,746.96,747.025,1203953372.9693146
1783433700000,747.01,747.71,746.08,746.7,1496139759.7450538
1783434600000,746.68,747.01,745.28,745.7,1561062609.8331795
1783435500000,745.79,746.93,745.704,746.52,1044507297.9017429
1783436400000,746.47,746.68,745.95,746.142,622766780.6003739
1783437300000,746.06,746.34,745.765,746.34,569100478.6396009
1783438200000,746.355,746.42,745.47,746.375,543955488.5703198
1783439100000,746.41,747.42,746.342,747.36,824916825.3196206
1783440000000,747.37,748.16,747.26,748.02,710508137.3036866
1783440900000,748.06,748.95,747.85,748.82,967777106.0644702
1783441800000,748.74,749.01,748.24,748.86,790186482.5630281
1783442700000,748.85,749.12,748.5,748.96,790888218.9682413
1783443600000,748.98,749.35,748.76,748.8,660123208.253819
1783444500000,748.808,749.15,748.43,748.85,436475590.3608141
1783445400000,748.83,749.28,748.81,749.1,503649496.10347134
1783446300000,749.12,749.152,748.67,749.13,495362302.7829131
1783447200000,749.18,749.27,748.84,749.01,622740162.0328686
1783448100000,748.97,749.29,748.89,748.98,606709359.9451848
1783449000000,749.0,749.05,748.415,748.695,779710748.8188491
1783449900000,748.73,748.83,747.42,747.5,1185807457.2033243
1783450800000,747.5,747.67,746.55,746.84,1755429676.3440998
1783451700000,746.78,747.05,746.03,746.615,1470101463.7907147
1783452600000,746.68,747.265,746.38,746.52,1371601599.1881979
1783453500000,746.52,747.94,746.51,747.67,3824899637.209528
1783454400000,747.7,747.72,747.29,747.48,2199351491.939996
1783455300000,747.55,747.557,747.16,747.29,290993386.185138
1783456200000,747.43,747.58,747.353,747.55,39460489.81267437
1783457100000,747.518,747.59,747.42,747.485,62903853.803161345
1783458000000,747.487,747.527,747.197,747.2,69365535.7433497
1783458900000,746.79,747.255,746.124,746.58,142165315.29106072
1783459800000,746.27,746.337,745.94,745.94,59129108.65730346
1783460700000,746.28,746.544,746.262,746.408,20584544.53999782
1783461600000,746.59,746.946,746.122,746.82,543661709.2910697
1783462500000,746.756,746.974,746.705,746.823,7239195.340795
1783463400000,746.79,747.044,746.751,746.79,11689290.87577955
1783464300000,746.93,747.068,746.682,747.0,6256272.72763092
1783465200000,746.996,747.123,746.766,746.951,9240817.211267656
1783466100000,747.29,747.464,746.942,747.29,4199020.6980439
1783467000000,747.11,747.473,746.63,747.11,9816367.62746354
1783467900000,746.36,746.863,746.137,746.24,41220791.32694566
1783468800000,746.35,747.24,745.87,747.14,6409216.82
1783469700000,747.19,747.97,747.0,747.4,8102990.83
1783470600000,747.54,748.29,747.22,748.28,2696137.75
1783471500000,748.29,748.5,748.04,748.5,3080778.34
1783472400000,748.53,748.64,748.05,748.58,2875088.01
1783473300000,748.54,748.54,747.95,747.98,5555711.38
1783474200000,748.02,748.12,747.48,747.82,3210589.98
1783475100000,747.83,748.17,747.54,747.78,2727146.09
1783476000000,747.65,747.65,747.16,747.16,2483464.25
1783476900000,747.16,747.66,747.09,747.31,1730269.62
1783477800000,747.29,747.31,747.07,747.27,4932976.94
1783478700000,747.65,747.83,747.6,747.6,1151468.11
1783479600000,747.78,748.09,747.72,748.01,1275204.68
1783480500000,748.05,748.35,747.89,748.32,1014576.6
1783481400000,748.35,748.49,747.91,747.91,5261493.33
1783482300000,747.9,747.9,747.8,747.86,429261.08
1783483200000,747.83,747.83,747.5,747.5,674371.76
1783484100000,747.63,747.97,747.5,747.78,1270901.62
1783485000000,747.73,747.73,747.28,747.45,1009079.05
1783485900000,747.51,747.59,747.12,747.56,690573.83
1783486800000,747.55,747.75,747.48,747.48,339422.08
1783487700000,747.57,747.67,747.11,747.23,616505.83
1783488600000,747.15,747.17,746.68,746.78,2264000.95
1783489500000,746.8,746.87,746.32,746.72,1567741.24
1783490400000,746.69,746.74,746.43,746.47,647274.45
1783491300000,746.53,746.89,746.38,746.46,917483.81
1783492200000,746.38,746.45,745.87,745.89,2144136.5
1783493100000,745.79,746.54,745.71,746.27,4648639.86
1783494000000,746.17,746.17,745.62,746.1,943394.39
1783494900000,745.85,746.57,745.81,746.55,714959.05
1783495800000,746.55,747.04,746.44,746.64,1236044.72
1783496700000,746.92,746.93,746.47,746.62,1576301.09
1783497600000,746.57,747.004,746.15,746.21,40202302.71904805
1783498500000,746.52,747.011,742.275,742.63,103600704.65203527
1783499400000,741.4,742.258,740.369,741.73,56917219.16035482
1783500300000,741.22,741.88,740.42,741.24,18331380.7693738
1783501200000,739.82,740.728,739.439,739.55,38653450.25038206
1783502100000,739.85,740.19,739.41,740.13,48931343.13733515
1783503000000,739.94,740.814,739.877,740.125,40955511.3212707
1783503900000,739.98,740.457,739.847,739.88,16119583.94573361
1783504800000,739.94,740.262,739.41,739.64,44781989.79042657
1783505700000,740.39,740.599,739.6,740.46,35329001.76619723
1783506600000,741.19,741.294,740.24,741.19,33794850.36947509
1783507500000,741.16,741.477,740.969,741.1,26235712.65358278
1783508400000,741.17,741.37,740.67,740.91,39745790.42334236
1783509300000,740.94,741.153,740.5,740.79,121668609.27646634
1783510200000,740.65,743.12,740.612,742.47,192202067.7351943
1783511100000,742.04,742.841,741.885,742.28,109545071.23738554
1783512000000,742.24,743.66,741.844,743.49,94706638.10836697
1783512900000,743.24,743.662,742.949,743.39,59811431.18864513
1783513800000,743.75,743.853,743.305,743.63,62115608.58316408
1783514700000,743.71,744.11,742.964,743.05,113605727.68674439
1783515600000,743.1,743.931,742.965,743.86,138223784.27904266
1783516500000,743.64,743.848,742.944,743.08,122362497.77927166
1783517400000,743.145,744.72,742.66,744.37,1824364215.2997324
1783518300000,744.31,744.93,743.25,744.02,1712572413.332277
1783519200000,744.09,744.67,743.07,743.211,960985915.9450371
1783520100000,743.18,744.53,742.68,743.17,1248896311.4347966
1783521000000,743.07,743.685,741.96,742.44,1160539085.0545142
1783521900000,742.43,742.79,740.97,741.84,1277226845.3604677
1783522800000,741.95,741.995,740.97,741.145,689380901.784446
1783523700000,741.04,741.56,739.57,740.01,1373591540.9065094
1783524600000,740.0,741.225,739.55,740.73,890521701.868907
1783525500000,740.73,740.99,740.03,740.7,886577833.6647087
1783526400000,740.62,742.31,740.62,742.25,786813025.123238
1783527300000,742.35,743.43,741.99,743.1,792073107.1130412
1783528200000,743.1,744.17,742.46,743.96,943825531.4378686
1783529100000,743.8,744.74,743.59,744.71,806496593.2297912
1783530000000,744.7,744.76,744.0,744.35,732471304.9680175
1783530900000,744.29,745.78,744.29,745.69,660525926.7667977
1783531800000,745.72,746.08,744.85,744.94,685369010.6559243
1783532700000,744.93,744.974,743.96,744.39,568600663.5336716
1783533600000,744.375,745.5,744.01,745.31,867245445.2899946
1783534500000,745.34,745.37,744.71,744.75,525564465.16129255
1783535400000,744.64,745.29,744.29,745.05,557012253.4304441
1783536300000,745.07,745.51,744.8,745.305,548776134.1186309
1783537200000,745.36,745.68,744.81,744.88,693842191.9836849
1783538100000,744.9,745.35,744.695,745.21,554724349.5600113
1783539000000,745.19,745.37,744.83,745.34,766559094.8042657
1783539900000,745.3,746.14,744.43,745.3,3506710782.9959073
1783540800000,745.28,745.44,744.5,744.73,1419510895.0815325
1783541700000,744.96,744.993,744.252,744.39,1562534609.1100357
1783542600000,744.31,744.433,743.515,744.26,683853677.6684902
1783543500000,744.09,744.436,744.027,744.1,47821580.3575898
1783544400000,744.159,744.168,744.066,744.066,169678101.1518509
1783545300000,744.064,744.115,744.005,744.049,8236950.34202148
1783546200000,744.23,744.39,744.049,744.39,33331824.4345948
1783547100000,744.329,744.355,744.3,744.355,2992893.35522372
1783548000000,744.71,744.839,744.352,744.54,538571927.8442874
1783548900000,744.583,744.776,744.304,744.446,7289172.21171644
1783549800000,744.42,744.716,744.265,744.42,4378514.40654782
1783550700000,744.359,744.472,744.282,744.472,1810100.99385979
1783551600000,744.78,744.84,744.474,744.79,14634298.87301811
1783552500000,744.795,744.799,744.271,744.596,6294791.06009843
1783553400000,744.59,745.004,744.377,744.84,19969272.93217693
1783554300000,745.005,745.361,744.941,745.346,8814652.03184062
1783555200000,745.25,745.99,745.25,745.99,1435095.41
1783556100000,745.97,745.99,745.37,745.98,2497823.2
1783557000000,746.0,746.28,745.73,745.73,916791.0
1783557900000,745.77,746.16,745.18,745.81,3581046.12
1783558800000,745.73,746.12,745.46,745.92,1885993.1
1783559700000,745.92,746.3,745.71,745.91,1536040.95
1783560600000,746.03,746.24,745.8,746.24,3328017.43
1783561500000,746.16,746.35,745.54,745.59,3245946.02
1783562400000,745.58,746.46,745.33,746.41,2127926.19
1783563300000,746.47,746.87,746.35,746.5,2102209.86
1783564200000,746.63,746.65,745.81,745.81,1472912.16
1783565100000,745.79,745.82,745.4,745.49,1619354.84
1783566000000,745.4,745.65,745.21,745.31,1730022.24
1783566900000,745.31,746.1,745.13,746.1,1698964.08
1783567800000,746.11,746.51,746.04,746.47,778240.51
1783568700000,746.49,746.59,746.43,746.45,637508.33
1783569600000,746.57,746.65,746.38,746.55,536007.2
1783570500000,746.54,746.64,746.16,746.19,378377.84
1783571400000,746.32,747.01,746.32,747.01,1106018.36
1783572300000,746.91,747.28,746.85,747.24,1364139.0
1783573200000,747.23,747.92,746.71,747.5,2680791.87
1783574100000,747.51,747.6,746.66,746.74,1343108.09
1783575000000,746.75,747.01,746.14,746.99,2317611.37
1783575900000,747.05,747.81,747.05,747.81,1412814.54
1783576800000,747.83,747.91,747.28,747.6,2400364.39
1783577700000,747.81,747.91,747.64,747.64,714847.23
1783578600000,747.62,747.79,747.4,747.75,344665.04
1783579500000,747.65,747.72,747.44,747.44,267643.23
1783580400000,747.46,747.86,747.45,747.82,1676392.84
1783581300000,747.94,747.96,747.62,747.85,317814.7
1783582200000,747.83,748.2,747.57,748.2,1424708.08
1783583100000,748.26,748.35,747.8,747.89,1513532.64
1783584000000,745.798,748.399,745.798,747.99,60018411.31047435
1783584900000,747.98,748.314,747.691,747.972,4324757.10918292
1783585800000,747.39,747.966,747.225,747.39,3903816.18720567
1783586700000,747.32,747.403,746.866,747.33,9942438.73868895
1783587600000,747.03,747.288,746.766,747.0,17360710.6698077
1783588500000,746.875,746.986,746.704,746.871,1582034.79516383
1783589400000,746.851,746.966,746.139,746.176,5990887.69453927
1783590300000,746.54,746.84,746.207,746.54,3688272.94849563
1783591200000,746.63,746.926,746.63,746.75,9520387.18190519
1783592100000,746.838,747.049,746.58,746.71,2670796.15220845
1783593000000,746.66,746.764,746.35,746.69,13352738.59023863
1783593900000,746.16,746.744,745.425,745.425,20264312.31230802
1783594800000,746.385,746.503,745.79,745.905,21433760.8367384
1783595700000,746.376,746.569,746.157,746.49,80129769.66752324
1783596600000,746.56,746.827,746.357,746.52,35496120.58170908
1783597500000,747.11,747.279,746.744,746.98,41826049.23503811
1783598400000,747.0,747.613,746.916,747.33,50169387.82073093
1783599300000,747.47,747.738,747.233,747.66,80291238.9041955
1783600200000,747.73,748.053,747.447,747.47,45096663.37346412
1783601100000,747.37,747.441,747.062,747.12,39317100.34964655
1783602000000,747.44,747.51,747.142,747.39,21640709.72792129
1783602900000,747.3,747.66,747.21,747.26,73203252.79310735
1783603800000,747.38,748.495,745.68,748.312,2036355919.3314605
1783604700000,748.47,749.19,747.81,748.58,1783781340.423199
1783605600000,748.745,749.02,747.26,747.61,915515759.682652
1783606500000,747.53,748.19,745.58,747.85,2133234957.2304535
1783607400000,747.875,748.47,747.14,747.87,472287088.09127474
1783608300000,747.924,748.88,747.27,748.73,1053640496.8768321
1783609200000,748.73,749.57,748.595,749.24,718855961.7634507
1783610100000,749.17,749.96,748.97,749.79,642393752.1512052
1783611000000,749.77,750.25,749.495,750.12,496668074.7299658
1783611900000,750.13,750.25,749.79,749.86,406121098.8769237
1783612800000,749.88,750.56,749.85,750.52,501844936.6952126
1783613700000,750.48,750.82,750.4,750.66,1482015077.3174775
1783614600000,750.7,750.9,750.32,750.69,546947004.0374315
1783615500000,750.7,750.74,750.23,750.43,784541199.1236454
1783616400000,750.438,751.39,750.4,751.233,691352486.4624017
1783617300000,751.22,751.77,751.22,751.76,498746063.84749085
1783618200000,751.74,751.9,751.44,751.71,518661369.4809113
1783619100000,751.71,751.96,751.18,751.6,628146836.3102614
1783620000000,751.63,751.84,751.45,751.75,618974693.8009961
1783620900000,751.74,751.865,751.24,751.395,636041248.6374769
1783621800000,751.48,751.58,751.05,751.29,798017022.3154403
1783622700000,751.31,751.34,750.89,751.05,942905563.1009051
1783623600000,751.06,751.063,750.68,750.91,759595716.5069233
1783624500000,750.88,751.45,750.85,751.099,954352115.1587303
1783625400000,751.09,751.48,750.93,751.41,898718366.1424955
1783626300000,751.41,751.64,750.84,751.63,3760343686.91828
1783627200000,751.7,751.763,751.21,751.69,3756564835.1264915
1783628100000,751.69,751.72,751.221,751.32,296198407.7526691
1783629000000,751.273,751.536,751.251,751.348,165027416.02690762
1783629900000,751.27,751.38,751.14,751.27,537235408.0343176
1783630800000,751.25,751.412,751.171,751.25,385975999.2397016
1783631700000,751.14,751.285,751.055,751.1,15639801.56576836
1783632600000,751.055,751.269,751.055,751.269,16362063.28572005
1783633500000,751.264,751.264,751.076,751.187,427841121.7201694
1783634400000,751.187,751.404,751.041,751.099,21897017.15170437
1783635300000,751.13,751.19,750.948,750.99,26725878.36075414
1783636200000,750.987,751.158,750.987,751.136,3044744.3384958
1783637100000,751.138,751.245,751.107,751.222,6280282.059722419
1783638000000,751.223,751.483,751.06,751.445,3763949.14753333
1783638900000,751.48,751.684,751.396,751.48,4469483.31536417
1783639800000,751.57,751.67,751.503,751.57,2533899.45589496
1783640700000,751.52,751.651,751.238,751.52,5115851.46857918
1783641600000,752.0,752.0,750.92,751.19,52602.27
1783642500000,751.21,751.22,750.6,750.75,1579944.19
1783643400000,750.79,750.81,750.39,750.49,3909822.29
1783644300000,750.53,750.85,750.32,750.85,4053528.5
1783645200000,750.94,750.94,750.42,750.61,655312.69
1783646100000,750.58,750.85,750.51,750.75,4424102.38
1783647000000,750.75,750.97,750.73,750.8,2788212.56
1783647900000,750.79,751.17,750.76,750.86,6037030.39
1783648800000,750.81,750.99,750.57,750.75,1436946.13
1783649700000,750.77,750.79,750.57,750.66,493932.19
1783650600000,750.77,751.01,750.67,750.96,405421.69
1783651500000,750.95,751.4,750.95,751.4,3387927.69
1783652400000,751.45,751.65,751.43,751.48,1143761.03
1783653300000,751.47,751.54,751.23,751.24,1043747.6
1783654200000,751.2,751.25,751.06,751.18,377080.94
1783655100000,751.1,751.19,751.05,751.17,615180.42
1783656000000,751.23,751.28,751.13,751.21,1041905.99
1783656900000,751.21,751.22,750.91,750.93,880996.33
1783657800000,750.93,750.94,750.79,750.94,1779611.69
1783658700000,750.86,750.95,750.59,750.6,2006665.03
1783659600000,750.63,750.71,750.51,750.7,944235.44
1783660500000,750.67,750.81,750.62,750.62,344569.48
1783661400000,750.61,750.71,750.55,750.64,304009.89
1783662300000,750.74,750.76,750.45,750.46,1321757.54
1783663200000,750.47,750.72,750.44,750.5,956232.16
1783664100000,750.5,750.5,749.99,750.05,3374371.95
1783665000000,750.07,750.48,749.94,750.1,796650.76
1783665900000,750.19,750.37,750.16,750.24,1487734.46
1783666800000,750.24,750.58,750.08,750.58,997242.07
1783667700000,750.59,750.73,750.45,750.61,899965.46
1783668600000,750.67,750.68,750.45,750.46,1115325.38
1783669500000,750.33,750.33,749.84,750.09,830295.34
1783670400000,750.08,751.197,749.857,750.09,31910674.22501135
1783671300000,750.54,750.749,750.36,750.54,1564847.75588199
1783672200000,750.37,750.433,750.196,750.37,2167459.04206077
1783673100000,750.38,750.51,750.291,750.38,2245287.89855591
1783674000000,750.2,750.874,749.762,750.2,8067691.17341284
1783674900000,751.02,751.082,750.868,751.02,3981820.05842303
1783675800000,750.973,751.112,750.842,750.914,2164798.36238301
1783676700000,750.917,751.047,750.917,750.991,1743396.46380653
1783677600000,751.42,751.454,750.986,751.36,12513966.57893272
1783678500000,751.36,751.504,751.19,751.48,9705142.62210002
1783679400000,751.461,751.866,751.461,751.866,23716224.95073767
1783680300000,751.73,751.879,751.6,751.73,14478284.69191845
1783681200000,751.93,752.049,751.791,751.87,14333132.56102304
1783682100000,751.96,751.99,751.539,751.6,14311091.35081444
1783683000000,751.3,751.536,750.95,751.11,72548670.3475985
1783683900000,751.264,751.426,751.102,751.129,23854103.807975676
1783684800000,751.17,752.15,750.625,751.79,99884543.18734159
1783685700000,751.58,751.82,751.422,751.63,33103550.94757093
1783686600000,751.52,752.036,751.299,751.85,27334526.28939121
1783687500000,751.8,751.992,751.607,751.73,16238610.55093186
1783688400000,751.656,751.897,751.545,751.87,32928921.472376563
1783689300000,751.81,752.189,751.8,751.92,49747745.83336218
1783690200000,752.115,753.18,751.81,752.21,1385313711.8498611
1783691100000,752.25,753.24,752.135,752.925,844084213.8067968
1783692000000,752.91,753.34,752.54,752.685,681033341.6637888
1783692900000,752.684,753.14,752.12,752.706,903715773.0850368
1783693800000,752.665,753.22,748.15,752.11,2969722520.069242
1783694700000,752.08,752.6,751.09,751.23,673243151.913858
1783695600000,751.24,752.0,750.66,751.88,504556139.429721
1783696500000,751.935,753.42,751.907,753.25,646470335.0714021
1783697400000,753.28,753.33,751.38,752.06,668496752.1055435
1783698300000,752.04,752.93,751.61,752.82,622575355.5075523
1783699200000,752.89,753.29,752.813,753.17,486228233.4056684
1783700100000,753.23,753.69,753.195,753.23,615819307.4990536
1783701000000,753.28,753.65,753.04,753.61,558112985.6027341
1783701900000,753.61,754.14,753.6,754.025,756110897.2836076
1783702800000,753.98,754.02,753.49,753.81,343208114.32728624
1783703700000,753.79,754.07,753.783,754.01,1867224267.4244144
1783704600000,754.02,754.4,753.88,754.12,571780686.6751928
1783705500000,754.14,754.39,753.93,753.98,400207715.8083251
1783706400000,753.995,754.61,753.93,754.29,777496829.1420262
1783707300000,754.27,754.71,754.08,754.435,636819904.5231752
1783708200000,754.42,754.62,754.32,754.49,508691760.9548247
1783709100000,754.5,754.66,754.45,754.48,535014504.3726073
1783710000000,754.51,755.15,754.46,755.11,1487759330.2608445
1783710900000,755.119,755.15,754.87,754.95,1251488172.3722777
1783711800000,754.955,755.23,754.795,755.02,1747137444.1663637
1783712700000,755.01,755.42,754.57,754.94,4183135711.803736
1783713600000,754.9,755.23,754.65,755.0,3914781519.364203
1783714500000,755.09,755.39,755.01,755.33,364010921.71967196
1783715400000,755.31,755.427,755.25,755.38,117101845.86266628
1783716300000,755.39,755.628,755.37,755.38,123879349.89962599
1783717200000,755.31,755.609,755.067,755.1,195466409.2843987
1783718100000,755.067,755.109,755.006,755.062,14418193.65459285
1783719000000,755.061,755.327,755.023,755.11,435018505.94202286
1783719900000,755.11,755.124,754.981,754.986,4349003.20234983
1783720800000,754.984,755.175,754.775,754.809,27580449.53572869
1783721700000,754.8,754.95,754.714,754.77,4958515.16472642
1783722600000,754.949,754.988,754.84,754.918,8894442.44658356
1783723500000,754.919,755.025,754.919,755.0,2630433.79226071
1783724400000,754.96,755.045,754.892,754.96,3128503.852867
1783725300000,755.1,755.124,754.961,755.1,7367459.15404339
1783726200000,755.05,755.14,755.05,755.09,14310780.68230804
1783727100000,755.09,755.232,754.888,754.889,14232149.340473177
1783900800000,753.47,754.32,752.5,754.17,14640578.61
1783901700000,754.29,754.29,753.62,753.69,4202107.87
1783902600000,753.59,753.61,752.63,752.92,6188563.38
1783903500000,753.06,753.2,752.21,752.62,5121558.05
1783904400000,752.6,752.69,751.99,752.27,8059882.36
1783905300000,752.36,752.77,752.17,752.27,5603289.03
1783906200000,752.25,752.77,751.9,752.31,8896478.14
1783907100000,752.31,752.34,751.79,752.0,6680669.87
1783908000000,752.16,752.18,751.69,751.81,3090816.27
1783908900000,752.0,752.28,751.74,752.28,5972693.2
1783909800000,752.16,752.16,751.87,751.91,3306319.6
1783910700000,751.91,751.95,751.51,751.51,7583229.75
1783911600000,751.55,751.55,751.25,751.39,7648269.8
1783912500000,751.43,751.62,751.28,751.56,6007410.12
1783913400000,751.52,751.57,751.28,751.39,3853711.88
1783914300000,751.43,751.6,751.23,751.28,2487722.86
1783915200000,751.26,751.26,750.89,750.96,4621011.94
1783916100000,750.96,751.27,750.91,751.03,2142176.3
1783917000000,751.01,751.07,750.56,750.6,2460246.77
1783917900000,750.6,750.8,750.56,750.73,1809119.81
1783918800000,750.71,751.35,750.53,751.32,3367950.78
1783919700000,751.32,751.35,750.06,750.15,4478014.6
1783920600000,750.12,750.78,749.63,750.56,4654971.73
1783921500000,750.46,750.75,750.14,750.75,2035330.72
1783922400000,750.8,751.01,750.41,750.52,1138099.79
1783923300000,750.53,751.3,750.41,751.2,3623746.03
1783924200000,751.27,751.45,750.85,751.22,2335303.79
1783925100000,751.17,751.4,751.05,751.38,2117799.37
1783926000000,751.39,752.03,751.11,752.03,3006484.35
1783926900000,751.93,751.99,751.27,751.61,3104299.2
1783927800000,751.58,751.7,751.23,751.64,1261011.47
1783928700000,751.68,751.86,751.45,751.71,1106392.7
1783929600000,751.79,754.357,751.79,752.18,74442269.17432739
1783930500000,752.56,752.759,752.457,752.56,8660823.57606255
1783931400000,752.44,752.649,752.273,752.34,5477322.79147071
1783932300000,752.75,752.862,752.47,752.75,6687990.14629666
1783933200000,752.6,752.778,752.4,752.58,18404543.68789937
1783934100000,753.05,753.193,752.589,753.05,3357085.51318127
1783935000000,753.191,753.264,753.021,753.162,4940933.057389
1783935900000,753.08,753.164,752.919,753.05,4361104.09532929
1783936800000,753.053,753.119,752.71,752.798,8644844.23536675
1783937700000,752.8,753.021,752.659,752.683,5996604.88771616
1783938600000,752.82,752.82,752.604,752.82,8023254.71368755
1783939500000,752.639,752.865,752.612,752.658,7973321.62668926
1783940400000,752.72,753.28,752.67,752.67,54414682.16112391
1783941300000,752.83,752.974,752.471,752.74,68561651.31168468
1783942200000,752.95,753.114,752.743,752.83,31615057.83735399
1783943100000,752.415,752.754,752.156,752.16,48362192.23597871
1783944000000,752.44,752.646,751.68,751.89,55848831.25496325
1783944900000,752.2,752.24,751.86,751.92,67653375.90282229
1783945800000,751.73,752.07,751.58,752.01,53804906.55825483
1783946700000,752.28,752.67,752.028,752.67,40945368.31014734
1783947600000,752.85,752.85,752.438,752.47,67728291.93375228
1783948500000,752.48,752.54,752.258,752.52,35502695.85763752
1783949400000,752.46,753.87,752.42,752.985,1855508897.994571
1783950300000,753.02,753.74,751.91,753.59,1120300096.0595345
1783951200000,753.69,753.9,752.29,753.27,970917882.6855681
1783952100000,753.26,753.34,750.3,753.08,1994294154.976352
1783953000000,753.12,753.3,751.25,751.51,730423747.8827401
1783953900000,751.5,752.77,751.0,752.73,966691720.7660074
1783954800000,752.8,753.06,751.93,752.075,481671504.2850298
1783955700000,752.05,752.54,751.905,752.375,351232558.94740856
1783956600000,752.39,752.53,751.7,751.76,423023744.8926446
1783957500000,751.73,751.78,751.11,751.225,892352384.2760067
1783958400000,751.225,751.82,750.97,751.411,639470518.4961047
1783959300000,751.42,751.45,749.95,750.23,888606467.9085176
1783960200000,750.27,750.51,748.94,750.35,1164580652.5902517
1783961100000,750.44,750.65,749.25,749.95,818369499.8957198
1783962000000,749.95,750.64,749.79,750.11,601530129.0225406
1783962900000,750.08,750.36,749.53,749.8,636856022.59171
1783963800000,749.85,750.12,749.47,749.98,497822245.6994588
1783964700000,750.02,750.25,749.2,749.23,555472887.6596164
1783965600000,749.21,750.21,749.18,749.77,698860162.5131341
1783966500000,749.72,749.79,749.06,749.235,1207473172.145369
1783967400000,749.14,750.03,748.98,749.795,1582580530.3459537
1783968300000,749.88,750.05,749.47,749.56,1017116267.874659
1783969200000,749.52,749.96,749.11,749.3,769110573.0636111
1783970100000,749.28,749.43,748.22,748.38,1663317793.2701876
1783971000000,748.42,749.0,748.01,748.95,1685753822.5923924
1783971900000,748.94,749.6,748.57,749.11,5337409384.16398
1783972800000,748.91,749.103,748.68,748.7,2918326604.039845
1783973700000,748.71,748.812,747.77,748.51,143520853.36249113
1783974600000,748.45,748.456,748.191,748.33,31514737.90645508
1783975500000,748.16,748.38,748.067,748.38,48569664.55472824
1783976400000,748.3,748.473,748.245,748.3,261845562.68248674
1783977300000,748.19,748.254,748.162,748.2,4875334.43930727
1783978200000,748.2,748.25,748.2,748.2,2807297.8694228
1783979100000,748.32,748.39,748.228,748.32,8190185.79850726
1783980000000,748.8,749.06,748.399,748.57,70840207.8308285
1783980900000,748.543,748.744,748.317,748.341,7752513.51128196
1783981800000,748.35,748.531,748.282,748.504,3263370.524964
1783982700000,748.59,748.68,747.968,747.99,22293899.4323504
1783983600000,748.0,748.037,747.522,747.67,12490384.2245714
1783984500000,747.625,747.933,747.587,747.617,7076192.21449889
1783985400000,747.54,747.62,747.126,747.3,13646870.24678924
1783986300000,747.23,748.203,747.093,747.67,28845234.43432393
1783987200000,748.0,749.01,746.97,748.45,7984522.68
1783988100000,748.51,748.66,746.99,747.35,7815409.41
1783989000000,747.57,748.36,747.2,747.41,2801047.38
1783989900000,747.69,748.95,747.69,748.81,7888861.97
1783990800000,748.88,748.94,748.48,748.48,3352996.83
1783991700000,748.44,748.91,748.4,748.66,405841.19
1783992600000,748.41,748.41,747.81,748.2,608211.47
1783993500000,748.19,748.49,747.62,747.71,2045017.88
1783994400000,747.87,748.39,747.56,747.6,1383748.96
1783995300000,747.56,747.62,746.94,747.27,5661453.93
1783996200000,747.33,747.93,746.97,747.8,1933081.81
1783997100000,747.79,747.93,747.0,747.09,3326511.53
1783998000000,746.99,747.03,746.48,746.5,3932419.41
1783998900000,746.47,747.05,746.24,747.05,8604538.19
1783999800000,747.11,747.39,746.53,746.71,382394.43
1784000700000,746.6,747.49,746.6,747.49,682307.72
1784001600000,747.49,747.73,746.9,747.21,3959304.89
1784002500000,746.98,747.95,746.98,747.94,1376926.43
1784003400000,747.91,748.64,747.88,748.59,1381804.73
1784004300000,748.7,749.11,748.69,749.11,2410664.78
1784005200000,749.01,749.21,748.83,749.2,1788968.77
1784006100000,749.24,749.9,749.12,749.89,6307276.61
1784007000000,749.91,750.34,749.76,749.88,3620381.08
1784007900000,749.89,749.97,749.72,749.79,2119766.31
1784008800000,749.9,750.28,749.9,750.26,1188806.47
1784009700000,750.32,750.44,749.58,749.75,1377196.84
1784010600000,749.84,749.94,749.34,749.4,942355.56
1784011500000,749.35,749.35,748.91,748.91,587273.37
1784012400000,748.82,749.49,748.58,749.16,1730548.54
1784013300000,749.22,749.34,748.78,749.06,1873636.01
1784014200000,748.91,749.05,748.49,748.55,715100.09
1784015100000,748.48,749.26,748.27,748.82,993889.78
1784016000000,748.97,749.032,748.265,748.56,61596349.78989386
1784016900000,749.11,749.35,748.709,749.08,6395994.41821157
1784017800000,749.263,749.349,748.881,748.984,1981367.72197409
1784018700000,748.66,748.985,748.278,748.66,3702097.20138714
1784019600000,748.29,749.298,748.172,748.73,15088368.01740684
1784020500000,749.203,749.296,748.407,748.407,2169030.16747113
1784021400000,748.406,748.824,748.406,748.789,1774880.80385309
1784022300000,748.784,749.052,748.661,748.712,2544924.53772678
1784023200000,748.83,748.995,748.641,748.83,4295848.04057982
1784024100000,748.79,748.81,748.566,748.71,10089906.42711789
1784025000000,748.86,749.524,748.451,748.64,14918683.25967346
1784025900000,748.67,748.9,748.38,748.53,11049687.80483332
1784026800000,748.76,748.76,747.393,748.28,80392541.39140868
1784027700000,748.32,749.303,748.261,748.94,150856380.71245626
1784028600000,749.0,749.171,748.332,748.43,24487547.81987564
1784029500000,748.95,748.95,748.337,748.49,11989337.83946218
1784030400000,748.565,748.565,747.551,747.787,25852730.01348642
1784031300000,747.76,749.16,747.587,749.06,71870037.2607345
1784032200000,749.4,754.16,749.042,751.83,632177724.2696491
1784033100000,751.54,751.92,750.578,751.04,136558608.94787934
1784034000000,751.03,751.38,750.761,750.78,37798992.15697089
1784034900000,750.8,751.377,750.13,750.86,84582396.30758666
1784035800000,750.9,751.51,749.47,751.32,1816634700.8435988
1784036700000,751.31,751.75,750.62,751.37,1058329235.2465177
1784037600000,751.34,751.46,749.79,750.45,921000606.0105188
1784038500000,750.4,751.31,748.7,750.71,991723732.742392
1784039400000,750.72,753.33,750.56,751.09,1397132616.7455049
1784040300000,751.13,751.93,750.48,751.7,592120239.9433402
1784041200000,751.75,753.04,751.29,752.53,1123890993.4198635
1784042100000,752.63,752.72,751.66,752.57,538241137.3409592
1784043000000,752.67,752.87,750.81,751.57,1112456886.1248982
1784043900000,751.55,751.94,750.68,751.0,468971848.2887754
1784044800000,751.05,751.05,750.01,750.55,719284716.7482636
1784045700000,750.54,750.89,750.01,750.78,573890088.6743464
1784046600000,750.78,751.74,750.63,751.44,552045832.6747587
1784047500000,751.56,751.82,750.95,751.82,340429835.0750894
1784048400000,751.87,752.21,751.61,751.8,483312648.7602135
1784049300000,751.79,752.61,751.58,752.3,431575259.5095373
1784050200000,752.32,752.47,751.81,752.07,330708132.5650824
1784051100000,752.05,752.31,751.81,752.29,304404909.6566873
1784052000000,752.28,752.63,751.95,752.59,393297037.6047615
1784052900000,752.605,752.75,752.31,752.45,476338922.0663163
1784053800000,752.56,752.57,751.68,751.96,689898642.718898
1784054700000,751.97,752.33,751.87,752.16,1231822719.7038295
1784055600000,752.17,752.26,751.78,752.05,783630723.0728831
1784056500000,752.1,752.46,751.95,752.2,986663603.8415794
1784057400000,752.15,752.37,751.73,752.29,998164539.2135651
1784058300000,752.27,752.52,751.79,751.86,3152188002.9767356
1784059200000,751.98,752.097,751.716,752.0,1977335003.5490654
1784060100000,751.87,751.914,751.531,751.64,59158722.14811912
1784061000000,751.64,751.864,751.53,751.72,287484080.676298
1784061900000,751.93,752.065,751.646,752.0,101002979.53758249
1784062800000,752.06,752.083,751.91,751.91,35956258.95299225
1784063700000,751.96,752.003,751.857,751.96,14810135.95287268
1784064600000,751.979,752.055,751.93,751.93,4174898.95617946
1784065500000,751.93,751.98,751.881,751.954,2952658.19390214
1784066400000,751.83,751.995,751.294,751.83,12987964.34075566
1784067300000,751.82,752.114,751.349,751.96,6695484.5592728
1784068200000,752.018,752.124,752.0,752.014,7089992.90609487
1784069100000,751.9,752.013,751.791,751.9,2407419.93925141
1784070000000,751.847,752.162,751.737,752.141,5622114.72600812
1784070900000,752.13,752.866,752.037,752.63,10479455.88408856
1784071800000,752.99,753.158,752.859,753.14,13299738.09409836
1784072700000,753.02,753.271,752.986,753.13,11394129.57960045
1784073600000,753.094,753.43,752.85,753.3,9602873.2
1784074500000,753.35,753.43,753.14,753.25,989020.04
1784075400000,753.24,753.24,752.28,752.34,3209828.1
1784076300000,752.43,753.34,752.42,753.24,5233054.85
1784077200000,753.23,753.23,752.61,752.87,1169126.89
1784078100000,752.93,753.38,752.93,753.13,2959821.76
1784079000000,753.14,753.4,752.87,752.87,2602213.01
1784079900000,752.82,753.46,752.82,753.44,2827434.48
1784080800000,753.42,753.56,753.28,753.34,1289193.22
1784081700000,753.37,753.56,753.35,753.49,1049556.25
1784082600000,753.51,753.69,753.48,753.65,1525323.94
1784083500000,753.68,753.7,753.35,753.35,9279772.48
1784084400000,753.41,753.41,753.24,753.28,531837.0
1784085300000,753.43,753.56,753.4,753.51,883827.93
1784086200000,753.49,753.68,753.49,753.56,1700880.08
1784087100000,753.59,753.89,753.58,753.79,1448055.79
1784088000000,753.77,753.82,753.66,753.74,674569.06
1784088900000,753.73,753.85,753.71,753.73,789185.12
1784089800000,753.7,753.8,753.67,753.68,1236908.19
1784090700000,753.68,753.82,753.68,753.75,1767592.82
1784091600000,753.86,754.36,753.34,753.48,2830575.55
1784092500000,753.52,753.84,753.29,753.37,897433.0
1784093400000,753.39,753.75,753.32,753.61,400881.83
1784094300000,753.78,753.96,753.74,753.96,272144.09
1784095200000,753.98,754.02,753.77,753.87,1548477.54
1784096100000,753.86,754.01,753.7,754.01,535266.78
1784097000000,754.08,754.08,753.69,753.69,1084082.47
1784097900000,753.76,753.92,753.71,753.75,739491.85
1784098800000,753.75,753.84,753.49,753.78,10282207.75
1784099700000,753.64,753.73,752.45,752.89,3492755.62
1784100600000,752.76,753.24,752.76,753.16,614458.57
1784101500000,753.15,753.58,753.15,753.35,622300.67
1784102400000,752.94,753.491,752.791,752.965,40119078.20052656
1784103300000,753.031,753.244,752.663,753.133,2880314.14188229
1784104200000,753.48,753.495,753.04,753.13,6877977.58300533
1784105100000,753.43,753.748,753.429,753.7,2473428.94072818
1784106000000,753.702,754.098,753.702,753.999,2705889.63340941
1784106900000,754.02,754.075,753.815,754.01,3859854.20015236
1784107800000,753.855,754.01,753.745,753.991,4024364.96849255
1784108700000,753.981,753.981,753.402,753.49,3478058.81850361
1784109600000,753.53,753.615,753.394,753.56,4617234.35381902
1784110500000,753.0,753.663,752.75,753.0,10078682.31576764
1784111400000,752.93,753.19,752.835,753.08,5091133.04149995
1784112300000,753.16,753.2,752.945,753.19,7809142.06948125
1784113200000,753.146,753.344,752.991,753.025,9828651.40748838
1784114100000,753.03,753.19,753.004,753.05,15962559.41118035
1784115000000,753.19,753.329,752.826,753.26,16220120.70311722
1784115900000,753.05,753.199,752.886,753.16,14263581.34320148
1784116800000,753.037,753.13,752.535,752.638,48648652.62060365
1784117700000,752.47,752.786,752.324,752.47,17726867.26338526
1784118600000,752.31,754.229,752.31,754.03,149279388.2317355
1784119500000,753.88,754.381,753.824,754.12,96188496.83925195
1784120400000,754.16,754.452,753.655,753.73,26436708.97409053
1784121300000,753.78,754.29,753.609,754.29,101797049.51009455
1784122200000,754.23,755.57,754.162,754.37,1681061910.5349853
1784123100000,754.44,754.57,753.2,754.4,1432856574.320538
1784124000000,754.52,755.31,754.388,754.81,1149221094.0932195
1784124900000,754.74,755.54,753.36,754.625,2170705942.6288514
1784125800000,754.65,754.86,752.84,753.505,1350820465.2074559
1784126700000,753.35,753.83,752.76,753.49,875337709.0724779
1784127600000,753.53,754.12,753.01,753.15,652710852.1049776
1784128500000,753.035,753.6,752.25,753.6,880956246.0615335
1784129400000,753.66,753.84,753.07,753.125,599027622.9988683
1784130300000,753.01,753.21,752.29,752.68,630732544.7412192
1784131200000,752.67,752.79,751.15,751.23,874198960.6533319
1784132100000,751.21,751.37,750.44,750.83,927284376.5430154
1784133000000,750.97,751.19,750.24,750.9,730422895.6438566
1784133900000,750.92,752.31,750.73,751.637,1325148013.0383842
1784134800000,751.7,752.4,751.6,751.795,966929629.386874
1784135700000,751.8,752.84,751.77,752.83,548156547.7971135
1784136600000,752.83,753.45,752.804,753.305,706160107.602919
1784137500000,753.32,754.5,753.26,754.14,871348739.3979758
1784138400000,754.165,754.755,754.159,754.57,904536136.9820504
1784139300000,754.535,754.85,754.22,754.63,984673967.6815319
1784140200000,754.63,754.93,754.02,754.03,763415062.3062505
1784141100000,754.03,754.033,753.12,753.17,933944197.516875
1784142000000,753.14,753.9,753.05,753.71,793656158.955166
1784142900000,753.78,753.82,753.17,753.571,1086302014.1714356
1784143800000,753.635,754.2,753.1,754.11,1632174096.9829926
1784144700000,754.06,754.79,753.505,754.76,3352447141.8639274
1784145600000,754.73,754.92,754.339,754.47,2743000395.551211
1784146500000,754.34,754.78,754.31,754.75,2191153226.8883204
1784147400000,754.53,754.728,754.49,754.63,212928072.59391788
1784148300000,754.7,754.81,754.57,754.69,25215079.80601848
1784149200000,754.58,754.835,754.551,754.771,123841532.08405717
1784150100000,754.77,754.851,754.506,754.506,20078170.34559606
1784151000000,754.527,754.684,754.527,754.684,2543037.0336474357
1784151900000,754.71,754.77,754.6,754.77,4475980.06569989
1784152800000,754.59,755.182,754.578,754.85,22910816.76560505
1784153700000,754.902,754.902,754.667,754.675,5181093.91782995
1784154600000,754.679,754.767,754.555,754.609,2447676.66612245
1784155500000,754.611,754.855,754.443,754.843,19307088.762418985
1784156400000,754.844,754.95,754.789,754.876,3930572.00946393
1784157300000,754.878,755.007,754.757,755.007,3045202.67833454
1784158200000,755.008,755.169,754.871,755.044,6855496.33779318
1784159100000,755.045,755.059,754.601,754.685,6117162.85451559
1784160000000,754.54,755.73,754.54,755.68,6511355.2
1784160900000,755.75,755.82,754.95,754.96,1237042.18
1784161800000,755.0,755.23,754.65,754.67,1776454.25
1784162700000,754.67,755.08,754.55,754.61,2938972.48
1784163600000,754.77,754.85,754.44,754.62,1710078.91
1784164500000,754.45,754.46,754.14,754.32,2880653.11
1784165400000,754.26,754.64,754.22,754.33,5317588.42
1784166300000,754.39,754.93,754.38,754.58,4627731.83
1784167200000,754.54,754.54,754.21,754.39,2397166.67
1784168100000,754.39,755.07,754.38,754.95,2280692.4
1784169000000,754.99,755.2,754.91,754.92,684852.98
1784169900000,754.99,755.4,754.99,755.36,1015071.64
1784170800000,755.42,755.55,755.26,755.47,1329608.61
1784171700000,755.43,755.45,755.13,755.19,4338786.85
1784172600000,755.39,755.55,755.35,755.37,985871.19
1784173500000,755.36,755.51,755.24,755.51,1032549.7
1784174400000,755.49,755.72,755.44,755.64,703438.15
1784175300000,755.64,755.64,755.3,755.3,834819.79
1784176200000,755.37,755.37,755.13,755.29,5401904.75
1784177100000,755.25,755.36,755.16,755.33,1841224.56
1784178000000,755.31,755.7,755.1,755.7,770555.97
1784178900000,755.7,755.99,755.69,755.89,1302390.73
1784179800000,755.86,756.22,754.81,755.14,3126062.35
1784180700000,755.05,755.05,754.68,754.86,876390.12
1784181600000,754.91,755.52,754.47,755.2,3623396.53
1784182500000,755.22,755.32,754.85,754.94,353426.32
1784183400000,754.84,754.85,754.25,754.66,1431865.36
1784184300000,754.58,754.97,754.45,754.97,1529966.08
1784185200000,754.91,754.91,754.12,754.25,1353357.52
1784186100000,754.09,754.43,753.96,754.18,2581342.87
1784187000000,754.21,754.23,753.7,753.76,1495716.34
1784187900000,753.69,753.79,753.17,753.37,2859871.66
1784188800000,753.1,754.452,752.519,753.0,46736836.64337497
1784189700000,752.55,753.46,752.525,753.21,6008942.81628722
1784190600000,753.4,753.726,753.147,753.4,4383565.13371215
1784191500000,753.446,754.114,753.446,754.093,5116547.0321453195
1784192400000,754.39,754.464,754.095,754.39,6344129.78801168
1784193300000,754.31,754.601,754.186,754.31,4926790.2797045
1784194200000,754.29,754.37,753.978,754.29,1705818.47819945
1784195100000,753.8,754.042,753.62,753.91,7108949.29393254
1784196000000,753.61,753.86,753.356,753.57,4972383.81975587
1784196900000,753.26,753.74,753.26,753.31,32517035.55605827
1784197800000,753.61,753.745,753.331,753.52,13011353.7652244
1784198700000,753.473,753.519,753.227,753.372,3826779.92283597
1784199600000,753.376,753.38,752.779,753.177,42764676.00107766
1784200500000,753.26,753.452,752.57,752.85,104658040.4469484
1784201400000,752.74,753.099,752.644,752.95,16692086.28040412
1784202300000,752.55,752.898,751.27,752.11,91824453.45031247
1784203200000,752.29,752.951,751.98,752.02,18599190.45794975
1784204100000,752.224,752.512,751.551,751.848,66699773.75664012
1784205000000,751.82,751.97,751.258,751.43,80372006.74680305
1784205900000,751.56,752.07,751.366,751.78,67935834.0412587
1784206800000,752.56,752.707,751.806,752.54,46016825.47544179
1784207700000,752.78,752.846,752.557,752.66,81117588.42356996
1784208600000,752.78,753.52,751.11,751.25,1734812773.108587
1784209500000,751.28,752.245,750.705,751.93,1224956385.7948081
1784210400000,751.78,753.6,751.7,753.355,1192891362.6083748
1784211300000,753.37,754.38,753.07,754.34,1010406835.9567642
1784212200000,754.34,754.48,753.785,754.366,932056150.9282341
1784213100000,754.33,754.56,753.42,754.19,890503832.6970379
1784214000000,754.225,754.353,753.08,753.31,641914260.4930657
1784214900000,753.35,754.43,752.97,753.83,714776840.093566
1784215800000,753.58,754.39,753.27,753.68,539964130.6785926
1784216700000,753.66,754.08,753.05,753.595,732650988.795045
1784217600000,753.595,753.602,751.99,752.03,975661117.4612024
1784218500000,752.0,752.526,751.47,751.99,722210323.4626434
1784219400000,751.96,752.535,751.775,751.98,485463086.22769594
1784220300000,751.97,752.96,751.63,752.845,769895269.3947897
1784221200000,752.862,752.905,752.15,752.192,574869423.2202209
1784222100000,752.2,752.86,752.05,752.705,925291224.887499
1784223000000,752.72,752.81,751.09,751.34,894534800.6150484
1784223900000,751.36,751.88,751.08,751.355,523970438.50239474
1784224800000,751.29,751.475,750.48,750.74,957182751.941852
1784225700000,750.757,751.71,750.47,750.907,1189754464.4227624
1784226600000,750.93,750.93,749.92,750.51,740113656.3798916
1784227500000,750.33,750.93,750.13,750.24,860310748.4636222
1784228400000,750.22,750.68,749.59,749.73,786251023.9175235
1784229300000,749.745,750.01,748.86,749.125,1684801488.055638
1784230200000,749.122,749.15,748.39,748.52,2950230851.265999
1784231100000,748.44,751.05,747.89,750.8,5933360509.582798
1784232000000,750.48,750.868,749.851,749.88,3870363764.0530853
1784232900000,749.9,750.38,749.766,750.07,120073442.51250713
1784233800000,749.89,750.15,749.763,750.13,99559917.7818004
1784234700000,749.96,750.092,749.858,749.96,95501124.69121967
1784235600000,750.03,750.256,749.915,750.03,110528631.6938655
1784236500000,750.05,750.065,749.985,750.05,403112257.6448833
1784237400000,750.04,750.144,750.006,750.04,3565093.98805252
1784238300000,750.1,750.287,750.1,750.28,11091274.58124568
1784239200000,750.26,750.523,750.08,750.14,34622441.34459496
1784240100000,749.83,750.124,749.785,749.83,29081676.59723151
1784241000000,749.801,749.885,749.636,749.804,7908016.16931562
1784241900000,749.51,749.806,749.483,749.6,7409729.56739014
1784242800000,749.65,749.773,749.262,749.554,9300985.834085714
1784243700000,749.08,749.555,749.004,749.17,7195547.21146477
1784244600000,749.41,749.467,748.803,749.42,9476308.91551394
1784245500000,749.301,749.373,749.009,749.116,8357601.54239649
1784246400000,749.6,749.68,748.64,748.64,3851000.61
1784247300000,748.75,749.08,748.36,748.36,1441328.63
1784248200000,748.28,748.47,748.08,748.24,8272169.74
1784249100000,748.17,749.0,748.17,748.7,3398960.23
1784250000000,748.6,748.98,747.96,747.96,3543382.77
1784250900000,748.26,748.26,747.8,748.15,1145180.17
1784251800000,748.13,748.13,747.25,747.33,3221260.31
1784252700000,747.31,747.47,746.99,747.19,8906984.14
1784253600000,747.26,747.32,746.83,747.01,1269241.99
1784254500000,746.95,746.96,746.47,746.6,3045923.08
1784255400000,746.58,746.66,746.28,746.6,3041006.59
1784256300000,746.69,746.69,746.06,746.45,3423513.03
1784257200000,746.45,746.9,746.32,746.86,1331288.12
1784258100000,746.9,747.49,746.89,747.29,1261951.81
1784259000000,747.32,747.32,746.31,746.39,957359.09
1784259900000,746.35,746.35,745.89,745.89,1818184.33
1784260800000,745.86,745.86,745.22,745.26,2292330.45
1784261700000,745.27,745.36,744.75,744.82,3446528.73
1784262600000,744.79,744.88,744.4,744.85,1499045.66
1784263500000,744.97,745.29,744.82,744.84,1606154.56
1784264400000,744.81,744.96,744.59,744.77,3754418.81
1784265300000,744.61,744.86,744.46,744.61,880908.55
1784266200000,744.63,744.84,743.77,744.21,3161865.82
1784267100000,744.0,744.52,744.0,744.52,2664020.87
1784268000000,744.67,744.91,744.42,744.84,1750062.3
1784268900000,744.77,745.71,744.77,745.67,1623817.92
1784269800000,745.71,745.75,744.84,744.94,1657769.72
1784270700000,744.94,744.94,744.38,744.66,1629916.49
1784271600000,744.67,745.01,744.46,744.78,2160973.78
1784272500000,744.98,745.1,744.51,744.97,1631932.15
1784273400000,745.15,745.28,744.69,744.86,1950302.09
1784274300000,744.78,744.84,744.51,744.53,668764.66
1784275200000,744.605,748.392,744.103,744.15,71161911.44032498
1784276100000,743.36,744.182,743.034,743.12,39518102.66587101
1784277000000,742.66,743.648,742.636,742.8,17022223.52391257
1784277900000,742.98,743.848,742.884,742.91,8952771.01566016
1784278800000,743.51,744.044,743.221,743.51,13379408.94229252
1784279700000,743.72,744.488,743.681,743.72,7340550.27707948
1784280600000,744.489,744.489,743.813,743.823,40706637.39908471
1784281500000,743.98,744.51,743.824,744.38,32038092.39340164
1784282400000,744.5,745.146,744.226,744.77,67352748.17536333
1784283300000,744.94,745.225,744.659,745.07,20950239.51844412
1784284200000,745.39,745.646,745.043,745.39,10122311.96797366
1784285100000,745.26,745.464,745.11,745.32,12341770.73271453
1784286000000,745.18,745.644,744.748,745.12,25935211.20518876
1784286900000,744.69,745.119,744.491,744.94,38714826.87982761
1784287800000,745.129,745.328,744.851,744.887,19760818.98760718
1784288700000,744.886,745.55,744.781,745.376,40727558.30179509
1784289600000,745.04,745.406,744.4,744.48,46015478.58282256
1784290500000,744.53,744.681,744.26,744.27,43428575.26672798
1784291400000,744.32,744.466,744.065,744.32,86187358.54390696
1784292300000,744.19,744.462,743.801,743.93,56194546.4323236
1784293200000,743.938,743.944,742.845,742.845,117735816.50755168
1784294100000,742.62,743.135,741.94,741.94,324767006.54502
1784295000000,742.1,742.65,740.81,741.05,4261556477.6201115
1784295900000,741.03,744.83,740.98,744.83,1782526762.976566
1784296800000,744.8,746.8,744.71,746.33,1717586384.9988391
1784297700000,746.311,747.27,746.17,746.325,1984201568.8373325
1784298600000,746.345,746.78,745.6,745.87,1168186548.127005
1784299500000,745.75,746.56,744.86,745.06,1100221920.0006437
1784300400000,745.16,745.21,744.12,744.29,1207289896.130632
1784301300000,744.26,745.532,743.95,745.42,950030473.678599
1784302200000,745.43,745.885,744.48,745.485,1226810336.7814646
1784303100000,745.45,747.07,744.84,746.86,885176941.2718505
1784304000000,746.88,747.11,744.94,746.3,2736051489.248854
1784304900000,746.365,746.54,745.15,745.95,771899571.4787347
1784305800000,745.89,746.43,745.55,746.35,561157666.0307733
1784306700000,746.42,747.26,746.16,746.304,964756157.0485102
1784307600000,746.36,747.12,746.29,746.545,628006784.6357716
1784308500000,746.4,747.01,745.97,746.845,1536865572.0353158
1784309400000,746.88,746.98,745.52,745.59,854139964.862026
1784310300000,745.595,745.88,744.39,744.6,695312382.9353067
1784311200000,744.59,745.11,744.09,744.12,918430487.4991369
1784312100000,744.125,744.17,743.24,743.71,1323822136.9737315
1784313000000,743.75,744.31,743.09,743.28,678351520.23928
1784313900000,743.21,744.64,743.11,744.44,1137489828.9609184
1784314800000,744.39,744.444,742.72,742.778,999025431.2996094
1784315700000,742.765,743.25,742.15,743.14,1629372669.2922604
1784316600000,743.19,743.63,742.61,743.49,2013142972.4714794
1784317500000,743.46,744.38,742.95,743.22,4486785694.316144
1784318400000,743.22,743.24,742.06,742.39,6276947795.47636
1784319300000,742.3,742.859,742.21,742.81,202307078.37602443
1784320200000,742.93,743.103,742.804,743.1,183831428.60958412
1784321100000,743.108,743.244,742.913,743.061,226990260.25718072
1784322000000,743.057,743.115,742.775,742.89,60725931.92593845
1784322900000,742.89,743.039,742.79,742.9,165581432.70326164
1784323800000,743.015,743.299,742.961,743.241,33312971.8324495
1784324700000,743.32,743.327,743.123,743.32,62586563.57411716
1784325600000,743.18,743.278,743.061,743.18,6082170.81557363
1784326500000,743.2,743.395,743.2,743.2,5272451.30710406
1784327400000,743.32,743.57,743.22,743.33,4728101.5918441
1784328300000,743.52,743.614,743.406,743.446,10531654.37428265
1784329200000,743.445,743.505,743.131,743.166,8570648.65646192
1784330100000,743.166,743.175,743.065,743.13,2272415.2829838
1784331000000,742.72,743.134,742.72,742.72,7724265.53586189
1784331900000,742.75,742.825,742.453,742.72,21684859.13162105
1784332800000,742.462,742.499,742.462,742.499,0.0
1784505600000,743.62,745.26,743.16,745.01,11001774.1
1784506500000,745.0,745.25,744.6,744.74,13218086.88
1784507400000,744.72,744.72,743.91,744.05,3722703.28
1784508300000,744.0,744.26,743.8,743.87,896485.55
1784509200000,744.0,744.74,743.94,743.94,3271477.76
1784510100000,743.97,744.24,743.46,743.47,4207842.7
1784511000000,743.45,743.62,742.96,743.02,1282812.29
1784511900000,743.12,743.32,742.66,743.13,1103410.23
1784512800000,743.16,744.19,743.16,743.55,1427401.3
1784513700000,743.57,743.61,743.01,743.34,848783.9
1784514600000,743.34,744.47,743.34,744.26,4574474.45
1784515500000,744.33,744.61,744.1,744.18,1991945.22
1784516400000,744.1,744.39,743.74,743.9,2005163.04
1784517300000,743.88,744.28,743.87,743.99,1189853.91
1784518200000,743.99,744.33,743.96,744.33,1201002.52
1784519100000,744.32,744.58,744.02,744.14,2503195.09
1784520000000,744.16,744.18,743.74,743.74,511111.94
1784520900000,743.74,744.26,743.5,744.24,1058333.03
1784521800000,744.38,744.84,744.29,744.84,2115203.01
1784522700000,744.65,745.02,744.44,744.44,1937326.61
1784523600000,744.59,744.59,743.41,743.9,2348666.12
1784524500000,743.71,743.91,743.53,743.64,772726.89
1784525400000,743.57,743.6,743.28,743.28,594774.89
1784526300000,743.34,743.45,743.07,743.18,674172.34
1784527200000,743.31,743.46,743.11,743.17,990036.44
1784528100000,743.15,743.3,742.94,743.15,2080892.57
1784529000000,742.98,743.36,742.78,743.17,984701.9
1784529900000,743.25,743.3,742.99,743.09,211075.24
1784530800000,743.39,743.79,743.39,743.47,451384.72
1784531700000,743.53,744.55,743.4,744.55,1611903.75
1784532600000,744.54,745.43,744.54,745.17,6435721.17
1784533500000,745.17,745.36,744.74,745.29,1755918.5
1784534400000,745.35,745.563,742.943,745.45,42719186.5318917
1784535300000,745.29,745.674,745.275,745.29,2539780.89691488
1784536200000,745.05,745.338,744.846,745.04,3006713.16981929
1784537100000,744.97,745.119,744.787,745.02,10889723.68147562
1784538000000,744.7,745.085,744.69,744.85,51029537.4704249
1784538900000,744.86,745.322,744.829,745.2,14719091.29316246
1784539800000,745.16,745.59,745.15,745.15,3568326.70190704
1784540700000,745.87,746.229,745.582,746.22,12778671.23681957
1784541600000,745.78,745.78,745.355,745.56,4970601.26008766
1784542500000,745.28,745.591,745.222,745.42,10531916.98895256
1784543400000,745.65,745.671,745.305,745.46,9067745.33401554
1784544300000,745.502,745.938,745.432,745.696,5973996.6199293295
1784545200000,745.7,746.417,745.651,746.22,32971195.69497725
1784546100000,746.23,746.319,745.821,745.85,12013231.55092408
1784547000000,746.13,747.909,745.884,747.44,101772266.13291842
1784547900000,747.27,747.597,746.79,747.09,50270686.70360778
1784548800000,746.73,747.067,745.66,745.96,88068572.38081463
1784549700000,746.25,746.59,745.952,746.56,41159830.93084291
1784550600000,746.6,746.65,746.035,746.17,35594268.24962893
1784551500000,746.09,746.594,745.87,746.09,47474733.34738942
1784552400000,746.27,746.645,746.22,746.305,74075388.0817938
1784553300000,746.29,747.15,746.199,747.03,55584085.77632491
1784554200000,747.05,748.69,746.819,748.55,1704952149.6769664
1784555100000,748.54,748.67,745.52,745.72,1754171566.657409
1784556000000,745.62,746.34,744.77,744.86,1056125120.5787985
1784556900000,744.98,745.75,744.275,745.75,996076927.1695323
1784557800000,745.66,745.95,744.79,744.93,885239712.8537691
1784558700000,744.875,745.73,743.72,744.105,962408656.3453326
1784559600000,744.12,745.49,743.81,744.8,764664677.70777
1784560500000,744.812,745.96,744.645,745.831,1211740143.9992905
1784561400000,745.88,746.03,745.29,745.93,462523880.6382044
1784562300000,745.99,746.43,745.13,746.005,720693186.7763662
1784563200000,746.0,746.99,745.59,746.75,966193461.8704712
1784564100000,746.805,746.87,746.16,746.47,646637146.8463409
1784565000000,746.49,746.74,744.47,745.42,1203439208.577478
1784565900000,745.41,746.19,744.75,745.0,908255241.7890203
1784566800000,744.94,745.17,743.87,743.91,663179183.7979144
1784567700000,743.87,744.49,743.57,744.13,788050456.383287
1784568600000,744.128,744.53,743.65,743.751,717676586.9292545
1784569500000,743.755,744.92,743.62,744.54,620877356.2015859
1784570400000,744.64,745.2,744.54,745.05,612963988.7929187
1784571300000,745.03,745.37,744.17,744.55,1005468559.4983803
1784572200000,744.49,744.508,742.57,742.57,1008270488.092706
1784573100000,742.604,743.21,742.44,742.764,1208621340.1888006
1784574000000,742.79,743.2,741.72,741.73,1285643419.4926805
1784574900000,741.7,742.93,741.54,742.74,1684917448.25404
1784575800000,742.78,743.35,742.36,742.99,1430235466.5354073
1784576700000,743.01,743.24,741.63,742.13,5791360117.527347
1784577600000,742.22,742.86,741.739,741.89,6032986852.009174
1784578500000,741.74,741.806,741.338,741.43,527433618.2719829
1784579400000,741.96,741.96,741.526,741.83,35928683.76529797
1784580300000,741.88,742.014,741.763,742.01,50563853.0615298
1784581200000,741.988,742.069,741.79,741.833,342066541.3532354
1784582100000,741.83,741.999,741.82,741.965,4651703.94919408
1784583000000,741.965,741.968,741.905,741.905,6482536.52190664
1784583900000,741.95,742.039,741.861,741.95,8858359.84002336
1784584800000,742.06,742.109,741.031,741.39,26023299.94958295
1784585700000,741.29,741.35,741.166,741.17,7262142.72044764
1784586600000,741.219,741.295,740.986,741.219,6376854.4384578
1784587500000,741.22,741.33,741.061,741.18,2223312.82128163
1784588400000,741.37,741.926,741.139,741.75,12330024.57018576
1784589300000,741.901,742.571,741.896,742.57,12664179.042683903
1784590200000,742.557,742.686,742.428,742.516,2987129.02566289
1784591100000,741.8,742.608,741.734,741.8,9583235.04847827
1784592000000,741.59,742.154,741.21,741.5,0.99968144
1784592900000,741.48,742.55,741.16,742.31,5698514.52
1784593800000,742.51,743.11,742.46,742.96,2513888.59
1784594700000,742.95,743.28,742.83,743.04,1319095.92
1784595600000,742.9,743.54,742.7,743.53,1728773.63
1784596500000,743.57,743.62,743.18,743.38,2296434.22
1784597400000,743.37,743.52,742.85,742.95,1287923.18
1784598300000,742.88,743.28,742.87,742.92,2563019.34
1784599200000,743.0,743.7,742.96,742.99,4595707.09
1784600100000,743.03,743.39,742.6,743.15,2527056.46
1784601000000,743.17,743.85,743.17,743.81,5251122.51
1784601900000,743.73,743.86,743.57,743.86,3116930.69
1784602800000,743.88,744.13,743.88,744.08,3570439.64
1784603700000,744.08,744.49,744.03,744.49,3810322.21
1784604600000,744.46,744.8,744.43,744.64,2510858.27
1784605500000,744.75,744.95,744.75,744.93,2749247.88
1784606400000,744.97,745.31,744.96,745.09,4757373.56
1784607300000,745.07,745.16,744.99,745.09,1724852.11
1784608200000,745.08,745.25,745.01,745.16,2502133.65
1784609100000,745.06,745.22,744.99,745.09,1937909.95
1784610000000,745.12,745.13,744.83,744.88,914840.62
1784610900000,744.86,745.33,744.67,745.24,931951.36
1784611800000,745.35,745.84,745.17,745.8,984073.35
1784612700000,745.76,745.91,745.57,745.74,2194142.0
1784613600000,745.72,745.91,745.59,745.81,1578795.52
1784614500000,745.76,745.87,745.52,745.66,2076820.86
1784615400000,745.78,746.39,745.78,746.13,4849741.62
1784616300000,746.04,746.15,745.91,746.01,1204191.31
1784617200000,746.03,746.46,745.8,745.91,1342411.85
1784618100000,745.84,745.85,745.32,745.35,1137148.63
1784619000000,745.27,745.7,745.1,745.39,1067417.94
1784619900000,745.35,745.45,742.151,745.45,1242388.99
1784620800000,745.37,745.932,742.706,745.42,46439812.24132484
1784621700000,745.98,746.095,745.826,745.95,6787433.01943721
1784622600000,746.08,746.244,745.95,746.08,4821640.56713668
1784623500000,745.91,746.175,745.859,745.91,3647750.7346637
1784624400000,746.018,746.281,746.011,746.196,4824980.030786914
1784625300000,746.196,746.452,746.004,746.004,3658493.1345631
1784626200000,745.895,746.2,745.843,745.895,5934351.55375526
1784627100000,745.994,746.352,745.88,745.978,5414098.97665059
1784628000000,746.22,746.393,745.77,746.23,15390733.90104744
1784628900000,746.05,746.29,745.996,746.03,36227087.97820647
1784629800000,746.13,746.503,745.896,746.44,37929228.30713911
1784630700000,746.16,746.36,745.741,746.11,19661975.84202277
1784631600000,745.99,746.022,745.321,745.39,29180809.74050787
1784632500000,745.647,745.647,745.03,745.18,57931024.61957874
1784633400000,745.4,745.712,745.17,745.65,21952568.5343586
1784634300000,745.52,745.572,745.113,745.39,14259006.71244892
1784635200000,745.28,745.81,745.107,745.51,37602864.98899874
1784636100000,745.33,745.536,744.816,745.01,41176441.94296188
1784637000000,744.85,744.956,744.28,744.28,61677763.52222083
1784637900000,745.02,745.402,744.654,745.29,59827917.08366016
1784638800000,745.15,745.259,744.923,745.09,41911443.12219399
1784639700000,745.19,746.15,745.088,746.15,69819924.97077712
1784640600000,746.3,746.61,744.3,744.429,1887031236.5490565
1784641500000,744.515,745.36,744.23,745.325,857295542.0795826
1784642400000,745.38,745.86,744.965,745.715,630578975.8131552
1784643300000,745.66,746.99,744.78,746.855,728922443.4683152
1784644200000,746.89,747.24,745.77,746.6,701384416.8863418
1784645100000,746.61,747.25,746.29,746.74,769649518.5439932
1784646000000,746.78,747.51,745.86,747.22,702545172.6719233
1784646900000,747.26,748.01,747.155,748.01,613715919.432541
1784647800000,747.86,747.94,747.43,747.56,647942755.4994342
1784648700000,747.57,747.96,747.48,747.48,460511220.1673221
1784649600000,747.495,748.28,747.495,748.21,416510456.4618655
1784650500000,748.25,748.755,748.222,748.66,582789838.6821295
1784651400000,748.625,748.73,748.48,748.61,306121804.1178427
1784652300000,748.625,749.04,748.41,748.72,719907039.5856096
1784653200000,748.699,748.855,748.54,748.608,1723331379.8826976
1784654100000,748.61,748.65,748.24,748.335,527837555.96108645
1784655000000,748.37,748.79,748.23,748.67,460474758.92215806
1784655900000,748.67,748.94,748.44,748.58,523498398.78456897
1784656800000,748.58,748.745,748.13,748.18,528102153.3999696
1784657700000,748.17,748.41,748.055,748.22,550997609.0739052
1784658600000,748.22,748.6,747.945,748.55,493768107.0810815
1784659500000,748.53,748.62,748.23,748.36,496474085.3374822
1784660400000,748.37,748.46,748.08,748.24,606491072.8405144
1784661300000,748.259,748.47,748.19,748.265,834703605.5712053
1784662200000,748.25,748.59,748.14,748.5,1075155767.9782305
1784663100000,748.5,748.65,748.135,748.155,2713614877.4603767
1784664000000,748.26,748.37,747.85,748.19,4328583879.346126
1784664900000,747.99,748.172,747.835,747.89,633074699.2531966
1784665800000,747.856,748.078,747.855,747.992,90094208.90429161
1784666700000,747.96,748.019,747.852,747.91,593331856.9092482
1784667600000,747.992,748.078,747.971,747.996,222288005.0187185
1784668500000,747.995,748.205,747.995,748.165,21399496.58436529
1784669400000,748.163,748.166,748.005,748.161,8462180.29298845
1784670300000,748.162,748.269,748.135,748.148,3548166.02614794
1784671200000,748.149,748.149,747.855,748.131,34029737.03316251
1784672100000,747.86,748.226,747.826,747.86,13295712.76325486
1784673000000,747.853,747.933,747.76,747.84,4001432.78800683
1784673900000,747.828,747.828,747.581,747.774,10196898.675226994
1784674800000,747.775,747.886,747.712,747.864,2051273.02765101
1784675700000,747.865,748.08,747.759,748.01,5627342.40677865
1784676600000,747.87,748.101,747.726,747.87,5031649.34223159
1784677500000,747.775,748.107,747.775,748.068,7124139.65613031
1784678400000,747.99,748.44,747.99,748.28,3943488.85
1784679300000,748.21,748.29,747.84,747.84,1793937.48
1784680200000,748.01,748.04,747.74,747.85,741172.48
1784681100000,747.86,748.01,747.56,748.0,3234290.96
1784682000000,748.0,748.04,747.44,747.62,1502644.59
1784682900000,747.61,747.71,747.29,747.35,1700621.22
1784683800000,747.3,747.61,747.29,747.58,714527.5
1784684700000,747.6,748.21,747.55,747.93,5174074.86
1784685600000,747.94,747.94,747.49,747.73,894976.79
1784686500000,747.76,747.98,747.7,747.98,1701936.11
1784687400000,747.91,747.91,747.61,747.89,437434.3
1784688300000,747.94,748.11,747.82,747.99,1367260.46
1784689200000,747.91,748.04,747.6,747.65,904120.62
1784690100000,747.66,748.24,747.65,748.19,921572.88
1784691000000,748.19,748.19,747.7,747.74,1205540.38
1784691900000,747.82,747.83,747.23,747.32,1380612.21
1784692800000,747.4,747.68,747.19,747.53,1579575.29
1784693700000,747.61,747.74,747.61,747.69,245984.48
1784694600000,747.67,747.67,747.45,747.58,816295.2
1784695500000,747.57,747.66,747.39,747.66,489587.12
1784696400000,747.66,747.69,747.26,747.42,2604650.5
1784697300000,747.31,747.49,747.2,747.38,2889858.62
1784698200000,747.29,747.44,747.09,747.13,1156677.13
1784699100000,747.08,747.5,747.04,747.41,1578165.38
1784700000000,747.43,747.46,747.08,747.23,862357.27
1784700900000,747.09,747.13,746.27,746.37,2498947.83
1784701800000,746.3,746.77,746.25,746.45,4463314.46
1784702700000,746.28,746.43,745.95,746.19,2741511.92
1784703600000,746.04,746.15,745.51,746.15,1804176.55
1784704500000,746.15,746.52,746.04,746.38,1894293.87
1784705400000,746.36,746.4,745.08,745.44,1929576.68
1784706300000,745.57,745.65,745.2,745.46,2216227.05
1784707200000,745.6,747.638,745.427,745.685,49741392.84323652
1784708100000,745.525,746.172,745.52,746.141,6139784.60865515
1784709000000,746.31,746.446,746.012,746.31,6459255.1817475
1784709900000,746.011,746.42,746.011,746.363,5032075.66636454
1784710800000,746.66,746.989,746.347,746.71,6290724.69282695
1784711700000,746.81,746.929,746.59,746.59,4567805.8838157
1784712600000,746.603,746.603,746.083,746.365,6291505.46563326
1784713500000,746.365,746.457,745.91,746.391,3912938.04333874
1784714400000,746.413,746.854,746.392,746.392,1327928.44781056
1784715300000,746.77,747.088,746.316,746.92,14492387.67157711
1784716200000,746.85,747.059,746.501,746.54,14720484.55898668
1784717100000,746.62,747.004,746.488,746.87,10852011.48418202
1784718000000,746.71,746.835,746.398,746.42,38465871.82894797
1784718900000,746.29,746.547,746.13,746.13,34497649.95119219
1784719800000,746.17,746.499,745.07,745.14,67948353.26561911
1784720700000,745.54,746.158,745.459,745.61,33093741.4482502
1784721600000,745.598,745.811,745.31,745.713,51615628.87098562
1784722500000,745.27,745.744,745.1,745.3,36303022.16919092
1784723400000,745.74,746.127,745.504,746.09,47827392.13312439
1784724300000,745.58,746.029,744.63,745.29,137133988.5143385
1784725200000,745.37,745.908,745.302,745.89,52177655.56716628
1784726100000,745.758,746.677,745.73,746.674,114907649.94026056
1784727000000,746.77,747.68,746.42,747.58,1177157412.860451
1784727900000,747.58,748.76,747.41,748.76,1034551448.0989355
1784728800000,748.765,749.38,748.15,748.24,800560403.4744046
1784729700000,748.26,748.44,747.08,747.27,711646365.8827415
1784730600000,747.26,747.79,746.79,746.79,786868163.4516411
1784731500000,746.815,747.98,746.72,747.975,692855463.1077874
1784732400000,747.97,749.03,747.9,748.875,664596841.0229136
1784733300000,748.895,749.66,748.54,749.42,624082041.0987704
1784734200000,749.41,749.51,748.77,748.975,552761821.502471
1784735100000,749.06,749.77,748.986,749.74,422332831.36952585
1784736000000,749.77,749.9,749.5,749.71,466454687.32999265
1784736900000,749.72,750.03,749.68,749.84,504522841.23629284
1784737800000,749.83,750.0,749.66,749.73,503959588.4530336
1784738700000,749.76,749.95,749.49,749.83,343453270.05480576
1784739600000,749.81,749.94,749.25,749.31,881073727.1424594
1784740500000,749.3,749.403,748.965,749.06,671130374.1818334
1784741400000,749.06,749.4,748.86,749.13,472553311.3363556
1784742300000,749.123,749.22,748.39,748.515,831447625.6448475
1784743200000,748.505,748.71,748.0,748.09,617159647.5956768
1784744100000,748.02,748.56,748.02,748.45,471902749.4489437
1784745000000,748.47,748.484,748.06,748.31,564012275.3038232
1784745900000,748.275,748.6,748.12,748.43,482869245.0830057
1784746800000,748.45,748.45,747.82,747.9,462700876.73397464
1784747700000,747.83,748.19,747.66,747.99,605787635.3159113
1784748600000,747.97,747.994,747.36,747.795,1266641316.1912096
1784749500000,747.79,748.31,747.41,747.5,3525115819.8802023
1784750400000,747.43,748.794,747.051,748.794,5063083733.34067
1784751300000,748.814,749.034,748.33,748.524,378630359.3881165
1784752200000,748.48,748.579,748.06,748.48,189210360.29386887
1784753100000,748.19,748.546,747.926,748.25,65072780.480561
1784754000000,747.9,748.267,747.17,747.37,103641626.0524288
1784754900000,747.37,747.56,747.154,747.48,130806084.8645776
1784755800000,746.81,747.225,746.565,746.85,70885208.6720582
1784756700000,746.561,746.905,746.361,746.84,29701839.34835245
1784757600000,746.1,747.225,746.034,746.31,36865654.53496925
1784758500000,746.05,746.358,745.86,745.94,31728616.87168428
1784759400000,745.935,745.97,745.32,745.445,32828150.30586273
1784760300000,745.45,746.12,745.392,746.08,14028241.35959113
1784761200000,745.46,745.969,745.46,745.6,9500081.24949985
1784762100000,745.51,745.844,745.486,745.7,3533955.77531448
1784763000000,745.9,746.025,745.661,745.9,4080221.65843192
1784763900000,746.45,746.648,745.991,746.45,20139484.5763169
1784764800000,746.651,747.11,746.64,746.94,10840240.45
1784765700000,746.88,748.23,746.83,747.88,10073788.64
1784766600000,747.91,748.33,747.8,748.2,4586238.09
1784767500000,748.21,748.66,748.12,748.57,1259624.87
1784768400000,748.42,748.71,748.25,748.5,1666936.96
1784769300000,748.47,748.54,748.14,748.19,1268344.83
1784770200000,748.21,748.32,747.7,747.7,2368366.07
1784771100000,747.71,747.97,747.61,747.67,544345.37
1784772000000,747.6,747.91,747.4,747.5,2826919.93
1784772900000,747.4,747.46,746.77,746.82,2145686.76
1784773800000,746.85,747.17,746.5,746.6,3759603.04
1784774700000,746.67,746.93,746.51,746.88,696045.79
1784775600000,746.78,746.89,745.98,746.26,1212146.38
1784776500000,746.15,746.31,745.9,746.25,868464.86
1784777400000,746.48,746.58,746.09,746.54,2350783.24
1784778300000,746.58,746.71,746.44,746.51,638314.66
1784779200000,746.41,746.63,745.97,746.63,1041004.07
1784780100000,746.69,747.11,746.49,746.99,1840109.57
1784781000000,746.98,747.09,746.79,746.79,310706.01
1784781900000,746.77,746.97,746.41,746.6,1213280.44
1784782800000,746.41,746.53,746.3,746.53,544871.15
1784783700000,746.35,747.09,746.26,747.09,1524821.26
1784784600000,747.12,747.34,746.7,746.72,1574984.47
1784785500000,746.72,746.72,746.01,746.15,2579471.64
1784786400000,746.08,746.32,746.0,746.26,655204.64
1784787300000,746.27,746.41,746.12,746.4,1214276.41
1784788200000,746.34,746.34,745.86,745.86,1077334.63
1784789100000,745.87,746.19,745.79,745.81,720495.08
1784790000000,745.75,745.76,743.72,744.32,7084124.32
1784790900000,744.55,745.14,744.42,744.85,1995216.54
1784791800000,744.56,744.57,743.65,743.66,2109673.0
1784792700000,743.63,744.23,743.41,744.15,2332773.29
1784793600000,744.02,746.274,743.769,744.41,56965827.3063348
1784794500000,745.13,745.354,744.747,745.13,4394135.25423038
1784795400000,745.137,745.253,744.685,744.685,1539541.76359432
1784796300000,744.68,745.768,744.611,745.768,2023023.88268958
1784797200000,745.769,746.271,745.363,745.363,9513979.82247842
1784798100000,745.2,745.48,745.103,745.2,3524460.38543525
1784799000000,745.178,745.185,744.843,745.137,3480963.06488161
1784799900000,745.12,745.319,744.77,744.97,19922455.65121877
1784800800000,745.04,745.129,744.689,745.0,9138090.68793597
1784801700000,744.704,745.225,744.704,745.065,3162153.52922195
1784802600000,745.1,746.167,745.065,745.83,21200222.07512849
1784803500000,745.94,746.039,745.781,745.83,9691775.26181591
1784804400000,745.54,745.859,744.881,745.54,15749239.64459133
1784805300000,744.81,745.357,744.213,744.24,22533364.356216
1784806200000,744.21,744.355,742.924,743.11,99605825.9875162
1784807100000,743.01,743.92,742.946,743.78,88491903.20663442
1784808000000,743.7,743.946,743.137,743.23,52538221.75624163
1784808900000,743.23,743.459,741.78,741.78,155266771.59480217
1784809800000,742.05,742.051,740.633,740.74,181647972.30819684
1784810700000,741.0,741.05,740.2,740.68,121537466.61292237
1784811600000,740.51,740.697,739.43,739.77,181014351.68196127
1784812500000,739.91,739.92,739.01,739.45,172547698.70571864
1784813400000,739.29,742.55,738.48,741.97,1259592899.01955
1784814300000,741.855,741.947,739.29,739.58,1863023814.1100125
1784815200000,739.59,740.91,738.89,739.77,1051874536.2315881
1784816100000,739.64,740.445,738.99,739.785,1163020874.5123765
1784817000000,739.73,740.58,738.595,738.86,1229891742.5641978
1784817900000,738.845,739.45,738.02,738.381,1155946310.8428657
1784818800000,738.41,738.47,736.46,736.64,1676176427.1598957
1784819700000,736.62,737.68,735.8,735.91,1851919966.902523
1784820600000,735.9,737.62,735.24,736.685,1511208292.0018785
1784821500000,736.67,737.89,736.38,737.845,741658378.5545213
1784822400000,737.845,738.825,737.56,738.623,1029649513.8982975
1784823300000,738.635,739.645,738.28,739.455,1592247459.0995247
1784824200000,739.45,739.71,738.96,738.96,654032070.4951843
1784825100000,738.97,738.985,737.77,738.63,680520876.4164221
1784826000000,738.43,738.91,737.78,738.58,741988975.6515876
1784826900000,738.55,739.19,738.17,738.755,1772819970.4756448
1784827800000,738.75,738.784,737.27,737.69,731740276.4606547
1784828700000,737.69,738.26,737.12,737.185,347048561.15105003
1784829600000,737.04,737.36,736.81,737.01,748523384.867627
1784830500000,737.007,737.5,736.87,737.388,594734941.4274014
1784831400000,737.46,737.66,736.61,736.81,753397366.5642257
1784832300000,736.93,737.43,736.62,737.05,1010058549.4704707
1784833200000,737.12,737.36,736.48,736.65,666859468.4568361
1784834100000,736.6,737.9,736.59,737.47,947366267.5232534
1784835000000,737.465,737.68,736.26,736.335,2065800748.5477087
1784835900000,736.28,738.55,735.71,738.08,6264537134.584824
1784836800000,738.46,739.391,738.33,739.16,2822613761.4719815
1784837700000,739.24,739.618,739.157,739.4,313451524.63470036
1784838600000,739.35,739.658,739.173,739.24,283563965.9408444
1784839500000,739.201,739.399,739.101,739.353,839072521.2238451
1784840400000,739.44,739.505,739.053,739.25,275934454.72281045
1784841300000,738.8,739.228,738.79,738.79,26122353.45929454
1784842200000,738.85,738.935,738.665,738.7,9287871.08479289
1784843100000,738.82,738.912,738.661,738.82,14015361.1485169
1784844000000,738.55,739.019,738.235,738.38,64770082.8732239
1784844900000,738.7,738.887,738.29,738.7,20875827.31685558
1784845800000,738.6,738.886,738.557,738.754,5496805.51478147
1784846700000,739.18,739.234,738.736,739.18,3881818.59758637
1784847600000,739.229,739.243,738.71,738.812,7058126.72036957
1784848500000,738.91,738.961,738.761,738.84,3487194.4893071
1784849400000,738.77,738.905,738.433,738.77,5806836.89079444
1784850300000,738.716,739.037,738.456,738.753,5471965.92278848
1784851200000,739.34,739.6,738.51,738.86,3831890.25
1784852100000,738.94,739.65,738.65,739.26,5287662.03
1784853000000,739.06,739.65,738.87,739.6,3006249.94
1784853900000,739.58,739.81,739.09,739.56,3098258.29
1784854800000,739.61,739.8,739.38,739.38,2586985.75
1784855700000,739.44,739.86,739.22,739.5,1359915.56
1784856600000,739.5,740.01,739.35,739.81,2772288.19
1784857500000,739.76,739.79,739.17,739.18,2134246.39
1784858400000,739.2,739.41,738.99,739.3,1883967.19
1784859300000,739.2,739.35,738.98,739.22,718407.79
1784860200000,739.06,739.06,738.45,738.46,2537676.8
1784861100000,738.44,738.44,738.09,738.1,5454045.31
1784862000000,738.17,738.4,738.06,738.32,429649.13
1784862900000,738.31,738.51,738.19,738.34,764191.84
1784863800000,738.34,738.41,738.01,738.02,1347032.37
1784864700000,738.04,738.26,737.84,737.84,1082659.42
1784865600000,737.92,738.19,737.72,737.9,1776698.23
1784866500000,737.81,738.59,737.81,738.59,791459.35
1784867400000,738.57,738.57,738.0,738.01,1288357.93
1784868300000,738.11,738.49,738.02,738.45,461383.79
1784869200000,738.55,738.9,738.35,738.74,1297847.46
1784870100000,738.63,738.99,738.59,738.86,1836513.99
1784871000000,738.8,738.9,738.55,738.9,1463308.38
1784871900000,738.92,739.13,738.39,738.39,604271.4
1784872800000,738.4,738.4,737.88,737.88,436218.62
1784873700000,737.97,738.78,737.88,738.26,734799.34
1784874600000,738.27,738.54,737.95,737.95,573601.06
1784875500000,737.88,738.45,737.62,738.45,650801.78
1784876400000,738.42,739.76,738.4,739.76,2794419.77
1784877300000,739.68,740.38,739.59,740.28,3513418.34
1784878200000,740.39,740.49,739.74,739.74,989486.4
1784879100000,739.85,739.98,739.74,739.9,727335.17
1784880000000,739.81,739.81,738.917,739.26,40076953.26325103
1784880900000,739.321,740.005,739.261,739.989,4088053.14488214
1784881800000,739.991,740.333,739.904,740.068,6204851.63599368
1784882700000,740.072,740.115,739.789,739.895,2493671.86408479
1784883600000,739.901,740.646,739.804,740.087,4188860.74856729
1784884500000,740.21,740.636,739.984,740.21,4431000.79405298
1784885400000,740.7,740.818,740.41,740.81,6923735.62302323
1784886300000,740.7,740.829,740.552,740.7,3747291.49887382
1784887200000,740.748,740.829,740.168,740.32,4626038.53920936
1784888100000,740.28,740.399,740.11,740.12,17847185.41861628
1784889000000,740.36,740.578,740.068,740.155,5164213.89988352
1784889900000,740.16,740.292,739.991,740.05,2927837.48439948
1784890800000,740.21,740.391,739.996,740.21,7356778.01249814
1784891700000,740.25,740.353,740.01,740.01,11147229.14304087
1784892600000,740.0,740.17,739.71,739.71,34308339.77737509
1784893500000,739.7,740.92,739.532,740.92,31450513.69080882
1784894400000,740.56,740.85,739.926,740.56,19928105.77318966
1784895300000,740.47,740.85,740.451,740.76,33417764.31516257
1784896200000,740.56,740.91,739.693,739.73,31995540.98185668
1784897100000,739.66,739.747,739.074,739.205,58232484.53240713
1784898000000,739.25,739.261,738.857,739.25,61395543.0372932
1784898900000,739.154,739.426,738.6,738.605,105798898.2182488
1784899800000,738.505,739.62,738.42,738.83,1217872738.193484
1784900700000,738.69,739.86,737.44,737.625,1270822427.6679864
1784901600000,737.55,739.9,737.34,739.54,1626056319.589889
1784902500000,739.59,739.95,738.02,739.31,1319355749.955209
1784903400000,739.18,739.287,737.85,737.85,1042173052.3783302
1784904300000,737.8,740.68,737.44,740.64,862790478.0910165
1784905200000,740.61,742.17,739.59,741.99,1592193137.4932537
1784906100000,741.83,743.12,741.35,742.55,1190130567.7428539
1784907000000,742.56,743.215,742.05,742.36,619278601.5627822
1784907900000,742.39,743.11,742.01,742.99,652239604.163036
1784908800000,743.03,743.72,742.66,742.98,1085918698.060578
1784909700000,742.99,743.55,742.82,743.18,471535146.8420244
1784910600000,743.17,743.221,741.63,741.7,621546322.3841139
1784911500000,741.61,741.81,740.78,741.47,655610585.5552715
1784912400000,741.42,741.57,740.32,740.94,611176087.1865826
1784913300000,740.93,741.795,740.68,741.74,525083589.36393493
1784914200000,741.75,742.14,741.08,741.1,373315998.39312047
1784915100000,741.06,741.53,740.93,741.01,501995796.2982753
1784916000000,740.965,741.265,740.48,740.58,581792696.2334114
1784916900000,740.58,740.623,739.02,739.09,957784852.3034701
1784917800000,739.0,739.15,737.65,737.81,1411813670.6553957
1784918700000,737.88,738.72,737.864,738.39,820808909.7111179
1784919600000,738.6,738.89,737.51,737.59,1757162382.0577226
1784920500000,737.604,738.0,737.29,737.75,1841924666.9801118
1784921400000,737.747,738.65,737.66,738.29,2638914536.0271773
1784922300000,738.29,739.1,737.63,738.91,4444103313.646524
1784923200000,738.67,738.92,738.25,738.65,2417462870.2173514
1784924100000,738.79,739.059,738.49,738.65,195936888.16682574
1784925000000,738.11,738.515,738.01,738.5,69046032.2834725
1784925900000,738.53,738.712,738.31,738.61,91329299.52302434
1784926800000,738.19,738.753,737.95,738.0,60052795.97030924
1784927700000,738.068,738.65,737.955,738.63,79798328.93157673
1784928600000,738.631,739.229,738.631,739.15,33336199.72023728
1784929500000,739.144,739.144,738.852,738.89,3766876.10926837
1784930400000,738.82,738.925,738.708,738.82,7590785.93695497
1784931300000,738.753,738.765,738.688,738.765,3698781.00399603
1784932200000,738.94,739.075,738.765,738.96,11941923.84338316
1784933100000,738.835,738.978,738.562,738.562,8494534.96497611
1784934000000,738.561,738.76,738.56,738.76,1072884.84862833
1784934900000,738.59,738.76,738.571,738.59,1513229.77806472
1784935800000,738.656,738.656,738.395,738.591,6253122.064826182
1784936700000,738.31,738.599,738.255,738.31,10482625.79931663
1784937600000,738.51,738.657,738.51,738.657,0.0
1784945700000,738.23,738.23,738.23,738.23,738.23
1784952900000,738.35,738.35,738.35,738.35,49.986295
1784954700000,738.35,738.55,738.35,738.55,68.5277
1784955600000,738.55,738.95,738.55,738.95,438.940774
1784961900000,738.4,740.2,738.4,740.2,370.004978
1784964600000,738.98,739.04,738.98,739.04,258.646
1784967300000,739.06,739.06,739.06,739.06,798.1848
1784974500000,739.36,739.36,739.36,739.36,108.981664
1784979900000,739.38,739.38,739.38,739.38,418.193328
1784984400000,739.36,739.36,739.03,739.03,242.188101
1784989800000,739.03,739.03,738.8,738.8,169.738309
1784991600000,739.41,739.41,739.41,739.41,59.966151
1785001500000,739.43,739.53,739.05,739.53,729.513086
1785020400000,739.81,739.81,739.81,739.81,109.935766
1785024000000,740.13,740.2,740.13,740.2,384.8746
1785024900000,740.26,740.4,740.26,740.4,621.838
1785027600000,740.65,740.65,740.65,740.65,296.26
1785035700000,740.7,740.7,740.7,740.7,80.14374
1785056400000,740.7,740.7,740.7,740.7,109.69767
1785058200000,740.7,740.89,740.7,740.89,518.598376
1785059100000,740.75,740.75,740.75,740.75,109.705075
1785060900000,740.75,740.75,740.75,740.75,103.4087
1785072600000,740.95,740.95,740.95,740.95,518.665
1785077100000,741.04,741.04,741.04,741.04,518.728
1785083400000,741.23,741.23,741.23,741.23,140.8337
1785091500000,741.28,741.28,741.28,741.28,518.896
1785096900000,741.41,741.41,741.41,741.41,10.453881
1785105000000,741.41,741.41,741.41,741.41,27.951157
1785110400000,743.9,745.24,741.88,744.94,18095571.85
1785111300000,744.94,744.94,743.75,744.08,4660482.66
1785112200000,744.14,744.25,743.55,743.6,2710954.95
1785113100000,743.61,743.99,743.35,743.37,4906403.87
1785114000000,743.41,743.72,743.12,743.17,2126996.41
1785114900000,743.16,743.26,742.86,743.19,10281768.47
1785115800000,743.21,744.03,743.21,743.57,2324552.13
1785116700000,743.69,743.95,743.64,743.81,1644556.92
1785117600000,743.95,744.11,743.75,743.97,1935815.04
1785118500000,744.04,744.31,743.89,744.19,1393087.64
1785119400000,744.05,744.34,743.84,744.27,2313187.43
1785120300000,744.27,744.28,743.95,744.15,369798.96
1785121200000,744.26,744.41,744.04,744.39,637063.04
1785122100000,744.41,744.44,744.19,744.27,677310.98
1785123000000,744.19,744.27,744.0,744.19,2044316.08
1785123900000,744.21,744.23,743.99,744.05,1082671.38
1785124800000,744.21,744.3,744.13,744.28,427930.86
1785125700000,744.37,744.46,744.14,744.26,710884.13
1785126600000,744.19,744.66,744.17,744.6,535301.22
1785127500000,744.66,744.75,744.56,744.61,714859.25
1785128400000,744.63,745.01,744.55,744.98,1503188.44
1785129300000,744.98,745.13,744.92,745.06,1359678.3
1785130200000,745.13,745.6,745.1,745.34,2547456.8
1785131100000,745.3,745.59,745.3,745.48,1271877.91
1785132000000,745.51,746.06,745.51,745.77,2409110.5
1785132900000,745.81,745.92,745.5,745.64,1369225.06
1785133800000,745.59,745.77,745.43,745.47,1140037.86
1785134700000,745.43,745.48,745.18,745.34,499338.35
1785135600000,745.29,745.78,745.26,745.78,1472566.21
1785136500000,745.74,745.8,745.42,745.53,897040.51
1785137400000,745.46,745.46,745.03,745.28,1942819.02
1785138300000,745.27,745.35,744.75,744.75,2120779.61
1785139200000,745.015,745.317,739.68,744.91,48717596.89500294
1785140100000,745.315,745.639,745.129,745.599,2902912.8664153
1785141000000,745.76,746.044,745.456,746.0,5842703.90835339
1785141900000,746.014,746.104,745.866,746.044,30027951.02066802
1785142800000,745.83,746.043,745.775,745.83,2695171.17643316
1785143700000,745.806,746.119,745.791,745.905,2174497.42849281
1785144600000,745.906,746.35,745.832,746.325,6988588.64242352
1785145500000,746.45,746.538,746.291,746.45,5022887.73510632
1785146400000,746.22,746.429,746.005,746.22,5404508.76894999
1785147300000,746.194,746.293,746.101,746.259,7997787.351614
1785148200000,746.26,746.374,746.086,746.29,28550391.31102923
1785149100000,746.32,746.502,746.296,746.39,30455514.17921413
1785150000000,746.27,746.324,745.833,745.882,77781092.5375891
1785150900000,745.88,746.019,745.09,745.1,19879931.14368874
1785151800000,745.34,745.6,745.167,745.42,36588661.48885682
1785152700000,745.45,745.457,745.276,745.33,17571905.84670699
1785153600000,744.91,745.617,744.65,744.65,13589636.38257199
1785154500000,744.87,745.037,744.65,744.95,22234256.6746215
1785155400000,744.89,745.34,744.811,745.34,31501185.69212639
1785156300000,745.28,745.552,745.258,745.33,37136360.60749471
1785157200000,745.42,745.597,745.147,745.55,46200223.55227616
1785158100000,745.345,745.482,744.899,744.899,175953292.61895838
1785159000000,744.9,745.51,743.44,743.44,1786793752.4218824
1785159900000,743.59,744.13,741.61,741.61,1170907524.5614593
1785160800000,741.625,742.085,740.48,741.07,1752766077.4137025
1785161700000,740.98,741.57,738.285,738.32,1594152157.7991896
1785162600000,738.315,738.55,736.555,736.741,2018850392.709844
1785163500000,736.87,739.86,736.762,739.75,1259340176.777634
1785164400000,739.73,740.29,739.1,739.41,1267112251.0199366
1785165300000,739.36,739.47,737.88,738.31,785042876.9158541
1785166200000,738.236,738.24,736.33,737.352,971503477.3137757
1785167100000,737.45,737.66,736.7,737.494,578212063.5162852
1785168000000,737.5,738.64,737.41,737.46,475245712.3668626
1785168900000,737.365,739.63,736.9,738.715,1079810071.3525343
1785169800000,738.68,739.34,738.1,738.35,417607739.32032335
1785170700000,738.41,738.775,736.67,737.02,395606472.2572211
1785171600000,737.03,737.09,736.06,736.68,614894628.8073798
1785172500000,736.62,736.76,735.87,736.24,511069572.0741705
1785173400000,736.21,737.24,736.19,736.77,381036808.8726503
1785174300000,736.84,737.85,736.62,737.8,332405550.9728546
1785175200000,737.816,737.96,737.49,737.75,724099556.5534602
1785176100000,737.81,737.81,737.04,737.66,486496169.7047971
1785177000000,737.64,737.64,736.63,737.45,816447264.9641515
1785177900000,737.51,739.24,737.38,739.055,774533788.7114558
1785178800000,739.06,739.57,738.48,739.05,830894855.7772095
1785179700000,739.13,739.72,739.055,739.625,692265471.5092903
1785180600000,739.62,739.84,738.85,738.97,1276253759.8298929
1785181500000,738.95,739.16,738.5,739.04,4901078285.775216
1785182400000,739.19,739.473,738.693,739.04,2494789812.4966807
1785183300000,739.022,739.094,738.841,739.032,270188571.3495887
1785184200000,738.98,739.8,738.977,739.44,103355023.5390561
1785185100000,739.24,739.45,739.196,739.25,55663760.69860867
1785186000000,739.441,739.465,739.302,739.454,152208462.53491676
1785186900000,739.454,739.553,739.425,739.425,13272622.36172142
1785187800000,739.425,739.49,739.381,739.475,5211626.877285199
1785188700000,739.477,739.649,739.333,739.333,10388669.59929942
1785189600000,739.34,739.651,738.848,739.02,39227168.40861259
1785190500000,738.863,739.017,738.613,738.633,6443840.3267949
1785191400000,738.635,738.985,738.635,738.715,3566804.28840396
1785192300000,738.717,738.841,738.582,738.626,7684356.221767483
1785193200000,738.68,738.825,738.183,738.68,4882000.90323746
1785194100000,738.44,738.999,738.355,738.59,9564867.07859551
1785195000000,738.997,739.019,738.66,738.683,2062146.27660324
1785195900000,738.689,739.095,738.38,738.893,9671453.43827867
1785196800000,739.26,739.4,738.07,738.33,2492969.79
1785197700000,738.43,738.63,737.92,738.27,3334348.45
1785198600000,738.35,738.73,737.74,738.54,3141279.99
1785199500000,738.5,738.5,737.84,738.06,3732635.75
1785200400000,737.78,738.13,736.78,737.09,3115879.37
1785201300000,737.02,738.33,737.02,738.1,2830953.45
1785202200000,738.07,738.58,738.01,738.27,1901015.23
1785203100000,738.39,738.6,737.52,737.68,1723251.07
1785204000000,737.72,737.73,737.23,737.39,2363448.49
1785204900000,737.22,737.82,737.08,737.36,1541889.22
1785205800000,737.21,737.32,736.97,737.01,2234247.28
1785206700000,737.08,737.55,736.97,737.26,4369983.85
1785207600000,737.37,737.43,736.71,737.1,4197303.56
1785208500000,737.1,738.04,737.1,737.24,4124015.49
1785209400000,737.25,738.45,736.9,738.27,1983526.12
1785210300000,738.4,738.46,738.09,738.2,2114342.91
1785211200000,738.28,738.28,737.31,737.33,2932738.87
1785212100000,737.34,737.72,737.31,737.37,1076593.21
1785213000000,737.26,737.42,737.1,737.25,1051311.76
1785213900000,737.61,737.74,736.89,736.98,2253482.7
1785214800000,736.99,737.41,736.93,736.93,975224.7
1785215700000,737.02,737.09,736.71,736.8,1433950.09
1785216600000,736.69,736.69,736.15,736.49,7765551.07
1785217500000,736.49,736.78,736.25,736.33,1656504.64
1785218400000,736.37,736.6,736.14,736.6,2360934.92
1785219300000,736.7,736.93,736.33,736.9,6268203.73
1785220200000,736.83,737.2,736.69,737.06,1389315.25
1785221100000,736.94,737.38,736.78,737.3,1811061.07
1785222000000,737.43,737.95,737.24,737.95,1847730.86
1785222900000,737.96,738.08,737.73,737.77,2154044.96
1785223800000,737.76,737.99,737.68,737.78,1728136.64
1785224700000,737.66,737.99,737.3,737.57,1429567.62
1785225600000,738.718,738.718,736.855,736.857,54958878.33605722
1785226500000,737.2,738.631,736.853,737.2,9158810.63029634
1785227400000,738.59,738.895,738.16,738.59,7736995.56903095
1785228300000,738.75,739.153,738.346,738.36,7008761.33028616
1785229200000,738.51,738.792,738.363,738.61,4887013.15999837
1785230100000,738.449,738.853,738.449,738.853,4546278.02023511
1785231000000,738.53,738.855,738.482,738.53,2652540.9634634
1785231900000,738.58,738.719,738.111,738.58,3507998.3733527
1785232800000,738.2,738.405,738.075,738.2,2920296.03250287
1785233700000,738.201,738.495,738.0,738.489,4873750.23112687
1785234600000,738.57,738.698,737.716,737.99,24494192.21202089
1785235500000,738.38,738.513,737.936,738.4,7289779.00303136
1785236400000,738.72,738.839,737.598,737.68,29834490.95094869
1785237300000,738.39,739.16,737.651,738.07,52554892.73819184
1785238200000,738.99,738.99,737.647,738.49,33794557.1634056
1785239100000,738.24,739.478,738.034,739.47,24656436.24141075
1785240000000,739.33,739.74,739.19,739.19,119269578.47324751
1785240900000,739.31,740.02,739.19,740.01,94241763.08211829
1785241800000,740.16,740.256,739.38,739.68,68425421.4289401
1785242700000,740.39,740.69,739.826,740.02,67890780.30136009
1785243600000,739.54,740.13,739.54,739.81,62079468.80306583
1785244500000,740.29,740.438,739.16,739.24,115703292.22805122
1785245400000,739.19,739.43,736.57,737.025,2669199087.148947
1785246300000,737.07,738.17,736.0,736.49,1593647552.564487
1785247200000,736.49,738.225,736.275,736.59,1001111823.2457564
1785248100000,736.8,737.81,736.39,737.73,1279428551.1060324
1785249000000,737.74,738.62,737.15,738.28,1298660976.521626
1785249900000,738.35,739.81,737.88,738.615,1219784906.3275292
1785250800000,738.63,739.7,738.02,739.41,998869828.0612016
1785251700000,739.24,741.89,739.24,741.24,1500086113.115199
1785252600000,741.18,742.1,741.01,742.07,495306571.63646775
1785253500000,742.075,742.44,741.79,742.17,647904888.0196525
1785254400000,742.215,742.34,741.495,741.595,743354107.7257974
1785255300000,741.63,742.04,741.272,741.32,468485433.29499054
1785256200000,741.19,742.125,740.915,741.925,524997645.3994044
1785257100000,741.94,742.78,741.39,742.6,638556547.8480402
1785258000000,742.48,742.75,741.17,741.34,645185058.7585185
1785258900000,741.36,742.16,741.11,741.34,486889568.9751672
1785259800000,741.275,741.9,740.665,740.78,473503926.7514569
1785260700000,740.84,741.32,740.53,741.18,468255430.7055745
1785261600000,741.22,741.49,740.42,740.42,658201464.0248444
1785262500000,740.5,740.94,740.43,740.52,524631227.7643648
1785263400000,740.62,741.12,740.52,740.78,512172348.63122135
1785264300000,740.84,741.62,740.72,741.47,596117038.7335454
1785265200000,741.465,741.95,741.34,741.46,1455357887.8561294
1785266100000,741.46,741.84,741.31,741.67,1363435391.1509752
1785267000000,741.695,741.71,740.95,741.295,1154517341.5918472
1785267900000,741.295,741.65,740.45,740.785,5169137007.475264
1785268800000,740.81,741.041,740.15,740.89,4038171375.6810884
1785269700000,740.87,741.581,740.673,741.43,172041153.39370173
1785270600000,741.44,741.514,740.85,740.9,151290312.38010618
1785271500000,741.08,741.113,740.77,741.03,465348189.501859
1785272400000,741.05,741.104,740.88,740.931,353293431.03103846
1785273300000,740.932,741.025,740.915,741.004,9637372.78394562
1785274200000,741.004,741.153,740.895,741.09,5970550.05870885
1785275100000,741.09,741.17,740.865,740.954,11673315.97392649
1785276000000,741.27,741.59,740.72,740.8,64907066.30435988
1785276900000,740.74,741.001,740.061,740.41,45904478.56182411
1785277800000,739.92,740.494,739.427,739.46,54309771.48336682
1785278700000,739.55,739.93,739.339,739.85,45010481.22079049
1785279600000,739.39,740.694,739.221,740.18,59645903.18606737
1785280500000,740.33,741.227,740.197,741.19,20889671.35489107
1785281400000,741.17,742.423,740.974,741.71,17583510.54715942
1785282300000,742.22,743.557,742.21,743.04,44190653.83624843
1785283200000,743.53,744.13,743.256,743.78,18588.45
1785284100000,743.69,744.35,743.3,743.53,6644227.84
1785285000000,743.62,743.68,743.05,743.53,3775830.42
1785285900000,743.66,743.67,742.79,742.96,3278379.15
1785286800000,742.83,743.13,741.45,741.52,3235096.56
1785287700000,741.44,742.37,741.18,742.16,2615081.01
1785288600000,742.02,742.08,740.99,741.08,1953494.15
1785289500000,741.06,741.07,739.88,739.88,4785816.61
1785290400000,739.83,740.79,739.65,740.63,6245327.32
1785291300000,740.61,740.91,740.18,740.89,1390904.53
1785292200000,740.96,741.16,740.69,740.98,3515092.94
1785293100000,740.89,740.89,740.45,740.59,957660.96
1785294000000,740.61,741.08,740.12,740.38,1587065.87
1785294900000,740.42,740.51,739.92,739.93,2486868.49
1785295800000,739.87,740.08,739.48,739.77,3194863.35
1785296700000,739.91,739.99,738.88,739.12,2296748.3
1785297600000,739.05,739.15,738.68,738.76,2500196.54
1785298500000,738.84,739.02,738.59,738.87,2163235.83
1785299400000,738.79,739.03,738.3,738.3,2819891.3
1785300300000,738.33,739.38,738.2,739.35,2832278.68
1785301200000,739.37,740.38,739.21,740.34,2287665.33
1785302100000,740.34,740.42,739.88,740.31,1826006.29
1785303000000,740.15,740.61,740.01,740.48,2168133.06
1785303900000,740.5,740.5,740.05,740.09,969113.92
1785304800000,740.11,740.15,739.49,739.77,1133801.67
1785305700000,739.82,740.41,739.72,740.37,698605.36
1785306600000,740.6,741.69,740.6,741.69,1966575.84
1785307500000,741.7,742.3,741.7,742.13,4138766.54
1785308400000,742.14,742.55,741.8,742.2,2056385.14
1785309300000,742.23,742.46,742.0,742.27,3046051.01
1785310200000,742.36,742.76,742.28,742.57,1259265.96
1785311100000,742.41,742.49,742.11,742.47,831378.37
1785312000000,742.19,743.123,741.768,741.78,62978948.42947752
1785312900000,741.8,742.005,741.231,741.8,5843438.11343953
1785313800000,741.392,742.61,741.303,742.587,7702620.568484048
1785314700000,742.579,742.825,742.256,742.274,2899155.60692263
1785315600000,742.299,742.616,742.268,742.489,3918175.10710665
1785316500000,742.24,742.543,742.218,742.24,3986180.26611682
1785317400000,742.24,742.683,742.06,742.59,7536852.43723092
1785318300000,743.1,743.414,742.56,742.92,10753046.09368895
1785319200000,742.76,743.086,742.491,742.65,23369918.95511723
1785320100000,742.54,742.818,742.419,742.54,7567730.57492869
1785321000000,742.08,742.812,742.06,742.09,6777783.16042814
1785321900000,742.332,742.338,741.921,741.985,18547629.039856676
1785322800000,742.11,742.659,741.953,742.32,30466397.72172799
1785323700000,742.65,742.71,742.384,742.63,41985019.21184275
1785324600000,742.4,742.548,742.008,742.11,28486155.45499898
1785325500000,742.03,742.542,742.021,742.24,21120492.67815944
1785326400000,742.31,742.388,741.449,741.449,12785596.607254207
1785327300000,740.99,741.517,740.074,740.35,93861303.62101166
1785328200000,740.17,740.941,739.979,740.8,64684334.20276428
1785329100000,740.91,740.978,740.574,740.62,35019582.65025863
1785330000000,740.51,740.737,739.777,740.0,62717426.8810685
1785330900000,739.72,740.75,739.54,740.41,152899938.0977939
1785331800000,739.96,740.37,738.81,739.69,1702879524.1442251
1785332700000,739.67,740.19,736.62,737.44,1303996360.8346689
1785333600000,737.42,738.29,735.11,735.37,1817635583.8602328
1785334500000,735.352,736.435,734.29,734.949,1826604845.4319663
1785335400000,734.95,735.83,733.79,734.195,1272329204.7693033
1785336300000,734.22,735.33,733.91,734.86,883940311.1095968
1785337200000,734.81,735.625,734.52,734.75,790277092.7037865
1785338100000,734.59,735.47,734.36,734.42,585948393.0719117
1785339000000,734.39,734.96,733.73,733.998,615888081.3886303
1785339900000,734.02,734.495,733.01,733.74,630541042.4890736
1785340800000,733.77,734.01,732.01,732.04,824136196.4865283
1785341700000,732.01,733.925,731.73,733.85,1036626295.6303005
1785342600000,733.825,734.31,732.91,733.21,998338309.0216686
1785343500000,733.19,734.87,733.03,734.829,702957528.0373243
1785344400000,734.88,736.61,734.74,736.61,842264473.7696941
1785345300000,736.62,737.22,735.76,735.79,835747025.4850774
1785346200000,735.76,736.325,735.285,735.755,615118054.6135157
1785347100000,735.83,736.4,735.4,736.35,675089533.4903326
1785348000000,736.356,739.47,736.356,737.269,513382833.26776725
1785348900000,737.43,738.26,736.33,737.35,1009136675.7058873
1785349800000,737.415,740.98,736.0,740.71,1678164967.5783553
1785350700000,740.72,742.68,740.46,741.95,1925300626.9010313
1785351600000,742.0,742.56,737.95,738.91,1814558592.8604345
1785352500000,738.73,739.76,734.3,735.175,2418314795.9405103
1785353400000,735.26,735.72,730.89,731.18,4497224439.983071
1785354300000,731.33,732.07,729.11,729.49,9876572048.432104
1785355200000,729.56,730.04,727.25,728.0,6193106690.788612
1785356100000,727.99,728.773,726.974,727.45,685026167.313708
1785357000000,727.1,729.11,727.1,728.55,779943782.4934587
1785357900000,728.51,728.816,728.04,728.74,103310232.7404707
1785358800000,728.224,728.478,727.903,727.964,744148616.8332576
1785359700000,728.01,728.221,727.696,728.01,78486917.82421471
1785360600000,728.0,728.079,727.057,728.0,33426082.22326151
1785361500000,727.11,727.781,726.81,727.34,42017654.49224812
1785362400000,728.3,731.884,727.817,731.74,116319704.11405988
1785363300000,731.77,732.034,731.28,731.86,39461181.76986874
1785364200000,731.35,731.793,731.306,731.35,27111266.80479121
1785365100000,731.9,732.017,731.247,731.3,29595558.36709054
1785366000000,731.99,732.41,731.409,731.83,23457772.15624026
1785366900000,731.75,732.433,731.75,732.318,13839238.4270428
1785367800000,732.45,732.701,732.131,732.4,24832914.69053011
1785368700000,732.64,732.668,732.071,732.56,13749250.42989592
1785369600000,732.63,733.41,731.85,733.12,4383510.95
1785370500000,733.09,733.11,732.17,732.49,2998297.68
1785371400000,732.46,732.76,731.49,731.64,2095382.27
1785372300000,731.76,732.38,731.66,732.23,2792365.79
1785373200000,732.26,733.48,732.12,732.46,6162772.57
1785374100000,732.47,733.33,732.42,733.29,2119931.93
1785375000000,733.23,733.86,733.23,733.69,4455889.47
1785375900000,733.75,733.93,733.49,733.57,4946526.85
1785376800000,733.57,733.88,733.22,733.27,5311030.46
1785377700000,733.26,733.54,733.14,733.14,1404962.32
1785378600000,733.12,733.3,732.8,733.3,2257514.0
1785379500000,733.22,733.37,732.41,732.42,2673150.03
1785380400000,732.42,732.97,731.89,732.05,3387341.94
1785381300000,732.01,732.11,731.72,732.0,1624042.89
1785382200000,731.79,732.42,731.56,732.04,1296080.63
1785383100000,732.19,732.43,731.93,732.01,1501019.46
1785384000000,732.07,732.13,731.66,731.68,1273505.61
1785384900000,731.64,732.44,731.56,732.35,2156810.61
1785385800000,732.37,732.45,731.57,731.59,1230432.43
1785386700000,731.7,732.12,731.24,731.39,1362119.66
1785387600000,731.4,731.44,730.88,731.06,5851392.57
1785388500000,731.38,731.65,731.2,731.48,5066178.35
1785389400000,731.47,731.88,731.32,731.88,1254860.75
1785390300000,731.84,732.33,731.21,731.5,2258763.68
1785391200000,731.3,731.49,731.0,731.02,492118.53
1785392100000,731.03,731.17,730.64,731.17,592679.02
1785393000000,730.98,730.98,730.52,730.52,569988.41
1785393900000,730.49,731.04,730.49,730.86,814871.11
1785394800000,731.02,732.78,730.89,732.17,4222558.35
1785395700000,732.16,732.22,730.94,731.18,7606883.82
1785396600000,730.83,731.36,730.1,731.29,3726314.76
1785397500000,731.32,731.32,730.5,730.5,627129.05
1785398400000,730.63,732.055,730.045,731.42,85054719.36226311
1785399300000,731.44,732.439,731.317,732.17,15083805.45299792
1785400200000,732.29,732.459,731.967,732.056,11241752.25864607
1785401100000,732.053,732.245,731.539,731.863,6640366.22958276
1785402000000,732.91,732.91,731.761,732.89,12654189.62193156
1785402900000,732.62,733.088,732.537,732.94,13709784.56383602
1785403800000,732.94,733.368,732.74,733.12,11200256.77040504
1785404700000,732.91,733.03,732.084,732.91,6753961.5952021
1785405600000,732.082,732.796,731.848,732.311,11990120.58602863
1785406500000,732.98,733.403,732.32,733.2,16277283.79949732
1785407400000,733.204,733.72,733.052,733.556,12564850.56595095
1785408300000,733.59,733.796,732.996,733.14,23291391.75055604
1785409200000,733.26,733.817,733.083,733.79,47746932.30964228
1785410100000,733.9,734.271,733.57,734.17,44108685.59958907
1785411000000,734.32,734.465,734.02,734.41,104000995.5130958
1785411900000,734.42,734.715,734.121,734.6,71727642.12026726
1785412800000,734.23,735.02,734.158,735.02,95062369.86342299
1785413700000,735.002,735.005,734.232,734.438,81695843.35208957
1785414600000,734.457,735.09,733.965,734.124,188281540.3317759
1785415500000,734.23,734.585,733.928,734.47,73657300.83953333
1785416400000,734.42,735.438,734.42,734.81,99220920.87468354
1785417300000,735.18,736.03,734.734,736.03,134882332.3218754
1785418200000,736.05,736.76,734.665,736.395,3039705280.906158
1785419100000,736.419,738.66,736.365,738.61,2770384774.150537
1785420000000,738.61,738.995,737.44,737.985,2199148909.3694606
1785420900000,738.02,739.2,737.395,738.58,1263122731.9350388
1785421800000,738.65,739.08,737.7,737.85,1261968659.1045074
1785422700000,737.82,738.15,735.635,736.235,2006563724.4720688
1785423600000,736.23,736.81,734.86,734.87,1885288822.4871483
1785424500000,734.924,736.15,734.615,734.888,1459817779.026789
1785425400000,734.82,736.97,734.73,736.64,826705980.4052656
1785426300000,736.71,737.62,736.39,737.1,1424207271.6367743
1785427200000,737.1,738.985,736.89,738.83,1402256807.7291648
1785428100000,738.825,739.185,738.545,738.778,939509529.7973136
1785429000000,738.77,739.055,737.78,738.02,702445710.6196483
1785429900000,738.02,739.165,738.006,738.98,551641067.727705
1785430800000,738.99,740.08,738.972,739.71,1068711135.671604
1785431700000,739.723,740.25,739.64,739.755,1059610569.1962415
1785432600000,739.757,740.12,739.18,739.912,1263407328.762553
1785433500000,739.92,740.38,739.67,739.78,821680222.312992
1785434400000,739.8,740.31,739.705,740.22,975453937.3836179
1785435300000,740.275,740.43,740.07,740.39,555822438.6326493
1785436200000,740.4,740.57,740.03,740.34,940846258.7793593
1785437100000,740.336,740.83,740.32,740.778,974720517.1433344
1785438000000,740.74,742.28,740.74,742.09,1213972206.5756602
1785438900000,742.06,742.45,741.74,741.79,1373866711.284544
1785439800000,741.78,741.99,741.43,741.8,1890446906.3663104
1785440700000,741.53,742.09,741.33,741.69,7108399294.921872
1785441600000,741.563,743.57,741.46,743.28,3605229868.4752502
1785442500000,743.45,743.671,743.207,743.49,5670422499.310895
1785443400000,743.66,743.803,742.228,742.48,418211465.2567369
1785444300000,742.51,742.66,741.787,742.0,98153444.62499166
1785445200000,742.026,742.085,741.916,742.037,358960833.1405717
1785446100000,742.038,742.379,741.655,741.655,81296278.53850064
1785447000000,741.65,742.167,741.525,741.65,134050331.18373638
1785447900000,742.083,742.307,741.962,742.111,12900045.35502288
1785448800000,741.91,742.513,741.454,741.53,48440759.13094632
1785449700000,742.51,742.562,741.891,742.51,6725277.4701927
1785450600000,742.024,742.769,741.816,742.764,26847367.02929979
1785451500000,742.769,743.02,742.75,743.014,4895749.83720038
1785452400000,743.01,743.422,742.779,742.821,8549167.77699007
1785453300000,742.82,742.91,742.609,742.835,5736556.68352075
1785454200000,742.97,743.273,742.751,742.96,7161300.75193385
1785455100000,743.48,743.69,743.086,743.6,14101538.17825934
1785456000000,743.06,744.44,743.06,744.41,111509.1
1785456900000,744.5,744.6,744.13,744.22,3187859.11
1785457800000,744.2,744.53,744.17,744.43,4187068.02
1785458700000,744.38,744.43,743.94,744.33,1077496.48
1785459600000,744.49,744.99,744.49,744.79,6629809.04
1785460500000,744.8,745.2,744.74,745.01,1800672.93
1785461400000,744.98,745.02,744.47,744.47,2232600.43
1785462300000,744.48,744.53,744.21,744.5,1135180.67
1785463200000,744.58,744.62,744.27,744.28,1389082.79
1785464100000,744.26,744.26,743.93,744.09,3067796.32
1785465000000,743.97,744.18,743.68,743.9,1356092.36
1785465900000,744.03,744.13,743.82,744.08,1063105.36
1785466800000,744.05,744.12,743.69,743.91,1051226.8
1785467700000,743.94,744.52,743.94,744.52,771115.87
1785468600000,744.52,744.65,744.41,744.46,604514.5
1785469500000,744.55,744.58,744.24,744.51,690099.2
1785470400000,744.31,744.61,744.06,744.58,733171.89
1785471300000,744.58,745.13,744.58,745.13,1293914.07
1785472200000,745.04,745.54,745.04,745.54,3973928.26
1785473100000,745.52,745.74,745.46,745.67,1087181.35
1785474000000,745.69,745.73,745.55,745.6,2010223.36
1785474900000,745.6,745.83,745.52,745.75,1898506.93
1785475800000,745.78,745.78,745.44,745.51,1180371.31
1785476700000,745.49,745.79,745.4,745.61,697916.1
1785477600000,745.65,745.91,745.65,745.87,1513202.23
1785478500000,745.92,745.93,745.48,745.6,2158875.69
1785479400000,745.61,745.61,744.28,744.37,2761027.43
1785480300000,744.35,744.66,744.01,744.46,4370119.97
1785481200000,744.43,745.53,744.14,745.28,2751423.49
1785482100000,745.33,745.68,744.95,745.32,2648577.62
1785483000000,745.31,745.49,745.14,745.49,314530.89
1785483900000,745.59,745.62,745.19,745.55,1081685.71
1785484800000,745.53,745.777,743.691,745.34,58672762.89776698
1785485700000,746.0,746.048,745.619,745.99,12050891.2347367
1785486600000,745.72,746.004,745.522,745.72,9759403.25386725
1785487500000,745.85,746.138,745.597,746.08,9501205.46524747
1785488400000,745.99,746.525,745.938,746.51,14597908.90774076
1785489300000,746.3,746.444,745.951,746.28,11694916.09144129
1785490200000,745.94,745.986,745.222,745.32,15468729.75744446
1785491100000,745.3,745.57,745.193,745.3,2380839.02659524
1785492000000,745.48,745.586,745.028,745.47,10423631.10409973
1785492900000,745.69,745.98,745.476,745.69,6696681.59000768
1785493800000,745.71,745.814,745.245,745.81,12040391.26516886
1785494700000,745.28,745.71,745.28,745.28,6440284.65787816
1785495600000,745.43,745.888,745.387,745.78,20110242.95609819
1785496500000,745.04,745.472,744.77,744.77,46966523.14622825
1785497400000,744.69,744.812,744.306,744.37,23236394.98712686
1785498300000,744.5,744.792,744.408,744.66,19952350.70905202
1785499200000,744.03,744.716,743.811,744.01,32830948.21545975
1785500100000,743.8,744.038,743.499,743.89,40186481.40250148
1785501000000,743.66,744.011,742.861,743.14,80249526.20390145
1785501900000,743.0,743.452,742.86,743.05,23033517.73253767
1785502800000,743.17,743.91,742.98,743.76,67425539.78140213
1785503700000,743.8,744.57,743.791,744.57,159446765.72722685
1785504600000,744.67,746.29,742.86,743.07,2923065555.615264
1785505500000,743.23,743.57,741.57,741.95,2022386178.3370492
1785506400000,741.9,742.375,737.96,738.44,2472225264.1308327
1785507300000,738.47,740.53,737.69,740.42,2171093428.2422366
1785508200000,740.57,741.645,740.14,741.62,1277161036.710803
1785509100000,741.574,742.92,741.45,742.547,1293568960.3020375
1785510000000,742.55,742.795,741.13,742.185,756377457.6422755
1785510900000,742.18,743.075,740.09,740.275,1024769361.0025473
1785511800000,740.28,742.345,739.815,741.77,1041671831.5736978
1785512700000,741.777,743.32,741.13,743.11,822045840.2249678
1785513600000,743.07,743.627,742.5,743.55,939819217.2463797
1785514500000,743.535,744.42,742.825,744.38,687276440.8445824
1785515400000,744.41,745.02,744.135,744.18,854234984.474693
1785516300000,744.191,745.01,743.99,744.658,600779616.7641723
1785517200000,744.63,745.3,744.555,745.23,845543405.73156
1785518100000,745.22,746.39,745.13,746.28,998004084.4579599
1785519000000,746.3,746.5,745.63,745.85,1017332108.3102512
1785519900000,745.85,746.061,745.215,745.437,1248910899.928862
1785520800000,745.415,746.01,745.32,745.67,698854713.8409904
1785521700000,745.7,746.43,745.64,746.04,1303417628.9331734
1785522600000,746.055,746.285,745.67,746.09,955746654.6599255
1785523500000,746.069,746.54,745.93,746.158,1172798863.5389905
1785524400000,746.155,746.57,745.795,746.33,1511240378.942348
1785525300000,746.325,747.915,746.28,747.48,3425310109.0390697
1785526200000,747.49,748.115,746.89,748.08,2200791156.68736
1785527100000,748.095,748.88,746.37,746.79,5486594866.35597
1785528000000,747.25,747.33,746.574,747.08,5653176883.708593
1785528900000,746.96,747.017,746.572,746.79,1198834576.1116688
1785529800000,746.66,746.889,746.567,746.71,73228680.14033864
1785530700000,746.71,746.8,744.947,745.16,479266393.03539675
1785531600000,745.09,745.469,744.997,745.1,218629746.43691197
1785532500000,745.01,745.039,744.7,744.7,264632966.44694304
1785533400000,744.881,744.919,744.62,744.705,98475414.62228301
1785534300000,744.71,744.742,744.533,744.72,36996967.85862373
1785535200000,744.746,744.775,744.327,744.375,15714012.40791741
1785536100000,744.0,744.389,744.0,744.0,23924652.91942954
1785537000000,744.188,744.719,744.18,744.529,18489051.41260865
1785537900000,744.529,744.614,744.31,744.31,7145663.61957891
1785538800000,744.59,744.59,744.285,744.59,6219030.9136656
1785539700000,744.475,744.62,744.45,744.6,4503405.79084406
1785540600000,744.6,744.64,744.471,744.539,6656866.4859129
1785541500000,744.541,744.63,744.255,744.255,8298406.413288623
1785542400000,744.245,744.353,744.245,744.353,16373.39
1785544200000,744.66,744.66,744.66,744.66,10.05291
1785575700000,744.66,744.66,744.66,744.66,999.929448
1785589200000,744.57,744.57,744.57,744.57,36.111645
1785594600000,744.57,744.57,744.57,744.57,58.746573
1785600900000,744.86,744.86,744.86,744.86,299.955122
1785609000000,744.91,744.91,744.91,744.91,31.733166
1785637800000,745.0,745.0,745.0,745.0,266.71
1785641400000,744.95,745.28,744.95,745.28,36947.77149
1785642300000,745.74,746.7,745.74,746.7,74239.10193
1785643200000,747.16,747.16,747.16,747.16,515.241536
1785648600000,747.2,747.2,747.2,747.2,82.192
1785678300000,746.89,746.89,746.89,746.89,1154.841318
1785712500000,747.25,747.25,747.25,747.25,25.1076
1785715200000,749.64,750.35,748.9,750.34,14350941.68
1785716100000,750.33,750.5,749.42,749.63,8041240.34
1785717000000,749.56,750.23,749.53,749.95,5572830.03
1785717900000,749.93,750.31,749.75,750.22,5039723.67
1785718800000,750.24,750.5,750.03,750.1,3534535.8
1785719700000,750.08,750.42,749.91,750.4,4314435.61
1785720600000,750.38,750.58,750.15,750.56,4281082.74
1785721500000,750.52,750.77,750.51,750.75,5476734.03
1785722400000,750.69,750.84,750.57,750.82,3424838.92
1785723300000,750.77,751.01,750.59,750.59,6171451.56
1785724200000,750.58,750.87,750.55,750.72,1870180.18
1785725100000,750.76,750.96,750.71,750.87,6981322.75
1785726000000,750.97,751.03,750.94,751.01,1463700.98
1785726900000,751.0,751.06,750.74,750.79,4141455.54
1785727800000,750.7,751.08,750.69,751.06,2828165.21
1785728700000,751.06,751.3,750.99,751.09,3745729.79
1785729600000,751.04,751.17,750.99,751.09,1825073.44
1785730500000,751.13,751.31,751.13,751.3,5172979.83
1785731400000,751.32,751.37,751.27,751.36,2365197.14
1785732300000,751.35,751.52,751.15,751.16,2589039.36
1785733200000,751.21,751.41,751.1,751.26,1291361.68
1785734100000,751.16,751.24,751.06,751.2,784935.52
1785735000000,751.2,751.26,751.09,751.11,381600.49
1785735900000,751.18,751.2,750.95,751.17,528030.36
1785736800000,751.21,751.42,751.07,751.35,1926472.27
1785737700000,751.24,751.24,750.79,750.86,600115.97
1785738600000,750.9,751.06,750.7,750.7,669033.48
1785739500000,750.69,750.81,750.5,750.55,234189.96
1785740400000,750.56,750.91,750.25,750.87,1703096.95
1785741300000,750.89,751.0,750.18,750.55,1644335.9
1785742200000,750.58,750.81,750.19,750.23,918471.03
1785743100000,750.32,750.83,750.3,750.78,3190826.86
1785744000000,745.428,750.771,745.428,750.386,89337841.64610334
1785744900000,750.388,750.392,749.662,749.831,10361128.65321267
1785745800000,749.7,750.557,749.677,750.46,14997728.12784284
1785746700000,750.294,750.739,750.128,750.739,8577459.06305466
1785747600000,750.88,750.88,750.268,750.88,4732230.50067949
1785748500000,750.468,750.719,750.403,750.456,9836083.57743166
1785749400000,750.63,750.764,750.414,750.63,5251183.16240067
1785750300000,750.48,750.689,750.261,750.618,4315363.75292419
1785751200000,750.61,750.846,750.453,750.78,6349164.62853185
1785752100000,750.744,750.867,750.608,750.856,11402689.505733188
1785753000000,750.91,751.1,750.731,751.1,18051401.31280756
1785753900000,751.05,751.147,750.95,751.06,14883226.46724751
1785754800000,751.15,751.15,750.601,750.78,21252723.98229488
1785755700000,750.87,751.211,750.83,750.95,97656737.41896735
1785756600000,751.031,751.55,750.919,751.223,62817227.74008276
1785757500000,751.03,751.269,750.454,750.59,40130618.06506337
1785758400000,750.58,750.609,750.197,750.33,81743863.85807517
1785759300000,750.62,750.712,750.287,750.31,36797056.76299975
1785760200000,750.72,751.364,750.68,751.11,123027180.6734295
1785761100000,751.364,751.44,751.07,751.174,83945442.027565
1785762000000,751.13,751.288,751.012,751.19,31494904.70227636
1785762900000,751.19,751.366,749.39,749.39,260654728.9013928
1785763800000,749.63,751.91,749.18,751.58,2608001442.743354
1785764700000,751.71,753.63,751.37,753.62,2185564553.39772
1785765600000,753.46,754.035,753.12,753.89,1516983706.0341043
1785766500000,753.83,754.77,753.83,754.5,1871211035.0013409
1785767400000,754.52,755.17,754.32,754.89,1664755662.6547
1785768300000,754.901,755.39,754.715,755.349,1580081692.548611
1785769200000,755.354,755.41,754.8,755.021,1553541640.8011801
1785770100000,755.025,755.7,755.025,755.12,1635851539.4007237
1785771000000,755.13,755.82,755.1,755.64,2000770654.625544
1785771900000,755.66,756.21,755.643,755.96,1051683482.3926145
1785772800000,755.971,756.14,755.77,755.99,1340554777.9846995
1785773700000,755.985,756.59,755.97,756.567,1213381963.4606152
1785774600000,756.545,756.62,756.215,756.49,1108001841.0411062
1785775500000,756.47,756.495,756.02,756.2,818734262.4904455
1785776400000,756.23,756.595,756.0,756.525,919143990.1412067
1785777300000,756.517,757.155,756.495,757.085,1071814258.3401271
1785778200000,757.062,757.45,757.015,757.312,1087538266.5994225
1785779100000,757.32,757.78,757.312,757.67,2267253639.8740125
1785780000000,757.645,758.335,757.635,758.03,1269431313.750553
1785780900000,758.025,758.32,757.48,757.59,908978606.0344224
1785781800000,757.58,758.1,757.34,758.087,1795354789.3302445
1785782700000,758.09,758.29,757.755,757.96,973809149.0710746
1785783600000,757.95,758.58,757.945,758.18,910896383.1346004
1785784500000,758.23,758.54,758.172,758.33,1036191860.0425031
1785785400000,758.35,758.505,757.87,758.06,2581184942.929444
1785786300000,757.785,757.99,757.43,757.72,5451709342.4638195
1785787200000,757.643,758.12,757.367,757.984,5093485922.347738
1785788100000,758.2,758.451,757.986,758.21,110123472.26123261
1785789000000,758.17,758.49,758.12,758.48,270641555.3872373
1785789900000,758.09,758.387,757.935,757.97,23032750.15764438
1785790800000,757.96,758.1,757.921,757.96,669808593.76867
1785791700000,758.06,758.095,758.001,758.08,10000982.798294
1785792600000,757.99,758.025,757.865,757.99,9310533.76549302
1785793500000,757.865,757.97,757.865,757.95,4865948.23099431
1785794400000,757.95,758.348,757.845,758.038,12152651.30271473
1785795300000,758.039,758.308,758.039,758.218,7301526.124357656
1785796200000,758.33,758.465,758.172,758.33,7674859.79201598
1785797100000,758.454,758.454,758.268,758.338,4767179.72313515
1785798000000,758.336,758.363,758.179,758.243,10337413.34198375
1785798900000,758.27,758.423,758.244,758.27,7705696.16988245
1785799800000,758.25,758.409,758.101,758.14,18157247.2868699
1785800700000,758.3,758.374,758.108,758.26,16926863.63905795
1785801600000,758.11,758.62,758.11,758.3,7.85925957
1785802500000,758.28,758.31,757.99,758.04,2263006.69
1785803400000,758.02,758.4,757.87,758.35,3195161.69
1785804300000,758.36,758.46,758.08,758.16,1865356.54
1785805200000,758.09,758.43,757.84,758.25,3085472.56
1785806100000,758.42,758.54,758.14,758.54,3160125.84
1785807000000,758.55,758.89,758.51,758.89,1769976.02
1785807900000,758.88,759.65,758.87,759.59,11231491.23
1785808800000,759.51,759.6,758.9,759.01,2213903.92
1785809700000,759.01,759.13,758.83,758.96,2860660.38
1785810600000,758.91,759.28,758.9,759.25,1429520.88
1785811500000,759.29,759.32,759.11,759.17,1330926.27
1785812400000,759.17,759.32,758.75,758.76,968525.28
1785813300000,758.81,759.3,758.8,759.19,910804.53
1785814200000,759.21,759.44,759.11,759.11,876261.11
1785815100000,759.16,759.39,759.09,759.35,661346.38
1785816000000,759.36,759.39,759.07,759.19,602842.91
1785816900000,759.19,759.49,759.19,759.46,935597.91
1785817800000,759.44,759.5,759.37,759.44,492118.78
1785818700000,759.43,759.54,759.36,759.36,2914810.57
1785819600000,759.38,759.41,759.15,759.27,371279.31
1785820500000,759.26,759.51,759.21,759.47,1025912.01
1785821400000,759.42,759.79,759.42,759.62,2060006.92
1785822300000,759.62,759.7,759.56,759.7,1475179.36
1785823200000,759.69,759.89,759.62,759.86,2083190.24
1785824100000,759.88,759.88,759.63,759.63,2731385.86
1785825000000,759.62,759.72,759.23,759.29,924267.8
1785825900000,759.34,759.36,759.2,759.36,469252.52
1785826800000,759.35,759.64,759.07,759.16,1271893.62
1785827700000,759.24,759.51,759.22,759.46,1050921.62
1785828600000,759.45,759.7,759.11,759.19,793578.2
1785829500000,759.2,759.63,759.12,759.21,1463248.41
1785830400000,759.33,759.411,758.504,759.33,29205394.84649317
1785831300000,759.273,759.499,759.144,759.241,16833983.619370278
1785832200000,759.0,759.243,758.662,759.0,7171434.09463709
1785833100000,758.72,758.749,758.478,758.603,5330980.35541559
1785834000000,758.24,758.618,758.167,758.23,13718074.75747944
1785834900000,758.19,758.338,758.128,758.27,20076520.37249602
1785835800000,758.306,758.745,758.306,758.681,3157339.92048417
1785836700000,758.7,758.738,758.401,758.55,10810645.13416421
1785837600000,758.624,758.83,758.567,758.744,3215344.95951301
1785838500000,758.7,758.745,758.536,758.58,14556346.5720052
1785839400000,758.52,759.294,758.52,759.255,32626664.852297284
1785840300000,759.535,759.626,759.115,759.28,12452742.11453208
1785841200000,759.29,759.388,759.098,759.29,8357257.0396421
1785842100000,759.3,759.77,759.223,759.77,18882297.77456378
1785843000000,759.61,760.4,759.464,760.37,66730776.84472174
1785843900000,760.27,760.626,760.159,760.28,142583242.2739379
1785844800000,760.37,760.52,760.081,760.34,66773770.96563843
1785845700000,760.12,760.432,760.067,760.4,41889880.98197505
1785846600000,760.33,760.44,760.173,760.3,24082674.38429389
1785847500000,760.428,760.428,760.034,760.058,32629268.123000145
1785848400000,760.08,760.327,759.895,760.28,38004687.97822371
1785849300000,760.27,761.46,760.226,760.88,204353429.3800936
1785850200000,760.63,762.2,760.54,761.77,2177843657.7199564
1785851100000,762.11,763.46,761.779,763.37,1902330494.0374947
1785852000000,763.27,764.85,763.1,764.84,2090815734.6344712
1785852900000,764.85,765.38,764.16,764.5,1674179258.5570443
1785853800000,764.49,765.81,764.12,765.81,1586839153.8710215
1785854700000,765.77,766.41,765.6,766.33,1586739814.906668
1785855600000,766.34,767.14,766.18,766.934,1627608745.4766428
1785856500000,766.932,767.855,766.91,767.343,1804759478.6849327
1785857400000,767.335,768.34,767.17,768.265,1838549991.4465668
1785858300000,768.295,768.9,768.224,768.45,1229053519.6944675
1785859200000,768.431,768.92,768.15,768.27,1786847307.075895
1785860100000,768.27,769.34,768.25,769.205,1540306343.1376326
1785861000000,769.209,770.01,769.02,769.975,1677218436.6137862
1785861900000,770.0,770.33,769.98,770.275,856651884.9809389
1785862800000,770.275,771.295,770.155,771.145,1654138137.2455695
1785863700000,771.203,771.585,770.95,771.252,1444526954.1480424
1785864600000,771.28,772.34,770.96,772.33,1571197336.0598578
1785865500000,772.35,773.08,771.56,771.56,2345223237.4068174
1785866400000,771.56,772.23,771.09,772.22,1394208064.2816882
1785867300000,772.2,772.42,772.0,772.335,959377714.1204835
1785868200000,772.328,772.46,771.43,771.71,1769915705.7594488
1785869100000,771.724,772.26,771.724,772.067,1535212352.6293755
1785870000000,772.07,773.02,772.07,772.889,2881043079.6992235
1785870900000,772.91,773.13,772.12,772.28,1324862866.647556
1785871800000,772.235,773.315,772.15,773.26,2316949362.301301
1785872700000,773.225,773.41,770.96,771.22,7910398895.570085
1785873600000,771.195,772.898,771.132,772.287,6913574293.81686
1785874500000,772.08,772.273,771.099,771.55,967030794.686525
1785875400000,771.5,772.069,771.378,772.03,63531526.53195357
1785876300000,772.1,772.284,771.898,772.2,389700994.3369878
1785877200000,772.01,772.184,771.969,772.01,481718353.6990622
1785878100000,772.0,772.141,771.901,772.135,53711148.3809843
1785879000000,772.12,772.221,772.036,772.13,7731507.11498311
1785879900000,772.17,772.235,772.055,772.13,25334285.30105637
1785880800000,772.22,772.594,771.946,772.5,36897600.63668148
1785881700000,772.62,772.874,772.527,772.61,11758016.83240718
1785882600000,772.783,773.028,772.555,772.555,18257658.327976126
1785883500000,772.566,772.821,772.539,772.821,6746891.68282511
1785884400000,772.85,773.019,772.662,772.85,8769094.30126587
1785885300000,772.966,772.99,772.702,772.703,4016617.0717593
1785886200000,772.46,772.746,772.395,772.65,11213671.28347665
1785887100000,772.647,772.839,772.546,772.631,26375935.64678926
1785888000000,772.59,772.94,772.43,772.94,29359.522
1785888900000,772.88,773.27,772.76,773.26,4157880.86
1785889800000,773.23,773.47,772.93,772.93,8749442.56
1785890700000,772.92,773.3,772.77,773.3,1939504.96
1785891600000,773.23,773.26,772.81,773.19,2342373.72
1785892500000,773.08,773.08,772.67,772.77,2347045.79
1785893400000,772.78,773.25,772.74,773.17,1859890.62
1785894300000,773.15,773.41,773.15,773.3,2389450.56
1785895200000,773.38,773.58,773.23,773.49,1793455.65
1785896100000,773.5,773.6,773.28,773.4,6197934.4
1785897000000,773.38,773.51,773.3,773.51,2544450.78
1785897900000,773.5,773.76,773.5,773.58,1507048.9
1785898800000,773.55,774.07,773.55,773.99,2211029.63
1785899700000,773.98,774.1,773.71,773.71,2172489.31
1785900600000,773.63,774.04,773.58,774.04,1237362.64
1785901500000,774.03,774.13,773.87,774.13,1048802.88
1785902400000,774.13,774.2,773.97,774.0,2623505.82
1785903300000,773.94,774.0,773.67,773.82,1224957.24
1785904200000,773.83,774.09,773.79,774.03,1131539.35
1785905100000,774.02,774.18,773.85,774.12,1176477.18
1785906000000,774.04,774.4,773.99,774.39,1532875.59
1785906900000,774.38,774.51,774.33,774.37,1019897.23
1785907800000,774.4,774.48,774.25,774.46,2294361.97
1785908700000,774.52,774.84,774.48,774.78,2670971.31
1785909600000,774.78,774.88,774.62,774.8,6468094.51
1785910500000,774.8,774.8,774.13,774.14,2508292.71
1785911400000,774.27,774.5,774.26,774.27,2955574.99
1785912300000,774.33,774.69,774.26,774.69,1613132.52
1785913200000,774.69,774.79,774.18,774.29,2903858.55
1785914100000,774.25,774.35,773.97,773.97,1341599.15
1785915000000,773.98,774.07,773.7,773.96,1724999.47
1785915900000,773.96,774.15,773.87,774.15,1719833.09
1785916800000,774.11,774.5,772.822,773.73,75772281.85182963
1785917700000,773.636,773.782,773.143,773.397,9510984.02670149
1785918600000,773.15,773.402,772.99,773.02,9479568.41022245
1785919500000,773.16,773.34,772.95,773.17,6717580.43509281
1785920400000,773.281,773.604,773.185,773.486,6582849.338249629
1785921300000,773.555,773.744,773.293,773.555,7246033.89613627
1785922200000,773.86,774.036,773.733,773.86,16923034.08954435
1785923100000,773.71,773.915,773.606,773.71,6025820.50181899
1785924000000,773.8,773.849,773.634,773.77,7768931.54495613
1785924900000,773.79,774.199,773.727,774.183,8726793.514155915
1785925800000,774.13,774.342,774.062,774.12,10899383.5047953
1785926700000,774.24,774.66,774.138,774.6,42262852.83166916
1785927600000,774.6,774.74,774.41,774.5,35490265.84891537
1785928500000,774.61,774.789,774.3,774.31,72590379.51538241
1785929400000,774.352,774.66,774.18,774.374,44568040.26953658
1785930300000,774.29,774.675,774.12,774.67,61564286.87546943
1785931200000,774.67,775.08,774.63,775.08,38500651.01895131
1785932100000,774.96,775.377,774.86,775.21,52563385.82549495
1785933000000,775.21,775.244,774.527,774.94,55378309.6852
1785933900000,775.096,775.168,774.77,774.845,49116552.94054861
1785934800000,774.843,775.667,774.843,775.458,117598202.36449483
1785935700000,775.49,775.84,775.219,775.84,103977118.4874916
1785936600000,775.86,776.82,775.26,776.46,3097268898.24239
1785937500000,776.52,776.7,774.41,776.69,1774466818.8077974
1785938400000,776.66,776.66,775.0,776.19,1265385067.259331
1785939300000,774.826,774.826,774.826,774.826,1273527221.0441658
1785940200000,774.71,775.02,773.63,774.07,1539221399.569536
1785941100000,774.01,774.82,772.68,773.46,1269625118.7788475
1785942000000,773.525,773.96,773.02,773.045,843981345.6131808
1785942900000,773.08,773.111,771.15,771.72,1458819876.105211
1785943800000,771.69,772.53,771.69,771.968,840150930.7437656
1785944700000,771.975,771.982,770.34,770.692,1256863663.9535909
1785945600000,770.6,770.99,769.91,770.44,1234611986.6094627
1785946500000,770.44,772.09,770.23,772.075,1259557066.1726353
1785947400000,772.1,772.215,771.21,771.605,771171133.8557556
1785948300000,771.636,772.16,771.333,771.846,929883341.5836854
1785949200000,771.847,772.12,771.055,771.545,1214523555.057947
1785950100000,771.43,771.79,771.01,771.33,444361254.1413413
1785951000000,771.33,772.015,771.08,771.71,417520005.38352543
1785951900000,771.7,771.96,771.368,771.54,444108403.82892483
1785952800000,771.552,772.25,771.54,771.81,1335365165.75111
1785953700000,771.806,772.13,771.685,771.902,920451318.4162412
1785954600000,771.94,771.94,771.21,771.57,818171022.5957785
1785955500000,771.6,771.95,771.36,771.395,748097649.2103254
1785956400000,771.375,771.835,771.275,771.74,745695239.4087257
1785957300000,771.75,771.97,771.66,771.803,1430656610.603245
1785958200000,771.8,771.88,771.245,771.505,1332860030.1550896
1785959100000,771.48,771.69,769.53,769.75,3426907147.1014895
1785960000000,769.74,770.98,769.658,770.98,3426245008.9308844
1785960900000,770.84,770.936,770.447,770.68,211111893.7323541
1785961800000,770.65,771.041,770.633,770.99,60878396.50657744
1785962700000,771.029,771.085,770.766,770.805,107597946.97288506
1785963600000,770.803,770.928,770.56,770.56,395799905.90147233
1785964500000,770.56,770.732,770.516,770.611,27758683.67393925
1785965400000,770.66,770.66,770.507,770.52,13981631.46499216
1785966300000,770.506,770.58,770.375,770.49,11696173.67604876
1785967200000,770.79,770.977,770.514,770.79,14737007.9395429
1785968100000,771.24,771.64,770.735,771.24,22152387.28743877
1785969000000,771.616,771.964,771.571,771.786,7978315.65541443
1785969900000,771.67,771.96,771.342,771.67,6140141.67578958
1785970800000,771.43,771.54,771.242,771.43,2115021.74432474
1785971700000,771.537,771.68,771.441,771.495,6785495.48334238
1785972600000,771.493,771.577,771.13,771.233,9146081.960346432
1785973500000,771.231,771.231,770.99,771.098,5324918.82205101
1785974400000,771.0,771.64,770.72,770.89,3994736.12
1785975300000,770.98,771.22,770.69,770.81,3195321.66
1785976200000,770.87,771.12,770.77,770.92,2137701.61
1785977100000,770.99,771.05,770.69,770.7,2483786.54
1785978000000,770.73,770.73,770.27,770.34,3762061.02
1785978900000,770.41,770.41,769.81,769.97,3671036.18
1785979800000,769.96,770.41,769.96,770.07,1516469.38
1785980700000,770.09,770.6,770.07,770.49,3000863.71
1785981600000,770.46,771.33,770.46,771.01,2219537.61
1785982500000,771.08,771.31,771.01,771.06,2225467.71
1785983400000,771.03,771.67,770.87,771.64,1952876.88
1785984300000,771.68,771.73,771.39,771.44,2271574.6
1785985200000,771.52,771.7,771.46,771.47,1482207.75
1785986100000,771.45,771.45,771.0,771.04,1988298.91
1785987000000,771.04,771.21,770.95,771.09,514339.94
1785987900000,771.15,771.33,771.05,771.28,341628.46
1785988800000,771.34,771.34,770.95,771.12,1110410.86
1785989700000,771.22,771.47,771.15,771.36,627822.89
1785990600000,771.5,771.51,771.01,771.01,529807.11
1785991500000,771.03,771.27,771.02,771.25,923841.16
1785992400000,771.25,771.51,771.17,771.3,1436143.26
1785993300000,771.3,771.47,771.18,771.31,524486.54
1785994200000,771.26,771.37,771.13,771.23,1034192.72
1785995100000,771.35,771.47,771.07,771.47,1142342.22
1785996000000,771.47,771.47,770.59,770.59,442613.17
1785996900000,770.63,771.14,770.39,771.14,946326.94
1785997800000,771.07,771.07,770.53,770.67,1382729.86
1785998700000,770.74,770.92,770.62,770.92,462422.51
1785999600000,771.03,771.44,770.77,771.33,1371384.32
1786000500000,771.36,771.4,771.01,771.09,756603.82
1786001400000,771.06,771.06,770.53,770.62,1044448.69
1786002300000,770.59,770.86,770.48,770.73,916426.11
1786003200000,770.48,771.057,770.112,770.45,33053600.10104545
1786004100000,770.79,771.015,770.216,770.79,3693068.94786563
1786005000000,771.33,771.33,771.017,771.19,4028350.55891937
1786005900000,771.14,771.525,771.006,771.46,7576416.19006806
1786006800000,771.455,771.455,770.579,770.598,4467974.19502747
1786007700000,770.597,771.139,770.591,771.032,3538354.56978329
1786008600000,771.034,771.191,770.891,771.117,1808853.70170894
1786009500000,771.2,771.699,771.116,771.66,5440638.48249508
1786010400000,771.63,771.674,771.316,771.63,2929218.89806933
1786011300000,771.4,771.589,771.244,771.4,2347790.13076171
1786012200000,771.42,771.539,770.964,771.095,4457738.66876165
1786013100000,771.04,771.154,770.9,771.04,3704471.70265427
1786014000000,771.143,771.143,770.076,770.539,60907380.20073086
1786014900000,770.88,771.2,770.546,770.88,13110887.6488776
1786015800000,771.205,771.515,771.172,771.223,7428922.91842332
1786016700000,771.18,771.29,770.461,770.57,56029576.46892371
1786017600000,770.6,770.967,770.361,770.45,54600955.85986405
1786018500000,770.86,770.985,770.236,770.86,14037589.29477462
1786019400000,771.01,771.122,770.598,771.05,24025126.72684921
1786020300000,770.68,770.924,770.303,770.42,70846888.0800093
1786021200000,770.43,770.454,769.829,769.945,33821301.36430085
1786022100000,769.95,770.394,769.87,770.18,177586908.6057932
1786023000000,770.22,770.885,769.07,770.486,1144685512.4153283
1786023900000,770.51,771.51,770.489,770.885,783955583.0069829
1786024800000,771.03,771.76,770.655,771.52,711697220.9436855
1786025700000,771.535,771.81,770.09,770.43,686176868.2840439
1786026600000,770.355,770.97,769.65,770.171,1115134646.842852
1786027500000,770.745,770.995,770.7,770.995,1008074671.6869736
1786028400000,771.0,771.205,769.94,769.96,1035679520.602932
1786029300000,769.96,770.1,768.63,769.24,988339427.8928095
1786030200000,769.25,769.384,768.32,768.32,851854591.841112
1786031100000,768.373,769.78,767.99,768.125,1442634355.4705417
1786032000000,768.089,768.53,767.755,767.97,818140556.2177731
1786032900000,767.98,768.485,767.5,768.24,1632360365.3642797
1786033800000,768.26,768.89,768.08,768.08,624626125.2823818
1786034700000,768.11,769.04,767.94,768.94,433380996.6799422
1786035600000,768.972,769.17,768.1,768.172,821436570.2515237
1786036500000,768.167,768.42,767.84,767.853,693119922.2472429
1786037400000,767.83,768.28,767.72,768.08,567501139.037724
1786038300000,768.14,768.65,767.95,768.65,685326641.5544164
1786039200000,768.66,769.24,768.52,769.18,727699122.7162976
1786040100000,769.179,769.71,768.6,769.411,1200250483.2338777
1786041000000,769.435,769.47,768.56,768.77,548970935.1546222
1786041900000,768.77,769.16,768.73,768.92,622603279.3270975
1786042800000,768.97,769.78,768.958,769.32,765593355.8784676
1786043700000,769.33,769.49,768.61,768.65,1037293171.1868012
1786044600000,768.64,768.99,768.09,768.27,1377174882.6743352
1786045500000,768.31,768.875,767.7,768.63,3844405815.6578293
1786046400000,768.53,769.073,768.517,768.84,3388384776.808415
1786047300000,768.9,768.903,767.922,768.12,301354306.0260528
1786048200000,768.15,768.175,767.911,768.16,69175270.4341133
1786049100000,768.06,768.257,768.017,768.188,53921598.239681244
1786050000000,768.16,768.335,768.135,768.16,111620793.77252783
1786050900000,768.28,768.31,768.125,768.302,12227256.51337809
1786051800000,768.14,768.296,768.003,768.14,14161373.93690235
1786052700000,768.119,768.336,768.119,768.335,104651591.02594586
1786053600000,768.335,768.977,768.047,768.971,36026238.318443395
1786054500000,768.971,769.042,768.648,768.66,71866412.42262188
1786055400000,768.6,768.673,768.354,768.6,3667642.10041432
1786056300000,768.63,768.82,768.575,768.63,3857458.27761478
1786057200000,768.807,768.834,768.67,768.69,4296228.86784258
1786058100000,768.69,769.008,768.69,768.808,3858364.78500672
1786059000000,768.809,768.974,768.77,768.972,3774755.36021209
1786059900000,769.07,769.094,768.87,769.06,8702478.88774776
1786060800000,768.7,769.51,768.7,769.1,7689.72
1786061700000,769.05,769.05,768.27,768.3,2849177.69
1786062600000,768.31,769.15,768.31,768.77,2288039.67
1786063500000,768.82,768.98,768.34,768.83,3322622.11
1786064400000,768.91,769.0,768.37,768.44,942517.15
1786065300000,768.38,768.64,768.06,768.58,3139625.07
1786066200000,768.79,769.16,768.23,768.54,2396468.38
1786067100000,768.56,768.73,768.34,768.5,1415506.47
1786068000000,768.51,768.78,768.22,768.56,1618646.12
1786068900000,768.63,768.69,768.49,768.49,910744.77
1786069800000,768.43,768.43,767.98,768.3,1640834.65
1786070700000,768.24,768.62,768.22,768.5,551014.96
1786071600000,768.56,768.66,768.45,768.47,993771.9
1786072500000,768.54,768.54,768.2,768.41,779813.01
1786073400000,768.39,768.51,768.28,768.29,187488.98
1786074300000,768.26,768.4,768.16,768.17,1388944.91
1786075200000,768.23,768.25,768.07,768.07,1535682.63
1786076100000,768.05,768.48,767.81,768.39,970067.37
1786077000000,768.35,768.57,768.24,768.29,1247086.94
1786077900000,768.21,768.4,768.18,768.38,1289915.98
1786078800000,768.43,768.97,768.39,768.74,893975.59
1786079700000,768.66,768.81,768.63,768.7,383598.41
1786080600000,768.7,768.7,768.47,768.56,964577.51
1786081500000,768.56,768.63,768.51,768.55,901523.92
1786082400000,768.52,769.06,768.43,769.06,1218671.96
1786083300000,769.07,769.25,768.92,769.23,2294030.46
1786084200000,769.23,769.23,768.77,768.77,763636.36
1786085100000,768.74,769.07,768.72,769.07,1249499.32
1786086000000,769.11,769.48,768.89,769.48,1931384.08
1786086900000,769.4,769.42,769.25,769.42,601631.97
1786087800000,769.4,769.52,769.23,769.42,2198894.22
1786088700000,769.34,769.4,769.14,769.33,830091.44
1786089600000,769.45,769.898,769.037,769.88,31016498.3703225
1786090500000,769.57,769.917,769.5,769.57,7440991.13215858
1786091400000,769.648,769.979,769.48,769.659,3587864.67943862
1786092300000,769.658,769.819,769.621,769.819,111119399.02358226
1786093200000,769.82,770.059,769.735,769.987,5367047.93186626
1786094100000,769.986,770.119,769.787,769.972,4828371.1078757
1786095000000,769.971,770.124,769.915,769.977,2879220.59407832
1786095900000,769.976,770.097,769.845,769.882,4587104.396097208
1786096800000,769.95,769.99,769.841,769.95,4755061.86962884
1786097700000,769.833,769.964,769.691,769.964,4079607.89466046
1786098600000,769.966,770.156,769.927,770.156,9108337.51942034
1786099500000,769.98,770.173,769.796,769.92,15967312.40958792
1786100400000,770.11,770.442,769.925,770.4,9080014.70221887
1786101300000,770.36,770.739,770.281,770.66,19514551.98671671
1786102200000,770.7,770.93,770.603,770.88,22337759.58562737
1786103100000,770.78,770.876,770.142,770.79,35378056.5257531
1786104000000,770.164,770.76,770.076,770.585,33131532.83631303
1786104900000,770.59,771.1,770.36,770.37,57940490.42531365
1786105800000,771.42,772.8,770.847,772.49,375785284.91768366
1786106700000,772.72,773.1,772.453,772.7,120140784.87013827
1786107600000,772.71,772.738,771.26,771.26,132535766.02388187
1786108500000,771.374,771.46,770.675,770.788,177117804.34327483
1786109400000,770.99,772.06,770.655,771.98,358223585.53856194
1786110300000,771.99,772.35,770.46,771.026,319154131.02421105
1786111200000,771.105,771.6,769.61,769.87,1051531327.6728361
1786112100000,769.87,773.28,769.715,773.135,1197318346.365274
1786113000000,773.17,773.35,771.72,771.93,932744562.6046561
1786113900000,771.816,772.97,771.816,772.814,756063880.6116558
1786114800000,772.823,773.36,772.4,773.076,1883276629.9117918
1786115700000,773.09,773.89,772.775,773.65,781379195.3051052
1786116600000,773.73,773.91,772.91,773.16,986403810.0462847
1786117500000,773.17,773.62,772.85,773.05,540627746.3829502
1786118400000,773.019,773.365,772.76,773.04,759568959.2487351
1786119300000,772.98,773.29,771.34,771.633,998397044.9841442
1786120200000,771.735,772.63,771.06,772.57,1452136603.5144992
1786121100000,772.65,772.87,771.965,771.965,839213726.2343843
1786122000000,771.98,772.38,771.77,772.07,413782375.6906686
1786122900000,772.053,772.39,771.785,772.106,496498266.708348
1786123800000,772.105,772.387,771.73,772.181,480093167.46002257
1786124700000,772.17,772.46,772.0,772.27,358573486.9492383
1786125600000,772.165,772.28,771.455,771.55,910450059.2704067
1786126500000,771.57,771.82,771.44,771.46,533904161.1364973
1786127400000,771.46,771.64,770.9,770.95,745288616.7418538
1786128300000,770.951,771.78,770.915,771.528,862714705.8860666
1786129200000,771.71,773.05,771.556,772.88,1232840681.091876
1786130100000,772.915,773.42,772.82,773.07,1077593761.148765
1786131000000,773.08,773.095,772.52,772.56,1307481673.1012743
1786131900000,772.589,773.78,772.54,773.21,3120557829.1913753
1786132800000,773.17,773.34,772.696,772.863,7454500752.131587
1786133700000,772.83,772.93,772.55,772.55,96167686.87073795
1786134600000,772.75,772.955,772.589,772.87,110623142.1020565
1786135500000,772.83,773.104,772.788,772.99,67627635.08304039
1786136400000,773.038,773.075,772.97,773.008,150190519.136904
1786137300000,773.009,773.009,772.985,772.99,27746519.31056095
1786138200000,772.988,772.988,772.94,772.965,503752047.74763066
1786139100000,772.965,772.974,772.926,772.941,4912511.55694627
1786140000000,773.07,773.08,772.94,773.07,3134808.56888118
1786140900000,773.005,773.139,773.005,773.094,1625645.9597031164
1786141800000,773.095,773.215,773.052,773.215,1820835.99278376
1786142700000,772.93,773.23,772.847,772.93,6309444.3653204
1786143600000,772.996,773.095,772.911,773.095,2512377.81004905
1786144500000,773.095,773.228,773.055,773.129,3587610.67641613
1786145400000,773.13,773.179,773.1,773.159,4407830.037613859
1786146300000,773.159,773.39,773.159,773.374,5787788.515177314
1786154400000,773.54,773.54,773.54,773.54,47.804772
1786161600000,774.07,774.07,773.39,773.39,251.310149
1786165200000,773.39,773.39,773.39,773.39,42.227094
1786166100000,773.53,773.53,773.38,773.38,259.030682
1786172400000,773.24,773.36,773.24,773.36,260.197276
1786177800000,773.21,773.21,773.21,773.21,10.979582
1786178700000,773.21,773.21,773.21,773.21,193.147858
1786192200000,773.21,773.36,773.11,773.11,571.256554
1786193100000,773.07,773.18,773.07,773.18,286.046625
1786194000000,773.06,773.06,773.06,773.06,99.956658
1786197600000,773.18,773.18,773.18,773.18,27.989116
1786200300000,773.06,773.06,773.06,773.06,205.170124
1786203000000,773.03,773.03,773.03,773.03,13.91454
1786208400000,773.18,773.18,773.03,773.03,208.661047
1786210200000,773.18,773.18,773.18,773.18,10.979156
1786211100000,773.18,773.18,773.18,773.18,24.973714
1786225500000,773.18,773.18,773.18,773.18,12.448198
1786226400000,773.18,773.22,773.18,773.22,99.976422
1786228200000,773.22,773.22,772.99,772.99,158.71994
1786248900000,772.97,772.97,772.97,772.97,513.715862
1786257000000,773.22,773.22,773.22,773.22,95.87928
1786264200000,773.24,773.24,773.24,773.24,10.05212
1786270500000,773.24,773.24,773.24,773.24,87.530768
1786276800000,773.22,773.22,772.93,772.93,205.564485
1786280400000,772.8,772.8,772.8,772.8,15.99696
1786284000000,772.8,772.8,772.75,772.75,97.217445
1786284900000,773.24,773.42,773.24,773.42,236.94374
1786291200000,773.4,773.4,773.4,773.4,10.98228
1786296600000,773.4,773.4,773.4,773.4,8.97144
1786305600000,773.25,773.25,773.25,773.25,200.039775
1786306500000,772.77,772.88,772.77,772.88,1923.667361
1786313700000,772.75,772.75,772.75,772.75,27.2008
1786316400000,772.88,772.88,772.33,772.33,178.366527
1786320000000,772.01,773.14,771.8,773.04,15521149.39
1786320900000,773.03,773.03,772.4,772.49,4434011.65
1786321800000,772.47,772.66,772.23,772.23,2518790.27
1786322700000,772.29,772.6,772.27,772.36,2530486.52
1786323600000,772.43,773.01,772.32,772.99,4302664.3
1786324500000,773.02,773.35,773.0,773.3,3445109.42
1786325400000,773.24,773.36,772.94,773.25,1601981.7
1786326300000,773.3,773.44,773.3,773.4,2866956.47
1786327200000,773.43,773.48,773.28,773.28,2984440.39
1786328100000,773.26,773.31,773.11,773.31,1172151.86
1786329000000,773.3,773.52,773.21,773.51,1862358.7
1786329900000,773.52,773.59,773.47,773.55,846281.84
1786330800000,773.54,773.56,773.43,773.46,689952.41
1786331700000,773.46,773.63,773.41,773.62,577071.92
1786332600000,773.57,773.86,773.54,773.84,1441524.18
1786333500000,773.85,773.91,773.63,773.71,4577008.7
1786334400000,773.72,773.88,773.57,773.83,848798.07
1786335300000,773.9,774.04,773.9,773.98,3680237.47
1786336200000,773.99,773.99,773.73,773.88,684112.4
1786337100000,773.99,774.21,773.95,773.95,537155.57
1786338000000,774.08,774.35,774.08,774.29,2956212.73
1786338900000,774.3,774.35,774.22,774.23,1321731.05
1786339800000,774.24,774.31,774.16,774.24,642621.4
1786340700000,774.25,774.46,774.2,774.4,1096512.5
1786341600000,774.38,774.58,774.38,774.51,1260056.47
1786342500000,774.52,774.55,773.82,773.88,1642889.05
1786343400000,773.83,774.03,773.8,773.87,854408.79
1786344300000,773.88,774.12,773.88,774.09,709778.82
1786345200000,774.05,774.2,773.71,773.83,1623912.08
1786346100000,773.84,774.52,773.83,774.52,784952.44
1786347000000,774.49,774.71,774.46,774.66,1388843.14
1786347900000,774.73,774.89,774.38,774.48,1457964.97
1786348800000,774.585,774.663,773.568,774.44,34879517.43441691
1786349700000,774.5,774.597,774.258,774.27,4577637.71422847
1786350600000,774.413,774.635,774.36,774.418,3299269.12897934
1786351500000,774.417,774.524,774.306,774.507,1928632.80602073
1786352400000,774.509,774.56,774.416,774.52,2657768.02301751
1786353300000,774.56,774.624,774.402,774.56,5492056.03454769
1786354200000,774.52,774.68,774.214,774.52,2836931.28473753
1786355100000,774.26,774.329,774.237,774.3,6431341.53958174
1786356000000,774.249,774.4,774.009,774.035,8953437.156458037
1786356900000,774.034,774.405,774.025,774.366,1828748.3056905
1786357800000,774.34,774.369,773.829,774.21,6223708.29454147
1786358700000,773.86,774.091,773.755,773.86,6907164.80292721
1786359600000,773.76,773.934,773.191,773.22,22941604.00213786
1786360500000,773.336,773.886,773.331,773.882,14584258.492252313
1786361400000,773.95,774.008,773.74,773.74,91057774.3666373
1786362300000,773.56,773.783,773.41,773.44,68462768.44443254
1786363200000,773.68,773.866,773.435,773.85,21441917.9929942
1786364100000,773.38,773.459,772.978,773.21,24574742.99996484
1786365000000,773.09,773.189,772.64,772.82,77818511.7088795
1786365900000,772.55,772.868,772.502,772.58,17963029.76093711
1786366800000,772.8,773.015,772.637,772.86,27343534.68094775
1786367700000,773.04,773.04,772.375,772.48,71429510.59747823
1786368600000,772.6,773.63,772.52,772.67,1632141226.075015
1786369500000,772.67,773.51,772.49,773.48,1192381672.0649076
1786370400000,773.48,774.27,773.39,774.215,1524870351.8383882
1786371300000,774.27,774.47,773.77,774.385,1072331205.5725459
1786372200000,774.365,774.7,774.18,774.568,1257877338.4779904
1786373100000,774.574,775.02,773.51,773.52,1842922280.2571185
1786374000000,773.57,774.03,773.3,773.8,835679745.3772978
1786374900000,773.8,774.18,773.42,773.75,579289445.769133
1786375800000,773.74,773.84,773.18,773.77,587978766.5267575
1786376700000,773.781,774.38,773.495,774.326,878148580.5819675
1786377600000,774.327,774.435,773.79,773.79,576878669.5288807
1786378500000,773.74,773.915,773.34,773.36,561858562.9669334
1786379400000,773.37,773.49,771.91,772.155,1338953047.9155912
1786380300000,772.16,772.95,771.97,772.95,560100266.2831998
1786381200000,772.939,773.24,772.525,773.101,709638432.9691942
1786382100000,773.13,773.27,772.88,773.11,425783847.1764281
1786383000000,773.115,773.26,772.62,772.66,396938317.9752237
1786383900000,772.635,772.81,772.5,772.735,468202450.5419542
1786384800000,772.72,773.06,772.63,772.66,577472289.2465225
1786385700000,772.666,772.76,772.49,772.534,1037304730.8446546
1786386600000,772.53,772.91,772.315,772.895,1204611630.8352168
1786387500000,772.89,773.32,772.74,773.19,698307516.367481
1786388400000,773.22,773.4,773.055,773.29,715791964.0027751
1786389300000,773.29,773.44,772.87,772.95,688000696.3611718
1786390200000,772.917,773.29,772.72,773.112,1026777433.0313336
1786391100000,773.09,773.23,772.31,773.07,3488829963.472885
1786392000000,773.07,773.07,772.8,772.82,5046588226.217159
1786392900000,772.81,772.969,772.628,772.82,210079106.59681663
1786393800000,772.92,772.95,772.813,772.92,15813565.92594067
1786394700000,772.947,773.113,772.933,773.036,469436522.95155334
1786395600000,773.036,773.063,772.901,773.0,49147078.70644368
1786396500000,773.01,773.05,772.971,773.01,27137752.51701364
1786397400000,773.043,773.157,773.043,773.142,4091099.9574171
1786398300000,772.89,773.145,772.89,772.89,8981895.99286198
1786399200000,773.29,773.337,773.035,773.04,6459601.69646282
1786400100000,772.74,773.094,772.695,772.79,13121115.67954732
1786401000000,772.66,772.758,772.46,772.51,6623893.89206627
1786401900000,772.553,772.66,772.525,772.655,1096816.25537579
1786402800000,772.656,772.696,772.541,772.564,7212929.051703609
1786403700000,772.566,772.57,772.252,772.27,2407369.66127513
1786404600000,772.27,772.489,772.227,772.475,1767112.13252521
1786405500000,772.46,772.597,772.033,772.46,8291631.59508448
1786406400000,772.392,773.08,772.13,773.08,5642903.24
1786407300000,772.91,773.25,772.75,773.17,2396890.21
1786408200000,773.16,773.38,773.09,773.35,1607433.36
1786409100000,773.38,773.48,773.3,773.4,2017010.47
1786410000000,773.32,773.9,773.15,773.81,2856445.88
1786410900000,773.85,774.01,773.61,773.84,3343826.3
1786411800000,773.86,773.88,773.68,773.74,3792249.0
1786412700000,773.76,773.97,773.67,773.67,4593385.16
1786413600000,773.68,773.78,773.62,773.67,1777121.14
1786414500000,773.71,773.87,773.7,773.86,1979232.17
1786415400000,773.84,773.99,773.84,773.96,2808500.63
1786416300000,773.96,773.99,773.79,773.8,626032.93
1786417200000,773.81,774.0,773.81,773.94,671025.38
1786418100000,773.93,774.25,773.91,774.21,1378605.88
1786419000000,774.23,774.27,774.07,774.17,497035.02
1786419900000,774.06,774.19,774.04,774.04,1578412.52
1786420800000,774.04,774.19,774.0,774.12,402532.07
1786421700000,774.16,774.24,774.05,774.24,617734.46
1786422600000,774.18,774.31,774.09,774.09,726943.98
1786423500000,774.1,774.18,774.05,774.1,268616.95
1786424400000,774.09,774.19,774.01,774.19,860803.29
1786425300000,774.2,774.21,773.87,773.96,860719.02
1786426200000,773.8,773.99,773.72,773.86,578887.78
1786427100000,773.88,773.91,773.43,773.5,1072197.64
1786428000000,773.49,773.79,773.46,773.77,711768.0
1786428900000,773.7,773.72,772.91,772.91,1422077.96
1786429800000,772.81,773.22,772.51,773.15,1238075.3
1786430700000,773.15,773.17,772.71,772.71,1221227.45
1786431600000,773.04,773.13,772.67,772.9,572648.62
1786432500000,772.78,772.92,772.53,772.84,586466.26
1786433400000,772.92,773.15,772.86,772.87,636205.88
1786434300000,772.93,773.04,772.79,773.01,1116144.47
1786435200000,773.24,773.394,772.511,773.24,24347322.9437455
1786436100000,772.49,772.84,772.454,772.49,8029667.98673175
1786437000000,772.713,772.99,772.536,772.99,3662093.7643794
1786437900000,772.992,773.051,772.84,772.899,2557469.00996957
1786438800000,773.0,773.0,772.585,773.0,1933782.8069081
1786439700000,772.786,773.166,772.786,773.058,3429471.20878081
1786440600000,773.062,773.405,773.062,773.246,1911876.79119466
1786441500000,773.2,773.344,773.141,773.2,1575748.42230918
1786442400000,773.18,773.204,773.002,773.002,2487442.92611904
1786443300000,773.14,774.102,772.95,773.33,7280396.89685456
1786444200000,773.96,773.966,773.641,773.81,3387291.38293215
1786445100000,773.816,773.994,773.816,773.848,5331755.309249683
1786446000000,773.862,774.911,773.862,774.73,88434782.56134303
1786446900000,774.41,774.764,774.102,774.26,15191988.16058932
1786447800000,774.17,774.268,774.0,774.09,21185745.51197051
1786448700000,774.3,774.412,774.098,774.22,27901663.62281226
1786449600000,774.4,774.577,774.191,774.49,39549598.62358798
1786450500000,774.59,774.833,773.953,773.97,95235162.66603869
1786451400000,774.16,774.451,774.008,774.321,16299309.19854236
1786452300000,774.37,774.37,774.085,774.17,20423388.82583546
1786453200000,774.15,774.51,774.079,774.08,24341344.16360607
1786454100000,774.154,774.633,774.0,774.53,92971430.003696
1786455000000,774.54,774.54,772.89,773.36,1203982098.543114
1786455900000,773.33,773.64,772.58,773.64,934285335.473
1786456800000,773.61,774.05,773.53,773.755,802627174.0285515
1786457700000,773.715,773.94,773.35,773.885,660873350.6697941
1786458600000,773.894,773.9,773.22,773.369,688407706.720838
1786459500000,773.37,774.04,773.364,773.64,830505499.9985213
1786460400000,773.66,773.79,772.57,772.67,796102540.1614621
1786461300000,772.65,772.85,772.195,772.42,694598673.5843643
1786462200000,772.441,772.541,771.775,772.142,929806945.1290847
1786463100000,772.148,772.235,771.785,772.031,728612808.2418661
1786464000000,772.06,772.39,771.92,771.96,858262711.5770785
1786464900000,771.97,772.435,771.38,771.84,1517242293.9175599
1786465800000,771.8,772.01,771.45,771.57,618957836.0658852
1786466700000,771.59,771.59,771.04,771.135,958325974.549739
1786467600000,771.131,771.21,770.3,770.353,675595071.939038
1786468500000,770.36,771.01,770.334,770.85,487689436.180598
1786469400000,770.84,771.29,770.73,771.26,482398838.70329314
1786470300000,771.25,771.35,771.12,771.245,354029162.8601362
1786471200000,771.18,771.234,770.66,770.845,590253079.5954314
1786472100000,770.84,770.905,769.415,769.505,674076464.4533567
1786473000000,769.535,770.225,769.535,769.78,1178160397.331882
1786473900000,769.785,770.46,769.785,770.1,531485090.99620515
1786474800000,770.08,770.37,769.86,770.22,559277414.1490997
1786475700000,770.25,770.68,770.16,770.59,794536345.1453142
1786476600000,770.611,771.1,770.6,770.725,1020649921.6018729
1786477500000,770.68,770.708,769.8,770.41,3124220314.7709246
1786478400000,770.61,770.735,770.21,770.46,4714939987.185737
1786479300000,770.78,771.125,770.654,770.74,335185858.79225504
1786480200000,771.13,771.19,771.01,771.05,156219921.86102867
1786481100000,771.09,771.09,770.73,770.779,216661948.3907158
1786482000000,770.78,771.028,770.762,770.874,239538255.81915432
1786482900000,770.873,770.911,770.829,770.881,15553179.0522669
1786483800000,770.881,770.881,770.78,770.809,3203547.01424606
1786484700000,770.809,770.862,770.72,770.771,38507537.41525663
1786485600000,770.85,770.952,770.61,770.95,55478985.31527381
1786486500000,770.95,770.969,770.849,770.93,11019245.69495608
1786487400000,770.89,770.9,770.615,770.79,14505878.30720076
1786488300000,770.585,770.78,770.527,770.71,6838596.91348219
1786489200000,770.711,770.801,770.641,770.685,3161715.798419397
1786490100000,770.683,770.826,770.676,770.821,3557875.2684298847
1786491000000,770.63,770.82,770.63,770.63,2206684.40699599
1786491900000,770.71,770.98,770.647,770.9,13305961.68001669
1786492800000,770.88,770.976,770.42,770.73,6404988.15
1786493700000,770.75,771.0,770.64,770.89,3239915.8
1786494600000,770.79,770.92,770.67,770.76,1061397.52
1786495500000,770.75,770.82,770.59,770.78,2344547.26
1786496400000,770.75,770.9,770.63,770.77,1126938.79
1786497300000,770.75,770.75,770.45,770.59,3437474.99
1786498200000,770.6,770.71,770.47,770.71,1093533.1
1786499100000,770.72,770.79,770.42,770.5,634180.25
1786500000000,770.61,770.69,770.5,770.66,633453.96
1786500900000,770.67,770.84,770.62,770.79,605809.95
1786501800000,770.82,770.97,770.81,770.91,749314.51
1786502700000,770.92,771.09,770.91,771.09,1317673.87
1786503600000,771.13,771.2,771.07,771.17,512805.66
1786504500000,771.13,771.15,771.0,771.12,906769.66
1786505400000,771.1,771.1,770.96,770.96,1276009.1
1786506300000,771.04,771.09,770.98,771.0,346188.99
1786507200000,771.09,771.15,771.03,771.09,348538.79
1786508100000,771.11,771.18,771.0,771.16,1327856.94
1786509000000,771.14,771.15,770.99,771.09,703976.63
1786509900000,771.06,771.32,771.01,771.31,1427552.02
1786510800000,771.27,771.28,771.07,771.07,441101.65
1786511700000,771.01,771.07,770.86,771.02,1527338.51
1786512600000,771.08,771.25,771.08,771.1,869871.4
1786513500000,771.1,771.29,771.1,771.25,330841.28
1786514400000,771.27,771.31,771.0,771.01,305408.5
1786515300000,771.06,771.18,770.98,771.18,364705.93
1786516200000,771.17,771.38,771.16,771.17,756587.11
1786517100000,771.2,771.46,771.2,771.45,1160145.77
1786518000000,771.49,771.7,771.45,771.54,2360179.79
1786518900000,771.58,771.58,771.28,771.41,552347.92
1786519800000,771.37,771.6,771.35,771.6,491431.7
1786520700000,771.4,771.47,771.27,771.32,644873.9
1786521600000,771.54,771.77,770.97,771.77,38245423.85831196
1786522500000,771.688,771.8,771.64,771.708,4738180.11384544
1786523400000,771.62,771.717,771.365,771.62,7543648.49488972
1786524300000,771.56,771.874,771.53,771.82,1807306.6042394
1786525200000,771.94,772.035,771.771,771.94,4414874.80934709
1786526100000,771.998,772.817,771.976,772.328,10395510.87227999
1786527000000,772.326,772.549,772.325,772.455,3714651.47121851
1786527900000,772.455,772.56,772.026,772.155,3740179.0784742
1786528800000,772.152,772.466,772.152,772.426,3480330.29253759
1786529700000,772.46,772.486,772.34,772.34,20068877.51875891
1786530600000,772.344,772.503,772.29,772.468,1469979.30770393
1786531500000,772.0,772.474,771.967,772.09,38083402.6196589
1786532400000,772.12,772.45,772.12,772.42,32261081.11329676
1786533300000,772.05,772.209,772.01,772.01,10502063.10518631
1786534200000,772.2,772.384,772.088,772.21,17986301.00600015
1786535100000,772.37,772.67,772.34,772.6,71804710.8258365
1786536000000,772.58,772.84,772.396,772.5,132680488.70048967
1786536900000,772.53,773.417,772.39,773.07,94098576.1329633
1786537800000,773.69,774.174,771.73,773.92,283298297.22697407
1786538700000,773.871,773.985,773.519,773.985,80299796.69503179
1786539600000,773.988,774.21,773.881,774.063,54375729.582571395
1786540500000,774.17,774.7,774.061,774.67,152084384.43909276
1786541400000,774.71,774.85,772.475,772.81,1723423480.4993777
1786542300000,772.85,773.66,772.085,772.64,1218337350.8377402
1786543200000,772.61,772.79,771.89,772.4,1006014422.6286459
1786544100000,772.386,773.315,772.25,772.709,752718815.1476454
1786545000000,772.79,773.1,771.29,773.04,815007080.7046695
1786545900000,773.04,773.19,771.81,772.32,640308883.417767
1786546800000,772.235,772.41,771.72,772.16,565505482.1955075
1786547700000,772.1,772.31,771.72,772.31,617593918.7735163
1786548600000,772.317,772.45,771.575,771.798,835220874.3677243
1786549500000,771.799,772.148,771.77,772.03,380456448.97294766
1786550400000,772.025,772.605,771.97,772.49,594662671.3943985
1786551300000,772.54,772.65,772.35,772.46,491540030.7494971
1786552200000,772.42,772.9,772.18,772.72,512892850.92034006
1786553100000,772.713,773.19,772.58,772.922,658018846.802158
1786554000000,772.921,773.295,772.8,773.003,566044933.2066562
1786554900000,773.0,773.015,772.625,772.76,486768870.4098744
1786555800000,772.79,772.98,772.715,772.865,497262623.53833306
1786556700000,772.85,772.98,772.64,772.825,374210424.1421331
1786557600000,772.85,773.205,772.78,773.12,438471209.7646487
1786558500000,773.124,773.3,772.97,773.089,702352223.7527905
1786559400000,773.11,773.64,773.089,773.51,490619141.7623348
1786560300000,773.525,773.612,773.06,773.06,569927527.5066197
1786561200000,773.03,773.365,773.01,773.075,715119171.5768361
1786562100000,773.06,773.211,772.8,772.975,769697311.8217633
1786563000000,772.964,773.03,772.56,772.826,857337354.4827542
1786563900000,772.86,773.01,772.0,772.55,2173749410.947642
1786564800000,772.56,773.258,772.51,772.71,3800083590.933292
1786565700000,772.72,772.826,772.258,772.3,1132715533.9257066
1786566600000,772.32,772.385,772.28,772.34,113638658.51271352
1786567500000,772.342,772.369,772.217,772.232,211869317.64541402
1786568400000,772.22,772.34,772.21,772.22,112224503.2845558
1786569300000,772.34,772.554,772.335,772.5,32054310.75610962
1786570200000,772.5,772.548,772.5,772.535,10059749.11816475
1786571100000,772.51,772.59,772.51,772.54,18595516.68326586
1786572000000,772.567,772.64,772.367,772.451,90617788.68081251
1786572900000,772.41,772.49,772.297,772.35,30820723.81538837
1786573800000,772.386,772.386,772.207,772.335,3072241.07233052
1786574700000,772.335,772.402,772.328,772.35,2556596.912509
1786575600000,772.348,772.623,772.34,772.613,1994751.26044963
1786576500000,772.614,772.655,772.54,772.564,5941053.94332721
1786577400000,772.58,772.595,772.433,772.58,8657911.56086825
1786578300000,772.28,772.545,772.251,772.28,11842427.88548308
1786579200000,772.347,772.9,772.347,772.62,5576979.33
1786580100000,772.7,772.89,772.5,772.51,5839413.08
1786581000000,772.53,772.66,772.36,772.51,5543379.34
1786581900000,772.47,772.65,772.43,772.46,1517980.91
1786582800000,772.63,772.63,772.22,772.24,5534392.84
1786583700000,772.24,772.29,772.06,772.11,2118067.9
1786584600000,772.22,772.41,772.17,772.33,1370048.1
1786585500000,772.33,772.67,772.28,772.61,1442310.87
1786586400000,772.63,772.8,772.61,772.78,2218460.21
1786587300000,772.81,772.87,772.65,772.65,540184.34
1786588200000,772.65,772.95,772.46,772.93,652923.69
1786589100000,772.93,772.94,772.84,772.9,1163172.05
1786590000000,772.84,772.92,772.8,772.92,589671.3
1786590900000,772.91,772.97,772.85,772.96,884245.56
1786591800000,772.94,773.01,772.89,773.01,917497.18
1786592700000,773.02,773.11,773.02,773.05,896754.55
1786593600000,773.08,773.24,772.99,773.0,1880257.63
1786594500000,772.97,773.11,772.84,773.11,384932.72
1786595400000,773.08,773.2,773.05,773.08,1349115.82
1786596300000,773.09,773.29,773.09,773.19,811101.3
1786597200000,773.14,773.53,773.14,773.52,2849082.5
1786598100000,773.51,773.55,773.43,773.55,2135634.96
1786599000000,773.55,773.61,773.39,773.39,2342130.62
1786599900000,773.46,773.5,773.25,773.25,2082731.09
1786600800000,773.3,773.44,773.15,773.38,3291872.93
1786601700000,773.39,773.52,773.35,773.41,1067319.47
1786602600000,773.41,773.46,773.05,773.05,742289.81
1786603500000,773.04,773.3,773.01,773.29,923907.64
1786604400000,773.4,773.46,772.96,773.04,1544583.74
1786605300000,773.08,773.31,772.95,773.29,1316595.31
1786606200000,773.32,773.5,773.26,773.5,696812.07
1786607100000,773.51,773.58,773.35,773.37,2069724.03
1786608000000,773.22,773.55,772.514,773.34,41737292.70518761
1786608900000,773.522,773.758,773.303,773.72,5039919.27363888
1786609800000,773.721,773.759,773.6,773.743,3485347.15217755
1786610700000,773.744,773.86,773.67,773.747,20246837.849400382
1786611600000,773.57,773.819,773.549,773.57,4260775.85727529
1786612500000,773.38,773.739,773.375,773.68,4484124.53751199
1786613400000,773.607,773.866,773.601,773.86,1540674.5300605
1786614300000,773.86,773.995,773.846,773.995,7608835.35477254
1786615200000,773.91,773.998,773.865,773.91,2074419.36082151
1786616100000,773.906,774.018,773.87,773.884,1683240.49468211
1786617000000,773.97,774.009,773.889,773.97,6388651.8281047
1786617900000,774.08,774.117,773.951,774.03,6596888.19888515
1786618800000,774.05,774.141,773.946,774.027,9048822.124009766
1786619700000,773.83,774.034,773.83,773.95,26217496.37719011
1786620600000,774.02,774.354,773.921,774.26,18483181.1633475
1786621500000,774.38,774.421,773.946,774.15,7661438.72626534
1786622400000,773.87,773.976,773.677,773.7,16940308.68480986
1786623300000,773.801,773.801,773.45,773.783,57722726.327490866
1786624200000,774.43,774.51,773.416,773.87,91678585.64085492
1786625100000,774.0,774.364,773.943,774.32,54827139.79955909
1786626000000,774.44,774.68,774.363,774.62,108940593.7208527
1786626900000,774.57,774.89,774.565,774.89,54704460.59968943
1786627800000,774.854,776.445,774.14,775.663,1162858325.2833278
1786628700000,775.76,777.68,775.64,777.63,1238833106.7816503
1786629600000,777.6,778.55,777.525,778.515,1035512373.535417
1786630500000,778.52,779.25,778.08,779.185,837052137.8750567
1786631400000,779.206,779.38,778.575,778.611,959373779.475896
1786632300000,778.602,778.602,777.39,777.816,1207712974.7558105
1786633200000,777.775,778.2,776.97,777.11,806194958.3147703
1786634100000,777.1,777.26,775.955,776.24,1059472791.6143092
1786635000000,776.175,776.37,775.65,775.955,1206346584.7928665
1786635900000,775.91,776.12,775.4,775.48,538990827.3665143
1786636800000,775.451,776.275,775.451,775.697,399875341.1176783
1786637700000,775.755,776.515,775.63,776.51,737874116.8307331
1786638600000,776.52,776.71,776.205,776.45,540160387.3083935
1786639500000,776.48,776.8,776.441,776.71,363226892.21760976
1786640400000,776.71,777.36,776.706,777.18,345874983.0368074
1786641300000,777.177,777.45,777.1,777.105,363840319.16192293
1786642200000,777.12,777.23,776.62,776.62,329019074.33005327
1786643100000,776.62,776.94,776.62,776.735,268422565.99969512
1786644000000,776.74,777.13,776.66,777.095,523056383.5790172
1786644900000,777.11,777.16,776.67,776.97,737268272.0374216
1786645800000,776.985,777.7,776.985,777.63,676498051.8056839
1786646700000,777.64,777.925,777.615,777.75,457367420.80912447
1786647600000,777.75,778.43,777.71,777.95,776205059.862051
1786648500000,777.93,778.35,777.79,778.02,859193682.8690879
1786649400000,778.01,778.25,777.7,777.71,1626770638.2260895
1786650300000,777.71,777.935,777.35,777.82,3600884716.603145
1786651200000,777.81,777.98,777.35,777.75,2461338270.0552545
1786652100000,777.75,777.771,777.5,777.56,1245470868.840522
1786653000000,777.58,777.869,777.55,777.78,37675825.06752427
1786653900000,778.02,778.027,777.86,778.02,9383358.13009495
1786654800000,777.985,778.017,777.921,778.0,149977741.4700937
1786655700000,778.0,778.04,777.926,777.984,12362784.00651275
1786656600000,777.98,777.99,777.925,777.975,303000674.2015237
1786657500000,777.975,778.039,777.94,777.98,10439356.43320265
1786658400000,777.983,778.17,777.926,777.95,14606202.85772052
1786659300000,777.949,778.095,777.866,777.957,16280026.164573817
1786660200000,777.98,778.011,777.951,777.98,2843227.40452434
1786661100000,778.008,778.014,777.899,777.938,3725813.20068399
1786662000000,777.937,778.238,777.907,778.233,1734579.69457499
1786662900000,778.234,778.25,778.035,778.11,15034815.57755217
1786663800000,778.106,778.165,778.051,778.152,6053758.73857789
1786664700000,778.15,778.157,778.061,778.15,7676760.42016204
1786665600000,778.35,778.6,778.087,778.36,3788551.86
1786666500000,778.35,778.35,778.17,778.21,2606432.95
1786667400000,778.18,778.27,778.12,778.15,1754054.18
1786668300000,778.11,778.2,778.09,778.19,3091416.15
1786669200000,778.16,778.16,777.8,777.8,4887947.45
1786670100000,777.81,778.02,777.77,778.02,728107.53
1786671000000,777.99,778.2,777.96,778.15,1356268.14
1786671900000,778.14,778.22,778.06,778.1,815483.23
1786672800000,778.11,778.37,778.11,778.37,2161206.49
1786673700000,778.37,778.39,778.26,778.34,709814.11
1786674600000,778.35,778.44,778.33,778.4,396973.63
1786675500000,778.41,778.41,778.19,778.23,909734.16
1786676400000,778.25,778.35,778.22,778.33,273953.68
1786677300000,778.34,778.52,778.34,778.48,263893.04
1786678200000,778.49,778.49,778.3,778.3,362739.71
1786679100000,778.32,778.34,778.2,778.22,516764.45
1786680000000,778.19,778.27,778.15,778.27,529170.15
1786680900000,778.28,778.31,778.21,778.23,852187.45
1786681800000,778.2,778.2,778.0,778.18,431074.07
1786682700000,778.17,778.17,778.04,778.04,163401.17
1786683600000,778.12,778.13,777.93,778.11,904024.79
1786684500000,778.08,778.15,777.99,778.15,226419.59
1786685400000,778.12,778.22,778.07,778.2,419429.97
1786686300000,778.2,778.35,778.17,778.24,835087.57
1786687200000,778.26,778.27,777.9,777.92,765599.85
1786688100000,777.9,777.96,777.9,777.96,644129.86
1786689000000,777.97,777.97,777.85,777.88,276148.8
1786689900000,777.88,777.99,777.87,777.96,4444100.24
1786690800000,777.96,778.06,777.8,777.8,1741860.46
1786691700000,777.84,777.93,777.84,777.93,209246.9
1786692600000,777.92,778.09,777.92,778.09,4233037.45
1786693500000,778.13,778.24,778.08,778.13,1526763.01
1786694400000,778.29,778.329,778.001,778.29,31972454.02409018
1786695300000,778.13,778.357,778.065,778.357,4346812.0082769
1786696200000,778.361,778.595,778.361,778.485,6287828.016913399
1786697100000,778.485,778.63,778.412,778.412,2669572.03518151
1786698000000,778.41,778.41,778.257,778.369,2550626.0563104
1786698900000,778.46,778.55,778.295,778.46,835702.63118833
1786699800000,778.406,778.406,778.197,778.279,1466259.75510976
1786700700000,778.279,778.523,778.276,778.523,1152030.28128189
1786701600000,778.72,778.72,778.521,778.72,2285034.74132899
1786702500000,778.49,778.635,778.43,778.49,1421568.08608341
1786703400000,778.456,778.581,778.375,778.439,5606325.0355553
1786704300000,778.44,778.624,778.44,778.624,2350081.403079142
1786705200000,778.65,778.718,778.511,778.59,18244918.3284375
1786706100000,778.54,778.54,778.428,778.54,14222890.37764733
1786707000000,778.66,778.736,778.479,778.62,5991658.24298218
1786707900000,778.78,778.828,778.607,778.67,14135775.66501587
1786708800000,778.693,778.726,777.93,778.463,97888012.27006583
1786709700000,778.31,778.563,778.283,778.35,49494261.15006639
1786710600000,778.69,778.883,778.564,778.59,29754196.883474
1786711500000,778.66,778.866,778.638,778.79,25712742.58857458
1786712400000,778.6,778.795,778.398,778.52,37496214.43670545
1786713300000,778.395,778.692,778.39,778.612,107319447.58320884
1786714200000,778.54,778.596,777.68,778.385,1287277797.3160098
1786715100000,778.39,778.6,777.87,778.42,735091368.2246894
1786716000000,778.265,778.78,778.2,778.3,556728048.8007386
1786716900000,778.28,778.348,777.13,777.395,987720830.1054184
1786717800000,777.371,777.43,776.825,777.133,846275786.2024952
1786718700000,777.18,777.44,776.75,776.75,583022828.0777773
1786719600000,776.76,777.11,776.43,776.5,504265886.10689235
1786720500000,776.455,776.68,775.85,776.3,941585649.6129334
1786721400000,776.3,776.47,775.85,776.05,1030742362.12174
1786722300000,776.034,776.37,775.82,776.22,926725941.0111332
1786723200000,776.255,776.58,776.09,776.54,646522643.3049582
1786724100000,776.575,776.83,776.43,776.695,682208472.8520285
1786725000000,776.685,776.735,776.14,776.14,507096335.7673304
1786725900000,776.14,776.215,775.66,775.73,461402301.63938004
1786726800000,775.714,776.11,775.64,776.02,489155844.8503948
1786727700000,776.03,776.125,775.655,775.76,372112137.8696622
1786728600000,775.78,775.96,775.44,775.62,434016627.7586216
1786729500000,775.65,775.905,775.477,775.87,361896638.50746787
1786730400000,775.82,776.3,775.74,776.19,716265024.9782518
1786731300000,776.171,776.33,775.905,775.958,766057892.3481404
1786732200000,775.935,776.27,775.83,776.21,554426657.6038886
1786733100000,776.22,776.5,776.03,776.17,440570564.59568214
1786734000000,776.19,776.22,775.905,776.06,565043942.1780542
1786734900000,776.05,776.34,775.87,776.18,831730518.5474433
1786735800000,776.168,776.31,776.04,776.153,1188391434.9249692
1786736700000,776.13,776.41,775.93,776.29,1952126608.4404507
1786737600000,776.32,776.324,775.79,775.91,3753798264.2584605
1786738500000,775.91,775.925,775.772,775.78,494372243.40338236
1786739400000,776.06,776.074,775.822,775.99,147574090.52173105
1786740300000,776.006,776.04,775.943,776.034,41806376.09326274
1786741200000,775.95,776.075,775.95,775.95,944832288.6940533
1786742100000,775.995,776.02,775.97,776.0,121008574.8222047
1786743000000,776.0,776.083,775.945,775.945,10461042.15200023
1786743900000,775.945,776.085,775.945,776.05,2329360.49988323
1786744800000,776.05,776.075,776.045,776.066,3167980.2444310063
1786745700000,776.066,776.125,776.065,776.125,5231758.33999805
1786746600000,776.125,776.175,776.125,776.125,3436485.2052335
1786747500000,776.12,776.19,776.101,776.12,976190.26681787
1786748400000,776.145,776.175,776.145,776.175,859390.267819
1786749300000,776.175,776.205,776.15,776.176,4988300.90509311
1786750200000,776.178,776.235,776.176,776.22,2107889.16376781
1786751100000,776.22,776.269,776.032,776.033,9899564.87364789
1786752000000,776.035,776.049,776.035,776.049,0.0
1786752900000,777.02,777.02,774.86,774.86,31.760414
1786758300000,777.02,777.02,774.86,774.86,39.977162
1786760100000,777.55,777.55,777.55,777.55,99.99293
1786762800000,777.55,777.55,777.55,777.55,100.92599
1786763700000,777.43,777.43,776.86,776.86,68.548093
1786767300000,777.18,777.59,776.86,777.25,146.466597
1786770900000,776.95,776.95,776.79,776.79,45.758062
1786772700000,777.04,777.04,777.04,777.04,10.023816
1786773600000,777.25,777.94,776.75,777.21,145.94486
1786774500000,777.21,777.21,777.21,777.21,8.082984
1786777200000,777.21,777.79,777.21,777.79,16.876593
1786779000000,777.79,777.79,776.78,777.79,51.07513
1786787100000,777.94,777.99,776.76,777.12,135.462509
1786789800000,777.99,778.01,776.88,778.01,128.557486
1786790700000,777.74,777.74,777.74,777.74,10.032846
1786791600000,778.01,778.01,777.04,777.04,111.595557
1786798800000,776.78,778.17,776.78,778.17,319.918033
1786799700000,778.19,778.19,778.19,778.19,12.995773
1786801500000,777.71,777.71,777.71,777.71,12.909986
1786802400000,778.19,778.27,777.43,777.43,240.656329
1786805100000,777.48,777.48,777.48,777.48,201.989304
1786813200000,777.47,777.47,777.47,777.47,10.029363
1786824900000,777.48,777.48,777.48,777.48,24.957108
1786845600000,777.48,777.48,777.48,777.48,15.93834
1786846500000,777.43,777.43,777.43,777.43,15.859572
1786851900000,777.43,777.43,777.21,777.21,99.575196
1786858200000,777.48,778.11,777.48,778.11,114.688248
1786860900000,778.27,778.27,778.27,778.27,88.956261
1786864500000,777.88,777.88,777.88,777.88,10.034652
1786866300000,778.28,778.28,778.28,778.28,199.940132
1786869000000,778.34,778.34,778.11,778.11,31.36103
1786871700000,778.11,778.11,778.11,778.11,14.939712
1786873500000,778.34,778.34,778.34,778.34,19.925504
1786883400000,778.11,778.11,778.11,778.11,10.037619
1786889700000,778.34,778.34,778.34,778.34,204.936922
1786896900000,778.43,779.45,778.43,779.45,6059.591328
1786908600000,778.91,778.91,778.91,778.91,321.222484
1786914900000,779.43,779.43,778.9,778.9,32.023655
1786916700000,779.43,779.43,779.43,779.43,659.943381
1786924800000,777.0,777.19,776.46,777.09,4043185.63
1786925700000,777.09,777.1,776.65,776.8,2846206.05
1786926600000,776.73,776.85,776.65,776.84,761955.08
1786927500000,776.78,776.94,776.78,776.94,525926.99
1786928400000,776.99,777.08,776.89,776.95,2163913.32
1786929300000,776.94,777.17,776.89,777.15,1901328.96
1786930200000,777.14,777.18,776.69,776.81,2298891.65
1786931100000,776.76,776.8,776.59,776.61,931978.54
1786932000000,776.6,776.64,776.5,776.59,1974090.14
1786932900000,776.57,776.79,776.57,776.73,176303.59
1786933800000,776.8,776.8,776.7,776.8,224491.86
1786934700000,776.78,776.81,776.71,776.71,319257.37
1786935600000,776.71,776.79,776.69,776.73,469915.89
1786936500000,776.8,776.91,776.8,776.87,300642.98
1786937400000,776.88,776.93,776.78,776.91,639363.13
1786938300000,776.99,777.08,776.97,777.08,3048995.97
1786939200000,777.09,777.19,777.09,777.19,880524.15
1786940100000,777.15,777.19,777.11,777.11,238579.39
1786941000000,777.08,777.12,776.99,777.11,298386.03
1786941900000,777.11,777.19,777.05,777.08,176399.97
1786942800000,777.09,777.21,777.07,777.19,1249695.26
1786943700000,777.16,777.2,777.05,777.18,1935886.45
1786944600000,777.21,777.46,777.19,777.44,7537031.08
1786945500000,777.44,777.54,777.4,777.52,1593078.91
1786946400000,777.56,777.74,777.56,777.66,1451139.02
1786947300000,777.66,777.66,777.46,777.59,1814773.61
1786948200000,777.7,777.8,777.62,777.68,2268644.6
1786949100000,777.71,777.85,777.62,777.8,1092744.65
1786950000000,777.79,777.92,777.4,777.42,1804144.42
1786950900000,777.43,777.47,777.17,777.45,1135687.06
1786951800000,777.44,777.75,777.44,777.71,2174426.88
1786952700000,777.72,777.85,777.65,777.73,664942.92
1786953600000,777.525,777.762,776.325,777.525,37867628.45054982
1786954500000,777.424,777.498,777.355,777.446,1762784.03225968
1786955400000,777.45,777.535,777.283,777.283,1499234.41996991
1786956300000,777.35,777.475,777.228,777.29,2746027.76273014
1786957200000,777.467,777.632,777.416,777.595,2113120.98846923
1786958100000,777.598,777.607,777.397,777.397,3204079.49478719
1786959000000,777.37,777.394,777.25,777.36,2522060.2814115
1786959900000,777.52,777.528,777.28,777.52,1939654.62115253
1786960800000,777.315,777.479,777.315,777.479,3816353.66724497
1786961700000,777.4,778.128,777.11,777.99,13868905.29380771
1786962600000,778.143,778.15,777.371,777.546,3689657.0454794
1786963500000,777.49,777.544,777.447,777.49,3615059.28432065
1786964400000,777.44,777.628,777.351,777.4,34669356.69265291
1786965300000,777.41,777.421,777.166,777.22,25945940.2304729
1786966200000,777.33,777.484,777.305,777.378,60429741.006553255
1786967100000,777.31,777.408,777.135,777.21,17575300.72087794
1786968000000,777.18,777.227,776.816,776.88,31325002.05888463
1786968900000,777.19,777.29,776.41,776.72,76919485.79105125
1786969800000,776.63,776.79,776.15,776.17,81634392.3767543
1786970700000,776.25,776.34,776.015,776.18,25965253.72781052
1786971600000,776.2,776.49,776.199,776.47,39992868.0432111
1786972500000,776.57,776.62,776.228,776.31,64678458.94850626
1786973400000,776.29,776.74,775.345,775.6,1241786939.39916
1786974300000,775.555,776.005,775.19,775.26,950005574.6500034
1786975200000,775.264,775.73,775.03,775.653,840931609.0598366
1786976100000,775.59,775.655,775.01,775.47,587647603.3302103
1786977000000,775.475,775.575,774.95,775.155,592129072.4169265
1786977900000,775.22,775.47,774.89,775.28,808482448.6628819
1786978800000,775.248,775.6,775.16,775.348,553068604.6159455
1786979700000,775.33,775.86,775.315,775.76,469300369.1357097
1786980600000,775.72,775.78,774.7,775.105,685749144.148553
1786981500000,775.085,775.44,775.01,775.33,483932898.83843607
1786982400000,775.33,775.46,775.07,775.39,442518678.83816195
1786983300000,775.386,775.61,775.21,775.28,407384710.76464874
1786984200000,775.312,775.4,774.93,774.93,448734380.5006498
1786985100000,774.95,775.06,774.62,774.66,464640781.6056761
1786986000000,774.68,774.78,774.31,774.31,572412678.9674863
1786986900000,774.29,774.455,773.46,773.6,888186335.8086394
1786987800000,773.58,773.84,773.11,773.78,851386607.7827554
1786988700000,773.72,773.835,773.34,773.41,490559957.8834237
1786989600000,773.45,773.74,773.27,773.69,762102940.6068394
1786990500000,773.725,773.81,773.38,773.61,592018879.5989385
1786991400000,773.585,773.7,773.24,773.6,635315566.2863222
1786992300000,773.595,773.82,773.495,773.535,645024688.4893526
1786993200000,773.54,773.568,773.145,773.23,915095242.0280985
1786994100000,773.22,773.51,773.12,773.14,648538922.884278
1786995000000,773.13,773.155,772.745,773.005,1401923977.1125019
1786995900000,772.99,773.35,772.5,772.62,5182473665.905309
1786996800000,772.64,772.8,772.24,772.63,2497664668.535197
1786997700000,772.57,772.614,772.378,772.5,59697342.38598143
1786998600000,772.4,772.472,772.28,772.35,225207596.52180237
1786999500000,772.34,772.495,772.236,772.34,549047693.685229
1787000400000,772.383,772.504,772.38,772.476,476052436.41266096
1787001300000,772.478,772.55,772.471,772.524,44194474.16973726
1787002200000,772.52,772.523,772.395,772.52,458941444.9718902
1787003100000,772.505,772.591,772.441,772.535,6896381.66705207
1787004000000,772.66,772.688,772.465,772.66,20194810.17967657
1787004900000,772.21,772.469,772.186,772.33,20653169.69903688
1787005800000,772.444,772.444,772.326,772.345,2742387.91699635
1787006700000,772.345,772.488,772.345,772.455,1565670.81578715
1787007600000,772.3,772.459,772.26,772.37,24032329.18953864
1787008500000,772.3,772.405,772.265,772.3,4088645.95822881
1787009400000,772.391,772.668,772.391,772.601,18051297.59576202
1787010300000,772.4,772.676,772.35,772.4,12208498.58550126
1787011200000,772.41,772.98,772.41,772.89,2374927.31
1787012100000,772.9,773.0,772.7,772.7,3395259.66
1787013000000,772.68,772.78,772.61,772.65,1396292.75
1787013900000,772.74,772.82,772.59,772.67,1176783.92
1787014800000,772.7,772.75,772.52,772.72,2738895.64
1787015700000,772.69,772.71,772.53,772.58,407186.13
1787016600000,772.56,772.64,772.14,772.22,3878707.29
1787017500000,772.18,772.24,771.51,772.07,6857651.53
1787018400000,772.08,772.13,771.4,771.5,2215675.1
1787019300000,771.42,771.48,770.82,770.92,5721376.22
1787020200000,770.89,771.25,770.7,770.7,2770591.46
1787021100000,770.69,770.94,770.34,770.84,7641045.28
1787022000000,770.88,770.95,770.65,770.67,3562787.0
1787022900000,770.69,770.71,770.21,770.46,4957154.7
1787023800000,770.25,770.56,770.08,770.49,5851442.26
1787024700000,770.48,770.6,770.34,770.35,1128726.35
1787025600000,770.38,770.39,770.12,770.27,875798.62
1787026500000,770.22,770.38,769.97,770.37,1937686.77
1787027400000,770.4,770.42,770.12,770.17,1005205.47
1787028300000,770.15,770.41,770.12,770.33,586953.2
1787029200000,770.31,770.31,769.71,769.8,3668539.47
1787030100000,769.83,770.0,769.81,769.82,1033223.14
1787031000000,769.81,769.83,769.58,769.64,4197921.22
1787031900000,769.67,769.8,769.49,769.49,3338233.35
1787032800000,769.42,769.57,768.72,769.52,8246857.39
1787033700000,769.54,769.76,769.27,769.56,3191190.2
1787034600000,769.55,769.76,769.43,769.71,2114191.45
1787035500000,769.7,770.13,769.68,770.13,1973700.88
1787036400000,770.04,770.14,769.74,769.81,1244091.47
1787037300000,769.69,769.84,769.55,769.55,1099144.66
1787038200000,769.59,769.6,769.05,769.1,6182486.45
1787039100000,769.08,769.2,768.59,768.59,1196508.03
1787040000000,767.915,771.991,767.865,768.21,101227609.54377905
1787040900000,768.57,768.792,768.316,768.66,11396505.19145252
1787041800000,768.647,769.169,768.561,769.089,3838921.34597917
1787042700000,768.87,769.09,768.618,768.87,5176985.21343096
1787043600000,768.85,769.129,768.73,768.87,5837491.20478824
1787044500000,768.779,768.779,768.391,768.65,14520732.44766166
1787045400000,768.75,768.858,768.317,768.62,9792071.85979254
1787046300000,768.78,769.015,768.365,768.9,2983015.46746461
1787047200000,769.09,769.195,768.901,768.98,17855609.6047702
1787048100000,769.005,769.105,768.839,769.076,4079624.30660774
1787049000000,769.16,769.31,768.957,769.12,40084594.88189413
1787049900000,769.04,769.392,768.951,769.19,47036441.09081
1787050800000,769.18,769.596,769.148,769.41,43556332.99342757
1787051700000,769.56,769.647,769.466,769.53,18938761.2434984
1787052600000,769.549,769.69,769.258,769.614,64698411.128714874
1787053500000,769.72,769.837,769.41,769.59,46636832.46327772
1787054400000,769.47,769.857,769.309,769.35,20595339.70277696
1787055300000,769.44,769.873,769.277,769.31,41600253.00479777
1787056200000,769.21,769.369,768.94,769.01,41689834.84508448
1787057100000,768.995,769.59,768.968,769.581,118311908.742118
1787058000000,769.66,769.66,769.06,769.06,29610303.94558917
1787058900000,769.02,769.207,768.467,768.68,131530114.28516614
1787059800000,768.7,769.51,767.92,768.76,2293027292.9830375
1787060700000,768.73,769.06,768.13,768.495,1180503322.5333846
1787061600000,768.469,769.26,767.64,768.086,1163571877.2087474
1787062500000,768.12,769.06,767.99,768.66,1083171573.9983876
1787063400000,768.705,769.26,768.4,768.4,1029886410.6178867
1787064300000,768.38,768.815,767.735,767.91,1027742217.2713422
1787065200000,767.874,768.315,767.45,767.704,773381834.0290452
1787066100000,767.706,768.02,767.37,767.853,845342945.4785199
1787067000000,767.865,768.255,767.59,768.069,811087372.4022245
1787067900000,768.14,768.61,768.067,768.36,645601942.623345
1787068800000,768.34,768.73,768.23,768.56,389322313.0888006
1787069700000,768.569,768.86,768.15,768.216,591703330.4535886
1787070600000,768.214,768.576,768.085,768.34,395971228.6387851
1787071500000,768.344,768.88,768.207,768.63,695500685.542781
1787072400000,768.615,768.8,768.38,768.63,454950808.22042066
1787073300000,768.63,768.63,768.09,768.31,323003403.90729105
1787074200000,768.29,768.39,768.01,768.12,431018041.7445698
1787075100000,768.107,768.185,767.63,767.63,382668122.8513064
1787076000000,767.63,768.095,767.45,768.039,1478999174.8099031
1787076900000,768.06,768.57,768.044,768.33,678506691.3892864
1787077800000,768.365,768.43,768.08,768.13,479352640.1196888
1787078700000,768.08,768.19,767.68,767.76,643710924.726146
1787079600000,767.727,767.92,767.58,767.628,749802562.4919674
1787080500000,767.628,768.16,767.61,768.05,917404313.3968511
1787081400000,768.02,768.2,767.73,767.91,1024550643.4408882
1787082300000,767.86,767.96,766.935,767.355,6461358729.96315
1787083200000,767.36,767.494,767.152,767.41,5443667124.055486
1787084100000,767.44,767.46,767.19,767.23,286453742.95014614
1787085000000,767.397,767.54,767.365,767.445,119583613.73180604
1787085900000,767.33,767.454,767.135,767.24,245553872.63937867
1787086800000,767.296,767.35,767.235,767.235,408734143.99274945
1787087700000,767.235,767.359,767.14,767.186,14093136.22886298
1787088600000,767.184,767.255,767.171,767.204,3738430.89665172
1787089500000,767.26,767.344,767.18,767.26,14423592.56157067
1787090400000,767.36,767.57,767.262,767.57,16407281.53169806
1787091300000,767.36,767.709,767.177,767.38,15619720.74109845
1787092200000,767.14,767.218,766.971,767.15,4725500.70973445
1787093100000,767.043,767.05,766.74,766.754,11352639.79573162
1787094000000,766.87,767.077,766.696,766.99,12145809.63330336
1787094900000,767.0,767.36,766.906,767.02,3958849.26181969
1787095800000,767.14,767.19,767.071,767.14,2142423.75149312
1787096700000,767.09,767.375,767.045,767.22,15171579.70206764
1787097600000,767.062,767.16,766.29,766.49,5297890.18
1787098500000,766.36,767.17,766.3,767.17,2063786.23
1787099400000,767.17,767.66,767.15,767.46,5722279.64
1787100300000,767.56,767.63,767.13,767.13,1542441.44
1787101200000,767.13,767.55,767.04,767.45,2748598.66
1787102100000,767.46,767.71,767.25,767.57,1869547.79
1787103000000,767.61,767.61,767.14,767.14,1808007.66
1787103900000,767.14,767.29,767.05,767.18,760250.46
1787104800000,767.23,767.25,766.69,766.72,1796874.24
1787105700000,766.76,767.19,766.73,767.01,1101373.9
1787106600000,767.0,767.0,766.71,766.82,403375.07
1787107500000,766.81,767.12,766.81,766.97,447889.8
1787108400000,767.0,767.11,766.79,766.93,806847.18
1787109300000,766.93,767.07,766.83,766.9,325938.64
1787110200000,766.9,767.22,766.88,766.89,497819.32
1787111100000,766.87,766.92,766.66,766.71,894793.34
1787112000000,766.75,766.76,766.54,766.61,1247267.44
1787112900000,766.59,766.92,766.57,766.92,1292744.12
1787113800000,766.81,766.81,766.48,766.48,415468.8
1787114700000,766.46,766.52,766.01,766.49,2342131.72
1787115600000,766.49,766.87,766.33,766.35,1187480.58
1787116500000,766.35,766.46,766.01,766.46,1246626.96
1787117400000,766.49,766.49,765.96,765.99,4677598.21
1787118300000,766.07,766.1,765.86,766.0,1408617.27
1787119200000,766.12,766.12,765.87,765.95,2438879.6
1787120100000,765.97,766.83,765.96,766.55,1144277.4
1787121000000,766.54,766.77,766.46,766.62,881676.8
1787121900000,766.81,767.53,766.81,767.53,2046853.09
1787122800000,767.51,767.53,767.0,767.53,10379053.89
1787123700000,767.44,767.62,767.27,767.62,1578764.48
1787124600000,767.65,767.92,767.42,767.42,1545497.69
1787125500000,767.68,767.91,767.53,767.91,1359643.58
1787126400000,767.87,768.118,767.064,767.87,57934588.41278783
1787127300000,767.94,768.234,767.879,768.17,4622432.51272098
1787128200000,768.149,768.174,767.966,768.069,5142956.18553497
1787129100000,768.07,768.139,767.835,767.85,1245275.19660226
1787130000000,767.75,768.093,767.717,767.74,2089492.18754
1787130900000,767.718,767.718,767.485,767.496,3263113.50409319
1787131800000,767.495,767.661,767.405,767.435,2661509.64170891
1787132700000,767.39,767.532,767.261,767.51,12561847.59111312
1787133600000,767.364,767.474,767.117,767.395,4959460.08838242
1787134500000,767.26,767.395,767.044,767.26,5091817.06922966
1787135400000,767.33,767.63,767.265,767.42,3030459.80475091
1787136300000,767.47,767.669,767.39,767.47,1607560.67252415
1787137200000,767.9,767.992,767.395,767.9,18680275.42900793
1787138100000,767.88,767.916,767.698,767.87,9072916.47420445
1787139000000,767.79,767.826,767.432,767.683,11174185.25512626
1787139900000,767.684,767.847,767.587,767.847,6335498.104466155
1787140800000,767.845,767.92,767.579,767.84,32052077.249605905
1787141700000,767.99,768.088,767.726,767.95,37847512.44232003
1787142600000,767.81,770.099,767.571,770.0,404102791.1142349
1787143500000,770.49,771.78,770.075,770.99,384073330.015276
1787144400000,770.77,770.953,770.102,770.93,123494977.68928875
1787145300000,770.912,771.069,770.434,770.434,140977672.8834259
1787146200000,770.35,770.59,769.28,770.127,432935919.6092773
1787147100000,770.13,770.6,768.14,770.035,74626210.11999999
1787148000000,770.082,770.26,768.75,768.75,57465712.845
1787148900000,768.871,770.12,768.74,769.988,50310217.015
1787149800000,769.988,771.33,769.84,771.062,69158382.915
1787150700000,771.062,772.23,770.68,772.16,60580177.29
1787151600000,772.195,772.465,771.495,771.799,39156906.175
1787152500000,771.815,771.82,770.91,771.054,29561771.485
1787153400000,771.065,771.19,770.1,770.472,36490276.615
1787154300000,770.477,770.86,770.095,770.61,41287361.9
1787155200000,770.6,771.65,770.42,771.587,29729942.445
1787156100000,771.579,771.99,770.695,770.7,40324176.165
1787157000000,770.64,770.74,770.24,770.405,895365835.9871815
1787157900000,770.385,770.44,769.505,769.7,668644760.4398805
1787158800000,769.737,770.23,769.51,769.858,38127962.01
1787159700000,769.852,769.92,769.04,769.562,620859074.240559
1787160600000,769.563,769.76,769.16,769.59,435487505.8728351
1787161500000,769.586,769.89,769.4,769.523,398493125.94599164
1787162400000,769.53,770.56,768.95,769.44,706614785.0856671
1787163300000,769.475,769.605,769.075,769.57,575388290.1352916
1787164200000,769.575,770.045,769.572,769.81,487610914.7036379
1787165100000,769.783,769.87,769.47,769.523,738830103.9896915
1787166000000,769.525,769.99,769.43,769.721,463065138.6964342
1787166900000,769.719,770.02,769.575,769.621,1360550834.998118
1787167800000,769.67,770.365,768.99,769.015,1236347228.5583134
1787168700000,768.93,769.09,768.2,769.06,4656290332.582839
1787169600000,769.09,769.22,768.663,768.94,5323683985.181291
1787170500000,768.84,768.949,768.648,768.86,197012808.83812264
1787171400000,768.95,769.03,768.78,768.922,75858517.85022266
1787172300000,769.09,769.123,768.908,769.09,56390768.12845344
1787173200000,769.08,769.11,769.0,769.07,257045518.34805018
1787174100000,769.04,769.045,769.0,769.045,43623365.62713739
1787175000000,769.042,769.095,769.028,769.07,5383996.17025212
1787175900000,769.07,769.18,769.07,769.18,4506618.467656257
1787176800000,769.7,770.23,769.192,770.23,27222180.60972718
1787177700000,770.1,770.142,769.839,770.01,4939810.00120991
1787178600000,769.98,770.16,769.811,769.98,5269557.83808921
1787179500000,770.09,770.258,770.07,770.225,12421754.03772567
1787180400000,770.48,770.56,770.073,770.48,10470594.93446076
1787181300000,770.23,770.319,770.085,770.23,1398206.96640224
1787182200000,770.161,770.343,770.074,770.331,3390628.52093635
1787183100000,770.26,770.325,770.025,770.26,11177047.05605393
1787184000000,769.7,770.02,769.53,769.96,5424301.53
1787184900000,770.05,770.31,770.0,770.02,3028431.07
1787185800000,770.0,770.28,769.85,770.13,1096652.74
1787186700000,770.16,770.36,770.08,770.27,1948709.06
1787187600000,770.26,770.49,770.03,770.17,9138922.25
1787188500000,770.27,770.44,769.95,769.95,1772836.72
1787189400000,770.08,770.28,769.9,770.28,1798698.45
1787190300000,770.34,770.34,769.83,770.0,864115.08
1787191200000,770.03,770.4,770.01,770.23,11024272.8
1787192100000,770.26,770.26,769.73,769.81,953756.86
1787193000000,769.87,770.16,769.66,770.07,374169.82
1787193900000,770.08,770.08,769.73,769.88,170897.05
1787194800000,769.92,770.17,769.75,769.96,347253.39
1787195700000,770.15,770.32,770.07,770.07,619238.44
1787196600000,770.05,770.05,769.83,769.91,416524.78
1787197500000,769.98,770.18,769.98,770.04,246430.33
1787198400000,770.05,770.36,770.05,770.36,632398.0
1787199300000,770.37,770.41,770.19,770.31,317368.42
1787200200000,770.22,770.23,769.93,770.16,989531.96
1787201100000,770.16,770.23,770.03,770.08,273384.31
1787202000000,770.07,770.07,769.64,769.64,987768.0
1787202900000,769.66,770.18,769.66,769.89,210234.52
1787203800000,769.86,769.92,769.7,769.92,393386.78
1787204700000,769.81,769.81,769.58,769.62,484874.09
1787205600000,769.71,770.41,769.71,770.21,734000.95
1787206500000,770.21,770.21,769.93,770.15,233334.61
1787207400000,770.16,770.55,770.16,770.47,700324.14
1787208300000,770.47,770.63,770.32,770.4,972329.92
1787209200000,770.31,770.31,769.71,769.78,1768026.74
1787210100000,769.75,769.8,769.27,769.51,992702.3
1787211000000,769.4,769.57,769.13,769.33,1627152.75
1787211900000,769.42,769.69,769.21,769.22,1263414.88
1787212800000,768.97,769.88,768.619,768.97,23616230.57750888
1787213700000,768.775,769.051,768.321,768.418,6684919.55956731
1787214600000,768.0,768.574,767.853,768.0,9069344.26258837
1787215500000,768.275,768.275,767.734,767.981,41035032.712674186
1787216400000,767.981,768.818,767.947,768.558,3268566.76330113
1787217300000,768.557,768.774,768.443,768.664,1494341.88519787
1787218200000,768.649,768.649,768.324,768.645,2272518.46670998
1787219100000,768.645,768.798,768.356,768.553,1543956.74129215
1787220000000,768.552,768.963,768.375,768.962,3984304.1344030355
1787220900000,768.78,768.997,768.68,768.83,11549354.48937512
1787221800000,768.92,769.01,768.589,768.93,7875773.19584453
1787222700000,768.96,769.126,768.666,768.92,4713641.01481469
1787223600000,769.09,769.362,768.241,768.41,39036156.68527431
1787224500000,768.51,768.724,767.582,767.71,33370041.72156126
1787225400000,767.62,767.992,767.39,767.39,27089176.32385378
1787226300000,767.2,767.535,766.47,766.5,72517465.94823192
1787227200000,766.36,766.557,764.705,764.75,99928577.2522355
1787228100000,764.872,765.37,764.731,764.899,117850978.10542612
1787229000000,764.895,764.968,764.259,764.968,146288233.36223853
1787229900000,764.97,765.82,764.943,765.82,51300425.90095053
1787230800000,766.03,766.25,765.583,765.81,45163911.85410714
1787231700000,765.5,765.95,765.427,765.95,64649389.04240235
1787232600000,765.96,767.705,765.88,767.34,445136650.8762678
1787233500000,767.35,767.48,766.15,766.501,66146547.275
1787234400000,766.507,766.91,765.89,765.983,59587570.035
1787235300000,766.01,766.92,765.39,766.22,987097929.9131356
1787236200000,766.21,767.265,765.99,767.17,790416858.3736047
1787237100000,767.181,767.47,766.47,767.16,59609094.59
1787238000000,767.165,768.11,766.09,766.795,83454165.94
1787238900000,766.74,767.017,765.96,766.693,55835026.06
1787239800000,766.702,766.84,765.369,765.369,36353276.87
1787240700000,765.366,766.04,765.25,765.784,54944503.87
1787241600000,765.85,766.08,765.46,765.51,514657242.47167397
1787242500000,765.49,766.08,765.47,765.755,503876836.10981935
1787243400000,765.73,766.64,765.37,766.63,479084664.6123185
1787244300000,766.64,766.64,766.05,766.461,540005039.0892451
1787245200000,766.454,766.454,765.49,765.518,431226672.6062255
1787246100000,765.519,765.55,764.71,764.765,821713092.0079213
1787247000000,764.765,764.875,764.22,764.47,719537125.5155178
1787247900000,764.46,764.99,764.4,764.53,596799728.0400922
1787248800000,764.49,764.544,763.35,763.575,965299189.0092331
1787249700000,763.56,763.95,763.2,763.54,856126165.7309645
1787250600000,763.565,763.62,763.25,763.548,676411156.6039311
1787251500000,763.55,763.85,763.27,763.288,1095365815.4927578
1787252400000,763.24,763.725,763.17,763.546,896161910.3645706
1787253300000,763.52,763.81,763.24,763.48,1045240541.3381925
1787254200000,763.51,763.65,762.96,763.04,2055913798.7498746
1787255100000,763.095,763.42,762.03,762.63,6025708080.750581
1787256000000,762.355,762.883,762.318,762.343,2907830423.1519413
1787256900000,762.3,762.624,762.037,762.56,1877561905.5511472
1787257800000,762.6,762.93,762.419,762.79,86450699.83218744
1787258700000,762.82,762.98,762.781,762.92,57111170.73252927
1787259600000,762.953,762.986,762.91,762.97,559444257.799876
1787260500000,762.97,763.035,762.97,763.01,28974275.587225433
1787261400000,763.01,763.18,763.01,763.167,9271137.575333087
1787262300000,763.19,763.23,763.146,763.23,18350744.80923679
1787263200000,763.26,763.292,762.608,763.26,30817514.39177863
1787264100000,762.63,762.823,762.63,762.769,4330729.82468297
1787265000000,762.767,762.932,762.651,762.927,5455019.85023601
1787265900000,762.926,763.15,762.902,763.144,4638469.79652472
1787266800000,763.143,763.143,763.021,763.046,3672135.85976652
1787267700000,763.048,763.125,762.963,762.982,3424332.53299472
1787268600000,763.03,763.07,762.81,762.81,6349313.74090225
1787269500000,763.015,763.015,762.672,762.865,8085133.465266899
1787270400000,762.56,763.75,762.56,763.73,11105215.37
1787271300000,763.73,763.73,763.02,763.14,2455405.67
1787272200000,763.1,763.42,763.04,763.17,1988089.08
1787273100000,763.27,763.34,762.92,762.92,896751.96
1787274000000,763.0,763.1,762.63,762.94,2519733.37
1787274900000,762.93,763.23,762.85,763.05,1459880.61
1787275800000,763.03,763.2,762.81,763.2,962893.91
1787276700000,763.1,763.39,762.94,763.08,1773689.09
1787277600000,763.26,763.41,763.23,763.41,1315164.46
1787278500000,763.41,763.74,763.4,763.62,2651006.43
1787279400000,763.65,763.71,763.51,763.51,397081.14
1787280300000,763.52,763.74,763.5,763.6,994215.44
1787281200000,763.6,763.61,763.24,763.29,1239040.35
1787282100000,763.28,763.36,763.14,763.34,1015861.85
1787283000000,763.35,763.53,763.31,763.31,329049.58
1787283900000,763.29,763.4,763.16,763.29,4243198.39
1787284800000,763.3,763.49,763.3,763.39,1934367.13
1787285700000,763.4,763.4,763.1,763.13,1827945.47
1787286600000,763.09,763.13,762.91,763.01,689762.96
1787287500000,763.05,763.41,763.05,763.36,770956.35
1787288400000,763.34,763.48,763.34,763.42,1080957.9
1787289300000,763.47,763.52,763.22,763.22,2052949.1
1787290200000,763.21,763.46,763.16,763.3,740441.7
1787291100000,763.22,763.31,763.05,763.31,412096.11
1787292000000,763.3,763.46,763.22,763.42,1261091.25
1787292900000,763.49,763.5,763.38,763.49,825272.29
1787293800000,763.49,763.96,763.46,763.5,3775834.35
1787294700000,763.49,763.78,763.38,763.78,1610214.5
1787295600000,763.76,764.27,763.59,764.21,1728221.93
1787296500000,764.2,764.37,764.09,764.1,2333806.16
1787297400000,764.1,764.65,764.06,764.36,1885826.35
1787298300000,764.35,764.59,764.32,764.51,286679.62
1787299200000,764.77,764.794,762.846,764.41,55720095.71552026
1787300100000,764.447,764.854,764.345,764.805,7136468.319638565
1787301000000,764.84,765.109,764.798,765.09,7344617.24243454
1787301900000,765.27,765.294,765.027,765.21,9701916.80879524
1787302800000,765.18,765.22,764.698,765.18,5687391.22595563
1787303700000,764.99,765.121,764.971,764.985,2397571.55556976
1787304600000,764.973,765.262,764.897,765.227,8906773.468482435
1787305500000,765.226,765.308,765.09,765.245,4433589.25070595
1787306400000,765.37,765.636,765.045,765.62,10448465.09864933
1787307300000,765.135,765.293,765.031,765.292,4275224.66427735
1787308200000,765.293,765.325,765.13,765.133,2965638.63247753
1787309100000,765.28,765.299,765.126,765.18,4108575.70358925
1787310000000,765.21,765.38,764.911,765.325,43675490.15740753
1787310900000,765.35,766.207,765.176,766.06,50656215.42994733
1787311800000,766.1,766.307,765.8,766.2,104765088.33257402
1787312700000,766.232,766.267,765.78,765.952,59987859.29141165
1787313600000,765.96,766.067,765.758,765.86,63867117.96946033
1787314500000,765.84,766.455,765.784,766.42,31396471.9923623
1787315400000,766.64,766.803,766.241,766.77,57663527.36575793
1787316300000,766.84,766.84,766.421,766.47,51391443.67840801
1787317200000,766.482,766.596,765.544,765.578,69923576.69165358
1787318100000,765.67,765.96,764.986,765.96,170862834.74277478
1787319000000,766.04,766.11,764.635,765.16,2125863587.5966709
1787319900000,765.16,765.41,764.18,764.58,1062609469.7899476
1787320800000,764.605,765.51,764.53,764.73,791197479.4160761
1787321700000,764.709,765.2,764.5,764.64,1833921141.031896
1787322600000,764.78,764.88,764.21,764.63,584697025.3107965
1787323500000,764.61,765.82,764.55,765.805,595950145.5807475
1787324400000,765.795,766.4,765.695,765.71,1102957500.3287401
1787325300000,765.715,766.01,765.46,765.932,947947400.863163
1787326200000,765.937,767.43,765.85,767.278,3348380904.2509055
1787327100000,767.315,767.85,766.93,767.2,686931480.3249835
1787328000000,767.21,767.33,766.29,766.335,864123881.7284025
1787328900000,766.215,766.99,765.875,766.445,1392639266.755764
1787329800000,766.5,766.57,766.02,766.372,680621768.7482121
1787330700000,766.38,766.405,765.81,766.332,1085164011.4327815
1787331600000,766.425,766.52,766.1,766.14,383007105.67328787
1787332500000,766.2,766.3,765.695,765.82,705228959.375864
1787333400000,765.83,765.9,765.47,765.665,352268776.056214
1787334300000,765.625,765.88,765.454,765.454,442430936.73248833
1787335200000,765.45,765.73,765.275,765.342,604284961.9345945
1787336100000,765.33,765.59,765.27,765.285,326478269.2581601
1787337000000,765.275,765.52,765.05,765.4,455770044.7469637
1787337900000,765.405,766.21,765.33,766.21,801777145.3577812
1787338800000,766.178,766.37,765.89,766.04,1035415705.3875996
1787339700000,766.032,766.225,765.86,766.088,881624150.3738931
1787340600000,766.06,766.485,765.965,766.47,1113795175.416419
1787341500000,766.43,766.79,765.37,765.68,3431472561.841255
1787342400000,765.58,765.65,765.37,765.58,2164627192.202425
1787343300000,765.54,765.621,765.247,765.32,291149392.83341885
1787344200000,765.251,765.49,765.245,765.463,264979627.3897901
1787345100000,765.45,765.465,765.211,765.26,296935727.7010957
1787346000000,765.34,765.425,765.262,765.34,198041408.9674817
1787346900000,765.389,765.755,765.389,765.755,40066330.44051996
1787347800000,765.94,766.12,765.621,766.06,34664909.18237971
1787348700000,766.11,766.48,766.11,766.364,70324023.65871318
1787349600000,766.58,766.761,766.355,766.62,29193929.07602168
1787350500000,766.78,767.159,766.675,767.01,34865044.69131393
1787351400000,767.26,767.337,766.763,767.26,42918180.25045592
1787352300000,767.2,767.35,767.05,767.35,16610720.57317207
1787353200000,766.98,767.203,766.921,766.99,7244788.92648538
1787354100000,766.84,767.035,766.727,766.84,7105238.31943684
1787355000000,766.775,766.92,766.775,766.78,4772383.29982022
1787355900000,766.78,766.947,766.743,766.947,7839062.84207368
1787356800000,766.948,767.28,766.5,767.25,1800.394489
1787357700000,767.25,767.25,766.77,766.77,447.81931
1787359500000,767.35,767.48,767.35,767.48,105.672688
1787361300000,767.56,767.56,767.56,767.56,99.936312
1787363100000,767.38,767.38,767.38,767.38,29.54413
1787364900000,767.58,767.58,767.58,767.58,10.055298
1787365800000,767.58,767.92,766.92,767.3,1268.500135
1787366700000,767.84,768.12,767.24,767.92,323.801113
1787367600000,767.88,767.88,767.88,767.88,499.966668
1787373900000,768.41,768.41,768.41,768.41,54.941315
1787374800000,768.31,768.58,767.61,767.87,785.858683
1787375700000,767.87,767.87,767.87,767.87,75.942343
1787379300000,768.32,768.32,768.32,768.32,89.048288
1787385600000,768.51,768.51,768.51,768.51,11.297097
1787387400000,768.51,768.51,767.61,767.61,101.774963
1787393700000,768.51,768.51,767.95,767.95,61.90545
1787395500000,768.51,768.51,767.6,767.6,72.524685
1787396400000,767.96,767.96,767.96,767.96,49.9174
1787404500000,767.96,767.96,767.96,767.96,95.457428
1787406300000,767.96,767.96,767.47,767.47,169.292492
1787407200000,767.96,767.96,767.96,767.96,31.716748
1787409900000,767.96,767.96,767.96,767.96,516.606692
1787412600000,767.96,767.96,767.45,767.45,255.901527
1787415300000,767.96,767.96,767.54,767.54,30.24935
1787419800000,767.96,767.96,767.45,767.45,133.816254
1787420700000,767.96,767.96,767.45,767.86,259.122759
1787422500000,767.93,767.93,767.43,767.43,348.38362
1787426100000,767.9,767.9,767.37,767.37,466.370777
1787427900000,767.9,767.91,767.35,767.35,391.282604
1787428800000,767.9,767.91,767.07,767.49,1182.395825
1787429700000,767.76,767.93,767.2,767.54,1806.62886
1787430600000,767.93,767.96,767.04,767.04,523.540751
1787446800000,767.04,767.04,767.04,767.04,26.769696
1787452200000,767.96,767.96,767.96,767.96,10.060276
1787470200000,767.96,767.96,767.96,767.96,174.787696
1787493600000,767.96,767.96,767.96,767.96,61.667188
1787498100000,767.96,767.96,767.96,767.96,99.988392
1787499000000,767.96,767.96,767.96,767.96,10.981828
1787501700000,767.96,767.96,767.0,767.0,30.238712
1787512500000,767.96,767.96,766.21,767.44,1072.932835
1787523300000,767.78,767.78,767.18,767.18,31.927168
1787529600000,766.99,766.99,766.29,766.39,4767624.09
1787530500000,766.35,766.35,765.12,765.44,8999177.65
1787531400000,765.38,765.56,765.29,765.41,1279806.95
1787532300000,765.41,766.34,765.34,766.25,3640958.25
1787533200000,766.48,766.78,766.19,766.68,3655526.5
1787534100000,766.68,766.79,766.3,766.3,1729249.81
1787535000000,766.29,766.41,766.09,766.25,855830.37
1787535900000,766.23,766.44,765.61,765.61,1216485.96
1787536800000,765.59,766.01,765.3,766.01,2743206.56
1787537700000,766.08,766.19,765.94,766.05,746894.39
1787538600000,766.09,766.21,766.01,766.21,668810.8
1787539500000,766.19,766.27,765.88,765.96,600604.61
1787540400000,766.16,766.17,765.42,765.47,1575146.67
1787541300000,765.45,765.58,765.4,765.47,1538549.31
1787542200000,765.41,765.42,765.09,765.09,1711136.22
1787543100000,765.1,765.26,764.81,764.87,3546604.11
1787544000000,764.89,765.03,764.81,764.97,1164177.2
1787544900000,765.04,765.04,764.69,764.69,1625985.4
1787545800000,764.95,764.96,764.68,764.88,535363.32
1787546700000,764.9,764.95,764.54,764.57,825081.71
1787547600000,764.58,765.05,764.57,765.05,852702.81
1787548500000,764.94,764.94,764.64,764.64,1569335.9
1787549400000,764.62,764.7,764.14,764.49,1605310.11
1787550300000,764.45,764.45,764.12,764.27,1157104.49
1787551200000,764.22,764.36,763.79,763.98,3644138.83
1787552100000,763.9,764.03,763.47,763.93,3260649.06
1787553000000,763.91,764.05,763.66,763.72,953341.82
1787553900000,763.75,764.11,763.66,763.96,902066.21
1787554800000,763.86,764.39,763.8,764.39,1049028.05
1787555700000,764.39,764.4,764.03,764.03,278937.6
1787556600000,764.04,764.47,763.91,763.91,405840.42
1787557500000,763.99,763.99,763.64,763.67,882175.68
1787558400000,766.949,766.949,763.548,764.161,58789927.66719314
1787559300000,763.99,764.499,763.99,763.99,186939699.60744342
1787560200000,764.73,764.845,764.268,764.72,3624880.66160971
1787561100000,764.806,764.945,764.691,764.691,2590166.04331235
1787562000000,764.681,764.974,764.507,764.809,4371231.48796647
1787562900000,764.804,764.804,764.38,764.423,5863700.040440246
1787563800000,764.423,764.745,764.422,764.605,1463755.38649889
1787564700000,764.608,764.8,764.556,764.616,1994194.04668699
1787565600000,764.54,764.726,764.277,764.54,2678052.81257172
1787566500000,764.21,764.519,764.149,764.27,7070226.73138951
1787567400000,764.164,764.521,763.966,763.974,6374930.638916361
1787568300000,763.975,764.033,763.561,763.611,4523746.11161545
1787569200000,763.63,763.671,763.092,763.31,18370723.83668246
1787570100000,763.76,763.79,763.34,763.58,10428866.73470333
1787571000000,763.74,765.22,763.572,764.75,104488583.45448071
1787571900000,764.44,764.695,764.248,764.51,14953881.17155916
1787572800000,764.53,764.547,764.178,764.29,19526883.74095243
1787573700000,764.36,764.69,764.202,764.69,29676602.81928347
1787574600000,764.47,764.68,763.54,764.35,167957255.41862747
1787575500000,764.196,764.51,764.184,764.384,8324593.2135038255
1787576400000,764.384,764.55,764.28,764.336,107148336.15436521
1787577300000,764.49,764.709,764.211,764.37,71898621.57885204
1787578200000,764.74,764.8,762.19,762.19,1654425413.4389842
1787579100000,762.18,763.65,762.08,763.38,1259258208.5217829
1787580000000,763.4,763.93,762.5,762.974,964479437.8736552
1787580900000,762.98,763.49,762.665,762.9,1402524451.4005563
1787581800000,762.925,764.09,762.77,763.765,2269016909.905305
1787582700000,763.685,763.94,763.42,763.68,687585770.1436344
1787583600000,763.652,763.815,762.72,762.753,639480539.9680727
1787584500000,762.751,763.99,762.4,763.735,801719545.19788
1787585400000,763.73,764.42,763.41,764.24,684386733.0654415
1787586300000,764.315,764.74,764.19,764.53,559590903.4449192
1787587200000,764.515,765.11,764.43,764.66,535665814.9557264
1787588100000,764.639,765.193,764.62,764.906,705437108.2429092
1787589000000,764.935,764.99,764.19,764.32,539170083.3637412
1787589900000,764.28,764.44,764.13,764.2,307613815.7838717
1787590800000,764.185,764.75,763.885,764.505,493397701.0634088
1787591700000,764.477,764.58,763.35,763.41,688652020.730031
1787592600000,763.412,763.55,763.1,763.127,526162050.60129416
1787593500000,763.124,763.48,763.05,763.299,649765557.1407623
1787594400000,763.3,764.25,763.29,764.25,464042182.503029
1787595300000,764.26,764.84,764.13,764.825,675843855.0767359
1787596200000,764.81,765.12,764.12,764.32,554172436.3369702
1787597100000,764.345,764.41,764.01,764.015,560468196.6245471
1787598000000,763.95,764.21,763.8,764.21,400604827.43334067
1787598900000,764.085,764.23,763.92,763.975,444259423.7958958
1787599800000,763.965,764.245,763.56,763.63,669962517.6944035
1787600700000,763.657,763.95,763.37,763.46,3012710834.295621
1787601600000,763.547,763.887,763.37,763.712,3672715754.265838
1787602500000,763.706,763.706,763.265,763.28,202978318.2412012
1787603400000,763.46,763.73,763.272,763.73,107652855.63094391
1787604300000,763.68,764.05,763.61,764.05,35941227.09308314
1787605200000,763.93,764.027,763.91,763.93,62962084.70352875
1787606100000,763.973,764.034,763.973,764.01,5162575.54012403
1787607000000,764.01,764.05,764.01,764.05,3734623.7403537
1787607900000,764.05,764.084,764.041,764.041,1792421.10588934
1787608800000,764.09,764.264,763.981,764.09,278672134.816199
1787609700000,764.003,764.092,763.997,764.044,2392371.87843162
1787610600000,764.042,764.058,763.932,763.961,2272201.366931068
1787611500000,763.96,764.029,763.941,764.029,2653240.50371018
1787612400000,764.09,764.09,763.994,764.09,11857221.1867397
1787613300000,764.05,764.104,763.845,764.05,4277159.00873972
1787614200000,763.55,763.848,763.415,763.48,8694215.48037676
1787615100000,763.5,763.673,763.452,763.5,9194745.93559954
1787616000000,763.646,763.69,763.06,763.16,4971538.98
1787616900000,763.13,763.46,762.72,763.46,6111425.58
1787617800000,763.46,764.03,763.46,763.98,2088050.84
1787618700000,764.06,764.2,764.03,764.11,4274152.29
1787619600000,764.06,764.15,763.93,764.13,1836040.32
1787620500000,764.03,764.15,763.77,763.86,391920.41
1787621400000,763.91,764.31,763.91,764.11,1788967.62
1787622300000,764.11,764.26,764.01,764.01,995695.3
1787623200000,764.05,764.17,763.51,763.58,733394.36
1787624100000,763.64,763.92,763.51,763.84,811031.98
1787625000000,763.83,764.2,763.82,763.9,1229238.55
1787625900000,763.84,763.84,763.37,763.44,2329551.59
1787626800000,763.55,764.33,763.55,764.17,1377582.5
1787627700000,764.16,764.4,764.16,764.4,442528.58
1787628600000,764.38,764.5,764.26,764.31,3631819.47
1787629500000,764.25,764.25,764.05,764.1,268970.9
1787630400000,764.15,764.46,764.14,764.35,606128.21
1787631300000,764.51,764.52,764.39,764.47,412027.54
1787632200000,764.47,764.57,764.38,764.49,280559.95
1787633100000,764.51,764.53,764.24,764.26,820169.21
1787634000000,764.35,764.63,764.35,764.46,851723.42
1787634900000,764.5,764.62,764.5,764.58,843346.73
1787635800000,764.58,764.69,764.45,764.51,496210.66
1787636700000,764.43,764.69,764.42,764.68,2630589.35
1787637600000,764.75,764.93,764.69,764.8,670722.47
1787638500000,764.81,765.58,764.7,765.15,3775712.76
1787639400000,765.16,765.32,765.13,765.32,357322.28
1787640300000,765.48,765.55,765.18,765.55,552584.42
1787641200000,765.58,765.87,765.41,765.41,1503035.16
1787642100000,765.45,765.6,764.94,764.94,1419734.24
1787643000000,765.11,765.26,765.03,765.26,1182861.75
1787643900000,765.23,765.24,764.83,764.98,586821.95
1787644800000,765.02,765.132,763.646,765.05,38018011.55727423
1787645700000,764.825,766.497,764.82,765.76,26909965.42845657
1787646600000,765.766,766.1,765.588,765.857,6411865.118227104
1787647500000,766.08,766.379,765.858,766.08,4106844.66028228
1787648400000,766.34,766.696,766.156,766.34,9827422.47926981
1787649300000,766.583,766.68,766.422,766.553,5003811.13224222
1787650200000,766.77,767.488,766.537,767.33,13827617.22858419
1787651100000,767.183,767.99,767.115,767.613,40906340.017459996
1787652000000,767.34,767.609,767.159,767.34,8232647.8836738
1787652900000,767.28,767.424,766.987,767.24,23887854.97883133
1787653800000,766.91,767.077,766.696,766.89,7575597.86640205
1787654700000,766.85,766.939,766.676,766.84,3273553.15835119
1787655600000,766.853,766.856,766.238,766.456,77779111.33799516
1787656500000,766.53,766.639,766.336,766.63,9728734.37856943
1787657400000,766.56,766.93,766.531,766.93,13597955.36740903
1787658300000,767.1,767.33,766.826,767.03,92825924.07010345
1787659200000,767.11,767.182,766.806,767.14,28055952.10287229
1787660100000,767.08,767.378,767.027,767.19,34351375.26370398
1787661000000,766.99,767.181,766.18,766.5,66381824.21058112
1787661900000,766.62,766.64,766.325,766.49,28434311.30193283
1787662800000,766.44,766.65,766.214,766.65,67574283.54651158
1787663700000,766.497,766.675,766.245,766.245,95295207.73965283
1787664600000,766.17,766.73,765.86,766.14,1072352086.8473803
1787665500000,766.16,766.71,765.52,765.7,905329841.9940565
1787666400000,765.645,765.78,765.09,765.195,817470099.3592097
1787667300000,765.165,765.635,764.7,764.7,819699547.4821484
1787668200000,764.719,765.05,763.1,764.304,1756468884.9393005
1787669100000,764.26,764.83,764.025,764.715,589588464.2669148
1787670000000,764.715,764.78,764.3,764.57,339599949.80880684
1787670900000,764.585,765.39,764.523,765.34,507533236.0557657
1787671800000,765.339,765.84,764.915,765.192,874131147.3611372
1787672700000,765.19,765.595,764.61,765.466,624460174.6718857
1787673600000,765.45,765.86,765.335,765.51,525318114.1974944
1787674500000,765.535,765.77,765.4,765.76,596951269.3950728
1787675400000,765.74,765.96,765.53,765.55,267409533.22152925
1787676300000,765.565,765.865,765.356,765.76,359600104.5462415
1787677200000,765.766,765.82,764.955,765.288,600225569.4934858
1787678100000,765.28,765.41,764.66,764.81,409612573.1662911
1787679000000,764.83,765.035,764.76,764.85,1043437562.6450512
1787679900000,764.88,765.155,764.84,765.055,327419110.6145197
1787680800000,765.042,765.08,764.81,764.815,476801552.9396
1787681700000,764.811,765.0,764.72,764.96,555127325.350533
1787682600000,764.97,765.57,764.97,765.55,437421811.63892484
1787683500000,765.58,765.87,765.54,765.645,779215147.525184
1787684400000,765.67,765.84,765.105,765.125,829056799.3705081
1787685300000,765.105,765.195,764.86,765.19,640153717.6756206
1787686200000,765.171,765.63,765.025,765.407,1261905766.6697094
1787687100000,765.38,766.2,765.24,765.8,2455014232.006907
1787688000000,765.86,766.02,765.4,765.89,1382113169.304708
1787688900000,765.89,766.259,765.85,766.1,106822904.52385926
1787689800000,766.19,766.213,765.89,766.13,40689527.69390696
1787690700000,765.89,765.899,765.711,765.833,263045736.93291298
1787691600000,765.79,765.905,765.747,765.78,247793250.5924701
1787692500000,766.0,766.0,765.865,766.0,6828949.83713771
1787693400000,765.898,765.935,765.88,765.91,1676931.65987616
1787694300000,766.0,766.06,765.882,766.0,7273479.23173618
1787695200000,765.82,766.065,765.81,765.896,13831959.493723633
1787696100000,765.898,766.019,765.803,766.003,4355603.57231186
1787697000000,765.95,766.058,765.941,765.95,2271932.6109974
1787697900000,766.004,766.01,765.924,765.964,2980857.40551995
1787698800000,765.965,765.973,765.854,765.87,1995837.26532913
1787699700000,765.87,765.87,765.507,765.507,6445690.364026838
1787700600000,765.42,765.506,765.195,765.32,3456221.51016929
1787701500000,765.13,765.193,764.826,764.9,6968000.28055751
1787702400000,764.77,765.15,764.77,764.94,4084132.3
1787703300000,764.91,765.31,764.78,764.87,4411014.07
1787704200000,764.87,764.89,764.45,764.6,1030677.31
1787705100000,764.54,764.67,764.16,764.16,2299613.16
1787706000000,764.22,764.58,764.22,764.5,1421153.05
1787706900000,764.44,764.56,764.12,764.16,2857630.95
1787707800000,764.11,764.24,763.9,764.13,1834629.06
1787708700000,764.11,764.24,763.99,764.23,914623.67
1787709600000,764.26,764.3,764.02,764.29,501328.66
1787710500000,764.3,764.66,764.3,764.65,2534302.9
1787711400000,764.65,765.26,764.64,765.26,1312797.65
1787712300000,765.2,765.5,765.2,765.39,1278128.42
1787713200000,765.36,765.6,765.31,765.6,248743.96
1787714100000,765.52,765.54,765.34,765.34,298521.6
1787715000000,765.33,765.63,765.25,765.57,673593.64
1787715900000,765.62,765.97,765.62,765.8,1305027.14
1787716800000,765.77,765.88,765.75,765.76,211361.66
1787717700000,765.81,765.88,765.75,765.79,284885.98
1787718600000,765.82,765.82,765.59,765.59,58190.46
1787719500000,765.54,765.54,765.02,765.12,590704.56
1787720400000,765.14,765.52,765.14,765.39,353574.3
1787721300000,765.32,765.33,765.23,765.28,309175.33
1787722200000,765.5,765.52,765.3,765.3,303089.18
1787723100000,765.34,765.34,765.2,765.31,3531810.21
1787724000000,765.28,765.39,764.84,765.14,851606.62
1787724900000,764.99,765.13,764.87,765.09,2686456.85
1787725800000,765.06,765.64,765.06,765.64,1073693.68
1787726700000,765.67,765.84,765.4,765.6,1511622.32
1787727600000,765.48,765.67,765.01,765.53,1650224.84
1787728500000,765.59,765.59,765.09,765.11,1008030.82
1787729400000,765.2,765.21,764.87,765.18,743696.04
1787730300000,765.09,765.42,765.04,765.42,772865.08
1787731200000,764.936,765.78,764.936,765.348,22319525.28260951
1787732100000,765.1,765.649,765.09,765.09,3703561.76838907
1787733000000,765.651,765.862,765.44,765.81,596543.90217219
1787733900000,765.81,765.81,765.381,765.624,3831394.75097733
1787734800000,765.57,765.743,765.431,765.57,1972416.43237196
1787735700000,765.442,765.471,765.132,765.247,3686833.47120587
1787736600000,765.248,765.549,765.248,765.417,1307923.9128310326
1787737500000,765.416,765.715,765.416,765.699,1865931.39172858
1787738400000,765.697,765.697,765.223,765.223,986837.26509692
1787739300000,765.21,765.41,765.191,765.21,826044.09171385
1787740200000,765.189,765.759,765.02,765.539,2295535.18663525
1787741100000,765.59,765.63,765.42,765.59,7665989.31733047
1787742000000,765.47,765.819,765.45,765.78,10991097.45231095
1787742900000,765.89,766.16,765.601,766.14,13928457.75083833
1787743800000,765.28,765.929,765.224,765.4,31165646.59755805
1787744700000,765.419,765.61,765.127,765.554,44757620.22909162
1787745600000,765.57,765.582,765.355,765.57,9271983.92851266
1787746500000,765.42,766.37,765.322,766.37,19183602.83511494
1787747400000,765.94,766.412,764.853,764.98,113687387.85090946
1787748300000,765.07,765.182,764.53,764.9,34783185.6441055
1787749200000,764.782,764.995,764.522,764.967,23642284.864720628
1787750100000,764.9,764.973,764.674,764.75,64317730.16325567
1787751000000,764.73,766.58,764.67,766.29,1125925255.801174
1787751900000,766.31,766.89,765.65,766.89,738933431.7370883
1787752800000,766.73,766.95,766.09,766.18,545004609.9195527
1787753700000,766.168,766.35,764.83,765.107,820636121.6913462
1787754600000,765.01,765.6,764.92,765.39,493605823.97895557
1787755500000,765.395,765.935,765.09,765.86,461780409.5760852
1787756400000,765.88,766.46,765.852,766.295,612593154.367532
1787757300000,766.277,766.277,765.58,765.85,557588386.2252649
1787758200000,765.871,766.13,765.185,766.062,558266667.8689834
1787759100000,766.08,766.28,765.3,765.34,601471813.4965222
1787760000000,765.28,765.435,764.89,765.055,504395263.5156302
1787760900000,765.04,765.135,764.76,764.8,477184207.43750864
1787761800000,764.798,764.95,763.93,763.996,969872931.507296
1787762700000,763.999,764.8,763.96,764.71,777501834.8347597
1787763600000,764.6,765.13,764.58,765.13,371990230.3145601
1787764500000,765.19,765.72,765.12,765.67,529274383.4874371
1787765400000,765.64,765.84,765.47,765.73,449777617.3478961
1787766300000,765.68,765.85,765.46,765.67,354203657.2926691
1787767200000,765.68,765.84,765.397,765.402,579952187.5298773
1787768100000,765.42,765.98,765.345,765.55,447970593.08499414
1787769000000,765.54,765.885,765.525,765.88,684785133.8756108
1787769900000,765.89,766.635,765.853,766.49,767905629.0653661
1787770800000,766.53,767.33,766.47,766.96,706617505.6847419
1787771700000,766.943,767.265,766.815,766.901,872967231.3904059
1787772600000,766.9,766.91,766.6,766.7,1132768504.1619709
1787773500000,766.7,767.18,765.48,765.94,2712094074.18425
1787774400000,765.98,767.099,765.791,767.02,2557985681.6410327
1787775300000,767.21,767.314,765.9,766.43,196700665.90039727
1787776200000,766.515,766.591,766.12,766.401,218022015.56815958
1787777100000,766.4,767.659,766.385,767.55,40692425.44652911
1787778000000,768.14,769.286,767.557,769.0,229991844.5677636
1787778900000,769.29,769.969,769.134,769.94,346522544.46933514
1787779800000,769.79,770.194,769.587,770.01,136660484.59904617
1787780700000,770.11,770.35,769.915,770.015,113633827.42763099
1787781600000,769.01,770.213,769.01,769.76,133321142.71272025
1787782500000,770.45,770.61,769.906,770.61,17972113.77691781
1787783400000,770.53,770.853,770.498,770.83,109697945.63382345
1787784300000,770.82,770.865,770.368,770.47,49645714.54092113
1787785200000,770.423,770.445,770.21,770.265,17072971.807662588
1787786100000,770.3,770.327,770.136,770.3,11619410.77382814
1787787000000,770.26,770.3,770.175,770.21,6168308.16508124
1787787900000,770.18,770.675,770.18,770.24,17453067.98158044
1787788800000,770.76,770.76,769.99,770.0,11559.69
1787789700000,770.0,770.04,769.78,770.0,2035681.21
1787790600000,769.95,769.95,768.95,768.97,3963073.05
1787791500000,768.99,768.99,768.35,768.54,6236888.41
1787792400000,768.51,768.95,768.36,768.61,5356603.38
1787793300000,768.63,769.2,768.59,769.11,1141740.57
1787794200000,769.12,769.48,768.83,768.83,1943972.79
1787795100000,768.88,769.49,768.87,769.41,2873571.21
1787796000000,769.33,769.58,769.25,769.57,1066454.77
1787796900000,769.57,769.58,769.38,769.47,312392.6
1787797800000,769.56,769.68,769.54,769.61,1055915.65
1787798700000,769.6,769.82,769.59,769.7,1055238.47
1787799600000,769.64,769.73,769.4,769.44,459441.47
1787800500000,769.57,769.93,769.56,769.93,795193.29
1787801400000,769.86,769.86,769.67,769.67,511903.49
1787802300000,769.63,769.71,769.39,769.42,1445224.05
1787803200000,769.53,769.57,769.37,769.49,2676155.82
1787804100000,769.46,769.58,769.29,769.29,2687019.73
1787805000000,769.31,769.32,768.81,768.99,1832056.08
1787805900000,768.98,769.07,768.78,768.82,1111054.22
1787806800000,768.94,768.94,768.41,768.48,5065891.5
1787807700000,768.44,768.5,768.15,768.29,1981561.66
1787808600000,768.23,768.33,767.88,767.88,2073123.36
1787809500000,767.94,768.17,767.91,768.04,2419982.11
1787810400000,768.0,768.08,767.6,767.81,5397979.52
1787811300000,768.05,768.18,768.04,768.07,254239.92
1787812200000,768.21,768.47,768.17,768.47,421789.17
1787813100000,768.5,768.63,768.36,768.61,355833.17
1787814000000,768.54,768.94,768.28,768.92,1353509.62
1787814900000,768.92,768.95,768.69,768.79,1496202.95
1787815800000,769.0,769.02,768.5,768.56,4078066.37
1787816700000,768.59,769.06,768.55,768.87,694358.28
1787817600000,769.23,770.636,768.975,770.02,55201186.3749111
1787818500000,769.79,770.256,769.559,770.18,15807630.4553019
1787819400000,769.9,770.259,769.711,769.87,8125795.75093573
1787820300000,769.809,770.179,769.596,769.681,4688124.76053204
1787821200000,769.54,769.702,769.0,769.0,18037403.75994174
1787822100000,768.996,769.438,768.757,769.302,57776057.49750619
1787823000000,769.54,769.662,769.299,769.56,4337812.65829088
1787823900000,769.62,769.654,769.231,769.62,2213659.88696705
1787824800000,769.267,769.267,768.939,769.076,4234508.95416903
1787825700000,769.16,769.2,768.83,768.86,10370623.11015869
1787826600000,768.83,769.11,768.687,769.103,13869703.967701009
1787827500000,769.19,769.253,768.805,769.22,6473344.00592303
1787828400000,769.29,769.777,769.039,769.25,17974652.36349232
1787829300000,769.62,769.746,769.101,769.13,92232445.66936551
1787830200000,769.16,769.172,768.65,768.97,64264181.55240356
1787831100000,768.49,769.078,768.382,768.68,21375267.75263264
1787832000000,769.04,769.462,768.986,769.46,39777855.24813546
1787832900000,769.41,769.41,769.01,769.04,115586668.76466006
1787833800000,768.98,769.111,768.05,768.76,30270562.00902914
1787834700000,768.052,768.218,767.974,768.01,49749343.16986433
1787835600000,768.08,768.392,767.928,768.23,85095373.28318879
1787836500000,768.17,768.54,768.09,768.42,66899673.82547043
1787837400000,768.5,769.18,767.15,769.18,2024641433.3452806
1787838300000,769.235,769.69,767.635,768.32,1771771248.0341234
1787839200000,768.416,769.07,768.09,768.661,1019689260.9088801
1787840100000,768.7,769.875,768.664,769.68,885370925.4654793
1787841000000,769.72,770.01,769.14,769.62,495606514.3453243
1787841900000,769.61,770.415,769.38,770.315,600195870.6431929
1787842800000,770.337,770.83,770.22,770.817,778637854.6344202
1787843700000,770.819,771.085,770.235,770.281,628950553.545749
1787844600000,770.284,770.615,769.61,769.659,1049195554.3406419
1787845500000,769.55,770.86,769.39,770.68,556584525.0844777
1787846400000,770.615,770.97,770.435,770.61,403717934.9409767
1787847300000,770.598,770.9,770.35,770.883,492467972.3601559
1787848200000,770.89,771.765,770.82,771.667,580359373.371481
1787849100000,771.745,772.02,771.605,772.02,494386884.2400438
1787850000000,772.03,772.35,771.774,772.13,434870282.84907335
1787850900000,772.23,772.28,771.71,771.71,778146483.5459279
1787851800000,771.74,772.06,771.63,771.651,512521787.7942686
1787852700000,771.649,771.665,771.09,771.23,838379173.0312116
1787853600000,771.23,771.37,770.0,770.251,976099439.4134436
1787854500000,770.26,770.458,769.27,769.45,613207707.9836327
1787855400000,769.5,770.11,769.418,769.93,658346059.33023
1787856300000,769.89,770.05,769.185,769.69,700509101.4376663
1787857200000,769.687,770.24,769.52,769.9,1335884924.342334
1787858100000,769.925,770.27,769.76,769.97,786092172.5014918
1787859000000,769.955,770.68,769.87,770.585,821142389.3170345
1787859900000,770.63,771.37,770.4,771.09,3379290349.0588474
1787860800000,771.176,771.176,770.37,770.423,2248506621.859337
1787861700000,770.42,770.494,770.09,770.202,1102840890.903587
1787862600000,770.203,770.31,770.135,770.247,397023566.8842878
1787863500000,770.249,770.309,770.066,770.205,179920676.30270198
1787864400000,770.208,770.395,770.208,770.315,339292718.13716024
1787865300000,770.315,770.434,770.315,770.352,4018355.34612385
1787866200000,770.353,770.42,770.32,770.345,5109107.98733408
1787867100000,770.345,770.38,770.271,770.327,4804370.07295256
1787868000000,769.99,770.344,769.801,770.0,20302079.55758821
1787868900000,770.044,770.294,770.018,770.249,4567199.96921222
1787869800000,770.251,770.306,770.165,770.196,1104174.0204103
1787870700000,770.194,770.219,770.085,770.147,1972827.446469513
1787871600000,770.19,770.19,769.896,770.0,8163976.23069857
1787872500000,769.954,769.965,769.882,769.882,7472317.1609253
1787873400000,769.88,769.899,769.8,769.83,3229092.4271697
1787874300000,769.833,769.833,769.636,769.786,15878647.81791096
1787875200000,770.18,770.7,769.788,770.7,4353471.79
1787876100000,770.67,770.67,770.37,770.62,2653793.88
1787877000000,770.67,770.77,770.54,770.74,1796411.43
1787877900000,770.69,770.83,770.65,770.71,577275.75
1787878800000,770.73,771.11,770.71,771.06,1810017.97
1787879700000,771.05,771.12,770.89,770.94,690861.83
1787880600000,770.93,771.07,770.86,770.93,586699.91
1787881500000,771.02,771.38,770.93,771.37,1108957.33
1787882400000,771.46,771.77,771.46,771.67,1877384.79
1787883300000,771.67,771.8,771.65,771.67,1635999.63
1787884200000,771.61,771.61,771.17,771.17,443552.66
1787885100000,771.18,771.2,771.01,771.2,293800.91
1787886000000,771.23,771.74,771.21,771.69,1282096.14
1787886900000,771.62,771.85,771.59,771.81,1051747.99
1787887800000,771.76,771.77,771.04,771.04,438148.64
1787888700000,771.05,771.33,770.99,771.3,224394.88
1787889600000,771.28,771.31,770.96,771.13,483469.41
1787890500000,771.14,771.19,771.08,771.12,899147.66
1787891400000,771.1,771.1,770.91,770.97,659965.84
1787892300000,770.97,770.99,770.87,770.9,131059.39
1787893200000,770.92,770.92,770.68,770.71,553392.64
1787894100000,770.74,770.74,770.58,770.58,152595.82
1787895000000,770.56,770.66,770.37,770.49,234995.93
1787895900000,770.51,770.51,770.31,770.33,732666.19
1787896800000,770.31,770.6,770.26,770.52,489218.39
1787897700000,770.54,770.81,770.49,770.49,340604.43
1787898600000,770.59,771.01,770.59,771.01,1011940.9
1787899500000,771.09,771.38,771.09,771.38,678716.39
1787900400000,771.5,771.5,771.0,771.24,2298130.64
1787901300000,771.18,771.32,771.08,771.29,315433.1
1787902200000,771.4,771.4,771.05,771.05,154259.77
1787903100000,771.28,771.3,771.06,771.14,247539.84
1787904000000,771.0,771.214,769.795,771.0,22629189.26923053
1787904900000,770.949,771.134,770.814,771.07,4020485.184407525
1787905800000,771.47,771.593,771.035,771.47,2565645.32543481
1787906700000,771.408,771.408,770.971,771.139,2158134.1473712
1787907600000,771.14,771.153,770.943,770.97,1994699.54357367
1787908500000,770.969,771.124,770.773,771.054,1408721.24670313
1787909400000,771.052,771.065,770.895,770.896,716008.44677792
1787910300000,771.04,771.166,770.898,771.04,1472094.52729829
1787911200000,770.9,771.01,770.848,770.9,5434448.70606573
1787912100000,770.93,771.088,770.867,771.061,362202.59719226
1787913000000,771.061,771.135,770.841,770.841,964202.4033404422
1787913900000,770.839,771.07,770.781,771.064,865373.30124814
1787914800000,771.13,771.19,770.841,771.02,63086520.12841108
1787915700000,771.09,771.388,771.043,771.24,49228486.38449013
1787916600000,771.34,771.45,771.022,771.14,3882451.49066211
1787917500000,771.025,771.217,771.007,771.098,29050330.86733754
1787918400000,771.11,771.76,771.067,771.69,48738929.42710892
1787919300000,771.8,772.142,771.726,772.01,33797870.60112823
1787920200000,771.5,772.104,771.491,772.09,63134293.03533936
1787921100000,772.11,772.23,772.008,772.23,26710536.75492222
1787922000000,772.102,772.54,772.002,772.075,37086800.05643518
1787922900000,772.1,772.112,771.44,771.78,78996303.47177477
1787923800000,771.74,772.79,771.47,772.62,949527626.8713721
1787924700000,772.57,772.87,771.63,771.68,814858933.574071
1787925600000,771.74,773.1,769.77,770.22,1815704129.2560008
1787926500000,770.141,772.23,770.13,771.217,1689122868.380184
1787927400000,771.3,773.55,770.96,773.39,826617570.7122737
1787928300000,773.44,774.99,773.2,774.93,1372598699.807679
1787929200000,774.94,775.29,773.84,774.21,1097453547.4626498
1787930100000,774.197,775.185,774.197,774.922,837323005.6614636
1787931000000,774.932,774.99,772.69,772.792,1144560516.495976
1787931900000,772.84,773.01,770.85,771.09,1057618975.2647227
1787932800000,771.095,771.62,770.5,770.98,1062062040.5713947
1787933700000,770.97,771.141,769.16,769.61,836929690.8551054
1787934600000,769.61,770.62,769.578,769.617,707266829.3399011
1787935500000,769.68,770.619,769.623,769.743,1097260117.2607038
1787936400000,769.615,769.734,768.38,769.31,760026357.2269702
1787937300000,769.36,769.365,768.595,768.82,535679024.8546295
1787938200000,768.866,769.49,768.65,769.024,629852271.4608251
1787939100000,769.029,769.73,768.955,769.535,480463957.591106
1787940000000,769.55,769.771,769.205,769.24,453230703.30360055
1787940900000,769.22,769.51,768.89,769.06,381255272.42913115
1787941800000,769.04,769.533,769.02,769.29,530037583.4034932
1787942700000,769.26,769.295,768.3,768.685,502200833.62802523
1787943600000,768.683,769.37,768.48,769.227,1020995527.4953392
1787944500000,769.228,769.59,769.0,769.505,1124927673.640906
1787945400000,769.51,769.78,769.14,769.61,1144543717.5347278
1787946300000,769.6,769.89,769.01,769.36,3447246367.671451
1787947200000,769.24,769.47,769.03,769.17,2362693687.512801
1787948100000,769.18,769.187,769.06,769.14,575155303.463474
1787949000000,769.111,769.468,769.038,769.46,143458194.68023646
1787949900000,769.46,769.622,769.406,769.49,173929688.47339374
1787950800000,769.37,769.669,769.31,769.36,252179623.8862614
1787951700000,769.26,769.309,769.051,769.26,17455689.10705493
1787952600000,769.17,769.295,769.105,769.295,7953517.71525001
1787953500000,769.295,769.42,769.295,769.4,10389585.781847954
1787954400000,769.4,769.495,769.315,769.425,1659911.71035036
1787955300000,769.425,769.425,769.275,769.275,2626029.07802785
1787956200000,769.275,769.305,769.275,769.305,923665.33818917
1787957100000,769.305,769.415,769.3,769.315,2129537.76933199
1787958000000,769.315,769.33,769.295,769.319,1243201.718593756
1787958900000,769.28,769.344,769.265,769.28,2490056.79484842
1787959800000,769.295,769.334,769.257,769.334,1932890.08722177
1787960700000,769.334,769.429,769.256,769.421,13493340.64340329
1787961600000,769.419,769.419,767.31,767.31,11.893305
1787969700000,771.09,771.09,769.19,769.19,226.253645
1787983200000,770.76,770.76,769.37,770.11,1443.115741
1787994000000,770.73,770.73,769.9,769.9,53.333379
1787997600000,769.77,769.77,769.05,769.05,545.353083
1787999400000,769.48,769.48,769.05,769.05,118.527369
1788000300000,769.48,769.48,769.03,769.03,21.846842
1788003000000,769.03,769.03,769.03,769.03,20.071683
1788005700000,769.48,769.48,769.48,769.48,10.926616
1788017400000,768.9,768.9,768.9,768.9,33.8316
1788018300000,768.77,769.5,768.77,769.01,208.902904
1788019200000,769.38,769.52,768.58,768.58,828.605782
1788020100000,769.05,769.15,768.51,768.51,355.311633
1788024600000,768.64,768.64,768.64,768.64,10.914688
1788033600000,768.64,768.64,768.32,768.32,21.363744
1788034500000,768.64,770.76,768.64,770.76,2832.582464
1788052500000,770.21,770.67,770.04,770.04,1223.740773
1788061500000,770.37,770.49,770.0,770.0,842.136919
1788063300000,770.55,770.55,770.55,770.55,15.796275
1788064200000,770.0,770.0,770.0,770.0,15.785
1788076800000,770.31,770.31,770.31,770.31,10.091061
1788102000000,770.31,770.31,770.31,770.31,154.062
1788111900000,770.41,770.41,770.09,770.09,115.448107
1788113700000,770.5,770.5,770.5,770.5,15.7182
1788114600000,770.09,770.09,770.09,770.09,15.709836
1788122700000,770.09,770.09,768.31,768.31,2198.056415
1788133500000,768.8,768.8,768.74,768.74,248.929466
1788134400000,766.31,766.64,765.64,766.58,17614337.25
1788135300000,766.58,767.12,766.58,767.09,5010948.85
1788136200000,767.09,767.57,767.05,767.33,1188676.82
1788137100000,767.36,767.36,766.81,766.92,3177704.51
1788138000000,766.84,766.84,765.87,766.33,6471896.65
1788138900000,766.37,766.44,765.92,766.16,5924970.96
1788139800000,766.14,766.3,765.94,766.19,3657365.9
1788140700000,766.0,766.25,765.94,766.21,2183272.45
1788141600000,766.0,766.81,766.0,766.79,870062.22
1788142500000,766.68,766.69,765.94,766.31,1524013.83
1788143400000,766.25,766.25,765.62,765.79,4395673.32
1788144300000,765.79,766.36,765.68,766.36,1616215.99
1788145200000,766.41,766.75,766.39,766.62,1087043.93
1788146100000,766.61,766.67,766.48,766.5,1044013.91
1788147000000,766.5,766.58,766.33,766.39,1031605.44
1788147900000,766.39,766.49,766.33,766.49,259054.31
1788148800000,766.5,766.5,766.31,766.45,306567.42
1788149700000,766.41,766.48,766.36,766.44,985612.17
1788150600000,766.45,766.8,766.29,766.79,779662.2
1788151500000,766.82,767.35,766.58,767.33,1633785.51
1788152400000,767.16,767.74,767.14,767.74,1332122.58
1788153300000,767.75,768.17,767.66,768.03,1875748.11
1788154200000,768.03,768.03,767.23,767.57,1624192.05
1788155100000,767.56,767.67,767.41,767.6,1672433.33
1788156000000,767.64,767.94,767.5,767.94,1561398.74
1788156900000,768.0,768.1,767.9,768.06,758042.55
1788157800000,768.03,768.23,767.95,768.1,686692.19
1788158700000,768.1,768.34,768.1,768.3,4743432.13
1788159600000,768.3,768.3,768.01,768.08,2031577.72
1788160500000,768.22,768.23,767.99,768.1,629100.18
1788161400000,768.12,768.25,767.99,767.99,210491.0
1788162300000,768.1,769.411,767.93,768.12,697410.5
1788163200000,768.03,769.411,768.03,768.53,40767928.57591436
1788164100000,768.304,768.434,768.141,768.428,2601591.00167924
1788165000000,768.429,768.459,768.227,768.227,1433288.48758907
1788165900000,768.247,768.589,768.247,768.381,3688876.23555521
1788166800000,768.388,768.59,768.276,768.574,717918.54148768
1788167700000,768.587,768.74,768.521,768.575,1959789.6142840155
1788168600000,768.566,768.566,768.188,768.211,1505915.63099739
1788169500000,768.0,768.213,767.905,768.0,3583954.09452698
1788170400000,767.923,768.109,767.74,768.049,1705139.40361664
1788171300000,768.047,768.11,767.84,768.11,1562075.04447001
1788172200000,768.096,768.096,767.906,768.033,2819815.65690531
1788173100000,768.034,768.269,767.964,768.164,2602464.83204442
1788174000000,768.09,768.229,767.9,767.9,9227197.37541141
1788174900000,767.94,768.286,767.885,767.94,5619206.05972918
1788175800000,768.03,768.254,767.48,767.51,37453472.04254525
1788176700000,767.36,767.62,767.261,767.57,14926438.84146099
1788177600000,767.45,767.958,766.79,767.63,110765822.12595889
1788178500000,767.85,768.044,766.78,767.2,61697513.59386176
1788179400000,767.057,767.293,766.367,766.489,133957103.77722661
1788180300000,766.48,766.658,766.355,766.51,28653206.1898299
1788181200000,766.68,767.019,766.478,767.01,62572771.86466997
1788182100000,767.14,767.357,766.945,767.32,68988356.11883669
1788183000000,767.34,767.61,765.755,765.82,1766550198.562495
1788183900000,765.86,766.69,765.49,766.21,1288779888.3584735
1788184800000,766.24,766.285,765.35,765.81,728572438.6255172
1788185700000,765.82,766.04,764.73,764.94,776550561.679286
1788186600000,764.885,766.06,764.8,765.79,656266796.2856472
1788187500000,765.82,766.39,765.38,765.95,516837895.44494456
1788188400000,765.93,766.47,765.56,765.75,634776866.0743176
1788189300000,765.74,766.15,765.39,765.91,402363132.8553778
1788190200000,765.95,765.958,765.42,765.845,467391718.71502656
1788191100000,765.86,766.35,765.32,765.36,408659565.317499
1788192000000,765.384,765.75,764.98,765.717,683813274.848582
1788192900000,765.705,765.93,765.28,765.91,598629636.4410808
1788193800000,765.905,765.93,765.2,765.435,548747963.6671166
1788194700000,765.43,765.97,765.43,765.88,362687123.7846947
1788195600000,765.77,765.92,765.54,765.86,290017026.70297337
1788196500000,765.925,766.05,765.395,765.47,308600860.9439394
1788197400000,765.44,766.23,765.2,766.23,366214971.10547525
1788198300000,766.26,766.81,766.15,766.5,478082045.015856
1788199200000,766.49,766.74,766.22,766.73,402401101.09874815
1788200100000,766.71,766.79,766.3,766.31,487469324.71306974
1788201000000,766.303,766.42,765.07,765.354,1371293597.3667
1788201900000,765.36,765.88,765.215,765.69,546692167.9972475
1788202800000,765.72,766.21,765.685,766.18,724953598.214915
1788203700000,766.2,766.75,765.985,766.67,529425174.6987481
1788204600000,766.605,767.18,766.19,767.04,940696819.1042557
1788205500000,767.25,767.995,766.58,766.79,8478339498.356405
1788206400000,767.15,767.61,766.9,767.31,3002859286.1934485
1788207300000,767.32,767.41,767.24,767.26,2703305321.2651844
1788208200000,767.35,767.51,767.288,767.51,465909573.1751389
1788209100000,767.33,767.444,767.252,767.38,136197946.43495753
1788210000000,767.301,767.44,767.282,767.44,141139616.13545686
1788210900000,767.44,767.444,767.386,767.39,9616151.7749981
1788211800000,767.43,767.435,767.386,767.42,6502116.09988743
1788212700000,767.45,767.45,767.37,767.37,3864395.69342279
1788213600000,767.45,767.45,767.241,767.45,10434606.33131418
1788214500000,767.4,767.424,767.291,767.349,2346158.019609589
1788215400000,767.42,767.434,767.31,767.31,3479650.84832558
1788216300000,767.24,767.4,767.236,767.24,3409324.11837159
1788217200000,767.32,767.445,767.293,767.32,1849346.05935315
1788218100000,767.39,767.454,767.27,767.454,2975677.86825144
1788219000000,767.455,767.68,767.406,767.603,10032056.408205435
1788219900000,767.604,767.619,767.423,767.537,6137946.90756109
1788220800000,767.68,768.03,766.57,767.63,4059281.0
1788221700000,767.63,768.05,767.57,767.85,4127256.72
1788222600000,767.86,767.96,767.64,767.77,589614.15
1788223500000,767.81,767.81,767.71,767.71,303273.97
1788224400000,767.8,767.83,767.49,767.67,2963170.24
1788225300000,767.73,767.73,767.23,767.25,1466673.23
1788226200000,767.2,767.75,767.12,767.66,1825172.41
1788227100000,767.68,767.7,767.49,767.61,938067.26
1788228000000,767.6,767.62,767.12,767.12,1256140.5
1788228900000,767.15,767.15,766.84,766.89,1409063.42
1788229800000,766.99,767.15,766.67,766.67,620388.4
1788230700000,766.73,767.31,766.64,767.24,821430.9
1788231600000,767.26,767.26,766.96,766.96,78241.84
1788232500000,766.95,767.0,766.88,766.88,971744.4
1788233400000,766.88,767.02,766.81,766.96,1045329.66
1788234300000,766.91,767.04,766.89,766.93,656519.51
1788235200000,766.98,767.09,766.88,766.93,118115.04
1788236100000,766.91,767.05,766.82,766.88,702507.93
1788237000000,766.88,766.96,766.68,766.69,953875.0
1788237900000,766.7,766.92,766.48,766.56,975164.87
1788238800000,766.54,766.62,766.41,766.48,281310.79
1788239700000,766.49,766.79,766.31,766.79,1949004.44
1788240600000,766.71,767.62,766.71,767.56,1238153.88
1788241500000,767.56,767.87,767.43,767.8,1088447.32
1788242400000,767.82,767.82,767.3,767.31,2038327.94
1788243300000,767.25,767.27,766.95,766.95,1159122.74
1788244200000,766.96,767.28,766.9,767.26,726462.04
1788245100000,767.08,767.22,767.04,767.07,198682.08
1788246000000,767.01,767.76,767.0,767.76,3091353.75
1788246900000,767.71,767.71,767.37,767.57,353846.22
1788247800000,767.53,767.53,766.4,766.4,1685415.95
1788248700000,766.35,767.536,766.02,766.36,1453089.03
1788249600000,766.14,767.338,764.773,765.335,53270640.77297213
1788250500000,764.984,765.072,763.784,763.823,13049958.83500733
1788251400000,763.6,764.149,763.249,763.43,11404934.95644718
1788252300000,763.57,763.831,763.204,763.32,9360734.88106514
1788253200000,763.11,763.23,762.546,762.63,17413827.68056365
1788254100000,762.69,762.71,762.21,762.23,32091336.83945768
1788255000000,762.47,762.617,762.303,762.42,7219856.25908127
1788255900000,762.86,762.899,762.571,762.86,7993592.34709736
1788256800000,762.656,762.919,762.432,762.852,4593381.55184502
1788257700000,762.76,763.483,762.656,763.345,16162250.5799668
1788258600000,763.46,763.71,763.251,763.65,22529845.23761374
1788259500000,763.18,763.46,762.77,763.46,30160519.99677462
1788260400000,762.83,762.968,762.592,762.86,57577786.65671436
1788261300000,762.95,763.129,762.789,763.09,109275298.16379432
1788262200000,763.14,763.607,763.013,763.54,28010061.75615247
1788263100000,763.25,763.444,762.464,762.59,28408888.30612034
1788264000000,762.37,762.583,762.19,762.36,53432891.79756589
1788264900000,762.69,762.78,762.2,762.64,108714749.77135304
1788265800000,762.38,762.609,761.842,762.17,140562216.88277927
1788266700000,762.26,762.424,762.017,762.06,53118871.28130812
1788267600000,762.0,762.049,761.51,761.77,84108881.34836642
1788268500000,761.77,762.153,761.632,762.04,70296754.24414872
1788269400000,762.02,762.327,761.2,761.991,1952983045.6577034
1788270300000,761.982,762.47,761.465,762.042,1213796893.6875603
1788271200000,762.08,763.06,761.77,763.03,855015405.0558882
1788272100000,762.975,764.01,762.975,763.76,839602361.5064288
1788273000000,763.77,764.56,763.742,764.15,934397700.7973326
1788273900000,764.12,764.345,763.37,763.475,736493811.4363266
1788274800000,763.538,763.64,762.68,763.02,893125050.8691635
1788275700000,762.94,763.6,762.865,763.59,596376891.6972561
1788276600000,763.62,764.23,763.445,764.23,565133604.8678032
1788277500000,764.19,764.67,764.12,764.265,693330058.9621516
1788278400000,764.29,764.34,763.52,763.53,595263296.5644413
1788279300000,763.525,763.62,762.29,762.54,1049758207.6918128
1788280200000,762.59,762.62,761.62,761.72,912335826.754707
1788281100000,761.69,762.385,761.63,762.3,437463088.3731755
1788282000000,762.26,762.287,761.5,761.99,575077957.0761468
1788282900000,761.92,762.15,760.86,761.67,766430483.9219167
1788283800000,761.677,762.22,761.645,762.078,1145805321.6946068
1788284700000,762.074,762.14,761.46,761.82,710993333.3565054
1788285600000,761.8,762.025,761.31,761.36,608322253.3957003
1788286500000,761.41,761.82,761.075,761.22,697563828.1288755
1788287400000,761.22,761.235,759.71,759.73,1411453967.4008212
1788288300000,759.725,760.9,759.48,760.72,928840618.4659705
1788289200000,760.66,761.47,760.64,761.44,843105992.7211235
1788290100000,761.49,761.57,761.07,761.38,905808718.3208199
1788291000000,761.37,761.39,760.74,761.04,1490080722.89424
1788291900000,761.03,761.76,760.59,761.64,3440588018.9333487
1788292800000,761.67,761.91,761.361,761.741,4909629277.467855
1788293700000,761.72,762.16,761.69,761.961,1337911032.209888
1788294600000,761.88,762.096,761.812,762.06,206390528.64246526
1788295500000,761.91,762.06,761.892,762.06,199407192.03129312
1788296400000,761.99,762.06,761.88,762.04,643881109.3968598
1788297300000,761.91,761.985,761.798,761.9,20645360.50113694
1788298200000,761.84,761.886,761.8,761.84,13028740.98692427
1788299100000,761.89,761.91,761.82,761.9,5665575.77498197
1788300000000,761.65,762.032,761.443,761.65,34817263.96057222
1788300900000,761.53,761.643,761.475,761.53,4671845.92227096
1788301800000,761.578,761.67,761.548,761.615,4112419.672779403
1788302700000,761.86,761.946,761.61,761.86,6771692.73132005
1788303600000,761.79,761.864,761.776,761.79,3848670.60784147
1788304500000,761.74,761.848,761.698,761.74,18617687.04436705
1788305400000,761.813,761.895,761.796,761.883,5592825.43508932
1788306300000,761.889,761.96,761.85,761.902,12504734.7023726
1788307200000,762.01,762.02,761.56,761.81,4994449.2
1788308100000,761.84,762.4,761.74,761.74,5209214.41
1788309000000,761.75,762.01,761.6,761.86,1293482.25
1788309900000,761.87,761.96,761.39,761.39,1621062.29
1788310800000,761.35,761.63,761.13,761.21,1485397.81
1788311700000,761.2,761.6,761.17,761.46,1887463.42
1788312600000,761.31,761.51,760.94,761.07,1962230.31
1788313500000,761.08,761.08,760.65,761.01,1104813.13
1788314400000,761.0,761.04,760.73,761.02,617098.74
1788315300000,761.06,761.51,761.03,761.4,666139.11
1788316200000,761.36,761.37,761.21,761.37,163673.02
1788317100000,761.47,761.5,761.32,761.44,766759.98
1788318000000,761.48,761.52,761.12,761.48,708064.98
1788318900000,761.45,761.45,761.19,761.19,429396.86
1788319800000,761.17,761.19,760.97,760.97,834898.7
1788320700000,761.03,761.03,760.8,760.87,1314801.25
1788321600000,760.84,760.9,760.64,760.68,491461.33
1788322500000,760.9,760.99,760.83,760.86,658983.53
1788323400000,760.94,760.94,760.8,760.83,119458.07
1788324300000,760.82,760.92,760.82,760.87,334797.58
1788325200000,760.91,761.09,760.69,761.06,502880.38
1788326100000,761.02,761.41,761.02,761.38,1582626.75
1788327000000,761.44,761.58,761.1,761.42,3904415.28
1788327900000,761.48,761.52,760.99,761.13,3323324.75
1788328800000,761.13,761.2,760.76,760.93,1686307.28
1788329700000,760.93,760.93,760.54,760.64,313365.26
1788330600000,760.55,761.62,760.51,761.44,1065242.21
1788331500000,761.2,761.45,761.07,761.45,648517.91
1788332400000,761.33,762.06,761.32,761.85,802172.54
1788333300000,761.69,761.95,761.36,761.52,711404.84
1788334200000,761.71,761.71,761.24,761.33,208618.34
1788335100000,761.28,761.42,760.99,761.42,678244.46
1788336000000,761.01,761.76,761.01,761.03,26933138.88522639
1788336900000,761.34,761.508,760.922,761.34,1424098.09690712
1788337800000,761.044,761.25,760.761,760.761,3711445.85247399
1788338700000,760.76,760.793,759.746,759.997,11775114.18029531
1788339600000,759.998,760.619,759.845,759.845,3532439.23838259
1788340500000,759.75,760.192,759.733,759.75,5344390.06648592
1788341400000,759.933,759.954,759.56,759.678,5558150.10049341
1788342300000,759.82,759.945,759.681,759.91,2634597.10085193
1788343200000,759.932,759.985,759.52,759.943,15208918.616625646
1788344100000,759.949,760.171,759.855,760.059,9409451.869427143
1788345000000,760.04,760.059,759.671,760.05,8625287.9240114
1788345900000,759.717,759.998,759.591,759.998,3514493.20782405
1788346800000,759.66,760.871,759.287,760.13,49882884.67780392
1788347700000,760.53,761.156,760.385,761.15,72767114.8772527
1788348600000,761.004,761.536,760.927,761.173,49272056.95774735
1788349500000,761.24,761.959,761.11,761.74,21494192.60002188
1788350400000,762.05,762.479,761.928,762.33,42272075.9378835
1788351300000,762.91,763.143,762.282,762.37,50826478.01786396
1788352200000,762.26,762.421,761.828,762.0,28001438.33768673
1788353100000,761.903,761.903,761.368,761.402,47961639.544718765
1788354000000,761.403,761.914,761.403,761.747,57789367.8344515
1788354900000,761.746,762.83,761.704,762.4085,49920612.3272432
1788355800000,762.45,762.83,761.7201,762.81,1358145075.7025964
1788356700000,762.8,763.0651,761.96,763.065,836582367.2528598
1788357600000,763.0379,764.29,762.8102,764.25,1173429139.1820843
1788358500000,764.255,765.585,759.885,765.277,1352977534.642239
1788359400000,765.25,766.31,764.96,766.28,765455233.2865765
1788360300000,766.3,766.3,765.18,765.31,669281848.1416842
1788361200000,765.34,765.76,765.15,765.52,531269828.10083693
1788362100000,765.53,766.4,765.45,766.295,404957402.8951715
1788363000000,766.315,766.43,765.65,765.67,536231877.0134704
1788363900000,765.64,765.95,764.97,765.91,446213372.15811926
1788364800000,765.92,765.93,765.55,765.7,252986378.57702914
1788365700000,765.68,765.689,764.68,764.8,294357479.4621712
1788366600000,764.85,765.28,764.69,764.69,318164945.63100785
1788367500000,764.795,765.23,764.7,764.94,237346445.6205324
1788368400000,765.01,765.462,764.61,764.94,313575974.645041
1788369300000,764.92,764.95,764.46,764.69,359543418.5599694
1788370200000,764.75,764.94,764.36,764.81,324911747.07354516
1788371100000,764.93,765.27,764.745,765.17,344110496.51011795
1788372000000,765.19,765.41,764.755,765.19,622741867.785548
1788372900000,765.16,766.06,765.16,765.29,689769888.6610105
1788373800000,765.308,765.525,764.66,764.71,704567866.1456312
1788374700000,764.72,765.0,764.6,764.78,969453069.8470316
1788375600000,764.8,765.455,764.68,765.38,639010826.9870483
1788376500000,765.395,765.495,765.06,765.42,790715737.0967265
1788377400000,765.465,765.48,765.05,765.345,711087154.130347
1788378300000,765.38,765.47,764.74,765.12,2185631782.8148403
1788379200000,765.13,765.55,764.975,765.45,3649697423.680294
1788380100000,765.34,765.403,764.16,764.5,297483414.03623754
1788381000000,764.48,764.574,764.346,764.45,74305370.57999896
1788381900000,764.3,764.582,764.281,764.34,658509978.6738199
1788382800000,764.349,764.545,764.305,764.32,2877795.58634759
1788383700000,765.01,765.195,764.204,765.01,152004991.3125127
1788384600000,764.881,765.065,764.86,764.92,13014590.67901387
1788385500000,764.92,765.02,764.706,764.879,27425615.15220605
1788386400000,764.66,765.047,764.547,764.7,29662024.95229346
1788387300000,765.03,765.281,764.916,765.03,11830920.93868907
1788388200000,765.12,765.215,765.082,765.12,2871218.23830024
1788389100000,765.145,765.145,764.911,764.932,5752774.72286821
1788390000000,764.933,765.078,764.881,764.881,3011462.73035666
1788390900000,764.8,765.008,764.8,764.8,1637894.79620843
1788391800000,765.11,765.11,764.975,765.07,37515319.26894421
1788392700000,765.21,765.429,765.107,765.38,12261124.64678798
1788393600000,765.17,765.376,764.98,764.99,2893591.25
1788394500000,765.01,765.01,764.61,764.77,5177345.91
1788395400000,764.73,764.8,764.62,764.72,721135.82
1788396300000,764.73,764.79,764.66,764.7,297490.3
1788397200000,764.64,765.11,764.64,765.07,989785.56
1788398100000,765.12,765.31,764.78,765.01,1012977.13
1788399000000,765.04,765.36,765.0,765.05,888359.09
1788399900000,764.9,765.12,764.65,764.65,1403621.52
1788400800000,764.6,765.3,764.6,765.17,1236018.53
1788401700000,765.26,765.34,765.13,765.21,821112.14
1788402600000,765.29,765.4,765.12,765.12,489806.89
1788403500000,765.11,765.38,765.11,765.26,395646.97
1788404400000,765.26,765.44,765.24,765.42,1188636.5
1788405300000,765.45,765.75,765.45,765.56,1239597.08
1788406200000,765.59,765.7,765.59,765.6,797772.06
1788407100000,765.6,765.8,765.54,765.67,1473837.64
1788408000000,765.72,765.85,765.65,765.71,676140.38
1788408900000,765.72,765.81,765.64,765.65,862985.39
1788409800000,765.58,765.75,765.5,765.56,729613.09
1788410700000,765.54,765.59,765.39,765.4,488393.44
1788411600000,765.39,765.4,764.54,764.68,1656671.58
1788412500000,764.59,764.59,763.59,763.99,2871080.85
1788413400000,764.0,764.6,764.0,764.6,699433.19
1788414300000,764.47,765.31,764.39,765.31,1119787.21
1788415200000,765.31,765.45,765.0,765.13,1705535.12
1788416100000,765.16,765.21,764.94,765.0,420767.66
1788417000000,765.09,765.17,764.91,765.07,2212386.75
1788417900000,765.06,765.06,764.7,764.79,532342.3
1788418800000,764.73,765.8,764.7,765.33,4137516.49
1788419700000,765.2,765.43,764.99,765.26,451523.48
1788420600000,765.4,766.01,765.29,765.9,1199157.61
1788421500000,765.77,765.77,765.11,765.7,634619.35
1788422400000,765.41,766.805,765.41,766.177,78693750.2132227
1788423300000,766.174,766.437,765.966,766.306,3250982.5578543437
1788424200000,766.315,766.353,766.022,766.048,2012243.7279785322
1788425100000,766.047,766.117,765.789,765.789,1443756.191740892
1788426000000,765.786,766.04,765.781,766.04,6914677.097523599
1788426900000,766.04,766.089,765.715,765.715,3977680.4654849432
1788427800000,765.708,765.736,765.39,765.443,2264003.89767365
1788428700000,765.442,765.442,764.697,764.838,5213557.217219851
1788429600000,764.837,765.149,764.618,764.671,5428517.15844812
1788430500000,764.673,764.809,764.452,764.529,6505540.8115698155
1788431400000,764.53,764.755,764.41,764.746,3242786.78995964
1788432300000,764.747,764.749,764.389,764.711,4130736.352731529
1788433200000,764.714,765.57,764.51,765.564,15209401.758114906
1788434100000,765.562,765.902,765.522,765.687,25111397.491349068
1788435000000,765.688,765.772,764.21,765.297,23214422.125932682
1788435900000,765.298,765.302,764.753,764.824,11042621.914711954
1788436800000,764.821,765.462,764.818,765.147,17283350.868865747
1788437700000,765.148,765.675,764.908,765.508,21884246.224171594
1788438600000,765.507,767.36,765.507,766.47,142482043.99763712
1788439500000,766.47,767.747,766.47,767.558,69460198.25576133
1788440400000,767.559,767.754,766.97,767.659,64667215.479525745
1788441300000,767.653,767.962,767.167,767.91,55729932.08602851
1788442200000,767.895,769.875,767.89,769.665,1381059770.8444002
1788443100000,769.687,770.04,769.125,769.455,3363136189.8189907
1788444000000,769.54,769.54,767.53,768.332,2103331961.5018978
1788444900000,768.336,769.06,768.26,768.707,788866497.9523803
1788445800000,768.702,768.945,767.84,768.2,781394190.4268086
1788446700000,768.174,769.3,767.46,769.267,1294568066.1380177
1788447600000,769.265,771.51,769.245,771.51,1646635488.6889234
1788448500000,771.53,772.95,771.444,772.91,1829659469.0532844
1788449400000,772.914,773.19,772.285,772.57,1177794177.5423298
1788450300000,772.571,773.3,772.571,773.274,842316383.125143
1788451200000,773.279,773.279,772.37,772.68,1040980432.3455698
1788452100000,772.672,772.82,772.235,772.444,674512358.8019431
1788453000000,772.445,773.19,772.31,773.144,703176420.1506593
1788453900000,773.14,773.225,772.745,772.894,518078814.48087555
1788454800000,772.893,772.975,772.35,772.405,470645405.4597337
1788455700000,772.44,772.644,772.135,772.644,418001836.7768131
1788456600000,772.644,773.19,772.644,773.068,586952892.6837841
1788457500000,773.069,773.5,772.885,773.262,697254885.9359772
1788458400000,773.263,773.93,773.263,773.822,848813560.4362437
1788459300000,773.821,774.025,773.58,773.74,726390667.8170065
1788460200000,773.722,773.91,773.5,773.61,602518743.2752422
1788461100000,773.604,773.86,773.4,773.68,721416159.4783255
1788462000000,773.66,773.7,773.33,773.382,1017913009.1635787
1788462900000,773.381,773.6,773.13,773.405,1600430303.5849245
1788463800000,773.405,773.545,773.21,773.25,2157194993.782925
1788464700000,773.2,773.42,772.69,773.125,4513732498.548637
1788465600000,773.009,773.068,772.62,772.82,4989124200.339447
1788466500000,772.807,772.82,771.82,772.495,757226022.2272246
1788467400000,772.494,772.633,772.48,772.537,44976008.621728264
1788468300000,772.536,772.542,772.25,772.4,127722179.95072986
1788469200000,772.4,772.65,772.323,772.61,1553768817.283963
1788470100000,772.611,772.635,772.512,772.595,17742486.051333386
1788471000000,772.595,772.62,772.461,772.605,339470407.6199987
1788471900000,772.605,772.65,772.538,772.538,15118710.380495116
1788472800000,772.536,772.596,772.311,772.404,939782723.5722797
1788473700000,772.401,772.608,772.389,772.53,9489406.747863304
1788474600000,772.534,772.66,772.534,772.602,4901292.062627659
1788475500000,772.601,772.715,772.597,772.715,4091952.7593011735
1788476400000,772.714,772.792,772.68,772.681,11653589.784349712
1788477300000,772.682,772.745,772.597,772.745,4830409.645508342
1788478200000,772.745,772.77,772.631,772.716,1995477.3553903294
1788479100000,772.711,772.819,772.651,772.716,8761317.003597092
1788480000000,772.718,773.15,772.718,773.04,5078001.96
1788480900000,773.03,773.31,772.99,773.22,5790992.86
1788481800000,773.29,773.33,773.18,773.29,2278054.75
1788482700000,773.33,773.51,773.33,773.48,1774262.56
1788483600000,773.43,773.46,773.22,773.22,1323168.48
1788484500000,773.22,773.52,773.15,773.34,1148455.72
1788485400000,773.43,773.55,773.34,773.46,1921897.32
1788486300000,773.47,773.47,773.21,773.44,723069.47
1788487200000,773.43,773.51,773.37,773.47,2191180.57
1788488100000,773.5,773.6,773.44,773.53,4250663.97
1788489000000,773.58,773.65,773.41,773.51,608797.74
1788489900000,773.41,773.67,773.39,773.65,685393.71
1788490800000,773.62,773.63,773.49,773.52,555425.27
1788491700000,773.63,773.72,773.59,773.61,438659.38
1788492600000,773.59,773.71,773.59,773.65,355882.91
1788493500000,773.6,773.65,773.51,773.61,601080.57
1788494400000,773.59,773.68,773.44,773.68,1767457.16
1788495300000,773.68,773.89,773.61,773.88,447979.77
1788496200000,773.9,773.99,773.77,773.8,749123.68
1788497100000,773.84,773.88,773.81,773.88,206617.46
1788498000000,773.9,774.11,773.89,774.1,731457.76
1788498900000,774.08,774.27,774.04,774.1,1976374.9
1788499800000,774.06,774.16,774.0,774.0,1284215.6
1788500700000,774.07,774.11,773.78,773.91,623774.37
1788501600000,773.93,774.15,773.91,774.15,688844.77
1788502500000,774.15,774.19,773.9,774.09,6187604.88
1788503400000,774.05,774.07,773.73,773.77,1347335.36
1788504300000,773.72,773.72,773.33,773.33,1828457.53
1788505200000,773.34,773.65,773.31,773.63,3425055.37
1788506100000,773.63,773.74,773.47,773.71,2443771.18
1788507000000,773.77,774.03,773.77,773.98,1023123.27
1788507900000,773.97,774.07,773.69,773.81,1889051.35
1788508800000,773.79,774.24,773.17,773.72,79590527.54532813
1788509700000,773.72,773.9292,773.679,773.9,8404924.060093617
1788510600000,773.901,773.95,773.68,773.7812,4505387.029660411
1788511500000,773.8492,774.05,773.779,773.97,11089315.750291375
1788512400000,773.94,773.959,773.5597,773.599,3678074.665603673
1788513300000,773.5597,773.64,773.3292,773.41,6496103.7454600865
1788514200000,773.4187,773.659,773.3315,773.57,1970998.045247947
1788515100000,773.621,773.6987,773.5136,773.6487,2945303.420133558
1788516000000,773.6,773.8,773.6,773.7315,6965519.354857792
1788516900000,773.72,774.06,773.6806,773.919,22389329.05504811
1788517800000,773.8892,773.91,773.685,773.91,9265663.008694902
1788518700000,773.93,774.1287,773.89,773.942,9384729.072058156
1788519600000,773.955,773.98,773.17,773.6097,25810491.510607637
1788520500000,773.6005,773.8099,773.6,773.6485,23817827.91680938
1788521400000,773.6688,773.85,773.66,773.81,16506418.847018503
1788522300000,773.81,774.15,773.8074,773.9942,43728223.947127834
1788523200000,773.9778,774.02,772.7676,772.8,107137220.04478945
1788524100000,772.81,773.97,772.665,773.56,73575374.52458166
1788525000000,773.2,773.4972,770.87,771.7771,512385876.8316672
1788525900000,771.7758,773.17,770.92,771.656,286061182.61109513
1788526800000,771.6071,771.6967,771.25,771.62,97674534.03613403
1788527700000,771.6571,772.1184,771.599,772.0315,85948095.25848936
1788528600000,772.01,772.87,771.84,772.1699,1930816196.4865456
1788529500000,772.165,772.62,771.8105,772.31,1322268114.0975766
1788530400000,772.32,772.36,770.84,771.63,1316713560.1204667
1788531300000,771.64,771.6893,770.76,771.21,869290246.1205992
1788532200000,771.205,771.2895,770.27,770.295,697206744.86728
1788533100000,770.31,770.49,769.3,769.45,1243968033.122783
1788534000000,769.46,769.94,769.05,769.94,1109523876.758962
1788534900000,769.95,769.985,769.11,769.44,1353448735.1518626
1788535800000,769.48,770.0475,769.0,769.9975,715122644.3418944
1788536700000,769.99,770.06,769.62,769.9575,624187791.8660747
1788537600000,769.955,770.74,769.83,770.73,581424021.6008273
1788538500000,770.73,771.15,770.57,770.655,744052505.4841354
1788539400000,770.66,770.98,770.56,770.922,490684235.02796346
1788540300000,770.95,771.32,770.885,770.89,527104878.7000829
1788541200000,770.9,770.97,770.31,770.35,531544419.90914756
1788542100000,770.3699,770.48,769.8,769.852,464889758.7467669
1788543000000,769.85,769.87,769.2919,769.32,663364566.272101
1788543900000,769.32,769.54,769.13,769.4421,1032407105.4015887
1788544800000,769.44,769.73,769.2101,769.66,707804530.8436246
1788545700000,769.66,769.99,769.56,769.88,490802070.11490136
1788546600000,769.89,770.1866,769.7831,770.15,716440777.4948328
1788547500000,770.16,770.3699,770.095,770.25,554343856.7878624
1788548400000,770.26,770.38,769.59,769.61,1349964417.4006546
1788549300000,769.62,770.07,769.59,770.01,1168183849.2125597
1788550200000,769.985,770.07,769.63,769.9,1617024591.683881
1788551100000,769.89,770.48,769.85,770.19,2500159446.5969715
1788552000000,769.95,770.3311,769.47,769.7131,2701533615.295082
1788552900000,769.72,770.19,769.45,769.47,237101670.38609007
1788553800000,769.4791,769.485,769.2237,769.3907,44369763.87279213
1788554700000,769.42,769.5333,769.3276,769.4,40765166.36329896
1788555600000,769.54,769.85,769.23,769.8,335061602.98344594
1788556500000,769.75,770.0,769.63,769.8418,550817132.22265
1788557400000,769.8418,769.8937,769.4,769.8,37113707.680734165
1788558300000,769.74,769.9,769.71,769.8467,9249883.306966575
1788559200000,769.8467,769.85,769.07,769.2468,30375749.676539708
1788560100000,769.6031,769.64,769.2972,769.3182,3443043.4807710624
1788561000000,769.57,769.76,769.37,769.7568,6161981.860535893
1788561900000,769.7938,769.9,769.75,769.8237,11508786.845724719
1788562800000,769.85,769.94,769.8031,769.8031,7531311.640036607
1788563700000,769.7597,769.8499,769.6101,769.7889,4121258.922893505
1788564600000,769.8,773.95,768.27,769.66,6737618.685631842
1788565500000,773.59,774.0,769.43,769.55,5248815.525819719
1788566400000,769.49,769.49,769.49,769.49,30.548753
1788567300000,769.79,770.84,768.92,769.99,490.373373
1788576300000,770.66,770.66,770.66,770.66,10.095646
1788579000000,769.9,769.9,769.85,769.85,25.79093
1788581700000,770.66,770.66,770.66,770.66,80.996366
1788603300000,770.71,770.71,770.71,770.71,10.096301
1788612300000,770.71,770.71,770.71,770.71,499.959577
1788617700000,770.76,770.76,770.6,770.6,31.828052
1788618600000,770.76,770.76,770.76,770.76,99.967572
1788625800000,770.76,770.76,770.76,770.76,14.952744
1788627600000,770.76,770.76,770.76,770.76,29.982564
1788632100000,770.78,770.78,770.6,770.6,49.32416
1788640200000,770.6,770.6,770.18,770.18,149.666918
1788687900000,770.6,770.6,770.6,770.6,10.0178
1788688800000,770.78,770.78,770.78,770.78,99.970166
1788692400000,770.6,770.6,770.6,770.6,19.80442
1788694200000,770.6,770.6,770.6,770.6,52.47786
1788696000000,770.6,770.6,770.6,770.6,19.95854
1788703200000,770.6,770.8,770.6,770.8,29.66866
1788705000000,770.56,770.56,770.47,770.47,115.581534
1788721200000,770.8,770.8,770.8,770.8,999.49636
1788723900000,771.25,771.82,770.63,770.65,499.546941
1788727500000,771.13,771.13,771.13,771.13,9994.924382
1788742800000,771.18,771.37,771.18,771.37,11345.841243
1788759000000,770.89,770.89,770.89,770.89,74.930508
1788767100000,771.24,771.24,771.24,771.24,19.975116
1788768900000,771.24,771.24,771.24,771.24,24.988176
1788774300000,771.17,771.17,771.17,771.17,79.970329
1788777000000,771.56,771.56,771.56,771.56,99.994176
1788779700000,770.92,770.92,770.92,770.92,48.56796
1788782400000,770.92,770.92,770.92,770.92,1000.037424
1788788700000,771.53,771.6,771.53,771.6,23779.04568
1788789600000,771.63,771.63,771.63,771.63,10.957146
1788794100000,771.27,771.27,771.27,771.27,246.575019
1788798600000,771.27,771.27,771.27,771.27,720.289053
1788825600000,768.75,769.34,768.74,768.91,6508608.6
1788826500000,768.88,769.02,768.37,769.0,4620327.85
1788827400000,768.98,769.23,768.94,769.1,2088903.43
1788828300000,769.1,769.22,769.03,769.05,2618094.59
1788829200000,769.01,769.07,768.35,769.01,2239185.54
1788830100000,769.05,769.27,768.92,769.19,1535875.83
1788831000000,769.14,769.71,769.13,769.55,5733204.44
1788831900000,769.5,769.99,769.5,769.99,1076158.89
1788832800000,770.01,770.01,769.72,769.81,1100110.91
1788833700000,769.8,770.0,769.78,769.85,1764575.81
1788834600000,769.85,769.89,769.71,769.71,855220.59
1788835500000,769.72,769.72,769.23,769.24,875573.91
1788836400000,769.27,769.72,769.27,769.72,813435.94
1788837300000,769.71,770.18,769.7,770.17,3980901.32
1788838200000,770.19,770.21,769.98,770.05,1055844.33
1788839100000,770.05,770.19,769.93,770.19,1944438.43
1788840000000,770.19,770.26,770.09,770.21,1370216.33
1788840900000,770.18,770.35,770.18,770.3,521429.56
1788841800000,770.28,770.49,770.1,770.38,674054.77
1788842700000,770.41,770.45,770.19,770.3,659414.69
1788843600000,770.22,770.22,769.5,769.56,1441137.85
1788844500000,769.51,770.13,769.48,769.6,3641758.71
1788845400000,769.59,769.59,768.88,768.91,2255464.39
1788846300000,768.86,769.01,768.49,768.56,1880988.08
1788847200000,768.5,768.56,768.01,768.16,951136.2
1788848100000,768.14,768.14,767.48,767.8,3647533.65
1788849000000,767.67,768.29,767.5,768.26,2571769.53
1788849900000,768.38,768.38,768.02,768.25,794316.31
1788850800000,768.17,768.9,768.17,768.46,2242084.03
1788851700000,768.52,768.54,768.21,768.42,605480.43
1788852600000,768.36,768.36,767.35,767.55,1600924.41
1788853500000,767.6,767.6,766.98,767.14,985235.27
1788854400000,767.21,770.4777,766.701,767.0517,55556535.55662234
1788855300000,767.36,767.408,766.999,767.06,13989341.676162243
1788856200000,766.9787,767.3587,766.825,766.93,12113941.843646735
1788857100000,766.9385,767.3271,766.78,767.023,7470456.258718214
1788858000000,767.1167,767.83,766.872,767.7092,9315162.06951141
1788858900000,767.7388,767.9685,767.561,767.9685,4169089.5869663935
1788859800000,767.9787,768.5,767.9287,768.2417,6744064.957459414
1788860700000,768.25,768.81,768.21,768.81,3017826.284477345
1788861600000,768.7956,768.7988,768.3,768.5485,3637127.5588824525
1788862500000,768.5166,769.7,768.4712,768.6487,48211681.76662123
1788863400000,768.6285,768.6286,768.128,768.22,2138433.683212249
1788864300000,768.2199,768.2199,767.5797,767.86,14597045.530394362
1788865200000,767.819,770.19,767.2914,767.46,25287669.329782378
1788866100000,767.4763,767.9819,767.4763,767.7,13797553.511539683
1788867000000,767.7,768.05,767.65,767.75,99143723.57424396
1788867900000,767.7373,768.57,767.54,768.54,45601500.94403785
1788868800000,768.5,768.5,767.75,767.75,114238254.04861417
1788869700000,767.7824,768.4385,767.65,768.4284,33938211.01514012
1788870600000,768.4759,768.95,768.4376,768.9491,62206046.28571866
1788871500000,768.9688,770.19,768.79,769.3285,48203505.55783835
1788872400000,769.34,769.3989,769.031,769.27,161438107.72539583
1788873300000,769.2738,769.49,768.97,769.06,44755247.51702415
1788874200000,769.15,769.7,767.09,767.29,1966487855.0588431
1788875100000,767.305,768.08,766.82,767.47,1596998943.7915843
1788876000000,767.45,767.625,765.99,766.46,1214813651.3865604
1788876900000,766.45,767.1495,766.12,766.7,976053704.2473372
1788877800000,766.72,767.23,766.44,767.12,621890255.5226171
1788878700000,767.14,767.949,766.69,767.65,596058986.0345638
1788879600000,767.67,768.31,767.47,768.04,535246236.0036396
1788880500000,768.04,768.37,767.35,767.82,1112440779.8286147
1788881400000,767.82,768.08,767.34,767.98,500775135.25991803
1788882300000,767.995,768.04,767.35,767.39,764597559.2783486
1788883200000,767.4,767.79,767.03,767.22,701826064.9772886
1788884100000,767.21,767.645,766.81,767.0905,574573491.7544729
1788885000000,767.1,767.32,766.81,767.01,441124377.4367111
1788885900000,767.02,767.61,766.56,766.96,1467346565.13065
1788886800000,766.9292,768.12,766.9292,767.615,459713752.6226502
1788887700000,767.65,767.7199,767.19,767.475,405246893.6206518
1788888600000,767.49,767.88,767.32,767.345,466084372.61012274
1788889500000,767.34,767.85,767.34,767.46,518896869.07704026
1788890400000,767.48,767.88,767.46,767.77,454308502.27265674
1788891300000,767.78,767.89,767.53,767.765,463684626.97699374
1788892200000,767.77,767.79,767.08,767.52,455572677.08518887
1788893100000,767.525,767.6199,765.67,766.77,1801457245.9671533
1788894000000,766.79,767.1,766.485,766.91,738884866.3649641
1788894900000,766.91,767.04,766.51,766.98,809310256.858076
1788895800000,766.97,767.15,766.68,766.81,1269535885.2616906
1788896700000,766.82,766.88,765.15,765.96,3994346011.656173
1788897600000,766.0,766.16,765.35,765.7801,3880800643.9593477
1788898500000,765.82,765.96,765.42,765.52,3481853702.2036514
1788899400000,765.4523,765.6695,765.35,765.66,265677668.04596406
1788900300000,765.6437,765.98,765.6067,765.8176,65221024.80315498
1788901200000,765.82,765.9428,765.7,765.9195,16697741.689833272
1788902100000,765.9166,765.92,765.81,765.8233,11368638.479157249
1788903000000,765.8357,765.876,765.7,765.8,757826175.3275038
1788903900000,765.8201,765.88,765.8,765.83,118038446.63314907
1788904800000,765.7897,765.96,765.62,765.8199,27834158.64346443
1788905700000,765.7848,765.9492,765.74,765.9238,4796322.013894953
1788906600000,765.918,765.9326,765.76,765.889,3968593.5535563393
1788907500000,765.89,766.19,765.86,766.16,3273151.4107176033
1788908400000,766.14,766.1906,765.9315,765.984,2770498.912608338
1788909300000,765.97,765.97,765.69,765.7145,4479029.195141802
1788910200000,765.71,765.7392,765.51,765.51,4389101.331012051
1788911100000,765.5587,765.6,765.2334,765.4116,5754180.708394867
1788912000000,765.4,766.37,765.4,766.12,9300642.58
1788912900000,766.06,766.06,765.67,765.8,3792014.7
1788913800000,765.72,765.96,765.55,765.96,1499789.08
1788914700000,765.99,766.22,765.83,766.17,969898.34
1788915600000,766.24,766.39,766.15,766.34,3738756.06
1788916500000,766.31,766.67,766.26,766.6,2372247.97
1788917400000,766.55,766.8,766.46,766.5,1650477.16
1788918300000,766.51,766.68,766.37,766.47,2257308.6
1788919200000,766.5,766.68,766.4,766.45,530492.33
1788920100000,766.43,766.59,766.28,766.49,652232.43
1788921000000,766.53,766.68,766.46,766.65,2666802.98
1788921900000,766.64,766.7,766.59,766.59,482211.45
1788922800000,766.6,766.61,766.3,766.36,428420.51
1788923700000,766.39,766.55,766.39,766.47,383221.15
1788924600000,766.48,766.56,766.39,766.48,1087667.95
1788925500000,766.44,766.48,766.22,766.27,1199305.12
1788926400000,766.27,766.42,766.06,766.13,700349.9
1788927300000,766.15,766.64,766.15,766.55,722761.08
1788928200000,766.49,766.75,766.43,766.75,560451.53
1788929100000,766.82,766.92,766.82,766.84,403372.75
1788930000000,766.84,766.88,766.68,766.85,1429963.58
1788930900000,766.79,766.79,766.39,766.59,469921.82
1788931800000,766.44,766.72,766.39,766.7,1685817.72
1788932700000,766.6,767.07,766.59,767.07,1668927.86
1788933600000,767.1,767.13,766.76,767.02,450211.09
1788934500000,767.03,767.03,766.45,766.45,1101962.6
1788935400000,766.58,766.82,766.45,766.74,642479.07
1788936300000,766.74,766.74,766.48,766.48,847893.37
1788937200000,766.46,767.04,766.36,766.56,601909.34
1788938100000,766.45,767.07,766.38,767.07,1187384.75
1788939000000,767.01,767.01,766.63,766.63,394918.1
1788939900000,766.65,766.65,766.21,766.51,322651.77
1788940800000,766.44,767.1485,765.96,766.3609,21875790.999999993
1788941700000,766.415,766.5166,766.1292,766.4702,2832120.7046202538
1788942600000,766.5171,766.53,765.8792,765.9061,8889337.756123614
1788943500000,765.9067,766.3,765.8883,766.3,2094079.5477326063
1788944400000,766.21,766.3792,765.8097,766.0192,1334735.0504448768
1788945300000,766.051,766.08,765.531,765.78,6052927.471311233
1788946200000,765.76,765.76,764.9609,764.9609,6969523.428047773
1788947100000,764.982,765.069,763.75,763.9756,12934358.734471468
1788948000000,763.942,764.42,763.6012,764.1282,11689823.584055208
1788948900000,764.04,764.53,763.82,764.095,6151809.064538058
1788949800000,764.04,764.14,763.53,763.56,12669873.223942976
1788950700000,763.5,763.53,762.85,763.05,19493858.038563468
1788951600000,763.13,765.96,762.9431,763.43,29295959.27884411
1788952500000,763.5087,763.895,763.066,763.6526,34259544.12226724
1788953400000,763.61,763.6399,763.13,763.1688,20188996.532709207
1788954300000,763.16,764.3,763.16,763.3229,85999715.54475307
1788955200000,763.3423,763.3681,762.5,762.5099,36660898.695448436
1788956100000,762.5062,763.0,762.5062,762.75,70404990.07352714
1788957000000,762.7,763.39,762.6254,763.23,62693778.82034614
1788957900000,763.35,763.6899,763.3,763.5904,38551491.912336044
1788958800000,763.48,763.94,763.45,763.6551,51881338.044617064
1788959700000,763.5995,764.2491,763.47,763.9697,28374529.985355265
1788960600000,764.09,764.38,763.231,763.75,1196677795.6732445
1788961500000,763.7,764.23,763.43,764.1,737095514.8162247
1788962400000,764.095,764.2,763.4,763.8775,531237943.2999
1788963300000,763.88,764.07,762.5,763.98,1135267359.5052142
1788964200000,763.97,764.01,763.25,763.77,497593714.8522
1788965100000,763.7535,763.94,763.41,763.77,289900006.2818263
1788966000000,763.79,764.465,761.395,761.63,1204517927.9066887
1788966900000,761.64,762.1699,760.94,761.53,840287490.0670803
1788967800000,761.5401,763.0957,761.48,762.25,1152320416.005465
1788968700000,762.26,762.62,761.84,762.18,413307043.891356
1788969600000,762.17,762.395,761.44,761.645,522548486.21446294
1788970500000,761.645,761.81,761.32,761.63,395345894.2862726
1788971400000,761.615,762.46,761.58,762.46,567668489.3487628
1788972300000,762.47,762.86,762.19,762.566,366681713.0126834
1788973200000,762.575,763.22,762.372,763.15,583090522.7017014
1788974100000,763.15,763.29,762.78,762.9165,399199791.98429185
1788975000000,762.93,763.045,762.38,762.9,266500230.60578522
1788975900000,762.91,763.32,762.88,763.02,304230858.1998659
1788976800000,763.02,763.17,762.39,762.4,634927650.2712396
1788977700000,762.39,763.04,762.28,762.84,591697059.0168178
1788978600000,762.845,763.3,762.59,763.19,334787548.9805576
1788979500000,763.18,763.39,762.88,762.91,391875616.9193097
1788980400000,762.92,763.14,762.64,762.96,784781960.2383642
1788981300000,762.9675,763.4097,762.96,763.1,684944714.3658005
1788982200000,763.13,763.21,762.605,762.8,858943690.4445045
1788983100000,762.81,762.925,762.1,762.4,3915670061.021112
1788984000000,762.45,762.6962,762.2,762.5869,2599173340.983359
1788984900000,762.59,762.6453,762.4,762.5254,470618239.0122028
1788985800000,762.5168,762.7366,762.476,762.6634,45647038.58539245
1788986700000,762.66,762.7697,762.58,762.7632,80015518.81849952
1788987600000,762.763,762.9308,762.55,762.69,466790738.3604394
1788988500000,762.5923,762.78,762.19,762.67,89151432.59198047
1788989400000,762.61,762.7,762.5557,762.68,12656396.646552866
1788990300000,762.6844,762.72,762.54,762.6028,40707764.26177106
1788991200000,762.8,763.04,762.63,762.7002,21460685.138291612
1788992100000,762.6892,762.749,762.58,762.58,6824170.039030128
1788993000000,762.5865,762.769,762.5865,762.769,2141404.658732203
1788993900000,762.73,762.78,762.6107,762.6773,2491636.9876165665
1788994800000,762.7004,762.7004,762.57,762.5701,6779834.468509025
1788995700000,762.605,762.7603,762.5687,762.68,3887952.283677235
1788996600000,762.73,762.7502,762.67,762.7405,1915215.6187449922
1788997500000,762.7992,763.255,762.77,763.12,5564309.079865794
1788998400000,763.13,763.45,763.08,763.17,9702959.1
1788999300000,763.19,763.64,763.19,763.61,5793789.35
1789000200000,763.56,763.66,763.26,763.43,1784975.4
1789001100000,763.36,763.37,762.8,762.83,2754481.49
1789002000000,762.85,763.05,762.69,762.81,2629505.79
1789002900000,762.81,763.03,762.57,762.58,1776444.49
1789003800000,762.57,762.88,762.46,762.88,1543620.0
1789004700000,762.94,763.22,762.89,763.2,277014.71
1789005600000,763.12,763.23,762.94,762.96,1986973.46
1789006500000,763.1,763.15,762.91,762.98,744655.32
1789007400000,763.01,763.54,763.01,763.4,1099963.1
1789008300000,763.49,763.56,763.39,763.48,284001.5
1789009200000,763.53,763.66,763.48,763.5,691054.92
1789010100000,763.48,763.59,763.26,763.39,2262578.57
1789011000000,763.42,763.5,763.34,763.49,525242.51
1789011900000,763.5,763.67,763.5,763.59,364998.63
1789012800000,763.59,763.75,763.59,763.7,235211.93
1789013700000,763.7,763.71,763.53,763.53,187101.92
1789014600000,763.69,763.81,763.65,763.7,119904.89
1789015500000,763.69,764.0,763.67,763.95,474339.02
1789016400000,763.97,764.04,763.83,763.99,1133622.15
1789017300000,764.02,764.29,763.98,764.29,466843.32
1789018200000,764.31,764.51,764.21,764.38,1396632.46
1789019100000,764.34,764.55,764.13,764.35,1087713.86
1789020000000,764.35,764.45,764.2,764.23,551059.76
1789020900000,764.23,764.36,763.96,764.36,447011.12
1789021800000,764.39,764.61,764.38,764.5,1022837.58
1789022700000,764.51,764.61,764.38,764.41,567271.23
1789023600000,764.4,764.43,764.11,764.28,1275618.34
1789024500000,764.28,764.35,763.83,763.83,941480.37
1789025400000,763.89,764.05,763.72,764.0,1768443.31
1789026300000,764.05,764.16,763.98,763.98,907702.15
1789027200000,763.991,764.7172,762.4,763.8288,21748066.620742057
1789028100000,763.8201,764.0588,763.76,763.936,3246650.321142695
1789029000000,764.0549,764.085,763.3895,763.43,2367700.8408310837
1789029900000,763.411,763.5964,763.22,763.2812,2144768.223566237
1789030800000,763.2787,763.63,763.2,763.3768,1137677.159828567
1789031700000,763.38,763.435,763.0695,763.0695,2629756.975144156
1789032600000,763.07,763.07,762.7,763.06,2183545.2596098525
1789033500000,763.181,763.4902,763.181,763.26,1511065.8262526265
1789034400000,763.22,763.3887,763.07,763.1685,1940723.0070615571
1789035300000,763.1834,763.42,763.1512,763.2267,9281263.3318511
1789036200000,763.0592,763.395,762.86,763.39,2743904.008552787
1789037100000,763.2431,763.65,762.7295,762.9515,23131900.185788084
1789038000000,762.9223,762.9368,762.37,762.582,26349000.00329849
1789038900000,762.5535,762.6671,762.37,762.3712,14311152.699709896
1789039800000,762.4387,762.9,762.39,762.53,31121103.760297377
1789040700000,762.53,762.605,761.2812,761.3387,42733491.707633965
1789041600000,761.35,761.57,760.94,761.462,45271709.16246222
1789042500000,761.38,761.41,760.41,760.44,106388105.9081279
1789043400000,760.64,761.12,758.0,758.38,263531843.50811476
1789044300000,758.4065,762.4,757.86,758.23,232760740.44954982
1789045200000,758.25,759.01,758.1972,758.21,89574545.33965142
1789046100000,758.1973,758.45,757.7295,757.97,92505741.99772693
1789047000000,758.05,758.72,757.57,758.135,2370278173.6626234
1789047900000,758.145,758.98,756.7022,756.76,2542836453.0110183
1789048800000,756.752,757.77,756.64,757.42,1613915602.5953
1789049700000,757.371,760.09,757.16,758.71,2062633756.4662068
1789050600000,758.705,759.58,758.645,758.845,884697350.5520347
1789051500000,758.83,759.5,758.4305,759.3995,1125229676.2509878
1789052400000,759.39,759.465,758.55,759.045,889896195.7086427
1789053300000,759.05,759.56,758.63,759.19,1407426833.9585288
1789054200000,759.22,759.97,759.03,759.4,669373074.1868824
1789055100000,759.43,759.515,758.22,758.54,655669793.5551966
1789056000000,758.55,759.0791,757.83,758.095,730068425.7581
1789056900000,758.1,758.435,757.79,758.085,403594503.6255207
1789057800000,758.08,758.88,757.26,758.81,724524328.1772127
1789058700000,758.82,759.345,758.7,759.21,612377300.4993631
1789059600000,759.2,759.85,758.79,759.02,615557489.6174048
1789060500000,759.01,759.1999,758.51,758.59,489830058.3367527
1789061400000,758.56,758.77,758.03,758.445,453836508.7652304
1789062300000,758.46,758.54,758.19,758.275,330412105.3126426
1789063200000,758.27,758.5599,757.48,757.69,568011173.7664769
1789064100000,757.68,758.04,757.47,757.7,601990715.6555103
1789065000000,757.67,757.91,757.2599,757.815,368834614.7755741
1789065900000,757.8,758.39,757.41,757.8001,812330240.1092653
1789066800000,757.775,758.03,757.31,757.81,840538676.9530901
1789067700000,757.82,757.95,757.36,757.615,926980798.0953909
1789068600000,757.6,758.275,757.45,758.02,1262500966.0312264
1789069500000,758.045,758.28,757.61,757.83,3171873377.3005223
1789070400000,757.87,758.63,757.58,758.6,1734382214.1899333
1789071300000,758.6,758.64,758.3762,758.4057,86997055.9039116
1789072200000,758.4199,758.5,758.34,758.44,37975781.79859393
1789073100000,758.42,758.5507,758.0,758.1207,270057931.7950012
1789074000000,758.1663,758.3762,758.01,758.33,339877742.6339626
1789074900000,758.345,758.4,758.18,758.33,3499070.648366561
1789075800000,758.3781,758.39,757.66,758.05,213143876.2683635
1789076700000,758.07,758.5,758.01,758.5,49544718.67809333
1789077600000,758.2,758.3746,758.118,758.3,29635907.78288404
1789078500000,758.32,758.7445,758.165,758.165,18064214.66274504
1789079400000,758.1678,758.2393,757.9314,757.96,8514267.796501935
1789080300000,757.9334,758.179,757.85,758.0,5240605.482454942
1789081200000,758.0,758.175,757.9592,758.12,1546495.5175231346
1789082100000,758.12,758.2,758.0067,758.03,3669404.658685505
1789083000000,758.13,758.1603,758.001,758.1,4365832.134264043
1789083900000,758.1292,758.1292,757.4611,757.54,7355613.941423201
1789084800000,757.88,758.88,757.78,758.73,9114676.59
1789085700000,758.77,759.18,758.64,759.11,3921751.84
1789086600000,759.11,759.48,758.85,759.0,5976324.77
1789087500000,758.99,759.64,758.99,759.63,3599590.33
1789088400000,759.65,759.87,759.54,759.6,3770421.56
1789089300000,759.6,759.62,759.2,759.25,3908304.21
1789090200000,759.18,759.4,759.0,759.16,1023420.54
1789091100000,759.11,759.27,758.97,759.27,1004246.07
1789092000000,759.27,759.38,759.12,759.34,485177.36
1789092900000,759.24,759.27,758.8,758.9,2610649.33
1789093800000,758.9,758.92,758.58,758.6,1402156.22
1789094700000,758.58,759.03,758.58,758.7,1980802.7
1789095600000,758.58,758.65,758.3,758.52,1073256.51
1789096500000,758.52,758.61,758.3,758.37,841853.41
1789097400000,758.4,758.7,758.1,758.62,1491662.15
1789098300000,758.67,758.67,758.17,758.44,1299100.61
1789099200000,758.39,758.96,758.27,758.91,1349340.31
1789100100000,758.9,759.35,758.76,759.33,1873646.33
1789101000000,759.34,759.5,759.3,759.49,1023686.94
1789101900000,759.49,759.7,759.4,759.4,590956.46
1789102800000,759.41,759.88,759.36,759.88,5367700.89
1789103700000,759.93,759.93,759.49,759.49,880430.64
1789104600000,759.53,760.3,759.53,760.3,5758883.46
1789105500000,760.25,761.0,760.06,760.87,1682397.75
1789106400000,760.88,761.16,760.6,761.11,3242381.46
1789107300000,761.11,761.13,760.84,760.95,1745718.72
1789108200000,760.98,761.15,760.64,760.97,754723.82
1789109100000,761.02,761.46,761.02,761.43,1625126.1
1789110000000,761.36,761.52,761.3,761.32,1413204.74
1789110900000,761.26,761.38,761.03,761.03,1102959.46
1789111800000,761.06,761.08,760.84,760.96,694762.88
1789112700000,760.84,760.89,760.75,760.84,240418.28
1789113600000,760.95,761.539,757.83,761.0194,57006636.38973357
1789114500000,760.965,762.56,760.965,761.3885,26816630.35889096
1789115400000,761.37,762.03,761.37,761.7087,10532716.327359501
1789116300000,761.6892,762.6,761.6487,762.6,9636312.463428427
1789117200000,762.651,762.87,761.98,762.0017,13061257.05725964
1789118100000,762.0195,762.26,761.9292,762.1888,2712679.8027337734
1789119000000,762.19,762.275,762.1425,762.1792,2615036.754762103
1789119900000,762.1992,762.475,762.1992,762.38,4885252.427784375
1789120800000,762.37,762.73,761.9,762.4807,7467564.4828830855
1789121700000,762.51,762.559,762.2455,762.319,6341390.448261525
1789122600000,762.31,762.5487,762.3,762.3,8306857.459770695
1789123500000,762.2519,762.2592,762.089,762.1787,4995993.629015609
1789124400000,762.1113,762.22,757.83,761.9192,20212666.81625404
1789125300000,761.8846,762.3269,761.8195,762.1784,11039351.441556515
1789126200000,762.2099,762.29,761.78,762.2827,22787087.86747632
1789127100000,762.2984,762.4684,762.0203,762.3592,49173316.06476085
1789128000000,762.3273,762.6986,762.04,762.45,89127181.70606777
1789128900000,762.4695,763.7221,762.34,763.5,101012674.42797998
1789129800000,762.36,763.64,760.58,762.895,544279632.0541159
1789130700000,762.88,765.9301,762.7295,765.8133,206941569.46353322
1789131600000,765.83,766.5585,764.7815,764.89,345066498.5750169
1789132500000,764.9795,765.4702,764.67,764.8192,268552528.36408275
1789133400000,764.725,765.99,764.225,765.45,1943115917.9334123
1789134300000,765.49,766.37,764.73,766.31,1149146140.571202
1789135200000,766.2891,766.33,764.78,764.89,955802441.8293
1789136100000,764.9,766.1,764.63,765.73,820894019.0507768
1789137000000,765.75,765.775,763.88,764.0499,933963009.5373
1789137900000,764.04,764.8295,763.6,763.96,961086248.7025889
1789138800000,763.9543,765.25,763.81,764.61,492215721.44998264
1789139700000,764.61,766.24,764.61,766.01,517800340.7583019
1789140600000,765.97,766.26,765.62,766.12,775645266.992218
1789141500000,766.12,766.14,765.382,765.725,648384968.6611
1789142400000,765.73,766.2,765.53,765.58,1490784397.3764696
1789143300000,765.585,765.65,764.87,764.93,442104525.7035794
1789144200000,764.96,765.76,764.81,765.45,689798426.7645301
1789145100000,765.44,765.67,765.2705,765.61,781698563.1591314
1789146000000,765.67,766.08,765.52,765.5583,1260797315.3216486
1789146900000,765.57,766.33,765.565,765.995,650490869.2644
1789147800000,765.995,766.26,765.78,765.87,782901025.9755721
1789148700000,765.86,765.98,765.64,765.74,540679061.8763
1789149600000,765.75,765.97,765.5085,765.57,608767194.8203503
1789150500000,765.55,765.725,765.15,765.41,1035950689.5270114
1789151400000,765.42,765.57,765.1,765.15,538425505.2294447
1789152300000,765.15,765.32,764.94,765.04,675229034.4426013
1789153200000,765.04,765.19,764.55,764.9,936253332.2183297
1789154100000,764.9,765.3,764.88,765.03,779299514.843768
1789155000000,765.025,765.13,764.87,765.01,1044427204.8885024
1789155900000,765.01,765.04,764.04,764.29,4366645013.3486
1789156800000,764.195,764.4584,764.0,764.36,4416126493.189571
1789157700000,764.32,764.45,764.26,764.35,92204431.63242769
1789158600000,764.35,764.6,764.26,764.34,68411620.73388112
1789159500000,764.35,764.4398,764.25,764.42,119797383.0086961
1789160400000,764.5299,764.5299,764.18,764.22,240585744.68999183
1789161300000,764.2199,764.435,764.0,764.0057,15749446.117347477
1789162200000,764.04,764.2837,764.02,764.18,2147881.439020691
1789163100000,764.18,764.65,764.03,764.5,22382625.78354933
1789164000000,764.4203,764.58,764.42,764.57,6478640.009834696
1789164900000,764.5501,764.75,764.3,764.5437,2704707.539630201
1789165800000,764.5304,764.8767,764.31,764.75,3609767.332540486
1789166700000,764.75,764.8377,764.52,764.73,2613382.6255181124
1789167600000,764.7127,764.7242,764.447,764.447,524451.2248364002
1789168500000,764.6,764.65,764.43,764.6,269703.6539072081
1789169400000,764.6,764.6472,764.43,764.43,392172.4838408952
1789170300000,764.54,764.54,764.2501,764.4825,1873666.4532811076
1789172100000,764.76,764.76,764.76,764.76,10.247784
1789174800000,764.76,764.9,764.34,764.34,2176.46764
1789182000000,764.91,764.91,764.91,764.91,50.101605
1789185600000,765.12,765.21,764.34,764.34,286.728411
1789188300000,765.23,765.23,765.23,765.23,49.969519
1789197300000,765.24,765.24,764.34,764.34,225.001218
1789200000000,765.26,765.26,764.34,764.34,228.217056
1789200900000,765.27,765.63,764.34,764.34,1827.682799
1789201800000,765.66,765.66,764.34,764.34,217.18449
1789204500000,765.59,765.59,764.34,764.34,237.446136
1789205400000,765.67,765.67,765.67,765.67,382.835
1789218900000,765.72,765.72,765.72,765.72,10.030932
1789231500000,765.72,765.72,765.72,765.72,10.949796
1789263900000,765.72,765.87,764.34,764.34,2174.474826
1789265700000,765.93,765.93,765.93,765.93,19.990773
1789280100000,764.34,764.34,764.34,764.34,11.84727
1789290000000,765.93,765.93,765.93,765.93,294.11712
1789299900000,766.04,766.04,764.43,766.04,10233.424547
1789307100000,766.07,766.07,766.07,766.07,14.938365
1789308900000,766.07,766.07,766.07,766.07,19.994427
1789313400000,765.77,765.77,765.77,765.77,294.05568
1789315200000,766.07,766.07,766.07,766.07,10.035517
1789321500000,765.77,765.77,765.77,765.77,58.887713
1789335000000,765.77,765.77,765.77,765.77,35.072266
1789344000000,759.72,760.64,759.72,760.41,4848554.62
1789344900000,760.52,760.65,760.16,760.35,9021275.96
1789345800000,760.35,760.68,760.31,760.68,2375557.59
1789346700000,760.69,760.83,760.51,760.51,2293498.45
1789347600000,760.5,760.9,760.45,760.61,3845082.07
1789348500000,760.55,760.73,760.39,760.72,7851648.86
1789349400000,760.74,761.12,760.55,761.03,1417279.83
1789350300000,761.03,761.81,761.03,761.69,1912812.99
1789351200000,761.64,761.72,761.49,761.6,1581902.54
1789352100000,761.62,761.65,761.5,761.59,1213979.74
1789353000000,761.56,761.71,761.28,761.36,1548065.44
1789353900000,761.32,761.53,761.29,761.3,1623418.58
1789354800000,761.32,761.32,760.91,760.91,1393573.92
1789355700000,760.94,760.96,760.78,760.96,735769.0
1789356600000,760.9,760.9,760.61,760.61,960821.62
1789357500000,760.61,760.73,760.55,760.63,1614090.22
1789358400000,760.66,760.8,760.49,760.52,4279680.66
1789359300000,760.52,760.66,760.5,760.6,1215373.62
1789360200000,760.57,760.62,760.32,760.33,2007609.83
1789361100000,760.5,760.66,760.37,760.37,796969.69
1789362000000,760.38,760.47,760.25,760.38,488142.48
1789362900000,760.26,760.34,760.02,760.2,982836.28
1789363800000,760.27,760.34,759.9,760.01,2423059.46
1789364700000,760.11,760.4,759.9,760.4,9986985.53
1789365600000,760.44,760.77,760.38,760.7,2996009.79
1789366500000,760.65,760.74,760.47,760.51,349886.46
1789367400000,760.49,760.49,759.63,759.66,2115274.59
1789368300000,759.9,759.9,759.21,759.37,6391303.81
1789369200000,759.37,759.89,759.11,759.89,5621239.13
1789370100000,759.77,759.85,759.58,759.58,454266.55
1789371000000,759.45,759.59,758.9,758.9,1255655.61
1789371900000,759.02,759.3,758.77,759.18,1708505.78
1789372800000,759.3284,760.8285,758.808,759.4287,63612091.51542931
1789373700000,759.3715,759.39,758.77,758.84,4130776.9752075807
1789374600000,758.8085,759.3728,758.8085,759.2,3184609.8234790815
1789375500000,759.1887,759.2,758.6,759.0718,6603280.0744936
1789376400000,759.15,759.34,758.3451,758.3451,7801819.626320872
1789377300000,758.459,758.459,757.77,758.365,10236106.391292596
1789378200000,758.32,758.47,757.9,757.9,6016201.264652626
1789379100000,757.94,758.22,757.8476,757.8917,21579321.954694938
1789380000000,758.1752,758.41,757.9937,758.2644,5508286.649671249
1789380900000,758.274,758.83,758.0042,758.7315,18264156.245537918
1789381800000,758.7595,759.22,758.7319,759.05,5542580.778367216
1789382700000,759.18,759.44,759.05,759.35,10635798.21398548
1789383600000,759.3188,764.29,759.0933,759.52,62204486.538780086
1789384500000,759.55,760.1,759.535,760.05,31496525.171007913
1789385400000,760.0068,760.1,759.414,759.8412,40379041.086175255
1789386300000,759.849,759.9819,759.473,759.473,25165409.003220376
1789387200000,759.5,759.56,759.01,759.2882,44663837.66713035
1789388100000,759.33,759.8,759.13,759.3005,47358897.77889014
1789389000000,759.31,759.5328,758.06,759.12,147216692.99436536
1789389900000,759.1,759.2458,758.52,759.0459,27031413.708521966
1789390800000,759.0459,759.0459,758.03,758.9987,33051982.727738522
1789391700000,759.0,759.26,758.8665,759.04,40793637.013602875
1789392600000,759.07,759.5188,758.4542,759.3901,1902718786.4349
1789393500000,759.43,760.59,759.43,760.0,1075481260.5727
1789394400000,759.9864,761.115,759.91,760.44,946555160.6646389
1789395300000,760.47,760.65,758.24,758.84,1303385948.4768307
1789396200000,758.8364,759.135,758.13,758.68,947109811.0095928
1789397100000,758.68,759.03,757.93,758.57,1028888266.3068
1789398000000,758.59,759.87,758.15,758.6301,1347044399.031653
1789398900000,758.62,759.8952,758.52,759.595,564944569.5760076
1789399800000,759.57,762.23,759.45,762.09,1726463247.4009
1789400700000,762.1,762.15,761.29,761.75,729311958.2933
1789401600000,761.765,761.9,761.21,761.4674,404986052.76979864
1789402500000,761.48,762.6,761.48,762.02,650959134.472355
1789403400000,762.0,762.45,761.835,762.31,423105334.82608426
1789404300000,762.32,763.52,762.05,762.9,872584104.6730686
1789405200000,762.9,763.06,762.18,762.1814,655610621.2504
1789406100000,762.1807,762.72,761.904,762.69,340272835.3928398
1789407000000,762.715,762.87,762.49,762.6,505794375.54829323
1789407900000,762.65,762.8699,762.34,762.3499,399259426.93870795
1789408800000,762.355,762.83,762.125,762.31,1183024952.5995
1789409700000,762.35,762.48,761.9175,762.0108,634721703.3014868
1789410600000,762.06,762.52,761.97,762.35,421558865.23486304
1789411500000,762.34,762.54,762.09,762.128,1583235635.8109221
1789412400000,762.14,762.21,761.61,762.02,693435359.3613993
1789413300000,762.025,762.025,761.649,761.725,1452355172.4095647
1789414200000,761.725,761.93,761.54,761.6,864455033.8083968
1789415100000,761.5902,761.83,760.66,760.88,3939692636.119916
1789416000000,760.81,760.97,760.59,760.75,1325371311.88193
1789416900000,760.77,761.0994,760.48,761.0739,347463712.3410575
1789417800000,761.0993,761.1,760.9577,761.0004,180026818.31836212
1789418700000,761.0284,761.4888,761.0239,761.485,238840094.8214378
1789419600000,761.38,761.46,761.08,761.16,31158827.023665145
1789420500000,761.15,761.24,760.71,760.9876,8469186.783033237
1789421400000,760.99,761.05,760.95,761.05,13161155.784126334
1789422300000,761.0394,761.34,760.9507,761.2111,432528882.0462
1789423200000,761.32,761.44,761.05,761.2085,23323109.20907478
1789424100000,761.235,761.2414,761.0219,761.1415,3671705.817770825
1789425000000,761.15,761.25,761.1023,761.11,2837451.691002927
1789425900000,761.11,761.36,761.11,761.2167,2695113.4322427474
1789426800000,761.1716,761.25,761.0605,761.23,3122229.4437971697
1789427700000,761.23,761.25,760.9897,761.045,5547928.351020884
1789428600000,761.02,761.19,761.02,761.14,9365621.310323384
1789429500000,761.1485,761.18,760.9501,761.1598,4078445.6602816004
1789430400000,761.3,761.31,760.87,761.25,4752315.14
1789431300000,761.24,761.28,760.98,761.16,4780133.72
1789432200000,761.15,761.62,761.06,761.56,1870753.15
1789433100000,761.53,761.69,761.42,761.45,1610681.59
1789434000000,761.41,761.69,761.29,761.62,4520292.69
1789434900000,761.68,761.69,761.41,761.42,632076.04
1789435800000,761.42,761.43,760.7,760.81,2556917.26
1789436700000,760.79,761.1,760.75,760.92,771476.56
1789437600000,760.97,761.16,760.92,760.96,810477.72
1789438500000,760.97,760.97,760.8,760.93,101200.6
1789439400000,760.86,760.88,760.65,760.79,1205856.0
1789440300000,760.69,760.79,760.65,760.69,619237.82
1789441200000,760.69,760.71,760.46,760.51,942405.78
1789442100000,760.51,760.55,760.39,760.39,1054766.38
1789443000000,760.4,760.51,760.38,760.4,364251.87
1789443900000,760.46,760.46,759.82,759.84,1444050.22
1789444800000,759.83,760.08,759.7,759.7,518989.88
1789445700000,759.67,759.7,759.06,759.19,447256.63
1789446600000,759.2,759.32,758.88,759.31,1084821.06
1789447500000,759.19,759.3,758.6,758.6,1673463.46
1789448400000,758.59,758.77,758.15,758.24,1154255.67
1789449300000,758.24,758.51,758.02,758.46,1044776.22
1789450200000,758.46,759.16,758.29,759.16,1219824.27
1789451100000,759.16,759.55,759.07,759.22,855022.28
1789452000000,759.34,759.42,758.99,759.22,428919.73
1789452900000,759.09,759.16,758.87,758.88,694564.36
1789453800000,758.82,758.82,758.48,758.48,834471.08
1789454700000,758.61,758.61,758.2,758.52,582384.48
1789455600000,758.4,758.63,757.74,757.74,2742150.47
1789456500000,757.9,758.38,757.78,758.16,901953.9
1789457400000,758.19,758.3,757.3,757.3,1344120.93
1789458300000,757.33,757.52,757.06,757.5,1817638.29
1789459200000,757.59,760.88,756.2034,756.9512,55725737.73985977
1789460100000,757.0,757.6285,756.8014,757.092,13594140.12829694
1789461000000,757.14,757.14,756.72,756.72,12550676.116404982
1789461900000,756.69,757.0496,756.6007,756.7212,4496445.444777748
1789462800000,756.79,757.0,756.5119,756.78,7750744.30298769
1789463700000,756.6085,756.9482,756.2815,756.8417,4238737.579771422
1789464600000,756.9017,757.6,756.835,757.51,5458329.969847847
1789465500000,757.67,758.32,757.67,758.2112,5855470.069109971
1789466400000,758.281,758.8312,758.17,758.45,8953846.642440977
1789467300000,758.41,758.58,758.27,758.485,4988521.905304281
1789468200000,758.4912,759.04,758.4047,758.89,2198491.268459273
1789469100000,758.905,759.51,758.751,759.2946,12231439.760337515
1789470000000,759.29,760.88,759.2769,759.6168,43869600.43539996
1789470900000,759.5907,759.8648,759.4693,759.5387,10083824.316615522
1789471800000,759.4931,759.7233,759.31,759.56,28023793.34788598
1789472700000,759.536,759.8759,759.48,759.86,7569159.775186541
1789473600000,759.8,760.1185,759.58,760.0503,6650992.959063286
1789474500000,760.0446,760.1012,759.5415,759.9456,24381795.324176777
1789475400000,759.9597,760.67,759.64,760.0315,27664957.18862904
1789476300000,760.0887,761.3823,760.0312,760.59,66118483.44768017
1789477200000,760.55,761.485,760.47,760.5462,27824907.080895584
1789478100000,760.5317,760.9158,760.1677,760.1677,37579435.23704947
1789479000000,760.117,760.34,758.73,759.95,1226460289.6196632
1789479900000,759.95,760.19,759.18,759.51,665774700.276619
1789480800000,759.5406,759.5406,757.88,757.97,1520374862.265118
1789481700000,757.97,758.43,757.19,757.48,877332079.0636386
1789482600000,757.47,757.65,756.8816,757.2,877357529.7431216
1789483500000,757.19,757.37,756.15,756.44,1340082021.438435
1789484400000,756.45,757.27,756.435,756.98,776845897.4014251
1789485300000,756.95,757.5,756.815,757.48,759964142.2194093
1789486200000,757.5,757.75,756.93,757.52,763932059.5979117
1789487100000,757.5,757.7,756.926,757.115,695521302.8184915
1789488000000,757.115,757.355,756.63,756.785,362354784.0633878
1789488900000,756.77,757.87,756.71,757.575,445641198.4494148
1789489800000,757.5613,757.82,757.32,757.6089,790135375.5072924
1789490700000,757.6099,758.06,757.33,757.74,469611646.48071206
1789491600000,757.74,757.85,757.05,757.085,575921627.1939758
1789492500000,757.0801,757.11,756.6,756.875,359303060.5951952
1789493400000,756.86,757.245,756.8199,757.13,410364315.6769232
1789494300000,757.13,757.4,756.93,757.27,216560493.96684286
1789495200000,757.3,757.935,757.1426,757.765,519641326.39615095
1789496100000,757.78,757.83,757.36,757.67,389552123.6827153
1789497000000,757.66,757.66,757.13,757.19,4188947116.8086405
1789497900000,757.21,757.49,756.74,757.49,794786932.1063955
1789498800000,757.47,757.62,757.09,757.17,521250285.73717326
1789499700000,757.15,757.29,756.94,756.985,674918200.3609943
1789500600000,756.98,757.07,756.52,756.715,1535518108.0392516
1789501500000,756.71,757.46,756.57,757.39,3209644077.0311813
1789502400000,757.39,758.2,757.39,758.1554,5176597267.805953
1789503300000,758.15,758.18,757.39,758.0797,621309444.902
1789504200000,758.1148,758.22,758.04,758.0684,28104427.197854936
1789505100000,758.08,758.15,757.96,758.04,38719144.701271504
1789506000000,758.05,758.07,757.93,758.03,347599578.40125954
1789506900000,758.03,758.04,757.66,757.97,3566099.7039006557
1789507800000,757.9653,757.9653,757.39,757.88,767176036.50027
1789508700000,757.88,757.98,757.85,757.91,1376890.8986054645
1789509600000,757.98,758.12,757.861,757.8812,9688940.158953678
1789510500000,757.94,758.0675,757.861,757.99,2204382.1581997955
1789511400000,758.0004,758.34,758.0004,758.2869,10112941.767134747
1789512300000,758.2852,758.38,758.24,758.3368,4405389.944647548
1789513200000,758.339,758.36,758.15,758.16,4480581.325884242
1789514100000,758.1532,758.19,757.97,757.9946,6738603.272993199
1789515000000,758.0,758.3,757.9617,758.26,2957278.4969293666
1789515900000,758.25,758.35,758.16,758.2251,13333249.287447922
1789516800000,757.97,758.54,757.97,758.42,3149908.81
1789517700000,758.41,758.47,758.3,758.42,3777621.34
1789518600000,758.42,758.47,758.26,758.27,938854.07
1789519500000,758.26,758.44,758.24,758.34,693848.84
1789520400000,758.29,758.4,757.86,758.4,2551033.11
1789521300000,758.4,758.57,758.28,758.45,1526782.41
1789522200000,758.41,758.42,758.02,758.08,1104643.94
1789523100000,758.09,758.15,757.68,757.74,1564252.2
1789524000000,757.86,758.21,757.85,757.94,1429562.23
1789524900000,757.9,758.42,757.9,758.4,1044714.3
1789525800000,758.48,758.66,758.26,758.29,1810650.69
1789526700000,758.35,758.6,758.35,758.59,800976.93
1789527600000,758.63,759.1,758.63,759.09,1227866.62
1789528500000,759.09,759.6,759.06,759.2,3616872.5
1789529400000,759.21,759.21,758.83,759.0,1121828.88
1789530300000,759.06,759.18,759.02,759.08,969377.71
1789531200000,759.13,759.25,759.05,759.06,745461.74
1789532100000,759.06,759.11,758.86,758.86,947225.25
1789533000000,758.85,758.85,758.53,758.59,649372.09
1789533900000,758.65,758.81,758.64,758.74,485574.42
1789534800000,758.6,758.78,758.36,758.78,889849.97
1789535700000,758.8,758.89,758.68,758.82,1292956.32
1789536600000,758.85,759.15,758.82,759.15,1410852.18
1789537500000,759.15,759.2,758.82,758.94,1256001.85
1789538400000,758.9,759.26,758.8,759.26,753024.22
1789539300000,759.16,759.22,758.81,758.95,1515775.82
1789540200000,758.9,758.98,758.77,758.85,455318.34
1789541100000,758.93,759.21,758.83,759.08,352950.18
1789542000000,759.29,759.57,759.25,759.46,840659.68
1789542900000,759.43,759.43,759.07,759.24,1879994.67
1789543800000,759.39,759.45,759.04,759.05,479781.59
1789544700000,759.01,759.05,758.8,758.87,1241712.6
1789545600000,759.11,759.588,757.39,758.43,23551697.84628642
1789546500000,758.4312,758.98,758.398,758.6212,5415682.790747712
1789547400000,758.6585,758.9087,758.4112,758.751,3192153.118211298
1789548300000,758.8,759.15,758.7207,759.03,3606373.4111655685
1789549200000,759.05,759.15,758.7412,758.779,3290771.145635537
1789550100000,758.8087,758.9187,758.4095,758.628,6162379.2044546995
1789551000000,758.5617,759.289,758.5515,759.1612,2877793.104650134
1789551900000,759.2185,759.29,758.8915,759.189,1162917.3170913772
1789552800000,759.1218,759.1987,758.8012,759.0285,5055307.865545519
1789553700000,758.9812,759.14,758.8615,759.0812,704921.2556891042
1789554600000,759.1087,759.199,759.0007,759.151,1163978.0408401056
1789555500000,759.179,759.4517,759.0,759.44,7101124.125033211
1789556400000,759.44,759.931,757.39,759.24,30289540.256455537
1789557300000,759.191,759.45,759.051,759.38,6459514.25104678
1789558200000,759.4,759.94,759.33,759.83,9200268.800738545
1789559100000,759.84,760.1523,759.8,760.1162,42276248.94689443
1789560000000,760.1799,760.53,760.119,760.1907,41698382.03812116
1789560900000,760.17,760.2323,759.82,760.1412,26718047.11526306
1789561800000,760.2465,760.2465,758.87,759.3683,46284585.41212695
1789562700000,759.33,759.88,757.39,759.86,15189366.900065394
1789563600000,759.81,759.89,759.17,759.8878,45829133.33660774
1789564500000,759.8556,760.0068,759.59,759.6,34796185.770634875
1789565400000,759.497,759.69,758.723,758.79,965074677.332
1789566300000,758.8,760.43,758.76,760.2,912377579.9642
1789567200000,760.23,760.42,759.1,759.55,732501366.1207
1789568100000,759.5699,759.715,758.76,758.96,522686970.67852926
1789569000000,758.9738,759.86,758.81,759.84,601975905.1876884
1789569900000,759.84,760.25,759.59,760.21,752887995.8408102
1789570800000,760.22,761.03,760.16,760.7401,1039123132.5022
1789571700000,760.78,760.82,760.29,760.3401,922333948.8452867
1789572600000,760.36,760.6,760.01,760.565,620522535.3642263
1789573500000,760.56,761.65,760.49,760.69,584592193.5411137
1789574400000,760.69,760.74,760.17,760.37,494748478.94152457
1789575300000,760.3973,760.475,759.87,760.14,504494294.39018303
1789576200000,760.13,760.22,759.67,759.903,276173108.62247145
1789577100000,759.92,760.19,759.73,759.77,295944770.11918646
1789578000000,759.775,759.81,759.26,759.735,640572750.4078413
1789578900000,759.73,759.94,759.54,759.93,362763107.4251689
1789579800000,759.935,760.058,759.315,759.34,444560777.8744301
1789580700000,759.34,760.26,759.34,760.23,444769885.7641271
1789581600000,760.1816,761.21,758.775,759.941,2282636430.7478
1789582500000,760.0,760.36,758.785,759.68,511019013.3873
1789583400000,759.64,760.21,756.05,759.0,2961175558.1487
1789584300000,758.99,759.546,753.76,753.89,2528053757.3149
1789585200000,753.9,755.36,751.14,751.31,3209334100.6757
1789586100000,751.335,752.12,749.6,751.26,3797379134.0329
1789587000000,751.23,752.82,751.11,752.11,3195811359.8263
1789587900000,752.09,754.365,752.06,754.05,4592814480.2609
1789588800000,754.1,754.48,753.94,754.1,1959167059.4066336
1789589700000,754.06,754.19,753.68,753.93,4232323231.0573
1789590600000,753.9368,754.17,753.8254,754.01,53348672.11916004
1789591500000,754.0214,754.19,753.78,754.095,226987062.5627459
1789592400000,754.1,754.26,753.81,754.1168,57143698.91701465
1789593300000,754.11,754.2,753.933,754.137,17279702.065211326
1789594200000,754.08,754.44,754.05,754.4369,7513046.721453485
1789595100000,754.4369,754.44,754.2,754.3223,8410954.350548565
1789596000000,754.34,754.6,753.7,754.5568,28725841.056566305
1789596900000,754.53,755.13,754.49,755.0677,26172114.980269045
1789597800000,755.14,755.84,755.1179,755.72,33853108.146776065
1789598700000,755.715,755.7494,755.33,755.4806,17776380.33685969
1789599600000,755.5,755.82,755.44,755.6715,7452836.866958762
1789600500000,755.7369,756.5188,755.69,756.3934,26894800.174112346
1789601400000,756.4,757.035,756.33,757.035,12626411.319363322
1789602300000,756.9615,757.4662,756.9501,757.4662,35336745.56787219
1789603200000,757.2,758.04,757.2,757.5,6503530.02
1789604100000,757.46,757.82,757.32,757.57,4329644.44
1789605000000,757.62,758.5,757.58,758.41,8247293.91
1789605900000,758.33,758.42,757.89,758.31,3410902.96
1789606800000,758.29,758.63,758.01,758.19,3042144.46
1789607700000,758.26,758.3,758.12,758.23,2968421.07
1789608600000,758.22,758.52,757.88,758.2,3352235.8
1789609500000,758.3,758.3,757.8,757.88,1723231.69
1789610400000,757.9,758.29,757.89,758.0,1572209.72
1789611300000,758.06,758.34,758.06,758.19,259300.64
1789612200000,758.25,758.79,758.25,758.73,6212389.13
1789613100000,758.73,758.73,758.33,758.4,1405600.76
1789614000000,758.4,758.56,758.39,758.56,409584.16
1789614900000,758.58,758.67,758.4,758.62,310249.25
1789615800000,758.6,758.84,758.57,758.77,736682.93
1789616700000,758.78,758.83,758.54,758.8,1114565.62
1789617600000,758.72,758.84,758.58,758.64,1211746.82
1789618500000,758.66,758.66,758.45,758.58,410357.75
1789619400000,758.57,758.83,758.49,758.83,1156176.98
1789620300000,758.8,758.84,758.55,758.61,792082.92
1789621200000,758.55,758.57,758.32,758.32,1060258.8
1789622100000,758.3,758.36,758.08,758.22,924293.11
1789623000000,758.19,758.19,757.77,757.8,1638020.85
1789623900000,757.8,757.85,757.49,757.57,1835839.46
1789624800000,757.58,758.28,757.58,757.96,3314818.0
1789625700000,757.93,758.96,757.76,758.95,2082528.04
1789626600000,758.97,759.46,758.97,759.46,2864202.82
1789627500000,759.5,759.55,759.3,759.4,4893605.19
1789628400000,759.33,760.25,759.24,759.8,7140715.01
1789629300000,759.85,760.55,759.81,760.53,3465655.64
1789630200000,760.58,760.69,760.32,760.35,2127017.61
1789631100000,760.31,760.39,759.68,759.85,1459416.97
1789632000000,759.85,760.5977,757.5315,759.31,72418619.28033195
1789632900000,759.2557,759.625,759.0,759.625,7786900.661080248
1789633800000,759.72,759.88,759.51,759.7312,18764051.186315667
1789634700000,759.76,760.2683,759.7312,760.1895,10282600.259330466
1789635600000,760.18,760.72,760.18,760.52,4117794.4061762895
1789636500000,760.5296,760.62,760.1797,760.1797,8346384.552586291
1789637400000,760.1995,760.48,760.1995,760.4088,22618850.95538807
1789638300000,760.2595,760.2595,759.95,760.08,4672390.1981869945
1789639200000,760.08,760.48,760.08,760.3987,11127984.263090713
1789640100000,760.3301,760.72,760.2,760.579,17317464.38218195
1789641000000,760.56,760.74,760.26,760.35,31292834.142549288
1789641900000,760.3088,760.68,760.25,760.68,3563103.109774668
1789642800000,760.65,760.8605,760.39,760.635,107577627.44287989
1789643700000,760.639,760.676,760.31,760.45,95116706.11100341
1789644600000,760.401,760.57,760.149,760.149,49315762.56143104
1789645500000,760.129,761.3799,760.07,761.3799,46545393.87964989
1789646400000,761.32,762.13,760.8895,761.9983,102071129.33607107
1789647300000,762.0178,763.42,761.9667,763.4105,129134069.3665183
1789648200000,763.3767,763.9943,763.13,763.568,178893282.29971522
1789649100000,763.5495,763.7759,763.29,763.6081,62409400.09640678
1789650000000,763.5786,764.0,763.3171,763.4377,69417293.6691121
1789650900000,763.4145,763.65,763.05,763.1,88354380.22032022
1789651800000,763.16,763.41,760.62,760.93,2262254082.257
1789652700000,760.94,761.74,760.73,761.25,1384703981.4989667
1789653600000,761.25,761.25,759.96,761.14,1071172800.81
1789654500000,761.14,762.27,761.05,761.675,1250738653.8484905
1789655400000,761.6708,762.215,761.55,761.8899,724323993.6629764
1789656300000,761.89,761.93,760.44,760.79,852748288.9734256
1789657200000,760.79,761.24,760.36,761.14,1030355741.8367052
1789658100000,761.15,761.73,760.935,761.58,508842936.5303751
1789659000000,761.57,762.52,761.485,762.26,500567417.20198923
1789659900000,762.28,762.55,762.07,762.54,620073460.8393812
1789660800000,762.55,762.62,762.055,762.3,447165953.17842597
1789661700000,762.29,762.63,762.2,762.53,568689648.0298834
1789662600000,762.51,762.6524,761.98,762.615,366435329.28712815
1789663500000,762.62,762.66,761.61,762.455,438568940.74613494
1789664400000,762.455,762.7999,762.18,762.23,303023523.6381849
1789665300000,762.245,762.33,761.8295,762.035,376406113.6214
1789666200000,762.07,762.47,761.91,762.43,270933209.60631996
1789667100000,762.4064,762.64,762.29,762.63,359021023.28053695
1789668000000,762.63,762.85,762.43,762.72,684333421.9646
1789668900000,762.74,762.95,762.51,762.73,521276412.53269863
1789669800000,762.74,762.85,762.14,762.35,708892821.2573
1789670700000,762.36,762.64,762.19,762.44,520402143.20466363
1789671600000,762.455,763.06,762.445,762.77,643670284.7171526
1789672500000,762.76,762.94,762.55,762.6099,1259429133.2165983
1789673400000,762.6,763.15,762.6,763.12,1685688166.3502607
1789674300000,763.11,763.57,762.43,762.6,4270475712.840123
1789675200000,762.65,762.76,762.32,762.43,6158997989.53466
1789676100000,762.39,762.6322,762.1,762.1295,3098684918.6700354
1789677000000,762.12,762.23,762.06,762.116,52316901.77358818
1789677900000,762.07,762.3077,762.02,762.21,39074579.331545755
1789678800000,762.2249,762.6,762.1812,762.2697,155154371.8031444
1789679700000,762.2697,762.3534,762.17,762.24,13669522.438954381
1789680600000,762.24,762.34,762.2077,762.3304,54055963.78358035
1789681500000,762.32,762.339,762.06,762.315,2298829.335777135
1789682400000,762.299,762.3,761.91,762.1122,19130492.86541778
1789683300000,762.0615,762.1069,761.76,761.76,3744087.0739833848
1789684200000,761.7692,761.871,761.6757,761.7568,3934107.4864414087
1789685100000,761.7262,761.8849,761.667,761.85,5053662.337748197
1789686000000,761.88,762.1631,761.88,762.0,4214633.484055352
1789686900000,762.0033,762.12,761.915,761.9836,1579902.9226043525
1789687800000,761.9793,762.1687,761.94,762.0777,1021281.8153750491
1789688700000,762.1,762.18,762.01,762.0718,2834689.9589578956
1789689600000,760.83,761.72,760.2,760.5,28012982.01
1789690500000,760.47,760.64,760.35,760.44,7011109.49
1789691400000,760.44,760.62,760.23,760.44,2684429.7
1789692300000,760.43,760.43,760.21,760.34,1436992.19
1789693200000,760.38,760.4,760.14,760.16,1989623.16
1789694100000,760.15,760.15,760.01,760.06,1783925.4
1789695000000,760.11,760.29,760.04,760.17,3215475.33
1789695900000,760.17,760.5,760.17,760.5,1617192.36
1789696800000,760.47,760.54,760.37,760.37,507200.75
1789697700000,760.43,760.66,760.43,760.66,934024.34
1789698600000,760.64,760.77,760.59,760.71,1137195.75
1789699500000,760.65,760.79,760.65,760.74,769084.52
1789700400000,760.74,761.29,760.72,761.23,761089.87
1789701300000,761.25,761.3,761.07,761.25,1503392.95
1789702200000,761.22,761.5,761.19,761.49,1024033.84
1789703100000,761.49,761.74,761.49,761.61,1696208.39
1789704000000,761.72,761.89,761.66,761.81,952987.98
1789704900000,761.77,761.87,761.61,761.87,534753.73
1789705800000,761.88,762.25,761.85,762.23,1760157.51
1789706700000,762.21,762.45,762.17,762.41,1157203.71
1789707600000,762.43,762.59,762.42,762.56,1136108.3
1789708500000,762.57,762.7,762.5,762.54,1060023.86
1789709400000,762.7,763.23,762.7,763.23,2099625.73
1789710300000,763.21,763.27,762.87,762.94,1635270.57
1789711200000,763.01,763.22,762.99,763.03,1242274.74
1789712100000,763.1,763.33,762.91,763.2,1437916.02
1789713000000,763.21,763.71,763.21,763.61,730734.98
1789713900000,763.64,763.76,763.64,763.74,974484.37
1789714800000,763.71,763.86,763.54,763.69,1259302.03
1789715700000,763.66,764.05,763.61,764.05,2055464.66
1789716600000,764.06,764.16,763.58,763.79,4439575.76
1789717500000,763.74,763.93,763.69,763.71,759242.72
1789718400000,763.7582,764.14,761.602,763.1897,53361687.21410804
1789719300000,763.2253,763.4593,762.819,762.86,5177197.065585795
1789720200000,762.82,763.17,762.789,763.17,3374852.6573967636
1789721100000,763.2,763.235,763.01,763.06,7934577.828715482
1789722000000,763.0299,763.11,762.8594,762.96,5627757.31954266
1789722900000,762.95,763.11,762.6292,762.69,1963089.5165323168
1789723800000,762.66,762.66,762.02,762.02,7115473.1370933745
1789724700000,762.0097,762.275,762.0,762.03,6871906.874651831
1789725600000,761.9995,762.14,761.9407,762.1007,23209018.661828414
1789726500000,762.21,762.33,762.09,762.1711,9093481.565136246
1789727400000,762.275,762.8775,762.2311,762.8212,18277767.809720755
1789728300000,762.8,762.8,762.29,762.33,3628504.0749788275
1789729200000,762.315,762.7,761.69,762.0201,58294093.6281894
1789730100000,761.9865,761.9928,761.48,761.6056,16751988.238526786
1789731000000,761.6026,762.089,761.5138,761.52,33544378.268685836
1789731900000,761.5499,761.6748,761.3,761.4699,19862925.275800917
1789732800000,761.48,761.75,760.4897,760.5799,56291209.09375864
1789733700000,760.5984,760.6568,760.0,760.2097,59807691.402244836
1789734600000,760.23,760.7112,760.08,760.5384,39224831.39040394
1789735500000,760.4943,760.64,760.26,760.3899,33333939.420432467
1789736400000,760.33,760.57,760.24,760.45,20192006.280794453
1789737300000,760.42,761.23,759.59,761.23,103206405.52130467
1789738200000,761.38,761.76,760.59,760.905,5407631303.0942335
1789739100000,760.92,761.15,759.56,759.71,1402937750.1067
1789740000000,759.71,759.935,758.85,759.21,1462352958.8353
1789740900000,759.2194,759.645,758.75,759.3399,922136558.6462
1789741800000,759.36,759.76,758.85,759.005,863827999.4466
1789742700000,759.0,759.96,758.87,759.93,1001663598.8254
1789743600000,759.95,760.0409,759.42,759.56,3687927057.503232
1789744500000,759.56,760.0599,759.45,759.98,7167913551.963712
1789745400000,759.97,760.07,759.11,759.295,582888710.9118623
1789746300000,759.33,759.3899,758.85,759.0,660307887.7375
1789747200000,758.99,759.2276,758.69,759.02,689534281.838035
1789748100000,759.03,759.1739,757.971,758.76,480838194.35736847
1789749000000,758.76,759.3,758.57,759.085,430548225.3667624
1789749900000,759.09,759.54,758.78,759.3995,369800583.48527795
1789750800000,759.395,759.5299,759.025,759.31,278533588.5485163
1789751700000,759.31,759.5799,759.26,759.4,7084618104.511616
1789752600000,759.405,759.78,759.23,759.77,413638364.92657137
1789753500000,759.78,759.89,759.62,759.83,354927056.4517232
1789754400000,759.83,759.965,759.66,759.8132,462876995.4764161
1789755300000,759.79,760.61,759.79,760.47,717172591.1982259
1789756200000,760.482,760.545,760.2338,760.5362,385003819.6497793
1789757100000,760.55,761.83,760.55,761.23,1110307534.8907
1789758000000,761.26,761.47,761.06,761.18,499119844.26534927
1789758900000,761.199,761.27,760.835,760.86,657504871.7863494
1789759800000,760.87,761.44,760.68,761.43,1271977481.9671164
1789760700000,761.39,762.0,761.18,761.69,4622786500.4876175
1789761600000,761.54,763.1461,761.54,762.81,3714430209.286982
1789762500000,762.81,762.9,761.69,762.86,747209722.3325697
1789763400000,762.89,763.0,762.7402,762.97,570720580.7119148
1789764300000,762.96,763.15,762.72,762.74,165266738.71093723
1789765200000,762.68,762.9315,762.6,762.72,157897764.63886377
1789766100000,762.7689,762.9255,759.3482,762.8461,6038628.676515778
1789767000000,762.85,762.99,762.54,762.8462,7145901.566969738
1789767900000,762.84,763.2,762.8,762.98,11433111.401251579
1789768800000,762.784,762.96,762.7801,762.9395,7129738.936572178
1789769700000,762.8427,762.96,762.84,762.9338,1768392.2906202592
1789770600000,762.92,762.939,762.7001,762.81,8311679.420558278
1789771500000,762.81,762.97,762.75,762.8005,24368926.96299176
1789772400000,762.8647,762.98,762.8053,762.8934,2392540.468530856
1789773300000,762.8999,762.98,762.82,762.8947,6952240.010649203
1789774200000,762.92,762.98,762.77,762.8201,6330439.994164334
1789775100000,762.83,762.9887,762.79,762.9438,4678727.288126192
1789788600000,763.53,763.53,763.53,763.53,199.968507
1789789500000,763.56,763.56,763.56,763.56,10.078992
1789790400000,763.56,763.56,763.56,763.56,999.958176
1789793100000,763.62,763.62,763.62,763.62,1801.608666
1789806600000,763.64,763.64,763.64,763.64,99.960476
1789816500000,763.0,763.0,762.88,762.88,199.802664
1789828200000,763.36,763.36,763.36,763.36,10.992384
1789834500000,763.09,763.09,762.88,762.88,195.109681
1789868700000,763.67,763.67,763.67,763.67,3829.80505
1789872300000,762.88,762.88,762.88,762.88,4026.938368
1789880400000,762.89,762.89,762.89,762.89,79.950872
1789881300000,762.88,762.88,762.88,762.88,105.811456
1789882200000,763.72,763.72,763.72,763.72,43.302924
1789884000000,762.89,762.89,762.89,762.89,49.969295
1789887600000,762.89,762.89,762.89,762.89,110.008738
1789900200000,762.88,762.88,762.86,762.86,10634.3941
1789902900000,762.86,762.88,762.86,762.88,149.978802
1789917300000,762.86,762.86,762.86,762.86,10.985184
1789920000000,762.86,762.88,762.85,762.85,1003.010972
1789920900000,762.83,762.88,762.83,762.88,199.941023
1789948800000,763.23,764.23,763.23,763.84,12866839.12
1789949700000,763.8,764.11,763.45,763.98,2908409.0
1789950600000,764.01,764.42,764.0,764.2,2467058.62
1789951500000,764.21,764.35,764.17,764.35,3215965.37
1789952400000,764.31,764.7,764.31,764.54,6891373.9
1789953300000,764.64,764.65,764.48,764.53,1148364.6
1789954200000,764.49,764.67,764.47,764.63,1604900.93
1789955100000,764.61,764.63,764.21,764.21,3554562.71
1789956000000,764.21,764.51,764.13,764.34,2353477.94
1789956900000,764.34,764.37,764.22,764.33,1384110.56
1789957800000,764.33,764.42,764.18,764.4,1453705.24
1789958700000,764.37,764.61,764.36,764.36,961740.02
1789959600000,764.39,764.7,764.39,764.7,960366.09
1789960500000,764.75,764.95,764.75,764.86,1010392.92
1789961400000,764.77,764.81,764.66,764.78,700511.27
1789962300000,764.86,764.98,764.76,764.78,933118.17
1789963200000,764.78,764.94,764.62,764.72,2780570.24
1789964100000,764.76,764.95,764.76,764.92,373260.77
1789965000000,764.9,764.93,764.76,764.84,94837.03
1789965900000,764.79,764.89,764.79,764.8,680711.98
1789966800000,764.83,764.85,764.68,764.68,260019.93
1789967700000,764.68,764.78,764.68,764.74,791504.89
1789968600000,764.82,765.13,764.77,764.94,956244.92
1789969500000,764.93,764.93,764.75,764.91,783969.37
1789970400000,764.93,765.2,764.93,765.02,918876.85
1789971300000,765.02,765.08,764.93,765.05,936377.0
1789972200000,765.1,765.33,765.1,765.2,166061.72
1789973100000,765.24,765.51,765.2,765.5,706403.21
1789974000000,765.51,766.0,765.43,765.82,1725878.29
1789974900000,765.76,765.97,765.62,765.86,784164.21
1789975800000,765.89,765.99,765.66,765.73,727571.82
1789976700000,765.74,766.12,765.57,766.09,603582.37
1789977600000,766.04,766.5226,764.628,766.37,48230569.26968222
1789978500000,766.43,766.4507,766.2795,766.359,3643800.5976533126
1789979400000,766.3,766.74,766.3,766.72,4317436.007569168
1789980300000,766.669,766.7399,766.4,766.4692,2580020.1053115865
1789981200000,766.47,766.5702,766.305,766.4505,3126362.684179567
1789982100000,766.4507,766.7,766.3726,766.4685,4940986.5622843355
1789983000000,766.4487,766.6296,766.39,766.57,7092023.535976766
1789983900000,766.61,766.8005,766.5215,766.6287,7540664.421935608
1789984800000,766.5992,766.8802,766.58,766.8802,4517518.495395743
1789985700000,766.8902,767.0284,766.809,766.95,5867968.61688927
1789986600000,766.959,767.205,766.868,766.999,161129977.11967683
1789987500000,767.0102,767.14,766.8,766.8,54969361.55189577
1789988400000,766.79,766.92,761.69,766.6595,23514996.065694563
1789989300000,766.66,766.8095,766.5687,766.6205,15128378.295658713
1789990200000,766.6554,767.03,766.6292,767.0053,4935782.142515411
1789991100000,767.0352,767.24,766.92,766.96,13376628.624036845
1789992000000,766.99,767.24,766.61,766.7577,45570300.17465081
1789992900000,766.76,766.8505,766.51,766.57,35980223.58283597
1789993800000,766.56,766.9685,766.4992,766.9685,21318319.700679637
1789994700000,766.95,766.96,761.69,766.355,53292874.287849605
1789995600000,766.3495,766.65,766.2809,766.41,43200752.612456605
1789996500000,766.46,766.5575,761.69,766.2852,81253273.09753196
1789997400000,766.308,766.855,766.03,766.855,1808195094.0791059
1789998300000,766.88,767.72,766.8201,767.69,1180166893.395755
1789999200000,767.68,767.92,767.05,767.78,793473885.926809
1790000100000,767.8,769.29,767.8,769.0333,1655725598.7540855
1790001000000,769.015,769.55,768.88,768.99,1438585292.32734
1790001900000,768.99,769.44,768.74,769.21,1000953419.199706
1790002800000,769.21,769.82,769.115,769.8,675187761.4569535
1790003700000,769.81,770.18,769.81,769.86,584457916.3250917
1790004600000,769.87,770.72,769.82,770.71,658704699.2480857
1790005500000,770.72,771.36,770.535,770.74,856901830.1287771
1790006400000,770.735,771.84,770.519,771.55,663028965.3119681
1790007300000,771.6,772.04,771.43,771.82,481945154.32028216
1790008200000,771.84,772.65,771.8,772.0,983245202.2660474
1790009100000,772.005,772.34,771.98,772.32,421686835.3305868
1790010000000,772.34,772.9,772.19,772.82,476051424.8699448
1790010900000,772.82,772.975,772.42,772.8,611165940.8992695
1790011800000,772.82,772.91,772.24,772.88,527421909.87076426
1790012700000,772.875,773.17,772.72,772.895,712610857.9329581
1790013600000,772.9299,773.4,772.91,773.265,732249541.6942855
1790014500000,773.2701,773.99,773.17,773.855,696504698.1083405
1790015400000,773.86,774.14,773.585,774.12,851571304.7296481
1790016300000,774.14,774.62,774.065,774.295,1152881947.2083092
1790017200000,774.31,774.48,773.965,774.465,1400300788.1300778
1790018100000,774.45,774.465,774.02,774.1,1074289801.8121
1790019000000,774.095,774.89,774.06,774.455,1727416878.4204
1790019900000,774.43,774.55,773.41,773.5,3296244801.8452
1790020800000,773.49,773.65,773.1,773.3402,1566141956.7105
1790021700000,773.34,773.5,772.99,773.2012,319798969.96449345
1790022600000,773.26,773.26,772.9137,772.98,34838321.05398975
1790023500000,772.9697,773.2285,772.89,773.1641,67177258.0130351
1790024400000,773.1863,773.3007,772.91,773.3007,313043356.03152114
1790025300000,773.3174,773.3792,773.1103,773.3777,10782045.377713114
1790026200000,773.3526,773.46,773.35,773.3603,13235419.170462217
1790027100000,773.37,773.5084,773.35,773.43,166886352.7019573
1790028000000,773.35,773.6133,773.2097,773.5112,68111722.69832398
1790028900000,773.5559,773.7876,773.45,773.74,207222813.47504324
1790029800000,773.74,773.8607,773.581,773.7002,10111023.125990555
1790030700000,773.6992,773.8102,773.5969,773.7454,6968953.276069784
1790031600000,773.7232,773.9705,773.59,773.9005,6667977.262458589
1790032500000,773.9105,773.9202,773.6687,773.7012,3989743.2525358256
1790033400000,773.72,773.9207,773.66,773.8407,10152880.833363626
1790034300000,773.8582,773.8946,773.7377,773.84,12538287.893932072
1790035200000,773.58,774.28,773.58,774.09,7266907.9
1790036100000,774.05,774.05,773.79,773.99,4947557.77
1790037000000,773.99,774.09,773.53,773.76,13888575.28
1790037900000,773.78,773.9,773.74,773.79,1860243.43
1790038800000,773.8,773.85,773.56,773.67,1066200.38
1790039700000,773.65,773.7,773.5,773.7,1142587.33
1790040600000,773.7,773.89,773.58,773.82,1091838.92
1790041500000,773.84,773.89,773.67,773.67,280897.97
1790042400000,773.87,773.97,773.73,773.73,373793.72
1790043300000,773.73,773.88,773.68,773.87,807002.71
1790044200000,773.83,773.93,773.67,773.93,471248.77
1790045100000,773.78,773.83,773.7,773.8,1362643.48
1790046000000,773.76,773.76,773.58,773.64,693227.6
1790046900000,773.74,773.8,773.72,773.75,664650.93
1790047800000,773.75,773.85,773.68,773.68,310283.59
1790048700000,773.7,773.7,773.49,773.63,1123234.59
1790049600000,773.63,773.81,773.55,773.75,393772.48
1790050500000,773.73,773.78,773.61,773.77,833275.99
1790051400000,773.86,773.91,773.75,773.84,1638164.23
1790052300000,773.82,773.84,773.67,773.7,992693.8
1790053200000,773.73,773.73,773.57,773.68,913690.39
1790054100000,773.64,773.75,773.55,773.68,500535.17
1790055000000,773.64,773.97,773.58,773.96,557127.94
1790055900000,774.0,774.22,774.0,774.12,782659.39
1790056800000,774.09,774.09,773.75,773.96,630723.38
1790057700000,773.94,774.01,773.69,773.82,962575.52
1790058600000,773.94,774.1,773.88,773.88,513981.6
1790059500000,773.96,774.09,773.89,773.91,1419403.85
1790060400000,773.94,773.94,773.68,773.69,1055476.74
1790061300000,774.0,774.0,773.67,773.79,789303.52
1790062200000,773.73,773.73,773.51,773.58,7111133.68
1790063100000,773.53,773.53,773.0,773.0,2452287.17
1790064000000,772.99,774.201,772.36,772.445,51316819.39605309
1790064900000,772.3887,772.4707,771.55,771.6412,5859433.837039305
1790065800000,771.619,773.1517,771.381,773.1392,5969733.245069233
1790066700000,773.151,773.8907,773.0187,773.6692,5617732.003461048
1790067600000,773.649,773.8907,772.929,773.0485,6906481.077468276
1790068500000,772.9987,773.3412,772.8887,772.999,4786517.788997336
1790069400000,773.011,773.591,773.011,773.591,2536051.0471635372
1790070300000,773.5787,774.492,773.4595,774.1151,15552214.763814842
1790071200000,774.1285,774.331,773.809,774.009,7936546.47670129
1790072100000,774.0212,774.109,773.7992,774.0092,3800460.4179949393
1790073000000,773.991,774.3917,773.92,774.379,2912160.2887180164
1790073900000,774.3587,774.6405,774.1392,774.1392,2512461.2447800217
1790074800000,774.1195,774.2377,773.1675,773.6985,27116786.63938766
1790075700000,773.7215,774.0907,773.6781,773.87,14442948.779516151
1790076600000,773.8905,774.2827,773.8594,774.21,2515611.5874092905
1790077500000,774.211,774.49,773.87,773.9197,10900695.900527332
1790078400000,773.9141,774.2973,773.75,774.0475,29970042.664659914
1790079300000,774.0205,774.3231,773.8592,774.3231,34541584.69504561
1790080200000,774.33,774.5605,774.1002,774.2472,28281537.36427444
1790081100000,774.25,774.2755,773.5,774.0207,10781568.71693186
1790082000000,773.9995,774.5,773.97,774.3822,37011415.04015713
1790082900000,774.4054,774.6,773.9738,774.0292,45460315.39768005
1790083800000,774.04,775.14,773.89,774.61,1071674761.6018
1790084700000,774.6,774.62,773.65,773.81,822621656.5605
1790085600000,773.825,774.91,773.77,774.3504,658159910.8489
1790086500000,774.34,774.45,773.5,773.5399,1143015980.8257408
1790087400000,773.53,774.36,773.005,773.27,791589127.7314
1790088300000,773.26,773.87,772.97,773.42,476382843.36539036
1790089200000,773.38,773.78,773.18,773.5599,2173219243.4607325
1790090100000,773.5615,773.71,773.29,773.35,282000347.82901746
1790091000000,773.34,773.34,772.59,772.83,578272917.3770219
1790091900000,772.84,773.1,772.65,773.035,458688480.8058
1790092800000,773.035,773.3983,772.875,773.36,355343468.56065226
1790093700000,773.34,773.34,772.69,772.92,560462265.1261231
1790094600000,772.91,773.25,772.79,773.05,266697695.86564508
1790095500000,773.06,773.72,773.03,773.58,594818413.9879695
1790096400000,773.575,773.65,773.23,773.29,549581353.179
1790097300000,773.31,773.58,773.09,773.58,214543465.97974005
1790098200000,773.55,773.577,773.1,773.495,214529054.98492628
1790099100000,773.5,774.25,773.35,774.1,820153765.0422341
1790100000000,774.12,774.19,773.72,773.95,317509001.5519
1790100900000,773.95,774.41,773.94,774.135,649222194.7956558
1790101800000,774.14,774.25,773.72,774.12,692741563.556173
1790102700000,774.13,774.21,773.68,773.76,347869541.34204054
1790103600000,773.77,774.11,773.72,774.035,445911037.2129795
1790104500000,774.055,774.49,774.01,774.39,621193360.3247703
1790105400000,774.375,774.93,774.25,774.45,1401572541.3895
1790106300000,774.48,774.89,773.298,773.38,1948348407.8654091
1790107200000,773.42,774.4005,773.37,773.56,1795334906.7345
1790108100000,773.55,773.56,773.21,773.3502,552973613.1307377
1790109000000,773.37,773.39,773.23,773.27,18764291.883010067
1790109900000,773.26,773.2602,773.0261,773.2191,45095887.59976533
1790110800000,773.05,773.2805,773.03,773.1522,66354798.05894686
1790111700000,773.22,773.2316,773.1111,773.1654,3513474.299732888
1790112600000,773.21,773.38,773.1,773.2532,90083162.79826975
1790113500000,773.2532,773.35,773.25,773.2699,21106134.1313383
1790114400000,773.2702,773.6762,773.2702,773.5805,12213265.887146441
1790115300000,773.569,773.7069,773.5002,773.57,4870087.452551325
1790116200000,773.6069,773.7292,773.581,773.65,6001090.602284615
1790117100000,773.63,773.63,773.359,773.4967,4360876.851150175
1790118000000,773.511,773.649,773.511,773.5821,2268694.703881873
1790118900000,773.5802,773.6662,773.52,773.62,1744436.7560867218
1790119800000,773.59,773.68,773.5815,773.6052,2833544.5587190995
1790120700000,773.639,773.76,773.5095,773.75,6355751.315708404
1790121600000,773.74,773.93,773.63,773.75,2825720.73
1790122500000,773.73,773.75,773.56,773.63,1507912.01
1790123400000,773.57,773.68,773.53,773.65,1093081.78
1790124300000,773.6,773.62,773.3,773.45,754910.95
1790125200000,773.36,773.6,773.25,773.48,1036501.46
1790126100000,773.53,773.8,773.53,773.8,3734702.93
1790127000000,773.78,773.9,773.57,773.63,1792869.45
1790127900000,773.67,773.75,773.67,773.74,306394.38
1790128800000,773.72,773.72,773.43,773.43,651325.1
1790129700000,773.46,773.76,773.25,773.7,1424040.82
1790130600000,773.73,773.73,773.57,773.63,173292.75
1790131500000,773.69,773.75,773.64,773.69,552417.0
1790132400000,773.71,773.79,773.68,773.79,393061.63
1790133300000,773.82,774.02,773.78,774.02,1281653.97
1790134200000,773.91,774.21,773.9,774.14,895603.35
1790135100000,774.12,774.18,774.07,774.07,421886.9
1790136000000,774.07,774.37,774.07,774.35,482376.01
1790136900000,774.35,774.45,774.33,774.37,725607.1
1790137800000,774.37,774.53,774.37,774.5,908437.49
1790138700000,774.45,774.48,774.33,774.34,291178.65
1790139600000,774.33,774.43,774.27,774.34,494811.57
1790140500000,774.32,774.36,774.18,774.27,843997.15
1790141400000,774.3,774.3,774.07,774.17,384009.7
1790142300000,774.18,774.32,774.14,774.14,307372.92
1790143200000,774.12,774.44,774.12,774.42,663594.92
1790144100000,774.41,774.45,774.15,774.35,1495881.86
1790145000000,774.35,774.72,774.35,774.72,312948.36
1790145900000,774.7,774.7,774.22,774.22,651367.61
1790146800000,774.2,774.36,774.1,774.26,883392.3
1790147700000,774.32,774.37,774.05,774.35,475357.37
1790148600000,774.26,774.36,774.06,774.29,528786.31
1790149500000,774.24,774.5,774.23,774.42,928485.7
1790150400000,774.4092,774.7415,773.38,774.5,23622413.108005796
1790151300000,774.5107,774.649,774.3895,774.421,3794312.5483960803
1790152200000,774.409,774.4912,773.9512,774.0371,2968234.162573476
1790153100000,774.009,774.5388,773.8897,774.119,3217331.97021486
1790154000000,774.1302,774.5388,773.9112,773.9395,759107.0322027509
1790154900000,773.9292,774.3692,773.8695,774.1792,761198.1602267167
1790155800000,774.1792,774.2407,774.019,774.0295,1269937.5612354209
1790156700000,774.0295,774.0295,773.7092,773.9195,3956631.6845639814
1790157600000,773.931,774.251,773.9213,774.231,2283944.495156249
1790158500000,774.251,774.3607,774.171,774.2611,1729516.077378943
1790159400000,774.281,774.31,773.941,774.043,938205.9834166497
1790160300000,774.029,774.1302,773.8797,774.0892,1059960.8598487184
1790161200000,774.0692,774.0692,773.38,773.8272,4793765.632502089
1790162100000,773.8207,773.9678,773.14,773.1722,11610445.050710846
1790163000000,773.145,773.1587,772.36,772.6302,34224062.112592615
1790163900000,772.6179,773.1561,772.6179,773.0796,16031820.094738962
1790164800000,773.06,773.2725,772.4092,772.4315,48412613.0561106
1790165700000,772.452,772.76,772.31,772.691,39400120.64441738
1790166600000,772.6722,772.8986,772.5595,772.5609,14908671.132894915
1790167500000,772.5912,773.38,772.35,772.7714,27267270.34916574
1790168400000,772.77,772.81,772.3297,772.5689,27434911.848489296
1790169300000,772.5592,772.96,772.4626,772.7597,49061799.91871271
1790170200000,772.78,773.02,771.89,771.915,982896498.9119087
1790171100000,771.85,771.97,770.46,770.67,1124834683.2974796
1790172000000,770.68,771.04,769.2799,769.61,1427375231.7419
1790172900000,769.6,769.8992,768.37,768.86,1351643514.2982984
1790173800000,768.86,769.86,768.68,769.19,1440018663.8644245
1790174700000,769.17,770.6,768.8577,770.24,1153641790.1524494
1790175600000,770.25,770.27,769.575,769.64,534301049.5086
1790176500000,769.64,769.99,768.945,769.01,335120442.0426494
1790177400000,769.02,769.27,768.67,769.195,745550641.090631
1790178300000,769.19,769.25,768.23,768.635,630062747.7628524
1790179200000,768.63,768.7,768.26,768.62,355736981.8518656
1790180100000,768.58,768.73,768.14,768.42,479708661.73328286
1790181000000,768.41,768.73,767.8,767.8,604149790.8360245
1790181900000,767.79,768.07,767.02,767.42,724338600.8312234
1790182800000,767.41,767.7,766.5,767.11,662385219.0482
1790183700000,767.08,767.93,766.94,767.27,1230764577.027992
1790184600000,767.26,768.59,767.07,768.5,540063856.9905144
1790185500000,768.4604,769.045,768.23,769.0,789430073.2082665
1790186400000,769.0088,769.0088,768.05,768.47,609555313.4705951
1790187300000,768.4699,768.745,768.195,768.28,568559721.1381
1790188200000,768.3,768.35,767.58,767.8324,501432634.7383374
1790189100000,767.87,768.305,767.79,768.18,491120063.0421607
1790190000000,768.19,768.32,767.71,767.935,587282582.9465
1790190900000,767.95,768.0,767.43,767.6401,954047807.2638
1790191800000,767.66,768.15,767.31,767.57,1084384015.523595
1790192700000,767.54,768.01,766.57,767.81,6376178275.861408
1790193600000,767.82,767.8392,767.476,767.59,3548382069.66985
1790194500000,767.6,767.81,767.52,767.6507,7994553512.055909
1790195400000,767.6605,767.81,767.545,767.7605,463961341.9038449
1790196300000,767.7805,767.8269,767.56,767.69,85125220.49139835
1790197200000,767.6702,767.76,767.66,767.7043,62282935.85788171
1790198100000,767.7031,767.8,767.55,767.6854,32232446.431191556
1790199000000,767.7339,767.7847,767.3,767.7847,3139556.9587315693
1790199900000,767.79,767.83,767.72,767.786,741585.6003647455
1790200800000,767.79,768.269,767.79,768.2212,12817577.252206936
1790201700000,768.27,768.4,768.11,768.1796,3647744.726699151
1790202600000,768.1287,768.2,767.8912,768.0575,2374833.4003236126
1790203500000,768.0292,768.0505,767.9408,767.9962,2237338.1590297353
1790204400000,768.0,768.05,767.7637,767.7985,1783803.389613798
1790205300000,767.8187,767.88,767.4285,767.4285,4469413.25478856
1790206200000,767.46,767.492,767.3292,767.3705,2976280.6400646893
1790207100000,767.3738,767.48,767.2,767.3282,4361516.751669852
1790208000000,767.9,767.9,767.09,767.09,1947405.46
1790208900000,767.17,767.43,767.17,767.27,832584.6
1790209800000,767.24,767.35,766.96,767.06,615238.79
1790210700000,766.95,767.02,766.72,767.02,3516629.89
1790211600000,767.05,767.33,766.97,767.2,1082410.44
1790212500000,767.2,767.25,767.07,767.07,251624.33
1790213400000,767.11,767.26,766.95,766.97,833900.59
1790214300000,766.94,767.06,766.57,767.04,2215067.22
1790215200000,767.07,767.07,766.41,766.67,954423.38
1790216100000,766.67,767.0,766.67,766.91,679431.34
1790217000000,766.92,767.21,766.92,767.15,563049.94
1790217900000,767.22,767.24,766.97,767.06,441097.13
1790218800000,767.01,767.01,766.46,766.61,422415.71
1790219700000,766.69,766.76,766.47,766.52,669200.13
1790220600000,766.5,766.5,766.2,766.2,1159560.44
1790221500000,766.28,766.48,766.28,766.48,433777.28
1790222400000,766.41,766.41,764.77,765.23,10491468.39
1790223300000,765.19,765.6,765.08,765.57,1770905.11
1790224200000,765.93,766.2,765.9,766.06,942260.52
1790225100000,766.01,766.03,765.92,765.96,737651.21
1790226000000,766.08,766.52,766.01,766.02,636836.53
1790226900000,766.06,766.21,765.83,766.21,472628.69
1790227800000,766.1,766.21,765.5,765.58,2222296.93
1790228700000,765.51,765.53,764.83,764.84,1467418.81
1790229600000,764.83,765.33,764.45,765.23,4608418.67
1790230500000,765.16,765.33,764.65,764.77,1184353.29
1790231400000,764.69,764.69,764.16,764.61,654353.94
1790232300000,764.49,764.5,764.04,764.15,1404769.77
1790233200000,764.18,765.05,763.66,765.05,2865337.88
1790234100000,765.06,765.06,764.7,765.0,474239.13
1790235000000,765.09,765.38,764.96,765.25,1370442.46
1790235900000,765.22,765.22,763.99,764.02,1008197.38
1790236800000,764.0,767.81,763.125,763.248,55374572.432071425
1790237700000,763.2712,763.6707,762.84,762.949,13171061.251841303
1790238600000,762.971,763.7105,762.77,763.1615,14329557.774734257
1790239500000,763.2017,763.345,762.7055,762.9105,7738922.86465534
1790240400000,762.9307,763.565,762.8495,763.149,8745249.350878298
1790241300000,763.1287,763.5412,762.9495,763.0992,7268488.069750737
1790242200000,763.14,763.165,761.57,761.9295,29079812.729720674
1790243100000,761.9612,763.0512,761.87,763.0512,35656840.46437046
1790244000000,763.0387,763.241,762.6782,763.1117,13141175.151718289
1790244900000,763.1212,763.4188,762.46,762.84,23462374.61899782
1790245800000,762.88,763.7805,762.6182,763.719,24867184.114764772
1790246700000,763.7092,764.38,763.569,763.9307,24922093.906857263
1790247600000,763.93,767.81,763.2816,763.8333,30487618.79484465
1790248500000,763.8187,764.2476,763.64,763.7001,49746978.4676784
1790249400000,763.73,764.0618,763.1992,763.2784,47633552.116174236
1790250300000,763.28,763.9805,762.8397,763.8307,89937228.5854337
1790251200000,763.8187,764.0868,763.3,764.0292,43186984.98654108
1790252100000,764.0195,764.5305,763.7495,764.0131,89397080.93292041
1790253000000,764.02,764.1002,763.0987,764.0023,72407083.67953227
1790253900000,763.99,767.81,763.6055,764.1003,23147024.43360451
1790254800000,764.1007,764.59,764.0292,764.42,22068637.314420193
1790255700000,764.41,764.7686,764.0797,764.0797,30429754.6765367
1790256600000,764.065,765.055,763.62,764.64,1648285652.7067823
1790257500000,764.64,765.485,764.49,765.38,624553670.1878383
1790258400000,765.37,766.43,765.25,766.01,919443571.6292
1790259300000,766.015,766.3687,765.62,766.04,687754898.6198775
1790260200000,766.085,766.138,765.19,765.29,483694934.7467672
1790261100000,765.26,765.6796,764.18,764.5,730080677.5864935
1790262000000,764.5,764.77,763.245,763.365,843947428.2414
1790262900000,763.32,764.56,763.26,763.62,824843763.3285555
1790263800000,763.6,764.16,763.39,764.06,559471256.3753581
1790264700000,764.065,764.425,763.43,764.29,371171865.7934822
1790265600000,764.27,764.65,763.66,764.62,357266646.9990494
1790266500000,764.57,768.4,764.5,767.135,1656994979.5839942
1790267400000,767.1502,768.88,766.4,767.62,697246312.0851
1790268300000,767.635,768.95,767.215,768.29,1219098106.4797766
1790269200000,768.26,768.66,767.53,768.39,1156885706.4714
1790270100000,768.38,768.42,766.6,767.225,634928539.373082
1790271000000,767.22,767.66,766.16,766.22,619706467.1415809
1790271900000,766.21,767.08,766.025,766.93,478892350.623431
1790272800000,766.94,767.11,765.62,767.015,587810244.979
1790273700000,767.0,768.03,766.83,767.61,665772949.8495437
1790274600000,767.61,768.3699,766.91,767.49,629842843.3770674
1790275500000,767.5,768.28,767.43,767.94,626540391.6978806
1790276400000,767.94,768.04,767.05,767.31,680054496.8117
1790277300000,767.34,767.89,767.33,767.57,404782263.80013233
1790278200000,767.58,767.87,767.42,767.59,961794266.2152221
1790279100000,767.57,768.15,767.18,767.18,3976826256.7445807
1790280000000,767.28,767.4352,766.5044,766.5195,3154445177.301344
1790280900000,766.52,767.18,765.6695,765.74,482477364.39296496
1790281800000,765.71,766.29,765.69,766.2657,592387720.7678616
1790282700000,766.27,766.7955,766.2602,766.7497,87545654.1060829
1790283600000,766.72,767.44,766.43,766.4653,113230315.40034011
1790284500000,766.4522,766.55,766.43,766.44,631345.7531363583
1790285400000,766.431,766.5354,766.43,766.4905,7386193.835341204
1790286300000,766.5462,766.7253,766.5062,766.563,754413036.9009602
1790287200000,766.58,767.05,766.4111,766.6087,24042545.833495714
1790288100000,766.572,766.6113,766.18,766.2477,9905625.050317716
1790289000000,766.2497,766.579,766.21,766.5444,3420949.66120289
1790289900000,766.5663,766.5663,766.3992,766.41,3218244.596195403
1790290800000,766.4369,766.5902,766.2097,766.2502,4931209.202067019
1790291700000,766.2612,766.62,766.2568,766.52,628971.392334504
1790292600000,766.5315,766.6402,766.3387,766.3387,5351867.147316762
1790293500000,766.3787,766.421,765.88,765.9117,15336947.043559825
1790294400000,766.24,766.44,766.04,766.32,5029977.96
1790295300000,766.22,766.67,766.04,766.46,1862887.65
1790296200000,766.44,766.44,765.89,766.04,857193.61
1790297100000,766.08,766.24,765.99,766.2,1200448.78
1790298000000,766.0,767.09,765.98,767.07,5404433.58
1790298900000,767.0,767.34,766.91,767.17,2335441.28
1790299800000,767.05,767.41,766.69,767.37,1920154.76
1790300700000,767.35,767.35,766.97,767.1,1462144.47
1790301600000,767.23,767.44,767.14,767.32,3831035.89
1790302500000,767.3,767.57,767.18,767.18,1715175.83
1790303400000,767.13,767.2,766.78,767.2,972516.39
1790304300000,767.24,767.24,766.91,767.11,2166173.79
1790305200000,767.18,767.55,767.18,767.4,989917.6
1790306100000,767.46,767.67,767.46,767.54,492794.52
1790307000000,767.52,767.62,767.18,767.18,455136.17
1790307900000,767.11,767.4,767.03,767.39,308415.54
1790308800000,767.33,767.34,766.99,767.07,222470.83
1790309700000,767.05,767.1,766.89,766.96,615900.0
1790310600000,766.92,767.18,766.89,767.15,164140.25
1790311500000,767.13,767.13,766.77,766.89,171036.58
1790312400000,766.96,767.35,766.94,767.26,480950.58
1790313300000,767.31,767.37,767.13,767.35,92843.83
1790314200000,767.43,768.3,767.43,768.3,2100974.44
1790315100000,768.3,768.31,768.0,768.02,3998927.87
1790316000000,768.07,768.6,768.07,768.54,1854344.16
1790316900000,768.53,768.81,768.43,768.5,1275211.61
1790317800000,768.49,768.73,768.49,768.67,727119.0
1790318700000,768.67,768.75,768.47,768.47,533402.73
1790319600000,768.45,768.82,768.45,768.8,953185.72
1790320500000,768.75,768.99,768.52,768.97,618869.11
1790321400000,769.0,769.11,768.38,768.48,1586172.94
1790322300000,768.55,768.75,768.48,768.49,392736.61
1790323200000,768.2,769.12,766.838,768.9,7577635.6878
1790324100000,768.8912,769.4012,768.831,769.3884,3524757.1169957337
1790325000000,769.36,769.6719,769.25,769.6719,3363029.2722413596
1790325900000,769.6912,770.08,769.6895,769.9392,17362021.630302116
1790326800000,769.9292,770.225,769.8792,770.0,7777277.165936878
1790327700000,770.019,770.77,769.8,769.8,21251630.42875285
1790328600000,769.819,770.095,769.6497,770.021,2522780.1828973945
1790329500000,769.991,770.0092,769.6,769.7,5915341.864358253
1790330400000,769.6792,769.9402,769.45,769.9009,8215306.558221287
1790331300000,769.929,770.0902,769.82,769.9088,6135270.864173522
1790332200000,769.87,769.9905,769.4895,769.5592,4623150.293871176
1790333100000,769.5395,769.691,769.38,769.5507,5964590.803757931
1790334000000,769.531,770.511,767.18,770.511,12742490.89873938
1790334900000,770.5162,770.7895,770.5016,770.5632,23271576.855577808
1790335800000,770.5719,771.01,770.4,770.4686,26345199.7697379
1790336700000,770.4595,770.61,770.2495,770.25,22633756.039616257
1790337600000,770.2395,770.5984,770.11,770.2712,44943554.44926664
1790338500000,770.259,770.46,769.8058,770.2269,8288565.088126622
1790339400000,770.2459,770.259,769.3492,769.6992,21380083.292778183
1790340300000,769.669,770.28,769.09,769.4532,92157463.53077114
1790341200000,769.4805,769.97,769.2195,769.865,31825486.143311724
1790342100000,769.875,769.875,768.6312,768.8305,35774723.45710894
1790343000000,768.77,770.055,767.75,769.49,1059588976.5667
1790343900000,769.5,770.31,769.0,769.73,1190629998.0999267
1790344800000,769.75,769.84,766.542,766.94,1492362736.9508
1790345700000,766.9236,767.97,766.29,767.36,1532215347.0371
1790346600000,767.41,768.53,767.22,767.9551,651843364.586905
1790347500000,767.92,768.86,767.53,768.7754,581130848.4596
1790348400000,768.77,769.8,768.335,768.935,722344260.3247156
1790349300000,768.95,769.3095,768.41,768.73,381673789.2014
1790350200000,768.75,769.7785,767.69,767.74,772686678.0214738
1790351100000,767.7624,769.96,767.445,769.94,738182392.6929284
1790352000000,769.96,771.98,769.79,771.52,1530754437.0164
1790352900000,771.53,771.83,769.99,771.5387,835318830.9193453
1790353800000,771.555,771.72,770.36,771.14,906654580.456466
1790354700000,771.13,771.14,770.17,770.44,487473246.89577943
1790355600000,770.44,771.28,770.33,771.23,346977669.0116955
1790356500000,771.27,771.29,770.81,771.26,288848872.16957283
1790357400000,771.27,771.37,770.5059,770.93,288452904.37854046
1790358300000,770.905,771.18,770.6,771.155,237410780.80812037
1790359200000,771.15,771.46,770.83,771.46,451399265.06253654
1790360100000,771.475,771.51,770.421,770.9,734275045.7964962
1790361000000,770.91,771.34,770.491,771.03,641091915.2835089
1790361900000,771.0154,771.1,770.6,770.67,498600603.0762153
1790362800000,770.7,771.105,770.43,771.08,435548028.94541156
1790363700000,771.1,771.16,770.195,770.33,622372103.372362
1790364600000,770.33,771.32,770.21,771.17,807370535.0010006
1790365500000,771.19,772.28,771.15,771.35,3631196612.0782585
1790366400000,771.31,771.5705,771.18,771.2377,2828843553.524524
1790367300000,771.22,771.3025,771.0757,771.1923,775672098.7028861
1790368200000,771.1769,771.5363,771.1392,771.5212,54853866.08114666
1790369100000,771.52,771.6163,771.4309,771.4847,53133446.85720407
1790370000000,771.48,771.69,771.35,771.54,212135565.8137965
1790370900000,771.4062,772.47,768.2,772.0946,771914065.215394
1790371800000,772.1,773.44,768.27,772.3341,9154154.168206688
1790372700000,772.3329,773.53,772.05,772.1398,23382103.549428355
1790373600000,772.1,772.4275,771.35,772.38,53797931.01293299
1790374500000,772.3405,772.4,772.26,772.4,4138414.244471714
1790375400000,772.3444,772.4,772.25,772.3686,1684337.0919168189
1790376300000,772.3001,772.3877,772.25,772.34,2976279.115308441
1790377200000,772.3031,772.339,772.25,772.32,4728377.370695599
1790378100000,772.3,772.4,772.3,772.3055,1806766.5036707367
1790379000000,772.3,772.37,772.3,772.3031,5092549.0048513375
1790379900000,772.337,772.337,771.9,772.0,6294232.655169451
1790380800000,772.5,772.5,771.96,771.96,212.981034
1790381700000,771.96,771.96,771.96,771.96,50.94936
1790382600000,771.88,771.88,771.86,771.86,417.429688
1790384400000,772.24,772.24,771.84,771.84,212.156592
1790396100000,771.81,771.81,771.81,771.81,649.246572
1790397000000,771.74,771.74,771.63,771.63,3642.949457
1790404200000,772.24,772.24,771.53,771.53,31.874271
1790412300000,772.24,772.24,772.24,772.24,36.449728
1790419500000,771.53,771.53,771.53,771.53,10.02989
1790422200000,771.43,771.43,771.43,771.43,46.362943
1790423100000,771.29,771.29,771.29,771.29,49.979592
1790440200000,771.53,771.53,771.14,771.14,231.175565
1790441100000,771.53,772.24,771.48,771.48,144.673628
1790444700000,772.24,772.24,772.24,772.24,52.975664
1790462700000,771.32,771.32,771.32,771.32,11.801196
1790467200000,772.24,772.24,772.24,772.24,10.03912
1790474400000,771.32,771.32,771.32,771.32,123.102672
1790476200000,771.4,771.4,771.4,771.4,22.3706
1790481600000,771.21,771.21,771.21,771.21,3117.770667
1790482500000,771.05,771.05,771.05,771.05,71.39923
1790489700000,771.02,771.02,771.02,771.02,30.223984
1790491500000,770.99,770.99,770.99,770.99,51.65633
1790492400000,772.24,772.24,772.24,772.24,298.934104
1790498700000,772.24,772.24,772.24,772.24,12.433064
1790512200000,770.95,770.95,770.95,770.95,49.64918
1790529300000,772.24,772.24,772.24,772.24,30.11736
1790542800000,772.24,772.24,772.24,772.24,10.03912
1790546400000,771.03,771.03,771.03,771.03,58.906692
1790553600000,769.41,770.52,769.4,770.1,5073416.97
1790554500000,770.05,770.11,769.74,769.86,10523563.78
1790555400000,769.81,769.93,769.2,769.51,3904702.36
1790556300000,769.6,769.93,769.17,769.25,3731038.66
1790557200000,769.32,769.75,769.3,769.5,3129472.87
1790558100000,769.43,769.79,769.25,769.65,1949015.98
1790559000000,769.7,769.89,769.48,769.48,1618726.63
1790559900000,769.58,769.58,769.1,769.18,3306545.46
1790560800000,769.17,769.17,768.6,769.0,15392113.42
1790561700000,769.02,769.02,768.67,769.02,4893916.07
1790562600000,768.91,769.05,768.7,768.82,2650071.0
1790563500000,768.92,768.92,768.45,768.59,1614751.83
1790564400000,768.66,768.94,768.59,768.71,2279545.0
1790565300000,768.66,768.79,768.61,768.62,679516.36
1790566200000,768.65,768.65,768.28,768.55,3907127.71
1790567100000,768.61,768.75,768.24,768.33,3448659.89
1790568000000,768.36,768.75,768.22,768.75,1257901.49
1790568900000,768.75,768.93,768.6,768.72,1246901.73
1790569800000,768.73,768.77,768.68,768.7,3286197.11
1790570700000,768.75,768.76,768.53,768.61,574190.52
1790571600000,768.81,768.94,768.37,768.46,1406555.33
1790572500000,768.56,768.64,768.39,768.39,1142701.4
1790573400000,768.38,768.6,768.12,768.21,2103727.46
1790574300000,768.3,768.67,768.3,768.67,1303330.02
1790575200000,768.7,769.32,768.44,768.76,5036567.65
1790576100000,768.76,768.9,767.92,768.0,11301011.31
1790577000000,767.92,768.5,767.91,768.35,2136357.17
1790577900000,768.14,768.59,768.14,768.5,599349.66
1790578800000,768.6,768.6,767.98,768.02,1667080.3
1790579700000,768.02,768.24,767.84,767.95,3154235.51
1790580600000,767.97,768.25,767.6,767.71,2508605.29
1790581500000,767.8,768.45,767.8,768.14,553095.81
1790582400000,768.19,769.32,767.65,768.5717,62488629.98532406
1790583300000,768.6017,768.69,767.9,768.4082,9981364.168019997
1790584200000,768.39,768.532,767.6192,767.8215,2041949.7470543955
1790585100000,767.78,768.0512,767.6423,767.86,3651986.217982826
1790586000000,767.82,768.1812,767.1068,767.1787,11788583.77306572
1790586900000,767.1812,767.891,767.1095,767.6617,5126254.737421295
1790587800000,767.685,767.7207,767.2285,767.701,4517491.688422456
1790588700000,767.751,767.9207,767.419,767.5318,2483280.4017438
1790589600000,767.5507,767.7507,766.8195,767.1012,5892773.404360806
1790590500000,767.121,767.3499,767.0,767.2307,6364041.332329471
1790591400000,767.2507,767.3207,767.039,767.1787,2777015.986817284
1790592300000,767.169,767.88,767.159,767.2102,24323605.655446243
1790593200000,767.2207,771.35,767.2097,767.48,45027251.971447535
1790594100000,767.4587,768.1105,767.3292,768.0712,69288987.14304888
1790595000000,768.0907,768.1007,767.72,767.945,13791526.577175315
1790595900000,767.971,768.05,767.7105,767.93,20802232.17397492
1790596800000,767.9,769.0,767.3984,768.6705,87497982.37035185
1790597700000,768.69,769.1686,768.43,768.53,13320058.494880756
1790598600000,768.54,768.9456,768.47,768.91,60516411.15401057
1790599500000,768.9107,771.35,768.7297,769.1584,47458125.447996646
1790600400000,769.129,769.129,768.51,768.6495,22275551.661446117
1790601300000,768.6702,768.8888,768.02,768.36,66822867.554160476
1790602200000,768.38,768.59,766.98,767.63,1758719095.4967983
1790603100000,767.59,768.5,767.36,768.36,917903664.846
1790604000000,768.34,768.4194,766.99,767.25,609178885.9625595
1790604900000,767.2501,767.92,767.03,767.45,952551383.366566
1790605800000,767.4401,767.46,765.22,765.2595,1084362168.2018
1790606700000,765.265,765.3099,763.715,764.15,1493445060.3992
1790607600000,764.165,765.76,764.12,765.14,1017877182.2271
1790608500000,765.15,765.245,764.6217,765.05,581416652.3284434
1790609400000,765.09,765.73,764.66,764.93,678847434.0133575
1790610300000,764.94,765.57,764.74,765.505,302377860.60972744
1790611200000,765.49,765.83,765.14,765.4146,266036857.64714864
1790612100000,765.375,769.54,765.3334,768.71,1829855411.5754297
1790613000000,768.6701,768.77,766.65,766.99,1030251892.5861
1790613900000,766.99,767.45,766.67,767.1967,372399390.359
1790614800000,767.15,769.28,766.46,768.89,805072291.750924
1790615700000,768.89,768.89,766.88,767.06,684809148.9685
1790616600000,767.04,767.52,766.85,767.19,542113491.1583015
1790617500000,767.175,767.49,767.0,767.299,297037116.0850748
1790618400000,767.28,767.53,766.89,767.448,336303895.1135
1790619300000,767.45,767.56,766.68,766.9,359608992.3231
1790620200000,766.905,767.155,766.32,767.11,434683297.9914104
1790621100000,767.12,767.305,766.76,766.98,517197032.34507495
1790622000000,767.02,767.02,765.78,765.87,836394558.5998
1790622900000,765.86,766.234,765.63,766.0,996765787.1530076
1790623800000,766.0,766.055,765.1295,765.44,2574931107.8277326
1790624700000,765.44,765.69,764.84,765.61,2832616870.3553
1790625600000,765.55,765.7653,765.21,765.31,408956274.18655
1790626500000,765.33,765.61,765.2016,765.4738,597631030.4166427
1790627400000,765.4777,765.4876,765.2697,765.2697,109459417.5380046
1790628300000,765.29,765.66,764.9873,765.6262,256263953.0612497
1790629200000,765.635,765.95,765.45,765.7148,68287396.74798141
1790630100000,765.7197,765.8803,765.7,765.8613,3503091.181439621
1790631000000,765.87,765.87,765.61,765.821,17373328.180696875
1790631900000,765.823,765.86,765.66,765.6816,4749814.72239282
1790632800000,765.68,766.1713,765.079,766.0352,27074836.59617034
1790633700000,766.0115,766.1589,765.8431,765.9685,3143250.7193704667
1790634600000,765.991,766.0012,765.83,765.88,278773866.47054017
1790635500000,765.9285,765.9902,765.8392,765.9197,5165008.831829643
1790636400000,765.956,765.987,765.81,765.817,1034591.8259548179
1790637300000,765.8588,766.07,765.8312,766.0145,1083215.345741409
1790638200000,766.031,766.031,765.7812,765.94,2995526.9258735054
1790639100000,765.9485,765.9902,765.4992,765.7292,7284114.5068721045
1790640000000,765.4,766.14,765.4,765.78,3742335.52
1790640900000,765.78,765.78,764.96,765.13,3114530.03
1790641800000,765.13,765.37,764.9,765.26,2091904.66
1790642700000,765.21,765.21,764.61,764.61,3390634.17
1790643600000,764.6,764.99,764.43,764.48,6257157.36
1790644500000,764.45,764.59,764.0,764.42,3674189.79
1790645400000,764.52,764.89,764.51,764.67,3226195.82
1790646300000,764.64,764.67,764.49,764.66,698055.6
1790647200000,764.66,764.94,764.41,764.79,1039789.68
1790648100000,764.74,765.02,764.6,764.6,1205998.01
1790649000000,764.61,764.61,764.29,764.38,976152.1
1790649900000,764.36,764.49,763.84,764.07,3065357.86
1790650800000,764.15,764.27,763.61,763.67,1422242.95
1790651700000,763.68,764.47,763.68,764.44,852012.38
1790652600000,764.38,764.61,764.2,764.5,1113688.69
1790653500000,764.38,764.42,763.63,763.63,606537.52
1790654400000,763.91,763.91,763.6,763.65,1457964.07
1790655300000,763.69,763.92,763.69,763.7,599582.08
1790656200000,763.7,763.78,763.62,763.68,481140.04
1790657100000,763.7,763.85,763.6,763.72,594192.76
1790658000000,763.89,763.89,763.5,763.76,2110032.27
1790658900000,763.74,763.98,763.47,763.57,736964.93
1790659800000,763.5,763.63,762.7,763.5,8105755.2
1790660700000,763.25,763.87,763.18,763.87,836125.28
1790661600000,763.89,765.0,763.89,764.88,6074409.45
1790662500000,764.79,765.13,764.5,765.13,1340672.36
1790663400000,765.2,765.5,765.2,765.39,714924.77
1790664300000,765.54,765.55,765.12,765.27,500632.07
1790665200000,765.26,765.31,764.94,765.11,1294690.4
1790666100000,765.13,765.78,765.09,765.57,1131944.53
1790667000000,765.53,766.43,765.53,765.7,5820745.39
1790667900000,765.76,765.8,765.38,765.38,786971.99
1790668800000,765.42,766.36,762.6885,765.199,13625192.6113
1790669700000,765.1795,765.8505,765.1792,765.409,3135433.380642907
1790670600000,765.431,765.86,765.3097,765.86,11838413.88940902
1790671500000,765.821,765.9005,765.1695,765.5692,14961887.974067025
1790672400000,765.5592,765.7407,765.2695,765.2997,11014004.990540046
1790673300000,765.32,765.32,764.815,764.8297,12481791.921010999
1790674200000,764.8195,765.33,764.68,765.33,4174000.3494662256
1790675100000,765.3302,765.5515,764.7521,764.9095,15464586.503685225
1790676000000,764.8992,765.751,764.8795,765.5792,9015490.527564716
1790676900000,765.55,765.7402,765.3095,765.7402,27508396.61842973
1790677800000,765.76,765.88,765.369,765.7207,34206168.36904246
1790678700000,765.7505,766.3407,765.7087,766.3407,25151544.519186247
1790679600000,766.335,766.86,765.61,766.3785,43350948.61003926
1790680500000,766.381,766.8617,766.38,766.7105,17471794.754558742
1790681400000,766.73,767.07,766.6395,766.9153,33889262.175307885
1790682300000,766.911,767.95,766.5692,767.34,68426919.30315115
1790683200000,767.3285,767.74,767.309,767.4369,38390980.761518426
1790684100000,767.4207,767.73,766.6523,766.907,48827449.81317887
1790685000000,766.9195,767.03,766.6195,766.8092,15732683.065435644
1790685900000,766.8307,766.87,765.61,766.319,27618957.41897175
1790686800000,766.32,766.76,765.41,766.76,27300916.03329671
1790687700000,766.771,766.9162,766.4507,766.86,21470170.360952493
1790688600000,766.83,766.9,764.94,765.115,1346719789.2331529
1790689500000,765.13,765.659,764.6,764.72,1414051503.9416528
1790690400000,764.68,765.62,764.61,765.165,701507947.2058487
1790691300000,765.17,765.75,764.77,765.31,733135004.2085686
1790692200000,765.34,765.74,764.8,765.1,671228879.1027
1790693100000,765.1,765.575,764.49,764.86,743676722.422647
1790694000000,764.89,764.95,763.58,764.16,628153482.3357087
1790694900000,764.1,764.33,762.57,762.9398,823184635.9251549
1790695800000,762.99,764.12,762.865,763.735,757359258.5162551
1790696700000,763.74,764.28,762.895,763.3,866292274.4896452
1790697600000,763.25,763.45,762.66,762.99,798230359.4950637
1790698500000,762.99,763.56,762.8706,763.395,239963343.21650574
1790699400000,763.3795,763.4708,762.6548,762.67,400835401.8997395
1790700300000,762.675,763.33,762.405,762.9948,619142890.7646431
1790701200000,762.93,762.98,762.37,762.76,475282344.39067155
1790702100000,762.77,763.16,762.35,763.08,352711790.79684746
1790703000000,763.08,763.325,762.8,763.2701,238430218.44056404
1790703900000,763.2973,763.46,762.385,762.62,346236632.7452714
1790704800000,762.65,764.0198,762.64,763.7401,1248441350.3054214
1790705700000,763.745,764.39,763.6651,763.97,558560928.4007217
1790706600000,763.9601,765.3,763.57,764.845,939715945.5476774
1790707500000,764.85,764.98,764.39,764.89,589923501.5365161
1790708400000,764.86,765.06,764.34,764.36,627968238.821
1790709300000,764.4,764.83,764.28,764.57,677860450.1887584
1790710200000,764.565,764.82,764.02,764.11,899722522.6926079
1790711100000,764.12,764.8,763.76,764.2,4233646233.0541534
1790712000000,764.29,764.8815,764.2,764.65,2189499408.024265
1790712900000,764.64,764.9324,764.2,764.9038,296811105.526619
1790713800000,764.9202,765.18,764.8331,765.14,539280845.8086
1790714700000,765.1474,765.15,764.8543,764.95,14836192.842638092
1790715600000,764.98,764.98,764.59,764.8151,119706278.10399759
1790716500000,764.8207,764.9602,764.7535,764.9266,10483870.172107762
1790717400000,764.8792,764.95,764.8753,764.946,1479017.0159962655
1790718300000,764.946,764.95,764.881,764.93,23399259.579534143
1790719200000,764.911,765.6898,764.911,765.499,19453683.563621536
1790720100000,765.4697,765.94,765.3597,765.4062,6974254.395298258
1790721000000,765.4,765.4789,765.15,765.331,13469833.375138227
1790721900000,765.3162,765.3861,765.2757,765.2987,3810115.697814421
1790722800000,765.2982,765.4586,765.1997,765.4369,5874447.677818299
1790723700000,765.47,765.55,765.3697,765.5421,1533597.6326348945
1790724600000,765.5423,765.86,765.4492,765.771,6175688.967647925
1790725500000,765.7987,766.1012,765.71,766.1012,6067630.544183078
1790726400000,765.85,766.5,765.85,766.43,4706196.25
1790727300000,766.49,766.5,765.88,765.88,2227241.66
1790728200000,765.92,766.15,765.64,765.75,2108516.7
1790729100000,765.71,765.73,765.41,765.63,1551816.81
1790730000000,765.58,765.69,765.33,765.36,1158947.41
1790730900000,765.4,765.5,765.29,765.29,988132.5
1790731800000,765.27,765.72,765.21,765.56,1072400.78
1790732700000,765.56,765.82,765.51,765.82,398165.35
1790733600000,765.85,766.0,765.37,765.71,1190448.54
1790734500000,765.72,765.99,765.72,765.83,1030805.11
1790735400000,765.74,765.74,765.28,765.41,834340.63
1790736300000,765.43,765.8,765.43,765.51,886603.84
1790737200000,765.51,765.68,765.47,765.53,198292.89
1790738100000,765.56,765.62,765.43,765.6,354430.46
1790739000000,765.58,766.12,765.58,766.05,1515792.46
1790739900000,765.95,766.16,765.94,766.04,381481.55
1790740800000,766.06,766.19,765.95,766.15,714000.32
1790741700000,766.23,766.26,766.12,766.19,1179210.89
1790742600000,766.22,766.47,766.14,766.39,971765.89
1790743500000,766.35,766.39,766.03,766.15,498070.96
1790744400000,766.26,766.29,765.6,765.65,679414.67
1790745300000,765.61,765.81,765.33,765.67,715731.57
1790746200000,765.78,766.08,765.63,765.74,1283651.21
1790747100000,765.64,766.05,765.31,765.82,2175804.62
1790748000000,765.7,766.0,765.6,765.6,529887.61
1790748900000,765.67,765.82,765.63,765.66,420372.52
1790749800000,765.44,765.45,764.68,764.98,2077076.45
1790750700000,764.98,765.45,764.6,765.1,1005335.99
1790751600000,765.01,766.06,765.01,766.01,1595090.7
1790752500000,766.12,766.61,766.0,766.07,1714391.52
1790753400000,766.25,766.6,766.19,766.35,429963.77
1790754300000,766.45,766.69,766.41,766.56,228423.56
1790755200000,766.4817,766.76,764.2,766.099,3860197.7491
1790756100000,766.1112,766.3612,765.9885,766.2795,17339655.18399032
1790757000000,766.291,766.4387,765.7915,765.8287,3329502.735
1790757900000,765.8287,766.1187,765.5,765.5,4351689.2571
1790758800000,765.5285,765.629,764.9412,765.629,5610688.706452646
1790759700000,765.629,765.7087,765.161,765.2985,3964206.4895
1790760600000,765.2985,765.7885,764.9007,765.1187,4113994.8432
1790761500000,765.1185,765.2987,765.0312,765.2487,3985780.7068
1790762400000,765.162,765.2285,764.6592,764.68,6382412.8921
1790763300000,764.669,765.0385,764.52,764.6987,8389619.456434686
1790764200000,764.6512,764.7995,764.4415,764.6292,9900050.07869676
1790765100000,764.649,764.8312,764.4912,764.5492,3970719.4935
1790766000000,764.48,764.5297,763.2925,763.5692,16463887.011724254
1790766900000,763.5692,764.649,763.201,764.4885,28283051.054769166
1790767800000,764.481,764.8487,764.381,764.531,14969114.451950658
1790768700000,764.5787,764.8797,763.821,764.8385,38607810.474758655
1790769600000,764.8385,764.97,764.3315,764.73,44956403.40995215
1790770500000,764.8457,765.5072,763.83,765.4845,42722739.803596996
1790771400000,765.426,768.36,764.79,767.0787,318668542.809606
1790772300000,767.069,767.2607,764.2,766.7087,70353057.59662372
1790773200000,766.7085,767.5785,766.6715,766.9982,37529416.81215395
1790774100000,766.9987,767.148,766.1497,766.4,70190038.1330717
1790775000000,766.37,767.275,766.0,766.66,1052407249.1706
1790775900000,766.68,767.98,766.0701,767.97,746771494.9214723
1790776800000,768.0,769.15,767.95,768.16,1001336542.9900554
1790777700000,768.165,769.1,767.475,767.855,653262398.1910553
1790778600000,767.87,768.41,767.25,767.64,720332758.0064174
1790779500000,767.64,769.41,767.5754,768.5283,569513864.3303685
1790780400000,768.52,768.67,767.75,768.19,538733440.0444
1790781300000,768.18,768.91,767.9001,768.7501,629544322.8381907
1790782200000,768.8,769.02,767.88,768.0,435872905.1850258
1790783100000,768.0,769.245,767.8978,768.72,501324352.80044276
1790784000000,768.72,769.1,768.48,769.0,541833447.4295092
1790784900000,768.99,769.0399,768.04,768.07,447401848.65589505
1790785800000,768.05,768.5,767.68,768.35,364315031.62366873
1790786700000,768.365,768.365,767.71,768.27,275455041.31940216
1790787600000,768.245,768.47,767.605,767.6992,459039147.48541474
1790788500000,767.69,767.69,766.26,766.97,651358123.8542211
1790789400000,766.97,767.72,766.97,767.485,380591632.6550416
1790790300000,767.48,767.97,767.21,767.71,317742056.83432883
1790791200000,767.695,767.7,766.85,767.335,708452500.6167417
1790792100000,767.33,767.38,766.3172,766.7666,617478901.8238453
1790793000000,766.76,766.97,766.1012,766.84,578946936.0828022
1790793900000,766.86,766.89,766.01,766.48,394129412.674795
1790794800000,766.48,766.88,766.46,766.83,635288803.6238427
1790795700000,766.83,766.83,766.24,766.335,675136232.5821496
1790796600000,766.34,766.44,765.52,765.75,1263885541.6123931
1790797500000,765.75,765.85,762.2,762.63,11848124143.415031
1790798400000,762.38,763.439,761.8,763.3,8290070135.242069
1790799300000,763.32,763.6892,762.63,763.4597,1223039667.6446247
1790800200000,763.4792,763.499,763.1182,763.2392,296722161.07844514
1790801100000,763.239,763.4251,763.0557,763.3362,56552797.87344484
1790802000000,763.35,763.54,762.8511,763.187,143947707.95155796
1790802900000,763.187,763.2845,762.85,763.2242,25973517.112307653
1790803800000,763.2242,763.23,762.978,762.978,4554496.8347
1790804700000,762.978,763.1599,762.8987,763.1267,11781183.739453966
1790805600000,763.1267,763.88,762.63,763.8784,378179831.38641226
1790806500000,763.8685,764.3005,763.7992,764.3002,38827324.24444817
1790807400000,764.3,764.751,764.2492,764.6,42954125.29795229
1790808300000,764.5892,764.6302,764.54,764.584,6477141.97596151
1790809200000,764.5951,764.71,764.4623,764.5851,2460760.394206172
1790810100000,764.5705,764.99,764.5705,764.819,13148255.124073157
1790811000000,764.851,765.58,764.85,765.4397,9553833.930932188
1790811900000,765.4505,765.6499,765.37,765.54,5240424.084583813
1790812800000,765.61,765.62,765.01,765.34,3375170.69
1790813700000,765.21,765.23,764.7,764.75,3700650.12
1790814600000,764.68,765.28,764.35,765.28,11141819.57
1790815500000,765.22,765.23,764.69,765.12,1497021.79
1790816400000,765.14,765.58,765.04,765.25,2295250.68
1790817300000,765.15,765.65,765.05,765.49,1436026.48
1790818200000,765.43,765.53,765.26,765.3,3993977.83
1790819100000,765.31,765.35,765.04,765.12,2162407.11
1790820000000,765.17,765.4,765.07,765.18,5197538.82
1790820900000,765.13,765.49,765.11,765.49,1690589.25
1790821800000,765.49,765.59,765.4,765.51,2716658.64
1790822700000,765.43,765.52,765.31,765.52,748587.81
1790823600000,765.59,765.73,765.54,765.64,1748738.22
1790824500000,765.65,765.69,765.45,765.64,859016.08
1790825400000,765.63,765.64,765.43,765.62,2007171.13
1790826300000,765.6,766.1,765.6,766.1,5571016.86
1790827200000,766.06,766.31,766.03,766.28,7690554.35
1790828100000,766.25,766.25,766.0,766.18,1219606.45
1790829000000,766.16,766.46,766.16,766.39,1295101.33
1790829900000,766.38,766.79,766.38,766.79,3192914.59
1790830800000,766.8,767.19,766.79,767.14,4162453.98
1790831700000,767.11,767.7,767.03,767.65,6112592.88
1790832600000,767.64,767.88,767.5,767.65,6897229.88
1790833500000,767.59,767.7,767.3,767.59,4897748.46
1790834400000,767.63,767.93,767.49,767.62,3967707.51
1790835300000,767.48,767.53,767.19,767.53,2071910.31
1790836200000,767.54,767.59,766.21,766.4,4735531.43
1790837100000,766.54,766.78,766.1,766.1,3995431.54
1790838000000,766.05,766.39,764.95,764.95,6220045.51
1790838900000,765.02,765.02,762.05,762.1,11010182.04
1790839800000,762.32,763.61,762.21,763.09,12207357.21
1790840700000,762.96,763.52,762.58,763.04,2450032.35
1790841600000,762.83,767.912,762.0682,762.9992,39491085.6043
1790842500000,763.0105,763.0792,762.239,762.239,18321451.010847703
1790843400000,762.2292,763.4792,761.891,763.069,21314198.317392547
1790844300000,763.0687,763.4487,762.561,763.4287,11872019.53488572
1790845200000,763.389,764.2295,763.369,764.1595,10164945.582421873
1790846100000,764.1592,764.7192,763.9492,764.6687,20875684.609504208
1790847000000,764.641,764.88,764.201,764.3192,5287388.352236687
1790847900000,764.2984,764.7995,763.9407,764.1195,10459328.059994277
1790848800000,764.0997,764.3892,763.1792,764.3007,41255106.59303447
1790849700000,764.3292,765.16,763.981,764.569,24073445.627000608
1790850600000,764.5992,765.6492,764.5607,765.5092,71498629.45276925
1790851500000,765.5302,765.8792,765.4607,765.6592,6062079.556420589
1790852400000,765.6592,765.7207,764.611,764.6692,43532812.571395345
1790853300000,764.6692,764.6692,763.9795,764.2792,33846815.3772915
1790854200000,764.2692,765.2,764.191,765.0997,23318003.282569118
1790855100000,765.0995,765.809,765.0797,765.709,28269453.583895113
1790856000000,765.6807,765.8092,765.4092,765.441,35503705.02700526
1790856900000,765.4592,765.7387,765.0787,765.54,37902668.65425235
1790857800000,765.48,766.1392,765.3615,765.439,45854143.13177261
1790858700000,765.439,765.579,764.611,764.6692,26641390.28134824
1790859600000,764.6605,765.4092,764.48,764.8295,97921779.83290237
1790860500000,764.8195,764.85,764.1707,764.3295,61607412.699525855
1790861400000,764.32,765.33,763.21,763.4094,1570579537.0135264
1790862300000,763.42,764.03,762.45,762.58,1275702225.2897382
1790863200000,762.5601,762.69,759.721,760.895,1957384362.2019923
1790864100000,760.84,761.28,759.8,760.5,915970043.0511365
1790865000000,760.41,762.18,760.13,761.45,1041557541.6908761
1790865900000,761.39,762.11,759.93,760.41,1129634588.0353014
1790866800000,760.41,760.55,758.7901,760.27,1076514519.2134252
1790867700000,760.26,761.33,760.0,760.4,823881543.50487
1790868600000,760.42,760.8603,759.25,759.675,736248444.4224
1790869500000,759.68,760.9,759.27,760.67,720390377.8604634
1790870400000,760.694,761.28,760.25,760.57,577611767.6168
1790871300000,760.57,761.745,760.4501,761.285,477669452.6089
1790872200000,761.29,762.57,761.17,762.0,1152877916.844565
1790873100000,762.015,762.28,760.29,760.935,557208081.5899272
1790874000000,760.92,762.24,760.75,761.93,756491284.3396
1790874900000,761.945,763.96,761.79,763.685,1086872907.3877075
1790875800000,763.78,765.17,763.66,764.82,1177122687.8713417
1790876700000,764.815,765.32,763.26,763.5305,1359445016.452383
1790877600000,763.69,763.72,762.201,763.32,857520127.6313
1790878500000,763.34,764.25,763.01,764.11,609240859.1562705
1790879400000,764.13,765.15,763.73,764.32,857903262.638952
1790880300000,764.33,764.84,764.06,764.8,423443554.4054996
1790881200000,764.806,764.905,764.21,764.58,321149864.1774
1790882100000,764.57,764.82,764.26,764.5151,776550100.0777
1790883000000,764.5,764.92,764.22,764.64,715863707.3809808
1790883900000,764.62,765.65,763.47,763.99,3657338664.3207
1790884800000,764.032,764.66,763.89,764.6092,1694097705.468282
1790885700000,764.6207,764.699,763.99,764.41,249526222.07685438
1790886600000,764.41,764.4395,764.0612,764.1487,928131991.9314
1790887500000,764.149,764.1892,763.9002,764.0277,92978436.72174343
1790888400000,764.1416,764.3,763.94,764.12,242908628.57063028
1790889300000,764.1113,764.1528,763.99,764.0532,20314735.29219161
1790890200000,764.0401,764.0553,763.53,763.7977,15542491.240361715
1790891100000,763.7977,763.93,763.6707,763.9272,12670552.797592387
1790892000000,763.9272,764.44,763.8856,764.0517,16226141.53187251
1790892900000,764.0792,764.2131,763.8237,764.0879,4671529.99454216
1790893800000,764.09,764.3052,764.0802,764.1487,2124291.007495929
1790894700000,764.161,764.68,764.1,764.6616,1032748.246479705
1790895600000,764.6497,764.9747,764.4597,764.8912,3849250.374393421
1790896500000,764.8702,764.9387,764.6502,764.7287,6651204.886380701
1790897400000,764.7287,764.7785,764.1595,764.3987,3426805.9386
1790898300000,764.3887,764.89,764.1715,764.77,2351466.6694
1790899200000,764.99,765.33,764.67,765.27,4087352.46
1790900100000,765.2,765.76,764.84,764.91,4071299.75
1790901000000,764.86,765.29,764.81,765.05,975456.07
1790901900000,765.01,765.17,764.9,764.91,1803207.18
1790902800000,764.91,764.95,764.69,764.78,1937984.24
1790903700000,764.75,764.88,764.39,764.49,3335640.06
1790904600000,764.62,764.73,764.42,764.73,1975679.98
1790905500000,764.73,765.4,764.69,765.31,1815009.5
1790906400000,765.36,765.49,765.08,765.49,642064.06
1790907300000,765.47,765.73,765.37,765.63,1215710.19
1790908200000,765.62,765.66,765.46,765.66,317718.21
1790909100000,765.72,765.85,765.48,765.85,1584268.85
1790910000000,765.84,765.95,765.62,765.81,883002.17
1790910900000,765.87,765.93,765.71,765.85,631828.51
1790911800000,765.84,765.84,765.65,765.81,863767.07
1790912700000,765.81,766.02,765.69,766.0,2059505.81
1790913600000,766.01,766.34,766.01,766.31,1457278.16
1790914500000,766.29,766.35,766.19,766.29,735619.33
1790915400000,766.18,766.3,766.12,766.16,927853.59
1790916300000,766.12,766.68,766.04,766.68,2110671.65
1790917200000,766.65,766.96,766.41,766.61,1774902.28
1790918100000,766.51,766.51,766.31,766.31,353320.5
1790919000000,766.25,766.36,766.06,766.34,836702.14
1790919900000,766.31,766.31,766.01,766.11,569220.43
1790920800000,766.19,766.65,766.19,766.61,660763.06
1790921700000,766.44,766.44,766.07,766.34,527108.48
1790922600000,766.5,766.5,765.82,765.83,1458756.73
1790923500000,765.86,766.1,765.43,765.88,2452759.93
1790924400000,766.0,766.69,765.97,766.69,1492703.19
1790925300000,766.76,766.76,765.93,765.93,810673.3
1790926200000,765.86,766.46,765.86,766.33,3248220.58
1790927100000,766.4,767.69,766.4,767.21,4515340.53
1790928000000,767.21,768.109,763.99,767.799,46956369.27636953
1790928900000,767.7992,767.8692,767.181,767.4192,5483665.0094
1790929800000,767.399,767.7192,767.1607,767.5,4172252.7569
1790930700000,767.4914,768.1192,767.491,767.9195,6686562.847538647
1790931600000,767.9195,768.1887,767.471,768.019,5839172.098738857
1790932500000,767.9995,768.31,767.7912,767.939,35741298.21411031
1790933400000,767.939,767.9692,767.5295,767.809,7628247.567639001
1790934300000,767.8087,768.179,767.45,767.679,30917646.559993587
1790935200000,767.6687,767.749,766.9107,767.0592,5133706.692647394
1790936100000,767.0507,767.359,766.6187,767.329,6097204.5740011325
1790937000000,767.3487,767.849,767.1187,767.789,5497629.7109
1790937900000,767.799,767.9792,767.661,767.9792,6106643.4621
1790938800000,767.94,768.115,763.99,767.9392,24524776.79277971
1790939700000,767.9687,768.2192,767.781,768.0097,28590873.69959473
1790940600000,768.0002,768.1505,767.451,767.5687,35828269.76552179
1790941500000,767.5692,767.5995,767.1005,767.4187,24715118.832639623
1790942400000,767.399,767.45,767.061,767.2005,38638890.740772754
1790943300000,767.1707,768.0967,767.05,768.0877,17166449.556052204
1790944200000,768.0877,771.39,767.94,770.349,469062386.34462804
1790945100000,770.3487,771.4502,769.978,771.3107,78029514.3372355
1790946000000,771.38,771.9,770.9797,771.0095,95194157.82017057
1790946900000,770.9895,771.129,770.51,770.5595,35954568.17981849
1790947800000,770.7,771.65,769.49,771.6201,1783457762.9591
1790948700000,771.63,772.09,769.07,770.55,1492336384.4266
1790949600000,770.56,771.795,769.88,771.47,1010352860.0651498
1790950500000,771.475,772.4899,771.19,772.08,924607207.4343691
1790951400000,772.08,772.65,771.305,772.13,886578177.6073
1790952300000,772.135,772.4425,770.75,770.97,908413023.53
1790953200000,770.99,771.12,768.17,768.67,1630751468.6414
1790954100000,768.65,769.07,767.145,768.79,1412954457.2259734
1790955000000,768.8,769.5,768.14,769.04,1043386926.9802095
1790955900000,769.03,769.3,768.51,769.215,847040079.83424
1790956800000,769.23,769.91,769.09,769.565,535550723.85480076
1790957700000,769.55,769.8,768.81,768.96,423377493.58462447
1790958600000,768.97,769.85,768.72,769.02,550583256.8890343
1790959500000,769.06,769.61,768.84,769.33,405986001.7979778
1790960400000,769.36,770.05,769.0238,769.33,428100831.3333536
1790961300000,769.29,769.66,768.33,768.54,913785977.9586127
1790962200000,768.47,769.3,768.42,768.97,578491887.9110149
1790963100000,768.96,769.46,768.66,769.17,391040484.3530441
1790964000000,769.18,769.35,768.885,769.25,946578219.1538
1790964900000,769.23,769.24,768.5,768.98,536535076.0422245
1790965800000,768.9515,769.3,768.75,769.22,737195813.0662693
1790966700000,769.225,769.39,769.1,769.29,603331056.5022615
1790967600000,769.3,769.43,768.96,769.15,503469685.66655314
1790968500000,769.17,769.6,769.03,769.35,787065864.8699285
1790969400000,769.34,770.05,769.3,769.63,1729790456.5561223
1790970300000,769.64,770.0768,769.17,769.64,3486455966.6006017
1790971200000,769.67,770.17,769.4649,770.0678,3674504966.044092
1790972100000,770.05,770.0981,769.5797,769.711,261824860.1266734
1790973000000,769.721,769.7752,769.5197,769.5802,151369677.4962
1790973900000,769.5869,769.5869,769.2365,769.3522,18312629.13518906
1790974800000,769.3384,769.7,769.3224,769.38,303699244.97203505
1790975700000,769.396,769.5,769.3101,769.4376,3952479.23583746
1790976600000,769.45,769.45,769.25,769.28,3331752.73084443
1790977500000,769.27,769.37,769.08,769.1,5360882.9429834625
1790978400000,769.15,769.37,768.8732,768.8732,11854313.326445425
1790979300000,768.9,769.28,768.883,769.25,1044323.5595241972
1790980200000,769.25,769.29,769.1025,769.27,1128432.7633195275
1790981100000,769.2512,769.6754,769.1701,769.661,1550841.0728
1790982000000,769.66,769.75,769.1701,769.6333,791673.4583975029
1790982900000,769.6333,769.6499,769.5,769.5882,442753.36564812
1790983800000,769.58,769.7145,769.5,769.7,2202975.7616457003
1790984700000,769.715,769.87,769.52,769.753,3705048.0749595063
1790988300000,770.11,770.11,769.57,769.57,59.893552
1790991000000,769.57,769.57,769.57,769.57,149.989193
1790999100000,769.49,769.49,769.49,769.49,146.97259
1791019800000,770.13,770.13,770.13,770.13,499.968396
1791032400000,769.71,769.71,769.71,769.71,769.71
1791033300000,769.69,769.69,769.69,769.69,25.861584
1791043200000,769.69,769.69,769.38,769.38,151.266122
1791050400000,769.59,769.59,769.59,769.59,50.254227
1791054900000,769.4,769.4,769.4,769.4,18.8503
1791056700000,770.29,770.29,770.29,770.29,4999.95239
1791070200000,770.37,770.37,769.77,769.77,514.882719
1791075600000,770.42,770.42,770.42,770.42,161.634116
1791083700000,770.48,770.48,770.48,770.48,146.237104
1791100800000,770.49,770.49,770.49,770.49,770.49
1791102600000,769.77,769.77,769.77,769.77,13.393998
1791105300000,770.49,770.49,770.49,770.49,57.940848
1791109800000,770.6,770.6,770.6,770.6,10.48016
1791129600000,770.6,770.6,770.6,770.6,14.94964
1791146700000,770.6,770.6,770.6,770.6,14.94964
1791158400000,770.25,770.81,770.23,770.49,4510439.17
1791159300000,770.59,770.83,770.29,770.33,3140927.82
1791160200000,770.34,770.7,770.32,770.7,1468732.31
1791161100000,770.67,770.81,770.51,770.81,1528949.78
1791162000000,770.68,770.94,770.63,770.78,1264888.29
1791162900000,770.73,770.91,770.69,770.91,809346.5
1791163800000,770.91,771.12,770.83,770.92,1312986.46
1791164700000,770.98,771.0,770.65,770.65,1584846.64
1791165600000,770.72,770.72,770.49,770.49,933209.17
1791166500000,770.59,770.75,770.5,770.61,716641.44
1791167400000,770.54,770.54,770.08,770.16,1025980.36
1791168300000,770.19,770.21,769.68,769.77,3270955.49
1791169200000,769.77,769.79,769.33,769.54,2155420.6
1791170100000,769.54,769.8,769.47,769.72,627225.82
1791171000000,769.67,769.67,769.42,769.45,474030.86
1791171900000,769.44,769.49,768.89,769.03,642283.24
1791172800000,768.98,769.09,768.9,769.03,995064.73
1791173700000,769.03,769.08,768.76,768.78,1085014.43
1791174600000,768.72,768.91,768.47,768.88,1075384.54
1791175500000,768.84,769.09,768.76,768.92,931185.5
1791176400000,768.91,768.99,768.81,768.87,803529.34
1791177300000,768.85,768.88,768.53,768.6,4790765.49
1791178200000,768.55,768.55,768.35,768.36,669290.8
1791179100000,768.49,768.69,768.42,768.48,1032955.37
1791180000000,768.7,769.35,768.7,769.27,1407278.01
1791180900000,769.27,769.45,768.74,768.74,877556.61
1791181800000,768.74,768.81,768.29,768.44,979893.64
1791182700000,768.39,768.89,768.36,768.89,2828561.05
1791183600000,768.82,769.08,768.61,768.89,1003300.83
1791184500000,768.99,768.99,768.09,768.26,1460702.68
1791185400000,768.2,768.55,768.12,768.42,898891.88
1791186300000,768.55,768.8,768.3,768.7,573367.74
1791187200000,768.625,769.4629,768.0825,769.4,8940671.1637
1791188100000,769.5,769.8099,769.3665,769.4092,6161441.842105998
1791189000000,769.38,769.6081,768.43,768.609,6360074.486094395
1791189900000,768.5,769.1012,767.9592,768.9785,12905743.0506294217264016
1791190800000,768.98,769.15,768.779,768.939,3566328.368607754
1791191700000,768.9407,769.01,768.47,768.51,1529832.75467924
1791192600000,768.58,768.68,768.11,768.29,1818625.5561177424
1791193500000,768.3,768.41,768.21,768.321,936585.72901878
1791194400000,768.3215,768.38,768.065,768.38,4643102.890873631
1791195300000,768.3212,768.49,768.0892,768.1887,40305297.43627174
1791196200000,768.1392,768.234,767.979,768.234,4491710.6213557049319121
1791197100000,768.2512,769.19,768.2512,768.9612,1624912.7550838616
1791198000000,769,769.64,768.4235,768.7595,13649480.9727641480374606
1791198900000,768.83,769.9312,768.63,769.8,6262527.5906671982689879
1791199800000,769.87,770.0705,769.02,769.03,16301537.6646699112
1791200700000,769.04,769.4,768.92,769.3,14195542.7982217068691167
1791201600000,769.3,769.7921,769.1854,769.7054,37246880.4096367905
1791202500000,769.6992,769.9,769.27,769.54,26174427.3870589262
1791203400000,769.54,769.54,768.79,768.8086,12395111.3504122134
1791204300000,768.7895,769.64,768.35,768.649,54332764.8465106448
1791205200000,768.7572,769.18,768.72,769.028,42003882.9195382607
1791206100000,769.08,769.7202,769.075,769.69,37531690.6438542658
1791207000000,769.69,770.97,769.69,770.64,1338315422.7393
1791207900000,770.63,770.96,770.2627,770.68,725997327.6705320338
1791208800000,770.56,772.1255,769.98,771.935,1045676743.4696
1791209700000,771.94,772.96,771.82,772.6703,944845955.1980198723
1791210600000,772.68,772.72,771.67,772.265,700447525.0557158372092
1791211500000,772.27,772.89,772.11,772.7701,859633217.7875
1791212400000,772.77,772.909,772.3,772.565,735310812.77426698681762
1791213300000,772.5612,772.96,772.285,772.86,989261570.0281
1791214200000,772.87,773.45,772.835,773.29,672554989.5354216601
1791215100000,773.29,773.48,772.995,773.3,563953133.261
1791216000000,773.305,773.33,772.92,773.18,535864534.5126
1791216900000,773.18,773.69,772.855,773.6108,598828617.3310949489
1791217800000,773.62,774.495,773.51,774.45,504004812.881619125611204
1791218700000,774.46,774.54,774.07,774.08,438706707.3138246679
1791219600000,774.1,774.2,773.77,774.162,344795105.5620004952
1791220500000,774.175,774.47,774.1,774.355,512924765.739674356
1791221400000,774.355,774.89,774.13,774.875,401628225.140792904485104
1791222300000,774.87,774.98,774.54,774.7699,406582991.8598
1791223200000,774.78,774.94,774.37,774.76,677764482.5376274207
1791224100000,774.76,775.35,774.75,775.15,576640496.847299266
1791225000000,775.15,775.28,775,775.1,605382821.6288
1791225900000,775.11,775.68,774.98,775.57,1434543597.7962
1791226800000,775.57,776.3,775.53,776.18,1089257170.058
1791227700000,776.17,776.605,775.99,776.1,1103359859.96908911756617
1791228600000,776.11,776.11,775.5,775.575,2038459200.0446
1791229500000,775.57,775.575,773.99,774.83,4811568979.1636941592
1791230400000,774.88,775.01,774.64,774.81,5108032910.3291287386109
1791231300000,774.8,774.89,767.38,774.7539,764104114.86385759207706
1791232200000,774.734,774.8399,774.6881,774.7083,285238515.9490360985
1791233100000,774.7061,774.95,774.64,774.8166,53196922.2993347888
1791234000000,774.84,774.95,774.83,774.83,401144406.76164850075735
1791234900000,774.8474,775.0376,774.6,775.03,12688683.5099017302
1791235800000,775.0123,775.0288,774.87,774.9628,190669668.1828
1791236700000,774.9628,775.04,774.91,775.0199,3862562.1102860008250559
1791237600000,774.9815,775.4,774.9582,775.1887,19078229.561411123
1791238500000,775.23,775.3399,775.14,775.2877,14553033.1528508098743217
1791239400000,775.269,775.269,774.89,774.9095,1802188.413884192
1791240300000,774.9207,775,774.84,774.9735,4052355.69930812953506468
1791241200000,774.9392,775.1544,774.8597,775.13,2333525.600874911
1791242100000,775.13,775.29,775.081,775.1764,2228586.534113793
1791243000000,775.1412,775.2605,775.09,775.18,1801765.31326846926512432
1791243900000,775.1885,775.1885,774.9,774.9195,2975693.303765701
1791244800000,774.92,775.27,774.72,775.09,2692523.61
1791245700000,775.22,775.44,775.12,775.2,1924350.25
1791246600000,775.17,775.49,775.09,775.23,2207237.06
1791247500000,775.25,775.56,775.25,775.56,2952007.53
1791248400000,775.56,775.75,775.51,775.59,1976957.64
1791249300000,775.58,775.58,775.16,775.38,2485690.37
1791250200000,775.39,775.43,775.11,775.28,3024118.56
1791251100000,775.2,775.29,775.16,775.17,1175226.58
1791252000000,775.25,775.25,775.04,775.07,1461003.31
1791252900000,775.15,775.29,775.15,775.17,871323.19
1791253800000,775.18,775.22,774.95,775.1,1458729.64
1791254700000,775.17,775.23,775.1,775.17,706180.85
1791255600000,775.19,775.43,775.18,775.37,3027628.36
1791256500000,775.38,775.54,775.32,775.41,656787.68
1791257400000,775.33,775.42,775.25,775.36,792398.35
1791258300000,775.36,775.36,775.25,775.27,506296.13
1791259200000,775.32,775.57,775.29,775.38,802569.99
1791260100000,775.39,775.56,775.3,775.39,714205.84
1791261000000,775.33,775.39,775.25,775.31,334934.42
1791261900000,775.26,775.37,775.16,775.22,291504.5
1791262800000,775.21,775.45,775.21,775.38,342709.31
1791263700000,775.39,775.47,775.22,775.3,2001122.42
1791264600000,775.35,775.44,775.29,775.32,993244.68
1791265500000,775.37,775.56,775.37,775.55,151991.12
1791266400000,775.61,775.63,775.4,775.56,3814774.22
1791267300000,775.66,776.13,775.64,775.96,4096058.69
1791268200000,775.98,776.15,775.88,776.07,2182195.01
1791269100000,776.15,776.24,776.06,776.09,1397040.58
1791270000000,776.02,776.24,775.48,776.24,2446283.46
1791270900000,776.2,776.3,776.01,776.01,1739545.92
1791271800000,775.87,776.25,775.66,776.25,3284660.72
1791272700000,776.25,776.25,776.02,776.08,717180.75
1791273600000,776.05,776.47,774.83,776.2697,6396201.9642836185
1791274500000,776.259,776.4605,776.1392,776.1912,1999632.406050614
1791275400000,776.1612,776.57,776.0912,776.5592,2478535.739447615
1791276300000,776.5487,776.58,776.3692,776.3692,2888866.7310036127670473
1791277200000,776.36,776.66,776.0995,776.271,12667644.4067850144765667
1791278100000,776.31,776.5687,776.2712,776.5307,3062750.9816912752
1791279000000,776.551,776.74,776.4195,776.4612,1862021.5713336224
1791279900000,776.471,776.5807,776.225,776.225,1403476.781597627
1791280800000,776.24,776.3415,775.8795,776.255,2581633.9860842072
1791281700000,776.2202,776.5312,776.1292,776.4695,2623947.80461216493421262
1791282600000,776.4692,776.85,776.3992,776.7995,4104905.959327266
1791283500000,776.801,776.9,776.6995,776.729,5048142.8912378847884222
1791284400000,776.7,777.39,774.83,777.38,18002837.7918197053695499
1791285300000,777.3412,778.075,777.3412,777.5536,36585769.425303789
1791286200000,777.5792,778.046,777.4895,778.0384,24316186.6119384631
1791287100000,778.025,778.45,778.0146,778.39,17846214.4678246874
1791288000000,778.38,778.5065,778.101,778.46,51679883.7465943112
1791288900000,778.46,778.585,777.83,777.86,6996130.1917813545
1791289800000,777.872,777.872,777.5,777.6192,15832381.411239918088413
1791290700000,777.6092,778.0007,774.83,777.8197,23254820.8991524151328408
1791291600000,777.79,778.23,777.72,777.99,53160509.202514199580023
1791292500000,777.9777,778.29,777.73,778.1195,34001222.4955879256
1791293400000,778.15,778.78,777.96,778.65,1346003066.1542
1791294300000,778.65,779.97,778.43,779.8,1149752578.7227727881
1791295200000,779.79,780.67,779.66,780.035,1165133292.2437
1791296100000,780.04,780.3475,778.845,778.845,1183472351.9784642024
1791297000000,778.85,780.25,778.565,780.215,874583210.3468
1791297900000,780.2164,780.5,779.685,780.4195,689779873.3324
1791298800000,780.42,781.185,780.38,781.14,511966740.0356
1791299700000,781.16,781.62,781.11,781.34,863821047.6063005379
1791300600000,781.34,781.5,781.01,781.185,689648544.9804650549
1791301500000,781.185,781.3,780.8703,781.1,554550651.3528856272
1791302400000,781.11,781.25,780.71,781.02,502261708.6432
1791303300000,781.02,781.02,780.24,780.29,529569780.6656160416
1791304200000,780.32,780.55,780.04,780.3839,411200723.035767862
1791305100000,780.4,780.47,779.86,780.0214,645853035.5710738908
1791306000000,780.0201,780.1,779.5,779.6001,516730703.4647791838
1791306900000,779.61,779.76,778.9,779.7,718840712.6772357608
1791307800000,779.72,780.08,779.538,779.9,437704786.631568646
1791308700000,779.885,780.19,779.5762,779.82,296832708.794503697599672
1791309600000,779.85,780.349,779.79,780.195,552836582.4190290281
1791310500000,780.195,780.25,779.74,779.8,607356061.8913
1791311400000,779.79,780.0095,779.64,779.83,1255699063.7396200405
1791312300000,779.835,780.16,779.77,780.0901,360128364.2436668652
1791313200000,780.09,780.29,779.7297,779.88,649391062.51357145099705
1791314100000,779.88,780.0299,779.615,779.71,565355495.5017378367
1791315000000,779.705,779.8499,779.44,779.56,883423438.5714463689
1791315900000,779.55,779.66,779.02,779.09,2896916928.4281
1791316800000,779.16,779.5102,779.09,779.4177,1722633117.23999330687754
1791317700000,779.4,779.65,779.09,779.59,25027162.7991968642
1791318600000,779.5948,779.5948,779.42,779.5497,106540709.9415926408
1791319500000,779.5202,779.89,779.5202,779.88,21697704.9274540208
1791320400000,779.87,779.87,779.7001,779.8,100723838.6909552508
1791321300000,779.83,779.8502,779.7001,779.7284,99230783.5614274849
1791322200000,779.73,779.88,779.68,779.7508,6417485.9847279450202717
1791323100000,779.8051,779.88,779.09,779.8401,196345557.5498307882
1791324000000,779.88,780.1,779.82,780.06,14085201.7222879844
1791324900000,780.05,780.1353,779.92,779.9502,7082049.5400260288
1791325800000,779.8947,779.98,779.8085,779.94,2097063.8211156755
1791326700000,779.9354,780.0315,779.87,779.92,1379038.978437647
1791327600000,779.9199,780,779.8501,779.9553,1211353.446685324
1791328500000,779.95,780.11,779.9429,780.0561,2807191.2180723514
1791329400000,780.031,780.0623,779.85,779.9085,4692217.3060664086
1791330300000,779.9085,780.01,779.8507,779.8895,8550606.9581414290779897
1791331200000,779.88,780.18,779.88,780.18,5235810.04
1791332100000,780.17,780.26,780.13,780.17,4052243.26
1791333000000,780.17,780.28,780.11,780.25,1192930.41
1791333900000,780.3,780.3,779.96,780.14,1340246.64
1791334800000,780.19,780.19,779.99,780.1,1486094.18
1791335700000,780.09,780.12,780,780.01,1562426.96
1791336600000,780.06,780.25,780.06,780.15,769253.38
1791337500000,780.11,780.13,779.91,779.93,1243337.58
1791338400000,779.93,779.95,779.46,779.52,3792837.69
1791339300000,779.52,779.66,779.41,779.63,2125745.58
1791340200000,779.63,779.79,779.59,779.61,364121.91
1791341100000,779.68,779.81,779.62,779.64,1352035.23
1791342000000,779.63,779.81,779.49,779.55,1911645.53
1791342900000,779.55,779.83,779.54,779.81,1788707.37
1791343800000,779.77,779.84,779.7,779.81,1293634.09
1791344700000,779.77,779.97,779.77,779.87,520970.29
1791345600000,779.9,779.9,779.82,779.88,224604.09
1791346500000,779.93,779.96,779.8,779.87,417239.88
1791347400000,779.9,779.9,779.72,779.77,722112.69
1791348300000,779.8,779.88,779.75,779.82,722130.47
1791349200000,779.82,779.91,779.69,779.7,444490.47
1791350100000,779.69,779.75,779.52,779.75,1034536.3
1791351000000,779.71,779.78,779.59,779.68,345384.3
1791351900000,779.8,779.83,779.57,779.57,1921817.2
1791352800000,779.62,779.65,779.26,779.29,987473.88
1791353700000,779.33,779.45,779.21,779.42,542398
1791354600000,779.42,779.5,779.3,779.38,1341326.83
1791355500000,779.37,779.37,779.15,779.2,468300.07
1791356400000,779.19,779.42,779.14,779.3,1955321.36
1791357300000,779.26,779.28,779.01,779.2,1210002.11
1791358200000,779,779.21,778.94,779.21,575682.03
1791359100000,779.21,779.27,778.66,778.96,1380898.5
1791360000000,779.208,779.97,778.7,779.289,6571225.5168305211
1791360900000,779.301,779.6107,779.209,779.3487,2474074.6824427257
1791361800000,779.349,779.5687,779.189,779.4612,1483174.3774118781779374
1791362700000,779.501,779.5281,779.3207,779.3388,3465963.3658449136
1791363600000,779.3498,779.3498,778.7992,778.94,5401704.5410966254
1791364500000,778.9392,778.9392,778.47,778.6895,8693833.454809625557264
1791365400000,778.66,778.679,778.189,778.25,2962281.2620944967664418
1791366300000,778.2605,778.33,777.8,778.2605,10709200.0682447650217798
1791367200000,778.31,778.5812,778.1392,778.2397,13207970.971587076
1791368100000,778.2507,778.255,777.8692,777.8692,2914184.1557727172334171
1791369000000,777.8595,777.879,777.5192,777.5192,10106487.8388642101
1791369900000,777.4997,777.5388,777.03,777.3392,18844816.0128607706
1791370800000,777.36,779.09,776.685,776.9907,41394787.5635580574
1791371700000,777.0107,777.0361,776.17,776.3182,62797023.49560823176616
1791372600000,776.3085,776.3233,775.62,775.96,39012913.023488009360574
1791373500000,775.94,776.5507,775.59,776.379,73823777.995274477257129
1791374400000,776.3792,776.4891,776.169,776.3692,39162943.384890129
1791375300000,776.36,776.596,775.28,775.59,21210449.9757332687525504
1791376200000,775.5497,776.3202,775.5395,776.0007,27696493.5352254248
1791377100000,776.01,779.09,775.7277,776.1405,62623052.8650468127
1791378000000,776.1719,776.291,775.8897,775.9729,39112839.938942516
1791378900000,775.98,776.157,775.3995,775.6987,23433723.3184716938
1791379800000,775.745,776.15,774.2538,774.64,1512173543.7979
1791380700000,774.6625,775.12,774.1,774.785,1084493560.9350821577
1791381600000,774.76,774.815,774.03,774.31,574958576.82590787685471
1791382500000,774.3266,774.99,774.05,774.4401,571613048.92889896716121
1791383400000,774.46,774.82,773.88,773.88,458619933.191775086690444
1791384300000,773.89,774.47,773.61,774.36,676699767.3562530114
1791385200000,774.38,775.28,773.7701,774.83,453913213.4164018826
1791386100000,774.83,775.185,774.42,774.72,454316630.783404860743925
1791387000000,774.75,776.085,774.7,775.9611,571361366.689026424
1791387900000,775.98,776.6,775.94,776.34,496153774.6973
1791388800000,776.34,776.65,775.799,776.61,325183814.612
1791389700000,776.6001,776.905,776.38,776.68,272839747.1538699354
1791390600000,776.67,776.8501,776.27,776.46,313022168.3368207934
1791391500000,776.48,776.88,776.2146,776.35,263592656.8100699532
1791392400000,776.34,777.4,776.12,777.309,579308998.6093129468
1791393300000,777.3,777.7,777.01,777.315,478832250.322948851
1791394200000,777.3088,777.52,777.13,777.42,461684202.546913522
1791395100000,777.41,777.74,777.09,777.31,167558266.7723339712
1791396000000,777.29,777.78,776.9201,777.38,552606198.1131814733
1791396900000,777.4,777.6699,777.26,777.54,342111583.347341043748142
1791397800000,777.54,777.72,777.1,777.48,937919250.4335124
1791398700000,777.5,779.1021,777.36,777.65,1029092017.4552270592
1791399600000,777.66,777.92,777.04,777.2,606957411.41044548604177
1791400500000,777.22,777.325,776.93,777.04,304429081.424750074243382
1791401400000,777.02,777.3,776.791,777.2399,585298468.2846
1791402300000,777.235,777.61,776.81,777.22,2106573733.4512666176
1791403200000,777.17,777.5,777.02,777.309,1774490536.5798154839
1791404100000,777.3,777.31,776.9625,777.0917,162456885.12278903945658
1791405000000,777.0975,777.13,776.8183,777.0807,461358761.85328899
1791405900000,777.11,777.11,776.9367,777.05,13511827.3475492388
1791406800000,777.09,777.09,776.61,776.99,38698248.404315048230251
1791407700000,776.9683,777.0899,776.9525,776.96,87016212.6371064084
1791408600000,777.02,777.1992,776.922,777.19,6279114.5175804069770858
1791409500000,777.11,777.2,777.0762,777.1599,11765545.6275379006228354
1791410400000,777.1113,777.54,777.1101,777.3809,10833480.8445690739093432
1791411300000,777.44,777.46,777.2501,777.43,4387668.6592411143773808
1791412200000,777.4,777.51,777.201,777.3976,1779391.9380152195
1791413100000,777.39,777.45,777.2501,777.3374,783781.3325980535222613
1791414000000,777.3382,777.6205,777.2968,777.6093,2375627.0467253224
1791414900000,777.6212,777.7882,777.61,777.61,1314940.6408332974444625
1791415800000,777.65,777.7995,773.9218,777.72,2668889.781336817
1791416700000,777.7487,777.7487,777.2293,777.32,5086800.8503819444
1791417600000,777.13,777.35,777.05,777.15,3426152.2
1791418500000,777.11,777.24,776.85,776.85,2056800.44
1791419400000,776.86,776.97,776.7,776.7,2492895.19
1791420300000,776.7,777,776.7,776.88,2446375.32
1791421200000,776.85,777.21,776.8,776.86,1632429.2
1791422100000,776.79,777.34,776.78,777.34,1364534.62
1791423000000,777.26,777.75,777.15,777.66,940138.12
1791423900000,777.61,777.7,777.51,777.67,1325792.43
1791424800000,777.66,777.69,777.53,777.57,1020289.45
1791425700000,777.6,777.74,777.5,777.6,782274.24
1791426600000,777.59,777.86,777.37,777.5,988489.8
1791427500000,777.52,777.52,777.13,777.21,874454.12
1791428400000,777.28,777.31,776.85,776.89,900581.63
1791429300000,776.88,777.13,776.75,777.08,3052749.16
1791430200000,777.12,777.16,776.86,776.92,793310.76
1791431100000,776.93,777.07,776.76,776.81,2823819.11
1791432000000,776.79,776.96,776.76,776.8,919802.2
1791432900000,776.8,777.05,776.61,777.04,2781292.4
1791433800000,777.02,777.08,776.9,777.08,940185.36
1791434700000,777.09,777.25,777.02,777.12,552535.05
1791435600000,777.05,777.35,776.9,777.23,979897.71
1791436500000,777.26,777.33,777.02,777.02,922460.55
1791437400000,777,777.23,776.68,776.68,639518.28
1791438300000,776.68,776.85,776.16,776.16,1452073.82
1791439200000,776.16,776.59,776.1,776.1,548103.23
1791440100000,776.17,776.19,775.67,775.69,2211261.91
1791441000000,775.82,775.82,775.25,775.37,2774919.48
1791441900000,775.34,775.38,774.98,775.23,1616183.3
1791442800000,775.03,775.08,774.15,774.5,3469523.53
1791443700000,774.56,775.3,774.42,775.04,3651720.99
1791444600000,774.91,775.02,774.68,774.87,1408665.01
1791445500000,774.97,775.02,774.46,774.46,928246.43
1791446400000,774.4125,777.32,774.2,775.2707,13970457.3235
1791447300000,775.2702,775.57,775.0587,775.4612,6424793.4204632228
1791448200000,775.439,775.8307,774.7492,774.9207,8634348.1783485492753829
1791449100000,774.8827,774.991,774.3995,774.3995,4353542.7402963994252762
1791450000000,774.4481,775.0907,774.325,774.6192,4832671.6132108354
1791450900000,774.5992,774.631,774.1692,774.5195,11881745.846612226
1791451800000,774.5097,774.8607,774.24,774.341,10745530.2895638396
1791452700000,774.371,774.401,774.0556,774.18,6648141.0454080056258208
1791453600000,774.2494,774.38,774.1015,774.249,2921777.437560068
1791454500000,774.2321,774.2807,772.87,772.9692,7636175.1200772506
1791455400000,772.9395,773.15,772.43,773.15,16705145.7437795924
1791456300000,773.14,773.2805,772.89,773.2103,4603836.8270702948
1791457200000,773.24,777.22,772.7669,772.945,24648846.664247312680973
1791458100000,772.9,773.7202,772.895,773.599,37268949.40550824626794
1791459000000,773.66,774.1,773.1493,773.7595,55198864.778606771233811
1791459900000,773.7497,774.1362,773.55,773.9,26320327.8355060112
1791460800000,773.8899,774.575,773.78,774.19,20405842.0716717988227863
1791461700000,774.1792,774.6881,773.8792,774.6881,27999769.8055122735
1791462600000,774.64,774.64,773.8892,774.0397,26561543.2072207174
1791463500000,774.07,777.22,773.8062,774.2805,28650299.2033843041
1791464400000,774.29,774.91,774.17,774.8005,37210112.137988564901332
1791465300000,774.7892,775.2801,774.6395,774.88,65737747.2869688783
1791466200000,774.86,775.3299,774.45,774.62,1609421056.82755017315179
1791467100000,774.64,775.74,774.59,775.3187,642499062.969888189152388
1791468000000,775.28,776.0599,775.14,775.86,443955079.8222
1791468900000,775.845,776.55,775.71,776.44,751629594.9274336167
1791469800000,776.46,776.555,775.83,775.92,552204173.6582908229
1791470700000,775.9303,776.07,774.82,775.35,498472573.797997070412055
1791471600000,775.32,775.38,774.47,774.47,383386485.6089
1791472500000,774.47,774.83,774.2303,774.66,597827040.8693
1791473400000,774.665,774.72,774.18,774.52,392121037.164825420925355
1791474300000,774.51,774.7299,774.15,774.41,423308021.0385818
1791475200000,774.36,774.93,774.17,774.71,245912883.740555789
1791476100000,774.7099,777.09,774.62,775.44,1285292742.774282562
1791477000000,775.4472,775.75,774.69,774.85,418403968.2986652849
1791477900000,774.81,775,772.485,773.14,2520470353.0978449525
1791478800000,773.12,773.34,771.8,773.1105,1556183797.29387992387514
1791479700000,773.14,773.47,770.435,771.08,1220017445.3958936887
1791480600000,771.11,772.78,770.87,772.55,915285778.5372441162
1791481500000,772.545,772.83,771.265,771.92,922908020.1889
1791482400000,771.945,772.7299,771.41,772.65,803595821.6800626744
1791483300000,772.66,773.8,772.63,773.35,630748146.722996827311539
1791484200000,773.3075,773.31,772.52,772.8,659899560.1696243674
1791485100000,772.79,773.28,772.67,772.88,344607977.5736
1791486000000,772.875,773.17,772.3,772.98,512888968.923
1791486900000,772.96,773.92,772.6779,773.39,782203113.5473850481
1791487800000,773.452,773.52,772.94,773.36,818381038.1174229408
1791488700000,773.35,774.08,773.08,773.93,2443187550.4390767463
1791489600000,773.91,774.57,773.7661,774.3325,3297739674.200736376
1791490500000,774.33,775.55,773.93,774.0745,1393787214.39576262523944
1791491400000,774.0959,774.27,773.97,773.97,51730072.3323962569
1791492300000,773.97,774.39,773.948,774.33,820919133.7279802077
1791493200000,774.1,774.45,774.1,774.31,10730568.1698230614
1791494100000,774.3387,774.34,773.9701,773.9875,22798824.7188011772
1791495000000,773.9895,773.99,773.86,773.93,29902895.32100054309592
1791495900000,773.9264,774.07,773.9,773.9636,17143052.9576771026521326
1791496800000,774.12,774.41,773.8199,774.4,92856972.533479150882196
1791497700000,774.4102,774.77,774.4102,774.73,4552325.8418709113254339
1791498600000,774.75,774.9918,774.7295,774.7465,10999794.834772273549738
1791499500000,774.71,774.7737,774.579,774.68,7087981.7579703465253437
1791500400000,774.6497,774.6987,774.5485,774.624,5053106.233551942387292
1791501300000,774.6251,774.829,774.43,774.4665,5039268.9794512832
1791502200000,774.45,774.65,774.34,774.3724,3459580.8501285637676418
1791503100000,774.4187,774.471,774.0397,774.4707,6355767.1281075400257506
1791504000000,774.77,775.24,774.52,775.08,3290191.47
1791504900000,774.97,775.18,774.9,775.17,2024473.08
1791505800000,775.19,775.64,775.17,775.56,1463284.16
1791506700000,775.59,775.74,775.2,775.23,2172275.08
1791507600000,775.26,775.29,775.04,775.06,1220832.91
1791508500000,775.18,775.43,774.9,775.14,592155.09
1791509400000,775.18,775.69,774.85,775.64,938884.39
1791510300000,775.68,775.85,775.6,775.85,578675.28
1791511200000,775.88,776.03,775.77,775.9,1508415.4
1791512100000,775.76,776.14,775.63,776.1,1428602.03
1791513000000,775.99,776.13,775.87,776.12,280912.9
1791513900000,776.13,776.28,776.08,776.19,488226.14
1791514800000,776.19,776.19,775.6,775.68,500395.94
1791515700000,775.67,776.09,775.67,775.98,520635.28
1791516600000,775.9,776.12,775.9,776.05,387224.39
1791517500000,776,776.35,776,776.34,1441305.74
1791518400000,776.33,776.53,776.33,776.5,1555166.98
1791519300000,776.47,776.48,776.3,776.4,548941.33
1791520200000,776.35,776.57,776.35,776.43,477509.06
1791521100000,776.31,776.35,775.99,776.29,852275.12
1791522000000,776.32,776.42,776.1,776.1,134299.65
1791522900000,776.18,776.51,776.12,776.48,249966.66
1791523800000,776.53,776.66,776.51,776.66,669404.77
1791524700000,776.67,776.69,776.35,776.35,1393798.46
1791525600000,776.47,776.47,775.99,776.01,477277.78
1791526500000,776.07,776.12,775.68,775.88,1516255.85
1791527400000,776,776.62,775.9,776.54,951182.52
1791528300000,776.55,776.71,776.31,776.35,729131.29
1791529200000,776.38,776.76,776.3,776.58,2363607.51
1791530100000,776.51,776.98,776.51,776.83,2729426.03
1791531000000,776.83,776.87,776.65,776.83,420975.77
1791531900000,776.7,777.14,776.7,777.08,1717742.95
1791532800000,777.2575,777.2575,773.93,777.041,14882092.7105
1791533700000,777.059,777.4907,777.0292,777.2195,13119497.2228736829
1791534600000,777.1995,777.47,777.0992,777.4605,4344361.2757568365
1791535500000,777.4705,777.6905,777.3892,777.3892,10299156.8827236476
1791536400000,777.39,777.4507,777.2395,777.4192,3856767.18921620426679197
1791537300000,777.41,777.76,777.2497,777.6292,2995810.19151588
1791538200000,777.6095,777.6095,777.1495,777.169,2122613.15785484
1791539100000,777.149,777.25,777.0292,777.1395,3850538.9640338642
1791540000000,777.14,777.26,777.0407,777.1107,4425297.7377904996
1791540900000,777.1092,777.1607,776.849,776.8807,4730265.26047036982229023
1791541800000,776.8692,776.87,776.4095,776.5595,29404587.5288561658
1791542700000,776.571,777.2012,776.4,776.96,30187300.5867577869
1791543600000,776.9316,777.2805,773.93,776.772,36856340.8368674164918516
1791544500000,776.7687,777.375,776.7492,777.3492,4687941.2721094777770305
1791545400000,777.339,777.3607,776.93,777.2102,7032029.8004565
1791546300000,777.2207,777.57,777.0895,777.5305,63560600.282477692627316
1791547200000,777.5095,777.78,776.8892,776.901,69137165.095189885947828
1791548100000,776.9115,777.1708,776.8192,777.0143,8330457.3410860304
1791549000000,777.0405,777.1991,776.2209,776.2395,20220431.4540744526
1791549900000,776.2395,776.5881,773.93,776.5607,32370963.3049206756
1791550800000,776.5805,776.9,776.42,776.681,33072267.5561362504403406
1791551700000,776.68,776.869,776.2205,776.2792,45489245.24883202481163585
1791552600000,776.24,776.84,775.35,775.6,987860516.44796950276147
1791553500000,775.595,776.08,775.14,776.06,642705939.8477976666
1791554400000,776.04,776.295,775.48,776.19,378837290.9887
1791555300000,776.21,776.75,776.15,776.57,540835447.20441519
1791556200000,776.57,776.67,775.96,776.2525,422710950.222134142
1791557100000,776.24,777.57,776.19,777.32,683957148.8071907902
1791558000000,777.33,777.52,776.535,777.1501,510219035.300979554511752
1791558900000,777.15,777.8,777.08,777.08,426445175.8603
1791559800000,777.0874,777.33,776.701,777.19,356952291.1110977725
1791560700000,777.2,777.57,776.86,777.2702,312712444.0688844524
1791561600000,777.31,777.73,776.83,777.655,278084878.8619
1791562500000,777.665,778.1,777.65,777.99,379910164.718
1791563400000,778.0197,778.23,777.85,777.9969,325156893.0787825487
1791564300000,778.01,778.7,778.005,778.22,493199355.6647
1791565200000,778.22,778.44,777.9,777.975,421661812.9897264927
1791566100000,777.975,778.09,777.7172,778.04,235259696.8948680452
1791567000000,778.04,778.225,777.85,778.105,200481303.982770225
1791567900000,778.13,778.42,778,778.37,234542868.63452897943702
1791568800000,778.37,778.61,778.1,778.4701,358382515.9134020163
1791569700000,778.48,778.78,778.42,778.62,199880167.705501922785334
1791570600000,778.615,778.66,778.38,778.46,229109364.2126628393
1791571500000,778.45,779.42,778.42,778.95,703312097.228354359
